[2026-06-23T02:46:56.352+0000] {processor.py:161} INFO - Started process (PID=73) to work on /home/airflow/.local/lib/python3.12/site-packages/airflow/example_dags/example_datasets.py
[2026-06-23T02:46:56.354+0000] {processor.py:830} INFO - Processing file /home/airflow/.local/lib/python3.12/site-packages/airflow/example_dags/example_datasets.py for tasks to queue
[2026-06-23T02:46:56.358+0000] {logging_mixin.py:188} INFO - [2026-06-23T02:46:56.357+0000] {dagbag.py:545} INFO - Filling up the DagBag from /home/airflow/.local/lib/python3.12/site-packages/airflow/example_dags/example_datasets.py
[2026-06-23T02:46:56.399+0000] {processor.py:840} INFO - DAG(s) 'conditional_dataset_and_time_based_timetable', 'dataset_consumes_1_never_scheduled', 'dataset_consumes_unknown_never_scheduled', 'consume_1_or_both_2_and_3_with_dataset_expressions', 'dataset_consumes_1_and_2', 'dataset_produces_2', 'consume_1_or_2_with_dataset_expressions', 'dataset_consumes_1', 'dataset_produces_1', 'consume_1_and_2_with_dataset_expressions' retrieved from /home/airflow/.local/lib/python3.12/site-packages/airflow/example_dags/example_datasets.py
[2026-06-23T02:46:56.843+0000] {logging_mixin.py:188} INFO - [2026-06-23T02:46:56.843+0000] {dag.py:3096} INFO - Sync 10 DAGs
[2026-06-23T02:46:56.900+0000] {logging_mixin.py:188} INFO - [2026-06-23T02:46:56.899+0000] {dag.py:3954} INFO - Setting next_dagrun for conditional_dataset_and_time_based_timetable to 2026-06-17 01:00:00+00:00, run_after=2026-06-17 01:00:00+00:00
[2026-06-23T02:46:56.908+0000] {logging_mixin.py:188} INFO - [2026-06-23T02:46:56.908+0000] {dag.py:3954} INFO - Setting next_dagrun for consume_1_and_2_with_dataset_expressions to None, run_after=None
[2026-06-23T02:46:56.912+0000] {logging_mixin.py:188} INFO - [2026-06-23T02:46:56.911+0000] {dag.py:3954} INFO - Setting next_dagrun for consume_1_or_2_with_dataset_expressions to None, run_after=None
[2026-06-23T02:46:56.915+0000] {logging_mixin.py:188} INFO - [2026-06-23T02:46:56.915+0000] {dag.py:3954} INFO - Setting next_dagrun for consume_1_or_both_2_and_3_with_dataset_expressions to None, run_after=None
[2026-06-23T02:46:56.919+0000] {logging_mixin.py:188} INFO - [2026-06-23T02:46:56.918+0000] {dag.py:3954} INFO - Setting next_dagrun for dataset_consumes_1 to None, run_after=None
[2026-06-23T02:46:56.923+0000] {logging_mixin.py:188} INFO - [2026-06-23T02:46:56.923+0000] {dag.py:3954} INFO - Setting next_dagrun for dataset_consumes_1_and_2 to None, run_after=None
[2026-06-23T02:46:56.927+0000] {logging_mixin.py:188} INFO - [2026-06-23T02:46:56.927+0000] {dag.py:3954} INFO - Setting next_dagrun for dataset_consumes_1_never_scheduled to None, run_after=None
[2026-06-23T02:46:56.930+0000] {logging_mixin.py:188} INFO - [2026-06-23T02:46:56.930+0000] {dag.py:3954} INFO - Setting next_dagrun for dataset_consumes_unknown_never_scheduled to None, run_after=None
[2026-06-23T02:46:56.935+0000] {logging_mixin.py:188} INFO - [2026-06-23T02:46:56.934+0000] {dag.py:3954} INFO - Setting next_dagrun for dataset_produces_1 to 2026-06-22 00:00:00+00:00, run_after=2026-06-23 00:00:00+00:00
[2026-06-23T02:46:56.938+0000] {logging_mixin.py:188} INFO - [2026-06-23T02:46:56.938+0000] {dag.py:3954} INFO - Setting next_dagrun for dataset_produces_2 to None, run_after=None
[2026-06-23T02:46:57.018+0000] {processor.py:183} INFO - Processing /home/airflow/.local/lib/python3.12/site-packages/airflow/example_dags/example_datasets.py took 0.677 seconds
[2026-06-23T02:47:27.160+0000] {processor.py:161} INFO - Started process (PID=138) to work on /home/airflow/.local/lib/python3.12/site-packages/airflow/example_dags/example_datasets.py
[2026-06-23T02:47:27.162+0000] {processor.py:830} INFO - Processing file /home/airflow/.local/lib/python3.12/site-packages/airflow/example_dags/example_datasets.py for tasks to queue
[2026-06-23T02:47:27.165+0000] {logging_mixin.py:188} INFO - [2026-06-23T02:47:27.164+0000] {dagbag.py:545} INFO - Filling up the DagBag from /home/airflow/.local/lib/python3.12/site-packages/airflow/example_dags/example_datasets.py
[2026-06-23T02:47:27.191+0000] {processor.py:840} INFO - DAG(s) 'dataset_produces_2', 'consume_1_and_2_with_dataset_expressions', 'consume_1_or_both_2_and_3_with_dataset_expressions', 'conditional_dataset_and_time_based_timetable', 'consume_1_or_2_with_dataset_expressions', 'dataset_consumes_1_never_scheduled', 'dataset_consumes_unknown_never_scheduled', 'dataset_produces_1', 'dataset_consumes_1', 'dataset_consumes_1_and_2' retrieved from /home/airflow/.local/lib/python3.12/site-packages/airflow/example_dags/example_datasets.py
[2026-06-23T02:47:27.283+0000] {logging_mixin.py:188} INFO - [2026-06-23T02:47:27.282+0000] {dag.py:3096} INFO - Sync 10 DAGs
[2026-06-23T02:47:27.322+0000] {logging_mixin.py:188} INFO - [2026-06-23T02:47:27.322+0000] {dag.py:3954} INFO - Setting next_dagrun for conditional_dataset_and_time_based_timetable to 2026-06-17 01:00:00+00:00, run_after=2026-06-17 01:00:00+00:00
[2026-06-23T02:47:27.328+0000] {logging_mixin.py:188} INFO - [2026-06-23T02:47:27.328+0000] {dag.py:3954} INFO - Setting next_dagrun for consume_1_and_2_with_dataset_expressions to None, run_after=None
[2026-06-23T02:47:27.331+0000] {logging_mixin.py:188} INFO - [2026-06-23T02:47:27.331+0000] {dag.py:3954} INFO - Setting next_dagrun for consume_1_or_2_with_dataset_expressions to None, run_after=None
[2026-06-23T02:47:27.335+0000] {logging_mixin.py:188} INFO - [2026-06-23T02:47:27.334+0000] {dag.py:3954} INFO - Setting next_dagrun for consume_1_or_both_2_and_3_with_dataset_expressions to None, run_after=None
[2026-06-23T02:47:27.337+0000] {logging_mixin.py:188} INFO - [2026-06-23T02:47:27.337+0000] {dag.py:3954} INFO - Setting next_dagrun for dataset_consumes_1 to None, run_after=None
[2026-06-23T02:47:27.341+0000] {logging_mixin.py:188} INFO - [2026-06-23T02:47:27.340+0000] {dag.py:3954} INFO - Setting next_dagrun for dataset_consumes_1_and_2 to None, run_after=None
[2026-06-23T02:47:27.345+0000] {logging_mixin.py:188} INFO - [2026-06-23T02:47:27.344+0000] {dag.py:3954} INFO - Setting next_dagrun for dataset_consumes_1_never_scheduled to None, run_after=None
[2026-06-23T02:47:27.347+0000] {logging_mixin.py:188} INFO - [2026-06-23T02:47:27.347+0000] {dag.py:3954} INFO - Setting next_dagrun for dataset_consumes_unknown_never_scheduled to None, run_after=None
[2026-06-23T02:47:27.352+0000] {logging_mixin.py:188} INFO - [2026-06-23T02:47:27.352+0000] {dag.py:3954} INFO - Setting next_dagrun for dataset_produces_1 to 2026-06-22 00:00:00+00:00, run_after=2026-06-23 00:00:00+00:00
[2026-06-23T02:47:27.356+0000] {logging_mixin.py:188} INFO - [2026-06-23T02:47:27.355+0000] {dag.py:3954} INFO - Setting next_dagrun for dataset_produces_2 to None, run_after=None
[2026-06-23T02:47:27.438+0000] {processor.py:183} INFO - Processing /home/airflow/.local/lib/python3.12/site-packages/airflow/example_dags/example_datasets.py took 0.286 seconds
[2026-06-23T02:47:57.784+0000] {processor.py:161} INFO - Started process (PID=197) to work on /home/airflow/.local/lib/python3.12/site-packages/airflow/example_dags/example_datasets.py
[2026-06-23T02:47:57.786+0000] {processor.py:830} INFO - Processing file /home/airflow/.local/lib/python3.12/site-packages/airflow/example_dags/example_datasets.py for tasks to queue
[2026-06-23T02:47:57.791+0000] {logging_mixin.py:188} INFO - [2026-06-23T02:47:57.790+0000] {dagbag.py:545} INFO - Filling up the DagBag from /home/airflow/.local/lib/python3.12/site-packages/airflow/example_dags/example_datasets.py
[2026-06-23T02:47:57.815+0000] {processor.py:840} INFO - DAG(s) 'dataset_consumes_1', 'dataset_produces_1', 'consume_1_or_both_2_and_3_with_dataset_expressions', 'dataset_consumes_1_never_scheduled', 'dataset_produces_2', 'conditional_dataset_and_time_based_timetable', 'consume_1_and_2_with_dataset_expressions', 'dataset_consumes_1_and_2', 'dataset_consumes_unknown_never_scheduled', 'consume_1_or_2_with_dataset_expressions' retrieved from /home/airflow/.local/lib/python3.12/site-packages/airflow/example_dags/example_datasets.py
[2026-06-23T02:47:57.928+0000] {logging_mixin.py:188} INFO - [2026-06-23T02:47:57.927+0000] {dag.py:3096} INFO - Sync 10 DAGs
[2026-06-23T02:47:57.966+0000] {logging_mixin.py:188} INFO - [2026-06-23T02:47:57.965+0000] {dag.py:3954} INFO - Setting next_dagrun for conditional_dataset_and_time_based_timetable to 2026-06-17 01:00:00+00:00, run_after=2026-06-17 01:00:00+00:00
[2026-06-23T02:47:57.973+0000] {logging_mixin.py:188} INFO - [2026-06-23T02:47:57.973+0000] {dag.py:3954} INFO - Setting next_dagrun for consume_1_and_2_with_dataset_expressions to None, run_after=None
[2026-06-23T02:47:57.976+0000] {logging_mixin.py:188} INFO - [2026-06-23T02:47:57.976+0000] {dag.py:3954} INFO - Setting next_dagrun for consume_1_or_2_with_dataset_expressions to None, run_after=None
[2026-06-23T02:47:57.979+0000] {logging_mixin.py:188} INFO - [2026-06-23T02:47:57.978+0000] {dag.py:3954} INFO - Setting next_dagrun for consume_1_or_both_2_and_3_with_dataset_expressions to None, run_after=None
[2026-06-23T02:47:57.981+0000] {logging_mixin.py:188} INFO - [2026-06-23T02:47:57.981+0000] {dag.py:3954} INFO - Setting next_dagrun for dataset_consumes_1 to None, run_after=None
[2026-06-23T02:47:57.984+0000] {logging_mixin.py:188} INFO - [2026-06-23T02:47:57.984+0000] {dag.py:3954} INFO - Setting next_dagrun for dataset_consumes_1_and_2 to None, run_after=None
[2026-06-23T02:47:57.988+0000] {logging_mixin.py:188} INFO - [2026-06-23T02:47:57.987+0000] {dag.py:3954} INFO - Setting next_dagrun for dataset_consumes_1_never_scheduled to None, run_after=None
[2026-06-23T02:47:57.991+0000] {logging_mixin.py:188} INFO - [2026-06-23T02:47:57.991+0000] {dag.py:3954} INFO - Setting next_dagrun for dataset_consumes_unknown_never_scheduled to None, run_after=None
[2026-06-23T02:47:57.995+0000] {logging_mixin.py:188} INFO - [2026-06-23T02:47:57.994+0000] {dag.py:3954} INFO - Setting next_dagrun for dataset_produces_1 to 2026-06-22 00:00:00+00:00, run_after=2026-06-23 00:00:00+00:00
[2026-06-23T02:47:57.998+0000] {logging_mixin.py:188} INFO - [2026-06-23T02:47:57.997+0000] {dag.py:3954} INFO - Setting next_dagrun for dataset_produces_2 to None, run_after=None
[2026-06-23T02:47:58.065+0000] {processor.py:183} INFO - Processing /home/airflow/.local/lib/python3.12/site-packages/airflow/example_dags/example_datasets.py took 0.294 seconds
[2026-06-23T02:48:28.329+0000] {processor.py:161} INFO - Started process (PID=257) to work on /home/airflow/.local/lib/python3.12/site-packages/airflow/example_dags/example_datasets.py
[2026-06-23T02:48:28.331+0000] {processor.py:830} INFO - Processing file /home/airflow/.local/lib/python3.12/site-packages/airflow/example_dags/example_datasets.py for tasks to queue
[2026-06-23T02:48:28.335+0000] {logging_mixin.py:188} INFO - [2026-06-23T02:48:28.334+0000] {dagbag.py:545} INFO - Filling up the DagBag from /home/airflow/.local/lib/python3.12/site-packages/airflow/example_dags/example_datasets.py
[2026-06-23T02:48:28.369+0000] {processor.py:840} INFO - DAG(s) 'dataset_consumes_1', 'consume_1_or_2_with_dataset_expressions', 'dataset_produces_1', 'consume_1_and_2_with_dataset_expressions', 'consume_1_or_both_2_and_3_with_dataset_expressions', 'conditional_dataset_and_time_based_timetable', 'dataset_consumes_1_never_scheduled', 'dataset_consumes_1_and_2', 'dataset_consumes_unknown_never_scheduled', 'dataset_produces_2' retrieved from /home/airflow/.local/lib/python3.12/site-packages/airflow/example_dags/example_datasets.py
[2026-06-23T02:48:28.481+0000] {logging_mixin.py:188} INFO - [2026-06-23T02:48:28.480+0000] {dag.py:3096} INFO - Sync 10 DAGs
[2026-06-23T02:48:28.554+0000] {logging_mixin.py:188} INFO - [2026-06-23T02:48:28.553+0000] {dag.py:3954} INFO - Setting next_dagrun for conditional_dataset_and_time_based_timetable to 2026-06-17 01:00:00+00:00, run_after=2026-06-17 01:00:00+00:00
[2026-06-23T02:48:28.564+0000] {logging_mixin.py:188} INFO - [2026-06-23T02:48:28.563+0000] {dag.py:3954} INFO - Setting next_dagrun for consume_1_and_2_with_dataset_expressions to None, run_after=None
[2026-06-23T02:48:28.568+0000] {logging_mixin.py:188} INFO - [2026-06-23T02:48:28.567+0000] {dag.py:3954} INFO - Setting next_dagrun for consume_1_or_2_with_dataset_expressions to None, run_after=None
[2026-06-23T02:48:28.572+0000] {logging_mixin.py:188} INFO - [2026-06-23T02:48:28.572+0000] {dag.py:3954} INFO - Setting next_dagrun for consume_1_or_both_2_and_3_with_dataset_expressions to None, run_after=None
[2026-06-23T02:48:28.577+0000] {logging_mixin.py:188} INFO - [2026-06-23T02:48:28.576+0000] {dag.py:3954} INFO - Setting next_dagrun for dataset_consumes_1 to None, run_after=None
[2026-06-23T02:48:28.581+0000] {logging_mixin.py:188} INFO - [2026-06-23T02:48:28.581+0000] {dag.py:3954} INFO - Setting next_dagrun for dataset_consumes_1_and_2 to None, run_after=None
[2026-06-23T02:48:28.585+0000] {logging_mixin.py:188} INFO - [2026-06-23T02:48:28.585+0000] {dag.py:3954} INFO - Setting next_dagrun for dataset_consumes_1_never_scheduled to None, run_after=None
[2026-06-23T02:48:28.590+0000] {logging_mixin.py:188} INFO - [2026-06-23T02:48:28.589+0000] {dag.py:3954} INFO - Setting next_dagrun for dataset_consumes_unknown_never_scheduled to None, run_after=None
[2026-06-23T02:48:28.598+0000] {logging_mixin.py:188} INFO - [2026-06-23T02:48:28.598+0000] {dag.py:3954} INFO - Setting next_dagrun for dataset_produces_1 to 2026-06-22 00:00:00+00:00, run_after=2026-06-23 00:00:00+00:00
[2026-06-23T02:48:28.604+0000] {logging_mixin.py:188} INFO - [2026-06-23T02:48:28.603+0000] {dag.py:3954} INFO - Setting next_dagrun for dataset_produces_2 to None, run_after=None
[2026-06-23T02:48:28.715+0000] {processor.py:183} INFO - Processing /home/airflow/.local/lib/python3.12/site-packages/airflow/example_dags/example_datasets.py took 0.399 seconds
[2026-06-23T02:48:59.069+0000] {processor.py:161} INFO - Started process (PID=317) to work on /home/airflow/.local/lib/python3.12/site-packages/airflow/example_dags/example_datasets.py
[2026-06-23T02:48:59.070+0000] {processor.py:830} INFO - Processing file /home/airflow/.local/lib/python3.12/site-packages/airflow/example_dags/example_datasets.py for tasks to queue
[2026-06-23T02:48:59.074+0000] {logging_mixin.py:188} INFO - [2026-06-23T02:48:59.073+0000] {dagbag.py:545} INFO - Filling up the DagBag from /home/airflow/.local/lib/python3.12/site-packages/airflow/example_dags/example_datasets.py
[2026-06-23T02:48:59.094+0000] {processor.py:840} INFO - DAG(s) 'dataset_consumes_1_and_2', 'dataset_consumes_1', 'dataset_consumes_1_never_scheduled', 'dataset_consumes_unknown_never_scheduled', 'conditional_dataset_and_time_based_timetable', 'consume_1_or_2_with_dataset_expressions', 'dataset_produces_2', 'consume_1_and_2_with_dataset_expressions', 'consume_1_or_both_2_and_3_with_dataset_expressions', 'dataset_produces_1' retrieved from /home/airflow/.local/lib/python3.12/site-packages/airflow/example_dags/example_datasets.py
[2026-06-23T02:48:59.197+0000] {logging_mixin.py:188} INFO - [2026-06-23T02:48:59.196+0000] {dag.py:3096} INFO - Sync 10 DAGs
[2026-06-23T02:48:59.243+0000] {logging_mixin.py:188} INFO - [2026-06-23T02:48:59.243+0000] {dag.py:3954} INFO - Setting next_dagrun for conditional_dataset_and_time_based_timetable to 2026-06-17 01:00:00+00:00, run_after=2026-06-17 01:00:00+00:00
[2026-06-23T02:48:59.252+0000] {logging_mixin.py:188} INFO - [2026-06-23T02:48:59.251+0000] {dag.py:3954} INFO - Setting next_dagrun for consume_1_and_2_with_dataset_expressions to None, run_after=None
[2026-06-23T02:48:59.256+0000] {logging_mixin.py:188} INFO - [2026-06-23T02:48:59.255+0000] {dag.py:3954} INFO - Setting next_dagrun for consume_1_or_2_with_dataset_expressions to None, run_after=None
[2026-06-23T02:48:59.259+0000] {logging_mixin.py:188} INFO - [2026-06-23T02:48:59.258+0000] {dag.py:3954} INFO - Setting next_dagrun for consume_1_or_both_2_and_3_with_dataset_expressions to None, run_after=None
[2026-06-23T02:48:59.262+0000] {logging_mixin.py:188} INFO - [2026-06-23T02:48:59.261+0000] {dag.py:3954} INFO - Setting next_dagrun for dataset_consumes_1 to None, run_after=None
[2026-06-23T02:48:59.265+0000] {logging_mixin.py:188} INFO - [2026-06-23T02:48:59.264+0000] {dag.py:3954} INFO - Setting next_dagrun for dataset_consumes_1_and_2 to None, run_after=None
[2026-06-23T02:48:59.268+0000] {logging_mixin.py:188} INFO - [2026-06-23T02:48:59.267+0000] {dag.py:3954} INFO - Setting next_dagrun for dataset_consumes_1_never_scheduled to None, run_after=None
[2026-06-23T02:48:59.271+0000] {logging_mixin.py:188} INFO - [2026-06-23T02:48:59.270+0000] {dag.py:3954} INFO - Setting next_dagrun for dataset_consumes_unknown_never_scheduled to None, run_after=None
[2026-06-23T02:48:59.276+0000] {logging_mixin.py:188} INFO - [2026-06-23T02:48:59.276+0000] {dag.py:3954} INFO - Setting next_dagrun for dataset_produces_1 to 2026-06-22 00:00:00+00:00, run_after=2026-06-23 00:00:00+00:00
[2026-06-23T02:48:59.280+0000] {logging_mixin.py:188} INFO - [2026-06-23T02:48:59.280+0000] {dag.py:3954} INFO - Setting next_dagrun for dataset_produces_2 to None, run_after=None
[2026-06-23T02:48:59.357+0000] {processor.py:183} INFO - Processing /home/airflow/.local/lib/python3.12/site-packages/airflow/example_dags/example_datasets.py took 0.299 seconds
[2026-06-23T02:49:29.542+0000] {processor.py:161} INFO - Started process (PID=375) to work on /home/airflow/.local/lib/python3.12/site-packages/airflow/example_dags/example_datasets.py
[2026-06-23T02:49:29.544+0000] {processor.py:830} INFO - Processing file /home/airflow/.local/lib/python3.12/site-packages/airflow/example_dags/example_datasets.py for tasks to queue
[2026-06-23T02:49:29.547+0000] {logging_mixin.py:188} INFO - [2026-06-23T02:49:29.547+0000] {dagbag.py:545} INFO - Filling up the DagBag from /home/airflow/.local/lib/python3.12/site-packages/airflow/example_dags/example_datasets.py
[2026-06-23T02:49:29.574+0000] {processor.py:840} INFO - DAG(s) 'dataset_consumes_1_never_scheduled', 'dataset_produces_2', 'conditional_dataset_and_time_based_timetable', 'dataset_consumes_1', 'consume_1_and_2_with_dataset_expressions', 'consume_1_or_both_2_and_3_with_dataset_expressions', 'dataset_consumes_1_and_2', 'dataset_produces_1', 'dataset_consumes_unknown_never_scheduled', 'consume_1_or_2_with_dataset_expressions' retrieved from /home/airflow/.local/lib/python3.12/site-packages/airflow/example_dags/example_datasets.py
[2026-06-23T02:49:29.668+0000] {logging_mixin.py:188} INFO - [2026-06-23T02:49:29.667+0000] {dag.py:3096} INFO - Sync 10 DAGs
[2026-06-23T02:49:29.722+0000] {logging_mixin.py:188} INFO - [2026-06-23T02:49:29.722+0000] {dag.py:3954} INFO - Setting next_dagrun for conditional_dataset_and_time_based_timetable to 2026-06-17 01:00:00+00:00, run_after=2026-06-17 01:00:00+00:00
[2026-06-23T02:49:29.729+0000] {logging_mixin.py:188} INFO - [2026-06-23T02:49:29.728+0000] {dag.py:3954} INFO - Setting next_dagrun for consume_1_and_2_with_dataset_expressions to None, run_after=None
[2026-06-23T02:49:29.732+0000] {logging_mixin.py:188} INFO - [2026-06-23T02:49:29.731+0000] {dag.py:3954} INFO - Setting next_dagrun for consume_1_or_2_with_dataset_expressions to None, run_after=None
[2026-06-23T02:49:29.735+0000] {logging_mixin.py:188} INFO - [2026-06-23T02:49:29.734+0000] {dag.py:3954} INFO - Setting next_dagrun for consume_1_or_both_2_and_3_with_dataset_expressions to None, run_after=None
[2026-06-23T02:49:29.739+0000] {logging_mixin.py:188} INFO - [2026-06-23T02:49:29.738+0000] {dag.py:3954} INFO - Setting next_dagrun for dataset_consumes_1 to None, run_after=None
[2026-06-23T02:49:29.742+0000] {logging_mixin.py:188} INFO - [2026-06-23T02:49:29.741+0000] {dag.py:3954} INFO - Setting next_dagrun for dataset_consumes_1_and_2 to None, run_after=None
[2026-06-23T02:49:29.745+0000] {logging_mixin.py:188} INFO - [2026-06-23T02:49:29.744+0000] {dag.py:3954} INFO - Setting next_dagrun for dataset_consumes_1_never_scheduled to None, run_after=None
[2026-06-23T02:49:29.748+0000] {logging_mixin.py:188} INFO - [2026-06-23T02:49:29.747+0000] {dag.py:3954} INFO - Setting next_dagrun for dataset_consumes_unknown_never_scheduled to None, run_after=None
[2026-06-23T02:49:29.753+0000] {logging_mixin.py:188} INFO - [2026-06-23T02:49:29.752+0000] {dag.py:3954} INFO - Setting next_dagrun for dataset_produces_1 to 2026-06-22 00:00:00+00:00, run_after=2026-06-23 00:00:00+00:00
[2026-06-23T02:49:29.756+0000] {logging_mixin.py:188} INFO - [2026-06-23T02:49:29.756+0000] {dag.py:3954} INFO - Setting next_dagrun for dataset_produces_2 to None, run_after=None
[2026-06-23T02:49:29.834+0000] {processor.py:183} INFO - Processing /home/airflow/.local/lib/python3.12/site-packages/airflow/example_dags/example_datasets.py took 0.306 seconds
[2026-06-23T02:50:00.801+0000] {processor.py:161} INFO - Started process (PID=437) to work on /home/airflow/.local/lib/python3.12/site-packages/airflow/example_dags/example_datasets.py
[2026-06-23T02:50:00.804+0000] {processor.py:830} INFO - Processing file /home/airflow/.local/lib/python3.12/site-packages/airflow/example_dags/example_datasets.py for tasks to queue
[2026-06-23T02:50:00.810+0000] {logging_mixin.py:188} INFO - [2026-06-23T02:50:00.809+0000] {dagbag.py:545} INFO - Filling up the DagBag from /home/airflow/.local/lib/python3.12/site-packages/airflow/example_dags/example_datasets.py
[2026-06-23T02:50:00.848+0000] {processor.py:840} INFO - DAG(s) 'consume_1_or_2_with_dataset_expressions', 'dataset_consumes_1_never_scheduled', 'dataset_consumes_unknown_never_scheduled', 'dataset_produces_1', 'consume_1_and_2_with_dataset_expressions', 'dataset_produces_2', 'dataset_consumes_1', 'conditional_dataset_and_time_based_timetable', 'dataset_consumes_1_and_2', 'consume_1_or_both_2_and_3_with_dataset_expressions' retrieved from /home/airflow/.local/lib/python3.12/site-packages/airflow/example_dags/example_datasets.py
[2026-06-23T02:50:01.018+0000] {logging_mixin.py:188} INFO - [2026-06-23T02:50:01.017+0000] {dag.py:3096} INFO - Sync 10 DAGs
[2026-06-23T02:50:01.109+0000] {logging_mixin.py:188} INFO - [2026-06-23T02:50:01.108+0000] {dag.py:3954} INFO - Setting next_dagrun for conditional_dataset_and_time_based_timetable to 2026-06-17 01:00:00+00:00, run_after=2026-06-17 01:00:00+00:00
[2026-06-23T02:50:01.122+0000] {logging_mixin.py:188} INFO - [2026-06-23T02:50:01.121+0000] {dag.py:3954} INFO - Setting next_dagrun for consume_1_and_2_with_dataset_expressions to None, run_after=None
[2026-06-23T02:50:01.127+0000] {logging_mixin.py:188} INFO - [2026-06-23T02:50:01.126+0000] {dag.py:3954} INFO - Setting next_dagrun for consume_1_or_2_with_dataset_expressions to None, run_after=None
[2026-06-23T02:50:01.130+0000] {logging_mixin.py:188} INFO - [2026-06-23T02:50:01.130+0000] {dag.py:3954} INFO - Setting next_dagrun for consume_1_or_both_2_and_3_with_dataset_expressions to None, run_after=None
[2026-06-23T02:50:01.134+0000] {logging_mixin.py:188} INFO - [2026-06-23T02:50:01.133+0000] {dag.py:3954} INFO - Setting next_dagrun for dataset_consumes_1 to None, run_after=None
[2026-06-23T02:50:01.138+0000] {logging_mixin.py:188} INFO - [2026-06-23T02:50:01.137+0000] {dag.py:3954} INFO - Setting next_dagrun for dataset_consumes_1_and_2 to None, run_after=None
[2026-06-23T02:50:01.143+0000] {logging_mixin.py:188} INFO - [2026-06-23T02:50:01.143+0000] {dag.py:3954} INFO - Setting next_dagrun for dataset_consumes_1_never_scheduled to None, run_after=None
[2026-06-23T02:50:01.148+0000] {logging_mixin.py:188} INFO - [2026-06-23T02:50:01.148+0000] {dag.py:3954} INFO - Setting next_dagrun for dataset_consumes_unknown_never_scheduled to None, run_after=None
[2026-06-23T02:50:01.154+0000] {logging_mixin.py:188} INFO - [2026-06-23T02:50:01.153+0000] {dag.py:3954} INFO - Setting next_dagrun for dataset_produces_1 to 2026-06-22 00:00:00+00:00, run_after=2026-06-23 00:00:00+00:00
[2026-06-23T02:50:01.160+0000] {logging_mixin.py:188} INFO - [2026-06-23T02:50:01.159+0000] {dag.py:3954} INFO - Setting next_dagrun for dataset_produces_2 to None, run_after=None
[2026-06-23T02:50:01.238+0000] {processor.py:183} INFO - Processing /home/airflow/.local/lib/python3.12/site-packages/airflow/example_dags/example_datasets.py took 0.457 seconds
[2026-06-23T02:50:32.087+0000] {processor.py:161} INFO - Started process (PID=496) to work on /home/airflow/.local/lib/python3.12/site-packages/airflow/example_dags/example_datasets.py
[2026-06-23T02:50:32.089+0000] {processor.py:830} INFO - Processing file /home/airflow/.local/lib/python3.12/site-packages/airflow/example_dags/example_datasets.py for tasks to queue
[2026-06-23T02:50:32.093+0000] {logging_mixin.py:188} INFO - [2026-06-23T02:50:32.092+0000] {dagbag.py:545} INFO - Filling up the DagBag from /home/airflow/.local/lib/python3.12/site-packages/airflow/example_dags/example_datasets.py
[2026-06-23T02:50:32.120+0000] {processor.py:840} INFO - DAG(s) 'dataset_produces_2', 'consume_1_and_2_with_dataset_expressions', 'dataset_consumes_1', 'dataset_produces_1', 'conditional_dataset_and_time_based_timetable', 'dataset_consumes_1_and_2', 'consume_1_or_both_2_and_3_with_dataset_expressions', 'dataset_consumes_unknown_never_scheduled', 'consume_1_or_2_with_dataset_expressions', 'dataset_consumes_1_never_scheduled' retrieved from /home/airflow/.local/lib/python3.12/site-packages/airflow/example_dags/example_datasets.py
[2026-06-23T02:50:32.237+0000] {logging_mixin.py:188} INFO - [2026-06-23T02:50:32.237+0000] {dag.py:3096} INFO - Sync 10 DAGs
[2026-06-23T02:50:32.295+0000] {logging_mixin.py:188} INFO - [2026-06-23T02:50:32.295+0000] {dag.py:3954} INFO - Setting next_dagrun for conditional_dataset_and_time_based_timetable to 2026-06-17 01:00:00+00:00, run_after=2026-06-17 01:00:00+00:00
[2026-06-23T02:50:32.305+0000] {logging_mixin.py:188} INFO - [2026-06-23T02:50:32.304+0000] {dag.py:3954} INFO - Setting next_dagrun for consume_1_and_2_with_dataset_expressions to None, run_after=None
[2026-06-23T02:50:32.309+0000] {logging_mixin.py:188} INFO - [2026-06-23T02:50:32.309+0000] {dag.py:3954} INFO - Setting next_dagrun for consume_1_or_2_with_dataset_expressions to None, run_after=None
[2026-06-23T02:50:32.313+0000] {logging_mixin.py:188} INFO - [2026-06-23T02:50:32.313+0000] {dag.py:3954} INFO - Setting next_dagrun for consume_1_or_both_2_and_3_with_dataset_expressions to None, run_after=None
[2026-06-23T02:50:32.316+0000] {logging_mixin.py:188} INFO - [2026-06-23T02:50:32.316+0000] {dag.py:3954} INFO - Setting next_dagrun for dataset_consumes_1 to None, run_after=None
[2026-06-23T02:50:32.320+0000] {logging_mixin.py:188} INFO - [2026-06-23T02:50:32.319+0000] {dag.py:3954} INFO - Setting next_dagrun for dataset_consumes_1_and_2 to None, run_after=None
[2026-06-23T02:50:32.324+0000] {logging_mixin.py:188} INFO - [2026-06-23T02:50:32.323+0000] {dag.py:3954} INFO - Setting next_dagrun for dataset_consumes_1_never_scheduled to None, run_after=None
[2026-06-23T02:50:32.327+0000] {logging_mixin.py:188} INFO - [2026-06-23T02:50:32.327+0000] {dag.py:3954} INFO - Setting next_dagrun for dataset_consumes_unknown_never_scheduled to None, run_after=None
[2026-06-23T02:50:32.334+0000] {logging_mixin.py:188} INFO - [2026-06-23T02:50:32.334+0000] {dag.py:3954} INFO - Setting next_dagrun for dataset_produces_1 to 2026-06-22 00:00:00+00:00, run_after=2026-06-23 00:00:00+00:00
[2026-06-23T02:50:32.339+0000] {logging_mixin.py:188} INFO - [2026-06-23T02:50:32.338+0000] {dag.py:3954} INFO - Setting next_dagrun for dataset_produces_2 to None, run_after=None
[2026-06-23T02:50:32.439+0000] {processor.py:183} INFO - Processing /home/airflow/.local/lib/python3.12/site-packages/airflow/example_dags/example_datasets.py took 0.361 seconds
[2026-06-23T02:51:02.791+0000] {processor.py:161} INFO - Started process (PID=557) to work on /home/airflow/.local/lib/python3.12/site-packages/airflow/example_dags/example_datasets.py
[2026-06-23T02:51:02.793+0000] {processor.py:830} INFO - Processing file /home/airflow/.local/lib/python3.12/site-packages/airflow/example_dags/example_datasets.py for tasks to queue
[2026-06-23T02:51:02.796+0000] {logging_mixin.py:188} INFO - [2026-06-23T02:51:02.796+0000] {dagbag.py:545} INFO - Filling up the DagBag from /home/airflow/.local/lib/python3.12/site-packages/airflow/example_dags/example_datasets.py
[2026-06-23T02:51:02.819+0000] {processor.py:840} INFO - DAG(s) 'dataset_consumes_unknown_never_scheduled', 'consume_1_and_2_with_dataset_expressions', 'dataset_consumes_1_never_scheduled', 'consume_1_or_both_2_and_3_with_dataset_expressions', 'dataset_produces_1', 'dataset_produces_2', 'conditional_dataset_and_time_based_timetable', 'consume_1_or_2_with_dataset_expressions', 'dataset_consumes_1_and_2', 'dataset_consumes_1' retrieved from /home/airflow/.local/lib/python3.12/site-packages/airflow/example_dags/example_datasets.py
[2026-06-23T02:51:02.920+0000] {logging_mixin.py:188} INFO - [2026-06-23T02:51:02.920+0000] {dag.py:3096} INFO - Sync 10 DAGs
[2026-06-23T02:51:02.977+0000] {logging_mixin.py:188} INFO - [2026-06-23T02:51:02.977+0000] {dag.py:3954} INFO - Setting next_dagrun for conditional_dataset_and_time_based_timetable to 2026-06-17 01:00:00+00:00, run_after=2026-06-17 01:00:00+00:00
[2026-06-23T02:51:02.986+0000] {logging_mixin.py:188} INFO - [2026-06-23T02:51:02.986+0000] {dag.py:3954} INFO - Setting next_dagrun for consume_1_and_2_with_dataset_expressions to None, run_after=None
[2026-06-23T02:51:02.990+0000] {logging_mixin.py:188} INFO - [2026-06-23T02:51:02.990+0000] {dag.py:3954} INFO - Setting next_dagrun for consume_1_or_2_with_dataset_expressions to None, run_after=None
[2026-06-23T02:51:02.994+0000] {logging_mixin.py:188} INFO - [2026-06-23T02:51:02.993+0000] {dag.py:3954} INFO - Setting next_dagrun for consume_1_or_both_2_and_3_with_dataset_expressions to None, run_after=None
[2026-06-23T02:51:02.997+0000] {logging_mixin.py:188} INFO - [2026-06-23T02:51:02.997+0000] {dag.py:3954} INFO - Setting next_dagrun for dataset_consumes_1 to None, run_after=None
[2026-06-23T02:51:03.001+0000] {logging_mixin.py:188} INFO - [2026-06-23T02:51:03.001+0000] {dag.py:3954} INFO - Setting next_dagrun for dataset_consumes_1_and_2 to None, run_after=None
[2026-06-23T02:51:03.005+0000] {logging_mixin.py:188} INFO - [2026-06-23T02:51:03.004+0000] {dag.py:3954} INFO - Setting next_dagrun for dataset_consumes_1_never_scheduled to None, run_after=None
[2026-06-23T02:51:03.008+0000] {logging_mixin.py:188} INFO - [2026-06-23T02:51:03.007+0000] {dag.py:3954} INFO - Setting next_dagrun for dataset_consumes_unknown_never_scheduled to None, run_after=None
[2026-06-23T02:51:03.013+0000] {logging_mixin.py:188} INFO - [2026-06-23T02:51:03.013+0000] {dag.py:3954} INFO - Setting next_dagrun for dataset_produces_1 to 2026-06-22 00:00:00+00:00, run_after=2026-06-23 00:00:00+00:00
[2026-06-23T02:51:03.017+0000] {logging_mixin.py:188} INFO - [2026-06-23T02:51:03.016+0000] {dag.py:3954} INFO - Setting next_dagrun for dataset_produces_2 to None, run_after=None
[2026-06-23T02:51:03.142+0000] {processor.py:183} INFO - Processing /home/airflow/.local/lib/python3.12/site-packages/airflow/example_dags/example_datasets.py took 0.361 seconds
[2026-06-23T02:51:33.252+0000] {processor.py:161} INFO - Started process (PID=616) to work on /home/airflow/.local/lib/python3.12/site-packages/airflow/example_dags/example_datasets.py
[2026-06-23T02:51:33.254+0000] {processor.py:830} INFO - Processing file /home/airflow/.local/lib/python3.12/site-packages/airflow/example_dags/example_datasets.py for tasks to queue
[2026-06-23T02:51:33.258+0000] {logging_mixin.py:188} INFO - [2026-06-23T02:51:33.258+0000] {dagbag.py:545} INFO - Filling up the DagBag from /home/airflow/.local/lib/python3.12/site-packages/airflow/example_dags/example_datasets.py
[2026-06-23T02:51:33.278+0000] {processor.py:840} INFO - DAG(s) 'dataset_consumes_unknown_never_scheduled', 'consume_1_or_2_with_dataset_expressions', 'dataset_produces_1', 'dataset_consumes_1', 'consume_1_and_2_with_dataset_expressions', 'consume_1_or_both_2_and_3_with_dataset_expressions', 'dataset_consumes_1_never_scheduled', 'dataset_produces_2', 'conditional_dataset_and_time_based_timetable', 'dataset_consumes_1_and_2' retrieved from /home/airflow/.local/lib/python3.12/site-packages/airflow/example_dags/example_datasets.py
[2026-06-23T02:51:33.361+0000] {logging_mixin.py:188} INFO - [2026-06-23T02:51:33.360+0000] {dag.py:3096} INFO - Sync 10 DAGs
[2026-06-23T02:51:33.405+0000] {logging_mixin.py:188} INFO - [2026-06-23T02:51:33.404+0000] {dag.py:3954} INFO - Setting next_dagrun for conditional_dataset_and_time_based_timetable to 2026-06-17 01:00:00+00:00, run_after=2026-06-17 01:00:00+00:00
[2026-06-23T02:51:33.413+0000] {logging_mixin.py:188} INFO - [2026-06-23T02:51:33.412+0000] {dag.py:3954} INFO - Setting next_dagrun for consume_1_and_2_with_dataset_expressions to None, run_after=None
[2026-06-23T02:51:33.417+0000] {logging_mixin.py:188} INFO - [2026-06-23T02:51:33.416+0000] {dag.py:3954} INFO - Setting next_dagrun for consume_1_or_2_with_dataset_expressions to None, run_after=None
[2026-06-23T02:51:33.419+0000] {logging_mixin.py:188} INFO - [2026-06-23T02:51:33.419+0000] {dag.py:3954} INFO - Setting next_dagrun for consume_1_or_both_2_and_3_with_dataset_expressions to None, run_after=None
[2026-06-23T02:51:33.423+0000] {logging_mixin.py:188} INFO - [2026-06-23T02:51:33.422+0000] {dag.py:3954} INFO - Setting next_dagrun for dataset_consumes_1 to None, run_after=None
[2026-06-23T02:51:33.425+0000] {logging_mixin.py:188} INFO - [2026-06-23T02:51:33.425+0000] {dag.py:3954} INFO - Setting next_dagrun for dataset_consumes_1_and_2 to None, run_after=None
[2026-06-23T02:51:33.428+0000] {logging_mixin.py:188} INFO - [2026-06-23T02:51:33.428+0000] {dag.py:3954} INFO - Setting next_dagrun for dataset_consumes_1_never_scheduled to None, run_after=None
[2026-06-23T02:51:33.431+0000] {logging_mixin.py:188} INFO - [2026-06-23T02:51:33.431+0000] {dag.py:3954} INFO - Setting next_dagrun for dataset_consumes_unknown_never_scheduled to None, run_after=None
[2026-06-23T02:51:33.435+0000] {logging_mixin.py:188} INFO - [2026-06-23T02:51:33.435+0000] {dag.py:3954} INFO - Setting next_dagrun for dataset_produces_1 to 2026-06-22 00:00:00+00:00, run_after=2026-06-23 00:00:00+00:00
[2026-06-23T02:51:33.439+0000] {logging_mixin.py:188} INFO - [2026-06-23T02:51:33.439+0000] {dag.py:3954} INFO - Setting next_dagrun for dataset_produces_2 to None, run_after=None
[2026-06-23T02:51:33.506+0000] {processor.py:183} INFO - Processing /home/airflow/.local/lib/python3.12/site-packages/airflow/example_dags/example_datasets.py took 0.261 seconds
[2026-06-23T02:52:03.594+0000] {processor.py:161} INFO - Started process (PID=675) to work on /home/airflow/.local/lib/python3.12/site-packages/airflow/example_dags/example_datasets.py
[2026-06-23T02:52:03.596+0000] {processor.py:830} INFO - Processing file /home/airflow/.local/lib/python3.12/site-packages/airflow/example_dags/example_datasets.py for tasks to queue
[2026-06-23T02:52:03.599+0000] {logging_mixin.py:188} INFO - [2026-06-23T02:52:03.599+0000] {dagbag.py:545} INFO - Filling up the DagBag from /home/airflow/.local/lib/python3.12/site-packages/airflow/example_dags/example_datasets.py
[2026-06-23T02:52:03.616+0000] {processor.py:840} INFO - DAG(s) 'conditional_dataset_and_time_based_timetable', 'dataset_produces_2', 'consume_1_and_2_with_dataset_expressions', 'dataset_consumes_unknown_never_scheduled', 'dataset_consumes_1_and_2', 'dataset_consumes_1', 'consume_1_or_2_with_dataset_expressions', 'consume_1_or_both_2_and_3_with_dataset_expressions', 'dataset_consumes_1_never_scheduled', 'dataset_produces_1' retrieved from /home/airflow/.local/lib/python3.12/site-packages/airflow/example_dags/example_datasets.py
[2026-06-23T02:52:03.689+0000] {logging_mixin.py:188} INFO - [2026-06-23T02:52:03.688+0000] {dag.py:3096} INFO - Sync 10 DAGs
[2026-06-23T02:52:03.715+0000] {logging_mixin.py:188} INFO - [2026-06-23T02:52:03.715+0000] {dag.py:3954} INFO - Setting next_dagrun for conditional_dataset_and_time_based_timetable to 2026-06-17 01:00:00+00:00, run_after=2026-06-17 01:00:00+00:00
[2026-06-23T02:52:03.722+0000] {logging_mixin.py:188} INFO - [2026-06-23T02:52:03.722+0000] {dag.py:3954} INFO - Setting next_dagrun for consume_1_and_2_with_dataset_expressions to None, run_after=None
[2026-06-23T02:52:03.725+0000] {logging_mixin.py:188} INFO - [2026-06-23T02:52:03.725+0000] {dag.py:3954} INFO - Setting next_dagrun for consume_1_or_2_with_dataset_expressions to None, run_after=None
[2026-06-23T02:52:03.728+0000] {logging_mixin.py:188} INFO - [2026-06-23T02:52:03.727+0000] {dag.py:3954} INFO - Setting next_dagrun for consume_1_or_both_2_and_3_with_dataset_expressions to None, run_after=None
[2026-06-23T02:52:03.731+0000] {logging_mixin.py:188} INFO - [2026-06-23T02:52:03.730+0000] {dag.py:3954} INFO - Setting next_dagrun for dataset_consumes_1 to None, run_after=None
[2026-06-23T02:52:03.733+0000] {logging_mixin.py:188} INFO - [2026-06-23T02:52:03.733+0000] {dag.py:3954} INFO - Setting next_dagrun for dataset_consumes_1_and_2 to None, run_after=None
[2026-06-23T02:52:03.735+0000] {logging_mixin.py:188} INFO - [2026-06-23T02:52:03.735+0000] {dag.py:3954} INFO - Setting next_dagrun for dataset_consumes_1_never_scheduled to None, run_after=None
[2026-06-23T02:52:03.738+0000] {logging_mixin.py:188} INFO - [2026-06-23T02:52:03.738+0000] {dag.py:3954} INFO - Setting next_dagrun for dataset_consumes_unknown_never_scheduled to None, run_after=None
[2026-06-23T02:52:03.741+0000] {logging_mixin.py:188} INFO - [2026-06-23T02:52:03.740+0000] {dag.py:3954} INFO - Setting next_dagrun for dataset_produces_1 to 2026-06-22 00:00:00+00:00, run_after=2026-06-23 00:00:00+00:00
[2026-06-23T02:52:03.743+0000] {logging_mixin.py:188} INFO - [2026-06-23T02:52:03.742+0000] {dag.py:3954} INFO - Setting next_dagrun for dataset_produces_2 to None, run_after=None
[2026-06-23T02:52:03.794+0000] {processor.py:183} INFO - Processing /home/airflow/.local/lib/python3.12/site-packages/airflow/example_dags/example_datasets.py took 0.206 seconds
[2026-06-23T02:52:33.980+0000] {processor.py:161} INFO - Started process (PID=734) to work on /home/airflow/.local/lib/python3.12/site-packages/airflow/example_dags/example_datasets.py
[2026-06-23T02:52:33.982+0000] {processor.py:830} INFO - Processing file /home/airflow/.local/lib/python3.12/site-packages/airflow/example_dags/example_datasets.py for tasks to queue
[2026-06-23T02:52:33.984+0000] {logging_mixin.py:188} INFO - [2026-06-23T02:52:33.984+0000] {dagbag.py:545} INFO - Filling up the DagBag from /home/airflow/.local/lib/python3.12/site-packages/airflow/example_dags/example_datasets.py
[2026-06-23T02:52:33.999+0000] {processor.py:840} INFO - DAG(s) 'dataset_produces_1', 'consume_1_and_2_with_dataset_expressions', 'dataset_consumes_1', 'consume_1_or_2_with_dataset_expressions', 'dataset_consumes_1_and_2', 'consume_1_or_both_2_and_3_with_dataset_expressions', 'conditional_dataset_and_time_based_timetable', 'dataset_consumes_unknown_never_scheduled', 'dataset_produces_2', 'dataset_consumes_1_never_scheduled' retrieved from /home/airflow/.local/lib/python3.12/site-packages/airflow/example_dags/example_datasets.py
[2026-06-23T02:52:34.063+0000] {logging_mixin.py:188} INFO - [2026-06-23T02:52:34.063+0000] {dag.py:3096} INFO - Sync 10 DAGs
[2026-06-23T02:52:34.091+0000] {logging_mixin.py:188} INFO - [2026-06-23T02:52:34.091+0000] {dag.py:3954} INFO - Setting next_dagrun for conditional_dataset_and_time_based_timetable to 2026-06-17 01:00:00+00:00, run_after=2026-06-17 01:00:00+00:00
[2026-06-23T02:52:34.097+0000] {logging_mixin.py:188} INFO - [2026-06-23T02:52:34.097+0000] {dag.py:3954} INFO - Setting next_dagrun for consume_1_and_2_with_dataset_expressions to None, run_after=None
[2026-06-23T02:52:34.100+0000] {logging_mixin.py:188} INFO - [2026-06-23T02:52:34.099+0000] {dag.py:3954} INFO - Setting next_dagrun for consume_1_or_2_with_dataset_expressions to None, run_after=None
[2026-06-23T02:52:34.102+0000] {logging_mixin.py:188} INFO - [2026-06-23T02:52:34.102+0000] {dag.py:3954} INFO - Setting next_dagrun for consume_1_or_both_2_and_3_with_dataset_expressions to None, run_after=None
[2026-06-23T02:52:34.105+0000] {logging_mixin.py:188} INFO - [2026-06-23T02:52:34.104+0000] {dag.py:3954} INFO - Setting next_dagrun for dataset_consumes_1 to None, run_after=None
[2026-06-23T02:52:34.107+0000] {logging_mixin.py:188} INFO - [2026-06-23T02:52:34.107+0000] {dag.py:3954} INFO - Setting next_dagrun for dataset_consumes_1_and_2 to None, run_after=None
[2026-06-23T02:52:34.110+0000] {logging_mixin.py:188} INFO - [2026-06-23T02:52:34.110+0000] {dag.py:3954} INFO - Setting next_dagrun for dataset_consumes_1_never_scheduled to None, run_after=None
[2026-06-23T02:52:34.112+0000] {logging_mixin.py:188} INFO - [2026-06-23T02:52:34.112+0000] {dag.py:3954} INFO - Setting next_dagrun for dataset_consumes_unknown_never_scheduled to None, run_after=None
[2026-06-23T02:52:34.115+0000] {logging_mixin.py:188} INFO - [2026-06-23T02:52:34.115+0000] {dag.py:3954} INFO - Setting next_dagrun for dataset_produces_1 to 2026-06-22 00:00:00+00:00, run_after=2026-06-23 00:00:00+00:00
[2026-06-23T02:52:34.119+0000] {logging_mixin.py:188} INFO - [2026-06-23T02:52:34.118+0000] {dag.py:3954} INFO - Setting next_dagrun for dataset_produces_2 to None, run_after=None
[2026-06-23T02:52:34.172+0000] {processor.py:183} INFO - Processing /home/airflow/.local/lib/python3.12/site-packages/airflow/example_dags/example_datasets.py took 0.199 seconds
[2026-06-23T02:53:04.381+0000] {processor.py:161} INFO - Started process (PID=793) to work on /home/airflow/.local/lib/python3.12/site-packages/airflow/example_dags/example_datasets.py
[2026-06-23T02:53:04.383+0000] {processor.py:830} INFO - Processing file /home/airflow/.local/lib/python3.12/site-packages/airflow/example_dags/example_datasets.py for tasks to queue
[2026-06-23T02:53:04.386+0000] {logging_mixin.py:188} INFO - [2026-06-23T02:53:04.386+0000] {dagbag.py:545} INFO - Filling up the DagBag from /home/airflow/.local/lib/python3.12/site-packages/airflow/example_dags/example_datasets.py
[2026-06-23T02:53:04.403+0000] {processor.py:840} INFO - DAG(s) 'dataset_consumes_1_never_scheduled', 'dataset_produces_2', 'dataset_produces_1', 'consume_1_and_2_with_dataset_expressions', 'consume_1_or_both_2_and_3_with_dataset_expressions', 'consume_1_or_2_with_dataset_expressions', 'dataset_consumes_1', 'dataset_consumes_1_and_2', 'dataset_consumes_unknown_never_scheduled', 'conditional_dataset_and_time_based_timetable' retrieved from /home/airflow/.local/lib/python3.12/site-packages/airflow/example_dags/example_datasets.py
[2026-06-23T02:53:04.478+0000] {logging_mixin.py:188} INFO - [2026-06-23T02:53:04.478+0000] {dag.py:3096} INFO - Sync 10 DAGs
[2026-06-23T02:53:04.509+0000] {logging_mixin.py:188} INFO - [2026-06-23T02:53:04.509+0000] {dag.py:3954} INFO - Setting next_dagrun for conditional_dataset_and_time_based_timetable to 2026-06-17 01:00:00+00:00, run_after=2026-06-17 01:00:00+00:00
[2026-06-23T02:53:04.514+0000] {logging_mixin.py:188} INFO - [2026-06-23T02:53:04.514+0000] {dag.py:3954} INFO - Setting next_dagrun for consume_1_and_2_with_dataset_expressions to None, run_after=None
[2026-06-23T02:53:04.517+0000] {logging_mixin.py:188} INFO - [2026-06-23T02:53:04.517+0000] {dag.py:3954} INFO - Setting next_dagrun for consume_1_or_2_with_dataset_expressions to None, run_after=None
[2026-06-23T02:53:04.520+0000] {logging_mixin.py:188} INFO - [2026-06-23T02:53:04.520+0000] {dag.py:3954} INFO - Setting next_dagrun for consume_1_or_both_2_and_3_with_dataset_expressions to None, run_after=None
[2026-06-23T02:53:04.523+0000] {logging_mixin.py:188} INFO - [2026-06-23T02:53:04.523+0000] {dag.py:3954} INFO - Setting next_dagrun for dataset_consumes_1 to None, run_after=None
[2026-06-23T02:53:04.526+0000] {logging_mixin.py:188} INFO - [2026-06-23T02:53:04.526+0000] {dag.py:3954} INFO - Setting next_dagrun for dataset_consumes_1_and_2 to None, run_after=None
[2026-06-23T02:53:04.528+0000] {logging_mixin.py:188} INFO - [2026-06-23T02:53:04.528+0000] {dag.py:3954} INFO - Setting next_dagrun for dataset_consumes_1_never_scheduled to None, run_after=None
[2026-06-23T02:53:04.531+0000] {logging_mixin.py:188} INFO - [2026-06-23T02:53:04.531+0000] {dag.py:3954} INFO - Setting next_dagrun for dataset_consumes_unknown_never_scheduled to None, run_after=None
[2026-06-23T02:53:04.534+0000] {logging_mixin.py:188} INFO - [2026-06-23T02:53:04.534+0000] {dag.py:3954} INFO - Setting next_dagrun for dataset_produces_1 to 2026-06-22 00:00:00+00:00, run_after=2026-06-23 00:00:00+00:00
[2026-06-23T02:53:04.537+0000] {logging_mixin.py:188} INFO - [2026-06-23T02:53:04.537+0000] {dag.py:3954} INFO - Setting next_dagrun for dataset_produces_2 to None, run_after=None
[2026-06-23T02:53:04.596+0000] {processor.py:183} INFO - Processing /home/airflow/.local/lib/python3.12/site-packages/airflow/example_dags/example_datasets.py took 0.221 seconds
[2026-06-23T02:53:34.937+0000] {processor.py:161} INFO - Started process (PID=852) to work on /home/airflow/.local/lib/python3.12/site-packages/airflow/example_dags/example_datasets.py
[2026-06-23T02:53:34.939+0000] {processor.py:830} INFO - Processing file /home/airflow/.local/lib/python3.12/site-packages/airflow/example_dags/example_datasets.py for tasks to queue
[2026-06-23T02:53:34.944+0000] {logging_mixin.py:188} INFO - [2026-06-23T02:53:34.943+0000] {dagbag.py:545} INFO - Filling up the DagBag from /home/airflow/.local/lib/python3.12/site-packages/airflow/example_dags/example_datasets.py
[2026-06-23T02:53:34.968+0000] {processor.py:840} INFO - DAG(s) 'consume_1_or_2_with_dataset_expressions', 'dataset_consumes_1', 'dataset_produces_2', 'consume_1_and_2_with_dataset_expressions', 'dataset_consumes_unknown_never_scheduled', 'conditional_dataset_and_time_based_timetable', 'dataset_produces_1', 'dataset_consumes_1_and_2', 'consume_1_or_both_2_and_3_with_dataset_expressions', 'dataset_consumes_1_never_scheduled' retrieved from /home/airflow/.local/lib/python3.12/site-packages/airflow/example_dags/example_datasets.py
[2026-06-23T02:53:35.048+0000] {logging_mixin.py:188} INFO - [2026-06-23T02:53:35.048+0000] {dag.py:3096} INFO - Sync 10 DAGs
[2026-06-23T02:53:35.082+0000] {logging_mixin.py:188} INFO - [2026-06-23T02:53:35.082+0000] {dag.py:3954} INFO - Setting next_dagrun for conditional_dataset_and_time_based_timetable to 2026-06-17 01:00:00+00:00, run_after=2026-06-17 01:00:00+00:00
[2026-06-23T02:53:35.088+0000] {logging_mixin.py:188} INFO - [2026-06-23T02:53:35.088+0000] {dag.py:3954} INFO - Setting next_dagrun for consume_1_and_2_with_dataset_expressions to None, run_after=None
[2026-06-23T02:53:35.091+0000] {logging_mixin.py:188} INFO - [2026-06-23T02:53:35.090+0000] {dag.py:3954} INFO - Setting next_dagrun for consume_1_or_2_with_dataset_expressions to None, run_after=None
[2026-06-23T02:53:35.094+0000] {logging_mixin.py:188} INFO - [2026-06-23T02:53:35.093+0000] {dag.py:3954} INFO - Setting next_dagrun for consume_1_or_both_2_and_3_with_dataset_expressions to None, run_after=None
[2026-06-23T02:53:35.097+0000] {logging_mixin.py:188} INFO - [2026-06-23T02:53:35.097+0000] {dag.py:3954} INFO - Setting next_dagrun for dataset_consumes_1 to None, run_after=None
[2026-06-23T02:53:35.100+0000] {logging_mixin.py:188} INFO - [2026-06-23T02:53:35.100+0000] {dag.py:3954} INFO - Setting next_dagrun for dataset_consumes_1_and_2 to None, run_after=None
[2026-06-23T02:53:35.103+0000] {logging_mixin.py:188} INFO - [2026-06-23T02:53:35.102+0000] {dag.py:3954} INFO - Setting next_dagrun for dataset_consumes_1_never_scheduled to None, run_after=None
[2026-06-23T02:53:35.105+0000] {logging_mixin.py:188} INFO - [2026-06-23T02:53:35.105+0000] {dag.py:3954} INFO - Setting next_dagrun for dataset_consumes_unknown_never_scheduled to None, run_after=None
[2026-06-23T02:53:35.109+0000] {logging_mixin.py:188} INFO - [2026-06-23T02:53:35.109+0000] {dag.py:3954} INFO - Setting next_dagrun for dataset_produces_1 to 2026-06-22 00:00:00+00:00, run_after=2026-06-23 00:00:00+00:00
[2026-06-23T02:53:35.112+0000] {logging_mixin.py:188} INFO - [2026-06-23T02:53:35.111+0000] {dag.py:3954} INFO - Setting next_dagrun for dataset_produces_2 to None, run_after=None
[2026-06-23T02:53:35.172+0000] {processor.py:183} INFO - Processing /home/airflow/.local/lib/python3.12/site-packages/airflow/example_dags/example_datasets.py took 0.245 seconds
[2026-06-23T02:54:05.450+0000] {processor.py:161} INFO - Started process (PID=911) to work on /home/airflow/.local/lib/python3.12/site-packages/airflow/example_dags/example_datasets.py
[2026-06-23T02:54:05.452+0000] {processor.py:830} INFO - Processing file /home/airflow/.local/lib/python3.12/site-packages/airflow/example_dags/example_datasets.py for tasks to queue
[2026-06-23T02:54:05.455+0000] {logging_mixin.py:188} INFO - [2026-06-23T02:54:05.455+0000] {dagbag.py:545} INFO - Filling up the DagBag from /home/airflow/.local/lib/python3.12/site-packages/airflow/example_dags/example_datasets.py
[2026-06-23T02:54:05.470+0000] {processor.py:840} INFO - DAG(s) 'dataset_consumes_1', 'dataset_consumes_1_and_2', 'dataset_consumes_unknown_never_scheduled', 'dataset_produces_1', 'dataset_produces_2', 'conditional_dataset_and_time_based_timetable', 'dataset_consumes_1_never_scheduled', 'consume_1_or_both_2_and_3_with_dataset_expressions', 'consume_1_or_2_with_dataset_expressions', 'consume_1_and_2_with_dataset_expressions' retrieved from /home/airflow/.local/lib/python3.12/site-packages/airflow/example_dags/example_datasets.py
[2026-06-23T02:54:05.540+0000] {logging_mixin.py:188} INFO - [2026-06-23T02:54:05.539+0000] {dag.py:3096} INFO - Sync 10 DAGs
[2026-06-23T02:54:05.570+0000] {logging_mixin.py:188} INFO - [2026-06-23T02:54:05.569+0000] {dag.py:3954} INFO - Setting next_dagrun for conditional_dataset_and_time_based_timetable to 2026-06-17 01:00:00+00:00, run_after=2026-06-17 01:00:00+00:00
[2026-06-23T02:54:05.576+0000] {logging_mixin.py:188} INFO - [2026-06-23T02:54:05.575+0000] {dag.py:3954} INFO - Setting next_dagrun for consume_1_and_2_with_dataset_expressions to None, run_after=None
[2026-06-23T02:54:05.578+0000] {logging_mixin.py:188} INFO - [2026-06-23T02:54:05.577+0000] {dag.py:3954} INFO - Setting next_dagrun for consume_1_or_2_with_dataset_expressions to None, run_after=None
[2026-06-23T02:54:05.580+0000] {logging_mixin.py:188} INFO - [2026-06-23T02:54:05.580+0000] {dag.py:3954} INFO - Setting next_dagrun for consume_1_or_both_2_and_3_with_dataset_expressions to None, run_after=None
[2026-06-23T02:54:05.582+0000] {logging_mixin.py:188} INFO - [2026-06-23T02:54:05.582+0000] {dag.py:3954} INFO - Setting next_dagrun for dataset_consumes_1 to None, run_after=None
[2026-06-23T02:54:05.585+0000] {logging_mixin.py:188} INFO - [2026-06-23T02:54:05.585+0000] {dag.py:3954} INFO - Setting next_dagrun for dataset_consumes_1_and_2 to None, run_after=None
[2026-06-23T02:54:05.588+0000] {logging_mixin.py:188} INFO - [2026-06-23T02:54:05.587+0000] {dag.py:3954} INFO - Setting next_dagrun for dataset_consumes_1_never_scheduled to None, run_after=None
[2026-06-23T02:54:05.590+0000] {logging_mixin.py:188} INFO - [2026-06-23T02:54:05.590+0000] {dag.py:3954} INFO - Setting next_dagrun for dataset_consumes_unknown_never_scheduled to None, run_after=None
[2026-06-23T02:54:05.593+0000] {logging_mixin.py:188} INFO - [2026-06-23T02:54:05.593+0000] {dag.py:3954} INFO - Setting next_dagrun for dataset_produces_1 to 2026-06-22 00:00:00+00:00, run_after=2026-06-23 00:00:00+00:00
[2026-06-23T02:54:05.596+0000] {logging_mixin.py:188} INFO - [2026-06-23T02:54:05.595+0000] {dag.py:3954} INFO - Setting next_dagrun for dataset_produces_2 to None, run_after=None
[2026-06-23T02:54:05.652+0000] {processor.py:183} INFO - Processing /home/airflow/.local/lib/python3.12/site-packages/airflow/example_dags/example_datasets.py took 0.209 seconds
[2026-06-23T02:54:35.906+0000] {processor.py:161} INFO - Started process (PID=971) to work on /home/airflow/.local/lib/python3.12/site-packages/airflow/example_dags/example_datasets.py
[2026-06-23T02:54:35.908+0000] {processor.py:830} INFO - Processing file /home/airflow/.local/lib/python3.12/site-packages/airflow/example_dags/example_datasets.py for tasks to queue
[2026-06-23T02:54:35.911+0000] {logging_mixin.py:188} INFO - [2026-06-23T02:54:35.911+0000] {dagbag.py:545} INFO - Filling up the DagBag from /home/airflow/.local/lib/python3.12/site-packages/airflow/example_dags/example_datasets.py
[2026-06-23T02:54:35.931+0000] {processor.py:840} INFO - DAG(s) 'dataset_consumes_1_and_2', 'dataset_consumes_1', 'conditional_dataset_and_time_based_timetable', 'dataset_consumes_unknown_never_scheduled', 'consume_1_or_both_2_and_3_with_dataset_expressions', 'dataset_produces_2', 'dataset_consumes_1_never_scheduled', 'dataset_produces_1', 'consume_1_and_2_with_dataset_expressions', 'consume_1_or_2_with_dataset_expressions' retrieved from /home/airflow/.local/lib/python3.12/site-packages/airflow/example_dags/example_datasets.py
[2026-06-23T02:54:36.005+0000] {logging_mixin.py:188} INFO - [2026-06-23T02:54:36.004+0000] {dag.py:3096} INFO - Sync 10 DAGs
[2026-06-23T02:54:36.039+0000] {logging_mixin.py:188} INFO - [2026-06-23T02:54:36.039+0000] {dag.py:3954} INFO - Setting next_dagrun for conditional_dataset_and_time_based_timetable to 2026-06-17 01:00:00+00:00, run_after=2026-06-17 01:00:00+00:00
[2026-06-23T02:54:36.045+0000] {logging_mixin.py:188} INFO - [2026-06-23T02:54:36.045+0000] {dag.py:3954} INFO - Setting next_dagrun for consume_1_and_2_with_dataset_expressions to None, run_after=None
[2026-06-23T02:54:36.047+0000] {logging_mixin.py:188} INFO - [2026-06-23T02:54:36.047+0000] {dag.py:3954} INFO - Setting next_dagrun for consume_1_or_2_with_dataset_expressions to None, run_after=None
[2026-06-23T02:54:36.050+0000] {logging_mixin.py:188} INFO - [2026-06-23T02:54:36.049+0000] {dag.py:3954} INFO - Setting next_dagrun for consume_1_or_both_2_and_3_with_dataset_expressions to None, run_after=None
[2026-06-23T02:54:36.053+0000] {logging_mixin.py:188} INFO - [2026-06-23T02:54:36.052+0000] {dag.py:3954} INFO - Setting next_dagrun for dataset_consumes_1 to None, run_after=None
[2026-06-23T02:54:36.055+0000] {logging_mixin.py:188} INFO - [2026-06-23T02:54:36.055+0000] {dag.py:3954} INFO - Setting next_dagrun for dataset_consumes_1_and_2 to None, run_after=None
[2026-06-23T02:54:36.059+0000] {logging_mixin.py:188} INFO - [2026-06-23T02:54:36.058+0000] {dag.py:3954} INFO - Setting next_dagrun for dataset_consumes_1_never_scheduled to None, run_after=None
[2026-06-23T02:54:36.061+0000] {logging_mixin.py:188} INFO - [2026-06-23T02:54:36.061+0000] {dag.py:3954} INFO - Setting next_dagrun for dataset_consumes_unknown_never_scheduled to None, run_after=None
[2026-06-23T02:54:36.064+0000] {logging_mixin.py:188} INFO - [2026-06-23T02:54:36.064+0000] {dag.py:3954} INFO - Setting next_dagrun for dataset_produces_1 to 2026-06-22 00:00:00+00:00, run_after=2026-06-23 00:00:00+00:00
[2026-06-23T02:54:36.067+0000] {logging_mixin.py:188} INFO - [2026-06-23T02:54:36.067+0000] {dag.py:3954} INFO - Setting next_dagrun for dataset_produces_2 to None, run_after=None
[2026-06-23T02:54:36.126+0000] {processor.py:183} INFO - Processing /home/airflow/.local/lib/python3.12/site-packages/airflow/example_dags/example_datasets.py took 0.228 seconds
[2026-06-23T02:55:06.357+0000] {processor.py:161} INFO - Started process (PID=1030) to work on /home/airflow/.local/lib/python3.12/site-packages/airflow/example_dags/example_datasets.py
[2026-06-23T02:55:06.359+0000] {processor.py:830} INFO - Processing file /home/airflow/.local/lib/python3.12/site-packages/airflow/example_dags/example_datasets.py for tasks to queue
[2026-06-23T02:55:06.362+0000] {logging_mixin.py:188} INFO - [2026-06-23T02:55:06.361+0000] {dagbag.py:545} INFO - Filling up the DagBag from /home/airflow/.local/lib/python3.12/site-packages/airflow/example_dags/example_datasets.py
[2026-06-23T02:55:06.378+0000] {processor.py:840} INFO - DAG(s) 'consume_1_or_both_2_and_3_with_dataset_expressions', 'dataset_consumes_1_and_2', 'dataset_produces_2', 'dataset_produces_1', 'conditional_dataset_and_time_based_timetable', 'dataset_consumes_1_never_scheduled', 'dataset_consumes_1', 'dataset_consumes_unknown_never_scheduled', 'consume_1_or_2_with_dataset_expressions', 'consume_1_and_2_with_dataset_expressions' retrieved from /home/airflow/.local/lib/python3.12/site-packages/airflow/example_dags/example_datasets.py
[2026-06-23T02:55:06.449+0000] {logging_mixin.py:188} INFO - [2026-06-23T02:55:06.449+0000] {dag.py:3096} INFO - Sync 10 DAGs
[2026-06-23T02:55:06.480+0000] {logging_mixin.py:188} INFO - [2026-06-23T02:55:06.480+0000] {dag.py:3954} INFO - Setting next_dagrun for conditional_dataset_and_time_based_timetable to 2026-06-17 01:00:00+00:00, run_after=2026-06-17 01:00:00+00:00
[2026-06-23T02:55:06.486+0000] {logging_mixin.py:188} INFO - [2026-06-23T02:55:06.486+0000] {dag.py:3954} INFO - Setting next_dagrun for consume_1_and_2_with_dataset_expressions to None, run_after=None
[2026-06-23T02:55:06.489+0000] {logging_mixin.py:188} INFO - [2026-06-23T02:55:06.488+0000] {dag.py:3954} INFO - Setting next_dagrun for consume_1_or_2_with_dataset_expressions to None, run_after=None
[2026-06-23T02:55:06.492+0000] {logging_mixin.py:188} INFO - [2026-06-23T02:55:06.492+0000] {dag.py:3954} INFO - Setting next_dagrun for consume_1_or_both_2_and_3_with_dataset_expressions to None, run_after=None
[2026-06-23T02:55:06.494+0000] {logging_mixin.py:188} INFO - [2026-06-23T02:55:06.494+0000] {dag.py:3954} INFO - Setting next_dagrun for dataset_consumes_1 to None, run_after=None
[2026-06-23T02:55:06.497+0000] {logging_mixin.py:188} INFO - [2026-06-23T02:55:06.497+0000] {dag.py:3954} INFO - Setting next_dagrun for dataset_consumes_1_and_2 to None, run_after=None
[2026-06-23T02:55:06.500+0000] {logging_mixin.py:188} INFO - [2026-06-23T02:55:06.500+0000] {dag.py:3954} INFO - Setting next_dagrun for dataset_consumes_1_never_scheduled to None, run_after=None
[2026-06-23T02:55:06.503+0000] {logging_mixin.py:188} INFO - [2026-06-23T02:55:06.503+0000] {dag.py:3954} INFO - Setting next_dagrun for dataset_consumes_unknown_never_scheduled to None, run_after=None
[2026-06-23T02:55:06.508+0000] {logging_mixin.py:188} INFO - [2026-06-23T02:55:06.508+0000] {dag.py:3954} INFO - Setting next_dagrun for dataset_produces_1 to 2026-06-22 00:00:00+00:00, run_after=2026-06-23 00:00:00+00:00
[2026-06-23T02:55:06.510+0000] {logging_mixin.py:188} INFO - [2026-06-23T02:55:06.510+0000] {dag.py:3954} INFO - Setting next_dagrun for dataset_produces_2 to None, run_after=None
[2026-06-23T02:55:06.572+0000] {processor.py:183} INFO - Processing /home/airflow/.local/lib/python3.12/site-packages/airflow/example_dags/example_datasets.py took 0.222 seconds
[2026-06-23T02:55:36.739+0000] {processor.py:161} INFO - Started process (PID=1091) to work on /home/airflow/.local/lib/python3.12/site-packages/airflow/example_dags/example_datasets.py
[2026-06-23T02:55:36.741+0000] {processor.py:830} INFO - Processing file /home/airflow/.local/lib/python3.12/site-packages/airflow/example_dags/example_datasets.py for tasks to queue
[2026-06-23T02:55:36.745+0000] {logging_mixin.py:188} INFO - [2026-06-23T02:55:36.745+0000] {dagbag.py:545} INFO - Filling up the DagBag from /home/airflow/.local/lib/python3.12/site-packages/airflow/example_dags/example_datasets.py
[2026-06-23T02:55:36.772+0000] {processor.py:840} INFO - DAG(s) 'dataset_consumes_1_and_2', 'consume_1_and_2_with_dataset_expressions', 'dataset_produces_2', 'dataset_consumes_1', 'conditional_dataset_and_time_based_timetable', 'consume_1_or_2_with_dataset_expressions', 'dataset_consumes_unknown_never_scheduled', 'dataset_produces_1', 'dataset_consumes_1_never_scheduled', 'consume_1_or_both_2_and_3_with_dataset_expressions' retrieved from /home/airflow/.local/lib/python3.12/site-packages/airflow/example_dags/example_datasets.py
[2026-06-23T02:55:36.846+0000] {logging_mixin.py:188} INFO - [2026-06-23T02:55:36.846+0000] {dag.py:3096} INFO - Sync 10 DAGs
[2026-06-23T02:55:36.879+0000] {logging_mixin.py:188} INFO - [2026-06-23T02:55:36.878+0000] {dag.py:3954} INFO - Setting next_dagrun for conditional_dataset_and_time_based_timetable to 2026-06-17 01:00:00+00:00, run_after=2026-06-17 01:00:00+00:00
[2026-06-23T02:55:36.884+0000] {logging_mixin.py:188} INFO - [2026-06-23T02:55:36.884+0000] {dag.py:3954} INFO - Setting next_dagrun for consume_1_and_2_with_dataset_expressions to None, run_after=None
[2026-06-23T02:55:36.887+0000] {logging_mixin.py:188} INFO - [2026-06-23T02:55:36.887+0000] {dag.py:3954} INFO - Setting next_dagrun for consume_1_or_2_with_dataset_expressions to None, run_after=None
[2026-06-23T02:55:36.890+0000] {logging_mixin.py:188} INFO - [2026-06-23T02:55:36.890+0000] {dag.py:3954} INFO - Setting next_dagrun for consume_1_or_both_2_and_3_with_dataset_expressions to None, run_after=None
[2026-06-23T02:55:36.893+0000] {logging_mixin.py:188} INFO - [2026-06-23T02:55:36.893+0000] {dag.py:3954} INFO - Setting next_dagrun for dataset_consumes_1 to None, run_after=None
[2026-06-23T02:55:36.896+0000] {logging_mixin.py:188} INFO - [2026-06-23T02:55:36.896+0000] {dag.py:3954} INFO - Setting next_dagrun for dataset_consumes_1_and_2 to None, run_after=None
[2026-06-23T02:55:36.898+0000] {logging_mixin.py:188} INFO - [2026-06-23T02:55:36.898+0000] {dag.py:3954} INFO - Setting next_dagrun for dataset_consumes_1_never_scheduled to None, run_after=None
[2026-06-23T02:55:36.901+0000] {logging_mixin.py:188} INFO - [2026-06-23T02:55:36.901+0000] {dag.py:3954} INFO - Setting next_dagrun for dataset_consumes_unknown_never_scheduled to None, run_after=None
[2026-06-23T02:55:36.905+0000] {logging_mixin.py:188} INFO - [2026-06-23T02:55:36.905+0000] {dag.py:3954} INFO - Setting next_dagrun for dataset_produces_1 to 2026-06-22 00:00:00+00:00, run_after=2026-06-23 00:00:00+00:00
[2026-06-23T02:55:36.908+0000] {logging_mixin.py:188} INFO - [2026-06-23T02:55:36.907+0000] {dag.py:3954} INFO - Setting next_dagrun for dataset_produces_2 to None, run_after=None
[2026-06-23T02:55:36.967+0000] {processor.py:183} INFO - Processing /home/airflow/.local/lib/python3.12/site-packages/airflow/example_dags/example_datasets.py took 0.239 seconds
[2026-06-23T02:56:07.138+0000] {processor.py:161} INFO - Started process (PID=1151) to work on /home/airflow/.local/lib/python3.12/site-packages/airflow/example_dags/example_datasets.py
[2026-06-23T02:56:07.140+0000] {processor.py:830} INFO - Processing file /home/airflow/.local/lib/python3.12/site-packages/airflow/example_dags/example_datasets.py for tasks to queue
[2026-06-23T02:56:07.143+0000] {logging_mixin.py:188} INFO - [2026-06-23T02:56:07.142+0000] {dagbag.py:545} INFO - Filling up the DagBag from /home/airflow/.local/lib/python3.12/site-packages/airflow/example_dags/example_datasets.py
[2026-06-23T02:56:07.159+0000] {processor.py:840} INFO - DAG(s) 'consume_1_and_2_with_dataset_expressions', 'conditional_dataset_and_time_based_timetable', 'dataset_consumes_1', 'dataset_consumes_1_never_scheduled', 'consume_1_or_2_with_dataset_expressions', 'dataset_produces_2', 'consume_1_or_both_2_and_3_with_dataset_expressions', 'dataset_consumes_1_and_2', 'dataset_produces_1', 'dataset_consumes_unknown_never_scheduled' retrieved from /home/airflow/.local/lib/python3.12/site-packages/airflow/example_dags/example_datasets.py
[2026-06-23T02:56:07.229+0000] {logging_mixin.py:188} INFO - [2026-06-23T02:56:07.229+0000] {dag.py:3096} INFO - Sync 10 DAGs
[2026-06-23T02:56:07.263+0000] {logging_mixin.py:188} INFO - [2026-06-23T02:56:07.262+0000] {dag.py:3954} INFO - Setting next_dagrun for conditional_dataset_and_time_based_timetable to 2026-06-17 01:00:00+00:00, run_after=2026-06-17 01:00:00+00:00
[2026-06-23T02:56:07.269+0000] {logging_mixin.py:188} INFO - [2026-06-23T02:56:07.268+0000] {dag.py:3954} INFO - Setting next_dagrun for consume_1_and_2_with_dataset_expressions to None, run_after=None
[2026-06-23T02:56:07.271+0000] {logging_mixin.py:188} INFO - [2026-06-23T02:56:07.271+0000] {dag.py:3954} INFO - Setting next_dagrun for consume_1_or_2_with_dataset_expressions to None, run_after=None
[2026-06-23T02:56:07.274+0000] {logging_mixin.py:188} INFO - [2026-06-23T02:56:07.274+0000] {dag.py:3954} INFO - Setting next_dagrun for consume_1_or_both_2_and_3_with_dataset_expressions to None, run_after=None
[2026-06-23T02:56:07.278+0000] {logging_mixin.py:188} INFO - [2026-06-23T02:56:07.278+0000] {dag.py:3954} INFO - Setting next_dagrun for dataset_consumes_1 to None, run_after=None
[2026-06-23T02:56:07.281+0000] {logging_mixin.py:188} INFO - [2026-06-23T02:56:07.280+0000] {dag.py:3954} INFO - Setting next_dagrun for dataset_consumes_1_and_2 to None, run_after=None
[2026-06-23T02:56:07.283+0000] {logging_mixin.py:188} INFO - [2026-06-23T02:56:07.283+0000] {dag.py:3954} INFO - Setting next_dagrun for dataset_consumes_1_never_scheduled to None, run_after=None
[2026-06-23T02:56:07.286+0000] {logging_mixin.py:188} INFO - [2026-06-23T02:56:07.285+0000] {dag.py:3954} INFO - Setting next_dagrun for dataset_consumes_unknown_never_scheduled to None, run_after=None
[2026-06-23T02:56:07.289+0000] {logging_mixin.py:188} INFO - [2026-06-23T02:56:07.289+0000] {dag.py:3954} INFO - Setting next_dagrun for dataset_produces_1 to 2026-06-22 00:00:00+00:00, run_after=2026-06-23 00:00:00+00:00
[2026-06-23T02:56:07.292+0000] {logging_mixin.py:188} INFO - [2026-06-23T02:56:07.292+0000] {dag.py:3954} INFO - Setting next_dagrun for dataset_produces_2 to None, run_after=None
[2026-06-23T02:56:07.355+0000] {processor.py:183} INFO - Processing /home/airflow/.local/lib/python3.12/site-packages/airflow/example_dags/example_datasets.py took 0.223 seconds
[2026-06-23T02:56:37.654+0000] {processor.py:161} INFO - Started process (PID=1212) to work on /home/airflow/.local/lib/python3.12/site-packages/airflow/example_dags/example_datasets.py
[2026-06-23T02:56:37.656+0000] {processor.py:830} INFO - Processing file /home/airflow/.local/lib/python3.12/site-packages/airflow/example_dags/example_datasets.py for tasks to queue
[2026-06-23T02:56:37.659+0000] {logging_mixin.py:188} INFO - [2026-06-23T02:56:37.658+0000] {dagbag.py:545} INFO - Filling up the DagBag from /home/airflow/.local/lib/python3.12/site-packages/airflow/example_dags/example_datasets.py
[2026-06-23T02:56:37.675+0000] {processor.py:840} INFO - DAG(s) 'consume_1_or_both_2_and_3_with_dataset_expressions', 'dataset_consumes_unknown_never_scheduled', 'dataset_consumes_1_and_2', 'dataset_produces_2', 'dataset_consumes_1_never_scheduled', 'conditional_dataset_and_time_based_timetable', 'dataset_consumes_1', 'consume_1_and_2_with_dataset_expressions', 'dataset_produces_1', 'consume_1_or_2_with_dataset_expressions' retrieved from /home/airflow/.local/lib/python3.12/site-packages/airflow/example_dags/example_datasets.py
[2026-06-23T02:56:37.746+0000] {logging_mixin.py:188} INFO - [2026-06-23T02:56:37.746+0000] {dag.py:3096} INFO - Sync 10 DAGs
[2026-06-23T02:56:37.780+0000] {logging_mixin.py:188} INFO - [2026-06-23T02:56:37.780+0000] {dag.py:3954} INFO - Setting next_dagrun for conditional_dataset_and_time_based_timetable to 2026-06-17 01:00:00+00:00, run_after=2026-06-17 01:00:00+00:00
[2026-06-23T02:56:37.786+0000] {logging_mixin.py:188} INFO - [2026-06-23T02:56:37.786+0000] {dag.py:3954} INFO - Setting next_dagrun for consume_1_and_2_with_dataset_expressions to None, run_after=None
[2026-06-23T02:56:37.789+0000] {logging_mixin.py:188} INFO - [2026-06-23T02:56:37.788+0000] {dag.py:3954} INFO - Setting next_dagrun for consume_1_or_2_with_dataset_expressions to None, run_after=None
[2026-06-23T02:56:37.791+0000] {logging_mixin.py:188} INFO - [2026-06-23T02:56:37.791+0000] {dag.py:3954} INFO - Setting next_dagrun for consume_1_or_both_2_and_3_with_dataset_expressions to None, run_after=None
[2026-06-23T02:56:37.794+0000] {logging_mixin.py:188} INFO - [2026-06-23T02:56:37.794+0000] {dag.py:3954} INFO - Setting next_dagrun for dataset_consumes_1 to None, run_after=None
[2026-06-23T02:56:37.797+0000] {logging_mixin.py:188} INFO - [2026-06-23T02:56:37.797+0000] {dag.py:3954} INFO - Setting next_dagrun for dataset_consumes_1_and_2 to None, run_after=None
[2026-06-23T02:56:37.800+0000] {logging_mixin.py:188} INFO - [2026-06-23T02:56:37.800+0000] {dag.py:3954} INFO - Setting next_dagrun for dataset_consumes_1_never_scheduled to None, run_after=None
[2026-06-23T02:56:37.803+0000] {logging_mixin.py:188} INFO - [2026-06-23T02:56:37.802+0000] {dag.py:3954} INFO - Setting next_dagrun for dataset_consumes_unknown_never_scheduled to None, run_after=None
[2026-06-23T02:56:37.807+0000] {logging_mixin.py:188} INFO - [2026-06-23T02:56:37.806+0000] {dag.py:3954} INFO - Setting next_dagrun for dataset_produces_1 to 2026-06-22 00:00:00+00:00, run_after=2026-06-23 00:00:00+00:00
[2026-06-23T02:56:37.809+0000] {logging_mixin.py:188} INFO - [2026-06-23T02:56:37.809+0000] {dag.py:3954} INFO - Setting next_dagrun for dataset_produces_2 to None, run_after=None
[2026-06-23T02:56:37.871+0000] {processor.py:183} INFO - Processing /home/airflow/.local/lib/python3.12/site-packages/airflow/example_dags/example_datasets.py took 0.225 seconds
[2026-06-23T02:57:07.998+0000] {processor.py:161} INFO - Started process (PID=1271) to work on /home/airflow/.local/lib/python3.12/site-packages/airflow/example_dags/example_datasets.py
[2026-06-23T02:57:08.000+0000] {processor.py:830} INFO - Processing file /home/airflow/.local/lib/python3.12/site-packages/airflow/example_dags/example_datasets.py for tasks to queue
[2026-06-23T02:57:08.003+0000] {logging_mixin.py:188} INFO - [2026-06-23T02:57:08.002+0000] {dagbag.py:545} INFO - Filling up the DagBag from /home/airflow/.local/lib/python3.12/site-packages/airflow/example_dags/example_datasets.py
[2026-06-23T02:57:08.019+0000] {processor.py:840} INFO - DAG(s) 'dataset_produces_2', 'dataset_consumes_1', 'dataset_produces_1', 'dataset_consumes_1_never_scheduled', 'consume_1_and_2_with_dataset_expressions', 'dataset_consumes_1_and_2', 'consume_1_or_2_with_dataset_expressions', 'conditional_dataset_and_time_based_timetable', 'dataset_consumes_unknown_never_scheduled', 'consume_1_or_both_2_and_3_with_dataset_expressions' retrieved from /home/airflow/.local/lib/python3.12/site-packages/airflow/example_dags/example_datasets.py
[2026-06-23T02:57:08.096+0000] {logging_mixin.py:188} INFO - [2026-06-23T02:57:08.096+0000] {dag.py:3096} INFO - Sync 10 DAGs
[2026-06-23T02:57:08.132+0000] {logging_mixin.py:188} INFO - [2026-06-23T02:57:08.131+0000] {dag.py:3954} INFO - Setting next_dagrun for conditional_dataset_and_time_based_timetable to 2026-06-17 01:00:00+00:00, run_after=2026-06-17 01:00:00+00:00
[2026-06-23T02:57:08.311+0000] {logging_mixin.py:188} INFO - [2026-06-23T02:57:08.311+0000] {dag.py:3954} INFO - Setting next_dagrun for consume_1_and_2_with_dataset_expressions to None, run_after=None
[2026-06-23T02:57:08.314+0000] {logging_mixin.py:188} INFO - [2026-06-23T02:57:08.314+0000] {dag.py:3954} INFO - Setting next_dagrun for consume_1_or_2_with_dataset_expressions to None, run_after=None
[2026-06-23T02:57:08.317+0000] {logging_mixin.py:188} INFO - [2026-06-23T02:57:08.317+0000] {dag.py:3954} INFO - Setting next_dagrun for consume_1_or_both_2_and_3_with_dataset_expressions to None, run_after=None
[2026-06-23T02:57:08.321+0000] {logging_mixin.py:188} INFO - [2026-06-23T02:57:08.320+0000] {dag.py:3954} INFO - Setting next_dagrun for dataset_consumes_1 to None, run_after=None
[2026-06-23T02:57:08.324+0000] {logging_mixin.py:188} INFO - [2026-06-23T02:57:08.323+0000] {dag.py:3954} INFO - Setting next_dagrun for dataset_consumes_1_and_2 to None, run_after=None
[2026-06-23T02:57:08.327+0000] {logging_mixin.py:188} INFO - [2026-06-23T02:57:08.326+0000] {dag.py:3954} INFO - Setting next_dagrun for dataset_consumes_1_never_scheduled to None, run_after=None
[2026-06-23T02:57:08.330+0000] {logging_mixin.py:188} INFO - [2026-06-23T02:57:08.329+0000] {dag.py:3954} INFO - Setting next_dagrun for dataset_consumes_unknown_never_scheduled to None, run_after=None
[2026-06-23T02:57:08.334+0000] {logging_mixin.py:188} INFO - [2026-06-23T02:57:08.334+0000] {dag.py:3954} INFO - Setting next_dagrun for dataset_produces_1 to 2026-06-22 00:00:00+00:00, run_after=2026-06-23 00:00:00+00:00
[2026-06-23T02:57:08.337+0000] {logging_mixin.py:188} INFO - [2026-06-23T02:57:08.337+0000] {dag.py:3954} INFO - Setting next_dagrun for dataset_produces_2 to None, run_after=None
[2026-06-23T02:57:08.402+0000] {processor.py:183} INFO - Processing /home/airflow/.local/lib/python3.12/site-packages/airflow/example_dags/example_datasets.py took 0.410 seconds
[2026-06-23T02:57:38.868+0000] {processor.py:161} INFO - Started process (PID=1332) to work on /home/airflow/.local/lib/python3.12/site-packages/airflow/example_dags/example_datasets.py
[2026-06-23T02:57:38.875+0000] {processor.py:830} INFO - Processing file /home/airflow/.local/lib/python3.12/site-packages/airflow/example_dags/example_datasets.py for tasks to queue
[2026-06-23T02:57:38.883+0000] {logging_mixin.py:188} INFO - [2026-06-23T02:57:38.882+0000] {dagbag.py:545} INFO - Filling up the DagBag from /home/airflow/.local/lib/python3.12/site-packages/airflow/example_dags/example_datasets.py
[2026-06-23T02:57:38.941+0000] {processor.py:840} INFO - DAG(s) 'consume_1_and_2_with_dataset_expressions', 'consume_1_or_both_2_and_3_with_dataset_expressions', 'dataset_consumes_unknown_never_scheduled', 'consume_1_or_2_with_dataset_expressions', 'dataset_produces_1', 'conditional_dataset_and_time_based_timetable', 'dataset_consumes_1_and_2', 'dataset_consumes_1_never_scheduled', 'dataset_consumes_1', 'dataset_produces_2' retrieved from /home/airflow/.local/lib/python3.12/site-packages/airflow/example_dags/example_datasets.py
[2026-06-23T02:57:39.107+0000] {logging_mixin.py:188} INFO - [2026-06-23T02:57:39.107+0000] {dag.py:3096} INFO - Sync 10 DAGs
[2026-06-23T02:57:39.185+0000] {logging_mixin.py:188} INFO - [2026-06-23T02:57:39.184+0000] {dag.py:3954} INFO - Setting next_dagrun for conditional_dataset_and_time_based_timetable to 2026-06-17 01:00:00+00:00, run_after=2026-06-17 01:00:00+00:00
[2026-06-23T02:57:39.200+0000] {logging_mixin.py:188} INFO - [2026-06-23T02:57:39.199+0000] {dag.py:3954} INFO - Setting next_dagrun for consume_1_and_2_with_dataset_expressions to None, run_after=None
[2026-06-23T02:57:39.205+0000] {logging_mixin.py:188} INFO - [2026-06-23T02:57:39.204+0000] {dag.py:3954} INFO - Setting next_dagrun for consume_1_or_2_with_dataset_expressions to None, run_after=None
[2026-06-23T02:57:39.209+0000] {logging_mixin.py:188} INFO - [2026-06-23T02:57:39.209+0000] {dag.py:3954} INFO - Setting next_dagrun for consume_1_or_both_2_and_3_with_dataset_expressions to None, run_after=None
[2026-06-23T02:57:39.215+0000] {logging_mixin.py:188} INFO - [2026-06-23T02:57:39.215+0000] {dag.py:3954} INFO - Setting next_dagrun for dataset_consumes_1 to None, run_after=None
[2026-06-23T02:57:39.220+0000] {logging_mixin.py:188} INFO - [2026-06-23T02:57:39.219+0000] {dag.py:3954} INFO - Setting next_dagrun for dataset_consumes_1_and_2 to None, run_after=None
[2026-06-23T02:57:39.224+0000] {logging_mixin.py:188} INFO - [2026-06-23T02:57:39.224+0000] {dag.py:3954} INFO - Setting next_dagrun for dataset_consumes_1_never_scheduled to None, run_after=None
[2026-06-23T02:57:39.230+0000] {logging_mixin.py:188} INFO - [2026-06-23T02:57:39.229+0000] {dag.py:3954} INFO - Setting next_dagrun for dataset_consumes_unknown_never_scheduled to None, run_after=None
[2026-06-23T02:57:39.236+0000] {logging_mixin.py:188} INFO - [2026-06-23T02:57:39.236+0000] {dag.py:3954} INFO - Setting next_dagrun for dataset_produces_1 to 2026-06-22 00:00:00+00:00, run_after=2026-06-23 00:00:00+00:00
[2026-06-23T02:57:39.240+0000] {logging_mixin.py:188} INFO - [2026-06-23T02:57:39.240+0000] {dag.py:3954} INFO - Setting next_dagrun for dataset_produces_2 to None, run_after=None
[2026-06-23T02:57:39.620+0000] {processor.py:183} INFO - Processing /home/airflow/.local/lib/python3.12/site-packages/airflow/example_dags/example_datasets.py took 0.777 seconds
[2026-06-23T02:58:52.311+0000] {processor.py:161} INFO - Started process (PID=1385) to work on /home/airflow/.local/lib/python3.12/site-packages/airflow/example_dags/example_datasets.py
[2026-06-23T02:58:52.313+0000] {processor.py:830} INFO - Processing file /home/airflow/.local/lib/python3.12/site-packages/airflow/example_dags/example_datasets.py for tasks to queue
[2026-06-23T02:58:52.316+0000] {logging_mixin.py:188} INFO - [2026-06-23T02:58:52.315+0000] {dagbag.py:545} INFO - Filling up the DagBag from /home/airflow/.local/lib/python3.12/site-packages/airflow/example_dags/example_datasets.py
[2026-06-23T02:58:52.336+0000] {processor.py:840} INFO - DAG(s) 'dataset_consumes_1', 'dataset_produces_2', 'consume_1_and_2_with_dataset_expressions', 'dataset_consumes_1_never_scheduled', 'dataset_consumes_unknown_never_scheduled', 'dataset_produces_1', 'dataset_consumes_1_and_2', 'consume_1_or_both_2_and_3_with_dataset_expressions', 'consume_1_or_2_with_dataset_expressions', 'conditional_dataset_and_time_based_timetable' retrieved from /home/airflow/.local/lib/python3.12/site-packages/airflow/example_dags/example_datasets.py
[2026-06-23T02:58:52.407+0000] {logging_mixin.py:188} INFO - [2026-06-23T02:58:52.407+0000] {dag.py:3096} INFO - Sync 10 DAGs
[2026-06-23T02:58:52.439+0000] {logging_mixin.py:188} INFO - [2026-06-23T02:58:52.438+0000] {dag.py:3954} INFO - Setting next_dagrun for conditional_dataset_and_time_based_timetable to 2026-06-17 01:00:00+00:00, run_after=2026-06-17 01:00:00+00:00
[2026-06-23T02:58:52.446+0000] {logging_mixin.py:188} INFO - [2026-06-23T02:58:52.445+0000] {dag.py:3954} INFO - Setting next_dagrun for consume_1_and_2_with_dataset_expressions to None, run_after=None
[2026-06-23T02:58:52.449+0000] {logging_mixin.py:188} INFO - [2026-06-23T02:58:52.448+0000] {dag.py:3954} INFO - Setting next_dagrun for consume_1_or_2_with_dataset_expressions to None, run_after=None
[2026-06-23T02:58:52.451+0000] {logging_mixin.py:188} INFO - [2026-06-23T02:58:52.451+0000] {dag.py:3954} INFO - Setting next_dagrun for consume_1_or_both_2_and_3_with_dataset_expressions to None, run_after=None
[2026-06-23T02:58:52.454+0000] {logging_mixin.py:188} INFO - [2026-06-23T02:58:52.453+0000] {dag.py:3954} INFO - Setting next_dagrun for dataset_consumes_1 to None, run_after=None
[2026-06-23T02:58:52.457+0000] {logging_mixin.py:188} INFO - [2026-06-23T02:58:52.457+0000] {dag.py:3954} INFO - Setting next_dagrun for dataset_consumes_1_and_2 to None, run_after=None
[2026-06-23T02:58:52.460+0000] {logging_mixin.py:188} INFO - [2026-06-23T02:58:52.460+0000] {dag.py:3954} INFO - Setting next_dagrun for dataset_consumes_1_never_scheduled to None, run_after=None
[2026-06-23T02:58:52.463+0000] {logging_mixin.py:188} INFO - [2026-06-23T02:58:52.463+0000] {dag.py:3954} INFO - Setting next_dagrun for dataset_consumes_unknown_never_scheduled to None, run_after=None
[2026-06-23T02:58:52.467+0000] {logging_mixin.py:188} INFO - [2026-06-23T02:58:52.467+0000] {dag.py:3954} INFO - Setting next_dagrun for dataset_produces_1 to 2026-06-22 00:00:00+00:00, run_after=2026-06-23 00:00:00+00:00
[2026-06-23T02:58:52.469+0000] {logging_mixin.py:188} INFO - [2026-06-23T02:58:52.469+0000] {dag.py:3954} INFO - Setting next_dagrun for dataset_produces_2 to None, run_after=None
[2026-06-23T02:58:52.531+0000] {processor.py:183} INFO - Processing /home/airflow/.local/lib/python3.12/site-packages/airflow/example_dags/example_datasets.py took 0.227 seconds
[2026-06-23T02:59:23.080+0000] {processor.py:161} INFO - Started process (PID=1445) to work on /home/airflow/.local/lib/python3.12/site-packages/airflow/example_dags/example_datasets.py
[2026-06-23T02:59:23.082+0000] {processor.py:830} INFO - Processing file /home/airflow/.local/lib/python3.12/site-packages/airflow/example_dags/example_datasets.py for tasks to queue
[2026-06-23T02:59:23.085+0000] {logging_mixin.py:188} INFO - [2026-06-23T02:59:23.084+0000] {dagbag.py:545} INFO - Filling up the DagBag from /home/airflow/.local/lib/python3.12/site-packages/airflow/example_dags/example_datasets.py
[2026-06-23T02:59:23.103+0000] {processor.py:840} INFO - DAG(s) 'dataset_consumes_unknown_never_scheduled', 'dataset_consumes_1_never_scheduled', 'consume_1_and_2_with_dataset_expressions', 'dataset_consumes_1', 'conditional_dataset_and_time_based_timetable', 'dataset_produces_2', 'consume_1_or_both_2_and_3_with_dataset_expressions', 'consume_1_or_2_with_dataset_expressions', 'dataset_produces_1', 'dataset_consumes_1_and_2' retrieved from /home/airflow/.local/lib/python3.12/site-packages/airflow/example_dags/example_datasets.py
[2026-06-23T02:59:23.173+0000] {logging_mixin.py:188} INFO - [2026-06-23T02:59:23.173+0000] {dag.py:3096} INFO - Sync 10 DAGs
[2026-06-23T02:59:23.204+0000] {logging_mixin.py:188} INFO - [2026-06-23T02:59:23.203+0000] {dag.py:3954} INFO - Setting next_dagrun for conditional_dataset_and_time_based_timetable to 2026-06-17 01:00:00+00:00, run_after=2026-06-17 01:00:00+00:00
[2026-06-23T02:59:23.210+0000] {logging_mixin.py:188} INFO - [2026-06-23T02:59:23.209+0000] {dag.py:3954} INFO - Setting next_dagrun for consume_1_and_2_with_dataset_expressions to None, run_after=None
[2026-06-23T02:59:23.212+0000] {logging_mixin.py:188} INFO - [2026-06-23T02:59:23.212+0000] {dag.py:3954} INFO - Setting next_dagrun for consume_1_or_2_with_dataset_expressions to None, run_after=None
[2026-06-23T02:59:23.215+0000] {logging_mixin.py:188} INFO - [2026-06-23T02:59:23.214+0000] {dag.py:3954} INFO - Setting next_dagrun for consume_1_or_both_2_and_3_with_dataset_expressions to None, run_after=None
[2026-06-23T02:59:23.218+0000] {logging_mixin.py:188} INFO - [2026-06-23T02:59:23.218+0000] {dag.py:3954} INFO - Setting next_dagrun for dataset_consumes_1 to None, run_after=None
[2026-06-23T02:59:23.221+0000] {logging_mixin.py:188} INFO - [2026-06-23T02:59:23.220+0000] {dag.py:3954} INFO - Setting next_dagrun for dataset_consumes_1_and_2 to None, run_after=None
[2026-06-23T02:59:23.224+0000] {logging_mixin.py:188} INFO - [2026-06-23T02:59:23.223+0000] {dag.py:3954} INFO - Setting next_dagrun for dataset_consumes_1_never_scheduled to None, run_after=None
[2026-06-23T02:59:23.226+0000] {logging_mixin.py:188} INFO - [2026-06-23T02:59:23.226+0000] {dag.py:3954} INFO - Setting next_dagrun for dataset_consumes_unknown_never_scheduled to None, run_after=None
[2026-06-23T02:59:23.230+0000] {logging_mixin.py:188} INFO - [2026-06-23T02:59:23.230+0000] {dag.py:3954} INFO - Setting next_dagrun for dataset_produces_1 to 2026-06-22 00:00:00+00:00, run_after=2026-06-23 00:00:00+00:00
[2026-06-23T02:59:23.233+0000] {logging_mixin.py:188} INFO - [2026-06-23T02:59:23.233+0000] {dag.py:3954} INFO - Setting next_dagrun for dataset_produces_2 to None, run_after=None
[2026-06-23T02:59:23.288+0000] {processor.py:183} INFO - Processing /home/airflow/.local/lib/python3.12/site-packages/airflow/example_dags/example_datasets.py took 0.215 seconds
[2026-06-23T02:59:53.709+0000] {processor.py:161} INFO - Started process (PID=1503) to work on /home/airflow/.local/lib/python3.12/site-packages/airflow/example_dags/example_datasets.py
[2026-06-23T02:59:53.711+0000] {processor.py:830} INFO - Processing file /home/airflow/.local/lib/python3.12/site-packages/airflow/example_dags/example_datasets.py for tasks to queue
[2026-06-23T02:59:53.714+0000] {logging_mixin.py:188} INFO - [2026-06-23T02:59:53.713+0000] {dagbag.py:545} INFO - Filling up the DagBag from /home/airflow/.local/lib/python3.12/site-packages/airflow/example_dags/example_datasets.py
[2026-06-23T02:59:53.730+0000] {processor.py:840} INFO - DAG(s) 'conditional_dataset_and_time_based_timetable', 'consume_1_or_both_2_and_3_with_dataset_expressions', 'dataset_consumes_unknown_never_scheduled', 'consume_1_and_2_with_dataset_expressions', 'consume_1_or_2_with_dataset_expressions', 'dataset_consumes_1_never_scheduled', 'dataset_produces_1', 'dataset_consumes_1', 'dataset_produces_2', 'dataset_consumes_1_and_2' retrieved from /home/airflow/.local/lib/python3.12/site-packages/airflow/example_dags/example_datasets.py
[2026-06-23T02:59:53.950+0000] {logging_mixin.py:188} INFO - [2026-06-23T02:59:53.949+0000] {dag.py:3096} INFO - Sync 10 DAGs
[2026-06-23T02:59:53.976+0000] {logging_mixin.py:188} INFO - [2026-06-23T02:59:53.976+0000] {dag.py:3954} INFO - Setting next_dagrun for conditional_dataset_and_time_based_timetable to 2026-06-17 01:00:00+00:00, run_after=2026-06-17 01:00:00+00:00
[2026-06-23T02:59:53.982+0000] {logging_mixin.py:188} INFO - [2026-06-23T02:59:53.981+0000] {dag.py:3954} INFO - Setting next_dagrun for consume_1_and_2_with_dataset_expressions to None, run_after=None
[2026-06-23T02:59:53.984+0000] {logging_mixin.py:188} INFO - [2026-06-23T02:59:53.984+0000] {dag.py:3954} INFO - Setting next_dagrun for consume_1_or_2_with_dataset_expressions to None, run_after=None
[2026-06-23T02:59:53.986+0000] {logging_mixin.py:188} INFO - [2026-06-23T02:59:53.986+0000] {dag.py:3954} INFO - Setting next_dagrun for consume_1_or_both_2_and_3_with_dataset_expressions to None, run_after=None
[2026-06-23T02:59:53.989+0000] {logging_mixin.py:188} INFO - [2026-06-23T02:59:53.989+0000] {dag.py:3954} INFO - Setting next_dagrun for dataset_consumes_1 to None, run_after=None
[2026-06-23T02:59:53.992+0000] {logging_mixin.py:188} INFO - [2026-06-23T02:59:53.992+0000] {dag.py:3954} INFO - Setting next_dagrun for dataset_consumes_1_and_2 to None, run_after=None
[2026-06-23T02:59:53.995+0000] {logging_mixin.py:188} INFO - [2026-06-23T02:59:53.995+0000] {dag.py:3954} INFO - Setting next_dagrun for dataset_consumes_1_never_scheduled to None, run_after=None
[2026-06-23T02:59:53.998+0000] {logging_mixin.py:188} INFO - [2026-06-23T02:59:53.997+0000] {dag.py:3954} INFO - Setting next_dagrun for dataset_consumes_unknown_never_scheduled to None, run_after=None
[2026-06-23T02:59:54.003+0000] {logging_mixin.py:188} INFO - [2026-06-23T02:59:54.002+0000] {dag.py:3954} INFO - Setting next_dagrun for dataset_produces_1 to 2026-06-22 00:00:00+00:00, run_after=2026-06-23 00:00:00+00:00
[2026-06-23T02:59:54.005+0000] {logging_mixin.py:188} INFO - [2026-06-23T02:59:54.005+0000] {dag.py:3954} INFO - Setting next_dagrun for dataset_produces_2 to None, run_after=None
[2026-06-23T02:59:54.068+0000] {processor.py:183} INFO - Processing /home/airflow/.local/lib/python3.12/site-packages/airflow/example_dags/example_datasets.py took 0.365 seconds
[2026-06-23T03:00:24.583+0000] {processor.py:161} INFO - Started process (PID=1562) to work on /home/airflow/.local/lib/python3.12/site-packages/airflow/example_dags/example_datasets.py
[2026-06-23T03:00:24.585+0000] {processor.py:830} INFO - Processing file /home/airflow/.local/lib/python3.12/site-packages/airflow/example_dags/example_datasets.py for tasks to queue
[2026-06-23T03:00:24.588+0000] {logging_mixin.py:188} INFO - [2026-06-23T03:00:24.587+0000] {dagbag.py:545} INFO - Filling up the DagBag from /home/airflow/.local/lib/python3.12/site-packages/airflow/example_dags/example_datasets.py
[2026-06-23T03:00:24.604+0000] {processor.py:840} INFO - DAG(s) 'dataset_consumes_unknown_never_scheduled', 'dataset_consumes_1', 'consume_1_or_2_with_dataset_expressions', 'consume_1_or_both_2_and_3_with_dataset_expressions', 'conditional_dataset_and_time_based_timetable', 'dataset_consumes_1_and_2', 'dataset_produces_1', 'dataset_produces_2', 'consume_1_and_2_with_dataset_expressions', 'dataset_consumes_1_never_scheduled' retrieved from /home/airflow/.local/lib/python3.12/site-packages/airflow/example_dags/example_datasets.py
[2026-06-23T03:00:24.676+0000] {logging_mixin.py:188} INFO - [2026-06-23T03:00:24.675+0000] {dag.py:3096} INFO - Sync 10 DAGs
[2026-06-23T03:00:24.703+0000] {logging_mixin.py:188} INFO - [2026-06-23T03:00:24.703+0000] {dag.py:3954} INFO - Setting next_dagrun for conditional_dataset_and_time_based_timetable to 2026-06-17 01:00:00+00:00, run_after=2026-06-17 01:00:00+00:00
[2026-06-23T03:00:24.708+0000] {logging_mixin.py:188} INFO - [2026-06-23T03:00:24.708+0000] {dag.py:3954} INFO - Setting next_dagrun for consume_1_and_2_with_dataset_expressions to None, run_after=None
[2026-06-23T03:00:24.711+0000] {logging_mixin.py:188} INFO - [2026-06-23T03:00:24.710+0000] {dag.py:3954} INFO - Setting next_dagrun for consume_1_or_2_with_dataset_expressions to None, run_after=None
[2026-06-23T03:00:24.713+0000] {logging_mixin.py:188} INFO - [2026-06-23T03:00:24.713+0000] {dag.py:3954} INFO - Setting next_dagrun for consume_1_or_both_2_and_3_with_dataset_expressions to None, run_after=None
[2026-06-23T03:00:24.715+0000] {logging_mixin.py:188} INFO - [2026-06-23T03:00:24.715+0000] {dag.py:3954} INFO - Setting next_dagrun for dataset_consumes_1 to None, run_after=None
[2026-06-23T03:00:24.718+0000] {logging_mixin.py:188} INFO - [2026-06-23T03:00:24.718+0000] {dag.py:3954} INFO - Setting next_dagrun for dataset_consumes_1_and_2 to None, run_after=None
[2026-06-23T03:00:24.720+0000] {logging_mixin.py:188} INFO - [2026-06-23T03:00:24.720+0000] {dag.py:3954} INFO - Setting next_dagrun for dataset_consumes_1_never_scheduled to None, run_after=None
[2026-06-23T03:00:24.723+0000] {logging_mixin.py:188} INFO - [2026-06-23T03:00:24.723+0000] {dag.py:3954} INFO - Setting next_dagrun for dataset_consumes_unknown_never_scheduled to None, run_after=None
[2026-06-23T03:00:24.729+0000] {logging_mixin.py:188} INFO - [2026-06-23T03:00:24.729+0000] {dag.py:3954} INFO - Setting next_dagrun for dataset_produces_1 to 2026-06-22 00:00:00+00:00, run_after=2026-06-23 00:00:00+00:00
[2026-06-23T03:00:24.732+0000] {logging_mixin.py:188} INFO - [2026-06-23T03:00:24.732+0000] {dag.py:3954} INFO - Setting next_dagrun for dataset_produces_2 to None, run_after=None
[2026-06-23T03:00:24.787+0000] {processor.py:183} INFO - Processing /home/airflow/.local/lib/python3.12/site-packages/airflow/example_dags/example_datasets.py took 0.211 seconds
[2026-06-23T03:00:55.280+0000] {processor.py:161} INFO - Started process (PID=1621) to work on /home/airflow/.local/lib/python3.12/site-packages/airflow/example_dags/example_datasets.py
[2026-06-23T03:00:55.283+0000] {processor.py:830} INFO - Processing file /home/airflow/.local/lib/python3.12/site-packages/airflow/example_dags/example_datasets.py for tasks to queue
[2026-06-23T03:00:55.286+0000] {logging_mixin.py:188} INFO - [2026-06-23T03:00:55.285+0000] {dagbag.py:545} INFO - Filling up the DagBag from /home/airflow/.local/lib/python3.12/site-packages/airflow/example_dags/example_datasets.py
[2026-06-23T03:00:55.305+0000] {processor.py:840} INFO - DAG(s) 'dataset_produces_1', 'consume_1_and_2_with_dataset_expressions', 'dataset_consumes_unknown_never_scheduled', 'dataset_consumes_1', 'consume_1_or_2_with_dataset_expressions', 'conditional_dataset_and_time_based_timetable', 'dataset_produces_2', 'dataset_consumes_1_and_2', 'consume_1_or_both_2_and_3_with_dataset_expressions', 'dataset_consumes_1_never_scheduled' retrieved from /home/airflow/.local/lib/python3.12/site-packages/airflow/example_dags/example_datasets.py
[2026-06-23T03:00:55.374+0000] {logging_mixin.py:188} INFO - [2026-06-23T03:00:55.373+0000] {dag.py:3096} INFO - Sync 10 DAGs
[2026-06-23T03:00:55.405+0000] {logging_mixin.py:188} INFO - [2026-06-23T03:00:55.404+0000] {dag.py:3954} INFO - Setting next_dagrun for conditional_dataset_and_time_based_timetable to 2026-06-17 01:00:00+00:00, run_after=2026-06-17 01:00:00+00:00
[2026-06-23T03:00:55.410+0000] {logging_mixin.py:188} INFO - [2026-06-23T03:00:55.410+0000] {dag.py:3954} INFO - Setting next_dagrun for consume_1_and_2_with_dataset_expressions to None, run_after=None
[2026-06-23T03:00:55.413+0000] {logging_mixin.py:188} INFO - [2026-06-23T03:00:55.412+0000] {dag.py:3954} INFO - Setting next_dagrun for consume_1_or_2_with_dataset_expressions to None, run_after=None
[2026-06-23T03:00:55.415+0000] {logging_mixin.py:188} INFO - [2026-06-23T03:00:55.415+0000] {dag.py:3954} INFO - Setting next_dagrun for consume_1_or_both_2_and_3_with_dataset_expressions to None, run_after=None
[2026-06-23T03:00:55.419+0000] {logging_mixin.py:188} INFO - [2026-06-23T03:00:55.419+0000] {dag.py:3954} INFO - Setting next_dagrun for dataset_consumes_1 to None, run_after=None
[2026-06-23T03:00:55.422+0000] {logging_mixin.py:188} INFO - [2026-06-23T03:00:55.422+0000] {dag.py:3954} INFO - Setting next_dagrun for dataset_consumes_1_and_2 to None, run_after=None
[2026-06-23T03:00:55.425+0000] {logging_mixin.py:188} INFO - [2026-06-23T03:00:55.424+0000] {dag.py:3954} INFO - Setting next_dagrun for dataset_consumes_1_never_scheduled to None, run_after=None
[2026-06-23T03:00:55.427+0000] {logging_mixin.py:188} INFO - [2026-06-23T03:00:55.427+0000] {dag.py:3954} INFO - Setting next_dagrun for dataset_consumes_unknown_never_scheduled to None, run_after=None
[2026-06-23T03:00:55.431+0000] {logging_mixin.py:188} INFO - [2026-06-23T03:00:55.431+0000] {dag.py:3954} INFO - Setting next_dagrun for dataset_produces_1 to 2026-06-22 00:00:00+00:00, run_after=2026-06-23 00:00:00+00:00
[2026-06-23T03:00:55.435+0000] {logging_mixin.py:188} INFO - [2026-06-23T03:00:55.434+0000] {dag.py:3954} INFO - Setting next_dagrun for dataset_produces_2 to None, run_after=None
[2026-06-23T03:00:55.494+0000] {processor.py:183} INFO - Processing /home/airflow/.local/lib/python3.12/site-packages/airflow/example_dags/example_datasets.py took 0.222 seconds
[2026-06-23T03:01:26.016+0000] {processor.py:161} INFO - Started process (PID=1680) to work on /home/airflow/.local/lib/python3.12/site-packages/airflow/example_dags/example_datasets.py
[2026-06-23T03:01:26.018+0000] {processor.py:830} INFO - Processing file /home/airflow/.local/lib/python3.12/site-packages/airflow/example_dags/example_datasets.py for tasks to queue
[2026-06-23T03:01:26.022+0000] {logging_mixin.py:188} INFO - [2026-06-23T03:01:26.022+0000] {dagbag.py:545} INFO - Filling up the DagBag from /home/airflow/.local/lib/python3.12/site-packages/airflow/example_dags/example_datasets.py
[2026-06-23T03:01:26.041+0000] {processor.py:840} INFO - DAG(s) 'dataset_produces_2', 'conditional_dataset_and_time_based_timetable', 'dataset_produces_1', 'dataset_consumes_unknown_never_scheduled', 'dataset_consumes_1_never_scheduled', 'dataset_consumes_1', 'consume_1_or_2_with_dataset_expressions', 'consume_1_or_both_2_and_3_with_dataset_expressions', 'consume_1_and_2_with_dataset_expressions', 'dataset_consumes_1_and_2' retrieved from /home/airflow/.local/lib/python3.12/site-packages/airflow/example_dags/example_datasets.py
[2026-06-23T03:01:26.112+0000] {logging_mixin.py:188} INFO - [2026-06-23T03:01:26.112+0000] {dag.py:3096} INFO - Sync 10 DAGs
[2026-06-23T03:01:26.149+0000] {logging_mixin.py:188} INFO - [2026-06-23T03:01:26.149+0000] {dag.py:3954} INFO - Setting next_dagrun for conditional_dataset_and_time_based_timetable to 2026-06-17 01:00:00+00:00, run_after=2026-06-17 01:00:00+00:00
[2026-06-23T03:01:26.155+0000] {logging_mixin.py:188} INFO - [2026-06-23T03:01:26.155+0000] {dag.py:3954} INFO - Setting next_dagrun for consume_1_and_2_with_dataset_expressions to None, run_after=None
[2026-06-23T03:01:26.158+0000] {logging_mixin.py:188} INFO - [2026-06-23T03:01:26.158+0000] {dag.py:3954} INFO - Setting next_dagrun for consume_1_or_2_with_dataset_expressions to None, run_after=None
[2026-06-23T03:01:26.161+0000] {logging_mixin.py:188} INFO - [2026-06-23T03:01:26.161+0000] {dag.py:3954} INFO - Setting next_dagrun for consume_1_or_both_2_and_3_with_dataset_expressions to None, run_after=None
[2026-06-23T03:01:26.163+0000] {logging_mixin.py:188} INFO - [2026-06-23T03:01:26.163+0000] {dag.py:3954} INFO - Setting next_dagrun for dataset_consumes_1 to None, run_after=None
[2026-06-23T03:01:26.166+0000] {logging_mixin.py:188} INFO - [2026-06-23T03:01:26.166+0000] {dag.py:3954} INFO - Setting next_dagrun for dataset_consumes_1_and_2 to None, run_after=None
[2026-06-23T03:01:26.169+0000] {logging_mixin.py:188} INFO - [2026-06-23T03:01:26.169+0000] {dag.py:3954} INFO - Setting next_dagrun for dataset_consumes_1_never_scheduled to None, run_after=None
[2026-06-23T03:01:26.172+0000] {logging_mixin.py:188} INFO - [2026-06-23T03:01:26.171+0000] {dag.py:3954} INFO - Setting next_dagrun for dataset_consumes_unknown_never_scheduled to None, run_after=None
[2026-06-23T03:01:26.176+0000] {logging_mixin.py:188} INFO - [2026-06-23T03:01:26.176+0000] {dag.py:3954} INFO - Setting next_dagrun for dataset_produces_1 to 2026-06-22 00:00:00+00:00, run_after=2026-06-23 00:00:00+00:00
[2026-06-23T03:01:26.179+0000] {logging_mixin.py:188} INFO - [2026-06-23T03:01:26.179+0000] {dag.py:3954} INFO - Setting next_dagrun for dataset_produces_2 to None, run_after=None
[2026-06-23T03:01:26.237+0000] {processor.py:183} INFO - Processing /home/airflow/.local/lib/python3.12/site-packages/airflow/example_dags/example_datasets.py took 0.228 seconds
[2026-06-23T03:01:56.738+0000] {processor.py:161} INFO - Started process (PID=1739) to work on /home/airflow/.local/lib/python3.12/site-packages/airflow/example_dags/example_datasets.py
[2026-06-23T03:01:56.740+0000] {processor.py:830} INFO - Processing file /home/airflow/.local/lib/python3.12/site-packages/airflow/example_dags/example_datasets.py for tasks to queue
[2026-06-23T03:01:56.745+0000] {logging_mixin.py:188} INFO - [2026-06-23T03:01:56.744+0000] {dagbag.py:545} INFO - Filling up the DagBag from /home/airflow/.local/lib/python3.12/site-packages/airflow/example_dags/example_datasets.py
[2026-06-23T03:01:56.768+0000] {processor.py:840} INFO - DAG(s) 'dataset_consumes_1_never_scheduled', 'conditional_dataset_and_time_based_timetable', 'dataset_produces_1', 'dataset_consumes_unknown_never_scheduled', 'consume_1_or_both_2_and_3_with_dataset_expressions', 'consume_1_or_2_with_dataset_expressions', 'dataset_produces_2', 'consume_1_and_2_with_dataset_expressions', 'dataset_consumes_1', 'dataset_consumes_1_and_2' retrieved from /home/airflow/.local/lib/python3.12/site-packages/airflow/example_dags/example_datasets.py
[2026-06-23T03:01:56.847+0000] {logging_mixin.py:188} INFO - [2026-06-23T03:01:56.847+0000] {dag.py:3096} INFO - Sync 10 DAGs
[2026-06-23T03:01:56.883+0000] {logging_mixin.py:188} INFO - [2026-06-23T03:01:56.883+0000] {dag.py:3954} INFO - Setting next_dagrun for conditional_dataset_and_time_based_timetable to 2026-06-17 01:00:00+00:00, run_after=2026-06-17 01:00:00+00:00
[2026-06-23T03:01:56.889+0000] {logging_mixin.py:188} INFO - [2026-06-23T03:01:56.889+0000] {dag.py:3954} INFO - Setting next_dagrun for consume_1_and_2_with_dataset_expressions to None, run_after=None
[2026-06-23T03:01:56.892+0000] {logging_mixin.py:188} INFO - [2026-06-23T03:01:56.892+0000] {dag.py:3954} INFO - Setting next_dagrun for consume_1_or_2_with_dataset_expressions to None, run_after=None
[2026-06-23T03:01:56.895+0000] {logging_mixin.py:188} INFO - [2026-06-23T03:01:56.895+0000] {dag.py:3954} INFO - Setting next_dagrun for consume_1_or_both_2_and_3_with_dataset_expressions to None, run_after=None
[2026-06-23T03:01:56.898+0000] {logging_mixin.py:188} INFO - [2026-06-23T03:01:56.897+0000] {dag.py:3954} INFO - Setting next_dagrun for dataset_consumes_1 to None, run_after=None
[2026-06-23T03:01:56.901+0000] {logging_mixin.py:188} INFO - [2026-06-23T03:01:56.901+0000] {dag.py:3954} INFO - Setting next_dagrun for dataset_consumes_1_and_2 to None, run_after=None
[2026-06-23T03:01:56.904+0000] {logging_mixin.py:188} INFO - [2026-06-23T03:01:56.904+0000] {dag.py:3954} INFO - Setting next_dagrun for dataset_consumes_1_never_scheduled to None, run_after=None
[2026-06-23T03:01:56.906+0000] {logging_mixin.py:188} INFO - [2026-06-23T03:01:56.906+0000] {dag.py:3954} INFO - Setting next_dagrun for dataset_consumes_unknown_never_scheduled to None, run_after=None
[2026-06-23T03:01:56.910+0000] {logging_mixin.py:188} INFO - [2026-06-23T03:01:56.910+0000] {dag.py:3954} INFO - Setting next_dagrun for dataset_produces_1 to 2026-06-22 00:00:00+00:00, run_after=2026-06-23 00:00:00+00:00
[2026-06-23T03:01:56.913+0000] {logging_mixin.py:188} INFO - [2026-06-23T03:01:56.913+0000] {dag.py:3954} INFO - Setting next_dagrun for dataset_produces_2 to None, run_after=None
[2026-06-23T03:01:56.970+0000] {processor.py:183} INFO - Processing /home/airflow/.local/lib/python3.12/site-packages/airflow/example_dags/example_datasets.py took 0.243 seconds
[2026-06-23T03:02:27.204+0000] {processor.py:161} INFO - Started process (PID=1798) to work on /home/airflow/.local/lib/python3.12/site-packages/airflow/example_dags/example_datasets.py
[2026-06-23T03:02:27.205+0000] {processor.py:830} INFO - Processing file /home/airflow/.local/lib/python3.12/site-packages/airflow/example_dags/example_datasets.py for tasks to queue
[2026-06-23T03:02:27.211+0000] {logging_mixin.py:188} INFO - [2026-06-23T03:02:27.211+0000] {dagbag.py:545} INFO - Filling up the DagBag from /home/airflow/.local/lib/python3.12/site-packages/airflow/example_dags/example_datasets.py
[2026-06-23T03:02:27.228+0000] {processor.py:840} INFO - DAG(s) 'consume_1_or_2_with_dataset_expressions', 'conditional_dataset_and_time_based_timetable', 'dataset_produces_2', 'consume_1_and_2_with_dataset_expressions', 'dataset_consumes_1_never_scheduled', 'dataset_consumes_unknown_never_scheduled', 'dataset_consumes_1', 'dataset_produces_1', 'consume_1_or_both_2_and_3_with_dataset_expressions', 'dataset_consumes_1_and_2' retrieved from /home/airflow/.local/lib/python3.12/site-packages/airflow/example_dags/example_datasets.py
[2026-06-23T03:02:27.303+0000] {logging_mixin.py:188} INFO - [2026-06-23T03:02:27.303+0000] {dag.py:3096} INFO - Sync 10 DAGs
[2026-06-23T03:02:27.338+0000] {logging_mixin.py:188} INFO - [2026-06-23T03:02:27.338+0000] {dag.py:3954} INFO - Setting next_dagrun for conditional_dataset_and_time_based_timetable to 2026-06-17 01:00:00+00:00, run_after=2026-06-17 01:00:00+00:00
[2026-06-23T03:02:27.345+0000] {logging_mixin.py:188} INFO - [2026-06-23T03:02:27.345+0000] {dag.py:3954} INFO - Setting next_dagrun for consume_1_and_2_with_dataset_expressions to None, run_after=None
[2026-06-23T03:02:27.348+0000] {logging_mixin.py:188} INFO - [2026-06-23T03:02:27.348+0000] {dag.py:3954} INFO - Setting next_dagrun for consume_1_or_2_with_dataset_expressions to None, run_after=None
[2026-06-23T03:02:27.351+0000] {logging_mixin.py:188} INFO - [2026-06-23T03:02:27.351+0000] {dag.py:3954} INFO - Setting next_dagrun for consume_1_or_both_2_and_3_with_dataset_expressions to None, run_after=None
[2026-06-23T03:02:27.354+0000] {logging_mixin.py:188} INFO - [2026-06-23T03:02:27.354+0000] {dag.py:3954} INFO - Setting next_dagrun for dataset_consumes_1 to None, run_after=None
[2026-06-23T03:02:27.357+0000] {logging_mixin.py:188} INFO - [2026-06-23T03:02:27.357+0000] {dag.py:3954} INFO - Setting next_dagrun for dataset_consumes_1_and_2 to None, run_after=None
[2026-06-23T03:02:27.360+0000] {logging_mixin.py:188} INFO - [2026-06-23T03:02:27.360+0000] {dag.py:3954} INFO - Setting next_dagrun for dataset_consumes_1_never_scheduled to None, run_after=None
[2026-06-23T03:02:27.363+0000] {logging_mixin.py:188} INFO - [2026-06-23T03:02:27.363+0000] {dag.py:3954} INFO - Setting next_dagrun for dataset_consumes_unknown_never_scheduled to None, run_after=None
[2026-06-23T03:02:27.368+0000] {logging_mixin.py:188} INFO - [2026-06-23T03:02:27.367+0000] {dag.py:3954} INFO - Setting next_dagrun for dataset_produces_1 to 2026-06-22 00:00:00+00:00, run_after=2026-06-23 00:00:00+00:00
[2026-06-23T03:02:27.370+0000] {logging_mixin.py:188} INFO - [2026-06-23T03:02:27.370+0000] {dag.py:3954} INFO - Setting next_dagrun for dataset_produces_2 to None, run_after=None
[2026-06-23T03:02:27.430+0000] {processor.py:183} INFO - Processing /home/airflow/.local/lib/python3.12/site-packages/airflow/example_dags/example_datasets.py took 0.236 seconds
[2026-06-23T03:02:57.681+0000] {processor.py:161} INFO - Started process (PID=1857) to work on /home/airflow/.local/lib/python3.12/site-packages/airflow/example_dags/example_datasets.py
[2026-06-23T03:02:57.682+0000] {processor.py:830} INFO - Processing file /home/airflow/.local/lib/python3.12/site-packages/airflow/example_dags/example_datasets.py for tasks to queue
[2026-06-23T03:02:57.686+0000] {logging_mixin.py:188} INFO - [2026-06-23T03:02:57.686+0000] {dagbag.py:545} INFO - Filling up the DagBag from /home/airflow/.local/lib/python3.12/site-packages/airflow/example_dags/example_datasets.py
[2026-06-23T03:02:57.704+0000] {processor.py:840} INFO - DAG(s) 'conditional_dataset_and_time_based_timetable', 'dataset_consumes_1_and_2', 'consume_1_or_both_2_and_3_with_dataset_expressions', 'dataset_produces_2', 'dataset_consumes_1', 'dataset_consumes_unknown_never_scheduled', 'consume_1_or_2_with_dataset_expressions', 'dataset_produces_1', 'dataset_consumes_1_never_scheduled', 'consume_1_and_2_with_dataset_expressions' retrieved from /home/airflow/.local/lib/python3.12/site-packages/airflow/example_dags/example_datasets.py
[2026-06-23T03:02:57.781+0000] {logging_mixin.py:188} INFO - [2026-06-23T03:02:57.781+0000] {dag.py:3096} INFO - Sync 10 DAGs
[2026-06-23T03:02:57.814+0000] {logging_mixin.py:188} INFO - [2026-06-23T03:02:57.814+0000] {dag.py:3954} INFO - Setting next_dagrun for conditional_dataset_and_time_based_timetable to 2026-06-17 01:00:00+00:00, run_after=2026-06-17 01:00:00+00:00
[2026-06-23T03:02:57.819+0000] {logging_mixin.py:188} INFO - [2026-06-23T03:02:57.819+0000] {dag.py:3954} INFO - Setting next_dagrun for consume_1_and_2_with_dataset_expressions to None, run_after=None
[2026-06-23T03:02:57.823+0000] {logging_mixin.py:188} INFO - [2026-06-23T03:02:57.823+0000] {dag.py:3954} INFO - Setting next_dagrun for consume_1_or_2_with_dataset_expressions to None, run_after=None
[2026-06-23T03:02:57.825+0000] {logging_mixin.py:188} INFO - [2026-06-23T03:02:57.825+0000] {dag.py:3954} INFO - Setting next_dagrun for consume_1_or_both_2_and_3_with_dataset_expressions to None, run_after=None
[2026-06-23T03:02:57.827+0000] {logging_mixin.py:188} INFO - [2026-06-23T03:02:57.827+0000] {dag.py:3954} INFO - Setting next_dagrun for dataset_consumes_1 to None, run_after=None
[2026-06-23T03:02:57.830+0000] {logging_mixin.py:188} INFO - [2026-06-23T03:02:57.830+0000] {dag.py:3954} INFO - Setting next_dagrun for dataset_consumes_1_and_2 to None, run_after=None
[2026-06-23T03:02:57.833+0000] {logging_mixin.py:188} INFO - [2026-06-23T03:02:57.833+0000] {dag.py:3954} INFO - Setting next_dagrun for dataset_consumes_1_never_scheduled to None, run_after=None
[2026-06-23T03:02:57.836+0000] {logging_mixin.py:188} INFO - [2026-06-23T03:02:57.836+0000] {dag.py:3954} INFO - Setting next_dagrun for dataset_consumes_unknown_never_scheduled to None, run_after=None
[2026-06-23T03:02:57.840+0000] {logging_mixin.py:188} INFO - [2026-06-23T03:02:57.839+0000] {dag.py:3954} INFO - Setting next_dagrun for dataset_produces_1 to 2026-06-22 00:00:00+00:00, run_after=2026-06-23 00:00:00+00:00
[2026-06-23T03:02:57.843+0000] {logging_mixin.py:188} INFO - [2026-06-23T03:02:57.842+0000] {dag.py:3954} INFO - Setting next_dagrun for dataset_produces_2 to None, run_after=None
[2026-06-23T03:02:57.897+0000] {processor.py:183} INFO - Processing /home/airflow/.local/lib/python3.12/site-packages/airflow/example_dags/example_datasets.py took 0.225 seconds
[2026-06-23T03:03:28.001+0000] {processor.py:161} INFO - Started process (PID=1916) to work on /home/airflow/.local/lib/python3.12/site-packages/airflow/example_dags/example_datasets.py
[2026-06-23T03:03:28.003+0000] {processor.py:830} INFO - Processing file /home/airflow/.local/lib/python3.12/site-packages/airflow/example_dags/example_datasets.py for tasks to queue
[2026-06-23T03:03:28.006+0000] {logging_mixin.py:188} INFO - [2026-06-23T03:03:28.005+0000] {dagbag.py:545} INFO - Filling up the DagBag from /home/airflow/.local/lib/python3.12/site-packages/airflow/example_dags/example_datasets.py
[2026-06-23T03:03:28.024+0000] {processor.py:840} INFO - DAG(s) 'dataset_consumes_unknown_never_scheduled', 'dataset_produces_2', 'dataset_consumes_1_never_scheduled', 'conditional_dataset_and_time_based_timetable', 'dataset_consumes_1', 'consume_1_and_2_with_dataset_expressions', 'consume_1_or_2_with_dataset_expressions', 'dataset_consumes_1_and_2', 'dataset_produces_1', 'consume_1_or_both_2_and_3_with_dataset_expressions' retrieved from /home/airflow/.local/lib/python3.12/site-packages/airflow/example_dags/example_datasets.py
[2026-06-23T03:03:28.102+0000] {logging_mixin.py:188} INFO - [2026-06-23T03:03:28.102+0000] {dag.py:3096} INFO - Sync 10 DAGs
[2026-06-23T03:03:28.137+0000] {logging_mixin.py:188} INFO - [2026-06-23T03:03:28.136+0000] {dag.py:3954} INFO - Setting next_dagrun for conditional_dataset_and_time_based_timetable to 2026-06-17 01:00:00+00:00, run_after=2026-06-17 01:00:00+00:00
[2026-06-23T03:03:28.142+0000] {logging_mixin.py:188} INFO - [2026-06-23T03:03:28.142+0000] {dag.py:3954} INFO - Setting next_dagrun for consume_1_and_2_with_dataset_expressions to None, run_after=None
[2026-06-23T03:03:28.145+0000] {logging_mixin.py:188} INFO - [2026-06-23T03:03:28.145+0000] {dag.py:3954} INFO - Setting next_dagrun for consume_1_or_2_with_dataset_expressions to None, run_after=None
[2026-06-23T03:03:28.148+0000] {logging_mixin.py:188} INFO - [2026-06-23T03:03:28.148+0000] {dag.py:3954} INFO - Setting next_dagrun for consume_1_or_both_2_and_3_with_dataset_expressions to None, run_after=None
[2026-06-23T03:03:28.151+0000] {logging_mixin.py:188} INFO - [2026-06-23T03:03:28.150+0000] {dag.py:3954} INFO - Setting next_dagrun for dataset_consumes_1 to None, run_after=None
[2026-06-23T03:03:28.153+0000] {logging_mixin.py:188} INFO - [2026-06-23T03:03:28.153+0000] {dag.py:3954} INFO - Setting next_dagrun for dataset_consumes_1_and_2 to None, run_after=None
[2026-06-23T03:03:28.156+0000] {logging_mixin.py:188} INFO - [2026-06-23T03:03:28.156+0000] {dag.py:3954} INFO - Setting next_dagrun for dataset_consumes_1_never_scheduled to None, run_after=None
[2026-06-23T03:03:28.159+0000] {logging_mixin.py:188} INFO - [2026-06-23T03:03:28.159+0000] {dag.py:3954} INFO - Setting next_dagrun for dataset_consumes_unknown_never_scheduled to None, run_after=None
[2026-06-23T03:03:28.163+0000] {logging_mixin.py:188} INFO - [2026-06-23T03:03:28.163+0000] {dag.py:3954} INFO - Setting next_dagrun for dataset_produces_1 to 2026-06-22 00:00:00+00:00, run_after=2026-06-23 00:00:00+00:00
[2026-06-23T03:03:28.167+0000] {logging_mixin.py:188} INFO - [2026-06-23T03:03:28.167+0000] {dag.py:3954} INFO - Setting next_dagrun for dataset_produces_2 to None, run_after=None
[2026-06-23T03:03:28.227+0000] {processor.py:183} INFO - Processing /home/airflow/.local/lib/python3.12/site-packages/airflow/example_dags/example_datasets.py took 0.235 seconds
[2026-06-23T03:04:41.981+0000] {processor.py:161} INFO - Started process (PID=215) to work on /home/airflow/.local/lib/python3.12/site-packages/airflow/example_dags/example_datasets.py
[2026-06-23T03:04:41.983+0000] {processor.py:830} INFO - Processing file /home/airflow/.local/lib/python3.12/site-packages/airflow/example_dags/example_datasets.py for tasks to queue
[2026-06-23T03:04:41.986+0000] {logging_mixin.py:188} INFO - [2026-06-23T03:04:41.985+0000] {dagbag.py:545} INFO - Filling up the DagBag from /home/airflow/.local/lib/python3.12/site-packages/airflow/example_dags/example_datasets.py
[2026-06-23T03:04:42.026+0000] {processor.py:840} INFO - DAG(s) 'conditional_dataset_and_time_based_timetable', 'dataset_consumes_1_never_scheduled', 'consume_1_and_2_with_dataset_expressions', 'consume_1_or_2_with_dataset_expressions', 'consume_1_or_both_2_and_3_with_dataset_expressions', 'dataset_consumes_1_and_2', 'dataset_consumes_1', 'dataset_consumes_unknown_never_scheduled', 'dataset_produces_2', 'dataset_produces_1' retrieved from /home/airflow/.local/lib/python3.12/site-packages/airflow/example_dags/example_datasets.py
[2026-06-23T03:04:42.060+0000] {logging_mixin.py:188} INFO - [2026-06-23T03:04:42.059+0000] {dag.py:3096} INFO - Sync 10 DAGs
[2026-06-23T03:04:42.095+0000] {logging_mixin.py:188} INFO - [2026-06-23T03:04:42.095+0000] {dag.py:3954} INFO - Setting next_dagrun for conditional_dataset_and_time_based_timetable to 2026-06-17 01:00:00+00:00, run_after=2026-06-17 01:00:00+00:00
[2026-06-23T03:04:42.101+0000] {logging_mixin.py:188} INFO - [2026-06-23T03:04:42.101+0000] {dag.py:3954} INFO - Setting next_dagrun for consume_1_and_2_with_dataset_expressions to None, run_after=None
[2026-06-23T03:04:42.104+0000] {logging_mixin.py:188} INFO - [2026-06-23T03:04:42.104+0000] {dag.py:3954} INFO - Setting next_dagrun for consume_1_or_2_with_dataset_expressions to None, run_after=None
[2026-06-23T03:04:42.107+0000] {logging_mixin.py:188} INFO - [2026-06-23T03:04:42.107+0000] {dag.py:3954} INFO - Setting next_dagrun for consume_1_or_both_2_and_3_with_dataset_expressions to None, run_after=None
[2026-06-23T03:04:42.110+0000] {logging_mixin.py:188} INFO - [2026-06-23T03:04:42.110+0000] {dag.py:3954} INFO - Setting next_dagrun for dataset_consumes_1 to None, run_after=None
[2026-06-23T03:04:42.113+0000] {logging_mixin.py:188} INFO - [2026-06-23T03:04:42.113+0000] {dag.py:3954} INFO - Setting next_dagrun for dataset_consumes_1_and_2 to None, run_after=None
[2026-06-23T03:04:42.115+0000] {logging_mixin.py:188} INFO - [2026-06-23T03:04:42.115+0000] {dag.py:3954} INFO - Setting next_dagrun for dataset_consumes_1_never_scheduled to None, run_after=None
[2026-06-23T03:04:42.118+0000] {logging_mixin.py:188} INFO - [2026-06-23T03:04:42.118+0000] {dag.py:3954} INFO - Setting next_dagrun for dataset_consumes_unknown_never_scheduled to None, run_after=None
[2026-06-23T03:04:42.123+0000] {logging_mixin.py:188} INFO - [2026-06-23T03:04:42.122+0000] {dag.py:3954} INFO - Setting next_dagrun for dataset_produces_1 to 2026-06-22 00:00:00+00:00, run_after=2026-06-23 00:00:00+00:00
[2026-06-23T03:04:42.125+0000] {logging_mixin.py:188} INFO - [2026-06-23T03:04:42.125+0000] {dag.py:3954} INFO - Setting next_dagrun for dataset_produces_2 to None, run_after=None
[2026-06-23T03:04:42.187+0000] {processor.py:183} INFO - Processing /home/airflow/.local/lib/python3.12/site-packages/airflow/example_dags/example_datasets.py took 0.214 seconds
[2026-06-23T03:05:12.810+0000] {processor.py:161} INFO - Started process (PID=482) to work on /home/airflow/.local/lib/python3.12/site-packages/airflow/example_dags/example_datasets.py
[2026-06-23T03:05:12.812+0000] {processor.py:830} INFO - Processing file /home/airflow/.local/lib/python3.12/site-packages/airflow/example_dags/example_datasets.py for tasks to queue
[2026-06-23T03:05:12.815+0000] {logging_mixin.py:188} INFO - [2026-06-23T03:05:12.815+0000] {dagbag.py:545} INFO - Filling up the DagBag from /home/airflow/.local/lib/python3.12/site-packages/airflow/example_dags/example_datasets.py
[2026-06-23T03:05:12.840+0000] {processor.py:840} INFO - DAG(s) 'dataset_consumes_1_never_scheduled', 'consume_1_or_2_with_dataset_expressions', 'consume_1_and_2_with_dataset_expressions', 'dataset_produces_1', 'dataset_consumes_1_and_2', 'consume_1_or_both_2_and_3_with_dataset_expressions', 'dataset_produces_2', 'dataset_consumes_unknown_never_scheduled', 'conditional_dataset_and_time_based_timetable', 'dataset_consumes_1' retrieved from /home/airflow/.local/lib/python3.12/site-packages/airflow/example_dags/example_datasets.py
[2026-06-23T03:05:13.382+0000] {logging_mixin.py:188} INFO - [2026-06-23T03:05:13.381+0000] {dag.py:3096} INFO - Sync 10 DAGs
[2026-06-23T03:05:13.419+0000] {logging_mixin.py:188} INFO - [2026-06-23T03:05:13.419+0000] {dag.py:3954} INFO - Setting next_dagrun for conditional_dataset_and_time_based_timetable to 2026-06-17 01:00:00+00:00, run_after=2026-06-17 01:00:00+00:00
[2026-06-23T03:05:13.427+0000] {logging_mixin.py:188} INFO - [2026-06-23T03:05:13.426+0000] {dag.py:3954} INFO - Setting next_dagrun for consume_1_and_2_with_dataset_expressions to None, run_after=None
[2026-06-23T03:05:13.430+0000] {logging_mixin.py:188} INFO - [2026-06-23T03:05:13.429+0000] {dag.py:3954} INFO - Setting next_dagrun for consume_1_or_2_with_dataset_expressions to None, run_after=None
[2026-06-23T03:05:13.433+0000] {logging_mixin.py:188} INFO - [2026-06-23T03:05:13.433+0000] {dag.py:3954} INFO - Setting next_dagrun for consume_1_or_both_2_and_3_with_dataset_expressions to None, run_after=None
[2026-06-23T03:05:13.436+0000] {logging_mixin.py:188} INFO - [2026-06-23T03:05:13.436+0000] {dag.py:3954} INFO - Setting next_dagrun for dataset_consumes_1 to None, run_after=None
[2026-06-23T03:05:13.439+0000] {logging_mixin.py:188} INFO - [2026-06-23T03:05:13.439+0000] {dag.py:3954} INFO - Setting next_dagrun for dataset_consumes_1_and_2 to None, run_after=None
[2026-06-23T03:05:13.442+0000] {logging_mixin.py:188} INFO - [2026-06-23T03:05:13.442+0000] {dag.py:3954} INFO - Setting next_dagrun for dataset_consumes_1_never_scheduled to None, run_after=None
[2026-06-23T03:05:13.444+0000] {logging_mixin.py:188} INFO - [2026-06-23T03:05:13.444+0000] {dag.py:3954} INFO - Setting next_dagrun for dataset_consumes_unknown_never_scheduled to None, run_after=None
[2026-06-23T03:05:13.448+0000] {logging_mixin.py:188} INFO - [2026-06-23T03:05:13.448+0000] {dag.py:3954} INFO - Setting next_dagrun for dataset_produces_1 to 2026-06-22 00:00:00+00:00, run_after=2026-06-23 00:00:00+00:00
[2026-06-23T03:05:13.451+0000] {logging_mixin.py:188} INFO - [2026-06-23T03:05:13.451+0000] {dag.py:3954} INFO - Setting next_dagrun for dataset_produces_2 to None, run_after=None
[2026-06-23T03:05:13.518+0000] {processor.py:183} INFO - Processing /home/airflow/.local/lib/python3.12/site-packages/airflow/example_dags/example_datasets.py took 0.717 seconds
[2026-06-23T03:05:43.645+0000] {processor.py:161} INFO - Started process (PID=872) to work on /home/airflow/.local/lib/python3.12/site-packages/airflow/example_dags/example_datasets.py
[2026-06-23T03:05:43.647+0000] {processor.py:830} INFO - Processing file /home/airflow/.local/lib/python3.12/site-packages/airflow/example_dags/example_datasets.py for tasks to queue
[2026-06-23T03:05:43.651+0000] {logging_mixin.py:188} INFO - [2026-06-23T03:05:43.650+0000] {dagbag.py:545} INFO - Filling up the DagBag from /home/airflow/.local/lib/python3.12/site-packages/airflow/example_dags/example_datasets.py
[2026-06-23T03:05:43.673+0000] {processor.py:840} INFO - DAG(s) 'consume_1_or_2_with_dataset_expressions', 'consume_1_or_both_2_and_3_with_dataset_expressions', 'dataset_consumes_unknown_never_scheduled', 'consume_1_and_2_with_dataset_expressions', 'conditional_dataset_and_time_based_timetable', 'dataset_produces_1', 'dataset_consumes_1', 'dataset_consumes_1_never_scheduled', 'dataset_produces_2', 'dataset_consumes_1_and_2' retrieved from /home/airflow/.local/lib/python3.12/site-packages/airflow/example_dags/example_datasets.py
[2026-06-23T03:05:43.757+0000] {logging_mixin.py:188} INFO - [2026-06-23T03:05:43.757+0000] {dag.py:3096} INFO - Sync 10 DAGs
[2026-06-23T03:05:43.794+0000] {logging_mixin.py:188} INFO - [2026-06-23T03:05:43.794+0000] {dag.py:3954} INFO - Setting next_dagrun for conditional_dataset_and_time_based_timetable to 2026-06-17 01:00:00+00:00, run_after=2026-06-17 01:00:00+00:00
[2026-06-23T03:05:43.801+0000] {logging_mixin.py:188} INFO - [2026-06-23T03:05:43.800+0000] {dag.py:3954} INFO - Setting next_dagrun for consume_1_and_2_with_dataset_expressions to None, run_after=None
[2026-06-23T03:05:43.804+0000] {logging_mixin.py:188} INFO - [2026-06-23T03:05:43.803+0000] {dag.py:3954} INFO - Setting next_dagrun for consume_1_or_2_with_dataset_expressions to None, run_after=None
[2026-06-23T03:05:43.807+0000] {logging_mixin.py:188} INFO - [2026-06-23T03:05:43.806+0000] {dag.py:3954} INFO - Setting next_dagrun for consume_1_or_both_2_and_3_with_dataset_expressions to None, run_after=None
[2026-06-23T03:05:43.810+0000] {logging_mixin.py:188} INFO - [2026-06-23T03:05:43.810+0000] {dag.py:3954} INFO - Setting next_dagrun for dataset_consumes_1 to None, run_after=None
[2026-06-23T03:05:43.813+0000] {logging_mixin.py:188} INFO - [2026-06-23T03:05:43.813+0000] {dag.py:3954} INFO - Setting next_dagrun for dataset_consumes_1_and_2 to None, run_after=None
[2026-06-23T03:05:43.816+0000] {logging_mixin.py:188} INFO - [2026-06-23T03:05:43.816+0000] {dag.py:3954} INFO - Setting next_dagrun for dataset_consumes_1_never_scheduled to None, run_after=None
[2026-06-23T03:05:43.819+0000] {logging_mixin.py:188} INFO - [2026-06-23T03:05:43.818+0000] {dag.py:3954} INFO - Setting next_dagrun for dataset_consumes_unknown_never_scheduled to None, run_after=None
[2026-06-23T03:05:43.823+0000] {logging_mixin.py:188} INFO - [2026-06-23T03:05:43.823+0000] {dag.py:3954} INFO - Setting next_dagrun for dataset_produces_1 to 2026-06-22 00:00:00+00:00, run_after=2026-06-23 00:00:00+00:00
[2026-06-23T03:05:43.826+0000] {logging_mixin.py:188} INFO - [2026-06-23T03:05:43.825+0000] {dag.py:3954} INFO - Setting next_dagrun for dataset_produces_2 to None, run_after=None
[2026-06-23T03:05:43.882+0000] {processor.py:183} INFO - Processing /home/airflow/.local/lib/python3.12/site-packages/airflow/example_dags/example_datasets.py took 0.246 seconds
[2026-06-23T03:06:14.036+0000] {processor.py:161} INFO - Started process (PID=1144) to work on /home/airflow/.local/lib/python3.12/site-packages/airflow/example_dags/example_datasets.py
[2026-06-23T03:06:14.038+0000] {processor.py:830} INFO - Processing file /home/airflow/.local/lib/python3.12/site-packages/airflow/example_dags/example_datasets.py for tasks to queue
[2026-06-23T03:06:14.042+0000] {logging_mixin.py:188} INFO - [2026-06-23T03:06:14.041+0000] {dagbag.py:545} INFO - Filling up the DagBag from /home/airflow/.local/lib/python3.12/site-packages/airflow/example_dags/example_datasets.py
[2026-06-23T03:06:14.062+0000] {processor.py:840} INFO - DAG(s) 'dataset_produces_1', 'consume_1_or_2_with_dataset_expressions', 'dataset_consumes_1_never_scheduled', 'dataset_produces_2', 'consume_1_or_both_2_and_3_with_dataset_expressions', 'dataset_consumes_1', 'dataset_consumes_1_and_2', 'conditional_dataset_and_time_based_timetable', 'consume_1_and_2_with_dataset_expressions', 'dataset_consumes_unknown_never_scheduled' retrieved from /home/airflow/.local/lib/python3.12/site-packages/airflow/example_dags/example_datasets.py
[2026-06-23T03:06:14.134+0000] {logging_mixin.py:188} INFO - [2026-06-23T03:06:14.133+0000] {dag.py:3096} INFO - Sync 10 DAGs
[2026-06-23T03:06:14.166+0000] {logging_mixin.py:188} INFO - [2026-06-23T03:06:14.166+0000] {dag.py:3954} INFO - Setting next_dagrun for conditional_dataset_and_time_based_timetable to 2026-06-17 01:00:00+00:00, run_after=2026-06-17 01:00:00+00:00
[2026-06-23T03:06:14.172+0000] {logging_mixin.py:188} INFO - [2026-06-23T03:06:14.172+0000] {dag.py:3954} INFO - Setting next_dagrun for consume_1_and_2_with_dataset_expressions to None, run_after=None
[2026-06-23T03:06:14.175+0000] {logging_mixin.py:188} INFO - [2026-06-23T03:06:14.175+0000] {dag.py:3954} INFO - Setting next_dagrun for consume_1_or_2_with_dataset_expressions to None, run_after=None
[2026-06-23T03:06:14.178+0000] {logging_mixin.py:188} INFO - [2026-06-23T03:06:14.177+0000] {dag.py:3954} INFO - Setting next_dagrun for consume_1_or_both_2_and_3_with_dataset_expressions to None, run_after=None
[2026-06-23T03:06:14.180+0000] {logging_mixin.py:188} INFO - [2026-06-23T03:06:14.180+0000] {dag.py:3954} INFO - Setting next_dagrun for dataset_consumes_1 to None, run_after=None
[2026-06-23T03:06:14.183+0000] {logging_mixin.py:188} INFO - [2026-06-23T03:06:14.182+0000] {dag.py:3954} INFO - Setting next_dagrun for dataset_consumes_1_and_2 to None, run_after=None
[2026-06-23T03:06:14.186+0000] {logging_mixin.py:188} INFO - [2026-06-23T03:06:14.185+0000] {dag.py:3954} INFO - Setting next_dagrun for dataset_consumes_1_never_scheduled to None, run_after=None
[2026-06-23T03:06:14.188+0000] {logging_mixin.py:188} INFO - [2026-06-23T03:06:14.188+0000] {dag.py:3954} INFO - Setting next_dagrun for dataset_consumes_unknown_never_scheduled to None, run_after=None
[2026-06-23T03:06:14.192+0000] {logging_mixin.py:188} INFO - [2026-06-23T03:06:14.192+0000] {dag.py:3954} INFO - Setting next_dagrun for dataset_produces_1 to 2026-06-22 00:00:00+00:00, run_after=2026-06-23 00:00:00+00:00
[2026-06-23T03:06:14.195+0000] {logging_mixin.py:188} INFO - [2026-06-23T03:06:14.195+0000] {dag.py:3954} INFO - Setting next_dagrun for dataset_produces_2 to None, run_after=None
[2026-06-23T03:06:14.247+0000] {processor.py:183} INFO - Processing /home/airflow/.local/lib/python3.12/site-packages/airflow/example_dags/example_datasets.py took 0.219 seconds
[2026-06-23T03:06:45.123+0000] {processor.py:161} INFO - Started process (PID=1411) to work on /home/airflow/.local/lib/python3.12/site-packages/airflow/example_dags/example_datasets.py
[2026-06-23T03:06:45.125+0000] {processor.py:830} INFO - Processing file /home/airflow/.local/lib/python3.12/site-packages/airflow/example_dags/example_datasets.py for tasks to queue
[2026-06-23T03:06:45.127+0000] {logging_mixin.py:188} INFO - [2026-06-23T03:06:45.127+0000] {dagbag.py:545} INFO - Filling up the DagBag from /home/airflow/.local/lib/python3.12/site-packages/airflow/example_dags/example_datasets.py
[2026-06-23T03:06:45.145+0000] {processor.py:840} INFO - DAG(s) 'conditional_dataset_and_time_based_timetable', 'consume_1_or_2_with_dataset_expressions', 'consume_1_and_2_with_dataset_expressions', 'dataset_consumes_1', 'dataset_consumes_1_and_2', 'consume_1_or_both_2_and_3_with_dataset_expressions', 'dataset_produces_2', 'dataset_consumes_1_never_scheduled', 'dataset_consumes_unknown_never_scheduled', 'dataset_produces_1' retrieved from /home/airflow/.local/lib/python3.12/site-packages/airflow/example_dags/example_datasets.py
[2026-06-23T03:06:45.221+0000] {logging_mixin.py:188} INFO - [2026-06-23T03:06:45.221+0000] {dag.py:3096} INFO - Sync 10 DAGs
[2026-06-23T03:06:45.257+0000] {logging_mixin.py:188} INFO - [2026-06-23T03:06:45.257+0000] {dag.py:3954} INFO - Setting next_dagrun for conditional_dataset_and_time_based_timetable to 2026-06-17 01:00:00+00:00, run_after=2026-06-17 01:00:00+00:00
[2026-06-23T03:06:45.264+0000] {logging_mixin.py:188} INFO - [2026-06-23T03:06:45.263+0000] {dag.py:3954} INFO - Setting next_dagrun for consume_1_and_2_with_dataset_expressions to None, run_after=None
[2026-06-23T03:06:45.267+0000] {logging_mixin.py:188} INFO - [2026-06-23T03:06:45.267+0000] {dag.py:3954} INFO - Setting next_dagrun for consume_1_or_2_with_dataset_expressions to None, run_after=None
[2026-06-23T03:06:45.270+0000] {logging_mixin.py:188} INFO - [2026-06-23T03:06:45.270+0000] {dag.py:3954} INFO - Setting next_dagrun for consume_1_or_both_2_and_3_with_dataset_expressions to None, run_after=None
[2026-06-23T03:06:45.273+0000] {logging_mixin.py:188} INFO - [2026-06-23T03:06:45.273+0000] {dag.py:3954} INFO - Setting next_dagrun for dataset_consumes_1 to None, run_after=None
[2026-06-23T03:06:45.276+0000] {logging_mixin.py:188} INFO - [2026-06-23T03:06:45.275+0000] {dag.py:3954} INFO - Setting next_dagrun for dataset_consumes_1_and_2 to None, run_after=None
[2026-06-23T03:06:45.282+0000] {logging_mixin.py:188} INFO - [2026-06-23T03:06:45.282+0000] {dag.py:3954} INFO - Setting next_dagrun for dataset_consumes_1_never_scheduled to None, run_after=None
[2026-06-23T03:06:45.285+0000] {logging_mixin.py:188} INFO - [2026-06-23T03:06:45.285+0000] {dag.py:3954} INFO - Setting next_dagrun for dataset_consumes_unknown_never_scheduled to None, run_after=None
[2026-06-23T03:06:45.289+0000] {logging_mixin.py:188} INFO - [2026-06-23T03:06:45.289+0000] {dag.py:3954} INFO - Setting next_dagrun for dataset_produces_1 to 2026-06-22 00:00:00+00:00, run_after=2026-06-23 00:00:00+00:00
[2026-06-23T03:06:45.292+0000] {logging_mixin.py:188} INFO - [2026-06-23T03:06:45.292+0000] {dag.py:3954} INFO - Setting next_dagrun for dataset_produces_2 to None, run_after=None
[2026-06-23T03:06:45.352+0000] {processor.py:183} INFO - Processing /home/airflow/.local/lib/python3.12/site-packages/airflow/example_dags/example_datasets.py took 0.236 seconds
[2026-06-23T03:07:15.835+0000] {processor.py:161} INFO - Started process (PID=1673) to work on /home/airflow/.local/lib/python3.12/site-packages/airflow/example_dags/example_datasets.py
[2026-06-23T03:07:15.837+0000] {processor.py:830} INFO - Processing file /home/airflow/.local/lib/python3.12/site-packages/airflow/example_dags/example_datasets.py for tasks to queue
[2026-06-23T03:07:15.840+0000] {logging_mixin.py:188} INFO - [2026-06-23T03:07:15.839+0000] {dagbag.py:545} INFO - Filling up the DagBag from /home/airflow/.local/lib/python3.12/site-packages/airflow/example_dags/example_datasets.py
[2026-06-23T03:07:15.859+0000] {processor.py:840} INFO - DAG(s) 'consume_1_and_2_with_dataset_expressions', 'conditional_dataset_and_time_based_timetable', 'dataset_consumes_unknown_never_scheduled', 'dataset_produces_2', 'dataset_produces_1', 'dataset_consumes_1', 'dataset_consumes_1_never_scheduled', 'consume_1_or_2_with_dataset_expressions', 'consume_1_or_both_2_and_3_with_dataset_expressions', 'dataset_consumes_1_and_2' retrieved from /home/airflow/.local/lib/python3.12/site-packages/airflow/example_dags/example_datasets.py
[2026-06-23T03:07:15.941+0000] {logging_mixin.py:188} INFO - [2026-06-23T03:07:15.941+0000] {dag.py:3096} INFO - Sync 10 DAGs
[2026-06-23T03:07:15.974+0000] {logging_mixin.py:188} INFO - [2026-06-23T03:07:15.973+0000] {dag.py:3954} INFO - Setting next_dagrun for conditional_dataset_and_time_based_timetable to 2026-06-17 01:00:00+00:00, run_after=2026-06-17 01:00:00+00:00
[2026-06-23T03:07:15.980+0000] {logging_mixin.py:188} INFO - [2026-06-23T03:07:15.980+0000] {dag.py:3954} INFO - Setting next_dagrun for consume_1_and_2_with_dataset_expressions to None, run_after=None
[2026-06-23T03:07:15.983+0000] {logging_mixin.py:188} INFO - [2026-06-23T03:07:15.983+0000] {dag.py:3954} INFO - Setting next_dagrun for consume_1_or_2_with_dataset_expressions to None, run_after=None
[2026-06-23T03:07:15.986+0000] {logging_mixin.py:188} INFO - [2026-06-23T03:07:15.986+0000] {dag.py:3954} INFO - Setting next_dagrun for consume_1_or_both_2_and_3_with_dataset_expressions to None, run_after=None
[2026-06-23T03:07:15.989+0000] {logging_mixin.py:188} INFO - [2026-06-23T03:07:15.989+0000] {dag.py:3954} INFO - Setting next_dagrun for dataset_consumes_1 to None, run_after=None
[2026-06-23T03:07:15.992+0000] {logging_mixin.py:188} INFO - [2026-06-23T03:07:15.992+0000] {dag.py:3954} INFO - Setting next_dagrun for dataset_consumes_1_and_2 to None, run_after=None
[2026-06-23T03:07:15.995+0000] {logging_mixin.py:188} INFO - [2026-06-23T03:07:15.995+0000] {dag.py:3954} INFO - Setting next_dagrun for dataset_consumes_1_never_scheduled to None, run_after=None
[2026-06-23T03:07:15.998+0000] {logging_mixin.py:188} INFO - [2026-06-23T03:07:15.997+0000] {dag.py:3954} INFO - Setting next_dagrun for dataset_consumes_unknown_never_scheduled to None, run_after=None
[2026-06-23T03:07:16.002+0000] {logging_mixin.py:188} INFO - [2026-06-23T03:07:16.001+0000] {dag.py:3954} INFO - Setting next_dagrun for dataset_produces_1 to 2026-06-22 00:00:00+00:00, run_after=2026-06-23 00:00:00+00:00
[2026-06-23T03:07:16.005+0000] {logging_mixin.py:188} INFO - [2026-06-23T03:07:16.004+0000] {dag.py:3954} INFO - Setting next_dagrun for dataset_produces_2 to None, run_after=None
[2026-06-23T03:07:16.073+0000] {processor.py:183} INFO - Processing /home/airflow/.local/lib/python3.12/site-packages/airflow/example_dags/example_datasets.py took 0.246 seconds
[2026-06-23T03:07:46.464+0000] {processor.py:161} INFO - Started process (PID=1940) to work on /home/airflow/.local/lib/python3.12/site-packages/airflow/example_dags/example_datasets.py
[2026-06-23T03:07:46.466+0000] {processor.py:830} INFO - Processing file /home/airflow/.local/lib/python3.12/site-packages/airflow/example_dags/example_datasets.py for tasks to queue
[2026-06-23T03:07:46.468+0000] {logging_mixin.py:188} INFO - [2026-06-23T03:07:46.468+0000] {dagbag.py:545} INFO - Filling up the DagBag from /home/airflow/.local/lib/python3.12/site-packages/airflow/example_dags/example_datasets.py
[2026-06-23T03:07:46.485+0000] {processor.py:840} INFO - DAG(s) 'dataset_consumes_unknown_never_scheduled', 'dataset_consumes_1_never_scheduled', 'dataset_consumes_1_and_2', 'consume_1_or_2_with_dataset_expressions', 'dataset_produces_1', 'consume_1_and_2_with_dataset_expressions', 'consume_1_or_both_2_and_3_with_dataset_expressions', 'dataset_produces_2', 'conditional_dataset_and_time_based_timetable', 'dataset_consumes_1' retrieved from /home/airflow/.local/lib/python3.12/site-packages/airflow/example_dags/example_datasets.py
[2026-06-23T03:07:46.552+0000] {logging_mixin.py:188} INFO - [2026-06-23T03:07:46.552+0000] {dag.py:3096} INFO - Sync 10 DAGs
[2026-06-23T03:07:46.583+0000] {logging_mixin.py:188} INFO - [2026-06-23T03:07:46.583+0000] {dag.py:3954} INFO - Setting next_dagrun for conditional_dataset_and_time_based_timetable to 2026-06-17 01:00:00+00:00, run_after=2026-06-17 01:00:00+00:00
[2026-06-23T03:07:46.588+0000] {logging_mixin.py:188} INFO - [2026-06-23T03:07:46.588+0000] {dag.py:3954} INFO - Setting next_dagrun for consume_1_and_2_with_dataset_expressions to None, run_after=None
[2026-06-23T03:07:46.591+0000] {logging_mixin.py:188} INFO - [2026-06-23T03:07:46.591+0000] {dag.py:3954} INFO - Setting next_dagrun for consume_1_or_2_with_dataset_expressions to None, run_after=None
[2026-06-23T03:07:46.593+0000] {logging_mixin.py:188} INFO - [2026-06-23T03:07:46.593+0000] {dag.py:3954} INFO - Setting next_dagrun for consume_1_or_both_2_and_3_with_dataset_expressions to None, run_after=None
[2026-06-23T03:07:46.596+0000] {logging_mixin.py:188} INFO - [2026-06-23T03:07:46.596+0000] {dag.py:3954} INFO - Setting next_dagrun for dataset_consumes_1 to None, run_after=None
[2026-06-23T03:07:46.599+0000] {logging_mixin.py:188} INFO - [2026-06-23T03:07:46.599+0000] {dag.py:3954} INFO - Setting next_dagrun for dataset_consumes_1_and_2 to None, run_after=None
[2026-06-23T03:07:46.602+0000] {logging_mixin.py:188} INFO - [2026-06-23T03:07:46.602+0000] {dag.py:3954} INFO - Setting next_dagrun for dataset_consumes_1_never_scheduled to None, run_after=None
[2026-06-23T03:07:46.604+0000] {logging_mixin.py:188} INFO - [2026-06-23T03:07:46.604+0000] {dag.py:3954} INFO - Setting next_dagrun for dataset_consumes_unknown_never_scheduled to None, run_after=None
[2026-06-23T03:07:46.607+0000] {logging_mixin.py:188} INFO - [2026-06-23T03:07:46.607+0000] {dag.py:3954} INFO - Setting next_dagrun for dataset_produces_1 to 2026-06-22 00:00:00+00:00, run_after=2026-06-23 00:00:00+00:00
[2026-06-23T03:07:46.610+0000] {logging_mixin.py:188} INFO - [2026-06-23T03:07:46.610+0000] {dag.py:3954} INFO - Setting next_dagrun for dataset_produces_2 to None, run_after=None
[2026-06-23T03:07:46.674+0000] {processor.py:183} INFO - Processing /home/airflow/.local/lib/python3.12/site-packages/airflow/example_dags/example_datasets.py took 0.217 seconds
