[2026-06-23T02:46:57.419+0000] {processor.py:161} INFO - Started process (PID=84) to work on /home/airflow/.local/lib/python3.12/site-packages/airflow/example_dags/example_branch_datetime_operator.py
[2026-06-23T02:46:57.422+0000] {processor.py:830} INFO - Processing file /home/airflow/.local/lib/python3.12/site-packages/airflow/example_dags/example_branch_datetime_operator.py for tasks to queue
[2026-06-23T02:46:57.427+0000] {logging_mixin.py:188} INFO - [2026-06-23T02:46:57.426+0000] {dagbag.py:545} INFO - Filling up the DagBag from /home/airflow/.local/lib/python3.12/site-packages/airflow/example_dags/example_branch_datetime_operator.py
[2026-06-23T02:46:57.456+0000] {processor.py:840} INFO - DAG(s) 'example_branch_datetime_operator_3', 'example_branch_datetime_operator', 'example_branch_datetime_operator_2' retrieved from /home/airflow/.local/lib/python3.12/site-packages/airflow/example_dags/example_branch_datetime_operator.py
[2026-06-23T02:46:57.721+0000] {logging_mixin.py:188} INFO - [2026-06-23T02:46:57.721+0000] {dag.py:3096} INFO - Sync 3 DAGs
[2026-06-23T02:46:57.760+0000] {logging_mixin.py:188} INFO - [2026-06-23T02:46:57.759+0000] {dag.py:3954} INFO - Setting next_dagrun for example_branch_datetime_operator to 2026-06-22 00:00:00+00:00, run_after=2026-06-23 00:00:00+00:00
[2026-06-23T02:46:57.767+0000] {logging_mixin.py:188} INFO - [2026-06-23T02:46:57.766+0000] {dag.py:3954} INFO - Setting next_dagrun for example_branch_datetime_operator_2 to 2026-06-22 00:00:00+00:00, run_after=2026-06-23 00:00:00+00:00
[2026-06-23T02:46:57.771+0000] {logging_mixin.py:188} INFO - [2026-06-23T02:46:57.771+0000] {dag.py:3954} INFO - Setting next_dagrun for example_branch_datetime_operator_3 to 2026-06-22 00:00:00+00:00, run_after=2026-06-23 00:00:00+00:00
[2026-06-23T02:46:57.803+0000] {processor.py:183} INFO - Processing /home/airflow/.local/lib/python3.12/site-packages/airflow/example_dags/example_branch_datetime_operator.py took 0.394 seconds
[2026-06-23T02:47:28.659+0000] {processor.py:161} INFO - Started process (PID=143) to work on /home/airflow/.local/lib/python3.12/site-packages/airflow/example_dags/example_branch_datetime_operator.py
[2026-06-23T02:47:28.661+0000] {processor.py:830} INFO - Processing file /home/airflow/.local/lib/python3.12/site-packages/airflow/example_dags/example_branch_datetime_operator.py for tasks to queue
[2026-06-23T02:47:28.666+0000] {logging_mixin.py:188} INFO - [2026-06-23T02:47:28.665+0000] {dagbag.py:545} INFO - Filling up the DagBag from /home/airflow/.local/lib/python3.12/site-packages/airflow/example_dags/example_branch_datetime_operator.py
[2026-06-23T02:47:28.689+0000] {processor.py:840} INFO - DAG(s) 'example_branch_datetime_operator_3', 'example_branch_datetime_operator_2', 'example_branch_datetime_operator' retrieved from /home/airflow/.local/lib/python3.12/site-packages/airflow/example_dags/example_branch_datetime_operator.py
[2026-06-23T02:47:28.753+0000] {logging_mixin.py:188} INFO - [2026-06-23T02:47:28.753+0000] {dag.py:3096} INFO - Sync 3 DAGs
[2026-06-23T02:47:28.807+0000] {logging_mixin.py:188} INFO - [2026-06-23T02:47:28.806+0000] {dag.py:3954} INFO - Setting next_dagrun for example_branch_datetime_operator to 2026-06-22 00:00:00+00:00, run_after=2026-06-23 00:00:00+00:00
[2026-06-23T02:47:28.816+0000] {logging_mixin.py:188} INFO - [2026-06-23T02:47:28.816+0000] {dag.py:3954} INFO - Setting next_dagrun for example_branch_datetime_operator_2 to 2026-06-22 00:00:00+00:00, run_after=2026-06-23 00:00:00+00:00
[2026-06-23T02:47:28.823+0000] {logging_mixin.py:188} INFO - [2026-06-23T02:47:28.822+0000] {dag.py:3954} INFO - Setting next_dagrun for example_branch_datetime_operator_3 to 2026-06-22 00:00:00+00:00, run_after=2026-06-23 00:00:00+00:00
[2026-06-23T02:47:28.866+0000] {processor.py:183} INFO - Processing /home/airflow/.local/lib/python3.12/site-packages/airflow/example_dags/example_branch_datetime_operator.py took 0.222 seconds
[2026-06-23T02:47:59.291+0000] {processor.py:161} INFO - Started process (PID=202) to work on /home/airflow/.local/lib/python3.12/site-packages/airflow/example_dags/example_branch_datetime_operator.py
[2026-06-23T02:47:59.293+0000] {processor.py:830} INFO - Processing file /home/airflow/.local/lib/python3.12/site-packages/airflow/example_dags/example_branch_datetime_operator.py for tasks to queue
[2026-06-23T02:47:59.298+0000] {logging_mixin.py:188} INFO - [2026-06-23T02:47:59.297+0000] {dagbag.py:545} INFO - Filling up the DagBag from /home/airflow/.local/lib/python3.12/site-packages/airflow/example_dags/example_branch_datetime_operator.py
[2026-06-23T02:47:59.323+0000] {processor.py:840} INFO - DAG(s) 'example_branch_datetime_operator', 'example_branch_datetime_operator_3', 'example_branch_datetime_operator_2' retrieved from /home/airflow/.local/lib/python3.12/site-packages/airflow/example_dags/example_branch_datetime_operator.py
[2026-06-23T02:47:59.378+0000] {logging_mixin.py:188} INFO - [2026-06-23T02:47:59.377+0000] {dag.py:3096} INFO - Sync 3 DAGs
[2026-06-23T02:47:59.425+0000] {logging_mixin.py:188} INFO - [2026-06-23T02:47:59.425+0000] {dag.py:3954} INFO - Setting next_dagrun for example_branch_datetime_operator to 2026-06-22 00:00:00+00:00, run_after=2026-06-23 00:00:00+00:00
[2026-06-23T02:47:59.435+0000] {logging_mixin.py:188} INFO - [2026-06-23T02:47:59.434+0000] {dag.py:3954} INFO - Setting next_dagrun for example_branch_datetime_operator_2 to 2026-06-22 00:00:00+00:00, run_after=2026-06-23 00:00:00+00:00
[2026-06-23T02:47:59.440+0000] {logging_mixin.py:188} INFO - [2026-06-23T02:47:59.440+0000] {dag.py:3954} INFO - Setting next_dagrun for example_branch_datetime_operator_3 to 2026-06-22 00:00:00+00:00, run_after=2026-06-23 00:00:00+00:00
[2026-06-23T02:47:59.471+0000] {processor.py:183} INFO - Processing /home/airflow/.local/lib/python3.12/site-packages/airflow/example_dags/example_branch_datetime_operator.py took 0.191 seconds
[2026-06-23T02:48:30.037+0000] {processor.py:161} INFO - Started process (PID=261) to work on /home/airflow/.local/lib/python3.12/site-packages/airflow/example_dags/example_branch_datetime_operator.py
[2026-06-23T02:48:30.039+0000] {processor.py:830} INFO - Processing file /home/airflow/.local/lib/python3.12/site-packages/airflow/example_dags/example_branch_datetime_operator.py for tasks to queue
[2026-06-23T02:48:30.044+0000] {logging_mixin.py:188} INFO - [2026-06-23T02:48:30.043+0000] {dagbag.py:545} INFO - Filling up the DagBag from /home/airflow/.local/lib/python3.12/site-packages/airflow/example_dags/example_branch_datetime_operator.py
[2026-06-23T02:48:30.073+0000] {processor.py:840} INFO - DAG(s) 'example_branch_datetime_operator', 'example_branch_datetime_operator_2', 'example_branch_datetime_operator_3' retrieved from /home/airflow/.local/lib/python3.12/site-packages/airflow/example_dags/example_branch_datetime_operator.py
[2026-06-23T02:48:30.132+0000] {logging_mixin.py:188} INFO - [2026-06-23T02:48:30.132+0000] {dag.py:3096} INFO - Sync 3 DAGs
[2026-06-23T02:48:30.200+0000] {logging_mixin.py:188} INFO - [2026-06-23T02:48:30.199+0000] {dag.py:3954} INFO - Setting next_dagrun for example_branch_datetime_operator to 2026-06-22 00:00:00+00:00, run_after=2026-06-23 00:00:00+00:00
[2026-06-23T02:48:30.220+0000] {logging_mixin.py:188} INFO - [2026-06-23T02:48:30.219+0000] {dag.py:3954} INFO - Setting next_dagrun for example_branch_datetime_operator_2 to 2026-06-22 00:00:00+00:00, run_after=2026-06-23 00:00:00+00:00
[2026-06-23T02:48:30.227+0000] {logging_mixin.py:188} INFO - [2026-06-23T02:48:30.226+0000] {dag.py:3954} INFO - Setting next_dagrun for example_branch_datetime_operator_3 to 2026-06-22 00:00:00+00:00, run_after=2026-06-23 00:00:00+00:00
[2026-06-23T02:48:30.268+0000] {processor.py:183} INFO - Processing /home/airflow/.local/lib/python3.12/site-packages/airflow/example_dags/example_branch_datetime_operator.py took 0.243 seconds
[2026-06-23T02:49:00.713+0000] {processor.py:161} INFO - Started process (PID=321) to work on /home/airflow/.local/lib/python3.12/site-packages/airflow/example_dags/example_branch_datetime_operator.py
[2026-06-23T02:49:00.716+0000] {processor.py:830} INFO - Processing file /home/airflow/.local/lib/python3.12/site-packages/airflow/example_dags/example_branch_datetime_operator.py for tasks to queue
[2026-06-23T02:49:00.721+0000] {logging_mixin.py:188} INFO - [2026-06-23T02:49:00.720+0000] {dagbag.py:545} INFO - Filling up the DagBag from /home/airflow/.local/lib/python3.12/site-packages/airflow/example_dags/example_branch_datetime_operator.py
[2026-06-23T02:49:00.751+0000] {processor.py:840} INFO - DAG(s) 'example_branch_datetime_operator_2', 'example_branch_datetime_operator_3', 'example_branch_datetime_operator' retrieved from /home/airflow/.local/lib/python3.12/site-packages/airflow/example_dags/example_branch_datetime_operator.py
[2026-06-23T02:49:00.828+0000] {logging_mixin.py:188} INFO - [2026-06-23T02:49:00.827+0000] {dag.py:3096} INFO - Sync 3 DAGs
[2026-06-23T02:49:00.910+0000] {logging_mixin.py:188} INFO - [2026-06-23T02:49:00.909+0000] {dag.py:3954} INFO - Setting next_dagrun for example_branch_datetime_operator to 2026-06-22 00:00:00+00:00, run_after=2026-06-23 00:00:00+00:00
[2026-06-23T02:49:00.927+0000] {logging_mixin.py:188} INFO - [2026-06-23T02:49:00.926+0000] {dag.py:3954} INFO - Setting next_dagrun for example_branch_datetime_operator_2 to 2026-06-22 00:00:00+00:00, run_after=2026-06-23 00:00:00+00:00
[2026-06-23T02:49:00.935+0000] {logging_mixin.py:188} INFO - [2026-06-23T02:49:00.935+0000] {dag.py:3954} INFO - Setting next_dagrun for example_branch_datetime_operator_3 to 2026-06-22 00:00:00+00:00, run_after=2026-06-23 00:00:00+00:00
[2026-06-23T02:49:00.982+0000] {processor.py:183} INFO - Processing /home/airflow/.local/lib/python3.12/site-packages/airflow/example_dags/example_branch_datetime_operator.py took 0.285 seconds
[2026-06-23T02:49:31.370+0000] {processor.py:161} INFO - Started process (PID=380) to work on /home/airflow/.local/lib/python3.12/site-packages/airflow/example_dags/example_branch_datetime_operator.py
[2026-06-23T02:49:31.372+0000] {processor.py:830} INFO - Processing file /home/airflow/.local/lib/python3.12/site-packages/airflow/example_dags/example_branch_datetime_operator.py for tasks to queue
[2026-06-23T02:49:31.375+0000] {logging_mixin.py:188} INFO - [2026-06-23T02:49:31.374+0000] {dagbag.py:545} INFO - Filling up the DagBag from /home/airflow/.local/lib/python3.12/site-packages/airflow/example_dags/example_branch_datetime_operator.py
[2026-06-23T02:49:31.396+0000] {processor.py:840} INFO - DAG(s) 'example_branch_datetime_operator_3', 'example_branch_datetime_operator', 'example_branch_datetime_operator_2' retrieved from /home/airflow/.local/lib/python3.12/site-packages/airflow/example_dags/example_branch_datetime_operator.py
[2026-06-23T02:49:31.446+0000] {logging_mixin.py:188} INFO - [2026-06-23T02:49:31.446+0000] {dag.py:3096} INFO - Sync 3 DAGs
[2026-06-23T02:49:31.497+0000] {logging_mixin.py:188} INFO - [2026-06-23T02:49:31.496+0000] {dag.py:3954} INFO - Setting next_dagrun for example_branch_datetime_operator to 2026-06-22 00:00:00+00:00, run_after=2026-06-23 00:00:00+00:00
[2026-06-23T02:49:31.512+0000] {logging_mixin.py:188} INFO - [2026-06-23T02:49:31.511+0000] {dag.py:3954} INFO - Setting next_dagrun for example_branch_datetime_operator_2 to 2026-06-22 00:00:00+00:00, run_after=2026-06-23 00:00:00+00:00
[2026-06-23T02:49:31.518+0000] {logging_mixin.py:188} INFO - [2026-06-23T02:49:31.518+0000] {dag.py:3954} INFO - Setting next_dagrun for example_branch_datetime_operator_3 to 2026-06-22 00:00:00+00:00, run_after=2026-06-23 00:00:00+00:00
[2026-06-23T02:49:31.551+0000] {processor.py:183} INFO - Processing /home/airflow/.local/lib/python3.12/site-packages/airflow/example_dags/example_branch_datetime_operator.py took 0.190 seconds
[2026-06-23T02:50:02.585+0000] {processor.py:161} INFO - Started process (PID=441) to work on /home/airflow/.local/lib/python3.12/site-packages/airflow/example_dags/example_branch_datetime_operator.py
[2026-06-23T02:50:02.589+0000] {processor.py:830} INFO - Processing file /home/airflow/.local/lib/python3.12/site-packages/airflow/example_dags/example_branch_datetime_operator.py for tasks to queue
[2026-06-23T02:50:02.597+0000] {logging_mixin.py:188} INFO - [2026-06-23T02:50:02.595+0000] {dagbag.py:545} INFO - Filling up the DagBag from /home/airflow/.local/lib/python3.12/site-packages/airflow/example_dags/example_branch_datetime_operator.py
[2026-06-23T02:50:02.633+0000] {processor.py:840} INFO - DAG(s) 'example_branch_datetime_operator_2', 'example_branch_datetime_operator_3', 'example_branch_datetime_operator' retrieved from /home/airflow/.local/lib/python3.12/site-packages/airflow/example_dags/example_branch_datetime_operator.py
[2026-06-23T02:50:02.712+0000] {logging_mixin.py:188} INFO - [2026-06-23T02:50:02.712+0000] {dag.py:3096} INFO - Sync 3 DAGs
[2026-06-23T02:50:02.763+0000] {logging_mixin.py:188} INFO - [2026-06-23T02:50:02.763+0000] {dag.py:3954} INFO - Setting next_dagrun for example_branch_datetime_operator to 2026-06-22 00:00:00+00:00, run_after=2026-06-23 00:00:00+00:00
[2026-06-23T02:50:02.774+0000] {logging_mixin.py:188} INFO - [2026-06-23T02:50:02.774+0000] {dag.py:3954} INFO - Setting next_dagrun for example_branch_datetime_operator_2 to 2026-06-22 00:00:00+00:00, run_after=2026-06-23 00:00:00+00:00
[2026-06-23T02:50:02.779+0000] {logging_mixin.py:188} INFO - [2026-06-23T02:50:02.779+0000] {dag.py:3954} INFO - Setting next_dagrun for example_branch_datetime_operator_3 to 2026-06-22 00:00:00+00:00, run_after=2026-06-23 00:00:00+00:00
[2026-06-23T02:50:02.812+0000] {processor.py:183} INFO - Processing /home/airflow/.local/lib/python3.12/site-packages/airflow/example_dags/example_branch_datetime_operator.py took 0.244 seconds
[2026-06-23T02:50:32.980+0000] {processor.py:161} INFO - Started process (PID=500) to work on /home/airflow/.local/lib/python3.12/site-packages/airflow/example_dags/example_branch_datetime_operator.py
[2026-06-23T02:50:32.984+0000] {processor.py:830} INFO - Processing file /home/airflow/.local/lib/python3.12/site-packages/airflow/example_dags/example_branch_datetime_operator.py for tasks to queue
[2026-06-23T02:50:32.992+0000] {logging_mixin.py:188} INFO - [2026-06-23T02:50:32.991+0000] {dagbag.py:545} INFO - Filling up the DagBag from /home/airflow/.local/lib/python3.12/site-packages/airflow/example_dags/example_branch_datetime_operator.py
[2026-06-23T02:50:33.017+0000] {processor.py:840} INFO - DAG(s) 'example_branch_datetime_operator_3', 'example_branch_datetime_operator_2', 'example_branch_datetime_operator' retrieved from /home/airflow/.local/lib/python3.12/site-packages/airflow/example_dags/example_branch_datetime_operator.py
[2026-06-23T02:50:33.105+0000] {logging_mixin.py:188} INFO - [2026-06-23T02:50:33.105+0000] {dag.py:3096} INFO - Sync 3 DAGs
[2026-06-23T02:50:33.167+0000] {logging_mixin.py:188} INFO - [2026-06-23T02:50:33.167+0000] {dag.py:3954} INFO - Setting next_dagrun for example_branch_datetime_operator to 2026-06-22 00:00:00+00:00, run_after=2026-06-23 00:00:00+00:00
[2026-06-23T02:50:33.180+0000] {logging_mixin.py:188} INFO - [2026-06-23T02:50:33.179+0000] {dag.py:3954} INFO - Setting next_dagrun for example_branch_datetime_operator_2 to 2026-06-22 00:00:00+00:00, run_after=2026-06-23 00:00:00+00:00
[2026-06-23T02:50:33.186+0000] {logging_mixin.py:188} INFO - [2026-06-23T02:50:33.185+0000] {dag.py:3954} INFO - Setting next_dagrun for example_branch_datetime_operator_3 to 2026-06-22 00:00:00+00:00, run_after=2026-06-23 00:00:00+00:00
[2026-06-23T02:50:33.222+0000] {processor.py:183} INFO - Processing /home/airflow/.local/lib/python3.12/site-packages/airflow/example_dags/example_branch_datetime_operator.py took 0.258 seconds
[2026-06-23T02:51:03.682+0000] {processor.py:161} INFO - Started process (PID=561) to work on /home/airflow/.local/lib/python3.12/site-packages/airflow/example_dags/example_branch_datetime_operator.py
[2026-06-23T02:51:03.684+0000] {processor.py:830} INFO - Processing file /home/airflow/.local/lib/python3.12/site-packages/airflow/example_dags/example_branch_datetime_operator.py for tasks to queue
[2026-06-23T02:51:03.688+0000] {logging_mixin.py:188} INFO - [2026-06-23T02:51:03.687+0000] {dagbag.py:545} INFO - Filling up the DagBag from /home/airflow/.local/lib/python3.12/site-packages/airflow/example_dags/example_branch_datetime_operator.py
[2026-06-23T02:51:03.704+0000] {processor.py:840} INFO - DAG(s) 'example_branch_datetime_operator_3', 'example_branch_datetime_operator_2', 'example_branch_datetime_operator' retrieved from /home/airflow/.local/lib/python3.12/site-packages/airflow/example_dags/example_branch_datetime_operator.py
[2026-06-23T02:51:03.754+0000] {logging_mixin.py:188} INFO - [2026-06-23T02:51:03.754+0000] {dag.py:3096} INFO - Sync 3 DAGs
[2026-06-23T02:51:03.795+0000] {logging_mixin.py:188} INFO - [2026-06-23T02:51:03.794+0000] {dag.py:3954} INFO - Setting next_dagrun for example_branch_datetime_operator to 2026-06-22 00:00:00+00:00, run_after=2026-06-23 00:00:00+00:00
[2026-06-23T02:51:03.805+0000] {logging_mixin.py:188} INFO - [2026-06-23T02:51:03.804+0000] {dag.py:3954} INFO - Setting next_dagrun for example_branch_datetime_operator_2 to 2026-06-22 00:00:00+00:00, run_after=2026-06-23 00:00:00+00:00
[2026-06-23T02:51:03.811+0000] {logging_mixin.py:188} INFO - [2026-06-23T02:51:03.811+0000] {dag.py:3954} INFO - Setting next_dagrun for example_branch_datetime_operator_3 to 2026-06-22 00:00:00+00:00, run_after=2026-06-23 00:00:00+00:00
[2026-06-23T02:51:03.865+0000] {processor.py:183} INFO - Processing /home/airflow/.local/lib/python3.12/site-packages/airflow/example_dags/example_branch_datetime_operator.py took 0.192 seconds
[2026-06-23T02:51:34.002+0000] {processor.py:161} INFO - Started process (PID=622) to work on /home/airflow/.local/lib/python3.12/site-packages/airflow/example_dags/example_branch_datetime_operator.py
[2026-06-23T02:51:34.004+0000] {processor.py:830} INFO - Processing file /home/airflow/.local/lib/python3.12/site-packages/airflow/example_dags/example_branch_datetime_operator.py for tasks to queue
[2026-06-23T02:51:34.007+0000] {logging_mixin.py:188} INFO - [2026-06-23T02:51:34.006+0000] {dagbag.py:545} INFO - Filling up the DagBag from /home/airflow/.local/lib/python3.12/site-packages/airflow/example_dags/example_branch_datetime_operator.py
[2026-06-23T02:51:34.021+0000] {processor.py:840} INFO - DAG(s) 'example_branch_datetime_operator_2', 'example_branch_datetime_operator', 'example_branch_datetime_operator_3' retrieved from /home/airflow/.local/lib/python3.12/site-packages/airflow/example_dags/example_branch_datetime_operator.py
[2026-06-23T02:51:34.066+0000] {logging_mixin.py:188} INFO - [2026-06-23T02:51:34.066+0000] {dag.py:3096} INFO - Sync 3 DAGs
[2026-06-23T02:51:34.099+0000] {logging_mixin.py:188} INFO - [2026-06-23T02:51:34.099+0000] {dag.py:3954} INFO - Setting next_dagrun for example_branch_datetime_operator to 2026-06-22 00:00:00+00:00, run_after=2026-06-23 00:00:00+00:00
[2026-06-23T02:51:34.109+0000] {logging_mixin.py:188} INFO - [2026-06-23T02:51:34.109+0000] {dag.py:3954} INFO - Setting next_dagrun for example_branch_datetime_operator_2 to 2026-06-22 00:00:00+00:00, run_after=2026-06-23 00:00:00+00:00
[2026-06-23T02:51:34.114+0000] {logging_mixin.py:188} INFO - [2026-06-23T02:51:34.114+0000] {dag.py:3954} INFO - Setting next_dagrun for example_branch_datetime_operator_3 to 2026-06-22 00:00:00+00:00, run_after=2026-06-23 00:00:00+00:00
[2026-06-23T02:51:34.143+0000] {processor.py:183} INFO - Processing /home/airflow/.local/lib/python3.12/site-packages/airflow/example_dags/example_branch_datetime_operator.py took 0.149 seconds
[2026-06-23T02:52:04.197+0000] {processor.py:161} INFO - Started process (PID=680) to work on /home/airflow/.local/lib/python3.12/site-packages/airflow/example_dags/example_branch_datetime_operator.py
[2026-06-23T02:52:04.199+0000] {processor.py:830} INFO - Processing file /home/airflow/.local/lib/python3.12/site-packages/airflow/example_dags/example_branch_datetime_operator.py for tasks to queue
[2026-06-23T02:52:04.202+0000] {logging_mixin.py:188} INFO - [2026-06-23T02:52:04.202+0000] {dagbag.py:545} INFO - Filling up the DagBag from /home/airflow/.local/lib/python3.12/site-packages/airflow/example_dags/example_branch_datetime_operator.py
[2026-06-23T02:52:04.216+0000] {processor.py:840} INFO - DAG(s) 'example_branch_datetime_operator_2', 'example_branch_datetime_operator_3', 'example_branch_datetime_operator' retrieved from /home/airflow/.local/lib/python3.12/site-packages/airflow/example_dags/example_branch_datetime_operator.py
[2026-06-23T02:52:04.255+0000] {logging_mixin.py:188} INFO - [2026-06-23T02:52:04.255+0000] {dag.py:3096} INFO - Sync 3 DAGs
[2026-06-23T02:52:04.285+0000] {logging_mixin.py:188} INFO - [2026-06-23T02:52:04.285+0000] {dag.py:3954} INFO - Setting next_dagrun for example_branch_datetime_operator to 2026-06-22 00:00:00+00:00, run_after=2026-06-23 00:00:00+00:00
[2026-06-23T02:52:04.292+0000] {logging_mixin.py:188} INFO - [2026-06-23T02:52:04.292+0000] {dag.py:3954} INFO - Setting next_dagrun for example_branch_datetime_operator_2 to 2026-06-22 00:00:00+00:00, run_after=2026-06-23 00:00:00+00:00
[2026-06-23T02:52:04.297+0000] {logging_mixin.py:188} INFO - [2026-06-23T02:52:04.296+0000] {dag.py:3954} INFO - Setting next_dagrun for example_branch_datetime_operator_3 to 2026-06-22 00:00:00+00:00, run_after=2026-06-23 00:00:00+00:00
[2026-06-23T02:52:04.322+0000] {processor.py:183} INFO - Processing /home/airflow/.local/lib/python3.12/site-packages/airflow/example_dags/example_branch_datetime_operator.py took 0.132 seconds
[2026-06-23T02:52:34.666+0000] {processor.py:161} INFO - Started process (PID=739) to work on /home/airflow/.local/lib/python3.12/site-packages/airflow/example_dags/example_branch_datetime_operator.py
[2026-06-23T02:52:34.668+0000] {processor.py:830} INFO - Processing file /home/airflow/.local/lib/python3.12/site-packages/airflow/example_dags/example_branch_datetime_operator.py for tasks to queue
[2026-06-23T02:52:34.671+0000] {logging_mixin.py:188} INFO - [2026-06-23T02:52:34.671+0000] {dagbag.py:545} INFO - Filling up the DagBag from /home/airflow/.local/lib/python3.12/site-packages/airflow/example_dags/example_branch_datetime_operator.py
[2026-06-23T02:52:34.683+0000] {processor.py:840} INFO - DAG(s) 'example_branch_datetime_operator_2', 'example_branch_datetime_operator', 'example_branch_datetime_operator_3' retrieved from /home/airflow/.local/lib/python3.12/site-packages/airflow/example_dags/example_branch_datetime_operator.py
[2026-06-23T02:52:34.722+0000] {logging_mixin.py:188} INFO - [2026-06-23T02:52:34.722+0000] {dag.py:3096} INFO - Sync 3 DAGs
[2026-06-23T02:52:34.749+0000] {logging_mixin.py:188} INFO - [2026-06-23T02:52:34.749+0000] {dag.py:3954} INFO - Setting next_dagrun for example_branch_datetime_operator to 2026-06-22 00:00:00+00:00, run_after=2026-06-23 00:00:00+00:00
[2026-06-23T02:52:34.756+0000] {logging_mixin.py:188} INFO - [2026-06-23T02:52:34.756+0000] {dag.py:3954} INFO - Setting next_dagrun for example_branch_datetime_operator_2 to 2026-06-22 00:00:00+00:00, run_after=2026-06-23 00:00:00+00:00
[2026-06-23T02:52:34.760+0000] {logging_mixin.py:188} INFO - [2026-06-23T02:52:34.760+0000] {dag.py:3954} INFO - Setting next_dagrun for example_branch_datetime_operator_3 to 2026-06-22 00:00:00+00:00, run_after=2026-06-23 00:00:00+00:00
[2026-06-23T02:52:34.787+0000] {processor.py:183} INFO - Processing /home/airflow/.local/lib/python3.12/site-packages/airflow/example_dags/example_branch_datetime_operator.py took 0.128 seconds
[2026-06-23T02:53:04.845+0000] {processor.py:161} INFO - Started process (PID=798) to work on /home/airflow/.local/lib/python3.12/site-packages/airflow/example_dags/example_branch_datetime_operator.py
[2026-06-23T02:53:04.846+0000] {processor.py:830} INFO - Processing file /home/airflow/.local/lib/python3.12/site-packages/airflow/example_dags/example_branch_datetime_operator.py for tasks to queue
[2026-06-23T02:53:04.848+0000] {logging_mixin.py:188} INFO - [2026-06-23T02:53:04.848+0000] {dagbag.py:545} INFO - Filling up the DagBag from /home/airflow/.local/lib/python3.12/site-packages/airflow/example_dags/example_branch_datetime_operator.py
[2026-06-23T02:53:04.860+0000] {processor.py:840} INFO - DAG(s) 'example_branch_datetime_operator_3', 'example_branch_datetime_operator_2', 'example_branch_datetime_operator' retrieved from /home/airflow/.local/lib/python3.12/site-packages/airflow/example_dags/example_branch_datetime_operator.py
[2026-06-23T02:53:04.898+0000] {logging_mixin.py:188} INFO - [2026-06-23T02:53:04.897+0000] {dag.py:3096} INFO - Sync 3 DAGs
[2026-06-23T02:53:04.926+0000] {logging_mixin.py:188} INFO - [2026-06-23T02:53:04.926+0000] {dag.py:3954} INFO - Setting next_dagrun for example_branch_datetime_operator to 2026-06-22 00:00:00+00:00, run_after=2026-06-23 00:00:00+00:00
[2026-06-23T02:53:04.933+0000] {logging_mixin.py:188} INFO - [2026-06-23T02:53:04.933+0000] {dag.py:3954} INFO - Setting next_dagrun for example_branch_datetime_operator_2 to 2026-06-22 00:00:00+00:00, run_after=2026-06-23 00:00:00+00:00
[2026-06-23T02:53:04.937+0000] {logging_mixin.py:188} INFO - [2026-06-23T02:53:04.937+0000] {dag.py:3954} INFO - Setting next_dagrun for example_branch_datetime_operator_3 to 2026-06-22 00:00:00+00:00, run_after=2026-06-23 00:00:00+00:00
[2026-06-23T02:53:04.967+0000] {processor.py:183} INFO - Processing /home/airflow/.local/lib/python3.12/site-packages/airflow/example_dags/example_branch_datetime_operator.py took 0.129 seconds
[2026-06-23T02:53:35.274+0000] {processor.py:161} INFO - Started process (PID=856) to work on /home/airflow/.local/lib/python3.12/site-packages/airflow/example_dags/example_branch_datetime_operator.py
[2026-06-23T02:53:35.276+0000] {processor.py:830} INFO - Processing file /home/airflow/.local/lib/python3.12/site-packages/airflow/example_dags/example_branch_datetime_operator.py for tasks to queue
[2026-06-23T02:53:35.280+0000] {logging_mixin.py:188} INFO - [2026-06-23T02:53:35.279+0000] {dagbag.py:545} INFO - Filling up the DagBag from /home/airflow/.local/lib/python3.12/site-packages/airflow/example_dags/example_branch_datetime_operator.py
[2026-06-23T02:53:35.295+0000] {processor.py:840} INFO - DAG(s) 'example_branch_datetime_operator_2', 'example_branch_datetime_operator', 'example_branch_datetime_operator_3' retrieved from /home/airflow/.local/lib/python3.12/site-packages/airflow/example_dags/example_branch_datetime_operator.py
[2026-06-23T02:53:35.343+0000] {logging_mixin.py:188} INFO - [2026-06-23T02:53:35.343+0000] {dag.py:3096} INFO - Sync 3 DAGs
[2026-06-23T02:53:35.372+0000] {logging_mixin.py:188} INFO - [2026-06-23T02:53:35.372+0000] {dag.py:3954} INFO - Setting next_dagrun for example_branch_datetime_operator to 2026-06-22 00:00:00+00:00, run_after=2026-06-23 00:00:00+00:00
[2026-06-23T02:53:35.380+0000] {logging_mixin.py:188} INFO - [2026-06-23T02:53:35.380+0000] {dag.py:3954} INFO - Setting next_dagrun for example_branch_datetime_operator_2 to 2026-06-22 00:00:00+00:00, run_after=2026-06-23 00:00:00+00:00
[2026-06-23T02:53:35.384+0000] {logging_mixin.py:188} INFO - [2026-06-23T02:53:35.383+0000] {dag.py:3954} INFO - Setting next_dagrun for example_branch_datetime_operator_3 to 2026-06-22 00:00:00+00:00, run_after=2026-06-23 00:00:00+00:00
[2026-06-23T02:53:35.412+0000] {processor.py:183} INFO - Processing /home/airflow/.local/lib/python3.12/site-packages/airflow/example_dags/example_branch_datetime_operator.py took 0.145 seconds
[2026-06-23T02:54:05.752+0000] {processor.py:161} INFO - Started process (PID=915) to work on /home/airflow/.local/lib/python3.12/site-packages/airflow/example_dags/example_branch_datetime_operator.py
[2026-06-23T02:54:05.753+0000] {processor.py:830} INFO - Processing file /home/airflow/.local/lib/python3.12/site-packages/airflow/example_dags/example_branch_datetime_operator.py for tasks to queue
[2026-06-23T02:54:05.757+0000] {logging_mixin.py:188} INFO - [2026-06-23T02:54:05.756+0000] {dagbag.py:545} INFO - Filling up the DagBag from /home/airflow/.local/lib/python3.12/site-packages/airflow/example_dags/example_branch_datetime_operator.py
[2026-06-23T02:54:05.769+0000] {processor.py:840} INFO - DAG(s) 'example_branch_datetime_operator_3', 'example_branch_datetime_operator', 'example_branch_datetime_operator_2' retrieved from /home/airflow/.local/lib/python3.12/site-packages/airflow/example_dags/example_branch_datetime_operator.py
[2026-06-23T02:54:05.806+0000] {logging_mixin.py:188} INFO - [2026-06-23T02:54:05.805+0000] {dag.py:3096} INFO - Sync 3 DAGs
[2026-06-23T02:54:05.831+0000] {logging_mixin.py:188} INFO - [2026-06-23T02:54:05.831+0000] {dag.py:3954} INFO - Setting next_dagrun for example_branch_datetime_operator to 2026-06-22 00:00:00+00:00, run_after=2026-06-23 00:00:00+00:00
[2026-06-23T02:54:05.839+0000] {logging_mixin.py:188} INFO - [2026-06-23T02:54:05.839+0000] {dag.py:3954} INFO - Setting next_dagrun for example_branch_datetime_operator_2 to 2026-06-22 00:00:00+00:00, run_after=2026-06-23 00:00:00+00:00
[2026-06-23T02:54:05.842+0000] {logging_mixin.py:188} INFO - [2026-06-23T02:54:05.842+0000] {dag.py:3954} INFO - Setting next_dagrun for example_branch_datetime_operator_3 to 2026-06-22 00:00:00+00:00, run_after=2026-06-23 00:00:00+00:00
[2026-06-23T02:54:05.867+0000] {processor.py:183} INFO - Processing /home/airflow/.local/lib/python3.12/site-packages/airflow/example_dags/example_branch_datetime_operator.py took 0.121 seconds
[2026-06-23T02:54:36.240+0000] {processor.py:161} INFO - Started process (PID=975) to work on /home/airflow/.local/lib/python3.12/site-packages/airflow/example_dags/example_branch_datetime_operator.py
[2026-06-23T02:54:36.242+0000] {processor.py:830} INFO - Processing file /home/airflow/.local/lib/python3.12/site-packages/airflow/example_dags/example_branch_datetime_operator.py for tasks to queue
[2026-06-23T02:54:36.245+0000] {logging_mixin.py:188} INFO - [2026-06-23T02:54:36.244+0000] {dagbag.py:545} INFO - Filling up the DagBag from /home/airflow/.local/lib/python3.12/site-packages/airflow/example_dags/example_branch_datetime_operator.py
[2026-06-23T02:54:36.257+0000] {processor.py:840} INFO - DAG(s) 'example_branch_datetime_operator', 'example_branch_datetime_operator_3', 'example_branch_datetime_operator_2' retrieved from /home/airflow/.local/lib/python3.12/site-packages/airflow/example_dags/example_branch_datetime_operator.py
[2026-06-23T02:54:36.297+0000] {logging_mixin.py:188} INFO - [2026-06-23T02:54:36.297+0000] {dag.py:3096} INFO - Sync 3 DAGs
[2026-06-23T02:54:36.327+0000] {logging_mixin.py:188} INFO - [2026-06-23T02:54:36.327+0000] {dag.py:3954} INFO - Setting next_dagrun for example_branch_datetime_operator to 2026-06-22 00:00:00+00:00, run_after=2026-06-23 00:00:00+00:00
[2026-06-23T02:54:36.334+0000] {logging_mixin.py:188} INFO - [2026-06-23T02:54:36.334+0000] {dag.py:3954} INFO - Setting next_dagrun for example_branch_datetime_operator_2 to 2026-06-22 00:00:00+00:00, run_after=2026-06-23 00:00:00+00:00
[2026-06-23T02:54:36.338+0000] {logging_mixin.py:188} INFO - [2026-06-23T02:54:36.338+0000] {dag.py:3954} INFO - Setting next_dagrun for example_branch_datetime_operator_3 to 2026-06-22 00:00:00+00:00, run_after=2026-06-23 00:00:00+00:00
[2026-06-23T02:54:36.367+0000] {processor.py:183} INFO - Processing /home/airflow/.local/lib/python3.12/site-packages/airflow/example_dags/example_branch_datetime_operator.py took 0.134 seconds
[2026-06-23T02:55:06.689+0000] {processor.py:161} INFO - Started process (PID=1034) to work on /home/airflow/.local/lib/python3.12/site-packages/airflow/example_dags/example_branch_datetime_operator.py
[2026-06-23T02:55:06.691+0000] {processor.py:830} INFO - Processing file /home/airflow/.local/lib/python3.12/site-packages/airflow/example_dags/example_branch_datetime_operator.py for tasks to queue
[2026-06-23T02:55:06.693+0000] {logging_mixin.py:188} INFO - [2026-06-23T02:55:06.693+0000] {dagbag.py:545} INFO - Filling up the DagBag from /home/airflow/.local/lib/python3.12/site-packages/airflow/example_dags/example_branch_datetime_operator.py
[2026-06-23T02:55:06.706+0000] {processor.py:840} INFO - DAG(s) 'example_branch_datetime_operator_2', 'example_branch_datetime_operator', 'example_branch_datetime_operator_3' retrieved from /home/airflow/.local/lib/python3.12/site-packages/airflow/example_dags/example_branch_datetime_operator.py
[2026-06-23T02:55:06.748+0000] {logging_mixin.py:188} INFO - [2026-06-23T02:55:06.748+0000] {dag.py:3096} INFO - Sync 3 DAGs
[2026-06-23T02:55:06.779+0000] {logging_mixin.py:188} INFO - [2026-06-23T02:55:06.778+0000] {dag.py:3954} INFO - Setting next_dagrun for example_branch_datetime_operator to 2026-06-22 00:00:00+00:00, run_after=2026-06-23 00:00:00+00:00
[2026-06-23T02:55:06.786+0000] {logging_mixin.py:188} INFO - [2026-06-23T02:55:06.786+0000] {dag.py:3954} INFO - Setting next_dagrun for example_branch_datetime_operator_2 to 2026-06-22 00:00:00+00:00, run_after=2026-06-23 00:00:00+00:00
[2026-06-23T02:55:06.790+0000] {logging_mixin.py:188} INFO - [2026-06-23T02:55:06.790+0000] {dag.py:3954} INFO - Setting next_dagrun for example_branch_datetime_operator_3 to 2026-06-22 00:00:00+00:00, run_after=2026-06-23 00:00:00+00:00
[2026-06-23T02:55:06.818+0000] {processor.py:183} INFO - Processing /home/airflow/.local/lib/python3.12/site-packages/airflow/example_dags/example_branch_datetime_operator.py took 0.137 seconds
[2026-06-23T02:55:37.016+0000] {processor.py:161} INFO - Started process (PID=1094) to work on /home/airflow/.local/lib/python3.12/site-packages/airflow/example_dags/example_branch_datetime_operator.py
[2026-06-23T02:55:37.017+0000] {processor.py:830} INFO - Processing file /home/airflow/.local/lib/python3.12/site-packages/airflow/example_dags/example_branch_datetime_operator.py for tasks to queue
[2026-06-23T02:55:37.021+0000] {logging_mixin.py:188} INFO - [2026-06-23T02:55:37.020+0000] {dagbag.py:545} INFO - Filling up the DagBag from /home/airflow/.local/lib/python3.12/site-packages/airflow/example_dags/example_branch_datetime_operator.py
[2026-06-23T02:55:37.038+0000] {processor.py:840} INFO - DAG(s) 'example_branch_datetime_operator_3', 'example_branch_datetime_operator_2', 'example_branch_datetime_operator' retrieved from /home/airflow/.local/lib/python3.12/site-packages/airflow/example_dags/example_branch_datetime_operator.py
[2026-06-23T02:55:37.086+0000] {logging_mixin.py:188} INFO - [2026-06-23T02:55:37.086+0000] {dag.py:3096} INFO - Sync 3 DAGs
[2026-06-23T02:55:37.120+0000] {logging_mixin.py:188} INFO - [2026-06-23T02:55:37.120+0000] {dag.py:3954} INFO - Setting next_dagrun for example_branch_datetime_operator to 2026-06-22 00:00:00+00:00, run_after=2026-06-23 00:00:00+00:00
[2026-06-23T02:55:37.129+0000] {logging_mixin.py:188} INFO - [2026-06-23T02:55:37.129+0000] {dag.py:3954} INFO - Setting next_dagrun for example_branch_datetime_operator_2 to 2026-06-22 00:00:00+00:00, run_after=2026-06-23 00:00:00+00:00
[2026-06-23T02:55:37.133+0000] {logging_mixin.py:188} INFO - [2026-06-23T02:55:37.133+0000] {dag.py:3954} INFO - Setting next_dagrun for example_branch_datetime_operator_3 to 2026-06-22 00:00:00+00:00, run_after=2026-06-23 00:00:00+00:00
[2026-06-23T02:55:37.162+0000] {processor.py:183} INFO - Processing /home/airflow/.local/lib/python3.12/site-packages/airflow/example_dags/example_branch_datetime_operator.py took 0.155 seconds
[2026-06-23T02:56:07.276+0000] {processor.py:161} INFO - Started process (PID=1153) to work on /home/airflow/.local/lib/python3.12/site-packages/airflow/example_dags/example_branch_datetime_operator.py
[2026-06-23T02:56:07.278+0000] {processor.py:830} INFO - Processing file /home/airflow/.local/lib/python3.12/site-packages/airflow/example_dags/example_branch_datetime_operator.py for tasks to queue
[2026-06-23T02:56:07.281+0000] {logging_mixin.py:188} INFO - [2026-06-23T02:56:07.281+0000] {dagbag.py:545} INFO - Filling up the DagBag from /home/airflow/.local/lib/python3.12/site-packages/airflow/example_dags/example_branch_datetime_operator.py
[2026-06-23T02:56:07.295+0000] {processor.py:840} INFO - DAG(s) 'example_branch_datetime_operator', 'example_branch_datetime_operator_2', 'example_branch_datetime_operator_3' retrieved from /home/airflow/.local/lib/python3.12/site-packages/airflow/example_dags/example_branch_datetime_operator.py
[2026-06-23T02:56:07.335+0000] {logging_mixin.py:188} INFO - [2026-06-23T02:56:07.335+0000] {dag.py:3096} INFO - Sync 3 DAGs
[2026-06-23T02:56:07.369+0000] {logging_mixin.py:188} INFO - [2026-06-23T02:56:07.369+0000] {dag.py:3954} INFO - Setting next_dagrun for example_branch_datetime_operator to 2026-06-22 00:00:00+00:00, run_after=2026-06-23 00:00:00+00:00
[2026-06-23T02:56:07.378+0000] {logging_mixin.py:188} INFO - [2026-06-23T02:56:07.377+0000] {dag.py:3954} INFO - Setting next_dagrun for example_branch_datetime_operator_2 to 2026-06-22 00:00:00+00:00, run_after=2026-06-23 00:00:00+00:00
[2026-06-23T02:56:07.383+0000] {logging_mixin.py:188} INFO - [2026-06-23T02:56:07.382+0000] {dag.py:3954} INFO - Setting next_dagrun for example_branch_datetime_operator_3 to 2026-06-22 00:00:00+00:00, run_after=2026-06-23 00:00:00+00:00
[2026-06-23T02:56:07.412+0000] {processor.py:183} INFO - Processing /home/airflow/.local/lib/python3.12/site-packages/airflow/example_dags/example_branch_datetime_operator.py took 0.144 seconds
[2026-06-23T02:56:37.654+0000] {processor.py:161} INFO - Started process (PID=1213) to work on /home/airflow/.local/lib/python3.12/site-packages/airflow/example_dags/example_branch_datetime_operator.py
[2026-06-23T02:56:37.656+0000] {processor.py:830} INFO - Processing file /home/airflow/.local/lib/python3.12/site-packages/airflow/example_dags/example_branch_datetime_operator.py for tasks to queue
[2026-06-23T02:56:37.659+0000] {logging_mixin.py:188} INFO - [2026-06-23T02:56:37.658+0000] {dagbag.py:545} INFO - Filling up the DagBag from /home/airflow/.local/lib/python3.12/site-packages/airflow/example_dags/example_branch_datetime_operator.py
[2026-06-23T02:56:37.672+0000] {processor.py:840} INFO - DAG(s) 'example_branch_datetime_operator_3', 'example_branch_datetime_operator', 'example_branch_datetime_operator_2' retrieved from /home/airflow/.local/lib/python3.12/site-packages/airflow/example_dags/example_branch_datetime_operator.py
[2026-06-23T02:56:37.711+0000] {logging_mixin.py:188} INFO - [2026-06-23T02:56:37.711+0000] {dag.py:3096} INFO - Sync 3 DAGs
[2026-06-23T02:56:37.743+0000] {logging_mixin.py:188} INFO - [2026-06-23T02:56:37.743+0000] {dag.py:3954} INFO - Setting next_dagrun for example_branch_datetime_operator to 2026-06-22 00:00:00+00:00, run_after=2026-06-23 00:00:00+00:00
[2026-06-23T02:56:37.751+0000] {logging_mixin.py:188} INFO - [2026-06-23T02:56:37.751+0000] {dag.py:3954} INFO - Setting next_dagrun for example_branch_datetime_operator_2 to 2026-06-22 00:00:00+00:00, run_after=2026-06-23 00:00:00+00:00
[2026-06-23T02:56:37.757+0000] {logging_mixin.py:188} INFO - [2026-06-23T02:56:37.756+0000] {dag.py:3954} INFO - Setting next_dagrun for example_branch_datetime_operator_3 to 2026-06-22 00:00:00+00:00, run_after=2026-06-23 00:00:00+00:00
[2026-06-23T02:56:37.785+0000] {processor.py:183} INFO - Processing /home/airflow/.local/lib/python3.12/site-packages/airflow/example_dags/example_branch_datetime_operator.py took 0.138 seconds
[2026-06-23T02:57:07.998+0000] {processor.py:161} INFO - Started process (PID=1272) to work on /home/airflow/.local/lib/python3.12/site-packages/airflow/example_dags/example_branch_datetime_operator.py
[2026-06-23T02:57:08.000+0000] {processor.py:830} INFO - Processing file /home/airflow/.local/lib/python3.12/site-packages/airflow/example_dags/example_branch_datetime_operator.py for tasks to queue
[2026-06-23T02:57:08.004+0000] {logging_mixin.py:188} INFO - [2026-06-23T02:57:08.003+0000] {dagbag.py:545} INFO - Filling up the DagBag from /home/airflow/.local/lib/python3.12/site-packages/airflow/example_dags/example_branch_datetime_operator.py
[2026-06-23T02:57:08.015+0000] {processor.py:840} INFO - DAG(s) 'example_branch_datetime_operator_3', 'example_branch_datetime_operator', 'example_branch_datetime_operator_2' retrieved from /home/airflow/.local/lib/python3.12/site-packages/airflow/example_dags/example_branch_datetime_operator.py
[2026-06-23T02:57:08.055+0000] {logging_mixin.py:188} INFO - [2026-06-23T02:57:08.054+0000] {dag.py:3096} INFO - Sync 3 DAGs
[2026-06-23T02:57:08.087+0000] {logging_mixin.py:188} INFO - [2026-06-23T02:57:08.087+0000] {dag.py:3954} INFO - Setting next_dagrun for example_branch_datetime_operator to 2026-06-22 00:00:00+00:00, run_after=2026-06-23 00:00:00+00:00
[2026-06-23T02:57:08.095+0000] {logging_mixin.py:188} INFO - [2026-06-23T02:57:08.094+0000] {dag.py:3954} INFO - Setting next_dagrun for example_branch_datetime_operator_2 to 2026-06-22 00:00:00+00:00, run_after=2026-06-23 00:00:00+00:00
[2026-06-23T02:57:08.100+0000] {logging_mixin.py:188} INFO - [2026-06-23T02:57:08.099+0000] {dag.py:3954} INFO - Setting next_dagrun for example_branch_datetime_operator_3 to 2026-06-22 00:00:00+00:00, run_after=2026-06-23 00:00:00+00:00
[2026-06-23T02:57:08.130+0000] {processor.py:183} INFO - Processing /home/airflow/.local/lib/python3.12/site-packages/airflow/example_dags/example_branch_datetime_operator.py took 0.139 seconds
[2026-06-23T02:57:38.457+0000] {processor.py:161} INFO - Started process (PID=1330) to work on /home/airflow/.local/lib/python3.12/site-packages/airflow/example_dags/example_branch_datetime_operator.py
[2026-06-23T02:57:38.460+0000] {processor.py:830} INFO - Processing file /home/airflow/.local/lib/python3.12/site-packages/airflow/example_dags/example_branch_datetime_operator.py for tasks to queue
[2026-06-23T02:57:38.464+0000] {logging_mixin.py:188} INFO - [2026-06-23T02:57:38.464+0000] {dagbag.py:545} INFO - Filling up the DagBag from /home/airflow/.local/lib/python3.12/site-packages/airflow/example_dags/example_branch_datetime_operator.py
[2026-06-23T02:57:38.493+0000] {processor.py:840} INFO - DAG(s) 'example_branch_datetime_operator_2', 'example_branch_datetime_operator', 'example_branch_datetime_operator_3' retrieved from /home/airflow/.local/lib/python3.12/site-packages/airflow/example_dags/example_branch_datetime_operator.py
[2026-06-23T02:57:38.575+0000] {logging_mixin.py:188} INFO - [2026-06-23T02:57:38.574+0000] {dag.py:3096} INFO - Sync 3 DAGs
[2026-06-23T02:57:38.655+0000] {logging_mixin.py:188} INFO - [2026-06-23T02:57:38.654+0000] {dag.py:3954} INFO - Setting next_dagrun for example_branch_datetime_operator to 2026-06-22 00:00:00+00:00, run_after=2026-06-23 00:00:00+00:00
[2026-06-23T02:57:38.672+0000] {logging_mixin.py:188} INFO - [2026-06-23T02:57:38.672+0000] {dag.py:3954} INFO - Setting next_dagrun for example_branch_datetime_operator_2 to 2026-06-22 00:00:00+00:00, run_after=2026-06-23 00:00:00+00:00
[2026-06-23T02:57:38.683+0000] {logging_mixin.py:188} INFO - [2026-06-23T02:57:38.682+0000] {dag.py:3954} INFO - Setting next_dagrun for example_branch_datetime_operator_3 to 2026-06-22 00:00:00+00:00, run_after=2026-06-23 00:00:00+00:00
[2026-06-23T02:57:38.738+0000] {processor.py:183} INFO - Processing /home/airflow/.local/lib/python3.12/site-packages/airflow/example_dags/example_branch_datetime_operator.py took 0.297 seconds
[2026-06-23T02:58:52.737+0000] {processor.py:161} INFO - Started process (PID=1390) to work on /home/airflow/.local/lib/python3.12/site-packages/airflow/example_dags/example_branch_datetime_operator.py
[2026-06-23T02:58:52.738+0000] {processor.py:830} INFO - Processing file /home/airflow/.local/lib/python3.12/site-packages/airflow/example_dags/example_branch_datetime_operator.py for tasks to queue
[2026-06-23T02:58:52.742+0000] {logging_mixin.py:188} INFO - [2026-06-23T02:58:52.741+0000] {dagbag.py:545} INFO - Filling up the DagBag from /home/airflow/.local/lib/python3.12/site-packages/airflow/example_dags/example_branch_datetime_operator.py
[2026-06-23T02:58:52.755+0000] {processor.py:840} INFO - DAG(s) 'example_branch_datetime_operator_2', 'example_branch_datetime_operator', 'example_branch_datetime_operator_3' retrieved from /home/airflow/.local/lib/python3.12/site-packages/airflow/example_dags/example_branch_datetime_operator.py
[2026-06-23T02:58:52.794+0000] {logging_mixin.py:188} INFO - [2026-06-23T02:58:52.793+0000] {dag.py:3096} INFO - Sync 3 DAGs
[2026-06-23T02:58:52.828+0000] {logging_mixin.py:188} INFO - [2026-06-23T02:58:52.827+0000] {dag.py:3954} INFO - Setting next_dagrun for example_branch_datetime_operator to 2026-06-22 00:00:00+00:00, run_after=2026-06-23 00:00:00+00:00
[2026-06-23T02:58:52.835+0000] {logging_mixin.py:188} INFO - [2026-06-23T02:58:52.834+0000] {dag.py:3954} INFO - Setting next_dagrun for example_branch_datetime_operator_2 to 2026-06-22 00:00:00+00:00, run_after=2026-06-23 00:00:00+00:00
[2026-06-23T02:58:52.839+0000] {logging_mixin.py:188} INFO - [2026-06-23T02:58:52.838+0000] {dag.py:3954} INFO - Setting next_dagrun for example_branch_datetime_operator_3 to 2026-06-22 00:00:00+00:00, run_after=2026-06-23 00:00:00+00:00
[2026-06-23T02:58:52.871+0000] {processor.py:183} INFO - Processing /home/airflow/.local/lib/python3.12/site-packages/airflow/example_dags/example_branch_datetime_operator.py took 0.141 seconds
[2026-06-23T02:59:23.453+0000] {processor.py:161} INFO - Started process (PID=1449) to work on /home/airflow/.local/lib/python3.12/site-packages/airflow/example_dags/example_branch_datetime_operator.py
[2026-06-23T02:59:23.454+0000] {processor.py:830} INFO - Processing file /home/airflow/.local/lib/python3.12/site-packages/airflow/example_dags/example_branch_datetime_operator.py for tasks to queue
[2026-06-23T02:59:23.457+0000] {logging_mixin.py:188} INFO - [2026-06-23T02:59:23.457+0000] {dagbag.py:545} INFO - Filling up the DagBag from /home/airflow/.local/lib/python3.12/site-packages/airflow/example_dags/example_branch_datetime_operator.py
[2026-06-23T02:59:23.469+0000] {processor.py:840} INFO - DAG(s) 'example_branch_datetime_operator', 'example_branch_datetime_operator_3', 'example_branch_datetime_operator_2' retrieved from /home/airflow/.local/lib/python3.12/site-packages/airflow/example_dags/example_branch_datetime_operator.py
[2026-06-23T02:59:23.507+0000] {logging_mixin.py:188} INFO - [2026-06-23T02:59:23.507+0000] {dag.py:3096} INFO - Sync 3 DAGs
[2026-06-23T02:59:23.536+0000] {logging_mixin.py:188} INFO - [2026-06-23T02:59:23.535+0000] {dag.py:3954} INFO - Setting next_dagrun for example_branch_datetime_operator to 2026-06-22 00:00:00+00:00, run_after=2026-06-23 00:00:00+00:00
[2026-06-23T02:59:23.542+0000] {logging_mixin.py:188} INFO - [2026-06-23T02:59:23.541+0000] {dag.py:3954} INFO - Setting next_dagrun for example_branch_datetime_operator_2 to 2026-06-22 00:00:00+00:00, run_after=2026-06-23 00:00:00+00:00
[2026-06-23T02:59:23.546+0000] {logging_mixin.py:188} INFO - [2026-06-23T02:59:23.545+0000] {dag.py:3954} INFO - Setting next_dagrun for example_branch_datetime_operator_3 to 2026-06-22 00:00:00+00:00, run_after=2026-06-23 00:00:00+00:00
[2026-06-23T02:59:23.572+0000] {processor.py:183} INFO - Processing /home/airflow/.local/lib/python3.12/site-packages/airflow/example_dags/example_branch_datetime_operator.py took 0.126 seconds
[2026-06-23T02:59:54.723+0000] {processor.py:161} INFO - Started process (PID=1508) to work on /home/airflow/.local/lib/python3.12/site-packages/airflow/example_dags/example_branch_datetime_operator.py
[2026-06-23T02:59:54.724+0000] {processor.py:830} INFO - Processing file /home/airflow/.local/lib/python3.12/site-packages/airflow/example_dags/example_branch_datetime_operator.py for tasks to queue
[2026-06-23T02:59:54.727+0000] {logging_mixin.py:188} INFO - [2026-06-23T02:59:54.727+0000] {dagbag.py:545} INFO - Filling up the DagBag from /home/airflow/.local/lib/python3.12/site-packages/airflow/example_dags/example_branch_datetime_operator.py
[2026-06-23T02:59:54.739+0000] {processor.py:840} INFO - DAG(s) 'example_branch_datetime_operator', 'example_branch_datetime_operator_2', 'example_branch_datetime_operator_3' retrieved from /home/airflow/.local/lib/python3.12/site-packages/airflow/example_dags/example_branch_datetime_operator.py
[2026-06-23T02:59:54.778+0000] {logging_mixin.py:188} INFO - [2026-06-23T02:59:54.778+0000] {dag.py:3096} INFO - Sync 3 DAGs
[2026-06-23T02:59:54.953+0000] {logging_mixin.py:188} INFO - [2026-06-23T02:59:54.953+0000] {dag.py:3954} INFO - Setting next_dagrun for example_branch_datetime_operator to 2026-06-22 00:00:00+00:00, run_after=2026-06-23 00:00:00+00:00
[2026-06-23T02:59:54.961+0000] {logging_mixin.py:188} INFO - [2026-06-23T02:59:54.961+0000] {dag.py:3954} INFO - Setting next_dagrun for example_branch_datetime_operator_2 to 2026-06-22 00:00:00+00:00, run_after=2026-06-23 00:00:00+00:00
[2026-06-23T02:59:54.965+0000] {logging_mixin.py:188} INFO - [2026-06-23T02:59:54.965+0000] {dag.py:3954} INFO - Setting next_dagrun for example_branch_datetime_operator_3 to 2026-06-22 00:00:00+00:00, run_after=2026-06-23 00:00:00+00:00
[2026-06-23T02:59:54.991+0000] {processor.py:183} INFO - Processing /home/airflow/.local/lib/python3.12/site-packages/airflow/example_dags/example_branch_datetime_operator.py took 0.276 seconds
[2026-06-23T03:00:25.068+0000] {processor.py:161} INFO - Started process (PID=1567) to work on /home/airflow/.local/lib/python3.12/site-packages/airflow/example_dags/example_branch_datetime_operator.py
[2026-06-23T03:00:25.070+0000] {processor.py:830} INFO - Processing file /home/airflow/.local/lib/python3.12/site-packages/airflow/example_dags/example_branch_datetime_operator.py for tasks to queue
[2026-06-23T03:00:25.073+0000] {logging_mixin.py:188} INFO - [2026-06-23T03:00:25.072+0000] {dagbag.py:545} INFO - Filling up the DagBag from /home/airflow/.local/lib/python3.12/site-packages/airflow/example_dags/example_branch_datetime_operator.py
[2026-06-23T03:00:25.088+0000] {processor.py:840} INFO - DAG(s) 'example_branch_datetime_operator_2', 'example_branch_datetime_operator', 'example_branch_datetime_operator_3' retrieved from /home/airflow/.local/lib/python3.12/site-packages/airflow/example_dags/example_branch_datetime_operator.py
[2026-06-23T03:00:25.133+0000] {logging_mixin.py:188} INFO - [2026-06-23T03:00:25.133+0000] {dag.py:3096} INFO - Sync 3 DAGs
[2026-06-23T03:00:25.166+0000] {logging_mixin.py:188} INFO - [2026-06-23T03:00:25.166+0000] {dag.py:3954} INFO - Setting next_dagrun for example_branch_datetime_operator to 2026-06-22 00:00:00+00:00, run_after=2026-06-23 00:00:00+00:00
[2026-06-23T03:00:25.173+0000] {logging_mixin.py:188} INFO - [2026-06-23T03:00:25.172+0000] {dag.py:3954} INFO - Setting next_dagrun for example_branch_datetime_operator_2 to 2026-06-22 00:00:00+00:00, run_after=2026-06-23 00:00:00+00:00
[2026-06-23T03:00:25.177+0000] {logging_mixin.py:188} INFO - [2026-06-23T03:00:25.176+0000] {dag.py:3954} INFO - Setting next_dagrun for example_branch_datetime_operator_3 to 2026-06-22 00:00:00+00:00, run_after=2026-06-23 00:00:00+00:00
[2026-06-23T03:00:25.205+0000] {processor.py:183} INFO - Processing /home/airflow/.local/lib/python3.12/site-packages/airflow/example_dags/example_branch_datetime_operator.py took 0.143 seconds
[2026-06-23T03:00:55.770+0000] {processor.py:161} INFO - Started process (PID=1626) to work on /home/airflow/.local/lib/python3.12/site-packages/airflow/example_dags/example_branch_datetime_operator.py
[2026-06-23T03:00:55.772+0000] {processor.py:830} INFO - Processing file /home/airflow/.local/lib/python3.12/site-packages/airflow/example_dags/example_branch_datetime_operator.py for tasks to queue
[2026-06-23T03:00:55.775+0000] {logging_mixin.py:188} INFO - [2026-06-23T03:00:55.775+0000] {dagbag.py:545} INFO - Filling up the DagBag from /home/airflow/.local/lib/python3.12/site-packages/airflow/example_dags/example_branch_datetime_operator.py
[2026-06-23T03:00:55.788+0000] {processor.py:840} INFO - DAG(s) 'example_branch_datetime_operator_3', 'example_branch_datetime_operator', 'example_branch_datetime_operator_2' retrieved from /home/airflow/.local/lib/python3.12/site-packages/airflow/example_dags/example_branch_datetime_operator.py
[2026-06-23T03:00:55.830+0000] {logging_mixin.py:188} INFO - [2026-06-23T03:00:55.829+0000] {dag.py:3096} INFO - Sync 3 DAGs
[2026-06-23T03:00:55.872+0000] {logging_mixin.py:188} INFO - [2026-06-23T03:00:55.871+0000] {dag.py:3954} INFO - Setting next_dagrun for example_branch_datetime_operator to 2026-06-22 00:00:00+00:00, run_after=2026-06-23 00:00:00+00:00
[2026-06-23T03:00:55.878+0000] {logging_mixin.py:188} INFO - [2026-06-23T03:00:55.878+0000] {dag.py:3954} INFO - Setting next_dagrun for example_branch_datetime_operator_2 to 2026-06-22 00:00:00+00:00, run_after=2026-06-23 00:00:00+00:00
[2026-06-23T03:00:55.882+0000] {logging_mixin.py:188} INFO - [2026-06-23T03:00:55.882+0000] {dag.py:3954} INFO - Setting next_dagrun for example_branch_datetime_operator_3 to 2026-06-22 00:00:00+00:00, run_after=2026-06-23 00:00:00+00:00
[2026-06-23T03:00:55.911+0000] {processor.py:183} INFO - Processing /home/airflow/.local/lib/python3.12/site-packages/airflow/example_dags/example_branch_datetime_operator.py took 0.149 seconds
[2026-06-23T03:01:26.600+0000] {processor.py:161} INFO - Started process (PID=1685) to work on /home/airflow/.local/lib/python3.12/site-packages/airflow/example_dags/example_branch_datetime_operator.py
[2026-06-23T03:01:26.602+0000] {processor.py:830} INFO - Processing file /home/airflow/.local/lib/python3.12/site-packages/airflow/example_dags/example_branch_datetime_operator.py for tasks to queue
[2026-06-23T03:01:26.608+0000] {logging_mixin.py:188} INFO - [2026-06-23T03:01:26.607+0000] {dagbag.py:545} INFO - Filling up the DagBag from /home/airflow/.local/lib/python3.12/site-packages/airflow/example_dags/example_branch_datetime_operator.py
[2026-06-23T03:01:26.631+0000] {processor.py:840} INFO - DAG(s) 'example_branch_datetime_operator_2', 'example_branch_datetime_operator', 'example_branch_datetime_operator_3' retrieved from /home/airflow/.local/lib/python3.12/site-packages/airflow/example_dags/example_branch_datetime_operator.py
[2026-06-23T03:01:26.712+0000] {logging_mixin.py:188} INFO - [2026-06-23T03:01:26.710+0000] {dag.py:3096} INFO - Sync 3 DAGs
[2026-06-23T03:01:26.762+0000] {logging_mixin.py:188} INFO - [2026-06-23T03:01:26.762+0000] {dag.py:3954} INFO - Setting next_dagrun for example_branch_datetime_operator to 2026-06-22 00:00:00+00:00, run_after=2026-06-23 00:00:00+00:00
[2026-06-23T03:01:26.772+0000] {logging_mixin.py:188} INFO - [2026-06-23T03:01:26.771+0000] {dag.py:3954} INFO - Setting next_dagrun for example_branch_datetime_operator_2 to 2026-06-22 00:00:00+00:00, run_after=2026-06-23 00:00:00+00:00
[2026-06-23T03:01:26.777+0000] {logging_mixin.py:188} INFO - [2026-06-23T03:01:26.776+0000] {dag.py:3954} INFO - Setting next_dagrun for example_branch_datetime_operator_3 to 2026-06-22 00:00:00+00:00, run_after=2026-06-23 00:00:00+00:00
[2026-06-23T03:01:26.810+0000] {processor.py:183} INFO - Processing /home/airflow/.local/lib/python3.12/site-packages/airflow/example_dags/example_branch_datetime_operator.py took 0.226 seconds
[2026-06-23T03:01:57.273+0000] {processor.py:161} INFO - Started process (PID=1744) to work on /home/airflow/.local/lib/python3.12/site-packages/airflow/example_dags/example_branch_datetime_operator.py
[2026-06-23T03:01:57.275+0000] {processor.py:830} INFO - Processing file /home/airflow/.local/lib/python3.12/site-packages/airflow/example_dags/example_branch_datetime_operator.py for tasks to queue
[2026-06-23T03:01:57.279+0000] {logging_mixin.py:188} INFO - [2026-06-23T03:01:57.278+0000] {dagbag.py:545} INFO - Filling up the DagBag from /home/airflow/.local/lib/python3.12/site-packages/airflow/example_dags/example_branch_datetime_operator.py
[2026-06-23T03:01:57.293+0000] {processor.py:840} INFO - DAG(s) 'example_branch_datetime_operator_2', 'example_branch_datetime_operator', 'example_branch_datetime_operator_3' retrieved from /home/airflow/.local/lib/python3.12/site-packages/airflow/example_dags/example_branch_datetime_operator.py
[2026-06-23T03:01:57.333+0000] {logging_mixin.py:188} INFO - [2026-06-23T03:01:57.333+0000] {dag.py:3096} INFO - Sync 3 DAGs
[2026-06-23T03:01:57.384+0000] {logging_mixin.py:188} INFO - [2026-06-23T03:01:57.384+0000] {dag.py:3954} INFO - Setting next_dagrun for example_branch_datetime_operator to 2026-06-22 00:00:00+00:00, run_after=2026-06-23 00:00:00+00:00
[2026-06-23T03:01:57.400+0000] {logging_mixin.py:188} INFO - [2026-06-23T03:01:57.399+0000] {dag.py:3954} INFO - Setting next_dagrun for example_branch_datetime_operator_2 to 2026-06-22 00:00:00+00:00, run_after=2026-06-23 00:00:00+00:00
[2026-06-23T03:01:57.407+0000] {logging_mixin.py:188} INFO - [2026-06-23T03:01:57.407+0000] {dag.py:3954} INFO - Setting next_dagrun for example_branch_datetime_operator_3 to 2026-06-22 00:00:00+00:00, run_after=2026-06-23 00:00:00+00:00
[2026-06-23T03:01:57.474+0000] {processor.py:183} INFO - Processing /home/airflow/.local/lib/python3.12/site-packages/airflow/example_dags/example_branch_datetime_operator.py took 0.208 seconds
[2026-06-23T03:02:27.695+0000] {processor.py:161} INFO - Started process (PID=1803) to work on /home/airflow/.local/lib/python3.12/site-packages/airflow/example_dags/example_branch_datetime_operator.py
[2026-06-23T03:02:27.696+0000] {processor.py:830} INFO - Processing file /home/airflow/.local/lib/python3.12/site-packages/airflow/example_dags/example_branch_datetime_operator.py for tasks to queue
[2026-06-23T03:02:27.699+0000] {logging_mixin.py:188} INFO - [2026-06-23T03:02:27.699+0000] {dagbag.py:545} INFO - Filling up the DagBag from /home/airflow/.local/lib/python3.12/site-packages/airflow/example_dags/example_branch_datetime_operator.py
[2026-06-23T03:02:27.712+0000] {processor.py:840} INFO - DAG(s) 'example_branch_datetime_operator', 'example_branch_datetime_operator_3', 'example_branch_datetime_operator_2' retrieved from /home/airflow/.local/lib/python3.12/site-packages/airflow/example_dags/example_branch_datetime_operator.py
[2026-06-23T03:02:27.751+0000] {logging_mixin.py:188} INFO - [2026-06-23T03:02:27.751+0000] {dag.py:3096} INFO - Sync 3 DAGs
[2026-06-23T03:02:27.783+0000] {logging_mixin.py:188} INFO - [2026-06-23T03:02:27.783+0000] {dag.py:3954} INFO - Setting next_dagrun for example_branch_datetime_operator to 2026-06-22 00:00:00+00:00, run_after=2026-06-23 00:00:00+00:00
[2026-06-23T03:02:27.792+0000] {logging_mixin.py:188} INFO - [2026-06-23T03:02:27.791+0000] {dag.py:3954} INFO - Setting next_dagrun for example_branch_datetime_operator_2 to 2026-06-22 00:00:00+00:00, run_after=2026-06-23 00:00:00+00:00
[2026-06-23T03:02:27.795+0000] {logging_mixin.py:188} INFO - [2026-06-23T03:02:27.795+0000] {dag.py:3954} INFO - Setting next_dagrun for example_branch_datetime_operator_3 to 2026-06-22 00:00:00+00:00, run_after=2026-06-23 00:00:00+00:00
[2026-06-23T03:02:27.823+0000] {processor.py:183} INFO - Processing /home/airflow/.local/lib/python3.12/site-packages/airflow/example_dags/example_branch_datetime_operator.py took 0.135 seconds
[2026-06-23T03:02:58.106+0000] {processor.py:161} INFO - Started process (PID=1862) to work on /home/airflow/.local/lib/python3.12/site-packages/airflow/example_dags/example_branch_datetime_operator.py
[2026-06-23T03:02:58.108+0000] {processor.py:830} INFO - Processing file /home/airflow/.local/lib/python3.12/site-packages/airflow/example_dags/example_branch_datetime_operator.py for tasks to queue
[2026-06-23T03:02:58.110+0000] {logging_mixin.py:188} INFO - [2026-06-23T03:02:58.110+0000] {dagbag.py:545} INFO - Filling up the DagBag from /home/airflow/.local/lib/python3.12/site-packages/airflow/example_dags/example_branch_datetime_operator.py
[2026-06-23T03:02:58.129+0000] {processor.py:840} INFO - DAG(s) 'example_branch_datetime_operator', 'example_branch_datetime_operator_2', 'example_branch_datetime_operator_3' retrieved from /home/airflow/.local/lib/python3.12/site-packages/airflow/example_dags/example_branch_datetime_operator.py
[2026-06-23T03:02:58.168+0000] {logging_mixin.py:188} INFO - [2026-06-23T03:02:58.167+0000] {dag.py:3096} INFO - Sync 3 DAGs
[2026-06-23T03:02:58.200+0000] {logging_mixin.py:188} INFO - [2026-06-23T03:02:58.200+0000] {dag.py:3954} INFO - Setting next_dagrun for example_branch_datetime_operator to 2026-06-22 00:00:00+00:00, run_after=2026-06-23 00:00:00+00:00
[2026-06-23T03:02:58.208+0000] {logging_mixin.py:188} INFO - [2026-06-23T03:02:58.207+0000] {dag.py:3954} INFO - Setting next_dagrun for example_branch_datetime_operator_2 to 2026-06-22 00:00:00+00:00, run_after=2026-06-23 00:00:00+00:00
[2026-06-23T03:02:58.212+0000] {logging_mixin.py:188} INFO - [2026-06-23T03:02:58.212+0000] {dag.py:3954} INFO - Setting next_dagrun for example_branch_datetime_operator_3 to 2026-06-22 00:00:00+00:00, run_after=2026-06-23 00:00:00+00:00
[2026-06-23T03:02:58.242+0000] {processor.py:183} INFO - Processing /home/airflow/.local/lib/python3.12/site-packages/airflow/example_dags/example_branch_datetime_operator.py took 0.144 seconds
[2026-06-23T03:03:28.450+0000] {processor.py:161} INFO - Started process (PID=1921) to work on /home/airflow/.local/lib/python3.12/site-packages/airflow/example_dags/example_branch_datetime_operator.py
[2026-06-23T03:03:28.451+0000] {processor.py:830} INFO - Processing file /home/airflow/.local/lib/python3.12/site-packages/airflow/example_dags/example_branch_datetime_operator.py for tasks to queue
[2026-06-23T03:03:28.454+0000] {logging_mixin.py:188} INFO - [2026-06-23T03:03:28.454+0000] {dagbag.py:545} INFO - Filling up the DagBag from /home/airflow/.local/lib/python3.12/site-packages/airflow/example_dags/example_branch_datetime_operator.py
[2026-06-23T03:03:28.468+0000] {processor.py:840} INFO - DAG(s) 'example_branch_datetime_operator_3', 'example_branch_datetime_operator', 'example_branch_datetime_operator_2' retrieved from /home/airflow/.local/lib/python3.12/site-packages/airflow/example_dags/example_branch_datetime_operator.py
[2026-06-23T03:03:28.516+0000] {logging_mixin.py:188} INFO - [2026-06-23T03:03:28.516+0000] {dag.py:3096} INFO - Sync 3 DAGs
[2026-06-23T03:03:28.549+0000] {logging_mixin.py:188} INFO - [2026-06-23T03:03:28.548+0000] {dag.py:3954} INFO - Setting next_dagrun for example_branch_datetime_operator to 2026-06-22 00:00:00+00:00, run_after=2026-06-23 00:00:00+00:00
[2026-06-23T03:03:28.556+0000] {logging_mixin.py:188} INFO - [2026-06-23T03:03:28.555+0000] {dag.py:3954} INFO - Setting next_dagrun for example_branch_datetime_operator_2 to 2026-06-22 00:00:00+00:00, run_after=2026-06-23 00:00:00+00:00
[2026-06-23T03:03:28.562+0000] {logging_mixin.py:188} INFO - [2026-06-23T03:03:28.561+0000] {dag.py:3954} INFO - Setting next_dagrun for example_branch_datetime_operator_3 to 2026-06-22 00:00:00+00:00, run_after=2026-06-23 00:00:00+00:00
[2026-06-23T03:03:28.592+0000] {processor.py:183} INFO - Processing /home/airflow/.local/lib/python3.12/site-packages/airflow/example_dags/example_branch_datetime_operator.py took 0.151 seconds
[2026-06-23T03:04:42.481+0000] {processor.py:161} INFO - Started process (PID=240) to work on /home/airflow/.local/lib/python3.12/site-packages/airflow/example_dags/example_branch_datetime_operator.py
[2026-06-23T03:04:42.483+0000] {processor.py:830} INFO - Processing file /home/airflow/.local/lib/python3.12/site-packages/airflow/example_dags/example_branch_datetime_operator.py for tasks to queue
[2026-06-23T03:04:42.486+0000] {logging_mixin.py:188} INFO - [2026-06-23T03:04:42.486+0000] {dagbag.py:545} INFO - Filling up the DagBag from /home/airflow/.local/lib/python3.12/site-packages/airflow/example_dags/example_branch_datetime_operator.py
[2026-06-23T03:04:42.505+0000] {processor.py:840} INFO - DAG(s) 'example_branch_datetime_operator_3', 'example_branch_datetime_operator_2', 'example_branch_datetime_operator' retrieved from /home/airflow/.local/lib/python3.12/site-packages/airflow/example_dags/example_branch_datetime_operator.py
[2026-06-23T03:04:42.527+0000] {logging_mixin.py:188} INFO - [2026-06-23T03:04:42.527+0000] {dag.py:3096} INFO - Sync 3 DAGs
[2026-06-23T03:04:42.559+0000] {logging_mixin.py:188} INFO - [2026-06-23T03:04:42.559+0000] {dag.py:3954} INFO - Setting next_dagrun for example_branch_datetime_operator to 2026-06-22 00:00:00+00:00, run_after=2026-06-23 00:00:00+00:00
[2026-06-23T03:04:42.571+0000] {logging_mixin.py:188} INFO - [2026-06-23T03:04:42.571+0000] {dag.py:3954} INFO - Setting next_dagrun for example_branch_datetime_operator_2 to 2026-06-22 00:00:00+00:00, run_after=2026-06-23 00:00:00+00:00
[2026-06-23T03:04:42.575+0000] {logging_mixin.py:188} INFO - [2026-06-23T03:04:42.575+0000] {dag.py:3954} INFO - Setting next_dagrun for example_branch_datetime_operator_3 to 2026-06-22 00:00:00+00:00, run_after=2026-06-23 00:00:00+00:00
[2026-06-23T03:04:42.601+0000] {processor.py:183} INFO - Processing /home/airflow/.local/lib/python3.12/site-packages/airflow/example_dags/example_branch_datetime_operator.py took 0.128 seconds
[2026-06-23T03:05:14.265+0000] {processor.py:161} INFO - Started process (PID=515) to work on /home/airflow/.local/lib/python3.12/site-packages/airflow/example_dags/example_branch_datetime_operator.py
[2026-06-23T03:05:14.266+0000] {processor.py:830} INFO - Processing file /home/airflow/.local/lib/python3.12/site-packages/airflow/example_dags/example_branch_datetime_operator.py for tasks to queue
[2026-06-23T03:05:14.270+0000] {logging_mixin.py:188} INFO - [2026-06-23T03:05:14.269+0000] {dagbag.py:545} INFO - Filling up the DagBag from /home/airflow/.local/lib/python3.12/site-packages/airflow/example_dags/example_branch_datetime_operator.py
[2026-06-23T03:05:14.285+0000] {processor.py:840} INFO - DAG(s) 'example_branch_datetime_operator', 'example_branch_datetime_operator_2', 'example_branch_datetime_operator_3' retrieved from /home/airflow/.local/lib/python3.12/site-packages/airflow/example_dags/example_branch_datetime_operator.py
[2026-06-23T03:05:14.511+0000] {logging_mixin.py:188} INFO - [2026-06-23T03:05:14.510+0000] {dag.py:3096} INFO - Sync 3 DAGs
[2026-06-23T03:05:14.543+0000] {logging_mixin.py:188} INFO - [2026-06-23T03:05:14.542+0000] {dag.py:3954} INFO - Setting next_dagrun for example_branch_datetime_operator to 2026-06-22 00:00:00+00:00, run_after=2026-06-23 00:00:00+00:00
[2026-06-23T03:05:14.549+0000] {logging_mixin.py:188} INFO - [2026-06-23T03:05:14.549+0000] {dag.py:3954} INFO - Setting next_dagrun for example_branch_datetime_operator_2 to 2026-06-22 00:00:00+00:00, run_after=2026-06-23 00:00:00+00:00
[2026-06-23T03:05:14.554+0000] {logging_mixin.py:188} INFO - [2026-06-23T03:05:14.554+0000] {dag.py:3954} INFO - Setting next_dagrun for example_branch_datetime_operator_3 to 2026-06-22 00:00:00+00:00, run_after=2026-06-23 00:00:00+00:00
[2026-06-23T03:05:14.586+0000] {processor.py:183} INFO - Processing /home/airflow/.local/lib/python3.12/site-packages/airflow/example_dags/example_branch_datetime_operator.py took 0.328 seconds
[2026-06-23T03:05:45.325+0000] {processor.py:161} INFO - Started process (PID=897) to work on /home/airflow/.local/lib/python3.12/site-packages/airflow/example_dags/example_branch_datetime_operator.py
[2026-06-23T03:05:45.326+0000] {processor.py:830} INFO - Processing file /home/airflow/.local/lib/python3.12/site-packages/airflow/example_dags/example_branch_datetime_operator.py for tasks to queue
[2026-06-23T03:05:45.329+0000] {logging_mixin.py:188} INFO - [2026-06-23T03:05:45.329+0000] {dagbag.py:545} INFO - Filling up the DagBag from /home/airflow/.local/lib/python3.12/site-packages/airflow/example_dags/example_branch_datetime_operator.py
[2026-06-23T03:05:45.342+0000] {processor.py:840} INFO - DAG(s) 'example_branch_datetime_operator', 'example_branch_datetime_operator_2', 'example_branch_datetime_operator_3' retrieved from /home/airflow/.local/lib/python3.12/site-packages/airflow/example_dags/example_branch_datetime_operator.py
[2026-06-23T03:05:45.382+0000] {logging_mixin.py:188} INFO - [2026-06-23T03:05:45.382+0000] {dag.py:3096} INFO - Sync 3 DAGs
[2026-06-23T03:05:45.413+0000] {logging_mixin.py:188} INFO - [2026-06-23T03:05:45.412+0000] {dag.py:3954} INFO - Setting next_dagrun for example_branch_datetime_operator to 2026-06-22 00:00:00+00:00, run_after=2026-06-23 00:00:00+00:00
[2026-06-23T03:05:45.421+0000] {logging_mixin.py:188} INFO - [2026-06-23T03:05:45.420+0000] {dag.py:3954} INFO - Setting next_dagrun for example_branch_datetime_operator_2 to 2026-06-22 00:00:00+00:00, run_after=2026-06-23 00:00:00+00:00
[2026-06-23T03:05:45.425+0000] {logging_mixin.py:188} INFO - [2026-06-23T03:05:45.424+0000] {dag.py:3954} INFO - Setting next_dagrun for example_branch_datetime_operator_3 to 2026-06-22 00:00:00+00:00, run_after=2026-06-23 00:00:00+00:00
[2026-06-23T03:05:45.457+0000] {processor.py:183} INFO - Processing /home/airflow/.local/lib/python3.12/site-packages/airflow/example_dags/example_branch_datetime_operator.py took 0.139 seconds
[2026-06-23T03:06:15.670+0000] {processor.py:161} INFO - Started process (PID=1169) to work on /home/airflow/.local/lib/python3.12/site-packages/airflow/example_dags/example_branch_datetime_operator.py
[2026-06-23T03:06:15.671+0000] {processor.py:830} INFO - Processing file /home/airflow/.local/lib/python3.12/site-packages/airflow/example_dags/example_branch_datetime_operator.py for tasks to queue
[2026-06-23T03:06:15.674+0000] {logging_mixin.py:188} INFO - [2026-06-23T03:06:15.673+0000] {dagbag.py:545} INFO - Filling up the DagBag from /home/airflow/.local/lib/python3.12/site-packages/airflow/example_dags/example_branch_datetime_operator.py
[2026-06-23T03:06:15.684+0000] {processor.py:840} INFO - DAG(s) 'example_branch_datetime_operator_3', 'example_branch_datetime_operator', 'example_branch_datetime_operator_2' retrieved from /home/airflow/.local/lib/python3.12/site-packages/airflow/example_dags/example_branch_datetime_operator.py
[2026-06-23T03:06:15.723+0000] {logging_mixin.py:188} INFO - [2026-06-23T03:06:15.722+0000] {dag.py:3096} INFO - Sync 3 DAGs
[2026-06-23T03:06:15.749+0000] {logging_mixin.py:188} INFO - [2026-06-23T03:06:15.749+0000] {dag.py:3954} INFO - Setting next_dagrun for example_branch_datetime_operator to 2026-06-22 00:00:00+00:00, run_after=2026-06-23 00:00:00+00:00
[2026-06-23T03:06:15.757+0000] {logging_mixin.py:188} INFO - [2026-06-23T03:06:15.757+0000] {dag.py:3954} INFO - Setting next_dagrun for example_branch_datetime_operator_2 to 2026-06-22 00:00:00+00:00, run_after=2026-06-23 00:00:00+00:00
[2026-06-23T03:06:15.761+0000] {logging_mixin.py:188} INFO - [2026-06-23T03:06:15.761+0000] {dag.py:3954} INFO - Setting next_dagrun for example_branch_datetime_operator_3 to 2026-06-22 00:00:00+00:00, run_after=2026-06-23 00:00:00+00:00
[2026-06-23T03:06:15.788+0000] {processor.py:183} INFO - Processing /home/airflow/.local/lib/python3.12/site-packages/airflow/example_dags/example_branch_datetime_operator.py took 0.124 seconds
[2026-06-23T03:06:46.493+0000] {processor.py:161} INFO - Started process (PID=1431) to work on /home/airflow/.local/lib/python3.12/site-packages/airflow/example_dags/example_branch_datetime_operator.py
[2026-06-23T03:06:46.495+0000] {processor.py:830} INFO - Processing file /home/airflow/.local/lib/python3.12/site-packages/airflow/example_dags/example_branch_datetime_operator.py for tasks to queue
[2026-06-23T03:06:46.498+0000] {logging_mixin.py:188} INFO - [2026-06-23T03:06:46.497+0000] {dagbag.py:545} INFO - Filling up the DagBag from /home/airflow/.local/lib/python3.12/site-packages/airflow/example_dags/example_branch_datetime_operator.py
[2026-06-23T03:06:46.516+0000] {processor.py:840} INFO - DAG(s) 'example_branch_datetime_operator', 'example_branch_datetime_operator_2', 'example_branch_datetime_operator_3' retrieved from /home/airflow/.local/lib/python3.12/site-packages/airflow/example_dags/example_branch_datetime_operator.py
[2026-06-23T03:06:46.563+0000] {logging_mixin.py:188} INFO - [2026-06-23T03:06:46.562+0000] {dag.py:3096} INFO - Sync 3 DAGs
[2026-06-23T03:06:46.605+0000] {logging_mixin.py:188} INFO - [2026-06-23T03:06:46.604+0000] {dag.py:3954} INFO - Setting next_dagrun for example_branch_datetime_operator to 2026-06-22 00:00:00+00:00, run_after=2026-06-23 00:00:00+00:00
[2026-06-23T03:06:46.613+0000] {logging_mixin.py:188} INFO - [2026-06-23T03:06:46.613+0000] {dag.py:3954} INFO - Setting next_dagrun for example_branch_datetime_operator_2 to 2026-06-22 00:00:00+00:00, run_after=2026-06-23 00:00:00+00:00
[2026-06-23T03:06:46.618+0000] {logging_mixin.py:188} INFO - [2026-06-23T03:06:46.617+0000] {dag.py:3954} INFO - Setting next_dagrun for example_branch_datetime_operator_3 to 2026-06-22 00:00:00+00:00, run_after=2026-06-23 00:00:00+00:00
[2026-06-23T03:06:46.649+0000] {processor.py:183} INFO - Processing /home/airflow/.local/lib/python3.12/site-packages/airflow/example_dags/example_branch_datetime_operator.py took 0.165 seconds
[2026-06-23T03:07:17.334+0000] {processor.py:161} INFO - Started process (PID=1698) to work on /home/airflow/.local/lib/python3.12/site-packages/airflow/example_dags/example_branch_datetime_operator.py
[2026-06-23T03:07:17.335+0000] {processor.py:830} INFO - Processing file /home/airflow/.local/lib/python3.12/site-packages/airflow/example_dags/example_branch_datetime_operator.py for tasks to queue
[2026-06-23T03:07:17.339+0000] {logging_mixin.py:188} INFO - [2026-06-23T03:07:17.339+0000] {dagbag.py:545} INFO - Filling up the DagBag from /home/airflow/.local/lib/python3.12/site-packages/airflow/example_dags/example_branch_datetime_operator.py
[2026-06-23T03:07:17.353+0000] {processor.py:840} INFO - DAG(s) 'example_branch_datetime_operator_3', 'example_branch_datetime_operator', 'example_branch_datetime_operator_2' retrieved from /home/airflow/.local/lib/python3.12/site-packages/airflow/example_dags/example_branch_datetime_operator.py
[2026-06-23T03:07:17.393+0000] {logging_mixin.py:188} INFO - [2026-06-23T03:07:17.392+0000] {dag.py:3096} INFO - Sync 3 DAGs
[2026-06-23T03:07:17.420+0000] {logging_mixin.py:188} INFO - [2026-06-23T03:07:17.420+0000] {dag.py:3954} INFO - Setting next_dagrun for example_branch_datetime_operator to 2026-06-22 00:00:00+00:00, run_after=2026-06-23 00:00:00+00:00
[2026-06-23T03:07:17.428+0000] {logging_mixin.py:188} INFO - [2026-06-23T03:07:17.428+0000] {dag.py:3954} INFO - Setting next_dagrun for example_branch_datetime_operator_2 to 2026-06-22 00:00:00+00:00, run_after=2026-06-23 00:00:00+00:00
[2026-06-23T03:07:17.431+0000] {logging_mixin.py:188} INFO - [2026-06-23T03:07:17.431+0000] {dag.py:3954} INFO - Setting next_dagrun for example_branch_datetime_operator_3 to 2026-06-22 00:00:00+00:00, run_after=2026-06-23 00:00:00+00:00
[2026-06-23T03:07:17.456+0000] {processor.py:183} INFO - Processing /home/airflow/.local/lib/python3.12/site-packages/airflow/example_dags/example_branch_datetime_operator.py took 0.129 seconds
[2026-06-23T03:07:48.063+0000] {processor.py:161} INFO - Started process (PID=1965) to work on /home/airflow/.local/lib/python3.12/site-packages/airflow/example_dags/example_branch_datetime_operator.py
[2026-06-23T03:07:48.064+0000] {processor.py:830} INFO - Processing file /home/airflow/.local/lib/python3.12/site-packages/airflow/example_dags/example_branch_datetime_operator.py for tasks to queue
[2026-06-23T03:07:48.066+0000] {logging_mixin.py:188} INFO - [2026-06-23T03:07:48.066+0000] {dagbag.py:545} INFO - Filling up the DagBag from /home/airflow/.local/lib/python3.12/site-packages/airflow/example_dags/example_branch_datetime_operator.py
[2026-06-23T03:07:48.078+0000] {processor.py:840} INFO - DAG(s) 'example_branch_datetime_operator_3', 'example_branch_datetime_operator', 'example_branch_datetime_operator_2' retrieved from /home/airflow/.local/lib/python3.12/site-packages/airflow/example_dags/example_branch_datetime_operator.py
[2026-06-23T03:07:48.115+0000] {logging_mixin.py:188} INFO - [2026-06-23T03:07:48.114+0000] {dag.py:3096} INFO - Sync 3 DAGs
[2026-06-23T03:07:48.142+0000] {logging_mixin.py:188} INFO - [2026-06-23T03:07:48.141+0000] {dag.py:3954} INFO - Setting next_dagrun for example_branch_datetime_operator to 2026-06-22 00:00:00+00:00, run_after=2026-06-23 00:00:00+00:00
[2026-06-23T03:07:48.149+0000] {logging_mixin.py:188} INFO - [2026-06-23T03:07:48.149+0000] {dag.py:3954} INFO - Setting next_dagrun for example_branch_datetime_operator_2 to 2026-06-22 00:00:00+00:00, run_after=2026-06-23 00:00:00+00:00
[2026-06-23T03:07:48.153+0000] {logging_mixin.py:188} INFO - [2026-06-23T03:07:48.153+0000] {dag.py:3954} INFO - Setting next_dagrun for example_branch_datetime_operator_3 to 2026-06-22 00:00:00+00:00, run_after=2026-06-23 00:00:00+00:00
[2026-06-23T03:07:48.181+0000] {processor.py:183} INFO - Processing /home/airflow/.local/lib/python3.12/site-packages/airflow/example_dags/example_branch_datetime_operator.py took 0.125 seconds
[2026-06-23T03:08:18.382+0000] {processor.py:161} INFO - Started process (PID=2232) to work on /home/airflow/.local/lib/python3.12/site-packages/airflow/example_dags/example_branch_datetime_operator.py
[2026-06-23T03:08:18.384+0000] {processor.py:830} INFO - Processing file /home/airflow/.local/lib/python3.12/site-packages/airflow/example_dags/example_branch_datetime_operator.py for tasks to queue
[2026-06-23T03:08:18.386+0000] {logging_mixin.py:188} INFO - [2026-06-23T03:08:18.386+0000] {dagbag.py:545} INFO - Filling up the DagBag from /home/airflow/.local/lib/python3.12/site-packages/airflow/example_dags/example_branch_datetime_operator.py
[2026-06-23T03:08:18.400+0000] {processor.py:840} INFO - DAG(s) 'example_branch_datetime_operator_3', 'example_branch_datetime_operator', 'example_branch_datetime_operator_2' retrieved from /home/airflow/.local/lib/python3.12/site-packages/airflow/example_dags/example_branch_datetime_operator.py
[2026-06-23T03:08:18.444+0000] {logging_mixin.py:188} INFO - [2026-06-23T03:08:18.444+0000] {dag.py:3096} INFO - Sync 3 DAGs
[2026-06-23T03:08:18.487+0000] {logging_mixin.py:188} INFO - [2026-06-23T03:08:18.487+0000] {dag.py:3954} INFO - Setting next_dagrun for example_branch_datetime_operator to 2026-06-22 00:00:00+00:00, run_after=2026-06-23 00:00:00+00:00
[2026-06-23T03:08:18.497+0000] {logging_mixin.py:188} INFO - [2026-06-23T03:08:18.497+0000] {dag.py:3954} INFO - Setting next_dagrun for example_branch_datetime_operator_2 to 2026-06-22 00:00:00+00:00, run_after=2026-06-23 00:00:00+00:00
[2026-06-23T03:08:18.502+0000] {logging_mixin.py:188} INFO - [2026-06-23T03:08:18.502+0000] {dag.py:3954} INFO - Setting next_dagrun for example_branch_datetime_operator_3 to 2026-06-22 00:00:00+00:00, run_after=2026-06-23 00:00:00+00:00
[2026-06-23T03:08:18.534+0000] {processor.py:183} INFO - Processing /home/airflow/.local/lib/python3.12/site-packages/airflow/example_dags/example_branch_datetime_operator.py took 0.161 seconds
[2026-06-23T03:08:48.768+0000] {processor.py:161} INFO - Started process (PID=2499) to work on /home/airflow/.local/lib/python3.12/site-packages/airflow/example_dags/example_branch_datetime_operator.py
[2026-06-23T03:08:48.770+0000] {processor.py:830} INFO - Processing file /home/airflow/.local/lib/python3.12/site-packages/airflow/example_dags/example_branch_datetime_operator.py for tasks to queue
[2026-06-23T03:08:48.773+0000] {logging_mixin.py:188} INFO - [2026-06-23T03:08:48.772+0000] {dagbag.py:545} INFO - Filling up the DagBag from /home/airflow/.local/lib/python3.12/site-packages/airflow/example_dags/example_branch_datetime_operator.py
[2026-06-23T03:08:48.783+0000] {processor.py:840} INFO - DAG(s) 'example_branch_datetime_operator_3', 'example_branch_datetime_operator', 'example_branch_datetime_operator_2' retrieved from /home/airflow/.local/lib/python3.12/site-packages/airflow/example_dags/example_branch_datetime_operator.py
[2026-06-23T03:08:48.818+0000] {logging_mixin.py:188} INFO - [2026-06-23T03:08:48.818+0000] {dag.py:3096} INFO - Sync 3 DAGs
[2026-06-23T03:08:48.845+0000] {logging_mixin.py:188} INFO - [2026-06-23T03:08:48.845+0000] {dag.py:3954} INFO - Setting next_dagrun for example_branch_datetime_operator to 2026-06-22 00:00:00+00:00, run_after=2026-06-23 00:00:00+00:00
[2026-06-23T03:08:48.851+0000] {logging_mixin.py:188} INFO - [2026-06-23T03:08:48.850+0000] {dag.py:3954} INFO - Setting next_dagrun for example_branch_datetime_operator_2 to 2026-06-22 00:00:00+00:00, run_after=2026-06-23 00:00:00+00:00
[2026-06-23T03:08:48.855+0000] {logging_mixin.py:188} INFO - [2026-06-23T03:08:48.855+0000] {dag.py:3954} INFO - Setting next_dagrun for example_branch_datetime_operator_3 to 2026-06-22 00:00:00+00:00, run_after=2026-06-23 00:00:00+00:00
[2026-06-23T03:08:48.892+0000] {processor.py:183} INFO - Processing /home/airflow/.local/lib/python3.12/site-packages/airflow/example_dags/example_branch_datetime_operator.py took 0.131 seconds
[2026-06-23T03:09:19.221+0000] {processor.py:161} INFO - Started process (PID=2766) to work on /home/airflow/.local/lib/python3.12/site-packages/airflow/example_dags/example_branch_datetime_operator.py
[2026-06-23T03:09:19.223+0000] {processor.py:830} INFO - Processing file /home/airflow/.local/lib/python3.12/site-packages/airflow/example_dags/example_branch_datetime_operator.py for tasks to queue
[2026-06-23T03:09:19.226+0000] {logging_mixin.py:188} INFO - [2026-06-23T03:09:19.225+0000] {dagbag.py:545} INFO - Filling up the DagBag from /home/airflow/.local/lib/python3.12/site-packages/airflow/example_dags/example_branch_datetime_operator.py
[2026-06-23T03:09:19.235+0000] {processor.py:840} INFO - DAG(s) 'example_branch_datetime_operator', 'example_branch_datetime_operator_3', 'example_branch_datetime_operator_2' retrieved from /home/airflow/.local/lib/python3.12/site-packages/airflow/example_dags/example_branch_datetime_operator.py
[2026-06-23T03:09:19.271+0000] {logging_mixin.py:188} INFO - [2026-06-23T03:09:19.271+0000] {dag.py:3096} INFO - Sync 3 DAGs
[2026-06-23T03:09:19.297+0000] {logging_mixin.py:188} INFO - [2026-06-23T03:09:19.297+0000] {dag.py:3954} INFO - Setting next_dagrun for example_branch_datetime_operator to 2026-06-22 00:00:00+00:00, run_after=2026-06-23 00:00:00+00:00
[2026-06-23T03:09:19.303+0000] {logging_mixin.py:188} INFO - [2026-06-23T03:09:19.303+0000] {dag.py:3954} INFO - Setting next_dagrun for example_branch_datetime_operator_2 to 2026-06-22 00:00:00+00:00, run_after=2026-06-23 00:00:00+00:00
[2026-06-23T03:09:19.309+0000] {logging_mixin.py:188} INFO - [2026-06-23T03:09:19.309+0000] {dag.py:3954} INFO - Setting next_dagrun for example_branch_datetime_operator_3 to 2026-06-22 00:00:00+00:00, run_after=2026-06-23 00:00:00+00:00
[2026-06-23T03:09:19.335+0000] {processor.py:183} INFO - Processing /home/airflow/.local/lib/python3.12/site-packages/airflow/example_dags/example_branch_datetime_operator.py took 0.120 seconds
[2026-06-23T03:09:49.519+0000] {processor.py:161} INFO - Started process (PID=3033) to work on /home/airflow/.local/lib/python3.12/site-packages/airflow/example_dags/example_branch_datetime_operator.py
[2026-06-23T03:09:49.521+0000] {processor.py:830} INFO - Processing file /home/airflow/.local/lib/python3.12/site-packages/airflow/example_dags/example_branch_datetime_operator.py for tasks to queue
[2026-06-23T03:09:49.524+0000] {logging_mixin.py:188} INFO - [2026-06-23T03:09:49.524+0000] {dagbag.py:545} INFO - Filling up the DagBag from /home/airflow/.local/lib/python3.12/site-packages/airflow/example_dags/example_branch_datetime_operator.py
[2026-06-23T03:09:49.535+0000] {processor.py:840} INFO - DAG(s) 'example_branch_datetime_operator_2', 'example_branch_datetime_operator_3', 'example_branch_datetime_operator' retrieved from /home/airflow/.local/lib/python3.12/site-packages/airflow/example_dags/example_branch_datetime_operator.py
[2026-06-23T03:09:49.567+0000] {logging_mixin.py:188} INFO - [2026-06-23T03:09:49.567+0000] {dag.py:3096} INFO - Sync 3 DAGs
[2026-06-23T03:09:49.595+0000] {logging_mixin.py:188} INFO - [2026-06-23T03:09:49.595+0000] {dag.py:3954} INFO - Setting next_dagrun for example_branch_datetime_operator to 2026-06-22 00:00:00+00:00, run_after=2026-06-23 00:00:00+00:00
[2026-06-23T03:09:49.603+0000] {logging_mixin.py:188} INFO - [2026-06-23T03:09:49.603+0000] {dag.py:3954} INFO - Setting next_dagrun for example_branch_datetime_operator_2 to 2026-06-22 00:00:00+00:00, run_after=2026-06-23 00:00:00+00:00
[2026-06-23T03:09:49.607+0000] {logging_mixin.py:188} INFO - [2026-06-23T03:09:49.607+0000] {dag.py:3954} INFO - Setting next_dagrun for example_branch_datetime_operator_3 to 2026-06-22 00:00:00+00:00, run_after=2026-06-23 00:00:00+00:00
[2026-06-23T03:09:49.633+0000] {processor.py:183} INFO - Processing /home/airflow/.local/lib/python3.12/site-packages/airflow/example_dags/example_branch_datetime_operator.py took 0.120 seconds
[2026-06-23T03:10:19.849+0000] {processor.py:161} INFO - Started process (PID=3300) to work on /home/airflow/.local/lib/python3.12/site-packages/airflow/example_dags/example_branch_datetime_operator.py
[2026-06-23T03:10:19.851+0000] {processor.py:830} INFO - Processing file /home/airflow/.local/lib/python3.12/site-packages/airflow/example_dags/example_branch_datetime_operator.py for tasks to queue
[2026-06-23T03:10:19.853+0000] {logging_mixin.py:188} INFO - [2026-06-23T03:10:19.853+0000] {dagbag.py:545} INFO - Filling up the DagBag from /home/airflow/.local/lib/python3.12/site-packages/airflow/example_dags/example_branch_datetime_operator.py
[2026-06-23T03:10:19.864+0000] {processor.py:840} INFO - DAG(s) 'example_branch_datetime_operator_3', 'example_branch_datetime_operator', 'example_branch_datetime_operator_2' retrieved from /home/airflow/.local/lib/python3.12/site-packages/airflow/example_dags/example_branch_datetime_operator.py
[2026-06-23T03:10:19.901+0000] {logging_mixin.py:188} INFO - [2026-06-23T03:10:19.900+0000] {dag.py:3096} INFO - Sync 3 DAGs
[2026-06-23T03:10:19.926+0000] {logging_mixin.py:188} INFO - [2026-06-23T03:10:19.926+0000] {dag.py:3954} INFO - Setting next_dagrun for example_branch_datetime_operator to 2026-06-22 00:00:00+00:00, run_after=2026-06-23 00:00:00+00:00
[2026-06-23T03:10:19.933+0000] {logging_mixin.py:188} INFO - [2026-06-23T03:10:19.933+0000] {dag.py:3954} INFO - Setting next_dagrun for example_branch_datetime_operator_2 to 2026-06-22 00:00:00+00:00, run_after=2026-06-23 00:00:00+00:00
[2026-06-23T03:10:19.937+0000] {logging_mixin.py:188} INFO - [2026-06-23T03:10:19.937+0000] {dag.py:3954} INFO - Setting next_dagrun for example_branch_datetime_operator_3 to 2026-06-22 00:00:00+00:00, run_after=2026-06-23 00:00:00+00:00
[2026-06-23T03:10:19.963+0000] {processor.py:183} INFO - Processing /home/airflow/.local/lib/python3.12/site-packages/airflow/example_dags/example_branch_datetime_operator.py took 0.120 seconds
[2026-06-23T03:10:50.387+0000] {processor.py:161} INFO - Started process (PID=3567) to work on /home/airflow/.local/lib/python3.12/site-packages/airflow/example_dags/example_branch_datetime_operator.py
[2026-06-23T03:10:50.389+0000] {processor.py:830} INFO - Processing file /home/airflow/.local/lib/python3.12/site-packages/airflow/example_dags/example_branch_datetime_operator.py for tasks to queue
[2026-06-23T03:10:50.392+0000] {logging_mixin.py:188} INFO - [2026-06-23T03:10:50.391+0000] {dagbag.py:545} INFO - Filling up the DagBag from /home/airflow/.local/lib/python3.12/site-packages/airflow/example_dags/example_branch_datetime_operator.py
[2026-06-23T03:10:50.402+0000] {processor.py:840} INFO - DAG(s) 'example_branch_datetime_operator', 'example_branch_datetime_operator_3', 'example_branch_datetime_operator_2' retrieved from /home/airflow/.local/lib/python3.12/site-packages/airflow/example_dags/example_branch_datetime_operator.py
[2026-06-23T03:10:50.438+0000] {logging_mixin.py:188} INFO - [2026-06-23T03:10:50.438+0000] {dag.py:3096} INFO - Sync 3 DAGs
[2026-06-23T03:10:50.463+0000] {logging_mixin.py:188} INFO - [2026-06-23T03:10:50.463+0000] {dag.py:3954} INFO - Setting next_dagrun for example_branch_datetime_operator to 2026-06-22 00:00:00+00:00, run_after=2026-06-23 00:00:00+00:00
[2026-06-23T03:10:50.470+0000] {logging_mixin.py:188} INFO - [2026-06-23T03:10:50.470+0000] {dag.py:3954} INFO - Setting next_dagrun for example_branch_datetime_operator_2 to 2026-06-22 00:00:00+00:00, run_after=2026-06-23 00:00:00+00:00
[2026-06-23T03:10:50.473+0000] {logging_mixin.py:188} INFO - [2026-06-23T03:10:50.473+0000] {dag.py:3954} INFO - Setting next_dagrun for example_branch_datetime_operator_3 to 2026-06-22 00:00:00+00:00, run_after=2026-06-23 00:00:00+00:00
[2026-06-23T03:10:50.500+0000] {processor.py:183} INFO - Processing /home/airflow/.local/lib/python3.12/site-packages/airflow/example_dags/example_branch_datetime_operator.py took 0.119 seconds
[2026-06-23T03:11:20.849+0000] {processor.py:161} INFO - Started process (PID=3834) to work on /home/airflow/.local/lib/python3.12/site-packages/airflow/example_dags/example_branch_datetime_operator.py
[2026-06-23T03:11:20.850+0000] {processor.py:830} INFO - Processing file /home/airflow/.local/lib/python3.12/site-packages/airflow/example_dags/example_branch_datetime_operator.py for tasks to queue
[2026-06-23T03:11:20.854+0000] {logging_mixin.py:188} INFO - [2026-06-23T03:11:20.853+0000] {dagbag.py:545} INFO - Filling up the DagBag from /home/airflow/.local/lib/python3.12/site-packages/airflow/example_dags/example_branch_datetime_operator.py
[2026-06-23T03:11:20.865+0000] {processor.py:840} INFO - DAG(s) 'example_branch_datetime_operator_3', 'example_branch_datetime_operator', 'example_branch_datetime_operator_2' retrieved from /home/airflow/.local/lib/python3.12/site-packages/airflow/example_dags/example_branch_datetime_operator.py
[2026-06-23T03:11:20.902+0000] {logging_mixin.py:188} INFO - [2026-06-23T03:11:20.902+0000] {dag.py:3096} INFO - Sync 3 DAGs
[2026-06-23T03:11:20.930+0000] {logging_mixin.py:188} INFO - [2026-06-23T03:11:20.929+0000] {dag.py:3954} INFO - Setting next_dagrun for example_branch_datetime_operator to 2026-06-22 00:00:00+00:00, run_after=2026-06-23 00:00:00+00:00
[2026-06-23T03:11:20.938+0000] {logging_mixin.py:188} INFO - [2026-06-23T03:11:20.938+0000] {dag.py:3954} INFO - Setting next_dagrun for example_branch_datetime_operator_2 to 2026-06-22 00:00:00+00:00, run_after=2026-06-23 00:00:00+00:00
[2026-06-23T03:11:20.942+0000] {logging_mixin.py:188} INFO - [2026-06-23T03:11:20.941+0000] {dag.py:3954} INFO - Setting next_dagrun for example_branch_datetime_operator_3 to 2026-06-22 00:00:00+00:00, run_after=2026-06-23 00:00:00+00:00
[2026-06-23T03:11:20.968+0000] {processor.py:183} INFO - Processing /home/airflow/.local/lib/python3.12/site-packages/airflow/example_dags/example_branch_datetime_operator.py took 0.126 seconds
[2026-06-23T03:11:51.329+0000] {processor.py:161} INFO - Started process (PID=4101) to work on /home/airflow/.local/lib/python3.12/site-packages/airflow/example_dags/example_branch_datetime_operator.py
[2026-06-23T03:11:51.331+0000] {processor.py:830} INFO - Processing file /home/airflow/.local/lib/python3.12/site-packages/airflow/example_dags/example_branch_datetime_operator.py for tasks to queue
[2026-06-23T03:11:51.335+0000] {logging_mixin.py:188} INFO - [2026-06-23T03:11:51.334+0000] {dagbag.py:545} INFO - Filling up the DagBag from /home/airflow/.local/lib/python3.12/site-packages/airflow/example_dags/example_branch_datetime_operator.py
[2026-06-23T03:11:51.347+0000] {processor.py:840} INFO - DAG(s) 'example_branch_datetime_operator', 'example_branch_datetime_operator_2', 'example_branch_datetime_operator_3' retrieved from /home/airflow/.local/lib/python3.12/site-packages/airflow/example_dags/example_branch_datetime_operator.py
[2026-06-23T03:11:51.389+0000] {logging_mixin.py:188} INFO - [2026-06-23T03:11:51.388+0000] {dag.py:3096} INFO - Sync 3 DAGs
[2026-06-23T03:11:51.420+0000] {logging_mixin.py:188} INFO - [2026-06-23T03:11:51.419+0000] {dag.py:3954} INFO - Setting next_dagrun for example_branch_datetime_operator to 2026-06-22 00:00:00+00:00, run_after=2026-06-23 00:00:00+00:00
[2026-06-23T03:11:51.427+0000] {logging_mixin.py:188} INFO - [2026-06-23T03:11:51.427+0000] {dag.py:3954} INFO - Setting next_dagrun for example_branch_datetime_operator_2 to 2026-06-22 00:00:00+00:00, run_after=2026-06-23 00:00:00+00:00
[2026-06-23T03:11:51.431+0000] {logging_mixin.py:188} INFO - [2026-06-23T03:11:51.431+0000] {dag.py:3954} INFO - Setting next_dagrun for example_branch_datetime_operator_3 to 2026-06-22 00:00:00+00:00, run_after=2026-06-23 00:00:00+00:00
[2026-06-23T03:11:51.457+0000] {processor.py:183} INFO - Processing /home/airflow/.local/lib/python3.12/site-packages/airflow/example_dags/example_branch_datetime_operator.py took 0.136 seconds
[2026-06-23T03:12:21.591+0000] {processor.py:161} INFO - Started process (PID=4369) to work on /home/airflow/.local/lib/python3.12/site-packages/airflow/example_dags/example_branch_datetime_operator.py
[2026-06-23T03:12:21.593+0000] {processor.py:830} INFO - Processing file /home/airflow/.local/lib/python3.12/site-packages/airflow/example_dags/example_branch_datetime_operator.py for tasks to queue
[2026-06-23T03:12:21.597+0000] {logging_mixin.py:188} INFO - [2026-06-23T03:12:21.596+0000] {dagbag.py:545} INFO - Filling up the DagBag from /home/airflow/.local/lib/python3.12/site-packages/airflow/example_dags/example_branch_datetime_operator.py
[2026-06-23T03:12:21.612+0000] {processor.py:840} INFO - DAG(s) 'example_branch_datetime_operator_2', 'example_branch_datetime_operator', 'example_branch_datetime_operator_3' retrieved from /home/airflow/.local/lib/python3.12/site-packages/airflow/example_dags/example_branch_datetime_operator.py
[2026-06-23T03:12:21.658+0000] {logging_mixin.py:188} INFO - [2026-06-23T03:12:21.657+0000] {dag.py:3096} INFO - Sync 3 DAGs
[2026-06-23T03:12:21.691+0000] {logging_mixin.py:188} INFO - [2026-06-23T03:12:21.691+0000] {dag.py:3954} INFO - Setting next_dagrun for example_branch_datetime_operator to 2026-06-22 00:00:00+00:00, run_after=2026-06-23 00:00:00+00:00
[2026-06-23T03:12:21.698+0000] {logging_mixin.py:188} INFO - [2026-06-23T03:12:21.698+0000] {dag.py:3954} INFO - Setting next_dagrun for example_branch_datetime_operator_2 to 2026-06-22 00:00:00+00:00, run_after=2026-06-23 00:00:00+00:00
[2026-06-23T03:12:21.702+0000] {logging_mixin.py:188} INFO - [2026-06-23T03:12:21.702+0000] {dag.py:3954} INFO - Setting next_dagrun for example_branch_datetime_operator_3 to 2026-06-22 00:00:00+00:00, run_after=2026-06-23 00:00:00+00:00
[2026-06-23T03:12:21.729+0000] {processor.py:183} INFO - Processing /home/airflow/.local/lib/python3.12/site-packages/airflow/example_dags/example_branch_datetime_operator.py took 0.147 seconds
[2026-06-23T03:12:52.077+0000] {processor.py:161} INFO - Started process (PID=4636) to work on /home/airflow/.local/lib/python3.12/site-packages/airflow/example_dags/example_branch_datetime_operator.py
[2026-06-23T03:12:52.079+0000] {processor.py:830} INFO - Processing file /home/airflow/.local/lib/python3.12/site-packages/airflow/example_dags/example_branch_datetime_operator.py for tasks to queue
[2026-06-23T03:12:52.081+0000] {logging_mixin.py:188} INFO - [2026-06-23T03:12:52.081+0000] {dagbag.py:545} INFO - Filling up the DagBag from /home/airflow/.local/lib/python3.12/site-packages/airflow/example_dags/example_branch_datetime_operator.py
[2026-06-23T03:12:52.091+0000] {processor.py:840} INFO - DAG(s) 'example_branch_datetime_operator', 'example_branch_datetime_operator_3', 'example_branch_datetime_operator_2' retrieved from /home/airflow/.local/lib/python3.12/site-packages/airflow/example_dags/example_branch_datetime_operator.py
[2026-06-23T03:12:52.126+0000] {logging_mixin.py:188} INFO - [2026-06-23T03:12:52.125+0000] {dag.py:3096} INFO - Sync 3 DAGs
[2026-06-23T03:12:52.151+0000] {logging_mixin.py:188} INFO - [2026-06-23T03:12:52.150+0000] {dag.py:3954} INFO - Setting next_dagrun for example_branch_datetime_operator to 2026-06-22 00:00:00+00:00, run_after=2026-06-23 00:00:00+00:00
[2026-06-23T03:12:52.158+0000] {logging_mixin.py:188} INFO - [2026-06-23T03:12:52.158+0000] {dag.py:3954} INFO - Setting next_dagrun for example_branch_datetime_operator_2 to 2026-06-22 00:00:00+00:00, run_after=2026-06-23 00:00:00+00:00
[2026-06-23T03:12:52.162+0000] {logging_mixin.py:188} INFO - [2026-06-23T03:12:52.162+0000] {dag.py:3954} INFO - Setting next_dagrun for example_branch_datetime_operator_3 to 2026-06-22 00:00:00+00:00, run_after=2026-06-23 00:00:00+00:00
[2026-06-23T03:12:52.186+0000] {processor.py:183} INFO - Processing /home/airflow/.local/lib/python3.12/site-packages/airflow/example_dags/example_branch_datetime_operator.py took 0.115 seconds
[2026-06-23T03:13:22.349+0000] {processor.py:161} INFO - Started process (PID=4903) to work on /home/airflow/.local/lib/python3.12/site-packages/airflow/example_dags/example_branch_datetime_operator.py
[2026-06-23T03:13:22.351+0000] {processor.py:830} INFO - Processing file /home/airflow/.local/lib/python3.12/site-packages/airflow/example_dags/example_branch_datetime_operator.py for tasks to queue
[2026-06-23T03:13:22.354+0000] {logging_mixin.py:188} INFO - [2026-06-23T03:13:22.353+0000] {dagbag.py:545} INFO - Filling up the DagBag from /home/airflow/.local/lib/python3.12/site-packages/airflow/example_dags/example_branch_datetime_operator.py
[2026-06-23T03:13:22.364+0000] {processor.py:840} INFO - DAG(s) 'example_branch_datetime_operator', 'example_branch_datetime_operator_2', 'example_branch_datetime_operator_3' retrieved from /home/airflow/.local/lib/python3.12/site-packages/airflow/example_dags/example_branch_datetime_operator.py
[2026-06-23T03:13:22.400+0000] {logging_mixin.py:188} INFO - [2026-06-23T03:13:22.399+0000] {dag.py:3096} INFO - Sync 3 DAGs
[2026-06-23T03:13:22.425+0000] {logging_mixin.py:188} INFO - [2026-06-23T03:13:22.425+0000] {dag.py:3954} INFO - Setting next_dagrun for example_branch_datetime_operator to 2026-06-22 00:00:00+00:00, run_after=2026-06-23 00:00:00+00:00
[2026-06-23T03:13:22.432+0000] {logging_mixin.py:188} INFO - [2026-06-23T03:13:22.432+0000] {dag.py:3954} INFO - Setting next_dagrun for example_branch_datetime_operator_2 to 2026-06-22 00:00:00+00:00, run_after=2026-06-23 00:00:00+00:00
[2026-06-23T03:13:22.436+0000] {logging_mixin.py:188} INFO - [2026-06-23T03:13:22.436+0000] {dag.py:3954} INFO - Setting next_dagrun for example_branch_datetime_operator_3 to 2026-06-22 00:00:00+00:00, run_after=2026-06-23 00:00:00+00:00
[2026-06-23T03:13:22.462+0000] {processor.py:183} INFO - Processing /home/airflow/.local/lib/python3.12/site-packages/airflow/example_dags/example_branch_datetime_operator.py took 0.120 seconds
[2026-06-23T03:13:52.628+0000] {processor.py:161} INFO - Started process (PID=5170) to work on /home/airflow/.local/lib/python3.12/site-packages/airflow/example_dags/example_branch_datetime_operator.py
[2026-06-23T03:13:52.630+0000] {processor.py:830} INFO - Processing file /home/airflow/.local/lib/python3.12/site-packages/airflow/example_dags/example_branch_datetime_operator.py for tasks to queue
[2026-06-23T03:13:52.633+0000] {logging_mixin.py:188} INFO - [2026-06-23T03:13:52.632+0000] {dagbag.py:545} INFO - Filling up the DagBag from /home/airflow/.local/lib/python3.12/site-packages/airflow/example_dags/example_branch_datetime_operator.py
[2026-06-23T03:13:52.643+0000] {processor.py:840} INFO - DAG(s) 'example_branch_datetime_operator_3', 'example_branch_datetime_operator', 'example_branch_datetime_operator_2' retrieved from /home/airflow/.local/lib/python3.12/site-packages/airflow/example_dags/example_branch_datetime_operator.py
[2026-06-23T03:13:52.680+0000] {logging_mixin.py:188} INFO - [2026-06-23T03:13:52.679+0000] {dag.py:3096} INFO - Sync 3 DAGs
[2026-06-23T03:13:52.705+0000] {logging_mixin.py:188} INFO - [2026-06-23T03:13:52.705+0000] {dag.py:3954} INFO - Setting next_dagrun for example_branch_datetime_operator to 2026-06-22 00:00:00+00:00, run_after=2026-06-23 00:00:00+00:00
[2026-06-23T03:13:52.713+0000] {logging_mixin.py:188} INFO - [2026-06-23T03:13:52.713+0000] {dag.py:3954} INFO - Setting next_dagrun for example_branch_datetime_operator_2 to 2026-06-22 00:00:00+00:00, run_after=2026-06-23 00:00:00+00:00
[2026-06-23T03:13:52.717+0000] {logging_mixin.py:188} INFO - [2026-06-23T03:13:52.717+0000] {dag.py:3954} INFO - Setting next_dagrun for example_branch_datetime_operator_3 to 2026-06-22 00:00:00+00:00, run_after=2026-06-23 00:00:00+00:00
[2026-06-23T03:13:52.742+0000] {processor.py:183} INFO - Processing /home/airflow/.local/lib/python3.12/site-packages/airflow/example_dags/example_branch_datetime_operator.py took 0.120 seconds
[2026-06-23T03:14:23.355+0000] {processor.py:161} INFO - Started process (PID=5437) to work on /home/airflow/.local/lib/python3.12/site-packages/airflow/example_dags/example_branch_datetime_operator.py
[2026-06-23T03:14:23.356+0000] {processor.py:830} INFO - Processing file /home/airflow/.local/lib/python3.12/site-packages/airflow/example_dags/example_branch_datetime_operator.py for tasks to queue
[2026-06-23T03:14:23.360+0000] {logging_mixin.py:188} INFO - [2026-06-23T03:14:23.359+0000] {dagbag.py:545} INFO - Filling up the DagBag from /home/airflow/.local/lib/python3.12/site-packages/airflow/example_dags/example_branch_datetime_operator.py
[2026-06-23T03:14:23.372+0000] {processor.py:840} INFO - DAG(s) 'example_branch_datetime_operator_3', 'example_branch_datetime_operator', 'example_branch_datetime_operator_2' retrieved from /home/airflow/.local/lib/python3.12/site-packages/airflow/example_dags/example_branch_datetime_operator.py
[2026-06-23T03:14:23.410+0000] {logging_mixin.py:188} INFO - [2026-06-23T03:14:23.409+0000] {dag.py:3096} INFO - Sync 3 DAGs
[2026-06-23T03:14:23.438+0000] {logging_mixin.py:188} INFO - [2026-06-23T03:14:23.438+0000] {dag.py:3954} INFO - Setting next_dagrun for example_branch_datetime_operator to 2026-06-22 00:00:00+00:00, run_after=2026-06-23 00:00:00+00:00
[2026-06-23T03:14:23.445+0000] {logging_mixin.py:188} INFO - [2026-06-23T03:14:23.445+0000] {dag.py:3954} INFO - Setting next_dagrun for example_branch_datetime_operator_2 to 2026-06-22 00:00:00+00:00, run_after=2026-06-23 00:00:00+00:00
[2026-06-23T03:14:23.449+0000] {logging_mixin.py:188} INFO - [2026-06-23T03:14:23.448+0000] {dag.py:3954} INFO - Setting next_dagrun for example_branch_datetime_operator_3 to 2026-06-22 00:00:00+00:00, run_after=2026-06-23 00:00:00+00:00
[2026-06-23T03:14:23.478+0000] {processor.py:183} INFO - Processing /home/airflow/.local/lib/python3.12/site-packages/airflow/example_dags/example_branch_datetime_operator.py took 0.129 seconds
[2026-06-23T03:14:53.939+0000] {processor.py:161} INFO - Started process (PID=5704) to work on /home/airflow/.local/lib/python3.12/site-packages/airflow/example_dags/example_branch_datetime_operator.py
[2026-06-23T03:14:53.941+0000] {processor.py:830} INFO - Processing file /home/airflow/.local/lib/python3.12/site-packages/airflow/example_dags/example_branch_datetime_operator.py for tasks to queue
[2026-06-23T03:14:53.943+0000] {logging_mixin.py:188} INFO - [2026-06-23T03:14:53.943+0000] {dagbag.py:545} INFO - Filling up the DagBag from /home/airflow/.local/lib/python3.12/site-packages/airflow/example_dags/example_branch_datetime_operator.py
[2026-06-23T03:14:53.954+0000] {processor.py:840} INFO - DAG(s) 'example_branch_datetime_operator_3', 'example_branch_datetime_operator_2', 'example_branch_datetime_operator' retrieved from /home/airflow/.local/lib/python3.12/site-packages/airflow/example_dags/example_branch_datetime_operator.py
[2026-06-23T03:14:53.990+0000] {logging_mixin.py:188} INFO - [2026-06-23T03:14:53.990+0000] {dag.py:3096} INFO - Sync 3 DAGs
[2026-06-23T03:14:54.016+0000] {logging_mixin.py:188} INFO - [2026-06-23T03:14:54.016+0000] {dag.py:3954} INFO - Setting next_dagrun for example_branch_datetime_operator to 2026-06-22 00:00:00+00:00, run_after=2026-06-23 00:00:00+00:00
[2026-06-23T03:14:54.022+0000] {logging_mixin.py:188} INFO - [2026-06-23T03:14:54.022+0000] {dag.py:3954} INFO - Setting next_dagrun for example_branch_datetime_operator_2 to 2026-06-22 00:00:00+00:00, run_after=2026-06-23 00:00:00+00:00
[2026-06-23T03:14:54.027+0000] {logging_mixin.py:188} INFO - [2026-06-23T03:14:54.026+0000] {dag.py:3954} INFO - Setting next_dagrun for example_branch_datetime_operator_3 to 2026-06-22 00:00:00+00:00, run_after=2026-06-23 00:00:00+00:00
[2026-06-23T03:14:54.051+0000] {processor.py:183} INFO - Processing /home/airflow/.local/lib/python3.12/site-packages/airflow/example_dags/example_branch_datetime_operator.py took 0.119 seconds
[2026-06-23T03:15:24.193+0000] {processor.py:161} INFO - Started process (PID=5971) to work on /home/airflow/.local/lib/python3.12/site-packages/airflow/example_dags/example_branch_datetime_operator.py
[2026-06-23T03:15:24.195+0000] {processor.py:830} INFO - Processing file /home/airflow/.local/lib/python3.12/site-packages/airflow/example_dags/example_branch_datetime_operator.py for tasks to queue
[2026-06-23T03:15:24.197+0000] {logging_mixin.py:188} INFO - [2026-06-23T03:15:24.197+0000] {dagbag.py:545} INFO - Filling up the DagBag from /home/airflow/.local/lib/python3.12/site-packages/airflow/example_dags/example_branch_datetime_operator.py
[2026-06-23T03:15:24.208+0000] {processor.py:840} INFO - DAG(s) 'example_branch_datetime_operator', 'example_branch_datetime_operator_2', 'example_branch_datetime_operator_3' retrieved from /home/airflow/.local/lib/python3.12/site-packages/airflow/example_dags/example_branch_datetime_operator.py
[2026-06-23T03:15:24.244+0000] {logging_mixin.py:188} INFO - [2026-06-23T03:15:24.244+0000] {dag.py:3096} INFO - Sync 3 DAGs
[2026-06-23T03:15:24.270+0000] {logging_mixin.py:188} INFO - [2026-06-23T03:15:24.270+0000] {dag.py:3954} INFO - Setting next_dagrun for example_branch_datetime_operator to 2026-06-22 00:00:00+00:00, run_after=2026-06-23 00:00:00+00:00
[2026-06-23T03:15:24.277+0000] {logging_mixin.py:188} INFO - [2026-06-23T03:15:24.276+0000] {dag.py:3954} INFO - Setting next_dagrun for example_branch_datetime_operator_2 to 2026-06-22 00:00:00+00:00, run_after=2026-06-23 00:00:00+00:00
[2026-06-23T03:15:24.280+0000] {logging_mixin.py:188} INFO - [2026-06-23T03:15:24.279+0000] {dag.py:3954} INFO - Setting next_dagrun for example_branch_datetime_operator_3 to 2026-06-22 00:00:00+00:00, run_after=2026-06-23 00:00:00+00:00
[2026-06-23T03:15:24.304+0000] {processor.py:183} INFO - Processing /home/airflow/.local/lib/python3.12/site-packages/airflow/example_dags/example_branch_datetime_operator.py took 0.117 seconds
[2026-06-23T03:15:54.703+0000] {processor.py:161} INFO - Started process (PID=6238) to work on /home/airflow/.local/lib/python3.12/site-packages/airflow/example_dags/example_branch_datetime_operator.py
[2026-06-23T03:15:54.705+0000] {processor.py:830} INFO - Processing file /home/airflow/.local/lib/python3.12/site-packages/airflow/example_dags/example_branch_datetime_operator.py for tasks to queue
[2026-06-23T03:15:54.708+0000] {logging_mixin.py:188} INFO - [2026-06-23T03:15:54.707+0000] {dagbag.py:545} INFO - Filling up the DagBag from /home/airflow/.local/lib/python3.12/site-packages/airflow/example_dags/example_branch_datetime_operator.py
[2026-06-23T03:15:54.719+0000] {processor.py:840} INFO - DAG(s) 'example_branch_datetime_operator_3', 'example_branch_datetime_operator', 'example_branch_datetime_operator_2' retrieved from /home/airflow/.local/lib/python3.12/site-packages/airflow/example_dags/example_branch_datetime_operator.py
[2026-06-23T03:15:54.755+0000] {logging_mixin.py:188} INFO - [2026-06-23T03:15:54.755+0000] {dag.py:3096} INFO - Sync 3 DAGs
[2026-06-23T03:15:54.781+0000] {logging_mixin.py:188} INFO - [2026-06-23T03:15:54.781+0000] {dag.py:3954} INFO - Setting next_dagrun for example_branch_datetime_operator to 2026-06-22 00:00:00+00:00, run_after=2026-06-23 00:00:00+00:00
[2026-06-23T03:15:54.788+0000] {logging_mixin.py:188} INFO - [2026-06-23T03:15:54.788+0000] {dag.py:3954} INFO - Setting next_dagrun for example_branch_datetime_operator_2 to 2026-06-22 00:00:00+00:00, run_after=2026-06-23 00:00:00+00:00
[2026-06-23T03:15:54.792+0000] {logging_mixin.py:188} INFO - [2026-06-23T03:15:54.792+0000] {dag.py:3954} INFO - Setting next_dagrun for example_branch_datetime_operator_3 to 2026-06-22 00:00:00+00:00, run_after=2026-06-23 00:00:00+00:00
[2026-06-23T03:15:54.818+0000] {processor.py:183} INFO - Processing /home/airflow/.local/lib/python3.12/site-packages/airflow/example_dags/example_branch_datetime_operator.py took 0.121 seconds
[2026-06-23T03:16:25.604+0000] {processor.py:161} INFO - Started process (PID=6505) to work on /home/airflow/.local/lib/python3.12/site-packages/airflow/example_dags/example_branch_datetime_operator.py
[2026-06-23T03:16:25.606+0000] {processor.py:830} INFO - Processing file /home/airflow/.local/lib/python3.12/site-packages/airflow/example_dags/example_branch_datetime_operator.py for tasks to queue
[2026-06-23T03:16:25.609+0000] {logging_mixin.py:188} INFO - [2026-06-23T03:16:25.609+0000] {dagbag.py:545} INFO - Filling up the DagBag from /home/airflow/.local/lib/python3.12/site-packages/airflow/example_dags/example_branch_datetime_operator.py
[2026-06-23T03:16:25.621+0000] {processor.py:840} INFO - DAG(s) 'example_branch_datetime_operator', 'example_branch_datetime_operator_3', 'example_branch_datetime_operator_2' retrieved from /home/airflow/.local/lib/python3.12/site-packages/airflow/example_dags/example_branch_datetime_operator.py
[2026-06-23T03:16:25.659+0000] {logging_mixin.py:188} INFO - [2026-06-23T03:16:25.659+0000] {dag.py:3096} INFO - Sync 3 DAGs
[2026-06-23T03:16:25.686+0000] {logging_mixin.py:188} INFO - [2026-06-23T03:16:25.686+0000] {dag.py:3954} INFO - Setting next_dagrun for example_branch_datetime_operator to 2026-06-22 00:00:00+00:00, run_after=2026-06-23 00:00:00+00:00
[2026-06-23T03:16:25.692+0000] {logging_mixin.py:188} INFO - [2026-06-23T03:16:25.692+0000] {dag.py:3954} INFO - Setting next_dagrun for example_branch_datetime_operator_2 to 2026-06-22 00:00:00+00:00, run_after=2026-06-23 00:00:00+00:00
[2026-06-23T03:16:25.696+0000] {logging_mixin.py:188} INFO - [2026-06-23T03:16:25.695+0000] {dag.py:3954} INFO - Setting next_dagrun for example_branch_datetime_operator_3 to 2026-06-22 00:00:00+00:00, run_after=2026-06-23 00:00:00+00:00
[2026-06-23T03:16:25.720+0000] {processor.py:183} INFO - Processing /home/airflow/.local/lib/python3.12/site-packages/airflow/example_dags/example_branch_datetime_operator.py took 0.122 seconds
[2026-06-23T03:16:56.118+0000] {processor.py:161} INFO - Started process (PID=6772) to work on /home/airflow/.local/lib/python3.12/site-packages/airflow/example_dags/example_branch_datetime_operator.py
[2026-06-23T03:16:56.120+0000] {processor.py:830} INFO - Processing file /home/airflow/.local/lib/python3.12/site-packages/airflow/example_dags/example_branch_datetime_operator.py for tasks to queue
[2026-06-23T03:16:56.123+0000] {logging_mixin.py:188} INFO - [2026-06-23T03:16:56.122+0000] {dagbag.py:545} INFO - Filling up the DagBag from /home/airflow/.local/lib/python3.12/site-packages/airflow/example_dags/example_branch_datetime_operator.py
[2026-06-23T03:16:56.137+0000] {processor.py:840} INFO - DAG(s) 'example_branch_datetime_operator_2', 'example_branch_datetime_operator_3', 'example_branch_datetime_operator' retrieved from /home/airflow/.local/lib/python3.12/site-packages/airflow/example_dags/example_branch_datetime_operator.py
[2026-06-23T03:16:56.181+0000] {logging_mixin.py:188} INFO - [2026-06-23T03:16:56.181+0000] {dag.py:3096} INFO - Sync 3 DAGs
[2026-06-23T03:16:56.216+0000] {logging_mixin.py:188} INFO - [2026-06-23T03:16:56.215+0000] {dag.py:3954} INFO - Setting next_dagrun for example_branch_datetime_operator to 2026-06-22 00:00:00+00:00, run_after=2026-06-23 00:00:00+00:00
[2026-06-23T03:16:56.223+0000] {logging_mixin.py:188} INFO - [2026-06-23T03:16:56.223+0000] {dag.py:3954} INFO - Setting next_dagrun for example_branch_datetime_operator_2 to 2026-06-22 00:00:00+00:00, run_after=2026-06-23 00:00:00+00:00
[2026-06-23T03:16:56.226+0000] {logging_mixin.py:188} INFO - [2026-06-23T03:16:56.226+0000] {dag.py:3954} INFO - Setting next_dagrun for example_branch_datetime_operator_3 to 2026-06-22 00:00:00+00:00, run_after=2026-06-23 00:00:00+00:00
[2026-06-23T03:16:56.255+0000] {processor.py:183} INFO - Processing /home/airflow/.local/lib/python3.12/site-packages/airflow/example_dags/example_branch_datetime_operator.py took 0.146 seconds
[2026-06-23T03:17:27.202+0000] {processor.py:161} INFO - Started process (PID=7039) to work on /home/airflow/.local/lib/python3.12/site-packages/airflow/example_dags/example_branch_datetime_operator.py
[2026-06-23T03:17:27.205+0000] {processor.py:830} INFO - Processing file /home/airflow/.local/lib/python3.12/site-packages/airflow/example_dags/example_branch_datetime_operator.py for tasks to queue
[2026-06-23T03:17:27.211+0000] {logging_mixin.py:188} INFO - [2026-06-23T03:17:27.210+0000] {dagbag.py:545} INFO - Filling up the DagBag from /home/airflow/.local/lib/python3.12/site-packages/airflow/example_dags/example_branch_datetime_operator.py
[2026-06-23T03:17:27.233+0000] {processor.py:840} INFO - DAG(s) 'example_branch_datetime_operator_2', 'example_branch_datetime_operator', 'example_branch_datetime_operator_3' retrieved from /home/airflow/.local/lib/python3.12/site-packages/airflow/example_dags/example_branch_datetime_operator.py
[2026-06-23T03:17:27.290+0000] {logging_mixin.py:188} INFO - [2026-06-23T03:17:27.289+0000] {dag.py:3096} INFO - Sync 3 DAGs
[2026-06-23T03:17:27.342+0000] {logging_mixin.py:188} INFO - [2026-06-23T03:17:27.341+0000] {dag.py:3954} INFO - Setting next_dagrun for example_branch_datetime_operator to 2026-06-22 00:00:00+00:00, run_after=2026-06-23 00:00:00+00:00
[2026-06-23T03:17:27.358+0000] {logging_mixin.py:188} INFO - [2026-06-23T03:17:27.357+0000] {dag.py:3954} INFO - Setting next_dagrun for example_branch_datetime_operator_2 to 2026-06-22 00:00:00+00:00, run_after=2026-06-23 00:00:00+00:00
[2026-06-23T03:17:27.364+0000] {logging_mixin.py:188} INFO - [2026-06-23T03:17:27.363+0000] {dag.py:3954} INFO - Setting next_dagrun for example_branch_datetime_operator_3 to 2026-06-22 00:00:00+00:00, run_after=2026-06-23 00:00:00+00:00
[2026-06-23T03:17:27.397+0000] {processor.py:183} INFO - Processing /home/airflow/.local/lib/python3.12/site-packages/airflow/example_dags/example_branch_datetime_operator.py took 0.207 seconds
[2026-06-23T03:17:58.152+0000] {processor.py:161} INFO - Started process (PID=7304) to work on /home/airflow/.local/lib/python3.12/site-packages/airflow/example_dags/example_branch_datetime_operator.py
[2026-06-23T03:17:58.156+0000] {processor.py:830} INFO - Processing file /home/airflow/.local/lib/python3.12/site-packages/airflow/example_dags/example_branch_datetime_operator.py for tasks to queue
[2026-06-23T03:17:58.165+0000] {logging_mixin.py:188} INFO - [2026-06-23T03:17:58.162+0000] {dagbag.py:545} INFO - Filling up the DagBag from /home/airflow/.local/lib/python3.12/site-packages/airflow/example_dags/example_branch_datetime_operator.py
[2026-06-23T03:17:58.201+0000] {processor.py:840} INFO - DAG(s) 'example_branch_datetime_operator_3', 'example_branch_datetime_operator_2', 'example_branch_datetime_operator' retrieved from /home/airflow/.local/lib/python3.12/site-packages/airflow/example_dags/example_branch_datetime_operator.py
[2026-06-23T03:17:58.279+0000] {logging_mixin.py:188} INFO - [2026-06-23T03:17:58.278+0000] {dag.py:3096} INFO - Sync 3 DAGs
[2026-06-23T03:17:58.353+0000] {logging_mixin.py:188} INFO - [2026-06-23T03:17:58.352+0000] {dag.py:3954} INFO - Setting next_dagrun for example_branch_datetime_operator to 2026-06-22 00:00:00+00:00, run_after=2026-06-23 00:00:00+00:00
[2026-06-23T03:17:58.366+0000] {logging_mixin.py:188} INFO - [2026-06-23T03:17:58.365+0000] {dag.py:3954} INFO - Setting next_dagrun for example_branch_datetime_operator_2 to 2026-06-22 00:00:00+00:00, run_after=2026-06-23 00:00:00+00:00
[2026-06-23T03:17:58.374+0000] {logging_mixin.py:188} INFO - [2026-06-23T03:17:58.373+0000] {dag.py:3954} INFO - Setting next_dagrun for example_branch_datetime_operator_3 to 2026-06-22 00:00:00+00:00, run_after=2026-06-23 00:00:00+00:00
[2026-06-23T03:17:58.424+0000] {processor.py:183} INFO - Processing /home/airflow/.local/lib/python3.12/site-packages/airflow/example_dags/example_branch_datetime_operator.py took 0.290 seconds
[2026-06-23T03:18:28.574+0000] {processor.py:161} INFO - Started process (PID=7571) to work on /home/airflow/.local/lib/python3.12/site-packages/airflow/example_dags/example_branch_datetime_operator.py
[2026-06-23T03:18:28.576+0000] {processor.py:830} INFO - Processing file /home/airflow/.local/lib/python3.12/site-packages/airflow/example_dags/example_branch_datetime_operator.py for tasks to queue
[2026-06-23T03:18:28.580+0000] {logging_mixin.py:188} INFO - [2026-06-23T03:18:28.579+0000] {dagbag.py:545} INFO - Filling up the DagBag from /home/airflow/.local/lib/python3.12/site-packages/airflow/example_dags/example_branch_datetime_operator.py
[2026-06-23T03:18:28.595+0000] {processor.py:840} INFO - DAG(s) 'example_branch_datetime_operator', 'example_branch_datetime_operator_2', 'example_branch_datetime_operator_3' retrieved from /home/airflow/.local/lib/python3.12/site-packages/airflow/example_dags/example_branch_datetime_operator.py
[2026-06-23T03:18:28.635+0000] {logging_mixin.py:188} INFO - [2026-06-23T03:18:28.635+0000] {dag.py:3096} INFO - Sync 3 DAGs
[2026-06-23T03:18:28.669+0000] {logging_mixin.py:188} INFO - [2026-06-23T03:18:28.668+0000] {dag.py:3954} INFO - Setting next_dagrun for example_branch_datetime_operator to 2026-06-22 00:00:00+00:00, run_after=2026-06-23 00:00:00+00:00
[2026-06-23T03:18:28.676+0000] {logging_mixin.py:188} INFO - [2026-06-23T03:18:28.676+0000] {dag.py:3954} INFO - Setting next_dagrun for example_branch_datetime_operator_2 to 2026-06-22 00:00:00+00:00, run_after=2026-06-23 00:00:00+00:00
[2026-06-23T03:18:28.682+0000] {logging_mixin.py:188} INFO - [2026-06-23T03:18:28.681+0000] {dag.py:3954} INFO - Setting next_dagrun for example_branch_datetime_operator_3 to 2026-06-22 00:00:00+00:00, run_after=2026-06-23 00:00:00+00:00
[2026-06-23T03:18:28.710+0000] {processor.py:183} INFO - Processing /home/airflow/.local/lib/python3.12/site-packages/airflow/example_dags/example_branch_datetime_operator.py took 0.144 seconds
[2026-06-23T03:18:59.139+0000] {processor.py:161} INFO - Started process (PID=7838) to work on /home/airflow/.local/lib/python3.12/site-packages/airflow/example_dags/example_branch_datetime_operator.py
[2026-06-23T03:18:59.141+0000] {processor.py:830} INFO - Processing file /home/airflow/.local/lib/python3.12/site-packages/airflow/example_dags/example_branch_datetime_operator.py for tasks to queue
[2026-06-23T03:18:59.143+0000] {logging_mixin.py:188} INFO - [2026-06-23T03:18:59.143+0000] {dagbag.py:545} INFO - Filling up the DagBag from /home/airflow/.local/lib/python3.12/site-packages/airflow/example_dags/example_branch_datetime_operator.py
[2026-06-23T03:18:59.157+0000] {processor.py:840} INFO - DAG(s) 'example_branch_datetime_operator_2', 'example_branch_datetime_operator_3', 'example_branch_datetime_operator' retrieved from /home/airflow/.local/lib/python3.12/site-packages/airflow/example_dags/example_branch_datetime_operator.py
[2026-06-23T03:18:59.198+0000] {logging_mixin.py:188} INFO - [2026-06-23T03:18:59.198+0000] {dag.py:3096} INFO - Sync 3 DAGs
[2026-06-23T03:18:59.228+0000] {logging_mixin.py:188} INFO - [2026-06-23T03:18:59.228+0000] {dag.py:3954} INFO - Setting next_dagrun for example_branch_datetime_operator to 2026-06-22 00:00:00+00:00, run_after=2026-06-23 00:00:00+00:00
[2026-06-23T03:18:59.237+0000] {logging_mixin.py:188} INFO - [2026-06-23T03:18:59.236+0000] {dag.py:3954} INFO - Setting next_dagrun for example_branch_datetime_operator_2 to 2026-06-22 00:00:00+00:00, run_after=2026-06-23 00:00:00+00:00
[2026-06-23T03:18:59.241+0000] {logging_mixin.py:188} INFO - [2026-06-23T03:18:59.240+0000] {dag.py:3954} INFO - Setting next_dagrun for example_branch_datetime_operator_3 to 2026-06-22 00:00:00+00:00, run_after=2026-06-23 00:00:00+00:00
[2026-06-23T03:18:59.269+0000] {processor.py:183} INFO - Processing /home/airflow/.local/lib/python3.12/site-packages/airflow/example_dags/example_branch_datetime_operator.py took 0.138 seconds
