[2026-06-13T10:42:23.949+0000] {processor.py:161} INFO - Started process (PID=118) to work on /home/airflow/.local/lib/python3.12/site-packages/airflow/example_dags/plugins/event_listener.py
[2026-06-13T10:42:23.951+0000] {processor.py:830} INFO - Processing file /home/airflow/.local/lib/python3.12/site-packages/airflow/example_dags/plugins/event_listener.py for tasks to queue
[2026-06-13T10:42:23.954+0000] {logging_mixin.py:188} INFO - [2026-06-13T10:42:23.954+0000] {dagbag.py:545} INFO - Filling up the DagBag from /home/airflow/.local/lib/python3.12/site-packages/airflow/example_dags/plugins/event_listener.py
[2026-06-13T10:42:23.959+0000] {processor.py:842} WARNING - No viable dags retrieved from /home/airflow/.local/lib/python3.12/site-packages/airflow/example_dags/plugins/event_listener.py
[2026-06-13T10:42:23.980+0000] {processor.py:183} INFO - Processing /home/airflow/.local/lib/python3.12/site-packages/airflow/example_dags/plugins/event_listener.py took 0.038 seconds
[2026-06-13T10:42:54.434+0000] {processor.py:161} INFO - Started process (PID=174) to work on /home/airflow/.local/lib/python3.12/site-packages/airflow/example_dags/plugins/event_listener.py
[2026-06-13T10:42:54.435+0000] {processor.py:830} INFO - Processing file /home/airflow/.local/lib/python3.12/site-packages/airflow/example_dags/plugins/event_listener.py for tasks to queue
[2026-06-13T10:42:54.439+0000] {logging_mixin.py:188} INFO - [2026-06-13T10:42:54.438+0000] {dagbag.py:545} INFO - Filling up the DagBag from /home/airflow/.local/lib/python3.12/site-packages/airflow/example_dags/plugins/event_listener.py
[2026-06-13T10:42:54.442+0000] {processor.py:842} WARNING - No viable dags retrieved from /home/airflow/.local/lib/python3.12/site-packages/airflow/example_dags/plugins/event_listener.py
[2026-06-13T10:42:54.460+0000] {processor.py:183} INFO - Processing /home/airflow/.local/lib/python3.12/site-packages/airflow/example_dags/plugins/event_listener.py took 0.032 seconds
[2026-06-13T10:43:24.785+0000] {processor.py:161} INFO - Started process (PID=232) to work on /home/airflow/.local/lib/python3.12/site-packages/airflow/example_dags/plugins/event_listener.py
[2026-06-13T10:43:24.787+0000] {processor.py:830} INFO - Processing file /home/airflow/.local/lib/python3.12/site-packages/airflow/example_dags/plugins/event_listener.py for tasks to queue
[2026-06-13T10:43:24.789+0000] {logging_mixin.py:188} INFO - [2026-06-13T10:43:24.789+0000] {dagbag.py:545} INFO - Filling up the DagBag from /home/airflow/.local/lib/python3.12/site-packages/airflow/example_dags/plugins/event_listener.py
[2026-06-13T10:43:24.792+0000] {processor.py:842} WARNING - No viable dags retrieved from /home/airflow/.local/lib/python3.12/site-packages/airflow/example_dags/plugins/event_listener.py
[2026-06-13T10:43:24.811+0000] {processor.py:183} INFO - Processing /home/airflow/.local/lib/python3.12/site-packages/airflow/example_dags/plugins/event_listener.py took 0.031 seconds
[2026-06-13T10:43:55.131+0000] {processor.py:161} INFO - Started process (PID=290) to work on /home/airflow/.local/lib/python3.12/site-packages/airflow/example_dags/plugins/event_listener.py
[2026-06-13T10:43:55.133+0000] {processor.py:830} INFO - Processing file /home/airflow/.local/lib/python3.12/site-packages/airflow/example_dags/plugins/event_listener.py for tasks to queue
[2026-06-13T10:43:55.136+0000] {logging_mixin.py:188} INFO - [2026-06-13T10:43:55.135+0000] {dagbag.py:545} INFO - Filling up the DagBag from /home/airflow/.local/lib/python3.12/site-packages/airflow/example_dags/plugins/event_listener.py
[2026-06-13T10:43:55.140+0000] {processor.py:842} WARNING - No viable dags retrieved from /home/airflow/.local/lib/python3.12/site-packages/airflow/example_dags/plugins/event_listener.py
[2026-06-13T10:43:55.160+0000] {processor.py:183} INFO - Processing /home/airflow/.local/lib/python3.12/site-packages/airflow/example_dags/plugins/event_listener.py took 0.035 seconds
[2026-06-13T10:44:25.746+0000] {processor.py:161} INFO - Started process (PID=348) to work on /home/airflow/.local/lib/python3.12/site-packages/airflow/example_dags/plugins/event_listener.py
[2026-06-13T10:44:25.753+0000] {processor.py:830} INFO - Processing file /home/airflow/.local/lib/python3.12/site-packages/airflow/example_dags/plugins/event_listener.py for tasks to queue
[2026-06-13T10:44:25.758+0000] {logging_mixin.py:188} INFO - [2026-06-13T10:44:25.757+0000] {dagbag.py:545} INFO - Filling up the DagBag from /home/airflow/.local/lib/python3.12/site-packages/airflow/example_dags/plugins/event_listener.py
[2026-06-13T10:44:25.766+0000] {processor.py:842} WARNING - No viable dags retrieved from /home/airflow/.local/lib/python3.12/site-packages/airflow/example_dags/plugins/event_listener.py
[2026-06-13T10:44:25.809+0000] {processor.py:183} INFO - Processing /home/airflow/.local/lib/python3.12/site-packages/airflow/example_dags/plugins/event_listener.py took 0.078 seconds
[2026-06-13T10:44:56.108+0000] {processor.py:161} INFO - Started process (PID=406) to work on /home/airflow/.local/lib/python3.12/site-packages/airflow/example_dags/plugins/event_listener.py
[2026-06-13T10:44:56.109+0000] {processor.py:830} INFO - Processing file /home/airflow/.local/lib/python3.12/site-packages/airflow/example_dags/plugins/event_listener.py for tasks to queue
[2026-06-13T10:44:56.111+0000] {logging_mixin.py:188} INFO - [2026-06-13T10:44:56.111+0000] {dagbag.py:545} INFO - Filling up the DagBag from /home/airflow/.local/lib/python3.12/site-packages/airflow/example_dags/plugins/event_listener.py
[2026-06-13T10:44:56.114+0000] {processor.py:842} WARNING - No viable dags retrieved from /home/airflow/.local/lib/python3.12/site-packages/airflow/example_dags/plugins/event_listener.py
[2026-06-13T10:44:56.132+0000] {processor.py:183} INFO - Processing /home/airflow/.local/lib/python3.12/site-packages/airflow/example_dags/plugins/event_listener.py took 0.032 seconds
[2026-06-13T10:45:26.585+0000] {processor.py:161} INFO - Started process (PID=464) to work on /home/airflow/.local/lib/python3.12/site-packages/airflow/example_dags/plugins/event_listener.py
[2026-06-13T10:45:26.587+0000] {processor.py:830} INFO - Processing file /home/airflow/.local/lib/python3.12/site-packages/airflow/example_dags/plugins/event_listener.py for tasks to queue
[2026-06-13T10:45:26.590+0000] {logging_mixin.py:188} INFO - [2026-06-13T10:45:26.589+0000] {dagbag.py:545} INFO - Filling up the DagBag from /home/airflow/.local/lib/python3.12/site-packages/airflow/example_dags/plugins/event_listener.py
[2026-06-13T10:45:26.594+0000] {processor.py:842} WARNING - No viable dags retrieved from /home/airflow/.local/lib/python3.12/site-packages/airflow/example_dags/plugins/event_listener.py
[2026-06-13T10:45:26.614+0000] {processor.py:183} INFO - Processing /home/airflow/.local/lib/python3.12/site-packages/airflow/example_dags/plugins/event_listener.py took 0.036 seconds
[2026-06-13T10:45:57.407+0000] {processor.py:161} INFO - Started process (PID=522) to work on /home/airflow/.local/lib/python3.12/site-packages/airflow/example_dags/plugins/event_listener.py
[2026-06-13T10:45:57.409+0000] {processor.py:830} INFO - Processing file /home/airflow/.local/lib/python3.12/site-packages/airflow/example_dags/plugins/event_listener.py for tasks to queue
[2026-06-13T10:45:57.412+0000] {logging_mixin.py:188} INFO - [2026-06-13T10:45:57.411+0000] {dagbag.py:545} INFO - Filling up the DagBag from /home/airflow/.local/lib/python3.12/site-packages/airflow/example_dags/plugins/event_listener.py
[2026-06-13T10:45:57.417+0000] {processor.py:842} WARNING - No viable dags retrieved from /home/airflow/.local/lib/python3.12/site-packages/airflow/example_dags/plugins/event_listener.py
[2026-06-13T10:45:57.436+0000] {processor.py:183} INFO - Processing /home/airflow/.local/lib/python3.12/site-packages/airflow/example_dags/plugins/event_listener.py took 0.036 seconds
[2026-06-13T10:46:27.804+0000] {processor.py:161} INFO - Started process (PID=580) to work on /home/airflow/.local/lib/python3.12/site-packages/airflow/example_dags/plugins/event_listener.py
[2026-06-13T10:46:27.806+0000] {processor.py:830} INFO - Processing file /home/airflow/.local/lib/python3.12/site-packages/airflow/example_dags/plugins/event_listener.py for tasks to queue
[2026-06-13T10:46:27.808+0000] {logging_mixin.py:188} INFO - [2026-06-13T10:46:27.808+0000] {dagbag.py:545} INFO - Filling up the DagBag from /home/airflow/.local/lib/python3.12/site-packages/airflow/example_dags/plugins/event_listener.py
[2026-06-13T10:46:27.812+0000] {processor.py:842} WARNING - No viable dags retrieved from /home/airflow/.local/lib/python3.12/site-packages/airflow/example_dags/plugins/event_listener.py
[2026-06-13T10:46:27.832+0000] {processor.py:183} INFO - Processing /home/airflow/.local/lib/python3.12/site-packages/airflow/example_dags/plugins/event_listener.py took 0.034 seconds
[2026-06-13T10:46:58.006+0000] {processor.py:161} INFO - Started process (PID=638) to work on /home/airflow/.local/lib/python3.12/site-packages/airflow/example_dags/plugins/event_listener.py
[2026-06-13T10:46:58.007+0000] {processor.py:830} INFO - Processing file /home/airflow/.local/lib/python3.12/site-packages/airflow/example_dags/plugins/event_listener.py for tasks to queue
[2026-06-13T10:46:58.010+0000] {logging_mixin.py:188} INFO - [2026-06-13T10:46:58.010+0000] {dagbag.py:545} INFO - Filling up the DagBag from /home/airflow/.local/lib/python3.12/site-packages/airflow/example_dags/plugins/event_listener.py
[2026-06-13T10:46:58.013+0000] {processor.py:842} WARNING - No viable dags retrieved from /home/airflow/.local/lib/python3.12/site-packages/airflow/example_dags/plugins/event_listener.py
[2026-06-13T10:46:58.032+0000] {processor.py:183} INFO - Processing /home/airflow/.local/lib/python3.12/site-packages/airflow/example_dags/plugins/event_listener.py took 0.032 seconds
[2026-06-13T10:47:28.194+0000] {processor.py:161} INFO - Started process (PID=696) to work on /home/airflow/.local/lib/python3.12/site-packages/airflow/example_dags/plugins/event_listener.py
[2026-06-13T10:47:28.196+0000] {processor.py:830} INFO - Processing file /home/airflow/.local/lib/python3.12/site-packages/airflow/example_dags/plugins/event_listener.py for tasks to queue
[2026-06-13T10:47:28.199+0000] {logging_mixin.py:188} INFO - [2026-06-13T10:47:28.199+0000] {dagbag.py:545} INFO - Filling up the DagBag from /home/airflow/.local/lib/python3.12/site-packages/airflow/example_dags/plugins/event_listener.py
[2026-06-13T10:47:28.202+0000] {processor.py:842} WARNING - No viable dags retrieved from /home/airflow/.local/lib/python3.12/site-packages/airflow/example_dags/plugins/event_listener.py
[2026-06-13T10:47:28.221+0000] {processor.py:183} INFO - Processing /home/airflow/.local/lib/python3.12/site-packages/airflow/example_dags/plugins/event_listener.py took 0.033 seconds
[2026-06-13T10:47:58.533+0000] {processor.py:161} INFO - Started process (PID=754) to work on /home/airflow/.local/lib/python3.12/site-packages/airflow/example_dags/plugins/event_listener.py
[2026-06-13T10:47:58.535+0000] {processor.py:830} INFO - Processing file /home/airflow/.local/lib/python3.12/site-packages/airflow/example_dags/plugins/event_listener.py for tasks to queue
[2026-06-13T10:47:58.537+0000] {logging_mixin.py:188} INFO - [2026-06-13T10:47:58.537+0000] {dagbag.py:545} INFO - Filling up the DagBag from /home/airflow/.local/lib/python3.12/site-packages/airflow/example_dags/plugins/event_listener.py
[2026-06-13T10:47:58.540+0000] {processor.py:842} WARNING - No viable dags retrieved from /home/airflow/.local/lib/python3.12/site-packages/airflow/example_dags/plugins/event_listener.py
[2026-06-13T10:47:58.558+0000] {processor.py:183} INFO - Processing /home/airflow/.local/lib/python3.12/site-packages/airflow/example_dags/plugins/event_listener.py took 0.030 seconds
[2026-06-13T10:48:28.689+0000] {processor.py:161} INFO - Started process (PID=812) to work on /home/airflow/.local/lib/python3.12/site-packages/airflow/example_dags/plugins/event_listener.py
[2026-06-13T10:48:28.691+0000] {processor.py:830} INFO - Processing file /home/airflow/.local/lib/python3.12/site-packages/airflow/example_dags/plugins/event_listener.py for tasks to queue
[2026-06-13T10:48:28.695+0000] {logging_mixin.py:188} INFO - [2026-06-13T10:48:28.694+0000] {dagbag.py:545} INFO - Filling up the DagBag from /home/airflow/.local/lib/python3.12/site-packages/airflow/example_dags/plugins/event_listener.py
[2026-06-13T10:48:28.698+0000] {processor.py:842} WARNING - No viable dags retrieved from /home/airflow/.local/lib/python3.12/site-packages/airflow/example_dags/plugins/event_listener.py
[2026-06-13T10:48:28.717+0000] {processor.py:183} INFO - Processing /home/airflow/.local/lib/python3.12/site-packages/airflow/example_dags/plugins/event_listener.py took 0.034 seconds
[2026-06-13T10:48:58.853+0000] {processor.py:161} INFO - Started process (PID=870) to work on /home/airflow/.local/lib/python3.12/site-packages/airflow/example_dags/plugins/event_listener.py
[2026-06-13T10:48:58.855+0000] {processor.py:830} INFO - Processing file /home/airflow/.local/lib/python3.12/site-packages/airflow/example_dags/plugins/event_listener.py for tasks to queue
[2026-06-13T10:48:58.858+0000] {logging_mixin.py:188} INFO - [2026-06-13T10:48:58.857+0000] {dagbag.py:545} INFO - Filling up the DagBag from /home/airflow/.local/lib/python3.12/site-packages/airflow/example_dags/plugins/event_listener.py
[2026-06-13T10:48:58.861+0000] {processor.py:842} WARNING - No viable dags retrieved from /home/airflow/.local/lib/python3.12/site-packages/airflow/example_dags/plugins/event_listener.py
[2026-06-13T10:48:58.880+0000] {processor.py:183} INFO - Processing /home/airflow/.local/lib/python3.12/site-packages/airflow/example_dags/plugins/event_listener.py took 0.033 seconds
[2026-06-13T10:49:29.838+0000] {processor.py:161} INFO - Started process (PID=928) to work on /home/airflow/.local/lib/python3.12/site-packages/airflow/example_dags/plugins/event_listener.py
[2026-06-13T10:49:29.840+0000] {processor.py:830} INFO - Processing file /home/airflow/.local/lib/python3.12/site-packages/airflow/example_dags/plugins/event_listener.py for tasks to queue
[2026-06-13T10:49:29.844+0000] {logging_mixin.py:188} INFO - [2026-06-13T10:49:29.843+0000] {dagbag.py:545} INFO - Filling up the DagBag from /home/airflow/.local/lib/python3.12/site-packages/airflow/example_dags/plugins/event_listener.py
[2026-06-13T10:49:29.847+0000] {processor.py:842} WARNING - No viable dags retrieved from /home/airflow/.local/lib/python3.12/site-packages/airflow/example_dags/plugins/event_listener.py
[2026-06-13T10:49:29.866+0000] {processor.py:183} INFO - Processing /home/airflow/.local/lib/python3.12/site-packages/airflow/example_dags/plugins/event_listener.py took 0.035 seconds
[2026-06-13T10:50:00.160+0000] {processor.py:161} INFO - Started process (PID=987) to work on /home/airflow/.local/lib/python3.12/site-packages/airflow/example_dags/plugins/event_listener.py
[2026-06-13T10:50:00.162+0000] {processor.py:830} INFO - Processing file /home/airflow/.local/lib/python3.12/site-packages/airflow/example_dags/plugins/event_listener.py for tasks to queue
[2026-06-13T10:50:00.165+0000] {logging_mixin.py:188} INFO - [2026-06-13T10:50:00.164+0000] {dagbag.py:545} INFO - Filling up the DagBag from /home/airflow/.local/lib/python3.12/site-packages/airflow/example_dags/plugins/event_listener.py
[2026-06-13T10:50:00.168+0000] {processor.py:842} WARNING - No viable dags retrieved from /home/airflow/.local/lib/python3.12/site-packages/airflow/example_dags/plugins/event_listener.py
[2026-06-13T10:50:00.187+0000] {processor.py:183} INFO - Processing /home/airflow/.local/lib/python3.12/site-packages/airflow/example_dags/plugins/event_listener.py took 0.036 seconds
[2026-06-13T10:50:30.482+0000] {processor.py:161} INFO - Started process (PID=1045) to work on /home/airflow/.local/lib/python3.12/site-packages/airflow/example_dags/plugins/event_listener.py
[2026-06-13T10:50:30.484+0000] {processor.py:830} INFO - Processing file /home/airflow/.local/lib/python3.12/site-packages/airflow/example_dags/plugins/event_listener.py for tasks to queue
[2026-06-13T10:50:30.487+0000] {logging_mixin.py:188} INFO - [2026-06-13T10:50:30.486+0000] {dagbag.py:545} INFO - Filling up the DagBag from /home/airflow/.local/lib/python3.12/site-packages/airflow/example_dags/plugins/event_listener.py
[2026-06-13T10:50:30.490+0000] {processor.py:842} WARNING - No viable dags retrieved from /home/airflow/.local/lib/python3.12/site-packages/airflow/example_dags/plugins/event_listener.py
[2026-06-13T10:50:30.508+0000] {processor.py:183} INFO - Processing /home/airflow/.local/lib/python3.12/site-packages/airflow/example_dags/plugins/event_listener.py took 0.032 seconds
[2026-06-13T10:51:00.807+0000] {processor.py:161} INFO - Started process (PID=1103) to work on /home/airflow/.local/lib/python3.12/site-packages/airflow/example_dags/plugins/event_listener.py
[2026-06-13T10:51:00.808+0000] {processor.py:830} INFO - Processing file /home/airflow/.local/lib/python3.12/site-packages/airflow/example_dags/plugins/event_listener.py for tasks to queue
[2026-06-13T10:51:00.811+0000] {logging_mixin.py:188} INFO - [2026-06-13T10:51:00.811+0000] {dagbag.py:545} INFO - Filling up the DagBag from /home/airflow/.local/lib/python3.12/site-packages/airflow/example_dags/plugins/event_listener.py
[2026-06-13T10:51:00.814+0000] {processor.py:842} WARNING - No viable dags retrieved from /home/airflow/.local/lib/python3.12/site-packages/airflow/example_dags/plugins/event_listener.py
[2026-06-13T10:51:00.833+0000] {processor.py:183} INFO - Processing /home/airflow/.local/lib/python3.12/site-packages/airflow/example_dags/plugins/event_listener.py took 0.032 seconds
[2026-06-13T10:51:31.569+0000] {processor.py:161} INFO - Started process (PID=1161) to work on /home/airflow/.local/lib/python3.12/site-packages/airflow/example_dags/plugins/event_listener.py
[2026-06-13T10:51:31.571+0000] {processor.py:830} INFO - Processing file /home/airflow/.local/lib/python3.12/site-packages/airflow/example_dags/plugins/event_listener.py for tasks to queue
[2026-06-13T10:51:31.574+0000] {logging_mixin.py:188} INFO - [2026-06-13T10:51:31.573+0000] {dagbag.py:545} INFO - Filling up the DagBag from /home/airflow/.local/lib/python3.12/site-packages/airflow/example_dags/plugins/event_listener.py
[2026-06-13T10:51:31.577+0000] {processor.py:842} WARNING - No viable dags retrieved from /home/airflow/.local/lib/python3.12/site-packages/airflow/example_dags/plugins/event_listener.py
[2026-06-13T10:51:31.595+0000] {processor.py:183} INFO - Processing /home/airflow/.local/lib/python3.12/site-packages/airflow/example_dags/plugins/event_listener.py took 0.033 seconds
[2026-06-13T10:52:02.723+0000] {processor.py:161} INFO - Started process (PID=1219) to work on /home/airflow/.local/lib/python3.12/site-packages/airflow/example_dags/plugins/event_listener.py
[2026-06-13T10:52:02.724+0000] {processor.py:830} INFO - Processing file /home/airflow/.local/lib/python3.12/site-packages/airflow/example_dags/plugins/event_listener.py for tasks to queue
[2026-06-13T10:52:02.727+0000] {logging_mixin.py:188} INFO - [2026-06-13T10:52:02.727+0000] {dagbag.py:545} INFO - Filling up the DagBag from /home/airflow/.local/lib/python3.12/site-packages/airflow/example_dags/plugins/event_listener.py
[2026-06-13T10:52:02.730+0000] {processor.py:842} WARNING - No viable dags retrieved from /home/airflow/.local/lib/python3.12/site-packages/airflow/example_dags/plugins/event_listener.py
[2026-06-13T10:52:02.746+0000] {processor.py:183} INFO - Processing /home/airflow/.local/lib/python3.12/site-packages/airflow/example_dags/plugins/event_listener.py took 0.032 seconds
[2026-06-13T10:52:33.001+0000] {processor.py:161} INFO - Started process (PID=1277) to work on /home/airflow/.local/lib/python3.12/site-packages/airflow/example_dags/plugins/event_listener.py
[2026-06-13T10:52:33.003+0000] {processor.py:830} INFO - Processing file /home/airflow/.local/lib/python3.12/site-packages/airflow/example_dags/plugins/event_listener.py for tasks to queue
[2026-06-13T10:52:33.006+0000] {logging_mixin.py:188} INFO - [2026-06-13T10:52:33.005+0000] {dagbag.py:545} INFO - Filling up the DagBag from /home/airflow/.local/lib/python3.12/site-packages/airflow/example_dags/plugins/event_listener.py
[2026-06-13T10:52:33.009+0000] {processor.py:842} WARNING - No viable dags retrieved from /home/airflow/.local/lib/python3.12/site-packages/airflow/example_dags/plugins/event_listener.py
[2026-06-13T10:52:33.030+0000] {processor.py:183} INFO - Processing /home/airflow/.local/lib/python3.12/site-packages/airflow/example_dags/plugins/event_listener.py took 0.036 seconds
[2026-06-13T10:53:03.505+0000] {processor.py:161} INFO - Started process (PID=1335) to work on /home/airflow/.local/lib/python3.12/site-packages/airflow/example_dags/plugins/event_listener.py
[2026-06-13T10:53:03.506+0000] {processor.py:830} INFO - Processing file /home/airflow/.local/lib/python3.12/site-packages/airflow/example_dags/plugins/event_listener.py for tasks to queue
[2026-06-13T10:53:03.509+0000] {logging_mixin.py:188} INFO - [2026-06-13T10:53:03.508+0000] {dagbag.py:545} INFO - Filling up the DagBag from /home/airflow/.local/lib/python3.12/site-packages/airflow/example_dags/plugins/event_listener.py
[2026-06-13T10:53:03.511+0000] {processor.py:842} WARNING - No viable dags retrieved from /home/airflow/.local/lib/python3.12/site-packages/airflow/example_dags/plugins/event_listener.py
[2026-06-13T10:53:03.527+0000] {processor.py:183} INFO - Processing /home/airflow/.local/lib/python3.12/site-packages/airflow/example_dags/plugins/event_listener.py took 0.032 seconds
[2026-06-13T10:53:34.499+0000] {processor.py:161} INFO - Started process (PID=1394) to work on /home/airflow/.local/lib/python3.12/site-packages/airflow/example_dags/plugins/event_listener.py
[2026-06-13T10:53:34.501+0000] {processor.py:830} INFO - Processing file /home/airflow/.local/lib/python3.12/site-packages/airflow/example_dags/plugins/event_listener.py for tasks to queue
[2026-06-13T10:53:34.503+0000] {logging_mixin.py:188} INFO - [2026-06-13T10:53:34.503+0000] {dagbag.py:545} INFO - Filling up the DagBag from /home/airflow/.local/lib/python3.12/site-packages/airflow/example_dags/plugins/event_listener.py
[2026-06-13T10:53:34.506+0000] {processor.py:842} WARNING - No viable dags retrieved from /home/airflow/.local/lib/python3.12/site-packages/airflow/example_dags/plugins/event_listener.py
[2026-06-13T10:53:34.527+0000] {processor.py:183} INFO - Processing /home/airflow/.local/lib/python3.12/site-packages/airflow/example_dags/plugins/event_listener.py took 0.035 seconds
[2026-06-13T10:54:05.323+0000] {processor.py:161} INFO - Started process (PID=1452) to work on /home/airflow/.local/lib/python3.12/site-packages/airflow/example_dags/plugins/event_listener.py
[2026-06-13T10:54:05.324+0000] {processor.py:830} INFO - Processing file /home/airflow/.local/lib/python3.12/site-packages/airflow/example_dags/plugins/event_listener.py for tasks to queue
[2026-06-13T10:54:05.327+0000] {logging_mixin.py:188} INFO - [2026-06-13T10:54:05.326+0000] {dagbag.py:545} INFO - Filling up the DagBag from /home/airflow/.local/lib/python3.12/site-packages/airflow/example_dags/plugins/event_listener.py
[2026-06-13T10:54:05.330+0000] {processor.py:842} WARNING - No viable dags retrieved from /home/airflow/.local/lib/python3.12/site-packages/airflow/example_dags/plugins/event_listener.py
[2026-06-13T10:54:05.348+0000] {processor.py:183} INFO - Processing /home/airflow/.local/lib/python3.12/site-packages/airflow/example_dags/plugins/event_listener.py took 0.033 seconds
[2026-06-13T10:54:35.495+0000] {processor.py:161} INFO - Started process (PID=1510) to work on /home/airflow/.local/lib/python3.12/site-packages/airflow/example_dags/plugins/event_listener.py
[2026-06-13T10:54:35.497+0000] {processor.py:830} INFO - Processing file /home/airflow/.local/lib/python3.12/site-packages/airflow/example_dags/plugins/event_listener.py for tasks to queue
[2026-06-13T10:54:35.500+0000] {logging_mixin.py:188} INFO - [2026-06-13T10:54:35.499+0000] {dagbag.py:545} INFO - Filling up the DagBag from /home/airflow/.local/lib/python3.12/site-packages/airflow/example_dags/plugins/event_listener.py
[2026-06-13T10:54:35.503+0000] {processor.py:842} WARNING - No viable dags retrieved from /home/airflow/.local/lib/python3.12/site-packages/airflow/example_dags/plugins/event_listener.py
[2026-06-13T10:54:35.523+0000] {processor.py:183} INFO - Processing /home/airflow/.local/lib/python3.12/site-packages/airflow/example_dags/plugins/event_listener.py took 0.035 seconds
[2026-06-13T10:56:01.207+0000] {processor.py:161} INFO - Started process (PID=119) to work on /home/airflow/.local/lib/python3.12/site-packages/airflow/example_dags/plugins/event_listener.py
[2026-06-13T10:56:01.209+0000] {processor.py:830} INFO - Processing file /home/airflow/.local/lib/python3.12/site-packages/airflow/example_dags/plugins/event_listener.py for tasks to queue
[2026-06-13T10:56:01.212+0000] {logging_mixin.py:188} INFO - [2026-06-13T10:56:01.212+0000] {dagbag.py:545} INFO - Filling up the DagBag from /home/airflow/.local/lib/python3.12/site-packages/airflow/example_dags/plugins/event_listener.py
[2026-06-13T10:56:01.216+0000] {processor.py:842} WARNING - No viable dags retrieved from /home/airflow/.local/lib/python3.12/site-packages/airflow/example_dags/plugins/event_listener.py
[2026-06-13T10:56:01.238+0000] {processor.py:183} INFO - Processing /home/airflow/.local/lib/python3.12/site-packages/airflow/example_dags/plugins/event_listener.py took 0.038 seconds
[2026-06-13T10:56:32.170+0000] {processor.py:161} INFO - Started process (PID=176) to work on /home/airflow/.local/lib/python3.12/site-packages/airflow/example_dags/plugins/event_listener.py
[2026-06-13T10:56:32.171+0000] {processor.py:830} INFO - Processing file /home/airflow/.local/lib/python3.12/site-packages/airflow/example_dags/plugins/event_listener.py for tasks to queue
[2026-06-13T10:56:32.174+0000] {logging_mixin.py:188} INFO - [2026-06-13T10:56:32.174+0000] {dagbag.py:545} INFO - Filling up the DagBag from /home/airflow/.local/lib/python3.12/site-packages/airflow/example_dags/plugins/event_listener.py
[2026-06-13T10:56:32.177+0000] {processor.py:842} WARNING - No viable dags retrieved from /home/airflow/.local/lib/python3.12/site-packages/airflow/example_dags/plugins/event_listener.py
[2026-06-13T10:56:32.196+0000] {processor.py:183} INFO - Processing /home/airflow/.local/lib/python3.12/site-packages/airflow/example_dags/plugins/event_listener.py took 0.032 seconds
[2026-06-13T10:57:02.394+0000] {processor.py:161} INFO - Started process (PID=235) to work on /home/airflow/.local/lib/python3.12/site-packages/airflow/example_dags/plugins/event_listener.py
[2026-06-13T10:57:02.396+0000] {processor.py:830} INFO - Processing file /home/airflow/.local/lib/python3.12/site-packages/airflow/example_dags/plugins/event_listener.py for tasks to queue
[2026-06-13T10:57:02.400+0000] {logging_mixin.py:188} INFO - [2026-06-13T10:57:02.399+0000] {dagbag.py:545} INFO - Filling up the DagBag from /home/airflow/.local/lib/python3.12/site-packages/airflow/example_dags/plugins/event_listener.py
[2026-06-13T10:57:02.403+0000] {processor.py:842} WARNING - No viable dags retrieved from /home/airflow/.local/lib/python3.12/site-packages/airflow/example_dags/plugins/event_listener.py
[2026-06-13T10:57:02.425+0000] {processor.py:183} INFO - Processing /home/airflow/.local/lib/python3.12/site-packages/airflow/example_dags/plugins/event_listener.py took 0.037 seconds
[2026-06-13T10:57:32.767+0000] {processor.py:161} INFO - Started process (PID=295) to work on /home/airflow/.local/lib/python3.12/site-packages/airflow/example_dags/plugins/event_listener.py
[2026-06-13T10:57:32.769+0000] {processor.py:830} INFO - Processing file /home/airflow/.local/lib/python3.12/site-packages/airflow/example_dags/plugins/event_listener.py for tasks to queue
[2026-06-13T10:57:32.772+0000] {logging_mixin.py:188} INFO - [2026-06-13T10:57:32.771+0000] {dagbag.py:545} INFO - Filling up the DagBag from /home/airflow/.local/lib/python3.12/site-packages/airflow/example_dags/plugins/event_listener.py
[2026-06-13T10:57:32.775+0000] {processor.py:842} WARNING - No viable dags retrieved from /home/airflow/.local/lib/python3.12/site-packages/airflow/example_dags/plugins/event_listener.py
[2026-06-13T10:57:32.795+0000] {processor.py:183} INFO - Processing /home/airflow/.local/lib/python3.12/site-packages/airflow/example_dags/plugins/event_listener.py took 0.034 seconds
[2026-06-13T10:58:03.278+0000] {processor.py:161} INFO - Started process (PID=354) to work on /home/airflow/.local/lib/python3.12/site-packages/airflow/example_dags/plugins/event_listener.py
[2026-06-13T10:58:03.280+0000] {processor.py:830} INFO - Processing file /home/airflow/.local/lib/python3.12/site-packages/airflow/example_dags/plugins/event_listener.py for tasks to queue
[2026-06-13T10:58:03.283+0000] {logging_mixin.py:188} INFO - [2026-06-13T10:58:03.282+0000] {dagbag.py:545} INFO - Filling up the DagBag from /home/airflow/.local/lib/python3.12/site-packages/airflow/example_dags/plugins/event_listener.py
[2026-06-13T10:58:03.286+0000] {processor.py:842} WARNING - No viable dags retrieved from /home/airflow/.local/lib/python3.12/site-packages/airflow/example_dags/plugins/event_listener.py
[2026-06-13T10:58:03.307+0000] {processor.py:183} INFO - Processing /home/airflow/.local/lib/python3.12/site-packages/airflow/example_dags/plugins/event_listener.py took 0.035 seconds
[2026-06-13T10:58:33.522+0000] {processor.py:161} INFO - Started process (PID=413) to work on /home/airflow/.local/lib/python3.12/site-packages/airflow/example_dags/plugins/event_listener.py
[2026-06-13T10:58:33.524+0000] {processor.py:830} INFO - Processing file /home/airflow/.local/lib/python3.12/site-packages/airflow/example_dags/plugins/event_listener.py for tasks to queue
[2026-06-13T10:58:33.527+0000] {logging_mixin.py:188} INFO - [2026-06-13T10:58:33.526+0000] {dagbag.py:545} INFO - Filling up the DagBag from /home/airflow/.local/lib/python3.12/site-packages/airflow/example_dags/plugins/event_listener.py
[2026-06-13T10:58:33.530+0000] {processor.py:842} WARNING - No viable dags retrieved from /home/airflow/.local/lib/python3.12/site-packages/airflow/example_dags/plugins/event_listener.py
[2026-06-13T10:58:33.553+0000] {processor.py:183} INFO - Processing /home/airflow/.local/lib/python3.12/site-packages/airflow/example_dags/plugins/event_listener.py took 0.037 seconds
[2026-06-13T10:59:03.815+0000] {processor.py:161} INFO - Started process (PID=472) to work on /home/airflow/.local/lib/python3.12/site-packages/airflow/example_dags/plugins/event_listener.py
[2026-06-13T10:59:03.817+0000] {processor.py:830} INFO - Processing file /home/airflow/.local/lib/python3.12/site-packages/airflow/example_dags/plugins/event_listener.py for tasks to queue
[2026-06-13T10:59:03.820+0000] {logging_mixin.py:188} INFO - [2026-06-13T10:59:03.819+0000] {dagbag.py:545} INFO - Filling up the DagBag from /home/airflow/.local/lib/python3.12/site-packages/airflow/example_dags/plugins/event_listener.py
[2026-06-13T10:59:03.822+0000] {processor.py:842} WARNING - No viable dags retrieved from /home/airflow/.local/lib/python3.12/site-packages/airflow/example_dags/plugins/event_listener.py
[2026-06-13T10:59:03.842+0000] {processor.py:183} INFO - Processing /home/airflow/.local/lib/python3.12/site-packages/airflow/example_dags/plugins/event_listener.py took 0.033 seconds
[2026-06-13T10:59:34.069+0000] {processor.py:161} INFO - Started process (PID=531) to work on /home/airflow/.local/lib/python3.12/site-packages/airflow/example_dags/plugins/event_listener.py
[2026-06-13T10:59:34.071+0000] {processor.py:830} INFO - Processing file /home/airflow/.local/lib/python3.12/site-packages/airflow/example_dags/plugins/event_listener.py for tasks to queue
[2026-06-13T10:59:34.075+0000] {logging_mixin.py:188} INFO - [2026-06-13T10:59:34.074+0000] {dagbag.py:545} INFO - Filling up the DagBag from /home/airflow/.local/lib/python3.12/site-packages/airflow/example_dags/plugins/event_listener.py
[2026-06-13T10:59:34.077+0000] {processor.py:842} WARNING - No viable dags retrieved from /home/airflow/.local/lib/python3.12/site-packages/airflow/example_dags/plugins/event_listener.py
[2026-06-13T10:59:34.096+0000] {processor.py:183} INFO - Processing /home/airflow/.local/lib/python3.12/site-packages/airflow/example_dags/plugins/event_listener.py took 0.033 seconds
[2026-06-13T11:00:04.547+0000] {processor.py:161} INFO - Started process (PID=590) to work on /home/airflow/.local/lib/python3.12/site-packages/airflow/example_dags/plugins/event_listener.py
[2026-06-13T11:00:04.549+0000] {processor.py:830} INFO - Processing file /home/airflow/.local/lib/python3.12/site-packages/airflow/example_dags/plugins/event_listener.py for tasks to queue
[2026-06-13T11:00:04.552+0000] {logging_mixin.py:188} INFO - [2026-06-13T11:00:04.552+0000] {dagbag.py:545} INFO - Filling up the DagBag from /home/airflow/.local/lib/python3.12/site-packages/airflow/example_dags/plugins/event_listener.py
[2026-06-13T11:00:04.555+0000] {processor.py:842} WARNING - No viable dags retrieved from /home/airflow/.local/lib/python3.12/site-packages/airflow/example_dags/plugins/event_listener.py
[2026-06-13T11:00:04.577+0000] {processor.py:183} INFO - Processing /home/airflow/.local/lib/python3.12/site-packages/airflow/example_dags/plugins/event_listener.py took 0.036 seconds
[2026-06-13T11:00:34.762+0000] {processor.py:161} INFO - Started process (PID=649) to work on /home/airflow/.local/lib/python3.12/site-packages/airflow/example_dags/plugins/event_listener.py
[2026-06-13T11:00:34.764+0000] {processor.py:830} INFO - Processing file /home/airflow/.local/lib/python3.12/site-packages/airflow/example_dags/plugins/event_listener.py for tasks to queue
[2026-06-13T11:00:34.768+0000] {logging_mixin.py:188} INFO - [2026-06-13T11:00:34.767+0000] {dagbag.py:545} INFO - Filling up the DagBag from /home/airflow/.local/lib/python3.12/site-packages/airflow/example_dags/plugins/event_listener.py
[2026-06-13T11:00:34.772+0000] {processor.py:842} WARNING - No viable dags retrieved from /home/airflow/.local/lib/python3.12/site-packages/airflow/example_dags/plugins/event_listener.py
[2026-06-13T11:00:34.792+0000] {processor.py:183} INFO - Processing /home/airflow/.local/lib/python3.12/site-packages/airflow/example_dags/plugins/event_listener.py took 0.037 seconds
[2026-06-13T11:01:05.157+0000] {processor.py:161} INFO - Started process (PID=708) to work on /home/airflow/.local/lib/python3.12/site-packages/airflow/example_dags/plugins/event_listener.py
[2026-06-13T11:01:05.159+0000] {processor.py:830} INFO - Processing file /home/airflow/.local/lib/python3.12/site-packages/airflow/example_dags/plugins/event_listener.py for tasks to queue
[2026-06-13T11:01:05.162+0000] {logging_mixin.py:188} INFO - [2026-06-13T11:01:05.161+0000] {dagbag.py:545} INFO - Filling up the DagBag from /home/airflow/.local/lib/python3.12/site-packages/airflow/example_dags/plugins/event_listener.py
[2026-06-13T11:01:05.165+0000] {processor.py:842} WARNING - No viable dags retrieved from /home/airflow/.local/lib/python3.12/site-packages/airflow/example_dags/plugins/event_listener.py
[2026-06-13T11:01:05.185+0000] {processor.py:183} INFO - Processing /home/airflow/.local/lib/python3.12/site-packages/airflow/example_dags/plugins/event_listener.py took 0.034 seconds
[2026-06-13T11:01:35.516+0000] {processor.py:161} INFO - Started process (PID=767) to work on /home/airflow/.local/lib/python3.12/site-packages/airflow/example_dags/plugins/event_listener.py
[2026-06-13T11:01:35.518+0000] {processor.py:830} INFO - Processing file /home/airflow/.local/lib/python3.12/site-packages/airflow/example_dags/plugins/event_listener.py for tasks to queue
[2026-06-13T11:01:35.521+0000] {logging_mixin.py:188} INFO - [2026-06-13T11:01:35.520+0000] {dagbag.py:545} INFO - Filling up the DagBag from /home/airflow/.local/lib/python3.12/site-packages/airflow/example_dags/plugins/event_listener.py
[2026-06-13T11:01:35.523+0000] {processor.py:842} WARNING - No viable dags retrieved from /home/airflow/.local/lib/python3.12/site-packages/airflow/example_dags/plugins/event_listener.py
[2026-06-13T11:01:35.543+0000] {processor.py:183} INFO - Processing /home/airflow/.local/lib/python3.12/site-packages/airflow/example_dags/plugins/event_listener.py took 0.033 seconds
[2026-06-13T11:02:06.205+0000] {processor.py:161} INFO - Started process (PID=826) to work on /home/airflow/.local/lib/python3.12/site-packages/airflow/example_dags/plugins/event_listener.py
[2026-06-13T11:02:06.207+0000] {processor.py:830} INFO - Processing file /home/airflow/.local/lib/python3.12/site-packages/airflow/example_dags/plugins/event_listener.py for tasks to queue
[2026-06-13T11:02:06.210+0000] {logging_mixin.py:188} INFO - [2026-06-13T11:02:06.210+0000] {dagbag.py:545} INFO - Filling up the DagBag from /home/airflow/.local/lib/python3.12/site-packages/airflow/example_dags/plugins/event_listener.py
[2026-06-13T11:02:06.215+0000] {processor.py:842} WARNING - No viable dags retrieved from /home/airflow/.local/lib/python3.12/site-packages/airflow/example_dags/plugins/event_listener.py
[2026-06-13T11:02:06.240+0000] {processor.py:183} INFO - Processing /home/airflow/.local/lib/python3.12/site-packages/airflow/example_dags/plugins/event_listener.py took 0.046 seconds
[2026-06-13T11:02:37.396+0000] {processor.py:161} INFO - Started process (PID=885) to work on /home/airflow/.local/lib/python3.12/site-packages/airflow/example_dags/plugins/event_listener.py
[2026-06-13T11:02:37.398+0000] {processor.py:830} INFO - Processing file /home/airflow/.local/lib/python3.12/site-packages/airflow/example_dags/plugins/event_listener.py for tasks to queue
[2026-06-13T11:02:37.401+0000] {logging_mixin.py:188} INFO - [2026-06-13T11:02:37.400+0000] {dagbag.py:545} INFO - Filling up the DagBag from /home/airflow/.local/lib/python3.12/site-packages/airflow/example_dags/plugins/event_listener.py
[2026-06-13T11:02:37.404+0000] {processor.py:842} WARNING - No viable dags retrieved from /home/airflow/.local/lib/python3.12/site-packages/airflow/example_dags/plugins/event_listener.py
[2026-06-13T11:02:37.426+0000] {processor.py:183} INFO - Processing /home/airflow/.local/lib/python3.12/site-packages/airflow/example_dags/plugins/event_listener.py took 0.037 seconds
[2026-06-13T11:03:07.700+0000] {processor.py:161} INFO - Started process (PID=944) to work on /home/airflow/.local/lib/python3.12/site-packages/airflow/example_dags/plugins/event_listener.py
[2026-06-13T11:03:07.702+0000] {processor.py:830} INFO - Processing file /home/airflow/.local/lib/python3.12/site-packages/airflow/example_dags/plugins/event_listener.py for tasks to queue
[2026-06-13T11:03:07.706+0000] {logging_mixin.py:188} INFO - [2026-06-13T11:03:07.705+0000] {dagbag.py:545} INFO - Filling up the DagBag from /home/airflow/.local/lib/python3.12/site-packages/airflow/example_dags/plugins/event_listener.py
[2026-06-13T11:03:07.710+0000] {processor.py:842} WARNING - No viable dags retrieved from /home/airflow/.local/lib/python3.12/site-packages/airflow/example_dags/plugins/event_listener.py
[2026-06-13T11:03:07.729+0000] {processor.py:183} INFO - Processing /home/airflow/.local/lib/python3.12/site-packages/airflow/example_dags/plugins/event_listener.py took 0.036 seconds
[2026-06-13T11:03:38.127+0000] {processor.py:161} INFO - Started process (PID=1003) to work on /home/airflow/.local/lib/python3.12/site-packages/airflow/example_dags/plugins/event_listener.py
[2026-06-13T11:03:38.128+0000] {processor.py:830} INFO - Processing file /home/airflow/.local/lib/python3.12/site-packages/airflow/example_dags/plugins/event_listener.py for tasks to queue
[2026-06-13T11:03:38.131+0000] {logging_mixin.py:188} INFO - [2026-06-13T11:03:38.131+0000] {dagbag.py:545} INFO - Filling up the DagBag from /home/airflow/.local/lib/python3.12/site-packages/airflow/example_dags/plugins/event_listener.py
[2026-06-13T11:03:38.135+0000] {processor.py:842} WARNING - No viable dags retrieved from /home/airflow/.local/lib/python3.12/site-packages/airflow/example_dags/plugins/event_listener.py
[2026-06-13T11:03:38.154+0000] {processor.py:183} INFO - Processing /home/airflow/.local/lib/python3.12/site-packages/airflow/example_dags/plugins/event_listener.py took 0.034 seconds
[2026-06-13T11:04:08.469+0000] {processor.py:161} INFO - Started process (PID=1062) to work on /home/airflow/.local/lib/python3.12/site-packages/airflow/example_dags/plugins/event_listener.py
[2026-06-13T11:04:08.471+0000] {processor.py:830} INFO - Processing file /home/airflow/.local/lib/python3.12/site-packages/airflow/example_dags/plugins/event_listener.py for tasks to queue
[2026-06-13T11:04:08.475+0000] {logging_mixin.py:188} INFO - [2026-06-13T11:04:08.474+0000] {dagbag.py:545} INFO - Filling up the DagBag from /home/airflow/.local/lib/python3.12/site-packages/airflow/example_dags/plugins/event_listener.py
[2026-06-13T11:04:08.478+0000] {processor.py:842} WARNING - No viable dags retrieved from /home/airflow/.local/lib/python3.12/site-packages/airflow/example_dags/plugins/event_listener.py
[2026-06-13T11:04:08.502+0000] {processor.py:183} INFO - Processing /home/airflow/.local/lib/python3.12/site-packages/airflow/example_dags/plugins/event_listener.py took 0.042 seconds
[2026-06-13T11:04:38.739+0000] {processor.py:161} INFO - Started process (PID=1121) to work on /home/airflow/.local/lib/python3.12/site-packages/airflow/example_dags/plugins/event_listener.py
[2026-06-13T11:04:38.741+0000] {processor.py:830} INFO - Processing file /home/airflow/.local/lib/python3.12/site-packages/airflow/example_dags/plugins/event_listener.py for tasks to queue
[2026-06-13T11:04:38.744+0000] {logging_mixin.py:188} INFO - [2026-06-13T11:04:38.743+0000] {dagbag.py:545} INFO - Filling up the DagBag from /home/airflow/.local/lib/python3.12/site-packages/airflow/example_dags/plugins/event_listener.py
[2026-06-13T11:04:38.747+0000] {processor.py:842} WARNING - No viable dags retrieved from /home/airflow/.local/lib/python3.12/site-packages/airflow/example_dags/plugins/event_listener.py
[2026-06-13T11:04:38.765+0000] {processor.py:183} INFO - Processing /home/airflow/.local/lib/python3.12/site-packages/airflow/example_dags/plugins/event_listener.py took 0.033 seconds
[2026-06-13T11:05:09.554+0000] {processor.py:161} INFO - Started process (PID=1180) to work on /home/airflow/.local/lib/python3.12/site-packages/airflow/example_dags/plugins/event_listener.py
[2026-06-13T11:05:09.556+0000] {processor.py:830} INFO - Processing file /home/airflow/.local/lib/python3.12/site-packages/airflow/example_dags/plugins/event_listener.py for tasks to queue
[2026-06-13T11:05:09.559+0000] {logging_mixin.py:188} INFO - [2026-06-13T11:05:09.558+0000] {dagbag.py:545} INFO - Filling up the DagBag from /home/airflow/.local/lib/python3.12/site-packages/airflow/example_dags/plugins/event_listener.py
[2026-06-13T11:05:09.561+0000] {processor.py:842} WARNING - No viable dags retrieved from /home/airflow/.local/lib/python3.12/site-packages/airflow/example_dags/plugins/event_listener.py
[2026-06-13T11:05:09.582+0000] {processor.py:183} INFO - Processing /home/airflow/.local/lib/python3.12/site-packages/airflow/example_dags/plugins/event_listener.py took 0.035 seconds
[2026-06-13T11:05:39.844+0000] {processor.py:161} INFO - Started process (PID=1240) to work on /home/airflow/.local/lib/python3.12/site-packages/airflow/example_dags/plugins/event_listener.py
[2026-06-13T11:05:39.845+0000] {processor.py:830} INFO - Processing file /home/airflow/.local/lib/python3.12/site-packages/airflow/example_dags/plugins/event_listener.py for tasks to queue
[2026-06-13T11:05:39.849+0000] {logging_mixin.py:188} INFO - [2026-06-13T11:05:39.848+0000] {dagbag.py:545} INFO - Filling up the DagBag from /home/airflow/.local/lib/python3.12/site-packages/airflow/example_dags/plugins/event_listener.py
[2026-06-13T11:05:39.852+0000] {processor.py:842} WARNING - No viable dags retrieved from /home/airflow/.local/lib/python3.12/site-packages/airflow/example_dags/plugins/event_listener.py
[2026-06-13T11:05:39.873+0000] {processor.py:183} INFO - Processing /home/airflow/.local/lib/python3.12/site-packages/airflow/example_dags/plugins/event_listener.py took 0.035 seconds
[2026-06-13T11:06:10.270+0000] {processor.py:161} INFO - Started process (PID=1299) to work on /home/airflow/.local/lib/python3.12/site-packages/airflow/example_dags/plugins/event_listener.py
[2026-06-13T11:06:10.271+0000] {processor.py:830} INFO - Processing file /home/airflow/.local/lib/python3.12/site-packages/airflow/example_dags/plugins/event_listener.py for tasks to queue
[2026-06-13T11:06:10.274+0000] {logging_mixin.py:188} INFO - [2026-06-13T11:06:10.274+0000] {dagbag.py:545} INFO - Filling up the DagBag from /home/airflow/.local/lib/python3.12/site-packages/airflow/example_dags/plugins/event_listener.py
[2026-06-13T11:06:10.277+0000] {processor.py:842} WARNING - No viable dags retrieved from /home/airflow/.local/lib/python3.12/site-packages/airflow/example_dags/plugins/event_listener.py
[2026-06-13T11:06:10.295+0000] {processor.py:183} INFO - Processing /home/airflow/.local/lib/python3.12/site-packages/airflow/example_dags/plugins/event_listener.py took 0.031 seconds
[2026-06-13T11:06:40.429+0000] {processor.py:161} INFO - Started process (PID=1358) to work on /home/airflow/.local/lib/python3.12/site-packages/airflow/example_dags/plugins/event_listener.py
[2026-06-13T11:06:40.431+0000] {processor.py:830} INFO - Processing file /home/airflow/.local/lib/python3.12/site-packages/airflow/example_dags/plugins/event_listener.py for tasks to queue
[2026-06-13T11:06:40.434+0000] {logging_mixin.py:188} INFO - [2026-06-13T11:06:40.433+0000] {dagbag.py:545} INFO - Filling up the DagBag from /home/airflow/.local/lib/python3.12/site-packages/airflow/example_dags/plugins/event_listener.py
[2026-06-13T11:06:40.437+0000] {processor.py:842} WARNING - No viable dags retrieved from /home/airflow/.local/lib/python3.12/site-packages/airflow/example_dags/plugins/event_listener.py
[2026-06-13T11:06:40.456+0000] {processor.py:183} INFO - Processing /home/airflow/.local/lib/python3.12/site-packages/airflow/example_dags/plugins/event_listener.py took 0.033 seconds
[2026-06-13T11:07:10.758+0000] {processor.py:161} INFO - Started process (PID=1417) to work on /home/airflow/.local/lib/python3.12/site-packages/airflow/example_dags/plugins/event_listener.py
[2026-06-13T11:07:10.760+0000] {processor.py:830} INFO - Processing file /home/airflow/.local/lib/python3.12/site-packages/airflow/example_dags/plugins/event_listener.py for tasks to queue
[2026-06-13T11:07:10.762+0000] {logging_mixin.py:188} INFO - [2026-06-13T11:07:10.762+0000] {dagbag.py:545} INFO - Filling up the DagBag from /home/airflow/.local/lib/python3.12/site-packages/airflow/example_dags/plugins/event_listener.py
[2026-06-13T11:07:10.765+0000] {processor.py:842} WARNING - No viable dags retrieved from /home/airflow/.local/lib/python3.12/site-packages/airflow/example_dags/plugins/event_listener.py
[2026-06-13T11:07:10.785+0000] {processor.py:183} INFO - Processing /home/airflow/.local/lib/python3.12/site-packages/airflow/example_dags/plugins/event_listener.py took 0.033 seconds
[2026-06-13T11:07:41.352+0000] {processor.py:161} INFO - Started process (PID=1476) to work on /home/airflow/.local/lib/python3.12/site-packages/airflow/example_dags/plugins/event_listener.py
[2026-06-13T11:07:41.353+0000] {processor.py:830} INFO - Processing file /home/airflow/.local/lib/python3.12/site-packages/airflow/example_dags/plugins/event_listener.py for tasks to queue
[2026-06-13T11:07:41.356+0000] {logging_mixin.py:188} INFO - [2026-06-13T11:07:41.355+0000] {dagbag.py:545} INFO - Filling up the DagBag from /home/airflow/.local/lib/python3.12/site-packages/airflow/example_dags/plugins/event_listener.py
[2026-06-13T11:07:41.360+0000] {processor.py:842} WARNING - No viable dags retrieved from /home/airflow/.local/lib/python3.12/site-packages/airflow/example_dags/plugins/event_listener.py
[2026-06-13T11:07:41.378+0000] {processor.py:183} INFO - Processing /home/airflow/.local/lib/python3.12/site-packages/airflow/example_dags/plugins/event_listener.py took 0.032 seconds
[2026-06-13T11:08:13.062+0000] {processor.py:161} INFO - Started process (PID=1536) to work on /home/airflow/.local/lib/python3.12/site-packages/airflow/example_dags/plugins/event_listener.py
[2026-06-13T11:08:13.064+0000] {processor.py:830} INFO - Processing file /home/airflow/.local/lib/python3.12/site-packages/airflow/example_dags/plugins/event_listener.py for tasks to queue
[2026-06-13T11:08:13.066+0000] {logging_mixin.py:188} INFO - [2026-06-13T11:08:13.066+0000] {dagbag.py:545} INFO - Filling up the DagBag from /home/airflow/.local/lib/python3.12/site-packages/airflow/example_dags/plugins/event_listener.py
[2026-06-13T11:08:13.070+0000] {processor.py:842} WARNING - No viable dags retrieved from /home/airflow/.local/lib/python3.12/site-packages/airflow/example_dags/plugins/event_listener.py
[2026-06-13T11:08:13.089+0000] {processor.py:183} INFO - Processing /home/airflow/.local/lib/python3.12/site-packages/airflow/example_dags/plugins/event_listener.py took 0.033 seconds
[2026-06-13T11:09:25.034+0000] {processor.py:161} INFO - Started process (PID=119) to work on /home/airflow/.local/lib/python3.12/site-packages/airflow/example_dags/plugins/event_listener.py
[2026-06-13T11:09:25.036+0000] {processor.py:830} INFO - Processing file /home/airflow/.local/lib/python3.12/site-packages/airflow/example_dags/plugins/event_listener.py for tasks to queue
[2026-06-13T11:09:25.039+0000] {logging_mixin.py:188} INFO - [2026-06-13T11:09:25.038+0000] {dagbag.py:545} INFO - Filling up the DagBag from /home/airflow/.local/lib/python3.12/site-packages/airflow/example_dags/plugins/event_listener.py
[2026-06-13T11:09:25.042+0000] {processor.py:842} WARNING - No viable dags retrieved from /home/airflow/.local/lib/python3.12/site-packages/airflow/example_dags/plugins/event_listener.py
[2026-06-13T11:09:25.065+0000] {processor.py:183} INFO - Processing /home/airflow/.local/lib/python3.12/site-packages/airflow/example_dags/plugins/event_listener.py took 0.038 seconds
[2026-06-13T11:09:55.205+0000] {processor.py:161} INFO - Started process (PID=177) to work on /home/airflow/.local/lib/python3.12/site-packages/airflow/example_dags/plugins/event_listener.py
[2026-06-13T11:09:55.207+0000] {processor.py:830} INFO - Processing file /home/airflow/.local/lib/python3.12/site-packages/airflow/example_dags/plugins/event_listener.py for tasks to queue
[2026-06-13T11:09:55.211+0000] {logging_mixin.py:188} INFO - [2026-06-13T11:09:55.210+0000] {dagbag.py:545} INFO - Filling up the DagBag from /home/airflow/.local/lib/python3.12/site-packages/airflow/example_dags/plugins/event_listener.py
[2026-06-13T11:09:55.217+0000] {processor.py:842} WARNING - No viable dags retrieved from /home/airflow/.local/lib/python3.12/site-packages/airflow/example_dags/plugins/event_listener.py
[2026-06-13T11:09:55.241+0000] {processor.py:183} INFO - Processing /home/airflow/.local/lib/python3.12/site-packages/airflow/example_dags/plugins/event_listener.py took 0.044 seconds
[2026-06-13T11:10:26.359+0000] {processor.py:161} INFO - Started process (PID=236) to work on /home/airflow/.local/lib/python3.12/site-packages/airflow/example_dags/plugins/event_listener.py
[2026-06-13T11:10:26.361+0000] {processor.py:830} INFO - Processing file /home/airflow/.local/lib/python3.12/site-packages/airflow/example_dags/plugins/event_listener.py for tasks to queue
[2026-06-13T11:10:26.364+0000] {logging_mixin.py:188} INFO - [2026-06-13T11:10:26.364+0000] {dagbag.py:545} INFO - Filling up the DagBag from /home/airflow/.local/lib/python3.12/site-packages/airflow/example_dags/plugins/event_listener.py
[2026-06-13T11:10:26.367+0000] {processor.py:842} WARNING - No viable dags retrieved from /home/airflow/.local/lib/python3.12/site-packages/airflow/example_dags/plugins/event_listener.py
[2026-06-13T11:10:26.388+0000] {processor.py:183} INFO - Processing /home/airflow/.local/lib/python3.12/site-packages/airflow/example_dags/plugins/event_listener.py took 0.035 seconds
[2026-06-13T11:10:56.682+0000] {processor.py:161} INFO - Started process (PID=295) to work on /home/airflow/.local/lib/python3.12/site-packages/airflow/example_dags/plugins/event_listener.py
[2026-06-13T11:10:56.684+0000] {processor.py:830} INFO - Processing file /home/airflow/.local/lib/python3.12/site-packages/airflow/example_dags/plugins/event_listener.py for tasks to queue
[2026-06-13T11:10:56.687+0000] {logging_mixin.py:188} INFO - [2026-06-13T11:10:56.687+0000] {dagbag.py:545} INFO - Filling up the DagBag from /home/airflow/.local/lib/python3.12/site-packages/airflow/example_dags/plugins/event_listener.py
[2026-06-13T11:10:56.692+0000] {processor.py:842} WARNING - No viable dags retrieved from /home/airflow/.local/lib/python3.12/site-packages/airflow/example_dags/plugins/event_listener.py
[2026-06-13T11:10:56.719+0000] {processor.py:183} INFO - Processing /home/airflow/.local/lib/python3.12/site-packages/airflow/example_dags/plugins/event_listener.py took 0.046 seconds
[2026-06-13T11:11:27.120+0000] {processor.py:161} INFO - Started process (PID=354) to work on /home/airflow/.local/lib/python3.12/site-packages/airflow/example_dags/plugins/event_listener.py
[2026-06-13T11:11:27.122+0000] {processor.py:830} INFO - Processing file /home/airflow/.local/lib/python3.12/site-packages/airflow/example_dags/plugins/event_listener.py for tasks to queue
[2026-06-13T11:11:27.124+0000] {logging_mixin.py:188} INFO - [2026-06-13T11:11:27.124+0000] {dagbag.py:545} INFO - Filling up the DagBag from /home/airflow/.local/lib/python3.12/site-packages/airflow/example_dags/plugins/event_listener.py
[2026-06-13T11:11:27.127+0000] {processor.py:842} WARNING - No viable dags retrieved from /home/airflow/.local/lib/python3.12/site-packages/airflow/example_dags/plugins/event_listener.py
[2026-06-13T11:11:27.145+0000] {processor.py:183} INFO - Processing /home/airflow/.local/lib/python3.12/site-packages/airflow/example_dags/plugins/event_listener.py took 0.031 seconds
[2026-06-13T11:11:57.420+0000] {processor.py:161} INFO - Started process (PID=413) to work on /home/airflow/.local/lib/python3.12/site-packages/airflow/example_dags/plugins/event_listener.py
[2026-06-13T11:11:57.422+0000] {processor.py:830} INFO - Processing file /home/airflow/.local/lib/python3.12/site-packages/airflow/example_dags/plugins/event_listener.py for tasks to queue
[2026-06-13T11:11:57.425+0000] {logging_mixin.py:188} INFO - [2026-06-13T11:11:57.424+0000] {dagbag.py:545} INFO - Filling up the DagBag from /home/airflow/.local/lib/python3.12/site-packages/airflow/example_dags/plugins/event_listener.py
[2026-06-13T11:11:57.428+0000] {processor.py:842} WARNING - No viable dags retrieved from /home/airflow/.local/lib/python3.12/site-packages/airflow/example_dags/plugins/event_listener.py
[2026-06-13T11:11:57.447+0000] {processor.py:183} INFO - Processing /home/airflow/.local/lib/python3.12/site-packages/airflow/example_dags/plugins/event_listener.py took 0.034 seconds
[2026-06-13T11:12:27.808+0000] {processor.py:161} INFO - Started process (PID=472) to work on /home/airflow/.local/lib/python3.12/site-packages/airflow/example_dags/plugins/event_listener.py
[2026-06-13T11:12:27.810+0000] {processor.py:830} INFO - Processing file /home/airflow/.local/lib/python3.12/site-packages/airflow/example_dags/plugins/event_listener.py for tasks to queue
[2026-06-13T11:12:27.812+0000] {logging_mixin.py:188} INFO - [2026-06-13T11:12:27.812+0000] {dagbag.py:545} INFO - Filling up the DagBag from /home/airflow/.local/lib/python3.12/site-packages/airflow/example_dags/plugins/event_listener.py
[2026-06-13T11:12:27.815+0000] {processor.py:842} WARNING - No viable dags retrieved from /home/airflow/.local/lib/python3.12/site-packages/airflow/example_dags/plugins/event_listener.py
[2026-06-13T11:12:27.833+0000] {processor.py:183} INFO - Processing /home/airflow/.local/lib/python3.12/site-packages/airflow/example_dags/plugins/event_listener.py took 0.032 seconds
[2026-06-13T11:12:57.994+0000] {processor.py:161} INFO - Started process (PID=531) to work on /home/airflow/.local/lib/python3.12/site-packages/airflow/example_dags/plugins/event_listener.py
[2026-06-13T11:12:57.996+0000] {processor.py:830} INFO - Processing file /home/airflow/.local/lib/python3.12/site-packages/airflow/example_dags/plugins/event_listener.py for tasks to queue
[2026-06-13T11:12:57.999+0000] {logging_mixin.py:188} INFO - [2026-06-13T11:12:57.998+0000] {dagbag.py:545} INFO - Filling up the DagBag from /home/airflow/.local/lib/python3.12/site-packages/airflow/example_dags/plugins/event_listener.py
[2026-06-13T11:12:58.002+0000] {processor.py:842} WARNING - No viable dags retrieved from /home/airflow/.local/lib/python3.12/site-packages/airflow/example_dags/plugins/event_listener.py
[2026-06-13T11:12:58.023+0000] {processor.py:183} INFO - Processing /home/airflow/.local/lib/python3.12/site-packages/airflow/example_dags/plugins/event_listener.py took 0.036 seconds
[2026-06-13T11:13:28.305+0000] {processor.py:161} INFO - Started process (PID=590) to work on /home/airflow/.local/lib/python3.12/site-packages/airflow/example_dags/plugins/event_listener.py
[2026-06-13T11:13:28.307+0000] {processor.py:830} INFO - Processing file /home/airflow/.local/lib/python3.12/site-packages/airflow/example_dags/plugins/event_listener.py for tasks to queue
[2026-06-13T11:13:28.311+0000] {logging_mixin.py:188} INFO - [2026-06-13T11:13:28.310+0000] {dagbag.py:545} INFO - Filling up the DagBag from /home/airflow/.local/lib/python3.12/site-packages/airflow/example_dags/plugins/event_listener.py
[2026-06-13T11:13:28.313+0000] {processor.py:842} WARNING - No viable dags retrieved from /home/airflow/.local/lib/python3.12/site-packages/airflow/example_dags/plugins/event_listener.py
[2026-06-13T11:13:28.335+0000] {processor.py:183} INFO - Processing /home/airflow/.local/lib/python3.12/site-packages/airflow/example_dags/plugins/event_listener.py took 0.036 seconds
[2026-06-13T11:13:58.839+0000] {processor.py:161} INFO - Started process (PID=649) to work on /home/airflow/.local/lib/python3.12/site-packages/airflow/example_dags/plugins/event_listener.py
[2026-06-13T11:13:58.840+0000] {processor.py:830} INFO - Processing file /home/airflow/.local/lib/python3.12/site-packages/airflow/example_dags/plugins/event_listener.py for tasks to queue
[2026-06-13T11:13:58.843+0000] {logging_mixin.py:188} INFO - [2026-06-13T11:13:58.842+0000] {dagbag.py:545} INFO - Filling up the DagBag from /home/airflow/.local/lib/python3.12/site-packages/airflow/example_dags/plugins/event_listener.py
[2026-06-13T11:13:58.846+0000] {processor.py:842} WARNING - No viable dags retrieved from /home/airflow/.local/lib/python3.12/site-packages/airflow/example_dags/plugins/event_listener.py
[2026-06-13T11:13:58.866+0000] {processor.py:183} INFO - Processing /home/airflow/.local/lib/python3.12/site-packages/airflow/example_dags/plugins/event_listener.py took 0.033 seconds
[2026-06-13T11:14:29.389+0000] {processor.py:161} INFO - Started process (PID=708) to work on /home/airflow/.local/lib/python3.12/site-packages/airflow/example_dags/plugins/event_listener.py
[2026-06-13T11:14:29.391+0000] {processor.py:830} INFO - Processing file /home/airflow/.local/lib/python3.12/site-packages/airflow/example_dags/plugins/event_listener.py for tasks to queue
[2026-06-13T11:14:29.394+0000] {logging_mixin.py:188} INFO - [2026-06-13T11:14:29.394+0000] {dagbag.py:545} INFO - Filling up the DagBag from /home/airflow/.local/lib/python3.12/site-packages/airflow/example_dags/plugins/event_listener.py
[2026-06-13T11:14:29.398+0000] {processor.py:842} WARNING - No viable dags retrieved from /home/airflow/.local/lib/python3.12/site-packages/airflow/example_dags/plugins/event_listener.py
[2026-06-13T11:14:29.421+0000] {processor.py:183} INFO - Processing /home/airflow/.local/lib/python3.12/site-packages/airflow/example_dags/plugins/event_listener.py took 0.039 seconds
[2026-06-13T11:14:59.612+0000] {processor.py:161} INFO - Started process (PID=767) to work on /home/airflow/.local/lib/python3.12/site-packages/airflow/example_dags/plugins/event_listener.py
[2026-06-13T11:14:59.614+0000] {processor.py:830} INFO - Processing file /home/airflow/.local/lib/python3.12/site-packages/airflow/example_dags/plugins/event_listener.py for tasks to queue
[2026-06-13T11:14:59.617+0000] {logging_mixin.py:188} INFO - [2026-06-13T11:14:59.616+0000] {dagbag.py:545} INFO - Filling up the DagBag from /home/airflow/.local/lib/python3.12/site-packages/airflow/example_dags/plugins/event_listener.py
[2026-06-13T11:14:59.620+0000] {processor.py:842} WARNING - No viable dags retrieved from /home/airflow/.local/lib/python3.12/site-packages/airflow/example_dags/plugins/event_listener.py
[2026-06-13T11:14:59.639+0000] {processor.py:183} INFO - Processing /home/airflow/.local/lib/python3.12/site-packages/airflow/example_dags/plugins/event_listener.py took 0.033 seconds
[2026-06-13T11:15:30.611+0000] {processor.py:161} INFO - Started process (PID=826) to work on /home/airflow/.local/lib/python3.12/site-packages/airflow/example_dags/plugins/event_listener.py
[2026-06-13T11:15:30.612+0000] {processor.py:830} INFO - Processing file /home/airflow/.local/lib/python3.12/site-packages/airflow/example_dags/plugins/event_listener.py for tasks to queue
[2026-06-13T11:15:30.615+0000] {logging_mixin.py:188} INFO - [2026-06-13T11:15:30.614+0000] {dagbag.py:545} INFO - Filling up the DagBag from /home/airflow/.local/lib/python3.12/site-packages/airflow/example_dags/plugins/event_listener.py
[2026-06-13T11:15:30.618+0000] {processor.py:842} WARNING - No viable dags retrieved from /home/airflow/.local/lib/python3.12/site-packages/airflow/example_dags/plugins/event_listener.py
[2026-06-13T11:15:30.638+0000] {processor.py:183} INFO - Processing /home/airflow/.local/lib/python3.12/site-packages/airflow/example_dags/plugins/event_listener.py took 0.034 seconds
[2026-06-13T11:16:00.838+0000] {processor.py:161} INFO - Started process (PID=885) to work on /home/airflow/.local/lib/python3.12/site-packages/airflow/example_dags/plugins/event_listener.py
[2026-06-13T11:16:00.840+0000] {processor.py:830} INFO - Processing file /home/airflow/.local/lib/python3.12/site-packages/airflow/example_dags/plugins/event_listener.py for tasks to queue
[2026-06-13T11:16:00.843+0000] {logging_mixin.py:188} INFO - [2026-06-13T11:16:00.842+0000] {dagbag.py:545} INFO - Filling up the DagBag from /home/airflow/.local/lib/python3.12/site-packages/airflow/example_dags/plugins/event_listener.py
[2026-06-13T11:16:00.846+0000] {processor.py:842} WARNING - No viable dags retrieved from /home/airflow/.local/lib/python3.12/site-packages/airflow/example_dags/plugins/event_listener.py
[2026-06-13T11:16:00.866+0000] {processor.py:183} INFO - Processing /home/airflow/.local/lib/python3.12/site-packages/airflow/example_dags/plugins/event_listener.py took 0.034 seconds
[2026-06-13T11:16:31.016+0000] {processor.py:161} INFO - Started process (PID=944) to work on /home/airflow/.local/lib/python3.12/site-packages/airflow/example_dags/plugins/event_listener.py
[2026-06-13T11:16:31.018+0000] {processor.py:830} INFO - Processing file /home/airflow/.local/lib/python3.12/site-packages/airflow/example_dags/plugins/event_listener.py for tasks to queue
[2026-06-13T11:16:31.020+0000] {logging_mixin.py:188} INFO - [2026-06-13T11:16:31.020+0000] {dagbag.py:545} INFO - Filling up the DagBag from /home/airflow/.local/lib/python3.12/site-packages/airflow/example_dags/plugins/event_listener.py
[2026-06-13T11:16:31.023+0000] {processor.py:842} WARNING - No viable dags retrieved from /home/airflow/.local/lib/python3.12/site-packages/airflow/example_dags/plugins/event_listener.py
[2026-06-13T11:16:31.043+0000] {processor.py:183} INFO - Processing /home/airflow/.local/lib/python3.12/site-packages/airflow/example_dags/plugins/event_listener.py took 0.033 seconds
[2026-06-13T11:17:01.215+0000] {processor.py:161} INFO - Started process (PID=1004) to work on /home/airflow/.local/lib/python3.12/site-packages/airflow/example_dags/plugins/event_listener.py
[2026-06-13T11:17:01.217+0000] {processor.py:830} INFO - Processing file /home/airflow/.local/lib/python3.12/site-packages/airflow/example_dags/plugins/event_listener.py for tasks to queue
[2026-06-13T11:17:01.219+0000] {logging_mixin.py:188} INFO - [2026-06-13T11:17:01.219+0000] {dagbag.py:545} INFO - Filling up the DagBag from /home/airflow/.local/lib/python3.12/site-packages/airflow/example_dags/plugins/event_listener.py
[2026-06-13T11:17:01.224+0000] {processor.py:842} WARNING - No viable dags retrieved from /home/airflow/.local/lib/python3.12/site-packages/airflow/example_dags/plugins/event_listener.py
[2026-06-13T11:17:01.247+0000] {processor.py:183} INFO - Processing /home/airflow/.local/lib/python3.12/site-packages/airflow/example_dags/plugins/event_listener.py took 0.039 seconds
[2026-06-13T11:17:31.734+0000] {processor.py:161} INFO - Started process (PID=1063) to work on /home/airflow/.local/lib/python3.12/site-packages/airflow/example_dags/plugins/event_listener.py
[2026-06-13T11:17:31.735+0000] {processor.py:830} INFO - Processing file /home/airflow/.local/lib/python3.12/site-packages/airflow/example_dags/plugins/event_listener.py for tasks to queue
[2026-06-13T11:17:31.739+0000] {logging_mixin.py:188} INFO - [2026-06-13T11:17:31.739+0000] {dagbag.py:545} INFO - Filling up the DagBag from /home/airflow/.local/lib/python3.12/site-packages/airflow/example_dags/plugins/event_listener.py
[2026-06-13T11:17:31.743+0000] {processor.py:842} WARNING - No viable dags retrieved from /home/airflow/.local/lib/python3.12/site-packages/airflow/example_dags/plugins/event_listener.py
[2026-06-13T11:17:31.765+0000] {processor.py:183} INFO - Processing /home/airflow/.local/lib/python3.12/site-packages/airflow/example_dags/plugins/event_listener.py took 0.038 seconds
[2026-06-13T11:18:02.779+0000] {processor.py:161} INFO - Started process (PID=1122) to work on /home/airflow/.local/lib/python3.12/site-packages/airflow/example_dags/plugins/event_listener.py
[2026-06-13T11:18:02.781+0000] {processor.py:830} INFO - Processing file /home/airflow/.local/lib/python3.12/site-packages/airflow/example_dags/plugins/event_listener.py for tasks to queue
[2026-06-13T11:18:02.784+0000] {logging_mixin.py:188} INFO - [2026-06-13T11:18:02.784+0000] {dagbag.py:545} INFO - Filling up the DagBag from /home/airflow/.local/lib/python3.12/site-packages/airflow/example_dags/plugins/event_listener.py
[2026-06-13T11:18:02.788+0000] {processor.py:842} WARNING - No viable dags retrieved from /home/airflow/.local/lib/python3.12/site-packages/airflow/example_dags/plugins/event_listener.py
[2026-06-13T11:18:02.811+0000] {processor.py:183} INFO - Processing /home/airflow/.local/lib/python3.12/site-packages/airflow/example_dags/plugins/event_listener.py took 0.038 seconds
[2026-06-13T11:18:33.825+0000] {processor.py:161} INFO - Started process (PID=1181) to work on /home/airflow/.local/lib/python3.12/site-packages/airflow/example_dags/plugins/event_listener.py
[2026-06-13T11:18:33.827+0000] {processor.py:830} INFO - Processing file /home/airflow/.local/lib/python3.12/site-packages/airflow/example_dags/plugins/event_listener.py for tasks to queue
[2026-06-13T11:18:33.830+0000] {logging_mixin.py:188} INFO - [2026-06-13T11:18:33.830+0000] {dagbag.py:545} INFO - Filling up the DagBag from /home/airflow/.local/lib/python3.12/site-packages/airflow/example_dags/plugins/event_listener.py
[2026-06-13T11:18:33.834+0000] {processor.py:842} WARNING - No viable dags retrieved from /home/airflow/.local/lib/python3.12/site-packages/airflow/example_dags/plugins/event_listener.py
[2026-06-13T11:18:33.855+0000] {processor.py:183} INFO - Processing /home/airflow/.local/lib/python3.12/site-packages/airflow/example_dags/plugins/event_listener.py took 0.037 seconds
[2026-06-13T11:48:58.389+0000] {processor.py:161} INFO - Started process (PID=1242) to work on /home/airflow/.local/lib/python3.12/site-packages/airflow/example_dags/plugins/event_listener.py
[2026-06-13T11:48:58.393+0000] {processor.py:830} INFO - Processing file /home/airflow/.local/lib/python3.12/site-packages/airflow/example_dags/plugins/event_listener.py for tasks to queue
[2026-06-13T11:48:58.397+0000] {logging_mixin.py:188} INFO - [2026-06-13T11:48:58.397+0000] {dagbag.py:545} INFO - Filling up the DagBag from /home/airflow/.local/lib/python3.12/site-packages/airflow/example_dags/plugins/event_listener.py
[2026-06-13T11:48:58.402+0000] {processor.py:842} WARNING - No viable dags retrieved from /home/airflow/.local/lib/python3.12/site-packages/airflow/example_dags/plugins/event_listener.py
[2026-06-13T11:48:58.437+0000] {processor.py:183} INFO - Processing /home/airflow/.local/lib/python3.12/site-packages/airflow/example_dags/plugins/event_listener.py took 0.060 seconds
[2026-06-13T11:49:29.399+0000] {processor.py:161} INFO - Started process (PID=1299) to work on /home/airflow/.local/lib/python3.12/site-packages/airflow/example_dags/plugins/event_listener.py
[2026-06-13T11:49:29.400+0000] {processor.py:830} INFO - Processing file /home/airflow/.local/lib/python3.12/site-packages/airflow/example_dags/plugins/event_listener.py for tasks to queue
[2026-06-13T11:49:29.403+0000] {logging_mixin.py:188} INFO - [2026-06-13T11:49:29.403+0000] {dagbag.py:545} INFO - Filling up the DagBag from /home/airflow/.local/lib/python3.12/site-packages/airflow/example_dags/plugins/event_listener.py
[2026-06-13T11:49:29.406+0000] {processor.py:842} WARNING - No viable dags retrieved from /home/airflow/.local/lib/python3.12/site-packages/airflow/example_dags/plugins/event_listener.py
[2026-06-13T11:49:29.427+0000] {processor.py:183} INFO - Processing /home/airflow/.local/lib/python3.12/site-packages/airflow/example_dags/plugins/event_listener.py took 0.034 seconds
[2026-06-13T11:50:00.087+0000] {processor.py:161} INFO - Started process (PID=1358) to work on /home/airflow/.local/lib/python3.12/site-packages/airflow/example_dags/plugins/event_listener.py
[2026-06-13T11:50:00.089+0000] {processor.py:830} INFO - Processing file /home/airflow/.local/lib/python3.12/site-packages/airflow/example_dags/plugins/event_listener.py for tasks to queue
[2026-06-13T11:50:00.092+0000] {logging_mixin.py:188} INFO - [2026-06-13T11:50:00.091+0000] {dagbag.py:545} INFO - Filling up the DagBag from /home/airflow/.local/lib/python3.12/site-packages/airflow/example_dags/plugins/event_listener.py
[2026-06-13T11:50:00.094+0000] {processor.py:842} WARNING - No viable dags retrieved from /home/airflow/.local/lib/python3.12/site-packages/airflow/example_dags/plugins/event_listener.py
[2026-06-13T11:50:00.113+0000] {processor.py:183} INFO - Processing /home/airflow/.local/lib/python3.12/site-packages/airflow/example_dags/plugins/event_listener.py took 0.032 seconds
[2026-06-13T11:50:30.732+0000] {processor.py:161} INFO - Started process (PID=1417) to work on /home/airflow/.local/lib/python3.12/site-packages/airflow/example_dags/plugins/event_listener.py
[2026-06-13T11:50:30.734+0000] {processor.py:830} INFO - Processing file /home/airflow/.local/lib/python3.12/site-packages/airflow/example_dags/plugins/event_listener.py for tasks to queue
[2026-06-13T11:50:30.737+0000] {logging_mixin.py:188} INFO - [2026-06-13T11:50:30.736+0000] {dagbag.py:545} INFO - Filling up the DagBag from /home/airflow/.local/lib/python3.12/site-packages/airflow/example_dags/plugins/event_listener.py
[2026-06-13T11:50:30.740+0000] {processor.py:842} WARNING - No viable dags retrieved from /home/airflow/.local/lib/python3.12/site-packages/airflow/example_dags/plugins/event_listener.py
[2026-06-13T11:50:30.761+0000] {processor.py:183} INFO - Processing /home/airflow/.local/lib/python3.12/site-packages/airflow/example_dags/plugins/event_listener.py took 0.035 seconds
[2026-06-13T11:51:01.441+0000] {processor.py:161} INFO - Started process (PID=1476) to work on /home/airflow/.local/lib/python3.12/site-packages/airflow/example_dags/plugins/event_listener.py
[2026-06-13T11:51:01.442+0000] {processor.py:830} INFO - Processing file /home/airflow/.local/lib/python3.12/site-packages/airflow/example_dags/plugins/event_listener.py for tasks to queue
[2026-06-13T11:51:01.445+0000] {logging_mixin.py:188} INFO - [2026-06-13T11:51:01.444+0000] {dagbag.py:545} INFO - Filling up the DagBag from /home/airflow/.local/lib/python3.12/site-packages/airflow/example_dags/plugins/event_listener.py
[2026-06-13T11:51:01.447+0000] {processor.py:842} WARNING - No viable dags retrieved from /home/airflow/.local/lib/python3.12/site-packages/airflow/example_dags/plugins/event_listener.py
[2026-06-13T11:51:01.467+0000] {processor.py:183} INFO - Processing /home/airflow/.local/lib/python3.12/site-packages/airflow/example_dags/plugins/event_listener.py took 0.033 seconds
[2026-06-13T11:51:32.007+0000] {processor.py:161} INFO - Started process (PID=1535) to work on /home/airflow/.local/lib/python3.12/site-packages/airflow/example_dags/plugins/event_listener.py
[2026-06-13T11:51:32.008+0000] {processor.py:830} INFO - Processing file /home/airflow/.local/lib/python3.12/site-packages/airflow/example_dags/plugins/event_listener.py for tasks to queue
[2026-06-13T11:51:32.011+0000] {logging_mixin.py:188} INFO - [2026-06-13T11:51:32.010+0000] {dagbag.py:545} INFO - Filling up the DagBag from /home/airflow/.local/lib/python3.12/site-packages/airflow/example_dags/plugins/event_listener.py
[2026-06-13T11:51:32.014+0000] {processor.py:842} WARNING - No viable dags retrieved from /home/airflow/.local/lib/python3.12/site-packages/airflow/example_dags/plugins/event_listener.py
[2026-06-13T11:51:32.032+0000] {processor.py:183} INFO - Processing /home/airflow/.local/lib/python3.12/site-packages/airflow/example_dags/plugins/event_listener.py took 0.032 seconds
[2026-06-13T11:52:02.194+0000] {processor.py:161} INFO - Started process (PID=1594) to work on /home/airflow/.local/lib/python3.12/site-packages/airflow/example_dags/plugins/event_listener.py
[2026-06-13T11:52:02.196+0000] {processor.py:830} INFO - Processing file /home/airflow/.local/lib/python3.12/site-packages/airflow/example_dags/plugins/event_listener.py for tasks to queue
[2026-06-13T11:52:02.200+0000] {logging_mixin.py:188} INFO - [2026-06-13T11:52:02.199+0000] {dagbag.py:545} INFO - Filling up the DagBag from /home/airflow/.local/lib/python3.12/site-packages/airflow/example_dags/plugins/event_listener.py
[2026-06-13T11:52:02.204+0000] {processor.py:842} WARNING - No viable dags retrieved from /home/airflow/.local/lib/python3.12/site-packages/airflow/example_dags/plugins/event_listener.py
[2026-06-13T11:52:02.232+0000] {processor.py:183} INFO - Processing /home/airflow/.local/lib/python3.12/site-packages/airflow/example_dags/plugins/event_listener.py took 0.045 seconds
[2026-06-13T11:52:32.358+0000] {processor.py:161} INFO - Started process (PID=1653) to work on /home/airflow/.local/lib/python3.12/site-packages/airflow/example_dags/plugins/event_listener.py
[2026-06-13T11:52:32.360+0000] {processor.py:830} INFO - Processing file /home/airflow/.local/lib/python3.12/site-packages/airflow/example_dags/plugins/event_listener.py for tasks to queue
[2026-06-13T11:52:32.363+0000] {logging_mixin.py:188} INFO - [2026-06-13T11:52:32.363+0000] {dagbag.py:545} INFO - Filling up the DagBag from /home/airflow/.local/lib/python3.12/site-packages/airflow/example_dags/plugins/event_listener.py
[2026-06-13T11:52:32.366+0000] {processor.py:842} WARNING - No viable dags retrieved from /home/airflow/.local/lib/python3.12/site-packages/airflow/example_dags/plugins/event_listener.py
[2026-06-13T11:52:32.387+0000] {processor.py:183} INFO - Processing /home/airflow/.local/lib/python3.12/site-packages/airflow/example_dags/plugins/event_listener.py took 0.035 seconds
[2026-06-13T11:53:03.900+0000] {processor.py:161} INFO - Started process (PID=1712) to work on /home/airflow/.local/lib/python3.12/site-packages/airflow/example_dags/plugins/event_listener.py
[2026-06-13T11:53:03.902+0000] {processor.py:830} INFO - Processing file /home/airflow/.local/lib/python3.12/site-packages/airflow/example_dags/plugins/event_listener.py for tasks to queue
[2026-06-13T11:53:03.905+0000] {logging_mixin.py:188} INFO - [2026-06-13T11:53:03.904+0000] {dagbag.py:545} INFO - Filling up the DagBag from /home/airflow/.local/lib/python3.12/site-packages/airflow/example_dags/plugins/event_listener.py
[2026-06-13T11:53:03.907+0000] {processor.py:842} WARNING - No viable dags retrieved from /home/airflow/.local/lib/python3.12/site-packages/airflow/example_dags/plugins/event_listener.py
[2026-06-13T11:53:03.925+0000] {processor.py:183} INFO - Processing /home/airflow/.local/lib/python3.12/site-packages/airflow/example_dags/plugins/event_listener.py took 0.031 seconds
[2026-06-13T11:53:34.873+0000] {processor.py:161} INFO - Started process (PID=1771) to work on /home/airflow/.local/lib/python3.12/site-packages/airflow/example_dags/plugins/event_listener.py
[2026-06-13T11:53:34.875+0000] {processor.py:830} INFO - Processing file /home/airflow/.local/lib/python3.12/site-packages/airflow/example_dags/plugins/event_listener.py for tasks to queue
[2026-06-13T11:53:34.878+0000] {logging_mixin.py:188} INFO - [2026-06-13T11:53:34.878+0000] {dagbag.py:545} INFO - Filling up the DagBag from /home/airflow/.local/lib/python3.12/site-packages/airflow/example_dags/plugins/event_listener.py
[2026-06-13T11:53:34.881+0000] {processor.py:842} WARNING - No viable dags retrieved from /home/airflow/.local/lib/python3.12/site-packages/airflow/example_dags/plugins/event_listener.py
[2026-06-13T11:53:34.901+0000] {processor.py:183} INFO - Processing /home/airflow/.local/lib/python3.12/site-packages/airflow/example_dags/plugins/event_listener.py took 0.034 seconds
[2026-06-13T11:54:05.116+0000] {processor.py:161} INFO - Started process (PID=1830) to work on /home/airflow/.local/lib/python3.12/site-packages/airflow/example_dags/plugins/event_listener.py
[2026-06-13T11:54:05.118+0000] {processor.py:830} INFO - Processing file /home/airflow/.local/lib/python3.12/site-packages/airflow/example_dags/plugins/event_listener.py for tasks to queue
[2026-06-13T11:54:05.121+0000] {logging_mixin.py:188} INFO - [2026-06-13T11:54:05.120+0000] {dagbag.py:545} INFO - Filling up the DagBag from /home/airflow/.local/lib/python3.12/site-packages/airflow/example_dags/plugins/event_listener.py
[2026-06-13T11:54:05.123+0000] {processor.py:842} WARNING - No viable dags retrieved from /home/airflow/.local/lib/python3.12/site-packages/airflow/example_dags/plugins/event_listener.py
[2026-06-13T11:54:05.142+0000] {processor.py:183} INFO - Processing /home/airflow/.local/lib/python3.12/site-packages/airflow/example_dags/plugins/event_listener.py took 0.033 seconds
[2026-06-13T11:54:36.265+0000] {processor.py:161} INFO - Started process (PID=1889) to work on /home/airflow/.local/lib/python3.12/site-packages/airflow/example_dags/plugins/event_listener.py
[2026-06-13T11:54:36.267+0000] {processor.py:830} INFO - Processing file /home/airflow/.local/lib/python3.12/site-packages/airflow/example_dags/plugins/event_listener.py for tasks to queue
[2026-06-13T11:54:36.270+0000] {logging_mixin.py:188} INFO - [2026-06-13T11:54:36.269+0000] {dagbag.py:545} INFO - Filling up the DagBag from /home/airflow/.local/lib/python3.12/site-packages/airflow/example_dags/plugins/event_listener.py
[2026-06-13T11:54:36.273+0000] {processor.py:842} WARNING - No viable dags retrieved from /home/airflow/.local/lib/python3.12/site-packages/airflow/example_dags/plugins/event_listener.py
[2026-06-13T11:54:36.292+0000] {processor.py:183} INFO - Processing /home/airflow/.local/lib/python3.12/site-packages/airflow/example_dags/plugins/event_listener.py took 0.034 seconds
[2026-06-13T11:55:08.416+0000] {processor.py:161} INFO - Started process (PID=1949) to work on /home/airflow/.local/lib/python3.12/site-packages/airflow/example_dags/plugins/event_listener.py
[2026-06-13T11:55:08.418+0000] {processor.py:830} INFO - Processing file /home/airflow/.local/lib/python3.12/site-packages/airflow/example_dags/plugins/event_listener.py for tasks to queue
[2026-06-13T11:55:08.421+0000] {logging_mixin.py:188} INFO - [2026-06-13T11:55:08.420+0000] {dagbag.py:545} INFO - Filling up the DagBag from /home/airflow/.local/lib/python3.12/site-packages/airflow/example_dags/plugins/event_listener.py
[2026-06-13T11:55:08.424+0000] {processor.py:842} WARNING - No viable dags retrieved from /home/airflow/.local/lib/python3.12/site-packages/airflow/example_dags/plugins/event_listener.py
[2026-06-13T11:55:08.442+0000] {processor.py:183} INFO - Processing /home/airflow/.local/lib/python3.12/site-packages/airflow/example_dags/plugins/event_listener.py took 0.032 seconds
[2026-06-13T11:55:38.787+0000] {processor.py:161} INFO - Started process (PID=2008) to work on /home/airflow/.local/lib/python3.12/site-packages/airflow/example_dags/plugins/event_listener.py
[2026-06-13T11:55:38.788+0000] {processor.py:830} INFO - Processing file /home/airflow/.local/lib/python3.12/site-packages/airflow/example_dags/plugins/event_listener.py for tasks to queue
[2026-06-13T11:55:38.791+0000] {logging_mixin.py:188} INFO - [2026-06-13T11:55:38.790+0000] {dagbag.py:545} INFO - Filling up the DagBag from /home/airflow/.local/lib/python3.12/site-packages/airflow/example_dags/plugins/event_listener.py
[2026-06-13T11:55:38.794+0000] {processor.py:842} WARNING - No viable dags retrieved from /home/airflow/.local/lib/python3.12/site-packages/airflow/example_dags/plugins/event_listener.py
[2026-06-13T11:55:38.813+0000] {processor.py:183} INFO - Processing /home/airflow/.local/lib/python3.12/site-packages/airflow/example_dags/plugins/event_listener.py took 0.033 seconds
[2026-06-13T11:57:52.346+0000] {processor.py:161} INFO - Started process (PID=2069) to work on /home/airflow/.local/lib/python3.12/site-packages/airflow/example_dags/plugins/event_listener.py
[2026-06-13T11:57:52.348+0000] {processor.py:830} INFO - Processing file /home/airflow/.local/lib/python3.12/site-packages/airflow/example_dags/plugins/event_listener.py for tasks to queue
[2026-06-13T11:57:52.351+0000] {logging_mixin.py:188} INFO - [2026-06-13T11:57:52.351+0000] {dagbag.py:545} INFO - Filling up the DagBag from /home/airflow/.local/lib/python3.12/site-packages/airflow/example_dags/plugins/event_listener.py
[2026-06-13T11:57:52.356+0000] {processor.py:842} WARNING - No viable dags retrieved from /home/airflow/.local/lib/python3.12/site-packages/airflow/example_dags/plugins/event_listener.py
[2026-06-13T11:57:52.378+0000] {processor.py:183} INFO - Processing /home/airflow/.local/lib/python3.12/site-packages/airflow/example_dags/plugins/event_listener.py took 0.039 seconds
[2026-06-13T11:58:23.266+0000] {processor.py:161} INFO - Started process (PID=2136) to work on /home/airflow/.local/lib/python3.12/site-packages/airflow/example_dags/plugins/event_listener.py
[2026-06-13T11:58:23.268+0000] {processor.py:830} INFO - Processing file /home/airflow/.local/lib/python3.12/site-packages/airflow/example_dags/plugins/event_listener.py for tasks to queue
[2026-06-13T11:58:23.270+0000] {logging_mixin.py:188} INFO - [2026-06-13T11:58:23.270+0000] {dagbag.py:545} INFO - Filling up the DagBag from /home/airflow/.local/lib/python3.12/site-packages/airflow/example_dags/plugins/event_listener.py
[2026-06-13T11:58:23.273+0000] {processor.py:842} WARNING - No viable dags retrieved from /home/airflow/.local/lib/python3.12/site-packages/airflow/example_dags/plugins/event_listener.py
[2026-06-13T11:58:23.294+0000] {processor.py:183} INFO - Processing /home/airflow/.local/lib/python3.12/site-packages/airflow/example_dags/plugins/event_listener.py took 0.034 seconds
[2026-06-13T11:58:53.963+0000] {processor.py:161} INFO - Started process (PID=2196) to work on /home/airflow/.local/lib/python3.12/site-packages/airflow/example_dags/plugins/event_listener.py
[2026-06-13T11:58:53.965+0000] {processor.py:830} INFO - Processing file /home/airflow/.local/lib/python3.12/site-packages/airflow/example_dags/plugins/event_listener.py for tasks to queue
[2026-06-13T11:58:53.967+0000] {logging_mixin.py:188} INFO - [2026-06-13T11:58:53.967+0000] {dagbag.py:545} INFO - Filling up the DagBag from /home/airflow/.local/lib/python3.12/site-packages/airflow/example_dags/plugins/event_listener.py
[2026-06-13T11:58:53.971+0000] {processor.py:842} WARNING - No viable dags retrieved from /home/airflow/.local/lib/python3.12/site-packages/airflow/example_dags/plugins/event_listener.py
[2026-06-13T11:58:53.991+0000] {processor.py:183} INFO - Processing /home/airflow/.local/lib/python3.12/site-packages/airflow/example_dags/plugins/event_listener.py took 0.036 seconds
[2026-06-13T11:59:24.415+0000] {processor.py:161} INFO - Started process (PID=2293) to work on /home/airflow/.local/lib/python3.12/site-packages/airflow/example_dags/plugins/event_listener.py
[2026-06-13T11:59:24.417+0000] {processor.py:830} INFO - Processing file /home/airflow/.local/lib/python3.12/site-packages/airflow/example_dags/plugins/event_listener.py for tasks to queue
[2026-06-13T11:59:24.420+0000] {logging_mixin.py:188} INFO - [2026-06-13T11:59:24.419+0000] {dagbag.py:545} INFO - Filling up the DagBag from /home/airflow/.local/lib/python3.12/site-packages/airflow/example_dags/plugins/event_listener.py
[2026-06-13T11:59:24.422+0000] {processor.py:842} WARNING - No viable dags retrieved from /home/airflow/.local/lib/python3.12/site-packages/airflow/example_dags/plugins/event_listener.py
[2026-06-13T11:59:24.442+0000] {processor.py:183} INFO - Processing /home/airflow/.local/lib/python3.12/site-packages/airflow/example_dags/plugins/event_listener.py took 0.037 seconds
[2026-06-13T11:59:54.674+0000] {processor.py:161} INFO - Started process (PID=2351) to work on /home/airflow/.local/lib/python3.12/site-packages/airflow/example_dags/plugins/event_listener.py
[2026-06-13T11:59:54.676+0000] {processor.py:830} INFO - Processing file /home/airflow/.local/lib/python3.12/site-packages/airflow/example_dags/plugins/event_listener.py for tasks to queue
[2026-06-13T11:59:54.679+0000] {logging_mixin.py:188} INFO - [2026-06-13T11:59:54.679+0000] {dagbag.py:545} INFO - Filling up the DagBag from /home/airflow/.local/lib/python3.12/site-packages/airflow/example_dags/plugins/event_listener.py
[2026-06-13T11:59:54.682+0000] {processor.py:842} WARNING - No viable dags retrieved from /home/airflow/.local/lib/python3.12/site-packages/airflow/example_dags/plugins/event_listener.py
[2026-06-13T11:59:54.699+0000] {processor.py:183} INFO - Processing /home/airflow/.local/lib/python3.12/site-packages/airflow/example_dags/plugins/event_listener.py took 0.035 seconds
[2026-06-13T12:00:25.397+0000] {processor.py:161} INFO - Started process (PID=2410) to work on /home/airflow/.local/lib/python3.12/site-packages/airflow/example_dags/plugins/event_listener.py
[2026-06-13T12:00:25.398+0000] {processor.py:830} INFO - Processing file /home/airflow/.local/lib/python3.12/site-packages/airflow/example_dags/plugins/event_listener.py for tasks to queue
[2026-06-13T12:00:25.401+0000] {logging_mixin.py:188} INFO - [2026-06-13T12:00:25.401+0000] {dagbag.py:545} INFO - Filling up the DagBag from /home/airflow/.local/lib/python3.12/site-packages/airflow/example_dags/plugins/event_listener.py
[2026-06-13T12:00:25.404+0000] {processor.py:842} WARNING - No viable dags retrieved from /home/airflow/.local/lib/python3.12/site-packages/airflow/example_dags/plugins/event_listener.py
[2026-06-13T12:00:25.422+0000] {processor.py:183} INFO - Processing /home/airflow/.local/lib/python3.12/site-packages/airflow/example_dags/plugins/event_listener.py took 0.035 seconds
[2026-06-13T12:00:56.218+0000] {processor.py:161} INFO - Started process (PID=2487) to work on /home/airflow/.local/lib/python3.12/site-packages/airflow/example_dags/plugins/event_listener.py
[2026-06-13T12:00:56.220+0000] {processor.py:830} INFO - Processing file /home/airflow/.local/lib/python3.12/site-packages/airflow/example_dags/plugins/event_listener.py for tasks to queue
[2026-06-13T12:00:56.222+0000] {logging_mixin.py:188} INFO - [2026-06-13T12:00:56.222+0000] {dagbag.py:545} INFO - Filling up the DagBag from /home/airflow/.local/lib/python3.12/site-packages/airflow/example_dags/plugins/event_listener.py
[2026-06-13T12:00:56.226+0000] {processor.py:842} WARNING - No viable dags retrieved from /home/airflow/.local/lib/python3.12/site-packages/airflow/example_dags/plugins/event_listener.py
[2026-06-13T12:00:56.249+0000] {processor.py:183} INFO - Processing /home/airflow/.local/lib/python3.12/site-packages/airflow/example_dags/plugins/event_listener.py took 0.041 seconds
[2026-06-13T12:01:27.016+0000] {processor.py:161} INFO - Started process (PID=2546) to work on /home/airflow/.local/lib/python3.12/site-packages/airflow/example_dags/plugins/event_listener.py
[2026-06-13T12:01:27.018+0000] {processor.py:830} INFO - Processing file /home/airflow/.local/lib/python3.12/site-packages/airflow/example_dags/plugins/event_listener.py for tasks to queue
[2026-06-13T12:01:27.020+0000] {logging_mixin.py:188} INFO - [2026-06-13T12:01:27.020+0000] {dagbag.py:545} INFO - Filling up the DagBag from /home/airflow/.local/lib/python3.12/site-packages/airflow/example_dags/plugins/event_listener.py
[2026-06-13T12:01:27.023+0000] {processor.py:842} WARNING - No viable dags retrieved from /home/airflow/.local/lib/python3.12/site-packages/airflow/example_dags/plugins/event_listener.py
[2026-06-13T12:01:27.044+0000] {processor.py:183} INFO - Processing /home/airflow/.local/lib/python3.12/site-packages/airflow/example_dags/plugins/event_listener.py took 0.037 seconds
[2026-06-13T12:01:57.494+0000] {processor.py:161} INFO - Started process (PID=2605) to work on /home/airflow/.local/lib/python3.12/site-packages/airflow/example_dags/plugins/event_listener.py
[2026-06-13T12:01:57.496+0000] {processor.py:830} INFO - Processing file /home/airflow/.local/lib/python3.12/site-packages/airflow/example_dags/plugins/event_listener.py for tasks to queue
[2026-06-13T12:01:57.499+0000] {logging_mixin.py:188} INFO - [2026-06-13T12:01:57.498+0000] {dagbag.py:545} INFO - Filling up the DagBag from /home/airflow/.local/lib/python3.12/site-packages/airflow/example_dags/plugins/event_listener.py
[2026-06-13T12:01:57.502+0000] {processor.py:842} WARNING - No viable dags retrieved from /home/airflow/.local/lib/python3.12/site-packages/airflow/example_dags/plugins/event_listener.py
[2026-06-13T12:01:57.522+0000] {processor.py:183} INFO - Processing /home/airflow/.local/lib/python3.12/site-packages/airflow/example_dags/plugins/event_listener.py took 0.037 seconds
[2026-06-13T12:02:28.066+0000] {processor.py:161} INFO - Started process (PID=2673) to work on /home/airflow/.local/lib/python3.12/site-packages/airflow/example_dags/plugins/event_listener.py
[2026-06-13T12:02:28.067+0000] {processor.py:830} INFO - Processing file /home/airflow/.local/lib/python3.12/site-packages/airflow/example_dags/plugins/event_listener.py for tasks to queue
[2026-06-13T12:02:28.070+0000] {logging_mixin.py:188} INFO - [2026-06-13T12:02:28.070+0000] {dagbag.py:545} INFO - Filling up the DagBag from /home/airflow/.local/lib/python3.12/site-packages/airflow/example_dags/plugins/event_listener.py
[2026-06-13T12:02:28.073+0000] {processor.py:842} WARNING - No viable dags retrieved from /home/airflow/.local/lib/python3.12/site-packages/airflow/example_dags/plugins/event_listener.py
[2026-06-13T12:02:28.094+0000] {processor.py:183} INFO - Processing /home/airflow/.local/lib/python3.12/site-packages/airflow/example_dags/plugins/event_listener.py took 0.039 seconds
[2026-06-13T12:02:58.468+0000] {processor.py:161} INFO - Started process (PID=2787) to work on /home/airflow/.local/lib/python3.12/site-packages/airflow/example_dags/plugins/event_listener.py
[2026-06-13T12:02:58.470+0000] {processor.py:830} INFO - Processing file /home/airflow/.local/lib/python3.12/site-packages/airflow/example_dags/plugins/event_listener.py for tasks to queue
[2026-06-13T12:02:58.473+0000] {logging_mixin.py:188} INFO - [2026-06-13T12:02:58.472+0000] {dagbag.py:545} INFO - Filling up the DagBag from /home/airflow/.local/lib/python3.12/site-packages/airflow/example_dags/plugins/event_listener.py
[2026-06-13T12:02:58.476+0000] {processor.py:842} WARNING - No viable dags retrieved from /home/airflow/.local/lib/python3.12/site-packages/airflow/example_dags/plugins/event_listener.py
[2026-06-13T12:02:58.496+0000] {processor.py:183} INFO - Processing /home/airflow/.local/lib/python3.12/site-packages/airflow/example_dags/plugins/event_listener.py took 0.039 seconds
[2026-06-13T12:03:28.572+0000] {processor.py:161} INFO - Started process (PID=2846) to work on /home/airflow/.local/lib/python3.12/site-packages/airflow/example_dags/plugins/event_listener.py
[2026-06-13T12:03:28.573+0000] {processor.py:830} INFO - Processing file /home/airflow/.local/lib/python3.12/site-packages/airflow/example_dags/plugins/event_listener.py for tasks to queue
[2026-06-13T12:03:28.576+0000] {logging_mixin.py:188} INFO - [2026-06-13T12:03:28.576+0000] {dagbag.py:545} INFO - Filling up the DagBag from /home/airflow/.local/lib/python3.12/site-packages/airflow/example_dags/plugins/event_listener.py
[2026-06-13T12:03:28.579+0000] {processor.py:842} WARNING - No viable dags retrieved from /home/airflow/.local/lib/python3.12/site-packages/airflow/example_dags/plugins/event_listener.py
[2026-06-13T12:03:28.600+0000] {processor.py:183} INFO - Processing /home/airflow/.local/lib/python3.12/site-packages/airflow/example_dags/plugins/event_listener.py took 0.038 seconds
[2026-06-13T12:03:59.250+0000] {processor.py:161} INFO - Started process (PID=2920) to work on /home/airflow/.local/lib/python3.12/site-packages/airflow/example_dags/plugins/event_listener.py
[2026-06-13T12:03:59.252+0000] {processor.py:830} INFO - Processing file /home/airflow/.local/lib/python3.12/site-packages/airflow/example_dags/plugins/event_listener.py for tasks to queue
[2026-06-13T12:03:59.255+0000] {logging_mixin.py:188} INFO - [2026-06-13T12:03:59.254+0000] {dagbag.py:545} INFO - Filling up the DagBag from /home/airflow/.local/lib/python3.12/site-packages/airflow/example_dags/plugins/event_listener.py
[2026-06-13T12:03:59.258+0000] {processor.py:842} WARNING - No viable dags retrieved from /home/airflow/.local/lib/python3.12/site-packages/airflow/example_dags/plugins/event_listener.py
[2026-06-13T12:03:59.277+0000] {processor.py:183} INFO - Processing /home/airflow/.local/lib/python3.12/site-packages/airflow/example_dags/plugins/event_listener.py took 0.037 seconds
[2026-06-13T12:04:29.958+0000] {processor.py:161} INFO - Started process (PID=2979) to work on /home/airflow/.local/lib/python3.12/site-packages/airflow/example_dags/plugins/event_listener.py
[2026-06-13T12:04:29.959+0000] {processor.py:830} INFO - Processing file /home/airflow/.local/lib/python3.12/site-packages/airflow/example_dags/plugins/event_listener.py for tasks to queue
[2026-06-13T12:04:29.962+0000] {logging_mixin.py:188} INFO - [2026-06-13T12:04:29.961+0000] {dagbag.py:545} INFO - Filling up the DagBag from /home/airflow/.local/lib/python3.12/site-packages/airflow/example_dags/plugins/event_listener.py
[2026-06-13T12:04:29.965+0000] {processor.py:842} WARNING - No viable dags retrieved from /home/airflow/.local/lib/python3.12/site-packages/airflow/example_dags/plugins/event_listener.py
[2026-06-13T12:04:29.985+0000] {processor.py:183} INFO - Processing /home/airflow/.local/lib/python3.12/site-packages/airflow/example_dags/plugins/event_listener.py took 0.038 seconds
[2026-06-13T12:05:00.510+0000] {processor.py:161} INFO - Started process (PID=3038) to work on /home/airflow/.local/lib/python3.12/site-packages/airflow/example_dags/plugins/event_listener.py
[2026-06-13T12:05:00.511+0000] {processor.py:830} INFO - Processing file /home/airflow/.local/lib/python3.12/site-packages/airflow/example_dags/plugins/event_listener.py for tasks to queue
[2026-06-13T12:05:00.515+0000] {logging_mixin.py:188} INFO - [2026-06-13T12:05:00.514+0000] {dagbag.py:545} INFO - Filling up the DagBag from /home/airflow/.local/lib/python3.12/site-packages/airflow/example_dags/plugins/event_listener.py
[2026-06-13T12:05:00.518+0000] {processor.py:842} WARNING - No viable dags retrieved from /home/airflow/.local/lib/python3.12/site-packages/airflow/example_dags/plugins/event_listener.py
[2026-06-13T12:05:00.538+0000] {processor.py:183} INFO - Processing /home/airflow/.local/lib/python3.12/site-packages/airflow/example_dags/plugins/event_listener.py took 0.041 seconds
[2026-06-13T12:05:30.659+0000] {processor.py:161} INFO - Started process (PID=3097) to work on /home/airflow/.local/lib/python3.12/site-packages/airflow/example_dags/plugins/event_listener.py
[2026-06-13T12:05:30.661+0000] {processor.py:830} INFO - Processing file /home/airflow/.local/lib/python3.12/site-packages/airflow/example_dags/plugins/event_listener.py for tasks to queue
[2026-06-13T12:05:30.663+0000] {logging_mixin.py:188} INFO - [2026-06-13T12:05:30.663+0000] {dagbag.py:545} INFO - Filling up the DagBag from /home/airflow/.local/lib/python3.12/site-packages/airflow/example_dags/plugins/event_listener.py
[2026-06-13T12:05:30.666+0000] {processor.py:842} WARNING - No viable dags retrieved from /home/airflow/.local/lib/python3.12/site-packages/airflow/example_dags/plugins/event_listener.py
[2026-06-13T12:05:30.685+0000] {processor.py:183} INFO - Processing /home/airflow/.local/lib/python3.12/site-packages/airflow/example_dags/plugins/event_listener.py took 0.036 seconds
[2026-06-13T12:06:01.252+0000] {processor.py:161} INFO - Started process (PID=3157) to work on /home/airflow/.local/lib/python3.12/site-packages/airflow/example_dags/plugins/event_listener.py
[2026-06-13T12:06:01.254+0000] {processor.py:830} INFO - Processing file /home/airflow/.local/lib/python3.12/site-packages/airflow/example_dags/plugins/event_listener.py for tasks to queue
[2026-06-13T12:06:01.257+0000] {logging_mixin.py:188} INFO - [2026-06-13T12:06:01.256+0000] {dagbag.py:545} INFO - Filling up the DagBag from /home/airflow/.local/lib/python3.12/site-packages/airflow/example_dags/plugins/event_listener.py
[2026-06-13T12:06:01.260+0000] {processor.py:842} WARNING - No viable dags retrieved from /home/airflow/.local/lib/python3.12/site-packages/airflow/example_dags/plugins/event_listener.py
[2026-06-13T12:06:01.280+0000] {processor.py:183} INFO - Processing /home/airflow/.local/lib/python3.12/site-packages/airflow/example_dags/plugins/event_listener.py took 0.038 seconds
[2026-06-13T12:06:31.476+0000] {processor.py:161} INFO - Started process (PID=3216) to work on /home/airflow/.local/lib/python3.12/site-packages/airflow/example_dags/plugins/event_listener.py
[2026-06-13T12:06:31.478+0000] {processor.py:830} INFO - Processing file /home/airflow/.local/lib/python3.12/site-packages/airflow/example_dags/plugins/event_listener.py for tasks to queue
[2026-06-13T12:06:31.481+0000] {logging_mixin.py:188} INFO - [2026-06-13T12:06:31.480+0000] {dagbag.py:545} INFO - Filling up the DagBag from /home/airflow/.local/lib/python3.12/site-packages/airflow/example_dags/plugins/event_listener.py
[2026-06-13T12:06:31.485+0000] {processor.py:842} WARNING - No viable dags retrieved from /home/airflow/.local/lib/python3.12/site-packages/airflow/example_dags/plugins/event_listener.py
[2026-06-13T12:06:31.506+0000] {processor.py:183} INFO - Processing /home/airflow/.local/lib/python3.12/site-packages/airflow/example_dags/plugins/event_listener.py took 0.040 seconds
[2026-06-13T12:07:02.500+0000] {processor.py:161} INFO - Started process (PID=3275) to work on /home/airflow/.local/lib/python3.12/site-packages/airflow/example_dags/plugins/event_listener.py
[2026-06-13T12:07:02.502+0000] {processor.py:830} INFO - Processing file /home/airflow/.local/lib/python3.12/site-packages/airflow/example_dags/plugins/event_listener.py for tasks to queue
[2026-06-13T12:07:02.505+0000] {logging_mixin.py:188} INFO - [2026-06-13T12:07:02.505+0000] {dagbag.py:545} INFO - Filling up the DagBag from /home/airflow/.local/lib/python3.12/site-packages/airflow/example_dags/plugins/event_listener.py
[2026-06-13T12:07:02.508+0000] {processor.py:842} WARNING - No viable dags retrieved from /home/airflow/.local/lib/python3.12/site-packages/airflow/example_dags/plugins/event_listener.py
[2026-06-13T12:07:02.527+0000] {processor.py:183} INFO - Processing /home/airflow/.local/lib/python3.12/site-packages/airflow/example_dags/plugins/event_listener.py took 0.037 seconds
[2026-06-13T12:07:33.308+0000] {processor.py:161} INFO - Started process (PID=3334) to work on /home/airflow/.local/lib/python3.12/site-packages/airflow/example_dags/plugins/event_listener.py
[2026-06-13T12:07:33.310+0000] {processor.py:830} INFO - Processing file /home/airflow/.local/lib/python3.12/site-packages/airflow/example_dags/plugins/event_listener.py for tasks to queue
[2026-06-13T12:07:33.313+0000] {logging_mixin.py:188} INFO - [2026-06-13T12:07:33.312+0000] {dagbag.py:545} INFO - Filling up the DagBag from /home/airflow/.local/lib/python3.12/site-packages/airflow/example_dags/plugins/event_listener.py
[2026-06-13T12:07:33.317+0000] {processor.py:842} WARNING - No viable dags retrieved from /home/airflow/.local/lib/python3.12/site-packages/airflow/example_dags/plugins/event_listener.py
[2026-06-13T12:07:33.333+0000] {processor.py:183} INFO - Processing /home/airflow/.local/lib/python3.12/site-packages/airflow/example_dags/plugins/event_listener.py took 0.035 seconds
[2026-06-13T12:08:04.331+0000] {processor.py:161} INFO - Started process (PID=3393) to work on /home/airflow/.local/lib/python3.12/site-packages/airflow/example_dags/plugins/event_listener.py
[2026-06-13T12:08:04.333+0000] {processor.py:830} INFO - Processing file /home/airflow/.local/lib/python3.12/site-packages/airflow/example_dags/plugins/event_listener.py for tasks to queue
[2026-06-13T12:08:04.336+0000] {logging_mixin.py:188} INFO - [2026-06-13T12:08:04.336+0000] {dagbag.py:545} INFO - Filling up the DagBag from /home/airflow/.local/lib/python3.12/site-packages/airflow/example_dags/plugins/event_listener.py
[2026-06-13T12:08:04.339+0000] {processor.py:842} WARNING - No viable dags retrieved from /home/airflow/.local/lib/python3.12/site-packages/airflow/example_dags/plugins/event_listener.py
[2026-06-13T12:08:04.359+0000] {processor.py:183} INFO - Processing /home/airflow/.local/lib/python3.12/site-packages/airflow/example_dags/plugins/event_listener.py took 0.038 seconds
[2026-06-13T12:08:34.584+0000] {processor.py:161} INFO - Started process (PID=3452) to work on /home/airflow/.local/lib/python3.12/site-packages/airflow/example_dags/plugins/event_listener.py
[2026-06-13T12:08:34.585+0000] {processor.py:830} INFO - Processing file /home/airflow/.local/lib/python3.12/site-packages/airflow/example_dags/plugins/event_listener.py for tasks to queue
[2026-06-13T12:08:34.587+0000] {logging_mixin.py:188} INFO - [2026-06-13T12:08:34.587+0000] {dagbag.py:545} INFO - Filling up the DagBag from /home/airflow/.local/lib/python3.12/site-packages/airflow/example_dags/plugins/event_listener.py
[2026-06-13T12:08:34.591+0000] {processor.py:842} WARNING - No viable dags retrieved from /home/airflow/.local/lib/python3.12/site-packages/airflow/example_dags/plugins/event_listener.py
[2026-06-13T12:08:34.612+0000] {processor.py:183} INFO - Processing /home/airflow/.local/lib/python3.12/site-packages/airflow/example_dags/plugins/event_listener.py took 0.040 seconds
[2026-06-13T12:09:05.596+0000] {processor.py:161} INFO - Started process (PID=3511) to work on /home/airflow/.local/lib/python3.12/site-packages/airflow/example_dags/plugins/event_listener.py
[2026-06-13T12:09:05.598+0000] {processor.py:830} INFO - Processing file /home/airflow/.local/lib/python3.12/site-packages/airflow/example_dags/plugins/event_listener.py for tasks to queue
[2026-06-13T12:09:05.600+0000] {logging_mixin.py:188} INFO - [2026-06-13T12:09:05.600+0000] {dagbag.py:545} INFO - Filling up the DagBag from /home/airflow/.local/lib/python3.12/site-packages/airflow/example_dags/plugins/event_listener.py
[2026-06-13T12:09:05.603+0000] {processor.py:842} WARNING - No viable dags retrieved from /home/airflow/.local/lib/python3.12/site-packages/airflow/example_dags/plugins/event_listener.py
[2026-06-13T12:09:05.621+0000] {processor.py:183} INFO - Processing /home/airflow/.local/lib/python3.12/site-packages/airflow/example_dags/plugins/event_listener.py took 0.035 seconds
[2026-06-13T12:09:35.955+0000] {processor.py:161} INFO - Started process (PID=3570) to work on /home/airflow/.local/lib/python3.12/site-packages/airflow/example_dags/plugins/event_listener.py
[2026-06-13T12:09:35.957+0000] {processor.py:830} INFO - Processing file /home/airflow/.local/lib/python3.12/site-packages/airflow/example_dags/plugins/event_listener.py for tasks to queue
[2026-06-13T12:09:35.959+0000] {logging_mixin.py:188} INFO - [2026-06-13T12:09:35.959+0000] {dagbag.py:545} INFO - Filling up the DagBag from /home/airflow/.local/lib/python3.12/site-packages/airflow/example_dags/plugins/event_listener.py
[2026-06-13T12:09:35.962+0000] {processor.py:842} WARNING - No viable dags retrieved from /home/airflow/.local/lib/python3.12/site-packages/airflow/example_dags/plugins/event_listener.py
[2026-06-13T12:09:35.981+0000] {processor.py:183} INFO - Processing /home/airflow/.local/lib/python3.12/site-packages/airflow/example_dags/plugins/event_listener.py took 0.035 seconds
[2026-06-13T12:14:42.655+0000] {processor.py:161} INFO - Started process (PID=3669) to work on /home/airflow/.local/lib/python3.12/site-packages/airflow/example_dags/plugins/event_listener.py
[2026-06-13T12:14:42.657+0000] {processor.py:830} INFO - Processing file /home/airflow/.local/lib/python3.12/site-packages/airflow/example_dags/plugins/event_listener.py for tasks to queue
[2026-06-13T12:14:42.661+0000] {logging_mixin.py:188} INFO - [2026-06-13T12:14:42.660+0000] {dagbag.py:545} INFO - Filling up the DagBag from /home/airflow/.local/lib/python3.12/site-packages/airflow/example_dags/plugins/event_listener.py
[2026-06-13T12:14:42.665+0000] {processor.py:842} WARNING - No viable dags retrieved from /home/airflow/.local/lib/python3.12/site-packages/airflow/example_dags/plugins/event_listener.py
[2026-06-13T12:14:42.696+0000] {processor.py:183} INFO - Processing /home/airflow/.local/lib/python3.12/site-packages/airflow/example_dags/plugins/event_listener.py took 0.056 seconds
[2026-06-13T12:15:13.341+0000] {processor.py:161} INFO - Started process (PID=3728) to work on /home/airflow/.local/lib/python3.12/site-packages/airflow/example_dags/plugins/event_listener.py
[2026-06-13T12:15:13.342+0000] {processor.py:830} INFO - Processing file /home/airflow/.local/lib/python3.12/site-packages/airflow/example_dags/plugins/event_listener.py for tasks to queue
[2026-06-13T12:15:13.345+0000] {logging_mixin.py:188} INFO - [2026-06-13T12:15:13.345+0000] {dagbag.py:545} INFO - Filling up the DagBag from /home/airflow/.local/lib/python3.12/site-packages/airflow/example_dags/plugins/event_listener.py
[2026-06-13T12:15:13.348+0000] {processor.py:842} WARNING - No viable dags retrieved from /home/airflow/.local/lib/python3.12/site-packages/airflow/example_dags/plugins/event_listener.py
[2026-06-13T12:15:13.367+0000] {processor.py:183} INFO - Processing /home/airflow/.local/lib/python3.12/site-packages/airflow/example_dags/plugins/event_listener.py took 0.035 seconds
[2026-06-13T12:15:43.971+0000] {processor.py:161} INFO - Started process (PID=3787) to work on /home/airflow/.local/lib/python3.12/site-packages/airflow/example_dags/plugins/event_listener.py
[2026-06-13T12:15:43.972+0000] {processor.py:830} INFO - Processing file /home/airflow/.local/lib/python3.12/site-packages/airflow/example_dags/plugins/event_listener.py for tasks to queue
[2026-06-13T12:15:43.975+0000] {logging_mixin.py:188} INFO - [2026-06-13T12:15:43.975+0000] {dagbag.py:545} INFO - Filling up the DagBag from /home/airflow/.local/lib/python3.12/site-packages/airflow/example_dags/plugins/event_listener.py
[2026-06-13T12:15:43.978+0000] {processor.py:842} WARNING - No viable dags retrieved from /home/airflow/.local/lib/python3.12/site-packages/airflow/example_dags/plugins/event_listener.py
[2026-06-13T12:15:43.997+0000] {processor.py:183} INFO - Processing /home/airflow/.local/lib/python3.12/site-packages/airflow/example_dags/plugins/event_listener.py took 0.037 seconds
[2026-06-13T12:16:14.787+0000] {processor.py:161} INFO - Started process (PID=3846) to work on /home/airflow/.local/lib/python3.12/site-packages/airflow/example_dags/plugins/event_listener.py
[2026-06-13T12:16:14.789+0000] {processor.py:830} INFO - Processing file /home/airflow/.local/lib/python3.12/site-packages/airflow/example_dags/plugins/event_listener.py for tasks to queue
[2026-06-13T12:16:14.792+0000] {logging_mixin.py:188} INFO - [2026-06-13T12:16:14.791+0000] {dagbag.py:545} INFO - Filling up the DagBag from /home/airflow/.local/lib/python3.12/site-packages/airflow/example_dags/plugins/event_listener.py
[2026-06-13T12:16:14.795+0000] {processor.py:842} WARNING - No viable dags retrieved from /home/airflow/.local/lib/python3.12/site-packages/airflow/example_dags/plugins/event_listener.py
[2026-06-13T12:16:14.818+0000] {processor.py:183} INFO - Processing /home/airflow/.local/lib/python3.12/site-packages/airflow/example_dags/plugins/event_listener.py took 0.041 seconds
[2026-06-13T12:16:45.067+0000] {processor.py:161} INFO - Started process (PID=3904) to work on /home/airflow/.local/lib/python3.12/site-packages/airflow/example_dags/plugins/event_listener.py
[2026-06-13T12:16:45.068+0000] {processor.py:830} INFO - Processing file /home/airflow/.local/lib/python3.12/site-packages/airflow/example_dags/plugins/event_listener.py for tasks to queue
[2026-06-13T12:16:45.071+0000] {logging_mixin.py:188} INFO - [2026-06-13T12:16:45.070+0000] {dagbag.py:545} INFO - Filling up the DagBag from /home/airflow/.local/lib/python3.12/site-packages/airflow/example_dags/plugins/event_listener.py
[2026-06-13T12:16:45.074+0000] {processor.py:842} WARNING - No viable dags retrieved from /home/airflow/.local/lib/python3.12/site-packages/airflow/example_dags/plugins/event_listener.py
[2026-06-13T12:16:45.093+0000] {processor.py:183} INFO - Processing /home/airflow/.local/lib/python3.12/site-packages/airflow/example_dags/plugins/event_listener.py took 0.035 seconds
[2026-06-13T12:17:15.403+0000] {processor.py:161} INFO - Started process (PID=3963) to work on /home/airflow/.local/lib/python3.12/site-packages/airflow/example_dags/plugins/event_listener.py
[2026-06-13T12:17:15.405+0000] {processor.py:830} INFO - Processing file /home/airflow/.local/lib/python3.12/site-packages/airflow/example_dags/plugins/event_listener.py for tasks to queue
[2026-06-13T12:17:15.408+0000] {logging_mixin.py:188} INFO - [2026-06-13T12:17:15.408+0000] {dagbag.py:545} INFO - Filling up the DagBag from /home/airflow/.local/lib/python3.12/site-packages/airflow/example_dags/plugins/event_listener.py
[2026-06-13T12:17:15.411+0000] {processor.py:842} WARNING - No viable dags retrieved from /home/airflow/.local/lib/python3.12/site-packages/airflow/example_dags/plugins/event_listener.py
[2026-06-13T12:17:15.428+0000] {processor.py:183} INFO - Processing /home/airflow/.local/lib/python3.12/site-packages/airflow/example_dags/plugins/event_listener.py took 0.035 seconds
[2026-06-13T12:17:46.309+0000] {processor.py:161} INFO - Started process (PID=4023) to work on /home/airflow/.local/lib/python3.12/site-packages/airflow/example_dags/plugins/event_listener.py
[2026-06-13T12:17:46.311+0000] {processor.py:830} INFO - Processing file /home/airflow/.local/lib/python3.12/site-packages/airflow/example_dags/plugins/event_listener.py for tasks to queue
[2026-06-13T12:17:46.314+0000] {logging_mixin.py:188} INFO - [2026-06-13T12:17:46.313+0000] {dagbag.py:545} INFO - Filling up the DagBag from /home/airflow/.local/lib/python3.12/site-packages/airflow/example_dags/plugins/event_listener.py
[2026-06-13T12:17:46.317+0000] {processor.py:842} WARNING - No viable dags retrieved from /home/airflow/.local/lib/python3.12/site-packages/airflow/example_dags/plugins/event_listener.py
[2026-06-13T12:17:46.336+0000] {processor.py:183} INFO - Processing /home/airflow/.local/lib/python3.12/site-packages/airflow/example_dags/plugins/event_listener.py took 0.036 seconds
[2026-06-13T12:18:16.744+0000] {processor.py:161} INFO - Started process (PID=4090) to work on /home/airflow/.local/lib/python3.12/site-packages/airflow/example_dags/plugins/event_listener.py
[2026-06-13T12:18:16.746+0000] {processor.py:830} INFO - Processing file /home/airflow/.local/lib/python3.12/site-packages/airflow/example_dags/plugins/event_listener.py for tasks to queue
[2026-06-13T12:18:16.749+0000] {logging_mixin.py:188} INFO - [2026-06-13T12:18:16.748+0000] {dagbag.py:545} INFO - Filling up the DagBag from /home/airflow/.local/lib/python3.12/site-packages/airflow/example_dags/plugins/event_listener.py
[2026-06-13T12:18:16.752+0000] {processor.py:842} WARNING - No viable dags retrieved from /home/airflow/.local/lib/python3.12/site-packages/airflow/example_dags/plugins/event_listener.py
[2026-06-13T12:18:16.772+0000] {processor.py:183} INFO - Processing /home/airflow/.local/lib/python3.12/site-packages/airflow/example_dags/plugins/event_listener.py took 0.044 seconds
[2026-06-13T12:19:05.156+0000] {processor.py:161} INFO - Started process (PID=120) to work on /home/airflow/.local/lib/python3.12/site-packages/airflow/example_dags/plugins/event_listener.py
[2026-06-13T12:19:05.158+0000] {processor.py:830} INFO - Processing file /home/airflow/.local/lib/python3.12/site-packages/airflow/example_dags/plugins/event_listener.py for tasks to queue
[2026-06-13T12:19:05.161+0000] {logging_mixin.py:188} INFO - [2026-06-13T12:19:05.161+0000] {dagbag.py:545} INFO - Filling up the DagBag from /home/airflow/.local/lib/python3.12/site-packages/airflow/example_dags/plugins/event_listener.py
[2026-06-13T12:19:05.164+0000] {processor.py:842} WARNING - No viable dags retrieved from /home/airflow/.local/lib/python3.12/site-packages/airflow/example_dags/plugins/event_listener.py
[2026-06-13T12:19:05.187+0000] {processor.py:183} INFO - Processing /home/airflow/.local/lib/python3.12/site-packages/airflow/example_dags/plugins/event_listener.py took 0.038 seconds
[2026-06-13T12:19:36.062+0000] {processor.py:161} INFO - Started process (PID=177) to work on /home/airflow/.local/lib/python3.12/site-packages/airflow/example_dags/plugins/event_listener.py
[2026-06-13T12:19:36.063+0000] {processor.py:830} INFO - Processing file /home/airflow/.local/lib/python3.12/site-packages/airflow/example_dags/plugins/event_listener.py for tasks to queue
[2026-06-13T12:19:36.066+0000] {logging_mixin.py:188} INFO - [2026-06-13T12:19:36.065+0000] {dagbag.py:545} INFO - Filling up the DagBag from /home/airflow/.local/lib/python3.12/site-packages/airflow/example_dags/plugins/event_listener.py
[2026-06-13T12:19:36.069+0000] {processor.py:842} WARNING - No viable dags retrieved from /home/airflow/.local/lib/python3.12/site-packages/airflow/example_dags/plugins/event_listener.py
[2026-06-13T12:19:36.089+0000] {processor.py:183} INFO - Processing /home/airflow/.local/lib/python3.12/site-packages/airflow/example_dags/plugins/event_listener.py took 0.034 seconds
[2026-06-13T12:20:07.010+0000] {processor.py:161} INFO - Started process (PID=237) to work on /home/airflow/.local/lib/python3.12/site-packages/airflow/example_dags/plugins/event_listener.py
[2026-06-13T12:20:07.011+0000] {processor.py:830} INFO - Processing file /home/airflow/.local/lib/python3.12/site-packages/airflow/example_dags/plugins/event_listener.py for tasks to queue
[2026-06-13T12:20:07.014+0000] {logging_mixin.py:188} INFO - [2026-06-13T12:20:07.013+0000] {dagbag.py:545} INFO - Filling up the DagBag from /home/airflow/.local/lib/python3.12/site-packages/airflow/example_dags/plugins/event_listener.py
[2026-06-13T12:20:07.018+0000] {processor.py:842} WARNING - No viable dags retrieved from /home/airflow/.local/lib/python3.12/site-packages/airflow/example_dags/plugins/event_listener.py
[2026-06-13T12:20:07.036+0000] {processor.py:183} INFO - Processing /home/airflow/.local/lib/python3.12/site-packages/airflow/example_dags/plugins/event_listener.py took 0.032 seconds
[2026-06-13T12:20:37.308+0000] {processor.py:161} INFO - Started process (PID=296) to work on /home/airflow/.local/lib/python3.12/site-packages/airflow/example_dags/plugins/event_listener.py
[2026-06-13T12:20:37.309+0000] {processor.py:830} INFO - Processing file /home/airflow/.local/lib/python3.12/site-packages/airflow/example_dags/plugins/event_listener.py for tasks to queue
[2026-06-13T12:20:37.312+0000] {logging_mixin.py:188} INFO - [2026-06-13T12:20:37.311+0000] {dagbag.py:545} INFO - Filling up the DagBag from /home/airflow/.local/lib/python3.12/site-packages/airflow/example_dags/plugins/event_listener.py
[2026-06-13T12:20:37.314+0000] {processor.py:842} WARNING - No viable dags retrieved from /home/airflow/.local/lib/python3.12/site-packages/airflow/example_dags/plugins/event_listener.py
[2026-06-13T12:20:37.333+0000] {processor.py:183} INFO - Processing /home/airflow/.local/lib/python3.12/site-packages/airflow/example_dags/plugins/event_listener.py took 0.031 seconds
[2026-06-13T12:21:08.107+0000] {processor.py:161} INFO - Started process (PID=355) to work on /home/airflow/.local/lib/python3.12/site-packages/airflow/example_dags/plugins/event_listener.py
[2026-06-13T12:21:08.109+0000] {processor.py:830} INFO - Processing file /home/airflow/.local/lib/python3.12/site-packages/airflow/example_dags/plugins/event_listener.py for tasks to queue
[2026-06-13T12:21:08.111+0000] {logging_mixin.py:188} INFO - [2026-06-13T12:21:08.111+0000] {dagbag.py:545} INFO - Filling up the DagBag from /home/airflow/.local/lib/python3.12/site-packages/airflow/example_dags/plugins/event_listener.py
[2026-06-13T12:21:08.113+0000] {processor.py:842} WARNING - No viable dags retrieved from /home/airflow/.local/lib/python3.12/site-packages/airflow/example_dags/plugins/event_listener.py
[2026-06-13T12:21:08.133+0000] {processor.py:183} INFO - Processing /home/airflow/.local/lib/python3.12/site-packages/airflow/example_dags/plugins/event_listener.py took 0.032 seconds
[2026-06-13T12:21:38.366+0000] {processor.py:161} INFO - Started process (PID=415) to work on /home/airflow/.local/lib/python3.12/site-packages/airflow/example_dags/plugins/event_listener.py
[2026-06-13T12:21:38.367+0000] {processor.py:830} INFO - Processing file /home/airflow/.local/lib/python3.12/site-packages/airflow/example_dags/plugins/event_listener.py for tasks to queue
[2026-06-13T12:21:38.370+0000] {logging_mixin.py:188} INFO - [2026-06-13T12:21:38.370+0000] {dagbag.py:545} INFO - Filling up the DagBag from /home/airflow/.local/lib/python3.12/site-packages/airflow/example_dags/plugins/event_listener.py
[2026-06-13T12:21:38.374+0000] {processor.py:842} WARNING - No viable dags retrieved from /home/airflow/.local/lib/python3.12/site-packages/airflow/example_dags/plugins/event_listener.py
[2026-06-13T12:21:38.394+0000] {processor.py:183} INFO - Processing /home/airflow/.local/lib/python3.12/site-packages/airflow/example_dags/plugins/event_listener.py took 0.034 seconds
[2026-06-13T12:22:09.456+0000] {processor.py:161} INFO - Started process (PID=474) to work on /home/airflow/.local/lib/python3.12/site-packages/airflow/example_dags/plugins/event_listener.py
[2026-06-13T12:22:09.458+0000] {processor.py:830} INFO - Processing file /home/airflow/.local/lib/python3.12/site-packages/airflow/example_dags/plugins/event_listener.py for tasks to queue
[2026-06-13T12:22:09.461+0000] {logging_mixin.py:188} INFO - [2026-06-13T12:22:09.461+0000] {dagbag.py:545} INFO - Filling up the DagBag from /home/airflow/.local/lib/python3.12/site-packages/airflow/example_dags/plugins/event_listener.py
[2026-06-13T12:22:09.464+0000] {processor.py:842} WARNING - No viable dags retrieved from /home/airflow/.local/lib/python3.12/site-packages/airflow/example_dags/plugins/event_listener.py
[2026-06-13T12:22:09.482+0000] {processor.py:183} INFO - Processing /home/airflow/.local/lib/python3.12/site-packages/airflow/example_dags/plugins/event_listener.py took 0.032 seconds
[2026-06-13T12:22:39.797+0000] {processor.py:161} INFO - Started process (PID=533) to work on /home/airflow/.local/lib/python3.12/site-packages/airflow/example_dags/plugins/event_listener.py
[2026-06-13T12:22:39.799+0000] {processor.py:830} INFO - Processing file /home/airflow/.local/lib/python3.12/site-packages/airflow/example_dags/plugins/event_listener.py for tasks to queue
[2026-06-13T12:22:39.802+0000] {logging_mixin.py:188} INFO - [2026-06-13T12:22:39.802+0000] {dagbag.py:545} INFO - Filling up the DagBag from /home/airflow/.local/lib/python3.12/site-packages/airflow/example_dags/plugins/event_listener.py
[2026-06-13T12:22:39.805+0000] {processor.py:842} WARNING - No viable dags retrieved from /home/airflow/.local/lib/python3.12/site-packages/airflow/example_dags/plugins/event_listener.py
[2026-06-13T12:22:39.825+0000] {processor.py:183} INFO - Processing /home/airflow/.local/lib/python3.12/site-packages/airflow/example_dags/plugins/event_listener.py took 0.034 seconds
[2026-06-13T12:23:10.134+0000] {processor.py:161} INFO - Started process (PID=592) to work on /home/airflow/.local/lib/python3.12/site-packages/airflow/example_dags/plugins/event_listener.py
[2026-06-13T12:23:10.137+0000] {processor.py:830} INFO - Processing file /home/airflow/.local/lib/python3.12/site-packages/airflow/example_dags/plugins/event_listener.py for tasks to queue
[2026-06-13T12:23:10.140+0000] {logging_mixin.py:188} INFO - [2026-06-13T12:23:10.139+0000] {dagbag.py:545} INFO - Filling up the DagBag from /home/airflow/.local/lib/python3.12/site-packages/airflow/example_dags/plugins/event_listener.py
[2026-06-13T12:23:10.143+0000] {processor.py:842} WARNING - No viable dags retrieved from /home/airflow/.local/lib/python3.12/site-packages/airflow/example_dags/plugins/event_listener.py
[2026-06-13T12:23:10.167+0000] {processor.py:183} INFO - Processing /home/airflow/.local/lib/python3.12/site-packages/airflow/example_dags/plugins/event_listener.py took 0.040 seconds
[2026-06-13T12:26:06.488+0000] {processor.py:161} INFO - Started process (PID=647) to work on /home/airflow/.local/lib/python3.12/site-packages/airflow/example_dags/plugins/event_listener.py
[2026-06-13T12:26:06.489+0000] {processor.py:830} INFO - Processing file /home/airflow/.local/lib/python3.12/site-packages/airflow/example_dags/plugins/event_listener.py for tasks to queue
[2026-06-13T12:26:06.493+0000] {logging_mixin.py:188} INFO - [2026-06-13T12:26:06.493+0000] {dagbag.py:545} INFO - Filling up the DagBag from /home/airflow/.local/lib/python3.12/site-packages/airflow/example_dags/plugins/event_listener.py
[2026-06-13T12:26:06.497+0000] {processor.py:842} WARNING - No viable dags retrieved from /home/airflow/.local/lib/python3.12/site-packages/airflow/example_dags/plugins/event_listener.py
[2026-06-13T12:26:06.517+0000] {processor.py:183} INFO - Processing /home/airflow/.local/lib/python3.12/site-packages/airflow/example_dags/plugins/event_listener.py took 0.035 seconds
[2026-06-13T12:26:38.191+0000] {processor.py:161} INFO - Started process (PID=712) to work on /home/airflow/.local/lib/python3.12/site-packages/airflow/example_dags/plugins/event_listener.py
[2026-06-13T12:26:38.193+0000] {processor.py:830} INFO - Processing file /home/airflow/.local/lib/python3.12/site-packages/airflow/example_dags/plugins/event_listener.py for tasks to queue
[2026-06-13T12:26:38.197+0000] {logging_mixin.py:188} INFO - [2026-06-13T12:26:38.196+0000] {dagbag.py:545} INFO - Filling up the DagBag from /home/airflow/.local/lib/python3.12/site-packages/airflow/example_dags/plugins/event_listener.py
[2026-06-13T12:26:38.200+0000] {processor.py:842} WARNING - No viable dags retrieved from /home/airflow/.local/lib/python3.12/site-packages/airflow/example_dags/plugins/event_listener.py
[2026-06-13T12:26:38.220+0000] {processor.py:183} INFO - Processing /home/airflow/.local/lib/python3.12/site-packages/airflow/example_dags/plugins/event_listener.py took 0.035 seconds
[2026-06-13T12:27:08.407+0000] {processor.py:161} INFO - Started process (PID=770) to work on /home/airflow/.local/lib/python3.12/site-packages/airflow/example_dags/plugins/event_listener.py
[2026-06-13T12:27:08.408+0000] {processor.py:830} INFO - Processing file /home/airflow/.local/lib/python3.12/site-packages/airflow/example_dags/plugins/event_listener.py for tasks to queue
[2026-06-13T12:27:08.411+0000] {logging_mixin.py:188} INFO - [2026-06-13T12:27:08.410+0000] {dagbag.py:545} INFO - Filling up the DagBag from /home/airflow/.local/lib/python3.12/site-packages/airflow/example_dags/plugins/event_listener.py
[2026-06-13T12:27:08.413+0000] {processor.py:842} WARNING - No viable dags retrieved from /home/airflow/.local/lib/python3.12/site-packages/airflow/example_dags/plugins/event_listener.py
[2026-06-13T12:27:08.432+0000] {processor.py:183} INFO - Processing /home/airflow/.local/lib/python3.12/site-packages/airflow/example_dags/plugins/event_listener.py took 0.031 seconds
[2026-06-13T12:27:38.915+0000] {processor.py:161} INFO - Started process (PID=829) to work on /home/airflow/.local/lib/python3.12/site-packages/airflow/example_dags/plugins/event_listener.py
[2026-06-13T12:27:38.917+0000] {processor.py:830} INFO - Processing file /home/airflow/.local/lib/python3.12/site-packages/airflow/example_dags/plugins/event_listener.py for tasks to queue
[2026-06-13T12:27:38.919+0000] {logging_mixin.py:188} INFO - [2026-06-13T12:27:38.919+0000] {dagbag.py:545} INFO - Filling up the DagBag from /home/airflow/.local/lib/python3.12/site-packages/airflow/example_dags/plugins/event_listener.py
[2026-06-13T12:27:38.922+0000] {processor.py:842} WARNING - No viable dags retrieved from /home/airflow/.local/lib/python3.12/site-packages/airflow/example_dags/plugins/event_listener.py
[2026-06-13T12:27:38.944+0000] {processor.py:183} INFO - Processing /home/airflow/.local/lib/python3.12/site-packages/airflow/example_dags/plugins/event_listener.py took 0.036 seconds
[2026-06-13T12:28:09.646+0000] {processor.py:161} INFO - Started process (PID=888) to work on /home/airflow/.local/lib/python3.12/site-packages/airflow/example_dags/plugins/event_listener.py
[2026-06-13T12:28:09.648+0000] {processor.py:830} INFO - Processing file /home/airflow/.local/lib/python3.12/site-packages/airflow/example_dags/plugins/event_listener.py for tasks to queue
[2026-06-13T12:28:09.651+0000] {logging_mixin.py:188} INFO - [2026-06-13T12:28:09.650+0000] {dagbag.py:545} INFO - Filling up the DagBag from /home/airflow/.local/lib/python3.12/site-packages/airflow/example_dags/plugins/event_listener.py
[2026-06-13T12:28:09.654+0000] {processor.py:842} WARNING - No viable dags retrieved from /home/airflow/.local/lib/python3.12/site-packages/airflow/example_dags/plugins/event_listener.py
[2026-06-13T12:28:09.679+0000] {processor.py:183} INFO - Processing /home/airflow/.local/lib/python3.12/site-packages/airflow/example_dags/plugins/event_listener.py took 0.039 seconds
[2026-06-13T12:28:40.127+0000] {processor.py:161} INFO - Started process (PID=948) to work on /home/airflow/.local/lib/python3.12/site-packages/airflow/example_dags/plugins/event_listener.py
[2026-06-13T12:28:40.129+0000] {processor.py:830} INFO - Processing file /home/airflow/.local/lib/python3.12/site-packages/airflow/example_dags/plugins/event_listener.py for tasks to queue
[2026-06-13T12:28:40.133+0000] {logging_mixin.py:188} INFO - [2026-06-13T12:28:40.132+0000] {dagbag.py:545} INFO - Filling up the DagBag from /home/airflow/.local/lib/python3.12/site-packages/airflow/example_dags/plugins/event_listener.py
[2026-06-13T12:28:40.135+0000] {processor.py:842} WARNING - No viable dags retrieved from /home/airflow/.local/lib/python3.12/site-packages/airflow/example_dags/plugins/event_listener.py
[2026-06-13T12:28:40.155+0000] {processor.py:183} INFO - Processing /home/airflow/.local/lib/python3.12/site-packages/airflow/example_dags/plugins/event_listener.py took 0.034 seconds
[2026-06-13T12:29:10.426+0000] {processor.py:161} INFO - Started process (PID=1008) to work on /home/airflow/.local/lib/python3.12/site-packages/airflow/example_dags/plugins/event_listener.py
[2026-06-13T12:29:10.428+0000] {processor.py:830} INFO - Processing file /home/airflow/.local/lib/python3.12/site-packages/airflow/example_dags/plugins/event_listener.py for tasks to queue
[2026-06-13T12:29:10.432+0000] {logging_mixin.py:188} INFO - [2026-06-13T12:29:10.431+0000] {dagbag.py:545} INFO - Filling up the DagBag from /home/airflow/.local/lib/python3.12/site-packages/airflow/example_dags/plugins/event_listener.py
[2026-06-13T12:29:10.434+0000] {processor.py:842} WARNING - No viable dags retrieved from /home/airflow/.local/lib/python3.12/site-packages/airflow/example_dags/plugins/event_listener.py
[2026-06-13T12:29:10.454+0000] {processor.py:183} INFO - Processing /home/airflow/.local/lib/python3.12/site-packages/airflow/example_dags/plugins/event_listener.py took 0.034 seconds
[2026-06-13T12:29:40.751+0000] {processor.py:161} INFO - Started process (PID=1067) to work on /home/airflow/.local/lib/python3.12/site-packages/airflow/example_dags/plugins/event_listener.py
[2026-06-13T12:29:40.753+0000] {processor.py:830} INFO - Processing file /home/airflow/.local/lib/python3.12/site-packages/airflow/example_dags/plugins/event_listener.py for tasks to queue
[2026-06-13T12:29:40.756+0000] {logging_mixin.py:188} INFO - [2026-06-13T12:29:40.755+0000] {dagbag.py:545} INFO - Filling up the DagBag from /home/airflow/.local/lib/python3.12/site-packages/airflow/example_dags/plugins/event_listener.py
[2026-06-13T12:29:40.759+0000] {processor.py:842} WARNING - No viable dags retrieved from /home/airflow/.local/lib/python3.12/site-packages/airflow/example_dags/plugins/event_listener.py
[2026-06-13T12:29:40.778+0000] {processor.py:183} INFO - Processing /home/airflow/.local/lib/python3.12/site-packages/airflow/example_dags/plugins/event_listener.py took 0.033 seconds
[2026-06-13T12:30:11.830+0000] {processor.py:161} INFO - Started process (PID=1126) to work on /home/airflow/.local/lib/python3.12/site-packages/airflow/example_dags/plugins/event_listener.py
[2026-06-13T12:30:11.832+0000] {processor.py:830} INFO - Processing file /home/airflow/.local/lib/python3.12/site-packages/airflow/example_dags/plugins/event_listener.py for tasks to queue
[2026-06-13T12:30:11.836+0000] {logging_mixin.py:188} INFO - [2026-06-13T12:30:11.835+0000] {dagbag.py:545} INFO - Filling up the DagBag from /home/airflow/.local/lib/python3.12/site-packages/airflow/example_dags/plugins/event_listener.py
[2026-06-13T12:30:11.839+0000] {processor.py:842} WARNING - No viable dags retrieved from /home/airflow/.local/lib/python3.12/site-packages/airflow/example_dags/plugins/event_listener.py
[2026-06-13T12:30:11.859+0000] {processor.py:183} INFO - Processing /home/airflow/.local/lib/python3.12/site-packages/airflow/example_dags/plugins/event_listener.py took 0.035 seconds
[2026-06-13T12:30:42.670+0000] {processor.py:161} INFO - Started process (PID=1185) to work on /home/airflow/.local/lib/python3.12/site-packages/airflow/example_dags/plugins/event_listener.py
[2026-06-13T12:30:42.672+0000] {processor.py:830} INFO - Processing file /home/airflow/.local/lib/python3.12/site-packages/airflow/example_dags/plugins/event_listener.py for tasks to queue
[2026-06-13T12:30:42.674+0000] {logging_mixin.py:188} INFO - [2026-06-13T12:30:42.674+0000] {dagbag.py:545} INFO - Filling up the DagBag from /home/airflow/.local/lib/python3.12/site-packages/airflow/example_dags/plugins/event_listener.py
[2026-06-13T12:30:42.678+0000] {processor.py:842} WARNING - No viable dags retrieved from /home/airflow/.local/lib/python3.12/site-packages/airflow/example_dags/plugins/event_listener.py
[2026-06-13T12:30:42.698+0000] {processor.py:183} INFO - Processing /home/airflow/.local/lib/python3.12/site-packages/airflow/example_dags/plugins/event_listener.py took 0.034 seconds
[2026-06-13T12:31:13.378+0000] {processor.py:161} INFO - Started process (PID=1244) to work on /home/airflow/.local/lib/python3.12/site-packages/airflow/example_dags/plugins/event_listener.py
[2026-06-13T12:31:13.380+0000] {processor.py:830} INFO - Processing file /home/airflow/.local/lib/python3.12/site-packages/airflow/example_dags/plugins/event_listener.py for tasks to queue
[2026-06-13T12:31:13.383+0000] {logging_mixin.py:188} INFO - [2026-06-13T12:31:13.382+0000] {dagbag.py:545} INFO - Filling up the DagBag from /home/airflow/.local/lib/python3.12/site-packages/airflow/example_dags/plugins/event_listener.py
[2026-06-13T12:31:13.386+0000] {processor.py:842} WARNING - No viable dags retrieved from /home/airflow/.local/lib/python3.12/site-packages/airflow/example_dags/plugins/event_listener.py
[2026-06-13T12:31:13.405+0000] {processor.py:183} INFO - Processing /home/airflow/.local/lib/python3.12/site-packages/airflow/example_dags/plugins/event_listener.py took 0.033 seconds
[2026-06-13T16:08:28.477+0000] {processor.py:161} INFO - Started process (PID=1309) to work on /home/airflow/.local/lib/python3.12/site-packages/airflow/example_dags/plugins/event_listener.py
[2026-06-13T16:08:28.479+0000] {processor.py:830} INFO - Processing file /home/airflow/.local/lib/python3.12/site-packages/airflow/example_dags/plugins/event_listener.py for tasks to queue
[2026-06-13T16:08:28.482+0000] {logging_mixin.py:188} INFO - [2026-06-13T16:08:28.482+0000] {dagbag.py:545} INFO - Filling up the DagBag from /home/airflow/.local/lib/python3.12/site-packages/airflow/example_dags/plugins/event_listener.py
[2026-06-13T16:08:28.486+0000] {processor.py:842} WARNING - No viable dags retrieved from /home/airflow/.local/lib/python3.12/site-packages/airflow/example_dags/plugins/event_listener.py
[2026-06-13T16:08:28.510+0000] {processor.py:183} INFO - Processing /home/airflow/.local/lib/python3.12/site-packages/airflow/example_dags/plugins/event_listener.py took 0.041 seconds
