[2026-06-13T10:55:53.510+0000] {processor.py:161} INFO - Started process (PID=62) to work on /opt/airflow/dags/airpulse_pipeline.py
[2026-06-13T10:55:53.512+0000] {processor.py:830} INFO - Processing file /opt/airflow/dags/airpulse_pipeline.py for tasks to queue
[2026-06-13T10:55:53.516+0000] {logging_mixin.py:188} INFO - [2026-06-13T10:55:53.515+0000] {dagbag.py:545} INFO - Filling up the DagBag from /opt/airflow/dags/airpulse_pipeline.py
[2026-06-13T10:55:53.584+0000] {processor.py:840} INFO - DAG(s) 'airpulse_pipeline' retrieved from /opt/airflow/dags/airpulse_pipeline.py
[2026-06-13T10:55:53.936+0000] {logging_mixin.py:188} INFO - [2026-06-13T10:55:53.936+0000] {override.py:1829} INFO - Created Permission View: can delete on DAG:airpulse_pipeline
[2026-06-13T10:55:53.954+0000] {logging_mixin.py:188} INFO - [2026-06-13T10:55:53.953+0000] {override.py:1829} INFO - Created Permission View: can read on DAG:airpulse_pipeline
[2026-06-13T10:55:53.967+0000] {logging_mixin.py:188} INFO - [2026-06-13T10:55:53.967+0000] {override.py:1829} INFO - Created Permission View: can edit on DAG:airpulse_pipeline
[2026-06-13T10:55:53.969+0000] {logging_mixin.py:188} INFO - [2026-06-13T10:55:53.969+0000] {dag.py:3096} INFO - Sync 1 DAGs
[2026-06-13T10:55:53.987+0000] {logging_mixin.py:188} INFO - [2026-06-13T10:55:53.987+0000] {dag.py:3118} INFO - Creating ORM DAG for airpulse_pipeline
[2026-06-13T10:55:54.005+0000] {logging_mixin.py:188} INFO - [2026-06-13T10:55:54.004+0000] {dag.py:3954} INFO - Setting next_dagrun for airpulse_pipeline to 2026-06-12 00:00:00+00:00, run_after=2026-06-13 00:00:00+00:00
[2026-06-13T10:55:54.042+0000] {processor.py:183} INFO - Processing /opt/airflow/dags/airpulse_pipeline.py took 0.541 seconds
[2026-06-13T10:56:24.189+0000] {processor.py:161} INFO - Started process (PID=122) to work on /opt/airflow/dags/airpulse_pipeline.py
[2026-06-13T10:56:24.206+0000] {processor.py:830} INFO - Processing file /opt/airflow/dags/airpulse_pipeline.py for tasks to queue
[2026-06-13T10:56:24.209+0000] {logging_mixin.py:188} INFO - [2026-06-13T10:56:24.209+0000] {dagbag.py:545} INFO - Filling up the DagBag from /opt/airflow/dags/airpulse_pipeline.py
[2026-06-13T10:56:24.234+0000] {processor.py:840} INFO - DAG(s) 'airpulse_pipeline' retrieved from /opt/airflow/dags/airpulse_pipeline.py
[2026-06-13T10:56:24.266+0000] {logging_mixin.py:188} INFO - [2026-06-13T10:56:24.266+0000] {dag.py:3096} INFO - Sync 1 DAGs
[2026-06-13T10:56:24.295+0000] {logging_mixin.py:188} INFO - [2026-06-13T10:56:24.295+0000] {dag.py:3954} INFO - Setting next_dagrun for airpulse_pipeline to 2026-06-12 00:00:00+00:00, run_after=2026-06-13 00:00:00+00:00
[2026-06-13T10:56:24.324+0000] {processor.py:183} INFO - Processing /opt/airflow/dags/airpulse_pipeline.py took 0.141 seconds
[2026-06-13T10:56:54.404+0000] {processor.py:161} INFO - Started process (PID=180) to work on /opt/airflow/dags/airpulse_pipeline.py
[2026-06-13T10:56:54.406+0000] {processor.py:830} INFO - Processing file /opt/airflow/dags/airpulse_pipeline.py for tasks to queue
[2026-06-13T10:56:54.409+0000] {logging_mixin.py:188} INFO - [2026-06-13T10:56:54.409+0000] {dagbag.py:545} INFO - Filling up the DagBag from /opt/airflow/dags/airpulse_pipeline.py
[2026-06-13T10:56:54.439+0000] {processor.py:840} INFO - DAG(s) 'airpulse_pipeline' retrieved from /opt/airflow/dags/airpulse_pipeline.py
[2026-06-13T10:56:54.568+0000] {logging_mixin.py:188} INFO - [2026-06-13T10:56:54.568+0000] {dag.py:3096} INFO - Sync 1 DAGs
[2026-06-13T10:56:54.591+0000] {logging_mixin.py:188} INFO - [2026-06-13T10:56:54.591+0000] {dag.py:3954} INFO - Setting next_dagrun for airpulse_pipeline to 2026-06-12 00:00:00+00:00, run_after=2026-06-13 00:00:00+00:00
[2026-06-13T10:56:54.620+0000] {processor.py:183} INFO - Processing /opt/airflow/dags/airpulse_pipeline.py took 0.223 seconds
[2026-06-13T10:57:24.744+0000] {processor.py:161} INFO - Started process (PID=239) to work on /opt/airflow/dags/airpulse_pipeline.py
[2026-06-13T10:57:24.746+0000] {processor.py:830} INFO - Processing file /opt/airflow/dags/airpulse_pipeline.py for tasks to queue
[2026-06-13T10:57:24.750+0000] {logging_mixin.py:188} INFO - [2026-06-13T10:57:24.749+0000] {dagbag.py:545} INFO - Filling up the DagBag from /opt/airflow/dags/airpulse_pipeline.py
[2026-06-13T10:57:24.781+0000] {processor.py:840} INFO - DAG(s) 'airpulse_pipeline' retrieved from /opt/airflow/dags/airpulse_pipeline.py
[2026-06-13T10:57:24.812+0000] {logging_mixin.py:188} INFO - [2026-06-13T10:57:24.812+0000] {dag.py:3096} INFO - Sync 1 DAGs
[2026-06-13T10:57:24.843+0000] {logging_mixin.py:188} INFO - [2026-06-13T10:57:24.842+0000] {dag.py:3954} INFO - Setting next_dagrun for airpulse_pipeline to 2026-06-12 00:00:00+00:00, run_after=2026-06-13 00:00:00+00:00
[2026-06-13T10:57:24.884+0000] {processor.py:183} INFO - Processing /opt/airflow/dags/airpulse_pipeline.py took 0.148 seconds
[2026-06-13T10:57:55.069+0000] {processor.py:161} INFO - Started process (PID=299) to work on /opt/airflow/dags/airpulse_pipeline.py
[2026-06-13T10:57:55.075+0000] {processor.py:830} INFO - Processing file /opt/airflow/dags/airpulse_pipeline.py for tasks to queue
[2026-06-13T10:57:55.085+0000] {logging_mixin.py:188} INFO - [2026-06-13T10:57:55.084+0000] {dagbag.py:545} INFO - Filling up the DagBag from /opt/airflow/dags/airpulse_pipeline.py
[2026-06-13T10:57:55.135+0000] {processor.py:840} INFO - DAG(s) 'airpulse_pipeline' retrieved from /opt/airflow/dags/airpulse_pipeline.py
[2026-06-13T10:57:55.192+0000] {logging_mixin.py:188} INFO - [2026-06-13T10:57:55.192+0000] {dag.py:3096} INFO - Sync 1 DAGs
[2026-06-13T10:57:55.253+0000] {logging_mixin.py:188} INFO - [2026-06-13T10:57:55.252+0000] {dag.py:3954} INFO - Setting next_dagrun for airpulse_pipeline to 2026-06-13 00:00:00+00:00, run_after=2026-06-14 00:00:00+00:00
[2026-06-13T10:57:55.297+0000] {processor.py:183} INFO - Processing /opt/airflow/dags/airpulse_pipeline.py took 0.253 seconds
[2026-06-13T10:58:25.622+0000] {processor.py:161} INFO - Started process (PID=358) to work on /opt/airflow/dags/airpulse_pipeline.py
[2026-06-13T10:58:25.624+0000] {processor.py:830} INFO - Processing file /opt/airflow/dags/airpulse_pipeline.py for tasks to queue
[2026-06-13T10:58:25.628+0000] {logging_mixin.py:188} INFO - [2026-06-13T10:58:25.627+0000] {dagbag.py:545} INFO - Filling up the DagBag from /opt/airflow/dags/airpulse_pipeline.py
[2026-06-13T10:58:25.657+0000] {processor.py:840} INFO - DAG(s) 'airpulse_pipeline' retrieved from /opt/airflow/dags/airpulse_pipeline.py
[2026-06-13T10:58:25.690+0000] {logging_mixin.py:188} INFO - [2026-06-13T10:58:25.689+0000] {dag.py:3096} INFO - Sync 1 DAGs
[2026-06-13T10:58:25.723+0000] {logging_mixin.py:188} INFO - [2026-06-13T10:58:25.722+0000] {dag.py:3954} INFO - Setting next_dagrun for airpulse_pipeline to 2026-06-13 00:00:00+00:00, run_after=2026-06-14 00:00:00+00:00
[2026-06-13T10:58:25.758+0000] {processor.py:183} INFO - Processing /opt/airflow/dags/airpulse_pipeline.py took 0.145 seconds
[2026-06-13T10:58:55.890+0000] {processor.py:161} INFO - Started process (PID=417) to work on /opt/airflow/dags/airpulse_pipeline.py
[2026-06-13T10:58:55.892+0000] {processor.py:830} INFO - Processing file /opt/airflow/dags/airpulse_pipeline.py for tasks to queue
[2026-06-13T10:58:55.896+0000] {logging_mixin.py:188} INFO - [2026-06-13T10:58:55.895+0000] {dagbag.py:545} INFO - Filling up the DagBag from /opt/airflow/dags/airpulse_pipeline.py
[2026-06-13T10:58:55.924+0000] {processor.py:840} INFO - DAG(s) 'airpulse_pipeline' retrieved from /opt/airflow/dags/airpulse_pipeline.py
[2026-06-13T10:58:55.952+0000] {logging_mixin.py:188} INFO - [2026-06-13T10:58:55.952+0000] {dag.py:3096} INFO - Sync 1 DAGs
[2026-06-13T10:58:55.985+0000] {logging_mixin.py:188} INFO - [2026-06-13T10:58:55.985+0000] {dag.py:3954} INFO - Setting next_dagrun for airpulse_pipeline to 2026-06-13 00:00:00+00:00, run_after=2026-06-14 00:00:00+00:00
[2026-06-13T10:58:56.024+0000] {processor.py:183} INFO - Processing /opt/airflow/dags/airpulse_pipeline.py took 0.141 seconds
[2026-06-13T10:59:26.281+0000] {processor.py:161} INFO - Started process (PID=477) to work on /opt/airflow/dags/airpulse_pipeline.py
[2026-06-13T10:59:26.283+0000] {processor.py:830} INFO - Processing file /opt/airflow/dags/airpulse_pipeline.py for tasks to queue
[2026-06-13T10:59:26.287+0000] {logging_mixin.py:188} INFO - [2026-06-13T10:59:26.286+0000] {dagbag.py:545} INFO - Filling up the DagBag from /opt/airflow/dags/airpulse_pipeline.py
[2026-06-13T10:59:26.319+0000] {processor.py:840} INFO - DAG(s) 'airpulse_pipeline' retrieved from /opt/airflow/dags/airpulse_pipeline.py
[2026-06-13T10:59:26.347+0000] {logging_mixin.py:188} INFO - [2026-06-13T10:59:26.347+0000] {dag.py:3096} INFO - Sync 1 DAGs
[2026-06-13T10:59:26.373+0000] {logging_mixin.py:188} INFO - [2026-06-13T10:59:26.372+0000] {dag.py:3954} INFO - Setting next_dagrun for airpulse_pipeline to 2026-06-13 00:00:00+00:00, run_after=2026-06-14 00:00:00+00:00
[2026-06-13T10:59:26.402+0000] {processor.py:183} INFO - Processing /opt/airflow/dags/airpulse_pipeline.py took 0.129 seconds
[2026-06-13T10:59:56.466+0000] {processor.py:161} INFO - Started process (PID=536) to work on /opt/airflow/dags/airpulse_pipeline.py
[2026-06-13T10:59:56.468+0000] {processor.py:830} INFO - Processing file /opt/airflow/dags/airpulse_pipeline.py for tasks to queue
[2026-06-13T10:59:56.471+0000] {logging_mixin.py:188} INFO - [2026-06-13T10:59:56.471+0000] {dagbag.py:545} INFO - Filling up the DagBag from /opt/airflow/dags/airpulse_pipeline.py
[2026-06-13T10:59:56.498+0000] {processor.py:840} INFO - DAG(s) 'airpulse_pipeline' retrieved from /opt/airflow/dags/airpulse_pipeline.py
[2026-06-13T10:59:56.524+0000] {logging_mixin.py:188} INFO - [2026-06-13T10:59:56.523+0000] {dag.py:3096} INFO - Sync 1 DAGs
[2026-06-13T10:59:56.553+0000] {logging_mixin.py:188} INFO - [2026-06-13T10:59:56.553+0000] {dag.py:3954} INFO - Setting next_dagrun for airpulse_pipeline to 2026-06-13 00:00:00+00:00, run_after=2026-06-14 00:00:00+00:00
[2026-06-13T10:59:56.584+0000] {processor.py:183} INFO - Processing /opt/airflow/dags/airpulse_pipeline.py took 0.124 seconds
[2026-06-13T11:00:26.891+0000] {processor.py:161} INFO - Started process (PID=594) to work on /opt/airflow/dags/airpulse_pipeline.py
[2026-06-13T11:00:26.892+0000] {processor.py:830} INFO - Processing file /opt/airflow/dags/airpulse_pipeline.py for tasks to queue
[2026-06-13T11:00:26.895+0000] {logging_mixin.py:188} INFO - [2026-06-13T11:00:26.895+0000] {dagbag.py:545} INFO - Filling up the DagBag from /opt/airflow/dags/airpulse_pipeline.py
[2026-06-13T11:00:26.921+0000] {processor.py:840} INFO - DAG(s) 'airpulse_pipeline' retrieved from /opt/airflow/dags/airpulse_pipeline.py
[2026-06-13T11:00:26.946+0000] {logging_mixin.py:188} INFO - [2026-06-13T11:00:26.946+0000] {dag.py:3096} INFO - Sync 1 DAGs
[2026-06-13T11:00:26.974+0000] {logging_mixin.py:188} INFO - [2026-06-13T11:00:26.974+0000] {dag.py:3954} INFO - Setting next_dagrun for airpulse_pipeline to 2026-06-13 00:00:00+00:00, run_after=2026-06-14 00:00:00+00:00
[2026-06-13T11:00:27.004+0000] {processor.py:183} INFO - Processing /opt/airflow/dags/airpulse_pipeline.py took 0.119 seconds
[2026-06-13T11:00:57.095+0000] {processor.py:161} INFO - Started process (PID=653) to work on /opt/airflow/dags/airpulse_pipeline.py
[2026-06-13T11:00:57.097+0000] {processor.py:830} INFO - Processing file /opt/airflow/dags/airpulse_pipeline.py for tasks to queue
[2026-06-13T11:00:57.099+0000] {logging_mixin.py:188} INFO - [2026-06-13T11:00:57.099+0000] {dagbag.py:545} INFO - Filling up the DagBag from /opt/airflow/dags/airpulse_pipeline.py
[2026-06-13T11:00:57.127+0000] {processor.py:840} INFO - DAG(s) 'airpulse_pipeline' retrieved from /opt/airflow/dags/airpulse_pipeline.py
[2026-06-13T11:00:57.149+0000] {logging_mixin.py:188} INFO - [2026-06-13T11:00:57.149+0000] {dag.py:3096} INFO - Sync 1 DAGs
[2026-06-13T11:00:57.175+0000] {logging_mixin.py:188} INFO - [2026-06-13T11:00:57.175+0000] {dag.py:3954} INFO - Setting next_dagrun for airpulse_pipeline to 2026-06-13 00:00:00+00:00, run_after=2026-06-14 00:00:00+00:00
[2026-06-13T11:00:57.207+0000] {processor.py:183} INFO - Processing /opt/airflow/dags/airpulse_pipeline.py took 0.118 seconds
[2026-06-13T11:01:27.493+0000] {processor.py:161} INFO - Started process (PID=712) to work on /opt/airflow/dags/airpulse_pipeline.py
[2026-06-13T11:01:27.494+0000] {processor.py:830} INFO - Processing file /opt/airflow/dags/airpulse_pipeline.py for tasks to queue
[2026-06-13T11:01:27.503+0000] {logging_mixin.py:188} INFO - [2026-06-13T11:01:27.502+0000] {dagbag.py:545} INFO - Filling up the DagBag from /opt/airflow/dags/airpulse_pipeline.py
[2026-06-13T11:01:27.548+0000] {processor.py:840} INFO - DAG(s) 'airpulse_pipeline' retrieved from /opt/airflow/dags/airpulse_pipeline.py
[2026-06-13T11:01:27.620+0000] {logging_mixin.py:188} INFO - [2026-06-13T11:01:27.620+0000] {dag.py:3096} INFO - Sync 1 DAGs
[2026-06-13T11:01:27.678+0000] {logging_mixin.py:188} INFO - [2026-06-13T11:01:27.677+0000] {dag.py:3954} INFO - Setting next_dagrun for airpulse_pipeline to 2026-06-13 00:00:00+00:00, run_after=2026-06-14 00:00:00+00:00
[2026-06-13T11:01:27.720+0000] {processor.py:183} INFO - Processing /opt/airflow/dags/airpulse_pipeline.py took 0.237 seconds
[2026-06-13T11:01:57.792+0000] {processor.py:161} INFO - Started process (PID=771) to work on /opt/airflow/dags/airpulse_pipeline.py
[2026-06-13T11:01:57.793+0000] {processor.py:830} INFO - Processing file /opt/airflow/dags/airpulse_pipeline.py for tasks to queue
[2026-06-13T11:01:57.797+0000] {logging_mixin.py:188} INFO - [2026-06-13T11:01:57.796+0000] {dagbag.py:545} INFO - Filling up the DagBag from /opt/airflow/dags/airpulse_pipeline.py
[2026-06-13T11:01:57.825+0000] {processor.py:840} INFO - DAG(s) 'airpulse_pipeline' retrieved from /opt/airflow/dags/airpulse_pipeline.py
[2026-06-13T11:01:57.855+0000] {logging_mixin.py:188} INFO - [2026-06-13T11:01:57.855+0000] {dag.py:3096} INFO - Sync 1 DAGs
[2026-06-13T11:01:57.885+0000] {logging_mixin.py:188} INFO - [2026-06-13T11:01:57.885+0000] {dag.py:3954} INFO - Setting next_dagrun for airpulse_pipeline to 2026-06-13 00:00:00+00:00, run_after=2026-06-14 00:00:00+00:00
[2026-06-13T11:01:57.916+0000] {processor.py:183} INFO - Processing /opt/airflow/dags/airpulse_pipeline.py took 0.133 seconds
[2026-06-13T11:02:28.045+0000] {processor.py:161} INFO - Started process (PID=830) to work on /opt/airflow/dags/airpulse_pipeline.py
[2026-06-13T11:02:28.046+0000] {processor.py:830} INFO - Processing file /opt/airflow/dags/airpulse_pipeline.py for tasks to queue
[2026-06-13T11:02:28.050+0000] {logging_mixin.py:188} INFO - [2026-06-13T11:02:28.050+0000] {dagbag.py:545} INFO - Filling up the DagBag from /opt/airflow/dags/airpulse_pipeline.py
[2026-06-13T11:02:28.078+0000] {processor.py:840} INFO - DAG(s) 'airpulse_pipeline' retrieved from /opt/airflow/dags/airpulse_pipeline.py
[2026-06-13T11:02:28.102+0000] {logging_mixin.py:188} INFO - [2026-06-13T11:02:28.102+0000] {dag.py:3096} INFO - Sync 1 DAGs
[2026-06-13T11:02:28.128+0000] {logging_mixin.py:188} INFO - [2026-06-13T11:02:28.128+0000] {dag.py:3954} INFO - Setting next_dagrun for airpulse_pipeline to 2026-06-13 00:00:00+00:00, run_after=2026-06-14 00:00:00+00:00
[2026-06-13T11:02:28.155+0000] {processor.py:183} INFO - Processing /opt/airflow/dags/airpulse_pipeline.py took 0.117 seconds
[2026-06-13T11:02:58.633+0000] {processor.py:161} INFO - Started process (PID=889) to work on /opt/airflow/dags/airpulse_pipeline.py
[2026-06-13T11:02:58.635+0000] {processor.py:830} INFO - Processing file /opt/airflow/dags/airpulse_pipeline.py for tasks to queue
[2026-06-13T11:02:58.638+0000] {logging_mixin.py:188} INFO - [2026-06-13T11:02:58.638+0000] {dagbag.py:545} INFO - Filling up the DagBag from /opt/airflow/dags/airpulse_pipeline.py
[2026-06-13T11:02:58.668+0000] {processor.py:840} INFO - DAG(s) 'airpulse_pipeline' retrieved from /opt/airflow/dags/airpulse_pipeline.py
[2026-06-13T11:02:58.693+0000] {logging_mixin.py:188} INFO - [2026-06-13T11:02:58.693+0000] {dag.py:3096} INFO - Sync 1 DAGs
[2026-06-13T11:02:58.720+0000] {logging_mixin.py:188} INFO - [2026-06-13T11:02:58.719+0000] {dag.py:3954} INFO - Setting next_dagrun for airpulse_pipeline to 2026-06-13 00:00:00+00:00, run_after=2026-06-14 00:00:00+00:00
[2026-06-13T11:02:58.752+0000] {processor.py:183} INFO - Processing /opt/airflow/dags/airpulse_pipeline.py took 0.125 seconds
[2026-06-13T11:03:29.024+0000] {processor.py:161} INFO - Started process (PID=948) to work on /opt/airflow/dags/airpulse_pipeline.py
[2026-06-13T11:03:29.025+0000] {processor.py:830} INFO - Processing file /opt/airflow/dags/airpulse_pipeline.py for tasks to queue
[2026-06-13T11:03:29.029+0000] {logging_mixin.py:188} INFO - [2026-06-13T11:03:29.028+0000] {dagbag.py:545} INFO - Filling up the DagBag from /opt/airflow/dags/airpulse_pipeline.py
[2026-06-13T11:03:29.060+0000] {processor.py:840} INFO - DAG(s) 'airpulse_pipeline' retrieved from /opt/airflow/dags/airpulse_pipeline.py
[2026-06-13T11:03:29.092+0000] {logging_mixin.py:188} INFO - [2026-06-13T11:03:29.091+0000] {dag.py:3096} INFO - Sync 1 DAGs
[2026-06-13T11:03:29.121+0000] {logging_mixin.py:188} INFO - [2026-06-13T11:03:29.121+0000] {dag.py:3954} INFO - Setting next_dagrun for airpulse_pipeline to 2026-06-13 00:00:00+00:00, run_after=2026-06-14 00:00:00+00:00
[2026-06-13T11:03:29.155+0000] {processor.py:183} INFO - Processing /opt/airflow/dags/airpulse_pipeline.py took 0.140 seconds
[2026-06-13T11:03:59.443+0000] {processor.py:161} INFO - Started process (PID=1008) to work on /opt/airflow/dags/airpulse_pipeline.py
[2026-06-13T11:03:59.444+0000] {processor.py:830} INFO - Processing file /opt/airflow/dags/airpulse_pipeline.py for tasks to queue
[2026-06-13T11:03:59.447+0000] {logging_mixin.py:188} INFO - [2026-06-13T11:03:59.447+0000] {dagbag.py:545} INFO - Filling up the DagBag from /opt/airflow/dags/airpulse_pipeline.py
[2026-06-13T11:03:59.476+0000] {processor.py:840} INFO - DAG(s) 'airpulse_pipeline' retrieved from /opt/airflow/dags/airpulse_pipeline.py
[2026-06-13T11:03:59.501+0000] {logging_mixin.py:188} INFO - [2026-06-13T11:03:59.501+0000] {dag.py:3096} INFO - Sync 1 DAGs
[2026-06-13T11:03:59.528+0000] {logging_mixin.py:188} INFO - [2026-06-13T11:03:59.528+0000] {dag.py:3954} INFO - Setting next_dagrun for airpulse_pipeline to 2026-06-13 00:00:00+00:00, run_after=2026-06-14 00:00:00+00:00
[2026-06-13T11:03:59.558+0000] {processor.py:183} INFO - Processing /opt/airflow/dags/airpulse_pipeline.py took 0.122 seconds
[2026-06-13T11:04:29.823+0000] {processor.py:161} INFO - Started process (PID=1072) to work on /opt/airflow/dags/airpulse_pipeline.py
[2026-06-13T11:04:29.824+0000] {processor.py:830} INFO - Processing file /opt/airflow/dags/airpulse_pipeline.py for tasks to queue
[2026-06-13T11:04:29.827+0000] {logging_mixin.py:188} INFO - [2026-06-13T11:04:29.826+0000] {dagbag.py:545} INFO - Filling up the DagBag from /opt/airflow/dags/airpulse_pipeline.py
[2026-06-13T11:04:29.853+0000] {processor.py:840} INFO - DAG(s) 'airpulse_pipeline' retrieved from /opt/airflow/dags/airpulse_pipeline.py
[2026-06-13T11:04:29.879+0000] {logging_mixin.py:188} INFO - [2026-06-13T11:04:29.879+0000] {dag.py:3096} INFO - Sync 1 DAGs
[2026-06-13T11:04:29.905+0000] {logging_mixin.py:188} INFO - [2026-06-13T11:04:29.905+0000] {dag.py:3954} INFO - Setting next_dagrun for airpulse_pipeline to 2026-06-13 00:00:00+00:00, run_after=2026-06-14 00:00:00+00:00
[2026-06-13T11:04:29.933+0000] {processor.py:183} INFO - Processing /opt/airflow/dags/airpulse_pipeline.py took 0.116 seconds
[2026-06-13T11:05:00.022+0000] {processor.py:161} INFO - Started process (PID=1131) to work on /opt/airflow/dags/airpulse_pipeline.py
[2026-06-13T11:05:00.023+0000] {processor.py:830} INFO - Processing file /opt/airflow/dags/airpulse_pipeline.py for tasks to queue
[2026-06-13T11:05:00.026+0000] {logging_mixin.py:188} INFO - [2026-06-13T11:05:00.025+0000] {dagbag.py:545} INFO - Filling up the DagBag from /opt/airflow/dags/airpulse_pipeline.py
[2026-06-13T11:05:00.053+0000] {processor.py:840} INFO - DAG(s) 'airpulse_pipeline' retrieved from /opt/airflow/dags/airpulse_pipeline.py
[2026-06-13T11:05:00.081+0000] {logging_mixin.py:188} INFO - [2026-06-13T11:05:00.081+0000] {dag.py:3096} INFO - Sync 1 DAGs
[2026-06-13T11:05:00.106+0000] {logging_mixin.py:188} INFO - [2026-06-13T11:05:00.106+0000] {dag.py:3954} INFO - Setting next_dagrun for airpulse_pipeline to 2026-06-13 00:00:00+00:00, run_after=2026-06-14 00:00:00+00:00
[2026-06-13T11:05:00.136+0000] {processor.py:183} INFO - Processing /opt/airflow/dags/airpulse_pipeline.py took 0.122 seconds
[2026-06-13T11:05:30.339+0000] {processor.py:161} INFO - Started process (PID=1191) to work on /opt/airflow/dags/airpulse_pipeline.py
[2026-06-13T11:05:30.340+0000] {processor.py:830} INFO - Processing file /opt/airflow/dags/airpulse_pipeline.py for tasks to queue
[2026-06-13T11:05:30.343+0000] {logging_mixin.py:188} INFO - [2026-06-13T11:05:30.342+0000] {dagbag.py:545} INFO - Filling up the DagBag from /opt/airflow/dags/airpulse_pipeline.py
[2026-06-13T11:05:30.371+0000] {processor.py:840} INFO - DAG(s) 'airpulse_pipeline' retrieved from /opt/airflow/dags/airpulse_pipeline.py
[2026-06-13T11:05:30.401+0000] {logging_mixin.py:188} INFO - [2026-06-13T11:05:30.401+0000] {dag.py:3096} INFO - Sync 1 DAGs
[2026-06-13T11:05:30.438+0000] {logging_mixin.py:188} INFO - [2026-06-13T11:05:30.437+0000] {dag.py:3954} INFO - Setting next_dagrun for airpulse_pipeline to 2026-06-13 00:00:00+00:00, run_after=2026-06-14 00:00:00+00:00
[2026-06-13T11:05:30.472+0000] {processor.py:183} INFO - Processing /opt/airflow/dags/airpulse_pipeline.py took 0.140 seconds
[2026-06-13T11:06:00.898+0000] {processor.py:161} INFO - Started process (PID=1250) to work on /opt/airflow/dags/airpulse_pipeline.py
[2026-06-13T11:06:00.900+0000] {processor.py:830} INFO - Processing file /opt/airflow/dags/airpulse_pipeline.py for tasks to queue
[2026-06-13T11:06:00.903+0000] {logging_mixin.py:188} INFO - [2026-06-13T11:06:00.903+0000] {dagbag.py:545} INFO - Filling up the DagBag from /opt/airflow/dags/airpulse_pipeline.py
[2026-06-13T11:06:00.946+0000] {processor.py:840} INFO - DAG(s) 'airpulse_pipeline' retrieved from /opt/airflow/dags/airpulse_pipeline.py
[2026-06-13T11:06:01.120+0000] {logging_mixin.py:188} INFO - [2026-06-13T11:06:01.120+0000] {dag.py:3096} INFO - Sync 1 DAGs
[2026-06-13T11:06:01.390+0000] {logging_mixin.py:188} INFO - [2026-06-13T11:06:01.389+0000] {dag.py:3954} INFO - Setting next_dagrun for airpulse_pipeline to 2026-06-13 00:00:00+00:00, run_after=2026-06-14 00:00:00+00:00
[2026-06-13T11:06:01.422+0000] {processor.py:183} INFO - Processing /opt/airflow/dags/airpulse_pipeline.py took 0.530 seconds
[2026-06-13T11:06:31.505+0000] {processor.py:161} INFO - Started process (PID=1309) to work on /opt/airflow/dags/airpulse_pipeline.py
[2026-06-13T11:06:31.506+0000] {processor.py:830} INFO - Processing file /opt/airflow/dags/airpulse_pipeline.py for tasks to queue
[2026-06-13T11:06:31.509+0000] {logging_mixin.py:188} INFO - [2026-06-13T11:06:31.508+0000] {dagbag.py:545} INFO - Filling up the DagBag from /opt/airflow/dags/airpulse_pipeline.py
[2026-06-13T11:06:31.535+0000] {processor.py:840} INFO - DAG(s) 'airpulse_pipeline' retrieved from /opt/airflow/dags/airpulse_pipeline.py
[2026-06-13T11:06:31.564+0000] {logging_mixin.py:188} INFO - [2026-06-13T11:06:31.563+0000] {dag.py:3096} INFO - Sync 1 DAGs
[2026-06-13T11:06:31.591+0000] {logging_mixin.py:188} INFO - [2026-06-13T11:06:31.591+0000] {dag.py:3954} INFO - Setting next_dagrun for airpulse_pipeline to 2026-06-13 00:00:00+00:00, run_after=2026-06-14 00:00:00+00:00
[2026-06-13T11:06:31.623+0000] {processor.py:183} INFO - Processing /opt/airflow/dags/airpulse_pipeline.py took 0.124 seconds
[2026-06-13T11:07:02.222+0000] {processor.py:161} INFO - Started process (PID=1368) to work on /opt/airflow/dags/airpulse_pipeline.py
[2026-06-13T11:07:02.223+0000] {processor.py:830} INFO - Processing file /opt/airflow/dags/airpulse_pipeline.py for tasks to queue
[2026-06-13T11:07:02.226+0000] {logging_mixin.py:188} INFO - [2026-06-13T11:07:02.226+0000] {dagbag.py:545} INFO - Filling up the DagBag from /opt/airflow/dags/airpulse_pipeline.py
[2026-06-13T11:07:02.251+0000] {processor.py:840} INFO - DAG(s) 'airpulse_pipeline' retrieved from /opt/airflow/dags/airpulse_pipeline.py
[2026-06-13T11:07:02.281+0000] {logging_mixin.py:188} INFO - [2026-06-13T11:07:02.280+0000] {dag.py:3096} INFO - Sync 1 DAGs
[2026-06-13T11:07:02.312+0000] {logging_mixin.py:188} INFO - [2026-06-13T11:07:02.312+0000] {dag.py:3954} INFO - Setting next_dagrun for airpulse_pipeline to 2026-06-13 00:00:00+00:00, run_after=2026-06-14 00:00:00+00:00
[2026-06-13T11:07:02.344+0000] {processor.py:183} INFO - Processing /opt/airflow/dags/airpulse_pipeline.py took 0.129 seconds
[2026-06-13T11:07:32.568+0000] {processor.py:161} INFO - Started process (PID=1427) to work on /opt/airflow/dags/airpulse_pipeline.py
[2026-06-13T11:07:32.569+0000] {processor.py:830} INFO - Processing file /opt/airflow/dags/airpulse_pipeline.py for tasks to queue
[2026-06-13T11:07:32.572+0000] {logging_mixin.py:188} INFO - [2026-06-13T11:07:32.572+0000] {dagbag.py:545} INFO - Filling up the DagBag from /opt/airflow/dags/airpulse_pipeline.py
[2026-06-13T11:07:32.597+0000] {processor.py:840} INFO - DAG(s) 'airpulse_pipeline' retrieved from /opt/airflow/dags/airpulse_pipeline.py
[2026-06-13T11:07:32.624+0000] {logging_mixin.py:188} INFO - [2026-06-13T11:07:32.624+0000] {dag.py:3096} INFO - Sync 1 DAGs
[2026-06-13T11:07:32.649+0000] {logging_mixin.py:188} INFO - [2026-06-13T11:07:32.649+0000] {dag.py:3954} INFO - Setting next_dagrun for airpulse_pipeline to 2026-06-13 00:00:00+00:00, run_after=2026-06-14 00:00:00+00:00
[2026-06-13T11:07:32.677+0000] {processor.py:183} INFO - Processing /opt/airflow/dags/airpulse_pipeline.py took 0.115 seconds
[2026-06-13T11:07:53.527+0000] {processor.py:161} INFO - Started process (PID=1478) to work on /opt/airflow/dags/airpulse_pipeline.py
[2026-06-13T11:07:53.528+0000] {processor.py:830} INFO - Processing file /opt/airflow/dags/airpulse_pipeline.py for tasks to queue
[2026-06-13T11:07:53.531+0000] {logging_mixin.py:188} INFO - [2026-06-13T11:07:53.531+0000] {dagbag.py:545} INFO - Filling up the DagBag from /opt/airflow/dags/airpulse_pipeline.py
[2026-06-13T11:07:53.576+0000] {processor.py:840} INFO - DAG(s) 'airpulse_pipeline' retrieved from /opt/airflow/dags/airpulse_pipeline.py
[2026-06-13T11:07:53.816+0000] {logging_mixin.py:188} INFO - [2026-06-13T11:07:53.816+0000] {dag.py:3096} INFO - Sync 1 DAGs
[2026-06-13T11:07:53.838+0000] {logging_mixin.py:188} INFO - [2026-06-13T11:07:53.837+0000] {dag.py:3954} INFO - Setting next_dagrun for airpulse_pipeline to 2026-06-13 00:00:00+00:00, run_after=2026-06-14 00:00:00+00:00
[2026-06-13T11:07:53.869+0000] {processor.py:183} INFO - Processing /opt/airflow/dags/airpulse_pipeline.py took 0.349 seconds
[2026-06-13T11:08:03.166+0000] {processor.py:161} INFO - Started process (PID=1489) to work on /opt/airflow/dags/airpulse_pipeline.py
[2026-06-13T11:08:03.168+0000] {processor.py:830} INFO - Processing file /opt/airflow/dags/airpulse_pipeline.py for tasks to queue
[2026-06-13T11:08:03.171+0000] {logging_mixin.py:188} INFO - [2026-06-13T11:08:03.170+0000] {dagbag.py:545} INFO - Filling up the DagBag from /opt/airflow/dags/airpulse_pipeline.py
[2026-06-13T11:08:03.214+0000] {processor.py:840} INFO - DAG(s) 'airpulse_pipeline' retrieved from /opt/airflow/dags/airpulse_pipeline.py
[2026-06-13T11:08:03.233+0000] {logging_mixin.py:188} INFO - [2026-06-13T11:08:03.233+0000] {dag.py:3096} INFO - Sync 1 DAGs
[2026-06-13T11:08:03.259+0000] {logging_mixin.py:188} INFO - [2026-06-13T11:08:03.259+0000] {dag.py:3954} INFO - Setting next_dagrun for airpulse_pipeline to 2026-06-13 00:00:00+00:00, run_after=2026-06-14 00:00:00+00:00
[2026-06-13T11:08:03.294+0000] {processor.py:183} INFO - Processing /opt/airflow/dags/airpulse_pipeline.py took 0.134 seconds
[2026-06-13T11:09:15.258+0000] {processor.py:161} INFO - Started process (PID=63) to work on /opt/airflow/dags/airpulse_pipeline.py
[2026-06-13T11:09:15.260+0000] {processor.py:830} INFO - Processing file /opt/airflow/dags/airpulse_pipeline.py for tasks to queue
[2026-06-13T11:09:15.263+0000] {logging_mixin.py:188} INFO - [2026-06-13T11:09:15.263+0000] {dagbag.py:545} INFO - Filling up the DagBag from /opt/airflow/dags/airpulse_pipeline.py
[2026-06-13T11:09:15.314+0000] {processor.py:840} INFO - DAG(s) 'airpulse_pipeline' retrieved from /opt/airflow/dags/airpulse_pipeline.py
[2026-06-13T11:09:15.699+0000] {logging_mixin.py:188} INFO - [2026-06-13T11:09:15.699+0000] {dag.py:3096} INFO - Sync 1 DAGs
[2026-06-13T11:09:15.728+0000] {logging_mixin.py:188} INFO - [2026-06-13T11:09:15.728+0000] {dag.py:3954} INFO - Setting next_dagrun for airpulse_pipeline to 2026-06-13 00:00:00+00:00, run_after=2026-06-14 00:00:00+00:00
[2026-06-13T11:09:15.764+0000] {processor.py:183} INFO - Processing /opt/airflow/dags/airpulse_pipeline.py took 0.515 seconds
[2026-06-13T11:09:46.375+0000] {processor.py:161} INFO - Started process (PID=122) to work on /opt/airflow/dags/airpulse_pipeline.py
[2026-06-13T11:09:46.377+0000] {processor.py:830} INFO - Processing file /opt/airflow/dags/airpulse_pipeline.py for tasks to queue
[2026-06-13T11:09:46.381+0000] {logging_mixin.py:188} INFO - [2026-06-13T11:09:46.380+0000] {dagbag.py:545} INFO - Filling up the DagBag from /opt/airflow/dags/airpulse_pipeline.py
[2026-06-13T11:09:46.412+0000] {processor.py:840} INFO - DAG(s) 'airpulse_pipeline' retrieved from /opt/airflow/dags/airpulse_pipeline.py
[2026-06-13T11:09:46.446+0000] {logging_mixin.py:188} INFO - [2026-06-13T11:09:46.446+0000] {dag.py:3096} INFO - Sync 1 DAGs
[2026-06-13T11:09:46.481+0000] {logging_mixin.py:188} INFO - [2026-06-13T11:09:46.481+0000] {dag.py:3954} INFO - Setting next_dagrun for airpulse_pipeline to 2026-06-13 00:00:00+00:00, run_after=2026-06-14 00:00:00+00:00
[2026-06-13T11:09:46.522+0000] {processor.py:183} INFO - Processing /opt/airflow/dags/airpulse_pipeline.py took 0.157 seconds
[2026-06-13T11:10:17.164+0000] {processor.py:161} INFO - Started process (PID=181) to work on /opt/airflow/dags/airpulse_pipeline.py
[2026-06-13T11:10:17.165+0000] {processor.py:830} INFO - Processing file /opt/airflow/dags/airpulse_pipeline.py for tasks to queue
[2026-06-13T11:10:17.169+0000] {logging_mixin.py:188} INFO - [2026-06-13T11:10:17.168+0000] {dagbag.py:545} INFO - Filling up the DagBag from /opt/airflow/dags/airpulse_pipeline.py
[2026-06-13T11:10:17.196+0000] {processor.py:840} INFO - DAG(s) 'airpulse_pipeline' retrieved from /opt/airflow/dags/airpulse_pipeline.py
[2026-06-13T11:10:17.221+0000] {logging_mixin.py:188} INFO - [2026-06-13T11:10:17.221+0000] {dag.py:3096} INFO - Sync 1 DAGs
[2026-06-13T11:10:17.248+0000] {logging_mixin.py:188} INFO - [2026-06-13T11:10:17.248+0000] {dag.py:3954} INFO - Setting next_dagrun for airpulse_pipeline to 2026-06-13 00:00:00+00:00, run_after=2026-06-14 00:00:00+00:00
[2026-06-13T11:10:17.275+0000] {processor.py:183} INFO - Processing /opt/airflow/dags/airpulse_pipeline.py took 0.118 seconds
[2026-06-13T11:10:47.709+0000] {processor.py:161} INFO - Started process (PID=240) to work on /opt/airflow/dags/airpulse_pipeline.py
[2026-06-13T11:10:47.711+0000] {processor.py:830} INFO - Processing file /opt/airflow/dags/airpulse_pipeline.py for tasks to queue
[2026-06-13T11:10:47.715+0000] {logging_mixin.py:188} INFO - [2026-06-13T11:10:47.714+0000] {dagbag.py:545} INFO - Filling up the DagBag from /opt/airflow/dags/airpulse_pipeline.py
[2026-06-13T11:10:47.748+0000] {processor.py:840} INFO - DAG(s) 'airpulse_pipeline' retrieved from /opt/airflow/dags/airpulse_pipeline.py
[2026-06-13T11:10:47.778+0000] {logging_mixin.py:188} INFO - [2026-06-13T11:10:47.778+0000] {dag.py:3096} INFO - Sync 1 DAGs
[2026-06-13T11:10:47.811+0000] {logging_mixin.py:188} INFO - [2026-06-13T11:10:47.811+0000] {dag.py:3954} INFO - Setting next_dagrun for airpulse_pipeline to 2026-06-13 00:00:00+00:00, run_after=2026-06-14 00:00:00+00:00
[2026-06-13T11:10:47.843+0000] {processor.py:183} INFO - Processing /opt/airflow/dags/airpulse_pipeline.py took 0.142 seconds
[2026-06-13T11:11:17.995+0000] {processor.py:161} INFO - Started process (PID=299) to work on /opt/airflow/dags/airpulse_pipeline.py
[2026-06-13T11:11:17.996+0000] {processor.py:830} INFO - Processing file /opt/airflow/dags/airpulse_pipeline.py for tasks to queue
[2026-06-13T11:11:17.999+0000] {logging_mixin.py:188} INFO - [2026-06-13T11:11:17.999+0000] {dagbag.py:545} INFO - Filling up the DagBag from /opt/airflow/dags/airpulse_pipeline.py
[2026-06-13T11:11:18.027+0000] {processor.py:840} INFO - DAG(s) 'airpulse_pipeline' retrieved from /opt/airflow/dags/airpulse_pipeline.py
[2026-06-13T11:11:18.057+0000] {logging_mixin.py:188} INFO - [2026-06-13T11:11:18.056+0000] {dag.py:3096} INFO - Sync 1 DAGs
[2026-06-13T11:11:18.085+0000] {logging_mixin.py:188} INFO - [2026-06-13T11:11:18.085+0000] {dag.py:3954} INFO - Setting next_dagrun for airpulse_pipeline to 2026-06-13 00:00:00+00:00, run_after=2026-06-14 00:00:00+00:00
[2026-06-13T11:11:18.116+0000] {processor.py:183} INFO - Processing /opt/airflow/dags/airpulse_pipeline.py took 0.127 seconds
[2026-06-13T11:11:48.452+0000] {processor.py:161} INFO - Started process (PID=358) to work on /opt/airflow/dags/airpulse_pipeline.py
[2026-06-13T11:11:48.453+0000] {processor.py:830} INFO - Processing file /opt/airflow/dags/airpulse_pipeline.py for tasks to queue
[2026-06-13T11:11:48.456+0000] {logging_mixin.py:188} INFO - [2026-06-13T11:11:48.456+0000] {dagbag.py:545} INFO - Filling up the DagBag from /opt/airflow/dags/airpulse_pipeline.py
[2026-06-13T11:11:48.487+0000] {processor.py:840} INFO - DAG(s) 'airpulse_pipeline' retrieved from /opt/airflow/dags/airpulse_pipeline.py
[2026-06-13T11:11:48.517+0000] {logging_mixin.py:188} INFO - [2026-06-13T11:11:48.517+0000] {dag.py:3096} INFO - Sync 1 DAGs
[2026-06-13T11:11:48.547+0000] {logging_mixin.py:188} INFO - [2026-06-13T11:11:48.547+0000] {dag.py:3954} INFO - Setting next_dagrun for airpulse_pipeline to 2026-06-13 00:00:00+00:00, run_after=2026-06-14 00:00:00+00:00
[2026-06-13T11:11:48.578+0000] {processor.py:183} INFO - Processing /opt/airflow/dags/airpulse_pipeline.py took 0.133 seconds
[2026-06-13T11:12:18.678+0000] {processor.py:161} INFO - Started process (PID=417) to work on /opt/airflow/dags/airpulse_pipeline.py
[2026-06-13T11:12:18.679+0000] {processor.py:830} INFO - Processing file /opt/airflow/dags/airpulse_pipeline.py for tasks to queue
[2026-06-13T11:12:18.683+0000] {logging_mixin.py:188} INFO - [2026-06-13T11:12:18.682+0000] {dagbag.py:545} INFO - Filling up the DagBag from /opt/airflow/dags/airpulse_pipeline.py
[2026-06-13T11:12:18.711+0000] {processor.py:840} INFO - DAG(s) 'airpulse_pipeline' retrieved from /opt/airflow/dags/airpulse_pipeline.py
[2026-06-13T11:12:18.742+0000] {logging_mixin.py:188} INFO - [2026-06-13T11:12:18.741+0000] {dag.py:3096} INFO - Sync 1 DAGs
[2026-06-13T11:12:18.774+0000] {logging_mixin.py:188} INFO - [2026-06-13T11:12:18.773+0000] {dag.py:3954} INFO - Setting next_dagrun for airpulse_pipeline to 2026-06-13 00:00:00+00:00, run_after=2026-06-14 00:00:00+00:00
[2026-06-13T11:12:18.804+0000] {processor.py:183} INFO - Processing /opt/airflow/dags/airpulse_pipeline.py took 0.132 seconds
[2026-06-13T11:12:49.061+0000] {processor.py:161} INFO - Started process (PID=476) to work on /opt/airflow/dags/airpulse_pipeline.py
[2026-06-13T11:12:49.062+0000] {processor.py:830} INFO - Processing file /opt/airflow/dags/airpulse_pipeline.py for tasks to queue
[2026-06-13T11:12:49.065+0000] {logging_mixin.py:188} INFO - [2026-06-13T11:12:49.064+0000] {dagbag.py:545} INFO - Filling up the DagBag from /opt/airflow/dags/airpulse_pipeline.py
[2026-06-13T11:12:49.092+0000] {processor.py:840} INFO - DAG(s) 'airpulse_pipeline' retrieved from /opt/airflow/dags/airpulse_pipeline.py
[2026-06-13T11:12:49.121+0000] {logging_mixin.py:188} INFO - [2026-06-13T11:12:49.120+0000] {dag.py:3096} INFO - Sync 1 DAGs
[2026-06-13T11:12:49.152+0000] {logging_mixin.py:188} INFO - [2026-06-13T11:12:49.152+0000] {dag.py:3954} INFO - Setting next_dagrun for airpulse_pipeline to 2026-06-13 00:00:00+00:00, run_after=2026-06-14 00:00:00+00:00
[2026-06-13T11:12:49.183+0000] {processor.py:183} INFO - Processing /opt/airflow/dags/airpulse_pipeline.py took 0.128 seconds
[2026-06-13T11:13:19.327+0000] {processor.py:161} INFO - Started process (PID=535) to work on /opt/airflow/dags/airpulse_pipeline.py
[2026-06-13T11:13:19.329+0000] {processor.py:830} INFO - Processing file /opt/airflow/dags/airpulse_pipeline.py for tasks to queue
[2026-06-13T11:13:19.331+0000] {logging_mixin.py:188} INFO - [2026-06-13T11:13:19.331+0000] {dagbag.py:545} INFO - Filling up the DagBag from /opt/airflow/dags/airpulse_pipeline.py
[2026-06-13T11:13:19.360+0000] {processor.py:840} INFO - DAG(s) 'airpulse_pipeline' retrieved from /opt/airflow/dags/airpulse_pipeline.py
[2026-06-13T11:13:19.386+0000] {logging_mixin.py:188} INFO - [2026-06-13T11:13:19.385+0000] {dag.py:3096} INFO - Sync 1 DAGs
[2026-06-13T11:13:19.411+0000] {logging_mixin.py:188} INFO - [2026-06-13T11:13:19.411+0000] {dag.py:3954} INFO - Setting next_dagrun for airpulse_pipeline to 2026-06-13 00:00:00+00:00, run_after=2026-06-14 00:00:00+00:00
[2026-06-13T11:13:19.441+0000] {processor.py:183} INFO - Processing /opt/airflow/dags/airpulse_pipeline.py took 0.120 seconds
[2026-06-13T11:13:49.637+0000] {processor.py:161} INFO - Started process (PID=594) to work on /opt/airflow/dags/airpulse_pipeline.py
[2026-06-13T11:13:49.638+0000] {processor.py:830} INFO - Processing file /opt/airflow/dags/airpulse_pipeline.py for tasks to queue
[2026-06-13T11:13:49.641+0000] {logging_mixin.py:188} INFO - [2026-06-13T11:13:49.641+0000] {dagbag.py:545} INFO - Filling up the DagBag from /opt/airflow/dags/airpulse_pipeline.py
[2026-06-13T11:13:49.674+0000] {processor.py:840} INFO - DAG(s) 'airpulse_pipeline' retrieved from /opt/airflow/dags/airpulse_pipeline.py
[2026-06-13T11:13:49.703+0000] {logging_mixin.py:188} INFO - [2026-06-13T11:13:49.703+0000] {dag.py:3096} INFO - Sync 1 DAGs
[2026-06-13T11:13:49.735+0000] {logging_mixin.py:188} INFO - [2026-06-13T11:13:49.734+0000] {dag.py:3954} INFO - Setting next_dagrun for airpulse_pipeline to 2026-06-13 00:00:00+00:00, run_after=2026-06-14 00:00:00+00:00
[2026-06-13T11:13:49.769+0000] {processor.py:183} INFO - Processing /opt/airflow/dags/airpulse_pipeline.py took 0.139 seconds
[2026-06-13T11:14:20.163+0000] {processor.py:161} INFO - Started process (PID=659) to work on /opt/airflow/dags/airpulse_pipeline.py
[2026-06-13T11:14:20.165+0000] {processor.py:830} INFO - Processing file /opt/airflow/dags/airpulse_pipeline.py for tasks to queue
[2026-06-13T11:14:20.168+0000] {logging_mixin.py:188} INFO - [2026-06-13T11:14:20.167+0000] {dagbag.py:545} INFO - Filling up the DagBag from /opt/airflow/dags/airpulse_pipeline.py
[2026-06-13T11:14:20.194+0000] {processor.py:840} INFO - DAG(s) 'airpulse_pipeline' retrieved from /opt/airflow/dags/airpulse_pipeline.py
[2026-06-13T11:14:20.224+0000] {logging_mixin.py:188} INFO - [2026-06-13T11:14:20.223+0000] {dag.py:3096} INFO - Sync 1 DAGs
[2026-06-13T11:14:20.251+0000] {logging_mixin.py:188} INFO - [2026-06-13T11:14:20.251+0000] {dag.py:3954} INFO - Setting next_dagrun for airpulse_pipeline to 2026-06-13 00:00:00+00:00, run_after=2026-06-14 00:00:00+00:00
[2026-06-13T11:14:20.283+0000] {processor.py:183} INFO - Processing /opt/airflow/dags/airpulse_pipeline.py took 0.126 seconds
[2026-06-13T11:14:50.733+0000] {processor.py:161} INFO - Started process (PID=718) to work on /opt/airflow/dags/airpulse_pipeline.py
[2026-06-13T11:14:50.734+0000] {processor.py:830} INFO - Processing file /opt/airflow/dags/airpulse_pipeline.py for tasks to queue
[2026-06-13T11:14:50.737+0000] {logging_mixin.py:188} INFO - [2026-06-13T11:14:50.737+0000] {dagbag.py:545} INFO - Filling up the DagBag from /opt/airflow/dags/airpulse_pipeline.py
[2026-06-13T11:14:50.762+0000] {processor.py:840} INFO - DAG(s) 'airpulse_pipeline' retrieved from /opt/airflow/dags/airpulse_pipeline.py
[2026-06-13T11:14:50.787+0000] {logging_mixin.py:188} INFO - [2026-06-13T11:14:50.786+0000] {dag.py:3096} INFO - Sync 1 DAGs
[2026-06-13T11:14:50.813+0000] {logging_mixin.py:188} INFO - [2026-06-13T11:14:50.813+0000] {dag.py:3954} INFO - Setting next_dagrun for airpulse_pipeline to 2026-06-13 00:00:00+00:00, run_after=2026-06-14 00:00:00+00:00
[2026-06-13T11:14:50.843+0000] {processor.py:183} INFO - Processing /opt/airflow/dags/airpulse_pipeline.py took 0.117 seconds
[2026-06-13T11:15:20.942+0000] {processor.py:161} INFO - Started process (PID=777) to work on /opt/airflow/dags/airpulse_pipeline.py
[2026-06-13T11:15:20.944+0000] {processor.py:830} INFO - Processing file /opt/airflow/dags/airpulse_pipeline.py for tasks to queue
[2026-06-13T11:15:20.948+0000] {logging_mixin.py:188} INFO - [2026-06-13T11:15:20.948+0000] {dagbag.py:545} INFO - Filling up the DagBag from /opt/airflow/dags/airpulse_pipeline.py
[2026-06-13T11:15:20.978+0000] {processor.py:840} INFO - DAG(s) 'airpulse_pipeline' retrieved from /opt/airflow/dags/airpulse_pipeline.py
[2026-06-13T11:15:21.010+0000] {logging_mixin.py:188} INFO - [2026-06-13T11:15:21.009+0000] {dag.py:3096} INFO - Sync 1 DAGs
[2026-06-13T11:15:21.041+0000] {logging_mixin.py:188} INFO - [2026-06-13T11:15:21.041+0000] {dag.py:3954} INFO - Setting next_dagrun for airpulse_pipeline to 2026-06-13 00:00:00+00:00, run_after=2026-06-14 00:00:00+00:00
[2026-06-13T11:15:21.078+0000] {processor.py:183} INFO - Processing /opt/airflow/dags/airpulse_pipeline.py took 0.145 seconds
[2026-06-13T11:15:51.400+0000] {processor.py:161} INFO - Started process (PID=836) to work on /opt/airflow/dags/airpulse_pipeline.py
[2026-06-13T11:15:51.401+0000] {processor.py:830} INFO - Processing file /opt/airflow/dags/airpulse_pipeline.py for tasks to queue
[2026-06-13T11:15:51.405+0000] {logging_mixin.py:188} INFO - [2026-06-13T11:15:51.404+0000] {dagbag.py:545} INFO - Filling up the DagBag from /opt/airflow/dags/airpulse_pipeline.py
[2026-06-13T11:15:51.438+0000] {processor.py:840} INFO - DAG(s) 'airpulse_pipeline' retrieved from /opt/airflow/dags/airpulse_pipeline.py
[2026-06-13T11:15:51.461+0000] {logging_mixin.py:188} INFO - [2026-06-13T11:15:51.461+0000] {dag.py:3096} INFO - Sync 1 DAGs
[2026-06-13T11:15:51.489+0000] {logging_mixin.py:188} INFO - [2026-06-13T11:15:51.489+0000] {dag.py:3954} INFO - Setting next_dagrun for airpulse_pipeline to 2026-06-13 00:00:00+00:00, run_after=2026-06-14 00:00:00+00:00
[2026-06-13T11:15:51.519+0000] {processor.py:183} INFO - Processing /opt/airflow/dags/airpulse_pipeline.py took 0.125 seconds
[2026-06-13T11:16:21.612+0000] {processor.py:161} INFO - Started process (PID=895) to work on /opt/airflow/dags/airpulse_pipeline.py
[2026-06-13T11:16:21.614+0000] {processor.py:830} INFO - Processing file /opt/airflow/dags/airpulse_pipeline.py for tasks to queue
[2026-06-13T11:16:21.617+0000] {logging_mixin.py:188} INFO - [2026-06-13T11:16:21.617+0000] {dagbag.py:545} INFO - Filling up the DagBag from /opt/airflow/dags/airpulse_pipeline.py
[2026-06-13T11:16:21.641+0000] {processor.py:840} INFO - DAG(s) 'airpulse_pipeline' retrieved from /opt/airflow/dags/airpulse_pipeline.py
[2026-06-13T11:16:21.666+0000] {logging_mixin.py:188} INFO - [2026-06-13T11:16:21.665+0000] {dag.py:3096} INFO - Sync 1 DAGs
[2026-06-13T11:16:21.692+0000] {logging_mixin.py:188} INFO - [2026-06-13T11:16:21.692+0000] {dag.py:3954} INFO - Setting next_dagrun for airpulse_pipeline to 2026-06-13 00:00:00+00:00, run_after=2026-06-14 00:00:00+00:00
[2026-06-13T11:16:21.724+0000] {processor.py:183} INFO - Processing /opt/airflow/dags/airpulse_pipeline.py took 0.118 seconds
[2026-06-13T11:16:51.818+0000] {processor.py:161} INFO - Started process (PID=955) to work on /opt/airflow/dags/airpulse_pipeline.py
[2026-06-13T11:16:51.820+0000] {processor.py:830} INFO - Processing file /opt/airflow/dags/airpulse_pipeline.py for tasks to queue
[2026-06-13T11:16:51.822+0000] {logging_mixin.py:188} INFO - [2026-06-13T11:16:51.822+0000] {dagbag.py:545} INFO - Filling up the DagBag from /opt/airflow/dags/airpulse_pipeline.py
[2026-06-13T11:16:51.854+0000] {processor.py:840} INFO - DAG(s) 'airpulse_pipeline' retrieved from /opt/airflow/dags/airpulse_pipeline.py
[2026-06-13T11:16:51.885+0000] {logging_mixin.py:188} INFO - [2026-06-13T11:16:51.885+0000] {dag.py:3096} INFO - Sync 1 DAGs
[2026-06-13T11:16:51.911+0000] {logging_mixin.py:188} INFO - [2026-06-13T11:16:51.911+0000] {dag.py:3954} INFO - Setting next_dagrun for airpulse_pipeline to 2026-06-13 00:00:00+00:00, run_after=2026-06-14 00:00:00+00:00
[2026-06-13T11:16:51.942+0000] {processor.py:183} INFO - Processing /opt/airflow/dags/airpulse_pipeline.py took 0.131 seconds
[2026-06-13T11:17:22.393+0000] {processor.py:161} INFO - Started process (PID=1014) to work on /opt/airflow/dags/airpulse_pipeline.py
[2026-06-13T11:17:22.394+0000] {processor.py:830} INFO - Processing file /opt/airflow/dags/airpulse_pipeline.py for tasks to queue
[2026-06-13T11:17:22.397+0000] {logging_mixin.py:188} INFO - [2026-06-13T11:17:22.397+0000] {dagbag.py:545} INFO - Filling up the DagBag from /opt/airflow/dags/airpulse_pipeline.py
[2026-06-13T11:17:22.424+0000] {processor.py:840} INFO - DAG(s) 'airpulse_pipeline' retrieved from /opt/airflow/dags/airpulse_pipeline.py
[2026-06-13T11:17:22.448+0000] {logging_mixin.py:188} INFO - [2026-06-13T11:17:22.448+0000] {dag.py:3096} INFO - Sync 1 DAGs
[2026-06-13T11:17:22.475+0000] {logging_mixin.py:188} INFO - [2026-06-13T11:17:22.475+0000] {dag.py:3954} INFO - Setting next_dagrun for airpulse_pipeline to 2026-06-13 00:00:00+00:00, run_after=2026-06-14 00:00:00+00:00
[2026-06-13T11:17:22.503+0000] {processor.py:183} INFO - Processing /opt/airflow/dags/airpulse_pipeline.py took 0.117 seconds
[2026-06-13T11:17:52.945+0000] {processor.py:161} INFO - Started process (PID=1073) to work on /opt/airflow/dags/airpulse_pipeline.py
[2026-06-13T11:17:52.947+0000] {processor.py:830} INFO - Processing file /opt/airflow/dags/airpulse_pipeline.py for tasks to queue
[2026-06-13T11:17:52.950+0000] {logging_mixin.py:188} INFO - [2026-06-13T11:17:52.949+0000] {dagbag.py:545} INFO - Filling up the DagBag from /opt/airflow/dags/airpulse_pipeline.py
[2026-06-13T11:17:52.981+0000] {processor.py:840} INFO - DAG(s) 'airpulse_pipeline' retrieved from /opt/airflow/dags/airpulse_pipeline.py
[2026-06-13T11:17:53.010+0000] {logging_mixin.py:188} INFO - [2026-06-13T11:17:53.009+0000] {dag.py:3096} INFO - Sync 1 DAGs
[2026-06-13T11:17:53.040+0000] {logging_mixin.py:188} INFO - [2026-06-13T11:17:53.039+0000] {dag.py:3954} INFO - Setting next_dagrun for airpulse_pipeline to 2026-06-13 00:00:00+00:00, run_after=2026-06-14 00:00:00+00:00
[2026-06-13T11:17:53.069+0000] {processor.py:183} INFO - Processing /opt/airflow/dags/airpulse_pipeline.py took 0.130 seconds
[2026-06-13T11:18:23.674+0000] {processor.py:161} INFO - Started process (PID=1132) to work on /opt/airflow/dags/airpulse_pipeline.py
[2026-06-13T11:18:23.676+0000] {processor.py:830} INFO - Processing file /opt/airflow/dags/airpulse_pipeline.py for tasks to queue
[2026-06-13T11:18:23.678+0000] {logging_mixin.py:188} INFO - [2026-06-13T11:18:23.678+0000] {dagbag.py:545} INFO - Filling up the DagBag from /opt/airflow/dags/airpulse_pipeline.py
[2026-06-13T11:18:23.705+0000] {processor.py:840} INFO - DAG(s) 'airpulse_pipeline' retrieved from /opt/airflow/dags/airpulse_pipeline.py
[2026-06-13T11:18:23.731+0000] {logging_mixin.py:188} INFO - [2026-06-13T11:18:23.731+0000] {dag.py:3096} INFO - Sync 1 DAGs
[2026-06-13T11:18:23.756+0000] {logging_mixin.py:188} INFO - [2026-06-13T11:18:23.756+0000] {dag.py:3954} INFO - Setting next_dagrun for airpulse_pipeline to 2026-06-13 00:00:00+00:00, run_after=2026-06-14 00:00:00+00:00
[2026-06-13T11:18:23.786+0000] {processor.py:183} INFO - Processing /opt/airflow/dags/airpulse_pipeline.py took 0.118 seconds
[2026-06-13T11:48:50.840+0000] {processor.py:161} INFO - Started process (PID=1191) to work on /opt/airflow/dags/airpulse_pipeline.py
[2026-06-13T11:48:50.842+0000] {processor.py:830} INFO - Processing file /opt/airflow/dags/airpulse_pipeline.py for tasks to queue
[2026-06-13T11:48:50.846+0000] {logging_mixin.py:188} INFO - [2026-06-13T11:48:50.845+0000] {dagbag.py:545} INFO - Filling up the DagBag from /opt/airflow/dags/airpulse_pipeline.py
[2026-06-13T11:48:50.888+0000] {processor.py:840} INFO - DAG(s) 'airpulse_pipeline' retrieved from /opt/airflow/dags/airpulse_pipeline.py
[2026-06-13T11:48:50.923+0000] {logging_mixin.py:188} INFO - [2026-06-13T11:48:50.922+0000] {dag.py:3096} INFO - Sync 1 DAGs
[2026-06-13T11:48:50.968+0000] {logging_mixin.py:188} INFO - [2026-06-13T11:48:50.967+0000] {dag.py:3954} INFO - Setting next_dagrun for airpulse_pipeline to 2026-06-13 00:00:00+00:00, run_after=2026-06-14 00:00:00+00:00
[2026-06-13T11:48:51.015+0000] {processor.py:183} INFO - Processing /opt/airflow/dags/airpulse_pipeline.py took 0.188 seconds
[2026-06-13T11:49:21.695+0000] {processor.py:161} INFO - Started process (PID=1250) to work on /opt/airflow/dags/airpulse_pipeline.py
[2026-06-13T11:49:21.696+0000] {processor.py:830} INFO - Processing file /opt/airflow/dags/airpulse_pipeline.py for tasks to queue
[2026-06-13T11:49:21.700+0000] {logging_mixin.py:188} INFO - [2026-06-13T11:49:21.699+0000] {dagbag.py:545} INFO - Filling up the DagBag from /opt/airflow/dags/airpulse_pipeline.py
[2026-06-13T11:49:21.725+0000] {processor.py:840} INFO - DAG(s) 'airpulse_pipeline' retrieved from /opt/airflow/dags/airpulse_pipeline.py
[2026-06-13T11:49:21.751+0000] {logging_mixin.py:188} INFO - [2026-06-13T11:49:21.750+0000] {dag.py:3096} INFO - Sync 1 DAGs
[2026-06-13T11:49:21.779+0000] {logging_mixin.py:188} INFO - [2026-06-13T11:49:21.778+0000] {dag.py:3954} INFO - Setting next_dagrun for airpulse_pipeline to 2026-06-13 00:00:00+00:00, run_after=2026-06-14 00:00:00+00:00
[2026-06-13T11:49:21.807+0000] {processor.py:183} INFO - Processing /opt/airflow/dags/airpulse_pipeline.py took 0.120 seconds
[2026-06-13T11:49:52.195+0000] {processor.py:161} INFO - Started process (PID=1309) to work on /opt/airflow/dags/airpulse_pipeline.py
[2026-06-13T11:49:52.196+0000] {processor.py:830} INFO - Processing file /opt/airflow/dags/airpulse_pipeline.py for tasks to queue
[2026-06-13T11:49:52.198+0000] {logging_mixin.py:188} INFO - [2026-06-13T11:49:52.198+0000] {dagbag.py:545} INFO - Filling up the DagBag from /opt/airflow/dags/airpulse_pipeline.py
[2026-06-13T11:49:52.225+0000] {processor.py:840} INFO - DAG(s) 'airpulse_pipeline' retrieved from /opt/airflow/dags/airpulse_pipeline.py
[2026-06-13T11:49:52.253+0000] {logging_mixin.py:188} INFO - [2026-06-13T11:49:52.253+0000] {dag.py:3096} INFO - Sync 1 DAGs
[2026-06-13T11:49:52.289+0000] {logging_mixin.py:188} INFO - [2026-06-13T11:49:52.288+0000] {dag.py:3954} INFO - Setting next_dagrun for airpulse_pipeline to 2026-06-13 00:00:00+00:00, run_after=2026-06-14 00:00:00+00:00
[2026-06-13T11:49:52.337+0000] {processor.py:183} INFO - Processing /opt/airflow/dags/airpulse_pipeline.py took 0.149 seconds
[2026-06-13T11:50:22.875+0000] {processor.py:161} INFO - Started process (PID=1368) to work on /opt/airflow/dags/airpulse_pipeline.py
[2026-06-13T11:50:22.877+0000] {processor.py:830} INFO - Processing file /opt/airflow/dags/airpulse_pipeline.py for tasks to queue
[2026-06-13T11:50:22.879+0000] {logging_mixin.py:188} INFO - [2026-06-13T11:50:22.879+0000] {dagbag.py:545} INFO - Filling up the DagBag from /opt/airflow/dags/airpulse_pipeline.py
[2026-06-13T11:50:22.905+0000] {processor.py:840} INFO - DAG(s) 'airpulse_pipeline' retrieved from /opt/airflow/dags/airpulse_pipeline.py
[2026-06-13T11:50:22.934+0000] {logging_mixin.py:188} INFO - [2026-06-13T11:50:22.934+0000] {dag.py:3096} INFO - Sync 1 DAGs
[2026-06-13T11:50:22.965+0000] {logging_mixin.py:188} INFO - [2026-06-13T11:50:22.965+0000] {dag.py:3954} INFO - Setting next_dagrun for airpulse_pipeline to 2026-06-13 00:00:00+00:00, run_after=2026-06-14 00:00:00+00:00
[2026-06-13T11:50:22.994+0000] {processor.py:183} INFO - Processing /opt/airflow/dags/airpulse_pipeline.py took 0.125 seconds
[2026-06-13T11:50:53.524+0000] {processor.py:161} INFO - Started process (PID=1427) to work on /opt/airflow/dags/airpulse_pipeline.py
[2026-06-13T11:50:53.526+0000] {processor.py:830} INFO - Processing file /opt/airflow/dags/airpulse_pipeline.py for tasks to queue
[2026-06-13T11:50:53.529+0000] {logging_mixin.py:188} INFO - [2026-06-13T11:50:53.528+0000] {dagbag.py:545} INFO - Filling up the DagBag from /opt/airflow/dags/airpulse_pipeline.py
[2026-06-13T11:50:53.555+0000] {processor.py:840} INFO - DAG(s) 'airpulse_pipeline' retrieved from /opt/airflow/dags/airpulse_pipeline.py
[2026-06-13T11:50:53.580+0000] {logging_mixin.py:188} INFO - [2026-06-13T11:50:53.580+0000] {dag.py:3096} INFO - Sync 1 DAGs
[2026-06-13T11:50:53.611+0000] {logging_mixin.py:188} INFO - [2026-06-13T11:50:53.610+0000] {dag.py:3954} INFO - Setting next_dagrun for airpulse_pipeline to 2026-06-13 00:00:00+00:00, run_after=2026-06-14 00:00:00+00:00
[2026-06-13T11:50:53.642+0000] {processor.py:183} INFO - Processing /opt/airflow/dags/airpulse_pipeline.py took 0.126 seconds
[2026-06-13T11:51:23.851+0000] {processor.py:161} INFO - Started process (PID=1487) to work on /opt/airflow/dags/airpulse_pipeline.py
[2026-06-13T11:51:23.853+0000] {processor.py:830} INFO - Processing file /opt/airflow/dags/airpulse_pipeline.py for tasks to queue
[2026-06-13T11:51:23.855+0000] {logging_mixin.py:188} INFO - [2026-06-13T11:51:23.855+0000] {dagbag.py:545} INFO - Filling up the DagBag from /opt/airflow/dags/airpulse_pipeline.py
[2026-06-13T11:51:23.879+0000] {processor.py:840} INFO - DAG(s) 'airpulse_pipeline' retrieved from /opt/airflow/dags/airpulse_pipeline.py
[2026-06-13T11:51:23.904+0000] {logging_mixin.py:188} INFO - [2026-06-13T11:51:23.904+0000] {dag.py:3096} INFO - Sync 1 DAGs
[2026-06-13T11:51:23.930+0000] {logging_mixin.py:188} INFO - [2026-06-13T11:51:23.930+0000] {dag.py:3954} INFO - Setting next_dagrun for airpulse_pipeline to 2026-06-13 00:00:00+00:00, run_after=2026-06-14 00:00:00+00:00
[2026-06-13T11:51:23.959+0000] {processor.py:183} INFO - Processing /opt/airflow/dags/airpulse_pipeline.py took 0.115 seconds
[2026-06-13T11:51:54.268+0000] {processor.py:161} INFO - Started process (PID=1545) to work on /opt/airflow/dags/airpulse_pipeline.py
[2026-06-13T11:51:54.269+0000] {processor.py:830} INFO - Processing file /opt/airflow/dags/airpulse_pipeline.py for tasks to queue
[2026-06-13T11:51:54.272+0000] {logging_mixin.py:188} INFO - [2026-06-13T11:51:54.271+0000] {dagbag.py:545} INFO - Filling up the DagBag from /opt/airflow/dags/airpulse_pipeline.py
[2026-06-13T11:51:54.301+0000] {processor.py:840} INFO - DAG(s) 'airpulse_pipeline' retrieved from /opt/airflow/dags/airpulse_pipeline.py
[2026-06-13T11:51:54.329+0000] {logging_mixin.py:188} INFO - [2026-06-13T11:51:54.328+0000] {dag.py:3096} INFO - Sync 1 DAGs
[2026-06-13T11:51:54.362+0000] {logging_mixin.py:188} INFO - [2026-06-13T11:51:54.362+0000] {dag.py:3954} INFO - Setting next_dagrun for airpulse_pipeline to 2026-06-13 00:00:00+00:00, run_after=2026-06-14 00:00:00+00:00
[2026-06-13T11:51:54.393+0000] {processor.py:183} INFO - Processing /opt/airflow/dags/airpulse_pipeline.py took 0.132 seconds
[2026-06-13T11:52:24.450+0000] {processor.py:161} INFO - Started process (PID=1604) to work on /opt/airflow/dags/airpulse_pipeline.py
[2026-06-13T11:52:24.451+0000] {processor.py:830} INFO - Processing file /opt/airflow/dags/airpulse_pipeline.py for tasks to queue
[2026-06-13T11:52:24.454+0000] {logging_mixin.py:188} INFO - [2026-06-13T11:52:24.454+0000] {dagbag.py:545} INFO - Filling up the DagBag from /opt/airflow/dags/airpulse_pipeline.py
[2026-06-13T11:52:24.479+0000] {processor.py:840} INFO - DAG(s) 'airpulse_pipeline' retrieved from /opt/airflow/dags/airpulse_pipeline.py
[2026-06-13T11:52:24.505+0000] {logging_mixin.py:188} INFO - [2026-06-13T11:52:24.505+0000] {dag.py:3096} INFO - Sync 1 DAGs
[2026-06-13T11:52:24.532+0000] {logging_mixin.py:188} INFO - [2026-06-13T11:52:24.532+0000] {dag.py:3954} INFO - Setting next_dagrun for airpulse_pipeline to 2026-06-13 00:00:00+00:00, run_after=2026-06-14 00:00:00+00:00
[2026-06-13T11:52:24.562+0000] {processor.py:183} INFO - Processing /opt/airflow/dags/airpulse_pipeline.py took 0.119 seconds
[2026-06-13T11:52:54.749+0000] {processor.py:161} INFO - Started process (PID=1664) to work on /opt/airflow/dags/airpulse_pipeline.py
[2026-06-13T11:52:54.750+0000] {processor.py:830} INFO - Processing file /opt/airflow/dags/airpulse_pipeline.py for tasks to queue
[2026-06-13T11:52:54.754+0000] {logging_mixin.py:188} INFO - [2026-06-13T11:52:54.753+0000] {dagbag.py:545} INFO - Filling up the DagBag from /opt/airflow/dags/airpulse_pipeline.py
[2026-06-13T11:52:54.780+0000] {processor.py:840} INFO - DAG(s) 'airpulse_pipeline' retrieved from /opt/airflow/dags/airpulse_pipeline.py
[2026-06-13T11:52:54.807+0000] {logging_mixin.py:188} INFO - [2026-06-13T11:52:54.806+0000] {dag.py:3096} INFO - Sync 1 DAGs
[2026-06-13T11:52:54.832+0000] {logging_mixin.py:188} INFO - [2026-06-13T11:52:54.832+0000] {dag.py:3954} INFO - Setting next_dagrun for airpulse_pipeline to 2026-06-13 00:00:00+00:00, run_after=2026-06-14 00:00:00+00:00
[2026-06-13T11:52:54.860+0000] {processor.py:183} INFO - Processing /opt/airflow/dags/airpulse_pipeline.py took 0.117 seconds
[2026-06-13T11:53:25.275+0000] {processor.py:161} INFO - Started process (PID=1722) to work on /opt/airflow/dags/airpulse_pipeline.py
[2026-06-13T11:53:25.277+0000] {processor.py:830} INFO - Processing file /opt/airflow/dags/airpulse_pipeline.py for tasks to queue
[2026-06-13T11:53:25.281+0000] {logging_mixin.py:188} INFO - [2026-06-13T11:53:25.280+0000] {dagbag.py:545} INFO - Filling up the DagBag from /opt/airflow/dags/airpulse_pipeline.py
[2026-06-13T11:53:25.323+0000] {processor.py:840} INFO - DAG(s) 'airpulse_pipeline' retrieved from /opt/airflow/dags/airpulse_pipeline.py
[2026-06-13T11:53:25.369+0000] {logging_mixin.py:188} INFO - [2026-06-13T11:53:25.368+0000] {dag.py:3096} INFO - Sync 1 DAGs
[2026-06-13T11:53:25.405+0000] {logging_mixin.py:188} INFO - [2026-06-13T11:53:25.405+0000] {dag.py:3954} INFO - Setting next_dagrun for airpulse_pipeline to 2026-06-13 00:00:00+00:00, run_after=2026-06-14 00:00:00+00:00
[2026-06-13T11:53:25.434+0000] {processor.py:183} INFO - Processing /opt/airflow/dags/airpulse_pipeline.py took 0.170 seconds
[2026-06-13T11:53:55.655+0000] {processor.py:161} INFO - Started process (PID=1781) to work on /opt/airflow/dags/airpulse_pipeline.py
[2026-06-13T11:53:55.657+0000] {processor.py:830} INFO - Processing file /opt/airflow/dags/airpulse_pipeline.py for tasks to queue
[2026-06-13T11:53:55.660+0000] {logging_mixin.py:188} INFO - [2026-06-13T11:53:55.659+0000] {dagbag.py:545} INFO - Filling up the DagBag from /opt/airflow/dags/airpulse_pipeline.py
[2026-06-13T11:53:55.684+0000] {processor.py:840} INFO - DAG(s) 'airpulse_pipeline' retrieved from /opt/airflow/dags/airpulse_pipeline.py
[2026-06-13T11:53:55.710+0000] {logging_mixin.py:188} INFO - [2026-06-13T11:53:55.710+0000] {dag.py:3096} INFO - Sync 1 DAGs
[2026-06-13T11:53:55.879+0000] {logging_mixin.py:188} INFO - [2026-06-13T11:53:55.879+0000] {dag.py:3954} INFO - Setting next_dagrun for airpulse_pipeline to 2026-06-13 00:00:00+00:00, run_after=2026-06-14 00:00:00+00:00
[2026-06-13T11:53:55.907+0000] {processor.py:183} INFO - Processing /opt/airflow/dags/airpulse_pipeline.py took 0.258 seconds
[2026-06-13T11:54:26.468+0000] {processor.py:161} INFO - Started process (PID=1840) to work on /opt/airflow/dags/airpulse_pipeline.py
[2026-06-13T11:54:26.470+0000] {processor.py:830} INFO - Processing file /opt/airflow/dags/airpulse_pipeline.py for tasks to queue
[2026-06-13T11:54:26.472+0000] {logging_mixin.py:188} INFO - [2026-06-13T11:54:26.472+0000] {dagbag.py:545} INFO - Filling up the DagBag from /opt/airflow/dags/airpulse_pipeline.py
[2026-06-13T11:54:26.498+0000] {processor.py:840} INFO - DAG(s) 'airpulse_pipeline' retrieved from /opt/airflow/dags/airpulse_pipeline.py
[2026-06-13T11:54:26.524+0000] {logging_mixin.py:188} INFO - [2026-06-13T11:54:26.523+0000] {dag.py:3096} INFO - Sync 1 DAGs
[2026-06-13T11:54:26.548+0000] {logging_mixin.py:188} INFO - [2026-06-13T11:54:26.548+0000] {dag.py:3954} INFO - Setting next_dagrun for airpulse_pipeline to 2026-06-13 00:00:00+00:00, run_after=2026-06-14 00:00:00+00:00
[2026-06-13T11:54:26.723+0000] {processor.py:183} INFO - Processing /opt/airflow/dags/airpulse_pipeline.py took 0.262 seconds
[2026-06-13T11:54:56.976+0000] {processor.py:161} INFO - Started process (PID=1900) to work on /opt/airflow/dags/airpulse_pipeline.py
[2026-06-13T11:54:56.977+0000] {processor.py:830} INFO - Processing file /opt/airflow/dags/airpulse_pipeline.py for tasks to queue
[2026-06-13T11:54:56.980+0000] {logging_mixin.py:188} INFO - [2026-06-13T11:54:56.979+0000] {dagbag.py:545} INFO - Filling up the DagBag from /opt/airflow/dags/airpulse_pipeline.py
[2026-06-13T11:54:57.006+0000] {processor.py:840} INFO - DAG(s) 'airpulse_pipeline' retrieved from /opt/airflow/dags/airpulse_pipeline.py
[2026-06-13T11:54:57.031+0000] {logging_mixin.py:188} INFO - [2026-06-13T11:54:57.031+0000] {dag.py:3096} INFO - Sync 1 DAGs
[2026-06-13T11:54:57.056+0000] {logging_mixin.py:188} INFO - [2026-06-13T11:54:57.056+0000] {dag.py:3954} INFO - Setting next_dagrun for airpulse_pipeline to 2026-06-13 00:00:00+00:00, run_after=2026-06-14 00:00:00+00:00
[2026-06-13T11:54:57.086+0000] {processor.py:183} INFO - Processing /opt/airflow/dags/airpulse_pipeline.py took 0.117 seconds
[2026-06-13T11:55:27.696+0000] {processor.py:161} INFO - Started process (PID=1959) to work on /opt/airflow/dags/airpulse_pipeline.py
[2026-06-13T11:55:27.697+0000] {processor.py:830} INFO - Processing file /opt/airflow/dags/airpulse_pipeline.py for tasks to queue
[2026-06-13T11:55:27.701+0000] {logging_mixin.py:188} INFO - [2026-06-13T11:55:27.700+0000] {dagbag.py:545} INFO - Filling up the DagBag from /opt/airflow/dags/airpulse_pipeline.py
[2026-06-13T11:55:27.727+0000] {processor.py:840} INFO - DAG(s) 'airpulse_pipeline' retrieved from /opt/airflow/dags/airpulse_pipeline.py
[2026-06-13T11:55:27.752+0000] {logging_mixin.py:188} INFO - [2026-06-13T11:55:27.751+0000] {dag.py:3096} INFO - Sync 1 DAGs
[2026-06-13T11:55:27.777+0000] {logging_mixin.py:188} INFO - [2026-06-13T11:55:27.777+0000] {dag.py:3954} INFO - Setting next_dagrun for airpulse_pipeline to 2026-06-13 00:00:00+00:00, run_after=2026-06-14 00:00:00+00:00
[2026-06-13T11:55:27.804+0000] {processor.py:183} INFO - Processing /opt/airflow/dags/airpulse_pipeline.py took 0.115 seconds
[2026-06-13T11:57:48.635+0000] {processor.py:161} INFO - Started process (PID=2018) to work on /opt/airflow/dags/airpulse_pipeline.py
[2026-06-13T11:57:48.638+0000] {processor.py:830} INFO - Processing file /opt/airflow/dags/airpulse_pipeline.py for tasks to queue
[2026-06-13T11:57:48.642+0000] {logging_mixin.py:188} INFO - [2026-06-13T11:57:48.642+0000] {dagbag.py:545} INFO - Filling up the DagBag from /opt/airflow/dags/airpulse_pipeline.py
[2026-06-13T11:57:48.676+0000] {processor.py:840} INFO - DAG(s) 'airpulse_pipeline' retrieved from /opt/airflow/dags/airpulse_pipeline.py
[2026-06-13T11:57:48.708+0000] {logging_mixin.py:188} INFO - [2026-06-13T11:57:48.707+0000] {dag.py:3096} INFO - Sync 1 DAGs
[2026-06-13T11:57:48.742+0000] {logging_mixin.py:188} INFO - [2026-06-13T11:57:48.741+0000] {dag.py:3954} INFO - Setting next_dagrun for airpulse_pipeline to 2026-06-13 00:00:00+00:00, run_after=2026-06-14 00:00:00+00:00
[2026-06-13T11:57:48.773+0000] {processor.py:183} INFO - Processing /opt/airflow/dags/airpulse_pipeline.py took 0.149 seconds
[2026-06-13T11:58:19.004+0000] {processor.py:161} INFO - Started process (PID=2086) to work on /opt/airflow/dags/airpulse_pipeline.py
[2026-06-13T11:58:19.005+0000] {processor.py:830} INFO - Processing file /opt/airflow/dags/airpulse_pipeline.py for tasks to queue
[2026-06-13T11:58:19.009+0000] {logging_mixin.py:188} INFO - [2026-06-13T11:58:19.009+0000] {dagbag.py:545} INFO - Filling up the DagBag from /opt/airflow/dags/airpulse_pipeline.py
[2026-06-13T11:58:19.036+0000] {processor.py:840} INFO - DAG(s) 'airpulse_pipeline' retrieved from /opt/airflow/dags/airpulse_pipeline.py
[2026-06-13T11:58:19.061+0000] {logging_mixin.py:188} INFO - [2026-06-13T11:58:19.060+0000] {dag.py:3096} INFO - Sync 1 DAGs
[2026-06-13T11:58:19.087+0000] {logging_mixin.py:188} INFO - [2026-06-13T11:58:19.086+0000] {dag.py:3954} INFO - Setting next_dagrun for airpulse_pipeline to 2026-06-13 00:00:00+00:00, run_after=2026-06-14 00:00:00+00:00
[2026-06-13T11:58:19.114+0000] {processor.py:183} INFO - Processing /opt/airflow/dags/airpulse_pipeline.py took 0.117 seconds
[2026-06-13T11:58:49.623+0000] {processor.py:161} INFO - Started process (PID=2145) to work on /opt/airflow/dags/airpulse_pipeline.py
[2026-06-13T11:58:49.625+0000] {processor.py:830} INFO - Processing file /opt/airflow/dags/airpulse_pipeline.py for tasks to queue
[2026-06-13T11:58:49.628+0000] {logging_mixin.py:188} INFO - [2026-06-13T11:58:49.628+0000] {dagbag.py:545} INFO - Filling up the DagBag from /opt/airflow/dags/airpulse_pipeline.py
[2026-06-13T11:58:49.655+0000] {processor.py:840} INFO - DAG(s) 'airpulse_pipeline' retrieved from /opt/airflow/dags/airpulse_pipeline.py
[2026-06-13T11:58:49.679+0000] {logging_mixin.py:188} INFO - [2026-06-13T11:58:49.679+0000] {dag.py:3096} INFO - Sync 1 DAGs
[2026-06-13T11:58:49.708+0000] {logging_mixin.py:188} INFO - [2026-06-13T11:58:49.708+0000] {dag.py:3954} INFO - Setting next_dagrun for airpulse_pipeline to 2026-06-13 00:00:00+00:00, run_after=2026-06-14 00:00:00+00:00
[2026-06-13T11:58:49.741+0000] {processor.py:183} INFO - Processing /opt/airflow/dags/airpulse_pipeline.py took 0.125 seconds
[2026-06-13T11:59:20.326+0000] {processor.py:161} INFO - Started process (PID=2243) to work on /opt/airflow/dags/airpulse_pipeline.py
[2026-06-13T11:59:20.328+0000] {processor.py:830} INFO - Processing file /opt/airflow/dags/airpulse_pipeline.py for tasks to queue
[2026-06-13T11:59:20.331+0000] {logging_mixin.py:188} INFO - [2026-06-13T11:59:20.331+0000] {dagbag.py:545} INFO - Filling up the DagBag from /opt/airflow/dags/airpulse_pipeline.py
[2026-06-13T11:59:20.358+0000] {processor.py:840} INFO - DAG(s) 'airpulse_pipeline' retrieved from /opt/airflow/dags/airpulse_pipeline.py
[2026-06-13T11:59:20.383+0000] {logging_mixin.py:188} INFO - [2026-06-13T11:59:20.382+0000] {dag.py:3096} INFO - Sync 1 DAGs
[2026-06-13T11:59:20.409+0000] {logging_mixin.py:188} INFO - [2026-06-13T11:59:20.408+0000] {dag.py:3954} INFO - Setting next_dagrun for airpulse_pipeline to 2026-06-13 00:00:00+00:00, run_after=2026-06-14 00:00:00+00:00
[2026-06-13T11:59:20.437+0000] {processor.py:183} INFO - Processing /opt/airflow/dags/airpulse_pipeline.py took 0.122 seconds
[2026-06-13T11:59:50.809+0000] {processor.py:161} INFO - Started process (PID=2302) to work on /opt/airflow/dags/airpulse_pipeline.py
[2026-06-13T11:59:50.810+0000] {processor.py:830} INFO - Processing file /opt/airflow/dags/airpulse_pipeline.py for tasks to queue
[2026-06-13T11:59:50.814+0000] {logging_mixin.py:188} INFO - [2026-06-13T11:59:50.813+0000] {dagbag.py:545} INFO - Filling up the DagBag from /opt/airflow/dags/airpulse_pipeline.py
[2026-06-13T11:59:50.841+0000] {processor.py:840} INFO - DAG(s) 'airpulse_pipeline' retrieved from /opt/airflow/dags/airpulse_pipeline.py
[2026-06-13T11:59:50.865+0000] {logging_mixin.py:188} INFO - [2026-06-13T11:59:50.865+0000] {dag.py:3096} INFO - Sync 1 DAGs
[2026-06-13T11:59:50.891+0000] {logging_mixin.py:188} INFO - [2026-06-13T11:59:50.890+0000] {dag.py:3954} INFO - Setting next_dagrun for airpulse_pipeline to 2026-06-13 00:00:00+00:00, run_after=2026-06-14 00:00:00+00:00
[2026-06-13T11:59:50.924+0000] {processor.py:183} INFO - Processing /opt/airflow/dags/airpulse_pipeline.py took 0.126 seconds
[2026-06-13T12:00:21.338+0000] {processor.py:161} INFO - Started process (PID=2361) to work on /opt/airflow/dags/airpulse_pipeline.py
[2026-06-13T12:00:21.339+0000] {processor.py:830} INFO - Processing file /opt/airflow/dags/airpulse_pipeline.py for tasks to queue
[2026-06-13T12:00:21.343+0000] {logging_mixin.py:188} INFO - [2026-06-13T12:00:21.342+0000] {dagbag.py:545} INFO - Filling up the DagBag from /opt/airflow/dags/airpulse_pipeline.py
[2026-06-13T12:00:21.371+0000] {processor.py:840} INFO - DAG(s) 'airpulse_pipeline' retrieved from /opt/airflow/dags/airpulse_pipeline.py
[2026-06-13T12:00:21.399+0000] {logging_mixin.py:188} INFO - [2026-06-13T12:00:21.398+0000] {dag.py:3096} INFO - Sync 1 DAGs
[2026-06-13T12:00:21.428+0000] {logging_mixin.py:188} INFO - [2026-06-13T12:00:21.428+0000] {dag.py:3954} INFO - Setting next_dagrun for airpulse_pipeline to 2026-06-13 00:00:00+00:00, run_after=2026-06-14 00:00:00+00:00
[2026-06-13T12:00:21.458+0000] {processor.py:183} INFO - Processing /opt/airflow/dags/airpulse_pipeline.py took 0.132 seconds
[2026-06-13T12:00:51.736+0000] {processor.py:161} INFO - Started process (PID=2438) to work on /opt/airflow/dags/airpulse_pipeline.py
[2026-06-13T12:00:51.738+0000] {processor.py:830} INFO - Processing file /opt/airflow/dags/airpulse_pipeline.py for tasks to queue
[2026-06-13T12:00:51.741+0000] {logging_mixin.py:188} INFO - [2026-06-13T12:00:51.741+0000] {dagbag.py:545} INFO - Filling up the DagBag from /opt/airflow/dags/airpulse_pipeline.py
[2026-06-13T12:00:51.771+0000] {processor.py:840} INFO - DAG(s) 'airpulse_pipeline' retrieved from /opt/airflow/dags/airpulse_pipeline.py
[2026-06-13T12:00:51.799+0000] {logging_mixin.py:188} INFO - [2026-06-13T12:00:51.799+0000] {dag.py:3096} INFO - Sync 1 DAGs
[2026-06-13T12:00:51.825+0000] {logging_mixin.py:188} INFO - [2026-06-13T12:00:51.825+0000] {dag.py:3954} INFO - Setting next_dagrun for airpulse_pipeline to 2026-06-13 00:00:00+00:00, run_after=2026-06-14 00:00:00+00:00
[2026-06-13T12:00:51.852+0000] {processor.py:183} INFO - Processing /opt/airflow/dags/airpulse_pipeline.py took 0.127 seconds
[2026-06-13T12:01:21.954+0000] {processor.py:161} INFO - Started process (PID=2497) to work on /opt/airflow/dags/airpulse_pipeline.py
[2026-06-13T12:01:21.955+0000] {processor.py:830} INFO - Processing file /opt/airflow/dags/airpulse_pipeline.py for tasks to queue
[2026-06-13T12:01:21.959+0000] {logging_mixin.py:188} INFO - [2026-06-13T12:01:21.958+0000] {dagbag.py:545} INFO - Filling up the DagBag from /opt/airflow/dags/airpulse_pipeline.py
[2026-06-13T12:01:21.986+0000] {processor.py:840} INFO - DAG(s) 'airpulse_pipeline' retrieved from /opt/airflow/dags/airpulse_pipeline.py
[2026-06-13T12:01:22.012+0000] {logging_mixin.py:188} INFO - [2026-06-13T12:01:22.012+0000] {dag.py:3096} INFO - Sync 1 DAGs
[2026-06-13T12:01:22.039+0000] {logging_mixin.py:188} INFO - [2026-06-13T12:01:22.039+0000] {dag.py:3954} INFO - Setting next_dagrun for airpulse_pipeline to 2026-06-13 00:00:00+00:00, run_after=2026-06-14 00:00:00+00:00
[2026-06-13T12:01:22.068+0000] {processor.py:183} INFO - Processing /opt/airflow/dags/airpulse_pipeline.py took 0.126 seconds
[2026-06-13T12:01:52.311+0000] {processor.py:161} INFO - Started process (PID=2556) to work on /opt/airflow/dags/airpulse_pipeline.py
[2026-06-13T12:01:52.313+0000] {processor.py:830} INFO - Processing file /opt/airflow/dags/airpulse_pipeline.py for tasks to queue
[2026-06-13T12:01:52.316+0000] {logging_mixin.py:188} INFO - [2026-06-13T12:01:52.316+0000] {dagbag.py:545} INFO - Filling up the DagBag from /opt/airflow/dags/airpulse_pipeline.py
[2026-06-13T12:01:52.346+0000] {processor.py:840} INFO - DAG(s) 'airpulse_pipeline' retrieved from /opt/airflow/dags/airpulse_pipeline.py
[2026-06-13T12:01:52.376+0000] {logging_mixin.py:188} INFO - [2026-06-13T12:01:52.375+0000] {dag.py:3096} INFO - Sync 1 DAGs
[2026-06-13T12:01:52.411+0000] {logging_mixin.py:188} INFO - [2026-06-13T12:01:52.411+0000] {dag.py:3954} INFO - Setting next_dagrun for airpulse_pipeline to 2026-06-13 00:00:00+00:00, run_after=2026-06-14 00:00:00+00:00
[2026-06-13T12:01:52.444+0000] {processor.py:183} INFO - Processing /opt/airflow/dags/airpulse_pipeline.py took 0.145 seconds
[2026-06-13T12:02:22.883+0000] {processor.py:161} INFO - Started process (PID=2623) to work on /opt/airflow/dags/airpulse_pipeline.py
[2026-06-13T12:02:22.885+0000] {processor.py:830} INFO - Processing file /opt/airflow/dags/airpulse_pipeline.py for tasks to queue
[2026-06-13T12:02:22.889+0000] {logging_mixin.py:188} INFO - [2026-06-13T12:02:22.888+0000] {dagbag.py:545} INFO - Filling up the DagBag from /opt/airflow/dags/airpulse_pipeline.py
[2026-06-13T12:02:22.915+0000] {processor.py:840} INFO - DAG(s) 'airpulse_pipeline' retrieved from /opt/airflow/dags/airpulse_pipeline.py
[2026-06-13T12:02:22.944+0000] {logging_mixin.py:188} INFO - [2026-06-13T12:02:22.943+0000] {dag.py:3096} INFO - Sync 1 DAGs
[2026-06-13T12:02:22.976+0000] {logging_mixin.py:188} INFO - [2026-06-13T12:02:22.976+0000] {dag.py:3954} INFO - Setting next_dagrun for airpulse_pipeline to 2026-06-13 00:00:00+00:00, run_after=2026-06-14 00:00:00+00:00
[2026-06-13T12:02:23.007+0000] {processor.py:183} INFO - Processing /opt/airflow/dags/airpulse_pipeline.py took 0.138 seconds
[2026-06-13T12:02:53.415+0000] {processor.py:161} INFO - Started process (PID=2738) to work on /opt/airflow/dags/airpulse_pipeline.py
[2026-06-13T12:02:53.417+0000] {processor.py:830} INFO - Processing file /opt/airflow/dags/airpulse_pipeline.py for tasks to queue
[2026-06-13T12:02:53.420+0000] {logging_mixin.py:188} INFO - [2026-06-13T12:02:53.419+0000] {dagbag.py:545} INFO - Filling up the DagBag from /opt/airflow/dags/airpulse_pipeline.py
[2026-06-13T12:02:53.443+0000] {processor.py:840} INFO - DAG(s) 'airpulse_pipeline' retrieved from /opt/airflow/dags/airpulse_pipeline.py
[2026-06-13T12:02:53.477+0000] {logging_mixin.py:188} INFO - [2026-06-13T12:02:53.476+0000] {dag.py:3096} INFO - Sync 1 DAGs
[2026-06-13T12:02:53.507+0000] {logging_mixin.py:188} INFO - [2026-06-13T12:02:53.507+0000] {dag.py:3954} INFO - Setting next_dagrun for airpulse_pipeline to 2026-06-13 00:00:00+00:00, run_after=2026-06-14 00:00:00+00:00
[2026-06-13T12:02:53.540+0000] {processor.py:183} INFO - Processing /opt/airflow/dags/airpulse_pipeline.py took 0.135 seconds
[2026-06-13T12:03:23.795+0000] {processor.py:161} INFO - Started process (PID=2797) to work on /opt/airflow/dags/airpulse_pipeline.py
[2026-06-13T12:03:23.798+0000] {processor.py:830} INFO - Processing file /opt/airflow/dags/airpulse_pipeline.py for tasks to queue
[2026-06-13T12:03:23.803+0000] {logging_mixin.py:188} INFO - [2026-06-13T12:03:23.802+0000] {dagbag.py:545} INFO - Filling up the DagBag from /opt/airflow/dags/airpulse_pipeline.py
[2026-06-13T12:03:23.854+0000] {processor.py:840} INFO - DAG(s) 'airpulse_pipeline' retrieved from /opt/airflow/dags/airpulse_pipeline.py
[2026-06-13T12:03:23.906+0000] {logging_mixin.py:188} INFO - [2026-06-13T12:03:23.906+0000] {dag.py:3096} INFO - Sync 1 DAGs
[2026-06-13T12:03:23.964+0000] {logging_mixin.py:188} INFO - [2026-06-13T12:03:23.963+0000] {dag.py:3954} INFO - Setting next_dagrun for airpulse_pipeline to 2026-06-13 00:00:00+00:00, run_after=2026-06-14 00:00:00+00:00
[2026-06-13T12:03:24.001+0000] {processor.py:183} INFO - Processing /opt/airflow/dags/airpulse_pipeline.py took 0.224 seconds
[2026-06-13T12:03:54.386+0000] {processor.py:161} INFO - Started process (PID=2856) to work on /opt/airflow/dags/airpulse_pipeline.py
[2026-06-13T12:03:54.388+0000] {processor.py:830} INFO - Processing file /opt/airflow/dags/airpulse_pipeline.py for tasks to queue
[2026-06-13T12:03:54.392+0000] {logging_mixin.py:188} INFO - [2026-06-13T12:03:54.391+0000] {dagbag.py:545} INFO - Filling up the DagBag from /opt/airflow/dags/airpulse_pipeline.py
[2026-06-13T12:03:54.422+0000] {processor.py:840} INFO - DAG(s) 'airpulse_pipeline' retrieved from /opt/airflow/dags/airpulse_pipeline.py
[2026-06-13T12:03:54.453+0000] {logging_mixin.py:188} INFO - [2026-06-13T12:03:54.453+0000] {dag.py:3096} INFO - Sync 1 DAGs
[2026-06-13T12:03:54.485+0000] {logging_mixin.py:188} INFO - [2026-06-13T12:03:54.485+0000] {dag.py:3954} INFO - Setting next_dagrun for airpulse_pipeline to 2026-06-13 00:00:00+00:00, run_after=2026-06-14 00:00:00+00:00
[2026-06-13T12:03:54.518+0000] {processor.py:183} INFO - Processing /opt/airflow/dags/airpulse_pipeline.py took 0.144 seconds
[2026-06-13T12:04:24.905+0000] {processor.py:161} INFO - Started process (PID=2930) to work on /opt/airflow/dags/airpulse_pipeline.py
[2026-06-13T12:04:24.906+0000] {processor.py:830} INFO - Processing file /opt/airflow/dags/airpulse_pipeline.py for tasks to queue
[2026-06-13T12:04:24.909+0000] {logging_mixin.py:188} INFO - [2026-06-13T12:04:24.909+0000] {dagbag.py:545} INFO - Filling up the DagBag from /opt/airflow/dags/airpulse_pipeline.py
[2026-06-13T12:04:24.934+0000] {processor.py:840} INFO - DAG(s) 'airpulse_pipeline' retrieved from /opt/airflow/dags/airpulse_pipeline.py
[2026-06-13T12:04:24.968+0000] {logging_mixin.py:188} INFO - [2026-06-13T12:04:24.968+0000] {dag.py:3096} INFO - Sync 1 DAGs
[2026-06-13T12:04:25.001+0000] {logging_mixin.py:188} INFO - [2026-06-13T12:04:25.001+0000] {dag.py:3954} INFO - Setting next_dagrun for airpulse_pipeline to 2026-06-13 00:00:00+00:00, run_after=2026-06-14 00:00:00+00:00
[2026-06-13T12:04:25.036+0000] {processor.py:183} INFO - Processing /opt/airflow/dags/airpulse_pipeline.py took 0.141 seconds
[2026-06-13T12:04:55.300+0000] {processor.py:161} INFO - Started process (PID=2989) to work on /opt/airflow/dags/airpulse_pipeline.py
[2026-06-13T12:04:55.302+0000] {processor.py:830} INFO - Processing file /opt/airflow/dags/airpulse_pipeline.py for tasks to queue
[2026-06-13T12:04:55.306+0000] {logging_mixin.py:188} INFO - [2026-06-13T12:04:55.305+0000] {dagbag.py:545} INFO - Filling up the DagBag from /opt/airflow/dags/airpulse_pipeline.py
[2026-06-13T12:04:55.333+0000] {processor.py:840} INFO - DAG(s) 'airpulse_pipeline' retrieved from /opt/airflow/dags/airpulse_pipeline.py
[2026-06-13T12:04:55.366+0000] {logging_mixin.py:188} INFO - [2026-06-13T12:04:55.365+0000] {dag.py:3096} INFO - Sync 1 DAGs
[2026-06-13T12:04:55.397+0000] {logging_mixin.py:188} INFO - [2026-06-13T12:04:55.397+0000] {dag.py:3954} INFO - Setting next_dagrun for airpulse_pipeline to 2026-06-13 00:00:00+00:00, run_after=2026-06-14 00:00:00+00:00
[2026-06-13T12:04:55.428+0000] {processor.py:183} INFO - Processing /opt/airflow/dags/airpulse_pipeline.py took 0.138 seconds
[2026-06-13T12:05:25.839+0000] {processor.py:161} INFO - Started process (PID=3048) to work on /opt/airflow/dags/airpulse_pipeline.py
[2026-06-13T12:05:25.840+0000] {processor.py:830} INFO - Processing file /opt/airflow/dags/airpulse_pipeline.py for tasks to queue
[2026-06-13T12:05:25.843+0000] {logging_mixin.py:188} INFO - [2026-06-13T12:05:25.843+0000] {dagbag.py:545} INFO - Filling up the DagBag from /opt/airflow/dags/airpulse_pipeline.py
[2026-06-13T12:05:25.868+0000] {processor.py:840} INFO - DAG(s) 'airpulse_pipeline' retrieved from /opt/airflow/dags/airpulse_pipeline.py
[2026-06-13T12:05:25.899+0000] {logging_mixin.py:188} INFO - [2026-06-13T12:05:25.899+0000] {dag.py:3096} INFO - Sync 1 DAGs
[2026-06-13T12:05:25.929+0000] {logging_mixin.py:188} INFO - [2026-06-13T12:05:25.929+0000] {dag.py:3954} INFO - Setting next_dagrun for airpulse_pipeline to 2026-06-13 00:00:00+00:00, run_after=2026-06-14 00:00:00+00:00
[2026-06-13T12:05:25.959+0000] {processor.py:183} INFO - Processing /opt/airflow/dags/airpulse_pipeline.py took 0.130 seconds
[2026-06-13T12:05:56.328+0000] {processor.py:161} INFO - Started process (PID=3108) to work on /opt/airflow/dags/airpulse_pipeline.py
[2026-06-13T12:05:56.330+0000] {processor.py:830} INFO - Processing file /opt/airflow/dags/airpulse_pipeline.py for tasks to queue
[2026-06-13T12:05:56.334+0000] {logging_mixin.py:188} INFO - [2026-06-13T12:05:56.333+0000] {dagbag.py:545} INFO - Filling up the DagBag from /opt/airflow/dags/airpulse_pipeline.py
[2026-06-13T12:05:56.363+0000] {processor.py:840} INFO - DAG(s) 'airpulse_pipeline' retrieved from /opt/airflow/dags/airpulse_pipeline.py
[2026-06-13T12:05:56.393+0000] {logging_mixin.py:188} INFO - [2026-06-13T12:05:56.393+0000] {dag.py:3096} INFO - Sync 1 DAGs
[2026-06-13T12:05:56.422+0000] {logging_mixin.py:188} INFO - [2026-06-13T12:05:56.422+0000] {dag.py:3954} INFO - Setting next_dagrun for airpulse_pipeline to 2026-06-13 00:00:00+00:00, run_after=2026-06-14 00:00:00+00:00
[2026-06-13T12:05:56.454+0000] {processor.py:183} INFO - Processing /opt/airflow/dags/airpulse_pipeline.py took 0.136 seconds
[2026-06-13T12:06:26.586+0000] {processor.py:161} INFO - Started process (PID=3167) to work on /opt/airflow/dags/airpulse_pipeline.py
[2026-06-13T12:06:26.588+0000] {processor.py:830} INFO - Processing file /opt/airflow/dags/airpulse_pipeline.py for tasks to queue
[2026-06-13T12:06:26.591+0000] {logging_mixin.py:188} INFO - [2026-06-13T12:06:26.591+0000] {dagbag.py:545} INFO - Filling up the DagBag from /opt/airflow/dags/airpulse_pipeline.py
[2026-06-13T12:06:26.622+0000] {processor.py:840} INFO - DAG(s) 'airpulse_pipeline' retrieved from /opt/airflow/dags/airpulse_pipeline.py
[2026-06-13T12:06:26.650+0000] {logging_mixin.py:188} INFO - [2026-06-13T12:06:26.650+0000] {dag.py:3096} INFO - Sync 1 DAGs
[2026-06-13T12:06:26.684+0000] {logging_mixin.py:188} INFO - [2026-06-13T12:06:26.683+0000] {dag.py:3954} INFO - Setting next_dagrun for airpulse_pipeline to 2026-06-13 00:00:00+00:00, run_after=2026-06-14 00:00:00+00:00
[2026-06-13T12:06:26.714+0000] {processor.py:183} INFO - Processing /opt/airflow/dags/airpulse_pipeline.py took 0.137 seconds
[2026-06-13T12:06:56.838+0000] {processor.py:161} INFO - Started process (PID=3226) to work on /opt/airflow/dags/airpulse_pipeline.py
[2026-06-13T12:06:56.840+0000] {processor.py:830} INFO - Processing file /opt/airflow/dags/airpulse_pipeline.py for tasks to queue
[2026-06-13T12:06:56.843+0000] {logging_mixin.py:188} INFO - [2026-06-13T12:06:56.842+0000] {dagbag.py:545} INFO - Filling up the DagBag from /opt/airflow/dags/airpulse_pipeline.py
[2026-06-13T12:06:56.872+0000] {processor.py:840} INFO - DAG(s) 'airpulse_pipeline' retrieved from /opt/airflow/dags/airpulse_pipeline.py
[2026-06-13T12:06:56.898+0000] {logging_mixin.py:188} INFO - [2026-06-13T12:06:56.898+0000] {dag.py:3096} INFO - Sync 1 DAGs
[2026-06-13T12:06:56.927+0000] {logging_mixin.py:188} INFO - [2026-06-13T12:06:56.927+0000] {dag.py:3954} INFO - Setting next_dagrun for airpulse_pipeline to 2026-06-13 00:00:00+00:00, run_after=2026-06-14 00:00:00+00:00
[2026-06-13T12:06:56.956+0000] {processor.py:183} INFO - Processing /opt/airflow/dags/airpulse_pipeline.py took 0.128 seconds
[2026-06-13T12:07:27.103+0000] {processor.py:161} INFO - Started process (PID=3285) to work on /opt/airflow/dags/airpulse_pipeline.py
[2026-06-13T12:07:27.104+0000] {processor.py:830} INFO - Processing file /opt/airflow/dags/airpulse_pipeline.py for tasks to queue
[2026-06-13T12:07:27.106+0000] {logging_mixin.py:188} INFO - [2026-06-13T12:07:27.106+0000] {dagbag.py:545} INFO - Filling up the DagBag from /opt/airflow/dags/airpulse_pipeline.py
[2026-06-13T12:07:27.129+0000] {processor.py:840} INFO - DAG(s) 'airpulse_pipeline' retrieved from /opt/airflow/dags/airpulse_pipeline.py
[2026-06-13T12:07:27.155+0000] {logging_mixin.py:188} INFO - [2026-06-13T12:07:27.155+0000] {dag.py:3096} INFO - Sync 1 DAGs
[2026-06-13T12:07:27.181+0000] {logging_mixin.py:188} INFO - [2026-06-13T12:07:27.180+0000] {dag.py:3954} INFO - Setting next_dagrun for airpulse_pipeline to 2026-06-13 00:00:00+00:00, run_after=2026-06-14 00:00:00+00:00
[2026-06-13T12:07:27.209+0000] {processor.py:183} INFO - Processing /opt/airflow/dags/airpulse_pipeline.py took 0.117 seconds
[2026-06-13T12:07:57.616+0000] {processor.py:161} INFO - Started process (PID=3344) to work on /opt/airflow/dags/airpulse_pipeline.py
[2026-06-13T12:07:57.619+0000] {processor.py:830} INFO - Processing file /opt/airflow/dags/airpulse_pipeline.py for tasks to queue
[2026-06-13T12:07:57.622+0000] {logging_mixin.py:188} INFO - [2026-06-13T12:07:57.622+0000] {dagbag.py:545} INFO - Filling up the DagBag from /opt/airflow/dags/airpulse_pipeline.py
[2026-06-13T12:07:57.650+0000] {processor.py:840} INFO - DAG(s) 'airpulse_pipeline' retrieved from /opt/airflow/dags/airpulse_pipeline.py
[2026-06-13T12:07:57.676+0000] {logging_mixin.py:188} INFO - [2026-06-13T12:07:57.676+0000] {dag.py:3096} INFO - Sync 1 DAGs
[2026-06-13T12:07:57.706+0000] {logging_mixin.py:188} INFO - [2026-06-13T12:07:57.706+0000] {dag.py:3954} INFO - Setting next_dagrun for airpulse_pipeline to 2026-06-13 00:00:00+00:00, run_after=2026-06-14 00:00:00+00:00
[2026-06-13T12:07:57.743+0000] {processor.py:183} INFO - Processing /opt/airflow/dags/airpulse_pipeline.py took 0.140 seconds
[2026-06-13T12:08:27.988+0000] {processor.py:161} INFO - Started process (PID=3403) to work on /opt/airflow/dags/airpulse_pipeline.py
[2026-06-13T12:08:27.990+0000] {processor.py:830} INFO - Processing file /opt/airflow/dags/airpulse_pipeline.py for tasks to queue
[2026-06-13T12:08:27.993+0000] {logging_mixin.py:188} INFO - [2026-06-13T12:08:27.993+0000] {dagbag.py:545} INFO - Filling up the DagBag from /opt/airflow/dags/airpulse_pipeline.py
[2026-06-13T12:08:28.018+0000] {processor.py:840} INFO - DAG(s) 'airpulse_pipeline' retrieved from /opt/airflow/dags/airpulse_pipeline.py
[2026-06-13T12:08:28.041+0000] {logging_mixin.py:188} INFO - [2026-06-13T12:08:28.041+0000] {dag.py:3096} INFO - Sync 1 DAGs
[2026-06-13T12:08:28.068+0000] {logging_mixin.py:188} INFO - [2026-06-13T12:08:28.068+0000] {dag.py:3954} INFO - Setting next_dagrun for airpulse_pipeline to 2026-06-13 00:00:00+00:00, run_after=2026-06-14 00:00:00+00:00
[2026-06-13T12:08:28.100+0000] {processor.py:183} INFO - Processing /opt/airflow/dags/airpulse_pipeline.py took 0.123 seconds
[2026-06-13T12:08:58.229+0000] {processor.py:161} INFO - Started process (PID=3462) to work on /opt/airflow/dags/airpulse_pipeline.py
[2026-06-13T12:08:58.231+0000] {processor.py:830} INFO - Processing file /opt/airflow/dags/airpulse_pipeline.py for tasks to queue
[2026-06-13T12:08:58.234+0000] {logging_mixin.py:188} INFO - [2026-06-13T12:08:58.234+0000] {dagbag.py:545} INFO - Filling up the DagBag from /opt/airflow/dags/airpulse_pipeline.py
[2026-06-13T12:08:58.260+0000] {processor.py:840} INFO - DAG(s) 'airpulse_pipeline' retrieved from /opt/airflow/dags/airpulse_pipeline.py
[2026-06-13T12:08:58.290+0000] {logging_mixin.py:188} INFO - [2026-06-13T12:08:58.289+0000] {dag.py:3096} INFO - Sync 1 DAGs
[2026-06-13T12:08:58.320+0000] {logging_mixin.py:188} INFO - [2026-06-13T12:08:58.319+0000] {dag.py:3954} INFO - Setting next_dagrun for airpulse_pipeline to 2026-06-13 00:00:00+00:00, run_after=2026-06-14 00:00:00+00:00
[2026-06-13T12:08:58.350+0000] {processor.py:183} INFO - Processing /opt/airflow/dags/airpulse_pipeline.py took 0.135 seconds
[2026-06-13T12:09:28.896+0000] {processor.py:161} INFO - Started process (PID=3521) to work on /opt/airflow/dags/airpulse_pipeline.py
[2026-06-13T12:09:28.897+0000] {processor.py:830} INFO - Processing file /opt/airflow/dags/airpulse_pipeline.py for tasks to queue
[2026-06-13T12:09:28.901+0000] {logging_mixin.py:188} INFO - [2026-06-13T12:09:28.900+0000] {dagbag.py:545} INFO - Filling up the DagBag from /opt/airflow/dags/airpulse_pipeline.py
[2026-06-13T12:09:28.932+0000] {processor.py:840} INFO - DAG(s) 'airpulse_pipeline' retrieved from /opt/airflow/dags/airpulse_pipeline.py
[2026-06-13T12:09:28.960+0000] {logging_mixin.py:188} INFO - [2026-06-13T12:09:28.960+0000] {dag.py:3096} INFO - Sync 1 DAGs
[2026-06-13T12:09:28.990+0000] {logging_mixin.py:188} INFO - [2026-06-13T12:09:28.990+0000] {dag.py:3954} INFO - Setting next_dagrun for airpulse_pipeline to 2026-06-13 00:00:00+00:00, run_after=2026-06-14 00:00:00+00:00
[2026-06-13T12:09:29.021+0000] {processor.py:183} INFO - Processing /opt/airflow/dags/airpulse_pipeline.py took 0.136 seconds
[2026-06-13T12:09:59.317+0000] {processor.py:161} INFO - Started process (PID=3580) to work on /opt/airflow/dags/airpulse_pipeline.py
[2026-06-13T12:09:59.319+0000] {processor.py:830} INFO - Processing file /opt/airflow/dags/airpulse_pipeline.py for tasks to queue
[2026-06-13T12:09:59.322+0000] {logging_mixin.py:188} INFO - [2026-06-13T12:09:59.322+0000] {dagbag.py:545} INFO - Filling up the DagBag from /opt/airflow/dags/airpulse_pipeline.py
[2026-06-13T12:09:59.353+0000] {processor.py:840} INFO - DAG(s) 'airpulse_pipeline' retrieved from /opt/airflow/dags/airpulse_pipeline.py
[2026-06-13T12:09:59.384+0000] {logging_mixin.py:188} INFO - [2026-06-13T12:09:59.384+0000] {dag.py:3096} INFO - Sync 1 DAGs
[2026-06-13T12:09:59.415+0000] {logging_mixin.py:188} INFO - [2026-06-13T12:09:59.414+0000] {dag.py:3954} INFO - Setting next_dagrun for airpulse_pipeline to 2026-06-13 00:00:00+00:00, run_after=2026-06-14 00:00:00+00:00
[2026-06-13T12:09:59.443+0000] {processor.py:183} INFO - Processing /opt/airflow/dags/airpulse_pipeline.py took 0.135 seconds
[2026-06-13T12:14:37.937+0000] {processor.py:161} INFO - Started process (PID=3620) to work on /opt/airflow/dags/airpulse_pipeline.py
[2026-06-13T12:14:37.938+0000] {processor.py:830} INFO - Processing file /opt/airflow/dags/airpulse_pipeline.py for tasks to queue
[2026-06-13T12:14:37.941+0000] {logging_mixin.py:188} INFO - [2026-06-13T12:14:37.941+0000] {dagbag.py:545} INFO - Filling up the DagBag from /opt/airflow/dags/airpulse_pipeline.py
[2026-06-13T12:14:37.968+0000] {processor.py:840} INFO - DAG(s) 'airpulse_pipeline' retrieved from /opt/airflow/dags/airpulse_pipeline.py
[2026-06-13T12:14:37.995+0000] {logging_mixin.py:188} INFO - [2026-06-13T12:14:37.994+0000] {dag.py:3096} INFO - Sync 1 DAGs
[2026-06-13T12:14:38.022+0000] {logging_mixin.py:188} INFO - [2026-06-13T12:14:38.021+0000] {dag.py:3954} INFO - Setting next_dagrun for airpulse_pipeline to 2026-06-13 00:00:00+00:00, run_after=2026-06-14 00:00:00+00:00
[2026-06-13T12:14:38.052+0000] {processor.py:183} INFO - Processing /opt/airflow/dags/airpulse_pipeline.py took 0.127 seconds
[2026-06-13T12:15:08.134+0000] {processor.py:161} INFO - Started process (PID=3679) to work on /opt/airflow/dags/airpulse_pipeline.py
[2026-06-13T12:15:08.136+0000] {processor.py:830} INFO - Processing file /opt/airflow/dags/airpulse_pipeline.py for tasks to queue
[2026-06-13T12:15:08.139+0000] {logging_mixin.py:188} INFO - [2026-06-13T12:15:08.138+0000] {dagbag.py:545} INFO - Filling up the DagBag from /opt/airflow/dags/airpulse_pipeline.py
[2026-06-13T12:15:08.167+0000] {processor.py:840} INFO - DAG(s) 'airpulse_pipeline' retrieved from /opt/airflow/dags/airpulse_pipeline.py
[2026-06-13T12:15:08.191+0000] {logging_mixin.py:188} INFO - [2026-06-13T12:15:08.191+0000] {dag.py:3096} INFO - Sync 1 DAGs
[2026-06-13T12:15:08.217+0000] {logging_mixin.py:188} INFO - [2026-06-13T12:15:08.217+0000] {dag.py:3954} INFO - Setting next_dagrun for airpulse_pipeline to 2026-06-13 00:00:00+00:00, run_after=2026-06-14 00:00:00+00:00
[2026-06-13T12:15:08.248+0000] {processor.py:183} INFO - Processing /opt/airflow/dags/airpulse_pipeline.py took 0.123 seconds
[2026-06-13T12:15:38.642+0000] {processor.py:161} INFO - Started process (PID=3736) to work on /opt/airflow/dags/airpulse_pipeline.py
[2026-06-13T12:15:38.643+0000] {processor.py:830} INFO - Processing file /opt/airflow/dags/airpulse_pipeline.py for tasks to queue
[2026-06-13T12:15:38.646+0000] {logging_mixin.py:188} INFO - [2026-06-13T12:15:38.645+0000] {dagbag.py:545} INFO - Filling up the DagBag from /opt/airflow/dags/airpulse_pipeline.py
[2026-06-13T12:15:38.674+0000] {processor.py:840} INFO - DAG(s) 'airpulse_pipeline' retrieved from /opt/airflow/dags/airpulse_pipeline.py
[2026-06-13T12:15:38.697+0000] {logging_mixin.py:188} INFO - [2026-06-13T12:15:38.696+0000] {dag.py:3096} INFO - Sync 1 DAGs
[2026-06-13T12:15:38.723+0000] {logging_mixin.py:188} INFO - [2026-06-13T12:15:38.722+0000] {dag.py:3954} INFO - Setting next_dagrun for airpulse_pipeline to 2026-06-13 00:00:00+00:00, run_after=2026-06-14 00:00:00+00:00
[2026-06-13T12:15:38.750+0000] {processor.py:183} INFO - Processing /opt/airflow/dags/airpulse_pipeline.py took 0.119 seconds
[2026-06-13T12:16:09.274+0000] {processor.py:161} INFO - Started process (PID=3795) to work on /opt/airflow/dags/airpulse_pipeline.py
[2026-06-13T12:16:09.276+0000] {processor.py:830} INFO - Processing file /opt/airflow/dags/airpulse_pipeline.py for tasks to queue
[2026-06-13T12:16:09.279+0000] {logging_mixin.py:188} INFO - [2026-06-13T12:16:09.278+0000] {dagbag.py:545} INFO - Filling up the DagBag from /opt/airflow/dags/airpulse_pipeline.py
[2026-06-13T12:16:09.306+0000] {processor.py:840} INFO - DAG(s) 'airpulse_pipeline' retrieved from /opt/airflow/dags/airpulse_pipeline.py
[2026-06-13T12:16:09.329+0000] {logging_mixin.py:188} INFO - [2026-06-13T12:16:09.329+0000] {dag.py:3096} INFO - Sync 1 DAGs
[2026-06-13T12:16:09.354+0000] {logging_mixin.py:188} INFO - [2026-06-13T12:16:09.353+0000] {dag.py:3954} INFO - Setting next_dagrun for airpulse_pipeline to 2026-06-13 00:00:00+00:00, run_after=2026-06-14 00:00:00+00:00
[2026-06-13T12:16:09.380+0000] {processor.py:183} INFO - Processing /opt/airflow/dags/airpulse_pipeline.py took 0.116 seconds
[2026-06-13T12:16:40.166+0000] {processor.py:161} INFO - Started process (PID=3855) to work on /opt/airflow/dags/airpulse_pipeline.py
[2026-06-13T12:16:40.168+0000] {processor.py:830} INFO - Processing file /opt/airflow/dags/airpulse_pipeline.py for tasks to queue
[2026-06-13T12:16:40.171+0000] {logging_mixin.py:188} INFO - [2026-06-13T12:16:40.170+0000] {dagbag.py:545} INFO - Filling up the DagBag from /opt/airflow/dags/airpulse_pipeline.py
[2026-06-13T12:16:40.199+0000] {processor.py:840} INFO - DAG(s) 'airpulse_pipeline' retrieved from /opt/airflow/dags/airpulse_pipeline.py
[2026-06-13T12:16:40.226+0000] {logging_mixin.py:188} INFO - [2026-06-13T12:16:40.226+0000] {dag.py:3096} INFO - Sync 1 DAGs
[2026-06-13T12:16:40.253+0000] {logging_mixin.py:188} INFO - [2026-06-13T12:16:40.252+0000] {dag.py:3954} INFO - Setting next_dagrun for airpulse_pipeline to 2026-06-13 00:00:00+00:00, run_after=2026-06-14 00:00:00+00:00
[2026-06-13T12:16:40.282+0000] {processor.py:183} INFO - Processing /opt/airflow/dags/airpulse_pipeline.py took 0.129 seconds
[2026-06-13T12:17:10.449+0000] {processor.py:161} INFO - Started process (PID=3914) to work on /opt/airflow/dags/airpulse_pipeline.py
[2026-06-13T12:17:10.450+0000] {processor.py:830} INFO - Processing file /opt/airflow/dags/airpulse_pipeline.py for tasks to queue
[2026-06-13T12:17:10.454+0000] {logging_mixin.py:188} INFO - [2026-06-13T12:17:10.453+0000] {dagbag.py:545} INFO - Filling up the DagBag from /opt/airflow/dags/airpulse_pipeline.py
[2026-06-13T12:17:10.478+0000] {processor.py:840} INFO - DAG(s) 'airpulse_pipeline' retrieved from /opt/airflow/dags/airpulse_pipeline.py
[2026-06-13T12:17:10.503+0000] {logging_mixin.py:188} INFO - [2026-06-13T12:17:10.503+0000] {dag.py:3096} INFO - Sync 1 DAGs
[2026-06-13T12:17:10.529+0000] {logging_mixin.py:188} INFO - [2026-06-13T12:17:10.529+0000] {dag.py:3954} INFO - Setting next_dagrun for airpulse_pipeline to 2026-06-13 00:00:00+00:00, run_after=2026-06-14 00:00:00+00:00
[2026-06-13T12:17:10.561+0000] {processor.py:183} INFO - Processing /opt/airflow/dags/airpulse_pipeline.py took 0.123 seconds
[2026-06-13T12:17:40.782+0000] {processor.py:161} INFO - Started process (PID=3974) to work on /opt/airflow/dags/airpulse_pipeline.py
[2026-06-13T12:17:40.784+0000] {processor.py:830} INFO - Processing file /opt/airflow/dags/airpulse_pipeline.py for tasks to queue
[2026-06-13T12:17:40.786+0000] {logging_mixin.py:188} INFO - [2026-06-13T12:17:40.786+0000] {dagbag.py:545} INFO - Filling up the DagBag from /opt/airflow/dags/airpulse_pipeline.py
[2026-06-13T12:17:40.813+0000] {processor.py:840} INFO - DAG(s) 'airpulse_pipeline' retrieved from /opt/airflow/dags/airpulse_pipeline.py
[2026-06-13T12:17:40.838+0000] {logging_mixin.py:188} INFO - [2026-06-13T12:17:40.838+0000] {dag.py:3096} INFO - Sync 1 DAGs
[2026-06-13T12:17:40.863+0000] {logging_mixin.py:188} INFO - [2026-06-13T12:17:40.863+0000] {dag.py:3954} INFO - Setting next_dagrun for airpulse_pipeline to 2026-06-13 00:00:00+00:00, run_after=2026-06-14 00:00:00+00:00
[2026-06-13T12:17:40.893+0000] {processor.py:183} INFO - Processing /opt/airflow/dags/airpulse_pipeline.py took 0.121 seconds
[2026-06-13T12:18:10.973+0000] {processor.py:161} INFO - Started process (PID=4041) to work on /opt/airflow/dags/airpulse_pipeline.py
[2026-06-13T12:18:10.975+0000] {processor.py:830} INFO - Processing file /opt/airflow/dags/airpulse_pipeline.py for tasks to queue
[2026-06-13T12:18:10.978+0000] {logging_mixin.py:188} INFO - [2026-06-13T12:18:10.977+0000] {dagbag.py:545} INFO - Filling up the DagBag from /opt/airflow/dags/airpulse_pipeline.py
[2026-06-13T12:18:11.003+0000] {processor.py:840} INFO - DAG(s) 'airpulse_pipeline' retrieved from /opt/airflow/dags/airpulse_pipeline.py
[2026-06-13T12:18:11.030+0000] {logging_mixin.py:188} INFO - [2026-06-13T12:18:11.030+0000] {dag.py:3096} INFO - Sync 1 DAGs
[2026-06-13T12:18:11.056+0000] {logging_mixin.py:188} INFO - [2026-06-13T12:18:11.055+0000] {dag.py:3954} INFO - Setting next_dagrun for airpulse_pipeline to 2026-06-13 00:00:00+00:00, run_after=2026-06-14 00:00:00+00:00
[2026-06-13T12:18:11.085+0000] {processor.py:183} INFO - Processing /opt/airflow/dags/airpulse_pipeline.py took 0.122 seconds
[2026-06-13T12:18:57.745+0000] {processor.py:161} INFO - Started process (PID=63) to work on /opt/airflow/dags/airpulse_pipeline.py
[2026-06-13T12:18:57.748+0000] {processor.py:830} INFO - Processing file /opt/airflow/dags/airpulse_pipeline.py for tasks to queue
[2026-06-13T12:18:57.752+0000] {logging_mixin.py:188} INFO - [2026-06-13T12:18:57.751+0000] {dagbag.py:545} INFO - Filling up the DagBag from /opt/airflow/dags/airpulse_pipeline.py
[2026-06-13T12:18:57.810+0000] {processor.py:840} INFO - DAG(s) 'airpulse_pipeline' retrieved from /opt/airflow/dags/airpulse_pipeline.py
[2026-06-13T12:18:58.182+0000] {logging_mixin.py:188} INFO - [2026-06-13T12:18:58.182+0000] {dag.py:3096} INFO - Sync 1 DAGs
[2026-06-13T12:18:58.215+0000] {logging_mixin.py:188} INFO - [2026-06-13T12:18:58.214+0000] {dag.py:3954} INFO - Setting next_dagrun for airpulse_pipeline to 2026-06-13 00:00:00+00:00, run_after=2026-06-14 00:00:00+00:00
[2026-06-13T12:18:58.259+0000] {processor.py:183} INFO - Processing /opt/airflow/dags/airpulse_pipeline.py took 0.523 seconds
[2026-06-13T12:19:28.500+0000] {processor.py:161} INFO - Started process (PID=122) to work on /opt/airflow/dags/airpulse_pipeline.py
[2026-06-13T12:19:28.501+0000] {processor.py:830} INFO - Processing file /opt/airflow/dags/airpulse_pipeline.py for tasks to queue
[2026-06-13T12:19:28.504+0000] {logging_mixin.py:188} INFO - [2026-06-13T12:19:28.504+0000] {dagbag.py:545} INFO - Filling up the DagBag from /opt/airflow/dags/airpulse_pipeline.py
[2026-06-13T12:19:28.529+0000] {processor.py:840} INFO - DAG(s) 'airpulse_pipeline' retrieved from /opt/airflow/dags/airpulse_pipeline.py
[2026-06-13T12:19:28.553+0000] {logging_mixin.py:188} INFO - [2026-06-13T12:19:28.553+0000] {dag.py:3096} INFO - Sync 1 DAGs
[2026-06-13T12:19:28.578+0000] {logging_mixin.py:188} INFO - [2026-06-13T12:19:28.577+0000] {dag.py:3954} INFO - Setting next_dagrun for airpulse_pipeline to 2026-06-13 00:00:00+00:00, run_after=2026-06-14 00:00:00+00:00
[2026-06-13T12:19:28.605+0000] {processor.py:183} INFO - Processing /opt/airflow/dags/airpulse_pipeline.py took 0.112 seconds
[2026-06-13T12:19:59.026+0000] {processor.py:161} INFO - Started process (PID=181) to work on /opt/airflow/dags/airpulse_pipeline.py
[2026-06-13T12:19:59.028+0000] {processor.py:830} INFO - Processing file /opt/airflow/dags/airpulse_pipeline.py for tasks to queue
[2026-06-13T12:19:59.031+0000] {logging_mixin.py:188} INFO - [2026-06-13T12:19:59.031+0000] {dagbag.py:545} INFO - Filling up the DagBag from /opt/airflow/dags/airpulse_pipeline.py
[2026-06-13T12:19:59.060+0000] {processor.py:840} INFO - DAG(s) 'airpulse_pipeline' retrieved from /opt/airflow/dags/airpulse_pipeline.py
[2026-06-13T12:19:59.090+0000] {logging_mixin.py:188} INFO - [2026-06-13T12:19:59.090+0000] {dag.py:3096} INFO - Sync 1 DAGs
[2026-06-13T12:19:59.120+0000] {logging_mixin.py:188} INFO - [2026-06-13T12:19:59.120+0000] {dag.py:3954} INFO - Setting next_dagrun for airpulse_pipeline to 2026-06-13 00:00:00+00:00, run_after=2026-06-14 00:00:00+00:00
[2026-06-13T12:19:59.150+0000] {processor.py:183} INFO - Processing /opt/airflow/dags/airpulse_pipeline.py took 0.133 seconds
[2026-06-13T12:20:29.333+0000] {processor.py:161} INFO - Started process (PID=241) to work on /opt/airflow/dags/airpulse_pipeline.py
[2026-06-13T12:20:29.334+0000] {processor.py:830} INFO - Processing file /opt/airflow/dags/airpulse_pipeline.py for tasks to queue
[2026-06-13T12:20:29.336+0000] {logging_mixin.py:188} INFO - [2026-06-13T12:20:29.336+0000] {dagbag.py:545} INFO - Filling up the DagBag from /opt/airflow/dags/airpulse_pipeline.py
[2026-06-13T12:20:29.357+0000] {processor.py:840} INFO - DAG(s) 'airpulse_pipeline' retrieved from /opt/airflow/dags/airpulse_pipeline.py
[2026-06-13T12:20:29.385+0000] {logging_mixin.py:188} INFO - [2026-06-13T12:20:29.385+0000] {dag.py:3096} INFO - Sync 1 DAGs
[2026-06-13T12:20:29.413+0000] {logging_mixin.py:188} INFO - [2026-06-13T12:20:29.413+0000] {dag.py:3954} INFO - Setting next_dagrun for airpulse_pipeline to 2026-06-13 00:00:00+00:00, run_after=2026-06-14 00:00:00+00:00
[2026-06-13T12:20:29.449+0000] {processor.py:183} INFO - Processing /opt/airflow/dags/airpulse_pipeline.py took 0.123 seconds
[2026-06-13T12:20:59.622+0000] {processor.py:161} INFO - Started process (PID=300) to work on /opt/airflow/dags/airpulse_pipeline.py
[2026-06-13T12:20:59.623+0000] {processor.py:830} INFO - Processing file /opt/airflow/dags/airpulse_pipeline.py for tasks to queue
[2026-06-13T12:20:59.625+0000] {logging_mixin.py:188} INFO - [2026-06-13T12:20:59.625+0000] {dagbag.py:545} INFO - Filling up the DagBag from /opt/airflow/dags/airpulse_pipeline.py
[2026-06-13T12:20:59.647+0000] {processor.py:840} INFO - DAG(s) 'airpulse_pipeline' retrieved from /opt/airflow/dags/airpulse_pipeline.py
[2026-06-13T12:20:59.674+0000] {logging_mixin.py:188} INFO - [2026-06-13T12:20:59.673+0000] {dag.py:3096} INFO - Sync 1 DAGs
[2026-06-13T12:20:59.703+0000] {logging_mixin.py:188} INFO - [2026-06-13T12:20:59.703+0000] {dag.py:3954} INFO - Setting next_dagrun for airpulse_pipeline to 2026-06-13 00:00:00+00:00, run_after=2026-06-14 00:00:00+00:00
[2026-06-13T12:20:59.733+0000] {processor.py:183} INFO - Processing /opt/airflow/dags/airpulse_pipeline.py took 0.117 seconds
[2026-06-13T12:21:29.873+0000] {processor.py:161} INFO - Started process (PID=359) to work on /opt/airflow/dags/airpulse_pipeline.py
[2026-06-13T12:21:29.875+0000] {processor.py:830} INFO - Processing file /opt/airflow/dags/airpulse_pipeline.py for tasks to queue
[2026-06-13T12:21:29.877+0000] {logging_mixin.py:188} INFO - [2026-06-13T12:21:29.877+0000] {dagbag.py:545} INFO - Filling up the DagBag from /opt/airflow/dags/airpulse_pipeline.py
[2026-06-13T12:21:29.899+0000] {processor.py:840} INFO - DAG(s) 'airpulse_pipeline' retrieved from /opt/airflow/dags/airpulse_pipeline.py
[2026-06-13T12:21:29.922+0000] {logging_mixin.py:188} INFO - [2026-06-13T12:21:29.922+0000] {dag.py:3096} INFO - Sync 1 DAGs
[2026-06-13T12:21:29.948+0000] {logging_mixin.py:188} INFO - [2026-06-13T12:21:29.948+0000] {dag.py:3954} INFO - Setting next_dagrun for airpulse_pipeline to 2026-06-13 00:00:00+00:00, run_after=2026-06-14 00:00:00+00:00
[2026-06-13T12:21:29.977+0000] {processor.py:183} INFO - Processing /opt/airflow/dags/airpulse_pipeline.py took 0.110 seconds
[2026-06-13T12:22:00.152+0000] {processor.py:161} INFO - Started process (PID=419) to work on /opt/airflow/dags/airpulse_pipeline.py
[2026-06-13T12:22:00.153+0000] {processor.py:830} INFO - Processing file /opt/airflow/dags/airpulse_pipeline.py for tasks to queue
[2026-06-13T12:22:00.157+0000] {logging_mixin.py:188} INFO - [2026-06-13T12:22:00.156+0000] {dagbag.py:545} INFO - Filling up the DagBag from /opt/airflow/dags/airpulse_pipeline.py
[2026-06-13T12:22:00.183+0000] {processor.py:840} INFO - DAG(s) 'airpulse_pipeline' retrieved from /opt/airflow/dags/airpulse_pipeline.py
[2026-06-13T12:22:00.206+0000] {logging_mixin.py:188} INFO - [2026-06-13T12:22:00.206+0000] {dag.py:3096} INFO - Sync 1 DAGs
[2026-06-13T12:22:00.231+0000] {logging_mixin.py:188} INFO - [2026-06-13T12:22:00.230+0000] {dag.py:3954} INFO - Setting next_dagrun for airpulse_pipeline to 2026-06-13 00:00:00+00:00, run_after=2026-06-14 00:00:00+00:00
[2026-06-13T12:22:00.262+0000] {processor.py:183} INFO - Processing /opt/airflow/dags/airpulse_pipeline.py took 0.115 seconds
[2026-06-13T12:22:30.768+0000] {processor.py:161} INFO - Started process (PID=478) to work on /opt/airflow/dags/airpulse_pipeline.py
[2026-06-13T12:22:30.769+0000] {processor.py:830} INFO - Processing file /opt/airflow/dags/airpulse_pipeline.py for tasks to queue
[2026-06-13T12:22:30.772+0000] {logging_mixin.py:188} INFO - [2026-06-13T12:22:30.772+0000] {dagbag.py:545} INFO - Filling up the DagBag from /opt/airflow/dags/airpulse_pipeline.py
[2026-06-13T12:22:30.798+0000] {processor.py:840} INFO - DAG(s) 'airpulse_pipeline' retrieved from /opt/airflow/dags/airpulse_pipeline.py
[2026-06-13T12:22:30.821+0000] {logging_mixin.py:188} INFO - [2026-06-13T12:22:30.821+0000] {dag.py:3096} INFO - Sync 1 DAGs
[2026-06-13T12:22:30.845+0000] {logging_mixin.py:188} INFO - [2026-06-13T12:22:30.845+0000] {dag.py:3954} INFO - Setting next_dagrun for airpulse_pipeline to 2026-06-13 00:00:00+00:00, run_after=2026-06-14 00:00:00+00:00
[2026-06-13T12:22:30.875+0000] {processor.py:183} INFO - Processing /opt/airflow/dags/airpulse_pipeline.py took 0.113 seconds
[2026-06-13T12:23:01.119+0000] {processor.py:161} INFO - Started process (PID=537) to work on /opt/airflow/dags/airpulse_pipeline.py
[2026-06-13T12:23:01.121+0000] {processor.py:830} INFO - Processing file /opt/airflow/dags/airpulse_pipeline.py for tasks to queue
[2026-06-13T12:23:01.123+0000] {logging_mixin.py:188} INFO - [2026-06-13T12:23:01.123+0000] {dagbag.py:545} INFO - Filling up the DagBag from /opt/airflow/dags/airpulse_pipeline.py
[2026-06-13T12:23:01.150+0000] {processor.py:840} INFO - DAG(s) 'airpulse_pipeline' retrieved from /opt/airflow/dags/airpulse_pipeline.py
[2026-06-13T12:23:01.176+0000] {logging_mixin.py:188} INFO - [2026-06-13T12:23:01.176+0000] {dag.py:3096} INFO - Sync 1 DAGs
[2026-06-13T12:23:01.202+0000] {logging_mixin.py:188} INFO - [2026-06-13T12:23:01.201+0000] {dag.py:3954} INFO - Setting next_dagrun for airpulse_pipeline to 2026-06-13 00:00:00+00:00, run_after=2026-06-14 00:00:00+00:00
[2026-06-13T12:23:01.229+0000] {processor.py:183} INFO - Processing /opt/airflow/dags/airpulse_pipeline.py took 0.116 seconds
[2026-06-13T12:26:02.559+0000] {processor.py:161} INFO - Started process (PID=596) to work on /opt/airflow/dags/airpulse_pipeline.py
[2026-06-13T12:26:02.561+0000] {processor.py:830} INFO - Processing file /opt/airflow/dags/airpulse_pipeline.py for tasks to queue
[2026-06-13T12:26:02.564+0000] {logging_mixin.py:188} INFO - [2026-06-13T12:26:02.564+0000] {dagbag.py:545} INFO - Filling up the DagBag from /opt/airflow/dags/airpulse_pipeline.py
[2026-06-13T12:26:02.591+0000] {processor.py:840} INFO - DAG(s) 'airpulse_pipeline' retrieved from /opt/airflow/dags/airpulse_pipeline.py
[2026-06-13T12:26:02.622+0000] {logging_mixin.py:188} INFO - [2026-06-13T12:26:02.622+0000] {dag.py:3096} INFO - Sync 1 DAGs
[2026-06-13T12:26:02.650+0000] {logging_mixin.py:188} INFO - [2026-06-13T12:26:02.649+0000] {dag.py:3954} INFO - Setting next_dagrun for airpulse_pipeline to 2026-06-13 00:00:00+00:00, run_after=2026-06-14 00:00:00+00:00
[2026-06-13T12:26:02.676+0000] {processor.py:183} INFO - Processing /opt/airflow/dags/airpulse_pipeline.py took 0.124 seconds
[2026-06-13T12:26:32.859+0000] {processor.py:161} INFO - Started process (PID=655) to work on /opt/airflow/dags/airpulse_pipeline.py
[2026-06-13T12:26:32.861+0000] {processor.py:830} INFO - Processing file /opt/airflow/dags/airpulse_pipeline.py for tasks to queue
[2026-06-13T12:26:32.865+0000] {logging_mixin.py:188} INFO - [2026-06-13T12:26:32.864+0000] {dagbag.py:545} INFO - Filling up the DagBag from /opt/airflow/dags/airpulse_pipeline.py
[2026-06-13T12:26:32.895+0000] {processor.py:840} INFO - DAG(s) 'airpulse_pipeline' retrieved from /opt/airflow/dags/airpulse_pipeline.py
[2026-06-13T12:26:32.926+0000] {logging_mixin.py:188} INFO - [2026-06-13T12:26:32.926+0000] {dag.py:3096} INFO - Sync 1 DAGs
[2026-06-13T12:26:32.958+0000] {logging_mixin.py:188} INFO - [2026-06-13T12:26:32.958+0000] {dag.py:3954} INFO - Setting next_dagrun for airpulse_pipeline to 2026-06-13 00:00:00+00:00, run_after=2026-06-14 00:00:00+00:00
[2026-06-13T12:26:32.994+0000] {processor.py:183} INFO - Processing /opt/airflow/dags/airpulse_pipeline.py took 0.146 seconds
[2026-06-13T12:27:03.549+0000] {processor.py:161} INFO - Started process (PID=715) to work on /opt/airflow/dags/airpulse_pipeline.py
[2026-06-13T12:27:03.550+0000] {processor.py:830} INFO - Processing file /opt/airflow/dags/airpulse_pipeline.py for tasks to queue
[2026-06-13T12:27:03.554+0000] {logging_mixin.py:188} INFO - [2026-06-13T12:27:03.553+0000] {dagbag.py:545} INFO - Filling up the DagBag from /opt/airflow/dags/airpulse_pipeline.py
[2026-06-13T12:27:03.583+0000] {processor.py:840} INFO - DAG(s) 'airpulse_pipeline' retrieved from /opt/airflow/dags/airpulse_pipeline.py
[2026-06-13T12:27:03.613+0000] {logging_mixin.py:188} INFO - [2026-06-13T12:27:03.612+0000] {dag.py:3096} INFO - Sync 1 DAGs
[2026-06-13T12:27:03.644+0000] {logging_mixin.py:188} INFO - [2026-06-13T12:27:03.643+0000] {dag.py:3954} INFO - Setting next_dagrun for airpulse_pipeline to 2026-06-13 00:00:00+00:00, run_after=2026-06-14 00:00:00+00:00
[2026-06-13T12:27:03.674+0000] {processor.py:183} INFO - Processing /opt/airflow/dags/airpulse_pipeline.py took 0.133 seconds
[2026-06-13T12:27:34.389+0000] {processor.py:161} INFO - Started process (PID=774) to work on /opt/airflow/dags/airpulse_pipeline.py
[2026-06-13T12:27:34.391+0000] {processor.py:830} INFO - Processing file /opt/airflow/dags/airpulse_pipeline.py for tasks to queue
[2026-06-13T12:27:34.395+0000] {logging_mixin.py:188} INFO - [2026-06-13T12:27:34.394+0000] {dagbag.py:545} INFO - Filling up the DagBag from /opt/airflow/dags/airpulse_pipeline.py
[2026-06-13T12:27:34.420+0000] {processor.py:840} INFO - DAG(s) 'airpulse_pipeline' retrieved from /opt/airflow/dags/airpulse_pipeline.py
[2026-06-13T12:27:34.445+0000] {logging_mixin.py:188} INFO - [2026-06-13T12:27:34.445+0000] {dag.py:3096} INFO - Sync 1 DAGs
[2026-06-13T12:27:34.470+0000] {logging_mixin.py:188} INFO - [2026-06-13T12:27:34.470+0000] {dag.py:3954} INFO - Setting next_dagrun for airpulse_pipeline to 2026-06-13 00:00:00+00:00, run_after=2026-06-14 00:00:00+00:00
[2026-06-13T12:27:34.498+0000] {processor.py:183} INFO - Processing /opt/airflow/dags/airpulse_pipeline.py took 0.115 seconds
[2026-06-13T12:28:04.688+0000] {processor.py:161} INFO - Started process (PID=833) to work on /opt/airflow/dags/airpulse_pipeline.py
[2026-06-13T12:28:04.690+0000] {processor.py:830} INFO - Processing file /opt/airflow/dags/airpulse_pipeline.py for tasks to queue
[2026-06-13T12:28:04.694+0000] {logging_mixin.py:188} INFO - [2026-06-13T12:28:04.693+0000] {dagbag.py:545} INFO - Filling up the DagBag from /opt/airflow/dags/airpulse_pipeline.py
[2026-06-13T12:28:04.723+0000] {processor.py:840} INFO - DAG(s) 'airpulse_pipeline' retrieved from /opt/airflow/dags/airpulse_pipeline.py
[2026-06-13T12:28:04.748+0000] {logging_mixin.py:188} INFO - [2026-06-13T12:28:04.748+0000] {dag.py:3096} INFO - Sync 1 DAGs
[2026-06-13T12:28:04.774+0000] {logging_mixin.py:188} INFO - [2026-06-13T12:28:04.774+0000] {dag.py:3954} INFO - Setting next_dagrun for airpulse_pipeline to 2026-06-13 00:00:00+00:00, run_after=2026-06-14 00:00:00+00:00
[2026-06-13T12:28:04.804+0000] {processor.py:183} INFO - Processing /opt/airflow/dags/airpulse_pipeline.py took 0.124 seconds
[2026-06-13T12:28:35.055+0000] {processor.py:161} INFO - Started process (PID=892) to work on /opt/airflow/dags/airpulse_pipeline.py
[2026-06-13T12:28:35.056+0000] {processor.py:830} INFO - Processing file /opt/airflow/dags/airpulse_pipeline.py for tasks to queue
[2026-06-13T12:28:35.061+0000] {logging_mixin.py:188} INFO - [2026-06-13T12:28:35.060+0000] {dagbag.py:545} INFO - Filling up the DagBag from /opt/airflow/dags/airpulse_pipeline.py
[2026-06-13T12:28:35.091+0000] {processor.py:840} INFO - DAG(s) 'airpulse_pipeline' retrieved from /opt/airflow/dags/airpulse_pipeline.py
[2026-06-13T12:28:35.125+0000] {logging_mixin.py:188} INFO - [2026-06-13T12:28:35.124+0000] {dag.py:3096} INFO - Sync 1 DAGs
[2026-06-13T12:28:35.156+0000] {logging_mixin.py:188} INFO - [2026-06-13T12:28:35.156+0000] {dag.py:3954} INFO - Setting next_dagrun for airpulse_pipeline to 2026-06-13 00:00:00+00:00, run_after=2026-06-14 00:00:00+00:00
[2026-06-13T12:28:35.187+0000] {processor.py:183} INFO - Processing /opt/airflow/dags/airpulse_pipeline.py took 0.141 seconds
[2026-06-13T12:29:05.492+0000] {processor.py:161} INFO - Started process (PID=952) to work on /opt/airflow/dags/airpulse_pipeline.py
[2026-06-13T12:29:05.494+0000] {processor.py:830} INFO - Processing file /opt/airflow/dags/airpulse_pipeline.py for tasks to queue
[2026-06-13T12:29:05.497+0000] {logging_mixin.py:188} INFO - [2026-06-13T12:29:05.497+0000] {dagbag.py:545} INFO - Filling up the DagBag from /opt/airflow/dags/airpulse_pipeline.py
[2026-06-13T12:29:05.522+0000] {processor.py:840} INFO - DAG(s) 'airpulse_pipeline' retrieved from /opt/airflow/dags/airpulse_pipeline.py
[2026-06-13T12:29:05.551+0000] {logging_mixin.py:188} INFO - [2026-06-13T12:29:05.550+0000] {dag.py:3096} INFO - Sync 1 DAGs
[2026-06-13T12:29:05.582+0000] {logging_mixin.py:188} INFO - [2026-06-13T12:29:05.582+0000] {dag.py:3954} INFO - Setting next_dagrun for airpulse_pipeline to 2026-06-13 00:00:00+00:00, run_after=2026-06-14 00:00:00+00:00
[2026-06-13T12:29:05.615+0000] {processor.py:183} INFO - Processing /opt/airflow/dags/airpulse_pipeline.py took 0.129 seconds
[2026-06-13T12:29:35.785+0000] {processor.py:161} INFO - Started process (PID=1012) to work on /opt/airflow/dags/airpulse_pipeline.py
[2026-06-13T12:29:35.787+0000] {processor.py:830} INFO - Processing file /opt/airflow/dags/airpulse_pipeline.py for tasks to queue
[2026-06-13T12:29:35.790+0000] {logging_mixin.py:188} INFO - [2026-06-13T12:29:35.789+0000] {dagbag.py:545} INFO - Filling up the DagBag from /opt/airflow/dags/airpulse_pipeline.py
[2026-06-13T12:29:35.814+0000] {processor.py:840} INFO - DAG(s) 'airpulse_pipeline' retrieved from /opt/airflow/dags/airpulse_pipeline.py
[2026-06-13T12:29:35.840+0000] {logging_mixin.py:188} INFO - [2026-06-13T12:29:35.840+0000] {dag.py:3096} INFO - Sync 1 DAGs
[2026-06-13T12:29:35.871+0000] {logging_mixin.py:188} INFO - [2026-06-13T12:29:35.871+0000] {dag.py:3954} INFO - Setting next_dagrun for airpulse_pipeline to 2026-06-13 00:00:00+00:00, run_after=2026-06-14 00:00:00+00:00
[2026-06-13T12:29:35.899+0000] {processor.py:183} INFO - Processing /opt/airflow/dags/airpulse_pipeline.py took 0.121 seconds
[2026-06-13T12:30:06.117+0000] {processor.py:161} INFO - Started process (PID=1071) to work on /opt/airflow/dags/airpulse_pipeline.py
[2026-06-13T12:30:06.119+0000] {processor.py:830} INFO - Processing file /opt/airflow/dags/airpulse_pipeline.py for tasks to queue
[2026-06-13T12:30:06.122+0000] {logging_mixin.py:188} INFO - [2026-06-13T12:30:06.121+0000] {dagbag.py:545} INFO - Filling up the DagBag from /opt/airflow/dags/airpulse_pipeline.py
[2026-06-13T12:30:06.148+0000] {processor.py:840} INFO - DAG(s) 'airpulse_pipeline' retrieved from /opt/airflow/dags/airpulse_pipeline.py
[2026-06-13T12:30:06.176+0000] {logging_mixin.py:188} INFO - [2026-06-13T12:30:06.176+0000] {dag.py:3096} INFO - Sync 1 DAGs
[2026-06-13T12:30:06.205+0000] {logging_mixin.py:188} INFO - [2026-06-13T12:30:06.205+0000] {dag.py:3954} INFO - Setting next_dagrun for airpulse_pipeline to 2026-06-13 00:00:00+00:00, run_after=2026-06-14 00:00:00+00:00
[2026-06-13T12:30:06.238+0000] {processor.py:183} INFO - Processing /opt/airflow/dags/airpulse_pipeline.py took 0.128 seconds
[2026-06-13T12:30:36.671+0000] {processor.py:161} INFO - Started process (PID=1130) to work on /opt/airflow/dags/airpulse_pipeline.py
[2026-06-13T12:30:36.673+0000] {processor.py:830} INFO - Processing file /opt/airflow/dags/airpulse_pipeline.py for tasks to queue
[2026-06-13T12:30:36.676+0000] {logging_mixin.py:188} INFO - [2026-06-13T12:30:36.675+0000] {dagbag.py:545} INFO - Filling up the DagBag from /opt/airflow/dags/airpulse_pipeline.py
[2026-06-13T12:30:36.702+0000] {processor.py:840} INFO - DAG(s) 'airpulse_pipeline' retrieved from /opt/airflow/dags/airpulse_pipeline.py
[2026-06-13T12:30:36.731+0000] {logging_mixin.py:188} INFO - [2026-06-13T12:30:36.731+0000] {dag.py:3096} INFO - Sync 1 DAGs
[2026-06-13T12:30:36.761+0000] {logging_mixin.py:188} INFO - [2026-06-13T12:30:36.760+0000] {dag.py:3954} INFO - Setting next_dagrun for airpulse_pipeline to 2026-06-13 00:00:00+00:00, run_after=2026-06-14 00:00:00+00:00
[2026-06-13T12:30:36.792+0000] {processor.py:183} INFO - Processing /opt/airflow/dags/airpulse_pipeline.py took 0.127 seconds
[2026-06-13T12:31:07.063+0000] {processor.py:161} INFO - Started process (PID=1189) to work on /opt/airflow/dags/airpulse_pipeline.py
[2026-06-13T12:31:07.065+0000] {processor.py:830} INFO - Processing file /opt/airflow/dags/airpulse_pipeline.py for tasks to queue
[2026-06-13T12:31:07.069+0000] {logging_mixin.py:188} INFO - [2026-06-13T12:31:07.068+0000] {dagbag.py:545} INFO - Filling up the DagBag from /opt/airflow/dags/airpulse_pipeline.py
[2026-06-13T12:31:07.099+0000] {processor.py:840} INFO - DAG(s) 'airpulse_pipeline' retrieved from /opt/airflow/dags/airpulse_pipeline.py
[2026-06-13T12:31:07.131+0000] {logging_mixin.py:188} INFO - [2026-06-13T12:31:07.131+0000] {dag.py:3096} INFO - Sync 1 DAGs
[2026-06-13T12:31:07.162+0000] {logging_mixin.py:188} INFO - [2026-06-13T12:31:07.162+0000] {dag.py:3954} INFO - Setting next_dagrun for airpulse_pipeline to 2026-06-13 00:00:00+00:00, run_after=2026-06-14 00:00:00+00:00
[2026-06-13T12:31:07.199+0000] {processor.py:183} INFO - Processing /opt/airflow/dags/airpulse_pipeline.py took 0.145 seconds
[2026-06-13T12:31:37.275+0000] {processor.py:161} INFO - Started process (PID=1248) to work on /opt/airflow/dags/airpulse_pipeline.py
[2026-06-13T12:31:37.277+0000] {processor.py:830} INFO - Processing file /opt/airflow/dags/airpulse_pipeline.py for tasks to queue
[2026-06-13T12:31:37.280+0000] {logging_mixin.py:188} INFO - [2026-06-13T12:31:37.280+0000] {dagbag.py:545} INFO - Filling up the DagBag from /opt/airflow/dags/airpulse_pipeline.py
[2026-06-13T12:31:37.308+0000] {processor.py:840} INFO - DAG(s) 'airpulse_pipeline' retrieved from /opt/airflow/dags/airpulse_pipeline.py
[2026-06-13T12:31:37.335+0000] {logging_mixin.py:188} INFO - [2026-06-13T12:31:37.335+0000] {dag.py:3096} INFO - Sync 1 DAGs
[2026-06-13T12:31:37.361+0000] {logging_mixin.py:188} INFO - [2026-06-13T12:31:37.360+0000] {dag.py:3954} INFO - Setting next_dagrun for airpulse_pipeline to 2026-06-13 00:00:00+00:00, run_after=2026-06-14 00:00:00+00:00
[2026-06-13T12:31:37.388+0000] {processor.py:183} INFO - Processing /opt/airflow/dags/airpulse_pipeline.py took 0.121 seconds
[2026-06-13T16:08:01.269+0000] {processor.py:161} INFO - Started process (PID=1267) to work on /opt/airflow/dags/airpulse_pipeline.py
[2026-06-13T16:08:01.270+0000] {processor.py:830} INFO - Processing file /opt/airflow/dags/airpulse_pipeline.py for tasks to queue
[2026-06-13T16:08:01.273+0000] {logging_mixin.py:188} INFO - [2026-06-13T16:08:01.273+0000] {dagbag.py:545} INFO - Filling up the DagBag from /opt/airflow/dags/airpulse_pipeline.py
[2026-06-13T16:08:01.310+0000] {processor.py:840} INFO - DAG(s) 'airpulse_pipeline' retrieved from /opt/airflow/dags/airpulse_pipeline.py
[2026-06-13T16:08:01.341+0000] {logging_mixin.py:188} INFO - [2026-06-13T16:08:01.341+0000] {dag.py:3096} INFO - Sync 1 DAGs
[2026-06-13T16:08:01.377+0000] {logging_mixin.py:188} INFO - [2026-06-13T16:08:01.377+0000] {dag.py:3954} INFO - Setting next_dagrun for airpulse_pipeline to 2026-06-13 00:00:00+00:00, run_after=2026-06-14 00:00:00+00:00
[2026-06-13T16:08:01.414+0000] {processor.py:183} INFO - Processing /opt/airflow/dags/airpulse_pipeline.py took 0.156 seconds
[2026-06-13T16:08:31.829+0000] {processor.py:161} INFO - Started process (PID=1317) to work on /opt/airflow/dags/airpulse_pipeline.py
[2026-06-13T16:08:31.837+0000] {processor.py:830} INFO - Processing file /opt/airflow/dags/airpulse_pipeline.py for tasks to queue
[2026-06-13T16:08:31.848+0000] {logging_mixin.py:188} INFO - [2026-06-13T16:08:31.846+0000] {dagbag.py:545} INFO - Filling up the DagBag from /opt/airflow/dags/airpulse_pipeline.py
[2026-06-13T16:08:31.908+0000] {processor.py:840} INFO - DAG(s) 'airpulse_pipeline' retrieved from /opt/airflow/dags/airpulse_pipeline.py
[2026-06-13T16:08:31.994+0000] {logging_mixin.py:188} INFO - [2026-06-13T16:08:31.994+0000] {dag.py:3096} INFO - Sync 1 DAGs
[2026-06-13T16:08:32.049+0000] {logging_mixin.py:188} INFO - [2026-06-13T16:08:32.049+0000] {dag.py:3954} INFO - Setting next_dagrun for airpulse_pipeline to 2026-06-13 00:00:00+00:00, run_after=2026-06-14 00:00:00+00:00
[2026-06-13T16:08:32.096+0000] {processor.py:183} INFO - Processing /opt/airflow/dags/airpulse_pipeline.py took 0.304 seconds
