[2026-06-13T10:42:21.175+0000] {processor.py:161} INFO - Started process (PID=99) to work on /home/airflow/.local/lib/python3.12/site-packages/airflow/example_dags/example_nested_branch_dag.py
[2026-06-13T10:42:21.176+0000] {processor.py:830} INFO - Processing file /home/airflow/.local/lib/python3.12/site-packages/airflow/example_dags/example_nested_branch_dag.py for tasks to queue
[2026-06-13T10:42:21.179+0000] {logging_mixin.py:188} INFO - [2026-06-13T10:42:21.179+0000] {dagbag.py:545} INFO - Filling up the DagBag from /home/airflow/.local/lib/python3.12/site-packages/airflow/example_dags/example_nested_branch_dag.py
[2026-06-13T10:42:21.195+0000] {processor.py:840} INFO - DAG(s) 'example_nested_branch_dag' retrieved from /home/airflow/.local/lib/python3.12/site-packages/airflow/example_dags/example_nested_branch_dag.py
[2026-06-13T10:42:21.333+0000] {logging_mixin.py:188} INFO - [2026-06-13T10:42:21.333+0000] {dag.py:3096} INFO - Sync 1 DAGs
[2026-06-13T10:42:21.364+0000] {logging_mixin.py:188} INFO - [2026-06-13T10:42:21.363+0000] {dag.py:3954} INFO - Setting next_dagrun for example_nested_branch_dag to 2026-06-12 00:00:00+00:00, run_after=2026-06-13 00:00:00+00:00
[2026-06-13T10:42:21.398+0000] {processor.py:183} INFO - Processing /home/airflow/.local/lib/python3.12/site-packages/airflow/example_dags/example_nested_branch_dag.py took 0.231 seconds
[2026-06-13T10:42:51.896+0000] {processor.py:161} INFO - Started process (PID=157) to work on /home/airflow/.local/lib/python3.12/site-packages/airflow/example_dags/example_nested_branch_dag.py
[2026-06-13T10:42:51.898+0000] {processor.py:830} INFO - Processing file /home/airflow/.local/lib/python3.12/site-packages/airflow/example_dags/example_nested_branch_dag.py for tasks to queue
[2026-06-13T10:42:51.901+0000] {logging_mixin.py:188} INFO - [2026-06-13T10:42:51.900+0000] {dagbag.py:545} INFO - Filling up the DagBag from /home/airflow/.local/lib/python3.12/site-packages/airflow/example_dags/example_nested_branch_dag.py
[2026-06-13T10:42:51.912+0000] {processor.py:840} INFO - DAG(s) 'example_nested_branch_dag' retrieved from /home/airflow/.local/lib/python3.12/site-packages/airflow/example_dags/example_nested_branch_dag.py
[2026-06-13T10:42:51.940+0000] {logging_mixin.py:188} INFO - [2026-06-13T10:42:51.940+0000] {dag.py:3096} INFO - Sync 1 DAGs
[2026-06-13T10:42:51.967+0000] {logging_mixin.py:188} INFO - [2026-06-13T10:42:51.967+0000] {dag.py:3954} INFO - Setting next_dagrun for example_nested_branch_dag to 2026-06-12 00:00:00+00:00, run_after=2026-06-13 00:00:00+00:00
[2026-06-13T10:42:51.995+0000] {processor.py:183} INFO - Processing /home/airflow/.local/lib/python3.12/site-packages/airflow/example_dags/example_nested_branch_dag.py took 0.105 seconds
[2026-06-13T10:43:22.495+0000] {processor.py:161} INFO - Started process (PID=215) to work on /home/airflow/.local/lib/python3.12/site-packages/airflow/example_dags/example_nested_branch_dag.py
[2026-06-13T10:43:22.497+0000] {processor.py:830} INFO - Processing file /home/airflow/.local/lib/python3.12/site-packages/airflow/example_dags/example_nested_branch_dag.py for tasks to queue
[2026-06-13T10:43:22.500+0000] {logging_mixin.py:188} INFO - [2026-06-13T10:43:22.499+0000] {dagbag.py:545} INFO - Filling up the DagBag from /home/airflow/.local/lib/python3.12/site-packages/airflow/example_dags/example_nested_branch_dag.py
[2026-06-13T10:43:22.511+0000] {processor.py:840} INFO - DAG(s) 'example_nested_branch_dag' retrieved from /home/airflow/.local/lib/python3.12/site-packages/airflow/example_dags/example_nested_branch_dag.py
[2026-06-13T10:43:22.540+0000] {logging_mixin.py:188} INFO - [2026-06-13T10:43:22.540+0000] {dag.py:3096} INFO - Sync 1 DAGs
[2026-06-13T10:43:22.569+0000] {logging_mixin.py:188} INFO - [2026-06-13T10:43:22.569+0000] {dag.py:3954} INFO - Setting next_dagrun for example_nested_branch_dag to 2026-06-12 00:00:00+00:00, run_after=2026-06-13 00:00:00+00:00
[2026-06-13T10:43:22.598+0000] {processor.py:183} INFO - Processing /home/airflow/.local/lib/python3.12/site-packages/airflow/example_dags/example_nested_branch_dag.py took 0.109 seconds
[2026-06-13T10:43:52.782+0000] {processor.py:161} INFO - Started process (PID=273) to work on /home/airflow/.local/lib/python3.12/site-packages/airflow/example_dags/example_nested_branch_dag.py
[2026-06-13T10:43:52.784+0000] {processor.py:830} INFO - Processing file /home/airflow/.local/lib/python3.12/site-packages/airflow/example_dags/example_nested_branch_dag.py for tasks to queue
[2026-06-13T10:43:52.787+0000] {logging_mixin.py:188} INFO - [2026-06-13T10:43:52.786+0000] {dagbag.py:545} INFO - Filling up the DagBag from /home/airflow/.local/lib/python3.12/site-packages/airflow/example_dags/example_nested_branch_dag.py
[2026-06-13T10:43:52.799+0000] {processor.py:840} INFO - DAG(s) 'example_nested_branch_dag' retrieved from /home/airflow/.local/lib/python3.12/site-packages/airflow/example_dags/example_nested_branch_dag.py
[2026-06-13T10:43:52.825+0000] {logging_mixin.py:188} INFO - [2026-06-13T10:43:52.825+0000] {dag.py:3096} INFO - Sync 1 DAGs
[2026-06-13T10:43:52.850+0000] {logging_mixin.py:188} INFO - [2026-06-13T10:43:52.850+0000] {dag.py:3954} INFO - Setting next_dagrun for example_nested_branch_dag to 2026-06-12 00:00:00+00:00, run_after=2026-06-13 00:00:00+00:00
[2026-06-13T10:43:52.877+0000] {processor.py:183} INFO - Processing /home/airflow/.local/lib/python3.12/site-packages/airflow/example_dags/example_nested_branch_dag.py took 0.101 seconds
[2026-06-13T10:44:23.124+0000] {processor.py:161} INFO - Started process (PID=331) to work on /home/airflow/.local/lib/python3.12/site-packages/airflow/example_dags/example_nested_branch_dag.py
[2026-06-13T10:44:23.126+0000] {processor.py:830} INFO - Processing file /home/airflow/.local/lib/python3.12/site-packages/airflow/example_dags/example_nested_branch_dag.py for tasks to queue
[2026-06-13T10:44:23.129+0000] {logging_mixin.py:188} INFO - [2026-06-13T10:44:23.128+0000] {dagbag.py:545} INFO - Filling up the DagBag from /home/airflow/.local/lib/python3.12/site-packages/airflow/example_dags/example_nested_branch_dag.py
[2026-06-13T10:44:23.140+0000] {processor.py:840} INFO - DAG(s) 'example_nested_branch_dag' retrieved from /home/airflow/.local/lib/python3.12/site-packages/airflow/example_dags/example_nested_branch_dag.py
[2026-06-13T10:44:23.167+0000] {logging_mixin.py:188} INFO - [2026-06-13T10:44:23.167+0000] {dag.py:3096} INFO - Sync 1 DAGs
[2026-06-13T10:44:23.193+0000] {logging_mixin.py:188} INFO - [2026-06-13T10:44:23.193+0000] {dag.py:3954} INFO - Setting next_dagrun for example_nested_branch_dag to 2026-06-12 00:00:00+00:00, run_after=2026-06-13 00:00:00+00:00
[2026-06-13T10:44:23.224+0000] {processor.py:183} INFO - Processing /home/airflow/.local/lib/python3.12/site-packages/airflow/example_dags/example_nested_branch_dag.py took 0.105 seconds
[2026-06-13T10:44:53.756+0000] {processor.py:161} INFO - Started process (PID=389) to work on /home/airflow/.local/lib/python3.12/site-packages/airflow/example_dags/example_nested_branch_dag.py
[2026-06-13T10:44:53.757+0000] {processor.py:830} INFO - Processing file /home/airflow/.local/lib/python3.12/site-packages/airflow/example_dags/example_nested_branch_dag.py for tasks to queue
[2026-06-13T10:44:53.761+0000] {logging_mixin.py:188} INFO - [2026-06-13T10:44:53.760+0000] {dagbag.py:545} INFO - Filling up the DagBag from /home/airflow/.local/lib/python3.12/site-packages/airflow/example_dags/example_nested_branch_dag.py
[2026-06-13T10:44:53.772+0000] {processor.py:840} INFO - DAG(s) 'example_nested_branch_dag' retrieved from /home/airflow/.local/lib/python3.12/site-packages/airflow/example_dags/example_nested_branch_dag.py
[2026-06-13T10:44:53.805+0000] {logging_mixin.py:188} INFO - [2026-06-13T10:44:53.805+0000] {dag.py:3096} INFO - Sync 1 DAGs
[2026-06-13T10:44:53.839+0000] {logging_mixin.py:188} INFO - [2026-06-13T10:44:53.838+0000] {dag.py:3954} INFO - Setting next_dagrun for example_nested_branch_dag to 2026-06-12 00:00:00+00:00, run_after=2026-06-13 00:00:00+00:00
[2026-06-13T10:44:53.874+0000] {processor.py:183} INFO - Processing /home/airflow/.local/lib/python3.12/site-packages/airflow/example_dags/example_nested_branch_dag.py took 0.125 seconds
[2026-06-13T10:45:24.158+0000] {processor.py:161} INFO - Started process (PID=447) to work on /home/airflow/.local/lib/python3.12/site-packages/airflow/example_dags/example_nested_branch_dag.py
[2026-06-13T10:45:24.159+0000] {processor.py:830} INFO - Processing file /home/airflow/.local/lib/python3.12/site-packages/airflow/example_dags/example_nested_branch_dag.py for tasks to queue
[2026-06-13T10:45:24.162+0000] {logging_mixin.py:188} INFO - [2026-06-13T10:45:24.162+0000] {dagbag.py:545} INFO - Filling up the DagBag from /home/airflow/.local/lib/python3.12/site-packages/airflow/example_dags/example_nested_branch_dag.py
[2026-06-13T10:45:24.173+0000] {processor.py:840} INFO - DAG(s) 'example_nested_branch_dag' retrieved from /home/airflow/.local/lib/python3.12/site-packages/airflow/example_dags/example_nested_branch_dag.py
[2026-06-13T10:45:24.202+0000] {logging_mixin.py:188} INFO - [2026-06-13T10:45:24.201+0000] {dag.py:3096} INFO - Sync 1 DAGs
[2026-06-13T10:45:24.226+0000] {logging_mixin.py:188} INFO - [2026-06-13T10:45:24.225+0000] {dag.py:3954} INFO - Setting next_dagrun for example_nested_branch_dag to 2026-06-12 00:00:00+00:00, run_after=2026-06-13 00:00:00+00:00
[2026-06-13T10:45:24.253+0000] {processor.py:183} INFO - Processing /home/airflow/.local/lib/python3.12/site-packages/airflow/example_dags/example_nested_branch_dag.py took 0.101 seconds
[2026-06-13T10:45:55.145+0000] {processor.py:161} INFO - Started process (PID=505) to work on /home/airflow/.local/lib/python3.12/site-packages/airflow/example_dags/example_nested_branch_dag.py
[2026-06-13T10:45:55.147+0000] {processor.py:830} INFO - Processing file /home/airflow/.local/lib/python3.12/site-packages/airflow/example_dags/example_nested_branch_dag.py for tasks to queue
[2026-06-13T10:45:55.150+0000] {logging_mixin.py:188} INFO - [2026-06-13T10:45:55.150+0000] {dagbag.py:545} INFO - Filling up the DagBag from /home/airflow/.local/lib/python3.12/site-packages/airflow/example_dags/example_nested_branch_dag.py
[2026-06-13T10:45:55.161+0000] {processor.py:840} INFO - DAG(s) 'example_nested_branch_dag' retrieved from /home/airflow/.local/lib/python3.12/site-packages/airflow/example_dags/example_nested_branch_dag.py
[2026-06-13T10:45:55.190+0000] {logging_mixin.py:188} INFO - [2026-06-13T10:45:55.189+0000] {dag.py:3096} INFO - Sync 1 DAGs
[2026-06-13T10:45:55.215+0000] {logging_mixin.py:188} INFO - [2026-06-13T10:45:55.215+0000] {dag.py:3954} INFO - Setting next_dagrun for example_nested_branch_dag to 2026-06-12 00:00:00+00:00, run_after=2026-06-13 00:00:00+00:00
[2026-06-13T10:45:55.244+0000] {processor.py:183} INFO - Processing /home/airflow/.local/lib/python3.12/site-packages/airflow/example_dags/example_nested_branch_dag.py took 0.105 seconds
[2026-06-13T10:46:25.392+0000] {processor.py:161} INFO - Started process (PID=563) to work on /home/airflow/.local/lib/python3.12/site-packages/airflow/example_dags/example_nested_branch_dag.py
[2026-06-13T10:46:25.393+0000] {processor.py:830} INFO - Processing file /home/airflow/.local/lib/python3.12/site-packages/airflow/example_dags/example_nested_branch_dag.py for tasks to queue
[2026-06-13T10:46:25.396+0000] {logging_mixin.py:188} INFO - [2026-06-13T10:46:25.395+0000] {dagbag.py:545} INFO - Filling up the DagBag from /home/airflow/.local/lib/python3.12/site-packages/airflow/example_dags/example_nested_branch_dag.py
[2026-06-13T10:46:25.408+0000] {processor.py:840} INFO - DAG(s) 'example_nested_branch_dag' retrieved from /home/airflow/.local/lib/python3.12/site-packages/airflow/example_dags/example_nested_branch_dag.py
[2026-06-13T10:46:25.434+0000] {logging_mixin.py:188} INFO - [2026-06-13T10:46:25.434+0000] {dag.py:3096} INFO - Sync 1 DAGs
[2026-06-13T10:46:25.459+0000] {logging_mixin.py:188} INFO - [2026-06-13T10:46:25.459+0000] {dag.py:3954} INFO - Setting next_dagrun for example_nested_branch_dag to 2026-06-12 00:00:00+00:00, run_after=2026-06-13 00:00:00+00:00
[2026-06-13T10:46:25.489+0000] {processor.py:183} INFO - Processing /home/airflow/.local/lib/python3.12/site-packages/airflow/example_dags/example_nested_branch_dag.py took 0.103 seconds
[2026-06-13T10:46:55.613+0000] {processor.py:161} INFO - Started process (PID=621) to work on /home/airflow/.local/lib/python3.12/site-packages/airflow/example_dags/example_nested_branch_dag.py
[2026-06-13T10:46:55.615+0000] {processor.py:830} INFO - Processing file /home/airflow/.local/lib/python3.12/site-packages/airflow/example_dags/example_nested_branch_dag.py for tasks to queue
[2026-06-13T10:46:55.619+0000] {logging_mixin.py:188} INFO - [2026-06-13T10:46:55.618+0000] {dagbag.py:545} INFO - Filling up the DagBag from /home/airflow/.local/lib/python3.12/site-packages/airflow/example_dags/example_nested_branch_dag.py
[2026-06-13T10:46:55.636+0000] {processor.py:840} INFO - DAG(s) 'example_nested_branch_dag' retrieved from /home/airflow/.local/lib/python3.12/site-packages/airflow/example_dags/example_nested_branch_dag.py
[2026-06-13T10:46:55.679+0000] {logging_mixin.py:188} INFO - [2026-06-13T10:46:55.679+0000] {dag.py:3096} INFO - Sync 1 DAGs
[2026-06-13T10:46:55.728+0000] {logging_mixin.py:188} INFO - [2026-06-13T10:46:55.727+0000] {dag.py:3954} INFO - Setting next_dagrun for example_nested_branch_dag to 2026-06-12 00:00:00+00:00, run_after=2026-06-13 00:00:00+00:00
[2026-06-13T10:46:55.765+0000] {processor.py:183} INFO - Processing /home/airflow/.local/lib/python3.12/site-packages/airflow/example_dags/example_nested_branch_dag.py took 0.161 seconds
[2026-06-13T10:47:25.836+0000] {processor.py:161} INFO - Started process (PID=679) to work on /home/airflow/.local/lib/python3.12/site-packages/airflow/example_dags/example_nested_branch_dag.py
[2026-06-13T10:47:25.837+0000] {processor.py:830} INFO - Processing file /home/airflow/.local/lib/python3.12/site-packages/airflow/example_dags/example_nested_branch_dag.py for tasks to queue
[2026-06-13T10:47:25.840+0000] {logging_mixin.py:188} INFO - [2026-06-13T10:47:25.840+0000] {dagbag.py:545} INFO - Filling up the DagBag from /home/airflow/.local/lib/python3.12/site-packages/airflow/example_dags/example_nested_branch_dag.py
[2026-06-13T10:47:25.852+0000] {processor.py:840} INFO - DAG(s) 'example_nested_branch_dag' retrieved from /home/airflow/.local/lib/python3.12/site-packages/airflow/example_dags/example_nested_branch_dag.py
[2026-06-13T10:47:25.879+0000] {logging_mixin.py:188} INFO - [2026-06-13T10:47:25.879+0000] {dag.py:3096} INFO - Sync 1 DAGs
[2026-06-13T10:47:25.905+0000] {logging_mixin.py:188} INFO - [2026-06-13T10:47:25.904+0000] {dag.py:3954} INFO - Setting next_dagrun for example_nested_branch_dag to 2026-06-12 00:00:00+00:00, run_after=2026-06-13 00:00:00+00:00
[2026-06-13T10:47:25.932+0000] {processor.py:183} INFO - Processing /home/airflow/.local/lib/python3.12/site-packages/airflow/example_dags/example_nested_branch_dag.py took 0.103 seconds
[2026-06-13T10:47:56.076+0000] {processor.py:161} INFO - Started process (PID=737) to work on /home/airflow/.local/lib/python3.12/site-packages/airflow/example_dags/example_nested_branch_dag.py
[2026-06-13T10:47:56.078+0000] {processor.py:830} INFO - Processing file /home/airflow/.local/lib/python3.12/site-packages/airflow/example_dags/example_nested_branch_dag.py for tasks to queue
[2026-06-13T10:47:56.081+0000] {logging_mixin.py:188} INFO - [2026-06-13T10:47:56.080+0000] {dagbag.py:545} INFO - Filling up the DagBag from /home/airflow/.local/lib/python3.12/site-packages/airflow/example_dags/example_nested_branch_dag.py
[2026-06-13T10:47:56.091+0000] {processor.py:840} INFO - DAG(s) 'example_nested_branch_dag' retrieved from /home/airflow/.local/lib/python3.12/site-packages/airflow/example_dags/example_nested_branch_dag.py
[2026-06-13T10:47:56.118+0000] {logging_mixin.py:188} INFO - [2026-06-13T10:47:56.118+0000] {dag.py:3096} INFO - Sync 1 DAGs
[2026-06-13T10:47:56.145+0000] {logging_mixin.py:188} INFO - [2026-06-13T10:47:56.145+0000] {dag.py:3954} INFO - Setting next_dagrun for example_nested_branch_dag to 2026-06-12 00:00:00+00:00, run_after=2026-06-13 00:00:00+00:00
[2026-06-13T10:47:56.173+0000] {processor.py:183} INFO - Processing /home/airflow/.local/lib/python3.12/site-packages/airflow/example_dags/example_nested_branch_dag.py took 0.103 seconds
[2026-06-13T10:48:26.344+0000] {processor.py:161} INFO - Started process (PID=795) to work on /home/airflow/.local/lib/python3.12/site-packages/airflow/example_dags/example_nested_branch_dag.py
[2026-06-13T10:48:26.346+0000] {processor.py:830} INFO - Processing file /home/airflow/.local/lib/python3.12/site-packages/airflow/example_dags/example_nested_branch_dag.py for tasks to queue
[2026-06-13T10:48:26.349+0000] {logging_mixin.py:188} INFO - [2026-06-13T10:48:26.348+0000] {dagbag.py:545} INFO - Filling up the DagBag from /home/airflow/.local/lib/python3.12/site-packages/airflow/example_dags/example_nested_branch_dag.py
[2026-06-13T10:48:26.359+0000] {processor.py:840} INFO - DAG(s) 'example_nested_branch_dag' retrieved from /home/airflow/.local/lib/python3.12/site-packages/airflow/example_dags/example_nested_branch_dag.py
[2026-06-13T10:48:26.385+0000] {logging_mixin.py:188} INFO - [2026-06-13T10:48:26.385+0000] {dag.py:3096} INFO - Sync 1 DAGs
[2026-06-13T10:48:26.412+0000] {logging_mixin.py:188} INFO - [2026-06-13T10:48:26.412+0000] {dag.py:3954} INFO - Setting next_dagrun for example_nested_branch_dag to 2026-06-12 00:00:00+00:00, run_after=2026-06-13 00:00:00+00:00
[2026-06-13T10:48:26.439+0000] {processor.py:183} INFO - Processing /home/airflow/.local/lib/python3.12/site-packages/airflow/example_dags/example_nested_branch_dag.py took 0.102 seconds
[2026-06-13T10:48:56.547+0000] {processor.py:161} INFO - Started process (PID=853) to work on /home/airflow/.local/lib/python3.12/site-packages/airflow/example_dags/example_nested_branch_dag.py
[2026-06-13T10:48:56.549+0000] {processor.py:830} INFO - Processing file /home/airflow/.local/lib/python3.12/site-packages/airflow/example_dags/example_nested_branch_dag.py for tasks to queue
[2026-06-13T10:48:56.552+0000] {logging_mixin.py:188} INFO - [2026-06-13T10:48:56.551+0000] {dagbag.py:545} INFO - Filling up the DagBag from /home/airflow/.local/lib/python3.12/site-packages/airflow/example_dags/example_nested_branch_dag.py
[2026-06-13T10:48:56.563+0000] {processor.py:840} INFO - DAG(s) 'example_nested_branch_dag' retrieved from /home/airflow/.local/lib/python3.12/site-packages/airflow/example_dags/example_nested_branch_dag.py
[2026-06-13T10:48:56.590+0000] {logging_mixin.py:188} INFO - [2026-06-13T10:48:56.590+0000] {dag.py:3096} INFO - Sync 1 DAGs
[2026-06-13T10:48:56.617+0000] {logging_mixin.py:188} INFO - [2026-06-13T10:48:56.616+0000] {dag.py:3954} INFO - Setting next_dagrun for example_nested_branch_dag to 2026-06-12 00:00:00+00:00, run_after=2026-06-13 00:00:00+00:00
[2026-06-13T10:48:56.645+0000] {processor.py:183} INFO - Processing /home/airflow/.local/lib/python3.12/site-packages/airflow/example_dags/example_nested_branch_dag.py took 0.104 seconds
[2026-06-13T10:49:27.626+0000] {processor.py:161} INFO - Started process (PID=911) to work on /home/airflow/.local/lib/python3.12/site-packages/airflow/example_dags/example_nested_branch_dag.py
[2026-06-13T10:49:27.628+0000] {processor.py:830} INFO - Processing file /home/airflow/.local/lib/python3.12/site-packages/airflow/example_dags/example_nested_branch_dag.py for tasks to queue
[2026-06-13T10:49:27.631+0000] {logging_mixin.py:188} INFO - [2026-06-13T10:49:27.630+0000] {dagbag.py:545} INFO - Filling up the DagBag from /home/airflow/.local/lib/python3.12/site-packages/airflow/example_dags/example_nested_branch_dag.py
[2026-06-13T10:49:27.642+0000] {processor.py:840} INFO - DAG(s) 'example_nested_branch_dag' retrieved from /home/airflow/.local/lib/python3.12/site-packages/airflow/example_dags/example_nested_branch_dag.py
[2026-06-13T10:49:27.672+0000] {logging_mixin.py:188} INFO - [2026-06-13T10:49:27.672+0000] {dag.py:3096} INFO - Sync 1 DAGs
[2026-06-13T10:49:27.702+0000] {logging_mixin.py:188} INFO - [2026-06-13T10:49:27.702+0000] {dag.py:3954} INFO - Setting next_dagrun for example_nested_branch_dag to 2026-06-12 00:00:00+00:00, run_after=2026-06-13 00:00:00+00:00
[2026-06-13T10:49:27.733+0000] {processor.py:183} INFO - Processing /home/airflow/.local/lib/python3.12/site-packages/airflow/example_dags/example_nested_branch_dag.py took 0.112 seconds
[2026-06-13T10:49:58.002+0000] {processor.py:161} INFO - Started process (PID=970) to work on /home/airflow/.local/lib/python3.12/site-packages/airflow/example_dags/example_nested_branch_dag.py
[2026-06-13T10:49:58.004+0000] {processor.py:830} INFO - Processing file /home/airflow/.local/lib/python3.12/site-packages/airflow/example_dags/example_nested_branch_dag.py for tasks to queue
[2026-06-13T10:49:58.007+0000] {logging_mixin.py:188} INFO - [2026-06-13T10:49:58.007+0000] {dagbag.py:545} INFO - Filling up the DagBag from /home/airflow/.local/lib/python3.12/site-packages/airflow/example_dags/example_nested_branch_dag.py
[2026-06-13T10:49:58.019+0000] {processor.py:840} INFO - DAG(s) 'example_nested_branch_dag' retrieved from /home/airflow/.local/lib/python3.12/site-packages/airflow/example_dags/example_nested_branch_dag.py
[2026-06-13T10:49:58.046+0000] {logging_mixin.py:188} INFO - [2026-06-13T10:49:58.046+0000] {dag.py:3096} INFO - Sync 1 DAGs
[2026-06-13T10:49:58.072+0000] {logging_mixin.py:188} INFO - [2026-06-13T10:49:58.072+0000] {dag.py:3954} INFO - Setting next_dagrun for example_nested_branch_dag to 2026-06-12 00:00:00+00:00, run_after=2026-06-13 00:00:00+00:00
[2026-06-13T10:49:58.105+0000] {processor.py:183} INFO - Processing /home/airflow/.local/lib/python3.12/site-packages/airflow/example_dags/example_nested_branch_dag.py took 0.109 seconds
[2026-06-13T10:50:28.365+0000] {processor.py:161} INFO - Started process (PID=1028) to work on /home/airflow/.local/lib/python3.12/site-packages/airflow/example_dags/example_nested_branch_dag.py
[2026-06-13T10:50:28.367+0000] {processor.py:830} INFO - Processing file /home/airflow/.local/lib/python3.12/site-packages/airflow/example_dags/example_nested_branch_dag.py for tasks to queue
[2026-06-13T10:50:28.370+0000] {logging_mixin.py:188} INFO - [2026-06-13T10:50:28.369+0000] {dagbag.py:545} INFO - Filling up the DagBag from /home/airflow/.local/lib/python3.12/site-packages/airflow/example_dags/example_nested_branch_dag.py
[2026-06-13T10:50:28.380+0000] {processor.py:840} INFO - DAG(s) 'example_nested_branch_dag' retrieved from /home/airflow/.local/lib/python3.12/site-packages/airflow/example_dags/example_nested_branch_dag.py
[2026-06-13T10:50:28.407+0000] {logging_mixin.py:188} INFO - [2026-06-13T10:50:28.406+0000] {dag.py:3096} INFO - Sync 1 DAGs
[2026-06-13T10:50:28.431+0000] {logging_mixin.py:188} INFO - [2026-06-13T10:50:28.431+0000] {dag.py:3954} INFO - Setting next_dagrun for example_nested_branch_dag to 2026-06-12 00:00:00+00:00, run_after=2026-06-13 00:00:00+00:00
[2026-06-13T10:50:28.459+0000] {processor.py:183} INFO - Processing /home/airflow/.local/lib/python3.12/site-packages/airflow/example_dags/example_nested_branch_dag.py took 0.100 seconds
[2026-06-13T10:50:58.690+0000] {processor.py:161} INFO - Started process (PID=1086) to work on /home/airflow/.local/lib/python3.12/site-packages/airflow/example_dags/example_nested_branch_dag.py
[2026-06-13T10:50:58.691+0000] {processor.py:830} INFO - Processing file /home/airflow/.local/lib/python3.12/site-packages/airflow/example_dags/example_nested_branch_dag.py for tasks to queue
[2026-06-13T10:50:58.694+0000] {logging_mixin.py:188} INFO - [2026-06-13T10:50:58.693+0000] {dagbag.py:545} INFO - Filling up the DagBag from /home/airflow/.local/lib/python3.12/site-packages/airflow/example_dags/example_nested_branch_dag.py
[2026-06-13T10:50:58.704+0000] {processor.py:840} INFO - DAG(s) 'example_nested_branch_dag' retrieved from /home/airflow/.local/lib/python3.12/site-packages/airflow/example_dags/example_nested_branch_dag.py
[2026-06-13T10:50:58.732+0000] {logging_mixin.py:188} INFO - [2026-06-13T10:50:58.732+0000] {dag.py:3096} INFO - Sync 1 DAGs
[2026-06-13T10:50:58.758+0000] {logging_mixin.py:188} INFO - [2026-06-13T10:50:58.758+0000] {dag.py:3954} INFO - Setting next_dagrun for example_nested_branch_dag to 2026-06-12 00:00:00+00:00, run_after=2026-06-13 00:00:00+00:00
[2026-06-13T10:50:58.786+0000] {processor.py:183} INFO - Processing /home/airflow/.local/lib/python3.12/site-packages/airflow/example_dags/example_nested_branch_dag.py took 0.102 seconds
[2026-06-13T10:51:29.468+0000] {processor.py:161} INFO - Started process (PID=1144) to work on /home/airflow/.local/lib/python3.12/site-packages/airflow/example_dags/example_nested_branch_dag.py
[2026-06-13T10:51:29.470+0000] {processor.py:830} INFO - Processing file /home/airflow/.local/lib/python3.12/site-packages/airflow/example_dags/example_nested_branch_dag.py for tasks to queue
[2026-06-13T10:51:29.472+0000] {logging_mixin.py:188} INFO - [2026-06-13T10:51:29.472+0000] {dagbag.py:545} INFO - Filling up the DagBag from /home/airflow/.local/lib/python3.12/site-packages/airflow/example_dags/example_nested_branch_dag.py
[2026-06-13T10:51:29.483+0000] {processor.py:840} INFO - DAG(s) 'example_nested_branch_dag' retrieved from /home/airflow/.local/lib/python3.12/site-packages/airflow/example_dags/example_nested_branch_dag.py
[2026-06-13T10:51:29.510+0000] {logging_mixin.py:188} INFO - [2026-06-13T10:51:29.509+0000] {dag.py:3096} INFO - Sync 1 DAGs
[2026-06-13T10:51:29.534+0000] {logging_mixin.py:188} INFO - [2026-06-13T10:51:29.534+0000] {dag.py:3954} INFO - Setting next_dagrun for example_nested_branch_dag to 2026-06-12 00:00:00+00:00, run_after=2026-06-13 00:00:00+00:00
[2026-06-13T10:51:29.560+0000] {processor.py:183} INFO - Processing /home/airflow/.local/lib/python3.12/site-packages/airflow/example_dags/example_nested_branch_dag.py took 0.098 seconds
[2026-06-13T10:52:00.433+0000] {processor.py:161} INFO - Started process (PID=1202) to work on /home/airflow/.local/lib/python3.12/site-packages/airflow/example_dags/example_nested_branch_dag.py
[2026-06-13T10:52:00.434+0000] {processor.py:830} INFO - Processing file /home/airflow/.local/lib/python3.12/site-packages/airflow/example_dags/example_nested_branch_dag.py for tasks to queue
[2026-06-13T10:52:00.437+0000] {logging_mixin.py:188} INFO - [2026-06-13T10:52:00.437+0000] {dagbag.py:545} INFO - Filling up the DagBag from /home/airflow/.local/lib/python3.12/site-packages/airflow/example_dags/example_nested_branch_dag.py
[2026-06-13T10:52:00.450+0000] {processor.py:840} INFO - DAG(s) 'example_nested_branch_dag' retrieved from /home/airflow/.local/lib/python3.12/site-packages/airflow/example_dags/example_nested_branch_dag.py
[2026-06-13T10:52:00.480+0000] {logging_mixin.py:188} INFO - [2026-06-13T10:52:00.480+0000] {dag.py:3096} INFO - Sync 1 DAGs
[2026-06-13T10:52:00.509+0000] {logging_mixin.py:188} INFO - [2026-06-13T10:52:00.509+0000] {dag.py:3954} INFO - Setting next_dagrun for example_nested_branch_dag to 2026-06-12 00:00:00+00:00, run_after=2026-06-13 00:00:00+00:00
[2026-06-13T10:52:00.541+0000] {processor.py:183} INFO - Processing /home/airflow/.local/lib/python3.12/site-packages/airflow/example_dags/example_nested_branch_dag.py took 0.116 seconds
[2026-06-13T10:52:30.612+0000] {processor.py:161} INFO - Started process (PID=1260) to work on /home/airflow/.local/lib/python3.12/site-packages/airflow/example_dags/example_nested_branch_dag.py
[2026-06-13T10:52:30.613+0000] {processor.py:830} INFO - Processing file /home/airflow/.local/lib/python3.12/site-packages/airflow/example_dags/example_nested_branch_dag.py for tasks to queue
[2026-06-13T10:52:30.616+0000] {logging_mixin.py:188} INFO - [2026-06-13T10:52:30.616+0000] {dagbag.py:545} INFO - Filling up the DagBag from /home/airflow/.local/lib/python3.12/site-packages/airflow/example_dags/example_nested_branch_dag.py
[2026-06-13T10:52:30.628+0000] {processor.py:840} INFO - DAG(s) 'example_nested_branch_dag' retrieved from /home/airflow/.local/lib/python3.12/site-packages/airflow/example_dags/example_nested_branch_dag.py
[2026-06-13T10:52:30.658+0000] {logging_mixin.py:188} INFO - [2026-06-13T10:52:30.657+0000] {dag.py:3096} INFO - Sync 1 DAGs
[2026-06-13T10:52:30.686+0000] {logging_mixin.py:188} INFO - [2026-06-13T10:52:30.685+0000] {dag.py:3954} INFO - Setting next_dagrun for example_nested_branch_dag to 2026-06-12 00:00:00+00:00, run_after=2026-06-13 00:00:00+00:00
[2026-06-13T10:52:30.715+0000] {processor.py:183} INFO - Processing /home/airflow/.local/lib/python3.12/site-packages/airflow/example_dags/example_nested_branch_dag.py took 0.110 seconds
[2026-06-13T10:53:01.296+0000] {processor.py:161} INFO - Started process (PID=1318) to work on /home/airflow/.local/lib/python3.12/site-packages/airflow/example_dags/example_nested_branch_dag.py
[2026-06-13T10:53:01.298+0000] {processor.py:830} INFO - Processing file /home/airflow/.local/lib/python3.12/site-packages/airflow/example_dags/example_nested_branch_dag.py for tasks to queue
[2026-06-13T10:53:01.300+0000] {logging_mixin.py:188} INFO - [2026-06-13T10:53:01.300+0000] {dagbag.py:545} INFO - Filling up the DagBag from /home/airflow/.local/lib/python3.12/site-packages/airflow/example_dags/example_nested_branch_dag.py
[2026-06-13T10:53:01.311+0000] {processor.py:840} INFO - DAG(s) 'example_nested_branch_dag' retrieved from /home/airflow/.local/lib/python3.12/site-packages/airflow/example_dags/example_nested_branch_dag.py
[2026-06-13T10:53:01.338+0000] {logging_mixin.py:188} INFO - [2026-06-13T10:53:01.337+0000] {dag.py:3096} INFO - Sync 1 DAGs
[2026-06-13T10:53:01.363+0000] {logging_mixin.py:188} INFO - [2026-06-13T10:53:01.363+0000] {dag.py:3954} INFO - Setting next_dagrun for example_nested_branch_dag to 2026-06-12 00:00:00+00:00, run_after=2026-06-13 00:00:00+00:00
[2026-06-13T10:53:01.391+0000] {processor.py:183} INFO - Processing /home/airflow/.local/lib/python3.12/site-packages/airflow/example_dags/example_nested_branch_dag.py took 0.101 seconds
[2026-06-13T10:53:32.320+0000] {processor.py:161} INFO - Started process (PID=1377) to work on /home/airflow/.local/lib/python3.12/site-packages/airflow/example_dags/example_nested_branch_dag.py
[2026-06-13T10:53:32.321+0000] {processor.py:830} INFO - Processing file /home/airflow/.local/lib/python3.12/site-packages/airflow/example_dags/example_nested_branch_dag.py for tasks to queue
[2026-06-13T10:53:32.324+0000] {logging_mixin.py:188} INFO - [2026-06-13T10:53:32.324+0000] {dagbag.py:545} INFO - Filling up the DagBag from /home/airflow/.local/lib/python3.12/site-packages/airflow/example_dags/example_nested_branch_dag.py
[2026-06-13T10:53:32.335+0000] {processor.py:840} INFO - DAG(s) 'example_nested_branch_dag' retrieved from /home/airflow/.local/lib/python3.12/site-packages/airflow/example_dags/example_nested_branch_dag.py
[2026-06-13T10:53:32.365+0000] {logging_mixin.py:188} INFO - [2026-06-13T10:53:32.364+0000] {dag.py:3096} INFO - Sync 1 DAGs
[2026-06-13T10:53:32.393+0000] {logging_mixin.py:188} INFO - [2026-06-13T10:53:32.393+0000] {dag.py:3954} INFO - Setting next_dagrun for example_nested_branch_dag to 2026-06-12 00:00:00+00:00, run_after=2026-06-13 00:00:00+00:00
[2026-06-13T10:53:32.421+0000] {processor.py:183} INFO - Processing /home/airflow/.local/lib/python3.12/site-packages/airflow/example_dags/example_nested_branch_dag.py took 0.108 seconds
[2026-06-13T10:54:02.844+0000] {processor.py:161} INFO - Started process (PID=1435) to work on /home/airflow/.local/lib/python3.12/site-packages/airflow/example_dags/example_nested_branch_dag.py
[2026-06-13T10:54:02.845+0000] {processor.py:830} INFO - Processing file /home/airflow/.local/lib/python3.12/site-packages/airflow/example_dags/example_nested_branch_dag.py for tasks to queue
[2026-06-13T10:54:02.849+0000] {logging_mixin.py:188} INFO - [2026-06-13T10:54:02.848+0000] {dagbag.py:545} INFO - Filling up the DagBag from /home/airflow/.local/lib/python3.12/site-packages/airflow/example_dags/example_nested_branch_dag.py
[2026-06-13T10:54:02.860+0000] {processor.py:840} INFO - DAG(s) 'example_nested_branch_dag' retrieved from /home/airflow/.local/lib/python3.12/site-packages/airflow/example_dags/example_nested_branch_dag.py
[2026-06-13T10:54:02.888+0000] {logging_mixin.py:188} INFO - [2026-06-13T10:54:02.888+0000] {dag.py:3096} INFO - Sync 1 DAGs
[2026-06-13T10:54:02.916+0000] {logging_mixin.py:188} INFO - [2026-06-13T10:54:02.915+0000] {dag.py:3954} INFO - Setting next_dagrun for example_nested_branch_dag to 2026-06-12 00:00:00+00:00, run_after=2026-06-13 00:00:00+00:00
[2026-06-13T10:54:02.944+0000] {processor.py:183} INFO - Processing /home/airflow/.local/lib/python3.12/site-packages/airflow/example_dags/example_nested_branch_dag.py took 0.107 seconds
[2026-06-13T10:54:33.041+0000] {processor.py:161} INFO - Started process (PID=1493) to work on /home/airflow/.local/lib/python3.12/site-packages/airflow/example_dags/example_nested_branch_dag.py
[2026-06-13T10:54:33.043+0000] {processor.py:830} INFO - Processing file /home/airflow/.local/lib/python3.12/site-packages/airflow/example_dags/example_nested_branch_dag.py for tasks to queue
[2026-06-13T10:54:33.046+0000] {logging_mixin.py:188} INFO - [2026-06-13T10:54:33.045+0000] {dagbag.py:545} INFO - Filling up the DagBag from /home/airflow/.local/lib/python3.12/site-packages/airflow/example_dags/example_nested_branch_dag.py
[2026-06-13T10:54:33.058+0000] {processor.py:840} INFO - DAG(s) 'example_nested_branch_dag' retrieved from /home/airflow/.local/lib/python3.12/site-packages/airflow/example_dags/example_nested_branch_dag.py
[2026-06-13T10:54:33.088+0000] {logging_mixin.py:188} INFO - [2026-06-13T10:54:33.087+0000] {dag.py:3096} INFO - Sync 1 DAGs
[2026-06-13T10:54:33.117+0000] {logging_mixin.py:188} INFO - [2026-06-13T10:54:33.116+0000] {dag.py:3954} INFO - Setting next_dagrun for example_nested_branch_dag to 2026-06-12 00:00:00+00:00, run_after=2026-06-13 00:00:00+00:00
[2026-06-13T10:54:33.144+0000] {processor.py:183} INFO - Processing /home/airflow/.local/lib/python3.12/site-packages/airflow/example_dags/example_nested_branch_dag.py took 0.110 seconds
[2026-06-13T10:55:58.227+0000] {processor.py:161} INFO - Started process (PID=100) to work on /home/airflow/.local/lib/python3.12/site-packages/airflow/example_dags/example_nested_branch_dag.py
[2026-06-13T10:55:58.229+0000] {processor.py:830} INFO - Processing file /home/airflow/.local/lib/python3.12/site-packages/airflow/example_dags/example_nested_branch_dag.py for tasks to queue
[2026-06-13T10:55:58.234+0000] {logging_mixin.py:188} INFO - [2026-06-13T10:55:58.234+0000] {dagbag.py:545} INFO - Filling up the DagBag from /home/airflow/.local/lib/python3.12/site-packages/airflow/example_dags/example_nested_branch_dag.py
[2026-06-13T10:55:58.259+0000] {processor.py:840} INFO - DAG(s) 'example_nested_branch_dag' retrieved from /home/airflow/.local/lib/python3.12/site-packages/airflow/example_dags/example_nested_branch_dag.py
[2026-06-13T10:55:58.434+0000] {logging_mixin.py:188} INFO - [2026-06-13T10:55:58.434+0000] {dag.py:3096} INFO - Sync 1 DAGs
[2026-06-13T10:55:58.466+0000] {logging_mixin.py:188} INFO - [2026-06-13T10:55:58.465+0000] {dag.py:3954} INFO - Setting next_dagrun for example_nested_branch_dag to 2026-06-12 00:00:00+00:00, run_after=2026-06-13 00:00:00+00:00
[2026-06-13T10:55:58.504+0000] {processor.py:183} INFO - Processing /home/airflow/.local/lib/python3.12/site-packages/airflow/example_dags/example_nested_branch_dag.py took 0.289 seconds
[2026-06-13T10:56:28.674+0000] {processor.py:161} INFO - Started process (PID=159) to work on /home/airflow/.local/lib/python3.12/site-packages/airflow/example_dags/example_nested_branch_dag.py
[2026-06-13T10:56:28.675+0000] {processor.py:830} INFO - Processing file /home/airflow/.local/lib/python3.12/site-packages/airflow/example_dags/example_nested_branch_dag.py for tasks to queue
[2026-06-13T10:56:28.678+0000] {logging_mixin.py:188} INFO - [2026-06-13T10:56:28.677+0000] {dagbag.py:545} INFO - Filling up the DagBag from /home/airflow/.local/lib/python3.12/site-packages/airflow/example_dags/example_nested_branch_dag.py
[2026-06-13T10:56:28.689+0000] {processor.py:840} INFO - DAG(s) 'example_nested_branch_dag' retrieved from /home/airflow/.local/lib/python3.12/site-packages/airflow/example_dags/example_nested_branch_dag.py
[2026-06-13T10:56:28.717+0000] {logging_mixin.py:188} INFO - [2026-06-13T10:56:28.716+0000] {dag.py:3096} INFO - Sync 1 DAGs
[2026-06-13T10:56:28.743+0000] {logging_mixin.py:188} INFO - [2026-06-13T10:56:28.742+0000] {dag.py:3954} INFO - Setting next_dagrun for example_nested_branch_dag to 2026-06-12 00:00:00+00:00, run_after=2026-06-13 00:00:00+00:00
[2026-06-13T10:56:28.770+0000] {processor.py:183} INFO - Processing /home/airflow/.local/lib/python3.12/site-packages/airflow/example_dags/example_nested_branch_dag.py took 0.102 seconds
[2026-06-13T10:56:58.947+0000] {processor.py:161} INFO - Started process (PID=218) to work on /home/airflow/.local/lib/python3.12/site-packages/airflow/example_dags/example_nested_branch_dag.py
[2026-06-13T10:56:58.949+0000] {processor.py:830} INFO - Processing file /home/airflow/.local/lib/python3.12/site-packages/airflow/example_dags/example_nested_branch_dag.py for tasks to queue
[2026-06-13T10:56:58.951+0000] {logging_mixin.py:188} INFO - [2026-06-13T10:56:58.951+0000] {dagbag.py:545} INFO - Filling up the DagBag from /home/airflow/.local/lib/python3.12/site-packages/airflow/example_dags/example_nested_branch_dag.py
[2026-06-13T10:56:58.962+0000] {processor.py:840} INFO - DAG(s) 'example_nested_branch_dag' retrieved from /home/airflow/.local/lib/python3.12/site-packages/airflow/example_dags/example_nested_branch_dag.py
[2026-06-13T10:56:58.980+0000] {logging_mixin.py:188} INFO - [2026-06-13T10:56:58.979+0000] {dag.py:3096} INFO - Sync 1 DAGs
[2026-06-13T10:56:59.008+0000] {logging_mixin.py:188} INFO - [2026-06-13T10:56:59.008+0000] {dag.py:3954} INFO - Setting next_dagrun for example_nested_branch_dag to 2026-06-12 00:00:00+00:00, run_after=2026-06-13 00:00:00+00:00
[2026-06-13T10:56:59.034+0000] {processor.py:183} INFO - Processing /home/airflow/.local/lib/python3.12/site-packages/airflow/example_dags/example_nested_branch_dag.py took 0.093 seconds
[2026-06-13T10:57:29.604+0000] {processor.py:161} INFO - Started process (PID=278) to work on /home/airflow/.local/lib/python3.12/site-packages/airflow/example_dags/example_nested_branch_dag.py
[2026-06-13T10:57:29.606+0000] {processor.py:830} INFO - Processing file /home/airflow/.local/lib/python3.12/site-packages/airflow/example_dags/example_nested_branch_dag.py for tasks to queue
[2026-06-13T10:57:29.608+0000] {logging_mixin.py:188} INFO - [2026-06-13T10:57:29.608+0000] {dagbag.py:545} INFO - Filling up the DagBag from /home/airflow/.local/lib/python3.12/site-packages/airflow/example_dags/example_nested_branch_dag.py
[2026-06-13T10:57:29.619+0000] {processor.py:840} INFO - DAG(s) 'example_nested_branch_dag' retrieved from /home/airflow/.local/lib/python3.12/site-packages/airflow/example_dags/example_nested_branch_dag.py
[2026-06-13T10:57:29.739+0000] {logging_mixin.py:188} INFO - [2026-06-13T10:57:29.739+0000] {dag.py:3096} INFO - Sync 1 DAGs
[2026-06-13T10:57:29.764+0000] {logging_mixin.py:188} INFO - [2026-06-13T10:57:29.763+0000] {dag.py:3954} INFO - Setting next_dagrun for example_nested_branch_dag to 2026-06-12 00:00:00+00:00, run_after=2026-06-13 00:00:00+00:00
[2026-06-13T10:57:29.796+0000] {processor.py:183} INFO - Processing /home/airflow/.local/lib/python3.12/site-packages/airflow/example_dags/example_nested_branch_dag.py took 0.198 seconds
[2026-06-13T10:58:00.628+0000] {processor.py:161} INFO - Started process (PID=337) to work on /home/airflow/.local/lib/python3.12/site-packages/airflow/example_dags/example_nested_branch_dag.py
[2026-06-13T10:58:00.630+0000] {processor.py:830} INFO - Processing file /home/airflow/.local/lib/python3.12/site-packages/airflow/example_dags/example_nested_branch_dag.py for tasks to queue
[2026-06-13T10:58:00.633+0000] {logging_mixin.py:188} INFO - [2026-06-13T10:58:00.632+0000] {dagbag.py:545} INFO - Filling up the DagBag from /home/airflow/.local/lib/python3.12/site-packages/airflow/example_dags/example_nested_branch_dag.py
[2026-06-13T10:58:00.644+0000] {processor.py:840} INFO - DAG(s) 'example_nested_branch_dag' retrieved from /home/airflow/.local/lib/python3.12/site-packages/airflow/example_dags/example_nested_branch_dag.py
[2026-06-13T10:58:00.681+0000] {logging_mixin.py:188} INFO - [2026-06-13T10:58:00.681+0000] {dag.py:3096} INFO - Sync 1 DAGs
[2026-06-13T10:58:00.717+0000] {logging_mixin.py:188} INFO - [2026-06-13T10:58:00.717+0000] {dag.py:3954} INFO - Setting next_dagrun for example_nested_branch_dag to 2026-06-12 00:00:00+00:00, run_after=2026-06-13 00:00:00+00:00
[2026-06-13T10:58:00.745+0000] {processor.py:183} INFO - Processing /home/airflow/.local/lib/python3.12/site-packages/airflow/example_dags/example_nested_branch_dag.py took 0.123 seconds
[2026-06-13T10:58:30.928+0000] {processor.py:161} INFO - Started process (PID=396) to work on /home/airflow/.local/lib/python3.12/site-packages/airflow/example_dags/example_nested_branch_dag.py
[2026-06-13T10:58:30.929+0000] {processor.py:830} INFO - Processing file /home/airflow/.local/lib/python3.12/site-packages/airflow/example_dags/example_nested_branch_dag.py for tasks to queue
[2026-06-13T10:58:30.932+0000] {logging_mixin.py:188} INFO - [2026-06-13T10:58:30.932+0000] {dagbag.py:545} INFO - Filling up the DagBag from /home/airflow/.local/lib/python3.12/site-packages/airflow/example_dags/example_nested_branch_dag.py
[2026-06-13T10:58:30.944+0000] {processor.py:840} INFO - DAG(s) 'example_nested_branch_dag' retrieved from /home/airflow/.local/lib/python3.12/site-packages/airflow/example_dags/example_nested_branch_dag.py
[2026-06-13T10:58:30.972+0000] {logging_mixin.py:188} INFO - [2026-06-13T10:58:30.972+0000] {dag.py:3096} INFO - Sync 1 DAGs
[2026-06-13T10:58:30.999+0000] {logging_mixin.py:188} INFO - [2026-06-13T10:58:30.998+0000] {dag.py:3954} INFO - Setting next_dagrun for example_nested_branch_dag to 2026-06-12 00:00:00+00:00, run_after=2026-06-13 00:00:00+00:00
[2026-06-13T10:58:31.026+0000] {processor.py:183} INFO - Processing /home/airflow/.local/lib/python3.12/site-packages/airflow/example_dags/example_nested_branch_dag.py took 0.104 seconds
[2026-06-13T10:59:01.485+0000] {processor.py:161} INFO - Started process (PID=455) to work on /home/airflow/.local/lib/python3.12/site-packages/airflow/example_dags/example_nested_branch_dag.py
[2026-06-13T10:59:01.487+0000] {processor.py:830} INFO - Processing file /home/airflow/.local/lib/python3.12/site-packages/airflow/example_dags/example_nested_branch_dag.py for tasks to queue
[2026-06-13T10:59:01.490+0000] {logging_mixin.py:188} INFO - [2026-06-13T10:59:01.489+0000] {dagbag.py:545} INFO - Filling up the DagBag from /home/airflow/.local/lib/python3.12/site-packages/airflow/example_dags/example_nested_branch_dag.py
[2026-06-13T10:59:01.500+0000] {processor.py:840} INFO - DAG(s) 'example_nested_branch_dag' retrieved from /home/airflow/.local/lib/python3.12/site-packages/airflow/example_dags/example_nested_branch_dag.py
[2026-06-13T10:59:01.527+0000] {logging_mixin.py:188} INFO - [2026-06-13T10:59:01.527+0000] {dag.py:3096} INFO - Sync 1 DAGs
[2026-06-13T10:59:01.553+0000] {logging_mixin.py:188} INFO - [2026-06-13T10:59:01.552+0000] {dag.py:3954} INFO - Setting next_dagrun for example_nested_branch_dag to 2026-06-12 00:00:00+00:00, run_after=2026-06-13 00:00:00+00:00
[2026-06-13T10:59:01.579+0000] {processor.py:183} INFO - Processing /home/airflow/.local/lib/python3.12/site-packages/airflow/example_dags/example_nested_branch_dag.py took 0.101 seconds
[2026-06-13T10:59:31.740+0000] {processor.py:161} INFO - Started process (PID=514) to work on /home/airflow/.local/lib/python3.12/site-packages/airflow/example_dags/example_nested_branch_dag.py
[2026-06-13T10:59:31.742+0000] {processor.py:830} INFO - Processing file /home/airflow/.local/lib/python3.12/site-packages/airflow/example_dags/example_nested_branch_dag.py for tasks to queue
[2026-06-13T10:59:31.744+0000] {logging_mixin.py:188} INFO - [2026-06-13T10:59:31.744+0000] {dagbag.py:545} INFO - Filling up the DagBag from /home/airflow/.local/lib/python3.12/site-packages/airflow/example_dags/example_nested_branch_dag.py
[2026-06-13T10:59:31.755+0000] {processor.py:840} INFO - DAG(s) 'example_nested_branch_dag' retrieved from /home/airflow/.local/lib/python3.12/site-packages/airflow/example_dags/example_nested_branch_dag.py
[2026-06-13T10:59:31.782+0000] {logging_mixin.py:188} INFO - [2026-06-13T10:59:31.782+0000] {dag.py:3096} INFO - Sync 1 DAGs
[2026-06-13T10:59:31.807+0000] {logging_mixin.py:188} INFO - [2026-06-13T10:59:31.807+0000] {dag.py:3954} INFO - Setting next_dagrun for example_nested_branch_dag to 2026-06-12 00:00:00+00:00, run_after=2026-06-13 00:00:00+00:00
[2026-06-13T10:59:31.835+0000] {processor.py:183} INFO - Processing /home/airflow/.local/lib/python3.12/site-packages/airflow/example_dags/example_nested_branch_dag.py took 0.101 seconds
[2026-06-13T11:00:01.952+0000] {processor.py:161} INFO - Started process (PID=573) to work on /home/airflow/.local/lib/python3.12/site-packages/airflow/example_dags/example_nested_branch_dag.py
[2026-06-13T11:00:01.954+0000] {processor.py:830} INFO - Processing file /home/airflow/.local/lib/python3.12/site-packages/airflow/example_dags/example_nested_branch_dag.py for tasks to queue
[2026-06-13T11:00:01.956+0000] {logging_mixin.py:188} INFO - [2026-06-13T11:00:01.956+0000] {dagbag.py:545} INFO - Filling up the DagBag from /home/airflow/.local/lib/python3.12/site-packages/airflow/example_dags/example_nested_branch_dag.py
[2026-06-13T11:00:01.967+0000] {processor.py:840} INFO - DAG(s) 'example_nested_branch_dag' retrieved from /home/airflow/.local/lib/python3.12/site-packages/airflow/example_dags/example_nested_branch_dag.py
[2026-06-13T11:00:01.996+0000] {logging_mixin.py:188} INFO - [2026-06-13T11:00:01.995+0000] {dag.py:3096} INFO - Sync 1 DAGs
[2026-06-13T11:00:02.023+0000] {logging_mixin.py:188} INFO - [2026-06-13T11:00:02.023+0000] {dag.py:3954} INFO - Setting next_dagrun for example_nested_branch_dag to 2026-06-12 00:00:00+00:00, run_after=2026-06-13 00:00:00+00:00
[2026-06-13T11:00:02.051+0000] {processor.py:183} INFO - Processing /home/airflow/.local/lib/python3.12/site-packages/airflow/example_dags/example_nested_branch_dag.py took 0.105 seconds
[2026-06-13T11:00:32.324+0000] {processor.py:161} INFO - Started process (PID=632) to work on /home/airflow/.local/lib/python3.12/site-packages/airflow/example_dags/example_nested_branch_dag.py
[2026-06-13T11:00:32.325+0000] {processor.py:830} INFO - Processing file /home/airflow/.local/lib/python3.12/site-packages/airflow/example_dags/example_nested_branch_dag.py for tasks to queue
[2026-06-13T11:00:32.328+0000] {logging_mixin.py:188} INFO - [2026-06-13T11:00:32.327+0000] {dagbag.py:545} INFO - Filling up the DagBag from /home/airflow/.local/lib/python3.12/site-packages/airflow/example_dags/example_nested_branch_dag.py
[2026-06-13T11:00:32.338+0000] {processor.py:840} INFO - DAG(s) 'example_nested_branch_dag' retrieved from /home/airflow/.local/lib/python3.12/site-packages/airflow/example_dags/example_nested_branch_dag.py
[2026-06-13T11:00:32.366+0000] {logging_mixin.py:188} INFO - [2026-06-13T11:00:32.366+0000] {dag.py:3096} INFO - Sync 1 DAGs
[2026-06-13T11:00:32.391+0000] {logging_mixin.py:188} INFO - [2026-06-13T11:00:32.391+0000] {dag.py:3954} INFO - Setting next_dagrun for example_nested_branch_dag to 2026-06-12 00:00:00+00:00, run_after=2026-06-13 00:00:00+00:00
[2026-06-13T11:00:32.417+0000] {processor.py:183} INFO - Processing /home/airflow/.local/lib/python3.12/site-packages/airflow/example_dags/example_nested_branch_dag.py took 0.101 seconds
[2026-06-13T11:01:02.590+0000] {processor.py:161} INFO - Started process (PID=691) to work on /home/airflow/.local/lib/python3.12/site-packages/airflow/example_dags/example_nested_branch_dag.py
[2026-06-13T11:01:02.592+0000] {processor.py:830} INFO - Processing file /home/airflow/.local/lib/python3.12/site-packages/airflow/example_dags/example_nested_branch_dag.py for tasks to queue
[2026-06-13T11:01:02.595+0000] {logging_mixin.py:188} INFO - [2026-06-13T11:01:02.594+0000] {dagbag.py:545} INFO - Filling up the DagBag from /home/airflow/.local/lib/python3.12/site-packages/airflow/example_dags/example_nested_branch_dag.py
[2026-06-13T11:01:02.606+0000] {processor.py:840} INFO - DAG(s) 'example_nested_branch_dag' retrieved from /home/airflow/.local/lib/python3.12/site-packages/airflow/example_dags/example_nested_branch_dag.py
[2026-06-13T11:01:02.633+0000] {logging_mixin.py:188} INFO - [2026-06-13T11:01:02.633+0000] {dag.py:3096} INFO - Sync 1 DAGs
[2026-06-13T11:01:02.659+0000] {logging_mixin.py:188} INFO - [2026-06-13T11:01:02.659+0000] {dag.py:3954} INFO - Setting next_dagrun for example_nested_branch_dag to 2026-06-12 00:00:00+00:00, run_after=2026-06-13 00:00:00+00:00
[2026-06-13T11:01:02.688+0000] {processor.py:183} INFO - Processing /home/airflow/.local/lib/python3.12/site-packages/airflow/example_dags/example_nested_branch_dag.py took 0.104 seconds
[2026-06-13T11:01:33.132+0000] {processor.py:161} INFO - Started process (PID=750) to work on /home/airflow/.local/lib/python3.12/site-packages/airflow/example_dags/example_nested_branch_dag.py
[2026-06-13T11:01:33.134+0000] {processor.py:830} INFO - Processing file /home/airflow/.local/lib/python3.12/site-packages/airflow/example_dags/example_nested_branch_dag.py for tasks to queue
[2026-06-13T11:01:33.137+0000] {logging_mixin.py:188} INFO - [2026-06-13T11:01:33.136+0000] {dagbag.py:545} INFO - Filling up the DagBag from /home/airflow/.local/lib/python3.12/site-packages/airflow/example_dags/example_nested_branch_dag.py
[2026-06-13T11:01:33.147+0000] {processor.py:840} INFO - DAG(s) 'example_nested_branch_dag' retrieved from /home/airflow/.local/lib/python3.12/site-packages/airflow/example_dags/example_nested_branch_dag.py
[2026-06-13T11:01:33.176+0000] {logging_mixin.py:188} INFO - [2026-06-13T11:01:33.175+0000] {dag.py:3096} INFO - Sync 1 DAGs
[2026-06-13T11:01:33.203+0000] {logging_mixin.py:188} INFO - [2026-06-13T11:01:33.203+0000] {dag.py:3954} INFO - Setting next_dagrun for example_nested_branch_dag to 2026-06-12 00:00:00+00:00, run_after=2026-06-13 00:00:00+00:00
[2026-06-13T11:01:33.231+0000] {processor.py:183} INFO - Processing /home/airflow/.local/lib/python3.12/site-packages/airflow/example_dags/example_nested_branch_dag.py took 0.104 seconds
[2026-06-13T11:02:03.789+0000] {processor.py:161} INFO - Started process (PID=809) to work on /home/airflow/.local/lib/python3.12/site-packages/airflow/example_dags/example_nested_branch_dag.py
[2026-06-13T11:02:03.791+0000] {processor.py:830} INFO - Processing file /home/airflow/.local/lib/python3.12/site-packages/airflow/example_dags/example_nested_branch_dag.py for tasks to queue
[2026-06-13T11:02:03.793+0000] {logging_mixin.py:188} INFO - [2026-06-13T11:02:03.793+0000] {dagbag.py:545} INFO - Filling up the DagBag from /home/airflow/.local/lib/python3.12/site-packages/airflow/example_dags/example_nested_branch_dag.py
[2026-06-13T11:02:03.804+0000] {processor.py:840} INFO - DAG(s) 'example_nested_branch_dag' retrieved from /home/airflow/.local/lib/python3.12/site-packages/airflow/example_dags/example_nested_branch_dag.py
[2026-06-13T11:02:03.830+0000] {logging_mixin.py:188} INFO - [2026-06-13T11:02:03.830+0000] {dag.py:3096} INFO - Sync 1 DAGs
[2026-06-13T11:02:03.857+0000] {logging_mixin.py:188} INFO - [2026-06-13T11:02:03.857+0000] {dag.py:3954} INFO - Setting next_dagrun for example_nested_branch_dag to 2026-06-12 00:00:00+00:00, run_after=2026-06-13 00:00:00+00:00
[2026-06-13T11:02:03.885+0000] {processor.py:183} INFO - Processing /home/airflow/.local/lib/python3.12/site-packages/airflow/example_dags/example_nested_branch_dag.py took 0.102 seconds
[2026-06-13T11:02:34.807+0000] {processor.py:161} INFO - Started process (PID=868) to work on /home/airflow/.local/lib/python3.12/site-packages/airflow/example_dags/example_nested_branch_dag.py
[2026-06-13T11:02:34.809+0000] {processor.py:830} INFO - Processing file /home/airflow/.local/lib/python3.12/site-packages/airflow/example_dags/example_nested_branch_dag.py for tasks to queue
[2026-06-13T11:02:34.813+0000] {logging_mixin.py:188} INFO - [2026-06-13T11:02:34.812+0000] {dagbag.py:545} INFO - Filling up the DagBag from /home/airflow/.local/lib/python3.12/site-packages/airflow/example_dags/example_nested_branch_dag.py
[2026-06-13T11:02:34.823+0000] {processor.py:840} INFO - DAG(s) 'example_nested_branch_dag' retrieved from /home/airflow/.local/lib/python3.12/site-packages/airflow/example_dags/example_nested_branch_dag.py
[2026-06-13T11:02:34.850+0000] {logging_mixin.py:188} INFO - [2026-06-13T11:02:34.849+0000] {dag.py:3096} INFO - Sync 1 DAGs
[2026-06-13T11:02:34.877+0000] {logging_mixin.py:188} INFO - [2026-06-13T11:02:34.876+0000] {dag.py:3954} INFO - Setting next_dagrun for example_nested_branch_dag to 2026-06-12 00:00:00+00:00, run_after=2026-06-13 00:00:00+00:00
[2026-06-13T11:02:34.906+0000] {processor.py:183} INFO - Processing /home/airflow/.local/lib/python3.12/site-packages/airflow/example_dags/example_nested_branch_dag.py took 0.105 seconds
[2026-06-13T11:03:05.313+0000] {processor.py:161} INFO - Started process (PID=927) to work on /home/airflow/.local/lib/python3.12/site-packages/airflow/example_dags/example_nested_branch_dag.py
[2026-06-13T11:03:05.315+0000] {processor.py:830} INFO - Processing file /home/airflow/.local/lib/python3.12/site-packages/airflow/example_dags/example_nested_branch_dag.py for tasks to queue
[2026-06-13T11:03:05.318+0000] {logging_mixin.py:188} INFO - [2026-06-13T11:03:05.317+0000] {dagbag.py:545} INFO - Filling up the DagBag from /home/airflow/.local/lib/python3.12/site-packages/airflow/example_dags/example_nested_branch_dag.py
[2026-06-13T11:03:05.329+0000] {processor.py:840} INFO - DAG(s) 'example_nested_branch_dag' retrieved from /home/airflow/.local/lib/python3.12/site-packages/airflow/example_dags/example_nested_branch_dag.py
[2026-06-13T11:03:05.362+0000] {logging_mixin.py:188} INFO - [2026-06-13T11:03:05.362+0000] {dag.py:3096} INFO - Sync 1 DAGs
[2026-06-13T11:03:05.392+0000] {logging_mixin.py:188} INFO - [2026-06-13T11:03:05.391+0000] {dag.py:3954} INFO - Setting next_dagrun for example_nested_branch_dag to 2026-06-12 00:00:00+00:00, run_after=2026-06-13 00:00:00+00:00
[2026-06-13T11:03:05.422+0000] {processor.py:183} INFO - Processing /home/airflow/.local/lib/python3.12/site-packages/airflow/example_dags/example_nested_branch_dag.py took 0.114 seconds
[2026-06-13T11:03:35.695+0000] {processor.py:161} INFO - Started process (PID=986) to work on /home/airflow/.local/lib/python3.12/site-packages/airflow/example_dags/example_nested_branch_dag.py
[2026-06-13T11:03:35.697+0000] {processor.py:830} INFO - Processing file /home/airflow/.local/lib/python3.12/site-packages/airflow/example_dags/example_nested_branch_dag.py for tasks to queue
[2026-06-13T11:03:35.700+0000] {logging_mixin.py:188} INFO - [2026-06-13T11:03:35.699+0000] {dagbag.py:545} INFO - Filling up the DagBag from /home/airflow/.local/lib/python3.12/site-packages/airflow/example_dags/example_nested_branch_dag.py
[2026-06-13T11:03:35.713+0000] {processor.py:840} INFO - DAG(s) 'example_nested_branch_dag' retrieved from /home/airflow/.local/lib/python3.12/site-packages/airflow/example_dags/example_nested_branch_dag.py
[2026-06-13T11:03:35.740+0000] {logging_mixin.py:188} INFO - [2026-06-13T11:03:35.740+0000] {dag.py:3096} INFO - Sync 1 DAGs
[2026-06-13T11:03:35.769+0000] {logging_mixin.py:188} INFO - [2026-06-13T11:03:35.769+0000] {dag.py:3954} INFO - Setting next_dagrun for example_nested_branch_dag to 2026-06-12 00:00:00+00:00, run_after=2026-06-13 00:00:00+00:00
[2026-06-13T11:03:35.799+0000] {processor.py:183} INFO - Processing /home/airflow/.local/lib/python3.12/site-packages/airflow/example_dags/example_nested_branch_dag.py took 0.111 seconds
[2026-06-13T11:04:06.030+0000] {processor.py:161} INFO - Started process (PID=1045) to work on /home/airflow/.local/lib/python3.12/site-packages/airflow/example_dags/example_nested_branch_dag.py
[2026-06-13T11:04:06.031+0000] {processor.py:830} INFO - Processing file /home/airflow/.local/lib/python3.12/site-packages/airflow/example_dags/example_nested_branch_dag.py for tasks to queue
[2026-06-13T11:04:06.034+0000] {logging_mixin.py:188} INFO - [2026-06-13T11:04:06.034+0000] {dagbag.py:545} INFO - Filling up the DagBag from /home/airflow/.local/lib/python3.12/site-packages/airflow/example_dags/example_nested_branch_dag.py
[2026-06-13T11:04:06.045+0000] {processor.py:840} INFO - DAG(s) 'example_nested_branch_dag' retrieved from /home/airflow/.local/lib/python3.12/site-packages/airflow/example_dags/example_nested_branch_dag.py
[2026-06-13T11:04:06.073+0000] {logging_mixin.py:188} INFO - [2026-06-13T11:04:06.073+0000] {dag.py:3096} INFO - Sync 1 DAGs
[2026-06-13T11:04:06.099+0000] {logging_mixin.py:188} INFO - [2026-06-13T11:04:06.099+0000] {dag.py:3954} INFO - Setting next_dagrun for example_nested_branch_dag to 2026-06-12 00:00:00+00:00, run_after=2026-06-13 00:00:00+00:00
[2026-06-13T11:04:06.125+0000] {processor.py:183} INFO - Processing /home/airflow/.local/lib/python3.12/site-packages/airflow/example_dags/example_nested_branch_dag.py took 0.102 seconds
[2026-06-13T11:04:36.298+0000] {processor.py:161} INFO - Started process (PID=1104) to work on /home/airflow/.local/lib/python3.12/site-packages/airflow/example_dags/example_nested_branch_dag.py
[2026-06-13T11:04:36.299+0000] {processor.py:830} INFO - Processing file /home/airflow/.local/lib/python3.12/site-packages/airflow/example_dags/example_nested_branch_dag.py for tasks to queue
[2026-06-13T11:04:36.302+0000] {logging_mixin.py:188} INFO - [2026-06-13T11:04:36.302+0000] {dagbag.py:545} INFO - Filling up the DagBag from /home/airflow/.local/lib/python3.12/site-packages/airflow/example_dags/example_nested_branch_dag.py
[2026-06-13T11:04:36.320+0000] {processor.py:840} INFO - DAG(s) 'example_nested_branch_dag' retrieved from /home/airflow/.local/lib/python3.12/site-packages/airflow/example_dags/example_nested_branch_dag.py
[2026-06-13T11:04:36.361+0000] {logging_mixin.py:188} INFO - [2026-06-13T11:04:36.360+0000] {dag.py:3096} INFO - Sync 1 DAGs
[2026-06-13T11:04:36.400+0000] {logging_mixin.py:188} INFO - [2026-06-13T11:04:36.399+0000] {dag.py:3954} INFO - Setting next_dagrun for example_nested_branch_dag to 2026-06-12 00:00:00+00:00, run_after=2026-06-13 00:00:00+00:00
[2026-06-13T11:04:36.438+0000] {processor.py:183} INFO - Processing /home/airflow/.local/lib/python3.12/site-packages/airflow/example_dags/example_nested_branch_dag.py took 0.148 seconds
[2026-06-13T11:05:06.947+0000] {processor.py:161} INFO - Started process (PID=1163) to work on /home/airflow/.local/lib/python3.12/site-packages/airflow/example_dags/example_nested_branch_dag.py
[2026-06-13T11:05:06.949+0000] {processor.py:830} INFO - Processing file /home/airflow/.local/lib/python3.12/site-packages/airflow/example_dags/example_nested_branch_dag.py for tasks to queue
[2026-06-13T11:05:06.953+0000] {logging_mixin.py:188} INFO - [2026-06-13T11:05:06.952+0000] {dagbag.py:545} INFO - Filling up the DagBag from /home/airflow/.local/lib/python3.12/site-packages/airflow/example_dags/example_nested_branch_dag.py
[2026-06-13T11:05:06.965+0000] {processor.py:840} INFO - DAG(s) 'example_nested_branch_dag' retrieved from /home/airflow/.local/lib/python3.12/site-packages/airflow/example_dags/example_nested_branch_dag.py
[2026-06-13T11:05:06.994+0000] {logging_mixin.py:188} INFO - [2026-06-13T11:05:06.993+0000] {dag.py:3096} INFO - Sync 1 DAGs
[2026-06-13T11:05:07.021+0000] {logging_mixin.py:188} INFO - [2026-06-13T11:05:07.021+0000] {dag.py:3954} INFO - Setting next_dagrun for example_nested_branch_dag to 2026-06-12 00:00:00+00:00, run_after=2026-06-13 00:00:00+00:00
[2026-06-13T11:05:07.052+0000] {processor.py:183} INFO - Processing /home/airflow/.local/lib/python3.12/site-packages/airflow/example_dags/example_nested_branch_dag.py took 0.115 seconds
[2026-06-13T11:05:37.227+0000] {processor.py:161} INFO - Started process (PID=1223) to work on /home/airflow/.local/lib/python3.12/site-packages/airflow/example_dags/example_nested_branch_dag.py
[2026-06-13T11:05:37.229+0000] {processor.py:830} INFO - Processing file /home/airflow/.local/lib/python3.12/site-packages/airflow/example_dags/example_nested_branch_dag.py for tasks to queue
[2026-06-13T11:05:37.232+0000] {logging_mixin.py:188} INFO - [2026-06-13T11:05:37.231+0000] {dagbag.py:545} INFO - Filling up the DagBag from /home/airflow/.local/lib/python3.12/site-packages/airflow/example_dags/example_nested_branch_dag.py
[2026-06-13T11:05:37.242+0000] {processor.py:840} INFO - DAG(s) 'example_nested_branch_dag' retrieved from /home/airflow/.local/lib/python3.12/site-packages/airflow/example_dags/example_nested_branch_dag.py
[2026-06-13T11:05:37.268+0000] {logging_mixin.py:188} INFO - [2026-06-13T11:05:37.267+0000] {dag.py:3096} INFO - Sync 1 DAGs
[2026-06-13T11:05:37.294+0000] {logging_mixin.py:188} INFO - [2026-06-13T11:05:37.294+0000] {dag.py:3954} INFO - Setting next_dagrun for example_nested_branch_dag to 2026-06-12 00:00:00+00:00, run_after=2026-06-13 00:00:00+00:00
[2026-06-13T11:05:37.325+0000] {processor.py:183} INFO - Processing /home/airflow/.local/lib/python3.12/site-packages/airflow/example_dags/example_nested_branch_dag.py took 0.104 seconds
[2026-06-13T11:06:07.709+0000] {processor.py:161} INFO - Started process (PID=1282) to work on /home/airflow/.local/lib/python3.12/site-packages/airflow/example_dags/example_nested_branch_dag.py
[2026-06-13T11:06:07.711+0000] {processor.py:830} INFO - Processing file /home/airflow/.local/lib/python3.12/site-packages/airflow/example_dags/example_nested_branch_dag.py for tasks to queue
[2026-06-13T11:06:07.713+0000] {logging_mixin.py:188} INFO - [2026-06-13T11:06:07.713+0000] {dagbag.py:545} INFO - Filling up the DagBag from /home/airflow/.local/lib/python3.12/site-packages/airflow/example_dags/example_nested_branch_dag.py
[2026-06-13T11:06:07.725+0000] {processor.py:840} INFO - DAG(s) 'example_nested_branch_dag' retrieved from /home/airflow/.local/lib/python3.12/site-packages/airflow/example_dags/example_nested_branch_dag.py
[2026-06-13T11:06:07.752+0000] {logging_mixin.py:188} INFO - [2026-06-13T11:06:07.752+0000] {dag.py:3096} INFO - Sync 1 DAGs
[2026-06-13T11:06:07.779+0000] {logging_mixin.py:188} INFO - [2026-06-13T11:06:07.779+0000] {dag.py:3954} INFO - Setting next_dagrun for example_nested_branch_dag to 2026-06-12 00:00:00+00:00, run_after=2026-06-13 00:00:00+00:00
[2026-06-13T11:06:07.809+0000] {processor.py:183} INFO - Processing /home/airflow/.local/lib/python3.12/site-packages/airflow/example_dags/example_nested_branch_dag.py took 0.105 seconds
[2026-06-13T11:06:38.025+0000] {processor.py:161} INFO - Started process (PID=1341) to work on /home/airflow/.local/lib/python3.12/site-packages/airflow/example_dags/example_nested_branch_dag.py
[2026-06-13T11:06:38.027+0000] {processor.py:830} INFO - Processing file /home/airflow/.local/lib/python3.12/site-packages/airflow/example_dags/example_nested_branch_dag.py for tasks to queue
[2026-06-13T11:06:38.031+0000] {logging_mixin.py:188} INFO - [2026-06-13T11:06:38.030+0000] {dagbag.py:545} INFO - Filling up the DagBag from /home/airflow/.local/lib/python3.12/site-packages/airflow/example_dags/example_nested_branch_dag.py
[2026-06-13T11:06:38.041+0000] {processor.py:840} INFO - DAG(s) 'example_nested_branch_dag' retrieved from /home/airflow/.local/lib/python3.12/site-packages/airflow/example_dags/example_nested_branch_dag.py
[2026-06-13T11:06:38.071+0000] {logging_mixin.py:188} INFO - [2026-06-13T11:06:38.071+0000] {dag.py:3096} INFO - Sync 1 DAGs
[2026-06-13T11:06:38.096+0000] {logging_mixin.py:188} INFO - [2026-06-13T11:06:38.096+0000] {dag.py:3954} INFO - Setting next_dagrun for example_nested_branch_dag to 2026-06-12 00:00:00+00:00, run_after=2026-06-13 00:00:00+00:00
[2026-06-13T11:06:38.121+0000] {processor.py:183} INFO - Processing /home/airflow/.local/lib/python3.12/site-packages/airflow/example_dags/example_nested_branch_dag.py took 0.103 seconds
[2026-06-13T11:07:08.632+0000] {processor.py:161} INFO - Started process (PID=1400) to work on /home/airflow/.local/lib/python3.12/site-packages/airflow/example_dags/example_nested_branch_dag.py
[2026-06-13T11:07:08.634+0000] {processor.py:830} INFO - Processing file /home/airflow/.local/lib/python3.12/site-packages/airflow/example_dags/example_nested_branch_dag.py for tasks to queue
[2026-06-13T11:07:08.640+0000] {logging_mixin.py:188} INFO - [2026-06-13T11:07:08.639+0000] {dagbag.py:545} INFO - Filling up the DagBag from /home/airflow/.local/lib/python3.12/site-packages/airflow/example_dags/example_nested_branch_dag.py
[2026-06-13T11:07:08.657+0000] {processor.py:840} INFO - DAG(s) 'example_nested_branch_dag' retrieved from /home/airflow/.local/lib/python3.12/site-packages/airflow/example_dags/example_nested_branch_dag.py
[2026-06-13T11:07:08.685+0000] {logging_mixin.py:188} INFO - [2026-06-13T11:07:08.684+0000] {dag.py:3096} INFO - Sync 1 DAGs
[2026-06-13T11:07:08.710+0000] {logging_mixin.py:188} INFO - [2026-06-13T11:07:08.710+0000] {dag.py:3954} INFO - Setting next_dagrun for example_nested_branch_dag to 2026-06-12 00:00:00+00:00, run_after=2026-06-13 00:00:00+00:00
[2026-06-13T11:07:08.738+0000] {processor.py:183} INFO - Processing /home/airflow/.local/lib/python3.12/site-packages/airflow/example_dags/example_nested_branch_dag.py took 0.115 seconds
[2026-06-13T11:07:39.134+0000] {processor.py:161} INFO - Started process (PID=1459) to work on /home/airflow/.local/lib/python3.12/site-packages/airflow/example_dags/example_nested_branch_dag.py
[2026-06-13T11:07:39.136+0000] {processor.py:830} INFO - Processing file /home/airflow/.local/lib/python3.12/site-packages/airflow/example_dags/example_nested_branch_dag.py for tasks to queue
[2026-06-13T11:07:39.139+0000] {logging_mixin.py:188} INFO - [2026-06-13T11:07:39.138+0000] {dagbag.py:545} INFO - Filling up the DagBag from /home/airflow/.local/lib/python3.12/site-packages/airflow/example_dags/example_nested_branch_dag.py
[2026-06-13T11:07:39.149+0000] {processor.py:840} INFO - DAG(s) 'example_nested_branch_dag' retrieved from /home/airflow/.local/lib/python3.12/site-packages/airflow/example_dags/example_nested_branch_dag.py
[2026-06-13T11:07:39.178+0000] {logging_mixin.py:188} INFO - [2026-06-13T11:07:39.178+0000] {dag.py:3096} INFO - Sync 1 DAGs
[2026-06-13T11:07:39.203+0000] {logging_mixin.py:188} INFO - [2026-06-13T11:07:39.203+0000] {dag.py:3954} INFO - Setting next_dagrun for example_nested_branch_dag to 2026-06-12 00:00:00+00:00, run_after=2026-06-13 00:00:00+00:00
[2026-06-13T11:07:39.229+0000] {processor.py:183} INFO - Processing /home/airflow/.local/lib/python3.12/site-packages/airflow/example_dags/example_nested_branch_dag.py took 0.102 seconds
[2026-06-13T11:08:09.704+0000] {processor.py:161} INFO - Started process (PID=1519) to work on /home/airflow/.local/lib/python3.12/site-packages/airflow/example_dags/example_nested_branch_dag.py
[2026-06-13T11:08:09.706+0000] {processor.py:830} INFO - Processing file /home/airflow/.local/lib/python3.12/site-packages/airflow/example_dags/example_nested_branch_dag.py for tasks to queue
[2026-06-13T11:08:09.709+0000] {logging_mixin.py:188} INFO - [2026-06-13T11:08:09.709+0000] {dagbag.py:545} INFO - Filling up the DagBag from /home/airflow/.local/lib/python3.12/site-packages/airflow/example_dags/example_nested_branch_dag.py
[2026-06-13T11:08:09.721+0000] {processor.py:840} INFO - DAG(s) 'example_nested_branch_dag' retrieved from /home/airflow/.local/lib/python3.12/site-packages/airflow/example_dags/example_nested_branch_dag.py
[2026-06-13T11:08:09.751+0000] {logging_mixin.py:188} INFO - [2026-06-13T11:08:09.750+0000] {dag.py:3096} INFO - Sync 1 DAGs
[2026-06-13T11:08:09.777+0000] {logging_mixin.py:188} INFO - [2026-06-13T11:08:09.777+0000] {dag.py:3954} INFO - Setting next_dagrun for example_nested_branch_dag to 2026-06-12 00:00:00+00:00, run_after=2026-06-13 00:00:00+00:00
[2026-06-13T11:08:09.804+0000] {processor.py:183} INFO - Processing /home/airflow/.local/lib/python3.12/site-packages/airflow/example_dags/example_nested_branch_dag.py took 0.107 seconds
[2026-06-13T11:09:22.404+0000] {processor.py:161} INFO - Started process (PID=101) to work on /home/airflow/.local/lib/python3.12/site-packages/airflow/example_dags/example_nested_branch_dag.py
[2026-06-13T11:09:22.406+0000] {processor.py:830} INFO - Processing file /home/airflow/.local/lib/python3.12/site-packages/airflow/example_dags/example_nested_branch_dag.py for tasks to queue
[2026-06-13T11:09:22.410+0000] {logging_mixin.py:188} INFO - [2026-06-13T11:09:22.409+0000] {dagbag.py:545} INFO - Filling up the DagBag from /home/airflow/.local/lib/python3.12/site-packages/airflow/example_dags/example_nested_branch_dag.py
[2026-06-13T11:09:22.424+0000] {processor.py:840} INFO - DAG(s) 'example_nested_branch_dag' retrieved from /home/airflow/.local/lib/python3.12/site-packages/airflow/example_dags/example_nested_branch_dag.py
[2026-06-13T11:09:22.554+0000] {logging_mixin.py:188} INFO - [2026-06-13T11:09:22.554+0000] {dag.py:3096} INFO - Sync 1 DAGs
[2026-06-13T11:09:22.582+0000] {logging_mixin.py:188} INFO - [2026-06-13T11:09:22.582+0000] {dag.py:3954} INFO - Setting next_dagrun for example_nested_branch_dag to 2026-06-12 00:00:00+00:00, run_after=2026-06-13 00:00:00+00:00
[2026-06-13T11:09:22.615+0000] {processor.py:183} INFO - Processing /home/airflow/.local/lib/python3.12/site-packages/airflow/example_dags/example_nested_branch_dag.py took 0.218 seconds
[2026-06-13T11:09:53.486+0000] {processor.py:161} INFO - Started process (PID=160) to work on /home/airflow/.local/lib/python3.12/site-packages/airflow/example_dags/example_nested_branch_dag.py
[2026-06-13T11:09:53.488+0000] {processor.py:830} INFO - Processing file /home/airflow/.local/lib/python3.12/site-packages/airflow/example_dags/example_nested_branch_dag.py for tasks to queue
[2026-06-13T11:09:53.491+0000] {logging_mixin.py:188} INFO - [2026-06-13T11:09:53.491+0000] {dagbag.py:545} INFO - Filling up the DagBag from /home/airflow/.local/lib/python3.12/site-packages/airflow/example_dags/example_nested_branch_dag.py
[2026-06-13T11:09:53.502+0000] {processor.py:840} INFO - DAG(s) 'example_nested_branch_dag' retrieved from /home/airflow/.local/lib/python3.12/site-packages/airflow/example_dags/example_nested_branch_dag.py
[2026-06-13T11:09:53.531+0000] {logging_mixin.py:188} INFO - [2026-06-13T11:09:53.531+0000] {dag.py:3096} INFO - Sync 1 DAGs
[2026-06-13T11:09:53.558+0000] {logging_mixin.py:188} INFO - [2026-06-13T11:09:53.558+0000] {dag.py:3954} INFO - Setting next_dagrun for example_nested_branch_dag to 2026-06-12 00:00:00+00:00, run_after=2026-06-13 00:00:00+00:00
[2026-06-13T11:09:53.590+0000] {processor.py:183} INFO - Processing /home/airflow/.local/lib/python3.12/site-packages/airflow/example_dags/example_nested_branch_dag.py took 0.111 seconds
[2026-06-13T11:10:23.845+0000] {processor.py:161} INFO - Started process (PID=219) to work on /home/airflow/.local/lib/python3.12/site-packages/airflow/example_dags/example_nested_branch_dag.py
[2026-06-13T11:10:23.847+0000] {processor.py:830} INFO - Processing file /home/airflow/.local/lib/python3.12/site-packages/airflow/example_dags/example_nested_branch_dag.py for tasks to queue
[2026-06-13T11:10:23.849+0000] {logging_mixin.py:188} INFO - [2026-06-13T11:10:23.849+0000] {dagbag.py:545} INFO - Filling up the DagBag from /home/airflow/.local/lib/python3.12/site-packages/airflow/example_dags/example_nested_branch_dag.py
[2026-06-13T11:10:23.861+0000] {processor.py:840} INFO - DAG(s) 'example_nested_branch_dag' retrieved from /home/airflow/.local/lib/python3.12/site-packages/airflow/example_dags/example_nested_branch_dag.py
[2026-06-13T11:10:23.888+0000] {logging_mixin.py:188} INFO - [2026-06-13T11:10:23.887+0000] {dag.py:3096} INFO - Sync 1 DAGs
[2026-06-13T11:10:23.914+0000] {logging_mixin.py:188} INFO - [2026-06-13T11:10:23.914+0000] {dag.py:3954} INFO - Setting next_dagrun for example_nested_branch_dag to 2026-06-12 00:00:00+00:00, run_after=2026-06-13 00:00:00+00:00
[2026-06-13T11:10:23.942+0000] {processor.py:183} INFO - Processing /home/airflow/.local/lib/python3.12/site-packages/airflow/example_dags/example_nested_branch_dag.py took 0.103 seconds
[2026-06-13T11:10:54.430+0000] {processor.py:161} INFO - Started process (PID=278) to work on /home/airflow/.local/lib/python3.12/site-packages/airflow/example_dags/example_nested_branch_dag.py
[2026-06-13T11:10:54.432+0000] {processor.py:830} INFO - Processing file /home/airflow/.local/lib/python3.12/site-packages/airflow/example_dags/example_nested_branch_dag.py for tasks to queue
[2026-06-13T11:10:54.435+0000] {logging_mixin.py:188} INFO - [2026-06-13T11:10:54.434+0000] {dagbag.py:545} INFO - Filling up the DagBag from /home/airflow/.local/lib/python3.12/site-packages/airflow/example_dags/example_nested_branch_dag.py
[2026-06-13T11:10:54.447+0000] {processor.py:840} INFO - DAG(s) 'example_nested_branch_dag' retrieved from /home/airflow/.local/lib/python3.12/site-packages/airflow/example_dags/example_nested_branch_dag.py
[2026-06-13T11:10:54.475+0000] {logging_mixin.py:188} INFO - [2026-06-13T11:10:54.474+0000] {dag.py:3096} INFO - Sync 1 DAGs
[2026-06-13T11:10:54.501+0000] {logging_mixin.py:188} INFO - [2026-06-13T11:10:54.501+0000] {dag.py:3954} INFO - Setting next_dagrun for example_nested_branch_dag to 2026-06-12 00:00:00+00:00, run_after=2026-06-13 00:00:00+00:00
[2026-06-13T11:10:54.532+0000] {processor.py:183} INFO - Processing /home/airflow/.local/lib/python3.12/site-packages/airflow/example_dags/example_nested_branch_dag.py took 0.108 seconds
[2026-06-13T11:11:24.612+0000] {processor.py:161} INFO - Started process (PID=337) to work on /home/airflow/.local/lib/python3.12/site-packages/airflow/example_dags/example_nested_branch_dag.py
[2026-06-13T11:11:24.614+0000] {processor.py:830} INFO - Processing file /home/airflow/.local/lib/python3.12/site-packages/airflow/example_dags/example_nested_branch_dag.py for tasks to queue
[2026-06-13T11:11:24.616+0000] {logging_mixin.py:188} INFO - [2026-06-13T11:11:24.616+0000] {dagbag.py:545} INFO - Filling up the DagBag from /home/airflow/.local/lib/python3.12/site-packages/airflow/example_dags/example_nested_branch_dag.py
[2026-06-13T11:11:24.626+0000] {processor.py:840} INFO - DAG(s) 'example_nested_branch_dag' retrieved from /home/airflow/.local/lib/python3.12/site-packages/airflow/example_dags/example_nested_branch_dag.py
[2026-06-13T11:11:24.654+0000] {logging_mixin.py:188} INFO - [2026-06-13T11:11:24.653+0000] {dag.py:3096} INFO - Sync 1 DAGs
[2026-06-13T11:11:24.679+0000] {logging_mixin.py:188} INFO - [2026-06-13T11:11:24.679+0000] {dag.py:3954} INFO - Setting next_dagrun for example_nested_branch_dag to 2026-06-12 00:00:00+00:00, run_after=2026-06-13 00:00:00+00:00
[2026-06-13T11:11:24.705+0000] {processor.py:183} INFO - Processing /home/airflow/.local/lib/python3.12/site-packages/airflow/example_dags/example_nested_branch_dag.py took 0.100 seconds
[2026-06-13T11:11:54.882+0000] {processor.py:161} INFO - Started process (PID=396) to work on /home/airflow/.local/lib/python3.12/site-packages/airflow/example_dags/example_nested_branch_dag.py
[2026-06-13T11:11:54.884+0000] {processor.py:830} INFO - Processing file /home/airflow/.local/lib/python3.12/site-packages/airflow/example_dags/example_nested_branch_dag.py for tasks to queue
[2026-06-13T11:11:54.886+0000] {logging_mixin.py:188} INFO - [2026-06-13T11:11:54.886+0000] {dagbag.py:545} INFO - Filling up the DagBag from /home/airflow/.local/lib/python3.12/site-packages/airflow/example_dags/example_nested_branch_dag.py
[2026-06-13T11:11:54.897+0000] {processor.py:840} INFO - DAG(s) 'example_nested_branch_dag' retrieved from /home/airflow/.local/lib/python3.12/site-packages/airflow/example_dags/example_nested_branch_dag.py
[2026-06-13T11:11:54.926+0000] {logging_mixin.py:188} INFO - [2026-06-13T11:11:54.926+0000] {dag.py:3096} INFO - Sync 1 DAGs
[2026-06-13T11:11:54.954+0000] {logging_mixin.py:188} INFO - [2026-06-13T11:11:54.954+0000] {dag.py:3954} INFO - Setting next_dagrun for example_nested_branch_dag to 2026-06-12 00:00:00+00:00, run_after=2026-06-13 00:00:00+00:00
[2026-06-13T11:11:54.986+0000] {processor.py:183} INFO - Processing /home/airflow/.local/lib/python3.12/site-packages/airflow/example_dags/example_nested_branch_dag.py took 0.110 seconds
[2026-06-13T11:12:25.214+0000] {processor.py:161} INFO - Started process (PID=455) to work on /home/airflow/.local/lib/python3.12/site-packages/airflow/example_dags/example_nested_branch_dag.py
[2026-06-13T11:12:25.216+0000] {processor.py:830} INFO - Processing file /home/airflow/.local/lib/python3.12/site-packages/airflow/example_dags/example_nested_branch_dag.py for tasks to queue
[2026-06-13T11:12:25.220+0000] {logging_mixin.py:188} INFO - [2026-06-13T11:12:25.219+0000] {dagbag.py:545} INFO - Filling up the DagBag from /home/airflow/.local/lib/python3.12/site-packages/airflow/example_dags/example_nested_branch_dag.py
[2026-06-13T11:12:25.233+0000] {processor.py:840} INFO - DAG(s) 'example_nested_branch_dag' retrieved from /home/airflow/.local/lib/python3.12/site-packages/airflow/example_dags/example_nested_branch_dag.py
[2026-06-13T11:12:25.265+0000] {logging_mixin.py:188} INFO - [2026-06-13T11:12:25.264+0000] {dag.py:3096} INFO - Sync 1 DAGs
[2026-06-13T11:12:25.295+0000] {logging_mixin.py:188} INFO - [2026-06-13T11:12:25.295+0000] {dag.py:3954} INFO - Setting next_dagrun for example_nested_branch_dag to 2026-06-12 00:00:00+00:00, run_after=2026-06-13 00:00:00+00:00
[2026-06-13T11:12:25.326+0000] {processor.py:183} INFO - Processing /home/airflow/.local/lib/python3.12/site-packages/airflow/example_dags/example_nested_branch_dag.py took 0.118 seconds
[2026-06-13T11:12:55.549+0000] {processor.py:161} INFO - Started process (PID=514) to work on /home/airflow/.local/lib/python3.12/site-packages/airflow/example_dags/example_nested_branch_dag.py
[2026-06-13T11:12:55.551+0000] {processor.py:830} INFO - Processing file /home/airflow/.local/lib/python3.12/site-packages/airflow/example_dags/example_nested_branch_dag.py for tasks to queue
[2026-06-13T11:12:55.554+0000] {logging_mixin.py:188} INFO - [2026-06-13T11:12:55.554+0000] {dagbag.py:545} INFO - Filling up the DagBag from /home/airflow/.local/lib/python3.12/site-packages/airflow/example_dags/example_nested_branch_dag.py
[2026-06-13T11:12:55.566+0000] {processor.py:840} INFO - DAG(s) 'example_nested_branch_dag' retrieved from /home/airflow/.local/lib/python3.12/site-packages/airflow/example_dags/example_nested_branch_dag.py
[2026-06-13T11:12:55.594+0000] {logging_mixin.py:188} INFO - [2026-06-13T11:12:55.594+0000] {dag.py:3096} INFO - Sync 1 DAGs
[2026-06-13T11:12:55.621+0000] {logging_mixin.py:188} INFO - [2026-06-13T11:12:55.621+0000] {dag.py:3954} INFO - Setting next_dagrun for example_nested_branch_dag to 2026-06-12 00:00:00+00:00, run_after=2026-06-13 00:00:00+00:00
[2026-06-13T11:12:55.647+0000] {processor.py:183} INFO - Processing /home/airflow/.local/lib/python3.12/site-packages/airflow/example_dags/example_nested_branch_dag.py took 0.105 seconds
[2026-06-13T11:13:25.714+0000] {processor.py:161} INFO - Started process (PID=573) to work on /home/airflow/.local/lib/python3.12/site-packages/airflow/example_dags/example_nested_branch_dag.py
[2026-06-13T11:13:25.716+0000] {processor.py:830} INFO - Processing file /home/airflow/.local/lib/python3.12/site-packages/airflow/example_dags/example_nested_branch_dag.py for tasks to queue
[2026-06-13T11:13:25.718+0000] {logging_mixin.py:188} INFO - [2026-06-13T11:13:25.718+0000] {dagbag.py:545} INFO - Filling up the DagBag from /home/airflow/.local/lib/python3.12/site-packages/airflow/example_dags/example_nested_branch_dag.py
[2026-06-13T11:13:25.729+0000] {processor.py:840} INFO - DAG(s) 'example_nested_branch_dag' retrieved from /home/airflow/.local/lib/python3.12/site-packages/airflow/example_dags/example_nested_branch_dag.py
[2026-06-13T11:13:25.757+0000] {logging_mixin.py:188} INFO - [2026-06-13T11:13:25.757+0000] {dag.py:3096} INFO - Sync 1 DAGs
[2026-06-13T11:13:25.784+0000] {logging_mixin.py:188} INFO - [2026-06-13T11:13:25.784+0000] {dag.py:3954} INFO - Setting next_dagrun for example_nested_branch_dag to 2026-06-12 00:00:00+00:00, run_after=2026-06-13 00:00:00+00:00
[2026-06-13T11:13:25.811+0000] {processor.py:183} INFO - Processing /home/airflow/.local/lib/python3.12/site-packages/airflow/example_dags/example_nested_branch_dag.py took 0.103 seconds
[2026-06-13T11:13:56.484+0000] {processor.py:161} INFO - Started process (PID=632) to work on /home/airflow/.local/lib/python3.12/site-packages/airflow/example_dags/example_nested_branch_dag.py
[2026-06-13T11:13:56.485+0000] {processor.py:830} INFO - Processing file /home/airflow/.local/lib/python3.12/site-packages/airflow/example_dags/example_nested_branch_dag.py for tasks to queue
[2026-06-13T11:13:56.488+0000] {logging_mixin.py:188} INFO - [2026-06-13T11:13:56.488+0000] {dagbag.py:545} INFO - Filling up the DagBag from /home/airflow/.local/lib/python3.12/site-packages/airflow/example_dags/example_nested_branch_dag.py
[2026-06-13T11:13:56.500+0000] {processor.py:840} INFO - DAG(s) 'example_nested_branch_dag' retrieved from /home/airflow/.local/lib/python3.12/site-packages/airflow/example_dags/example_nested_branch_dag.py
[2026-06-13T11:13:56.527+0000] {logging_mixin.py:188} INFO - [2026-06-13T11:13:56.527+0000] {dag.py:3096} INFO - Sync 1 DAGs
[2026-06-13T11:13:56.553+0000] {logging_mixin.py:188} INFO - [2026-06-13T11:13:56.553+0000] {dag.py:3954} INFO - Setting next_dagrun for example_nested_branch_dag to 2026-06-12 00:00:00+00:00, run_after=2026-06-13 00:00:00+00:00
[2026-06-13T11:13:56.579+0000] {processor.py:183} INFO - Processing /home/airflow/.local/lib/python3.12/site-packages/airflow/example_dags/example_nested_branch_dag.py took 0.102 seconds
[2026-06-13T11:14:27.093+0000] {processor.py:161} INFO - Started process (PID=691) to work on /home/airflow/.local/lib/python3.12/site-packages/airflow/example_dags/example_nested_branch_dag.py
[2026-06-13T11:14:27.094+0000] {processor.py:830} INFO - Processing file /home/airflow/.local/lib/python3.12/site-packages/airflow/example_dags/example_nested_branch_dag.py for tasks to queue
[2026-06-13T11:14:27.096+0000] {logging_mixin.py:188} INFO - [2026-06-13T11:14:27.096+0000] {dagbag.py:545} INFO - Filling up the DagBag from /home/airflow/.local/lib/python3.12/site-packages/airflow/example_dags/example_nested_branch_dag.py
[2026-06-13T11:14:27.108+0000] {processor.py:840} INFO - DAG(s) 'example_nested_branch_dag' retrieved from /home/airflow/.local/lib/python3.12/site-packages/airflow/example_dags/example_nested_branch_dag.py
[2026-06-13T11:14:27.138+0000] {logging_mixin.py:188} INFO - [2026-06-13T11:14:27.137+0000] {dag.py:3096} INFO - Sync 1 DAGs
[2026-06-13T11:14:27.165+0000] {logging_mixin.py:188} INFO - [2026-06-13T11:14:27.165+0000] {dag.py:3954} INFO - Setting next_dagrun for example_nested_branch_dag to 2026-06-12 00:00:00+00:00, run_after=2026-06-13 00:00:00+00:00
[2026-06-13T11:14:27.194+0000] {processor.py:183} INFO - Processing /home/airflow/.local/lib/python3.12/site-packages/airflow/example_dags/example_nested_branch_dag.py took 0.107 seconds
[2026-06-13T11:14:57.444+0000] {processor.py:161} INFO - Started process (PID=750) to work on /home/airflow/.local/lib/python3.12/site-packages/airflow/example_dags/example_nested_branch_dag.py
[2026-06-13T11:14:57.446+0000] {processor.py:830} INFO - Processing file /home/airflow/.local/lib/python3.12/site-packages/airflow/example_dags/example_nested_branch_dag.py for tasks to queue
[2026-06-13T11:14:57.449+0000] {logging_mixin.py:188} INFO - [2026-06-13T11:14:57.449+0000] {dagbag.py:545} INFO - Filling up the DagBag from /home/airflow/.local/lib/python3.12/site-packages/airflow/example_dags/example_nested_branch_dag.py
[2026-06-13T11:14:57.462+0000] {processor.py:840} INFO - DAG(s) 'example_nested_branch_dag' retrieved from /home/airflow/.local/lib/python3.12/site-packages/airflow/example_dags/example_nested_branch_dag.py
[2026-06-13T11:14:57.492+0000] {logging_mixin.py:188} INFO - [2026-06-13T11:14:57.492+0000] {dag.py:3096} INFO - Sync 1 DAGs
[2026-06-13T11:14:57.519+0000] {logging_mixin.py:188} INFO - [2026-06-13T11:14:57.519+0000] {dag.py:3954} INFO - Setting next_dagrun for example_nested_branch_dag to 2026-06-12 00:00:00+00:00, run_after=2026-06-13 00:00:00+00:00
[2026-06-13T11:14:57.548+0000] {processor.py:183} INFO - Processing /home/airflow/.local/lib/python3.12/site-packages/airflow/example_dags/example_nested_branch_dag.py took 0.112 seconds
[2026-06-13T11:15:28.038+0000] {processor.py:161} INFO - Started process (PID=809) to work on /home/airflow/.local/lib/python3.12/site-packages/airflow/example_dags/example_nested_branch_dag.py
[2026-06-13T11:15:28.040+0000] {processor.py:830} INFO - Processing file /home/airflow/.local/lib/python3.12/site-packages/airflow/example_dags/example_nested_branch_dag.py for tasks to queue
[2026-06-13T11:15:28.043+0000] {logging_mixin.py:188} INFO - [2026-06-13T11:15:28.042+0000] {dagbag.py:545} INFO - Filling up the DagBag from /home/airflow/.local/lib/python3.12/site-packages/airflow/example_dags/example_nested_branch_dag.py
[2026-06-13T11:15:28.057+0000] {processor.py:840} INFO - DAG(s) 'example_nested_branch_dag' retrieved from /home/airflow/.local/lib/python3.12/site-packages/airflow/example_dags/example_nested_branch_dag.py
[2026-06-13T11:15:28.088+0000] {logging_mixin.py:188} INFO - [2026-06-13T11:15:28.087+0000] {dag.py:3096} INFO - Sync 1 DAGs
[2026-06-13T11:15:28.117+0000] {logging_mixin.py:188} INFO - [2026-06-13T11:15:28.116+0000] {dag.py:3954} INFO - Setting next_dagrun for example_nested_branch_dag to 2026-06-12 00:00:00+00:00, run_after=2026-06-13 00:00:00+00:00
[2026-06-13T11:15:28.148+0000] {processor.py:183} INFO - Processing /home/airflow/.local/lib/python3.12/site-packages/airflow/example_dags/example_nested_branch_dag.py took 0.117 seconds
[2026-06-13T11:15:58.348+0000] {processor.py:161} INFO - Started process (PID=869) to work on /home/airflow/.local/lib/python3.12/site-packages/airflow/example_dags/example_nested_branch_dag.py
[2026-06-13T11:15:58.350+0000] {processor.py:830} INFO - Processing file /home/airflow/.local/lib/python3.12/site-packages/airflow/example_dags/example_nested_branch_dag.py for tasks to queue
[2026-06-13T11:15:58.352+0000] {logging_mixin.py:188} INFO - [2026-06-13T11:15:58.352+0000] {dagbag.py:545} INFO - Filling up the DagBag from /home/airflow/.local/lib/python3.12/site-packages/airflow/example_dags/example_nested_branch_dag.py
[2026-06-13T11:15:58.363+0000] {processor.py:840} INFO - DAG(s) 'example_nested_branch_dag' retrieved from /home/airflow/.local/lib/python3.12/site-packages/airflow/example_dags/example_nested_branch_dag.py
[2026-06-13T11:15:58.391+0000] {logging_mixin.py:188} INFO - [2026-06-13T11:15:58.391+0000] {dag.py:3096} INFO - Sync 1 DAGs
[2026-06-13T11:15:58.418+0000] {logging_mixin.py:188} INFO - [2026-06-13T11:15:58.418+0000] {dag.py:3954} INFO - Setting next_dagrun for example_nested_branch_dag to 2026-06-12 00:00:00+00:00, run_after=2026-06-13 00:00:00+00:00
[2026-06-13T11:15:58.449+0000] {processor.py:183} INFO - Processing /home/airflow/.local/lib/python3.12/site-packages/airflow/example_dags/example_nested_branch_dag.py took 0.106 seconds
[2026-06-13T11:16:28.560+0000] {processor.py:161} INFO - Started process (PID=928) to work on /home/airflow/.local/lib/python3.12/site-packages/airflow/example_dags/example_nested_branch_dag.py
[2026-06-13T11:16:28.562+0000] {processor.py:830} INFO - Processing file /home/airflow/.local/lib/python3.12/site-packages/airflow/example_dags/example_nested_branch_dag.py for tasks to queue
[2026-06-13T11:16:28.565+0000] {logging_mixin.py:188} INFO - [2026-06-13T11:16:28.564+0000] {dagbag.py:545} INFO - Filling up the DagBag from /home/airflow/.local/lib/python3.12/site-packages/airflow/example_dags/example_nested_branch_dag.py
[2026-06-13T11:16:28.576+0000] {processor.py:840} INFO - DAG(s) 'example_nested_branch_dag' retrieved from /home/airflow/.local/lib/python3.12/site-packages/airflow/example_dags/example_nested_branch_dag.py
[2026-06-13T11:16:28.603+0000] {logging_mixin.py:188} INFO - [2026-06-13T11:16:28.602+0000] {dag.py:3096} INFO - Sync 1 DAGs
[2026-06-13T11:16:28.628+0000] {logging_mixin.py:188} INFO - [2026-06-13T11:16:28.628+0000] {dag.py:3954} INFO - Setting next_dagrun for example_nested_branch_dag to 2026-06-12 00:00:00+00:00, run_after=2026-06-13 00:00:00+00:00
[2026-06-13T11:16:28.655+0000] {processor.py:183} INFO - Processing /home/airflow/.local/lib/python3.12/site-packages/airflow/example_dags/example_nested_branch_dag.py took 0.101 seconds
[2026-06-13T11:16:58.904+0000] {processor.py:161} INFO - Started process (PID=987) to work on /home/airflow/.local/lib/python3.12/site-packages/airflow/example_dags/example_nested_branch_dag.py
[2026-06-13T11:16:58.907+0000] {processor.py:830} INFO - Processing file /home/airflow/.local/lib/python3.12/site-packages/airflow/example_dags/example_nested_branch_dag.py for tasks to queue
[2026-06-13T11:16:58.911+0000] {logging_mixin.py:188} INFO - [2026-06-13T11:16:58.910+0000] {dagbag.py:545} INFO - Filling up the DagBag from /home/airflow/.local/lib/python3.12/site-packages/airflow/example_dags/example_nested_branch_dag.py
[2026-06-13T11:16:58.927+0000] {processor.py:840} INFO - DAG(s) 'example_nested_branch_dag' retrieved from /home/airflow/.local/lib/python3.12/site-packages/airflow/example_dags/example_nested_branch_dag.py
[2026-06-13T11:16:58.959+0000] {logging_mixin.py:188} INFO - [2026-06-13T11:16:58.959+0000] {dag.py:3096} INFO - Sync 1 DAGs
[2026-06-13T11:16:58.991+0000] {logging_mixin.py:188} INFO - [2026-06-13T11:16:58.991+0000] {dag.py:3954} INFO - Setting next_dagrun for example_nested_branch_dag to 2026-06-12 00:00:00+00:00, run_after=2026-06-13 00:00:00+00:00
[2026-06-13T11:16:59.027+0000] {processor.py:183} INFO - Processing /home/airflow/.local/lib/python3.12/site-packages/airflow/example_dags/example_nested_branch_dag.py took 0.132 seconds
[2026-06-13T11:17:29.086+0000] {processor.py:161} INFO - Started process (PID=1046) to work on /home/airflow/.local/lib/python3.12/site-packages/airflow/example_dags/example_nested_branch_dag.py
[2026-06-13T11:17:29.087+0000] {processor.py:830} INFO - Processing file /home/airflow/.local/lib/python3.12/site-packages/airflow/example_dags/example_nested_branch_dag.py for tasks to queue
[2026-06-13T11:17:29.090+0000] {logging_mixin.py:188} INFO - [2026-06-13T11:17:29.090+0000] {dagbag.py:545} INFO - Filling up the DagBag from /home/airflow/.local/lib/python3.12/site-packages/airflow/example_dags/example_nested_branch_dag.py
[2026-06-13T11:17:29.100+0000] {processor.py:840} INFO - DAG(s) 'example_nested_branch_dag' retrieved from /home/airflow/.local/lib/python3.12/site-packages/airflow/example_dags/example_nested_branch_dag.py
[2026-06-13T11:17:29.127+0000] {logging_mixin.py:188} INFO - [2026-06-13T11:17:29.127+0000] {dag.py:3096} INFO - Sync 1 DAGs
[2026-06-13T11:17:29.150+0000] {logging_mixin.py:188} INFO - [2026-06-13T11:17:29.150+0000] {dag.py:3954} INFO - Setting next_dagrun for example_nested_branch_dag to 2026-06-12 00:00:00+00:00, run_after=2026-06-13 00:00:00+00:00
[2026-06-13T11:17:29.174+0000] {processor.py:183} INFO - Processing /home/airflow/.local/lib/python3.12/site-packages/airflow/example_dags/example_nested_branch_dag.py took 0.094 seconds
[2026-06-13T11:17:59.542+0000] {processor.py:161} INFO - Started process (PID=1105) to work on /home/airflow/.local/lib/python3.12/site-packages/airflow/example_dags/example_nested_branch_dag.py
[2026-06-13T11:17:59.544+0000] {processor.py:830} INFO - Processing file /home/airflow/.local/lib/python3.12/site-packages/airflow/example_dags/example_nested_branch_dag.py for tasks to queue
[2026-06-13T11:17:59.547+0000] {logging_mixin.py:188} INFO - [2026-06-13T11:17:59.547+0000] {dagbag.py:545} INFO - Filling up the DagBag from /home/airflow/.local/lib/python3.12/site-packages/airflow/example_dags/example_nested_branch_dag.py
[2026-06-13T11:17:59.558+0000] {processor.py:840} INFO - DAG(s) 'example_nested_branch_dag' retrieved from /home/airflow/.local/lib/python3.12/site-packages/airflow/example_dags/example_nested_branch_dag.py
[2026-06-13T11:17:59.585+0000] {logging_mixin.py:188} INFO - [2026-06-13T11:17:59.585+0000] {dag.py:3096} INFO - Sync 1 DAGs
[2026-06-13T11:17:59.612+0000] {logging_mixin.py:188} INFO - [2026-06-13T11:17:59.611+0000] {dag.py:3954} INFO - Setting next_dagrun for example_nested_branch_dag to 2026-06-12 00:00:00+00:00, run_after=2026-06-13 00:00:00+00:00
[2026-06-13T11:17:59.639+0000] {processor.py:183} INFO - Processing /home/airflow/.local/lib/python3.12/site-packages/airflow/example_dags/example_nested_branch_dag.py took 0.103 seconds
[2026-06-13T11:18:30.503+0000] {processor.py:161} INFO - Started process (PID=1164) to work on /home/airflow/.local/lib/python3.12/site-packages/airflow/example_dags/example_nested_branch_dag.py
[2026-06-13T11:18:30.504+0000] {processor.py:830} INFO - Processing file /home/airflow/.local/lib/python3.12/site-packages/airflow/example_dags/example_nested_branch_dag.py for tasks to queue
[2026-06-13T11:18:30.507+0000] {logging_mixin.py:188} INFO - [2026-06-13T11:18:30.507+0000] {dagbag.py:545} INFO - Filling up the DagBag from /home/airflow/.local/lib/python3.12/site-packages/airflow/example_dags/example_nested_branch_dag.py
[2026-06-13T11:18:30.518+0000] {processor.py:840} INFO - DAG(s) 'example_nested_branch_dag' retrieved from /home/airflow/.local/lib/python3.12/site-packages/airflow/example_dags/example_nested_branch_dag.py
[2026-06-13T11:18:30.546+0000] {logging_mixin.py:188} INFO - [2026-06-13T11:18:30.545+0000] {dag.py:3096} INFO - Sync 1 DAGs
[2026-06-13T11:18:30.572+0000] {logging_mixin.py:188} INFO - [2026-06-13T11:18:30.572+0000] {dag.py:3954} INFO - Setting next_dagrun for example_nested_branch_dag to 2026-06-12 00:00:00+00:00, run_after=2026-06-13 00:00:00+00:00
[2026-06-13T11:18:30.600+0000] {processor.py:183} INFO - Processing /home/airflow/.local/lib/python3.12/site-packages/airflow/example_dags/example_nested_branch_dag.py took 0.104 seconds
[2026-06-13T11:48:56.223+0000] {processor.py:161} INFO - Started process (PID=1223) to work on /home/airflow/.local/lib/python3.12/site-packages/airflow/example_dags/example_nested_branch_dag.py
[2026-06-13T11:48:56.225+0000] {processor.py:830} INFO - Processing file /home/airflow/.local/lib/python3.12/site-packages/airflow/example_dags/example_nested_branch_dag.py for tasks to queue
[2026-06-13T11:48:56.230+0000] {logging_mixin.py:188} INFO - [2026-06-13T11:48:56.229+0000] {dagbag.py:545} INFO - Filling up the DagBag from /home/airflow/.local/lib/python3.12/site-packages/airflow/example_dags/example_nested_branch_dag.py
[2026-06-13T11:48:56.254+0000] {processor.py:840} INFO - DAG(s) 'example_nested_branch_dag' retrieved from /home/airflow/.local/lib/python3.12/site-packages/airflow/example_dags/example_nested_branch_dag.py
[2026-06-13T11:48:56.310+0000] {logging_mixin.py:188} INFO - [2026-06-13T11:48:56.309+0000] {dag.py:3096} INFO - Sync 1 DAGs
[2026-06-13T11:48:56.358+0000] {logging_mixin.py:188} INFO - [2026-06-13T11:48:56.358+0000] {dag.py:3954} INFO - Setting next_dagrun for example_nested_branch_dag to 2026-06-12 00:00:00+00:00, run_after=2026-06-13 00:00:00+00:00
[2026-06-13T11:48:56.405+0000] {processor.py:183} INFO - Processing /home/airflow/.local/lib/python3.12/site-packages/airflow/example_dags/example_nested_branch_dag.py took 0.196 seconds
[2026-06-13T11:49:26.632+0000] {processor.py:161} INFO - Started process (PID=1282) to work on /home/airflow/.local/lib/python3.12/site-packages/airflow/example_dags/example_nested_branch_dag.py
[2026-06-13T11:49:26.634+0000] {processor.py:830} INFO - Processing file /home/airflow/.local/lib/python3.12/site-packages/airflow/example_dags/example_nested_branch_dag.py for tasks to queue
[2026-06-13T11:49:26.640+0000] {logging_mixin.py:188} INFO - [2026-06-13T11:49:26.639+0000] {dagbag.py:545} INFO - Filling up the DagBag from /home/airflow/.local/lib/python3.12/site-packages/airflow/example_dags/example_nested_branch_dag.py
[2026-06-13T11:49:26.666+0000] {processor.py:840} INFO - DAG(s) 'example_nested_branch_dag' retrieved from /home/airflow/.local/lib/python3.12/site-packages/airflow/example_dags/example_nested_branch_dag.py
[2026-06-13T11:49:26.732+0000] {logging_mixin.py:188} INFO - [2026-06-13T11:49:26.732+0000] {dag.py:3096} INFO - Sync 1 DAGs
[2026-06-13T11:49:26.791+0000] {logging_mixin.py:188} INFO - [2026-06-13T11:49:26.791+0000] {dag.py:3954} INFO - Setting next_dagrun for example_nested_branch_dag to 2026-06-12 00:00:00+00:00, run_after=2026-06-13 00:00:00+00:00
[2026-06-13T11:49:26.835+0000] {processor.py:183} INFO - Processing /home/airflow/.local/lib/python3.12/site-packages/airflow/example_dags/example_nested_branch_dag.py took 0.216 seconds
[2026-06-13T11:49:57.737+0000] {processor.py:161} INFO - Started process (PID=1341) to work on /home/airflow/.local/lib/python3.12/site-packages/airflow/example_dags/example_nested_branch_dag.py
[2026-06-13T11:49:57.738+0000] {processor.py:830} INFO - Processing file /home/airflow/.local/lib/python3.12/site-packages/airflow/example_dags/example_nested_branch_dag.py for tasks to queue
[2026-06-13T11:49:57.740+0000] {logging_mixin.py:188} INFO - [2026-06-13T11:49:57.740+0000] {dagbag.py:545} INFO - Filling up the DagBag from /home/airflow/.local/lib/python3.12/site-packages/airflow/example_dags/example_nested_branch_dag.py
[2026-06-13T11:49:57.752+0000] {processor.py:840} INFO - DAG(s) 'example_nested_branch_dag' retrieved from /home/airflow/.local/lib/python3.12/site-packages/airflow/example_dags/example_nested_branch_dag.py
[2026-06-13T11:49:57.778+0000] {logging_mixin.py:188} INFO - [2026-06-13T11:49:57.778+0000] {dag.py:3096} INFO - Sync 1 DAGs
[2026-06-13T11:49:57.805+0000] {logging_mixin.py:188} INFO - [2026-06-13T11:49:57.805+0000] {dag.py:3954} INFO - Setting next_dagrun for example_nested_branch_dag to 2026-06-12 00:00:00+00:00, run_after=2026-06-13 00:00:00+00:00
[2026-06-13T11:49:57.835+0000] {processor.py:183} INFO - Processing /home/airflow/.local/lib/python3.12/site-packages/airflow/example_dags/example_nested_branch_dag.py took 0.105 seconds
[2026-06-13T11:50:28.404+0000] {processor.py:161} INFO - Started process (PID=1400) to work on /home/airflow/.local/lib/python3.12/site-packages/airflow/example_dags/example_nested_branch_dag.py
[2026-06-13T11:50:28.406+0000] {processor.py:830} INFO - Processing file /home/airflow/.local/lib/python3.12/site-packages/airflow/example_dags/example_nested_branch_dag.py for tasks to queue
[2026-06-13T11:50:28.408+0000] {logging_mixin.py:188} INFO - [2026-06-13T11:50:28.408+0000] {dagbag.py:545} INFO - Filling up the DagBag from /home/airflow/.local/lib/python3.12/site-packages/airflow/example_dags/example_nested_branch_dag.py
[2026-06-13T11:50:28.419+0000] {processor.py:840} INFO - DAG(s) 'example_nested_branch_dag' retrieved from /home/airflow/.local/lib/python3.12/site-packages/airflow/example_dags/example_nested_branch_dag.py
[2026-06-13T11:50:28.446+0000] {logging_mixin.py:188} INFO - [2026-06-13T11:50:28.445+0000] {dag.py:3096} INFO - Sync 1 DAGs
[2026-06-13T11:50:28.470+0000] {logging_mixin.py:188} INFO - [2026-06-13T11:50:28.470+0000] {dag.py:3954} INFO - Setting next_dagrun for example_nested_branch_dag to 2026-06-12 00:00:00+00:00, run_after=2026-06-13 00:00:00+00:00
[2026-06-13T11:50:28.497+0000] {processor.py:183} INFO - Processing /home/airflow/.local/lib/python3.12/site-packages/airflow/example_dags/example_nested_branch_dag.py took 0.099 seconds
[2026-06-13T11:50:59.112+0000] {processor.py:161} INFO - Started process (PID=1459) to work on /home/airflow/.local/lib/python3.12/site-packages/airflow/example_dags/example_nested_branch_dag.py
[2026-06-13T11:50:59.113+0000] {processor.py:830} INFO - Processing file /home/airflow/.local/lib/python3.12/site-packages/airflow/example_dags/example_nested_branch_dag.py for tasks to queue
[2026-06-13T11:50:59.116+0000] {logging_mixin.py:188} INFO - [2026-06-13T11:50:59.116+0000] {dagbag.py:545} INFO - Filling up the DagBag from /home/airflow/.local/lib/python3.12/site-packages/airflow/example_dags/example_nested_branch_dag.py
[2026-06-13T11:50:59.126+0000] {processor.py:840} INFO - DAG(s) 'example_nested_branch_dag' retrieved from /home/airflow/.local/lib/python3.12/site-packages/airflow/example_dags/example_nested_branch_dag.py
[2026-06-13T11:50:59.155+0000] {logging_mixin.py:188} INFO - [2026-06-13T11:50:59.154+0000] {dag.py:3096} INFO - Sync 1 DAGs
[2026-06-13T11:50:59.180+0000] {logging_mixin.py:188} INFO - [2026-06-13T11:50:59.180+0000] {dag.py:3954} INFO - Setting next_dagrun for example_nested_branch_dag to 2026-06-12 00:00:00+00:00, run_after=2026-06-13 00:00:00+00:00
[2026-06-13T11:50:59.209+0000] {processor.py:183} INFO - Processing /home/airflow/.local/lib/python3.12/site-packages/airflow/example_dags/example_nested_branch_dag.py took 0.103 seconds
[2026-06-13T11:51:29.575+0000] {processor.py:161} INFO - Started process (PID=1518) to work on /home/airflow/.local/lib/python3.12/site-packages/airflow/example_dags/example_nested_branch_dag.py
[2026-06-13T11:51:29.577+0000] {processor.py:830} INFO - Processing file /home/airflow/.local/lib/python3.12/site-packages/airflow/example_dags/example_nested_branch_dag.py for tasks to queue
[2026-06-13T11:51:29.579+0000] {logging_mixin.py:188} INFO - [2026-06-13T11:51:29.579+0000] {dagbag.py:545} INFO - Filling up the DagBag from /home/airflow/.local/lib/python3.12/site-packages/airflow/example_dags/example_nested_branch_dag.py
[2026-06-13T11:51:29.590+0000] {processor.py:840} INFO - DAG(s) 'example_nested_branch_dag' retrieved from /home/airflow/.local/lib/python3.12/site-packages/airflow/example_dags/example_nested_branch_dag.py
[2026-06-13T11:51:29.616+0000] {logging_mixin.py:188} INFO - [2026-06-13T11:51:29.615+0000] {dag.py:3096} INFO - Sync 1 DAGs
[2026-06-13T11:51:29.640+0000] {logging_mixin.py:188} INFO - [2026-06-13T11:51:29.639+0000] {dag.py:3954} INFO - Setting next_dagrun for example_nested_branch_dag to 2026-06-12 00:00:00+00:00, run_after=2026-06-13 00:00:00+00:00
[2026-06-13T11:51:29.665+0000] {processor.py:183} INFO - Processing /home/airflow/.local/lib/python3.12/site-packages/airflow/example_dags/example_nested_branch_dag.py took 0.096 seconds
[2026-06-13T11:52:00.558+0000] {processor.py:161} INFO - Started process (PID=1577) to work on /home/airflow/.local/lib/python3.12/site-packages/airflow/example_dags/example_nested_branch_dag.py
[2026-06-13T11:52:00.560+0000] {processor.py:830} INFO - Processing file /home/airflow/.local/lib/python3.12/site-packages/airflow/example_dags/example_nested_branch_dag.py for tasks to queue
[2026-06-13T11:52:00.563+0000] {logging_mixin.py:188} INFO - [2026-06-13T11:52:00.563+0000] {dagbag.py:545} INFO - Filling up the DagBag from /home/airflow/.local/lib/python3.12/site-packages/airflow/example_dags/example_nested_branch_dag.py
[2026-06-13T11:52:00.574+0000] {processor.py:840} INFO - DAG(s) 'example_nested_branch_dag' retrieved from /home/airflow/.local/lib/python3.12/site-packages/airflow/example_dags/example_nested_branch_dag.py
[2026-06-13T11:52:00.602+0000] {logging_mixin.py:188} INFO - [2026-06-13T11:52:00.601+0000] {dag.py:3096} INFO - Sync 1 DAGs
[2026-06-13T11:52:00.627+0000] {logging_mixin.py:188} INFO - [2026-06-13T11:52:00.627+0000] {dag.py:3954} INFO - Setting next_dagrun for example_nested_branch_dag to 2026-06-12 00:00:00+00:00, run_after=2026-06-13 00:00:00+00:00
[2026-06-13T11:52:00.653+0000] {processor.py:183} INFO - Processing /home/airflow/.local/lib/python3.12/site-packages/airflow/example_dags/example_nested_branch_dag.py took 0.100 seconds
[2026-06-13T11:52:31.012+0000] {processor.py:161} INFO - Started process (PID=1636) to work on /home/airflow/.local/lib/python3.12/site-packages/airflow/example_dags/example_nested_branch_dag.py
[2026-06-13T11:52:31.014+0000] {processor.py:830} INFO - Processing file /home/airflow/.local/lib/python3.12/site-packages/airflow/example_dags/example_nested_branch_dag.py for tasks to queue
[2026-06-13T11:52:31.017+0000] {logging_mixin.py:188} INFO - [2026-06-13T11:52:31.016+0000] {dagbag.py:545} INFO - Filling up the DagBag from /home/airflow/.local/lib/python3.12/site-packages/airflow/example_dags/example_nested_branch_dag.py
[2026-06-13T11:52:31.028+0000] {processor.py:840} INFO - DAG(s) 'example_nested_branch_dag' retrieved from /home/airflow/.local/lib/python3.12/site-packages/airflow/example_dags/example_nested_branch_dag.py
[2026-06-13T11:52:31.056+0000] {logging_mixin.py:188} INFO - [2026-06-13T11:52:31.056+0000] {dag.py:3096} INFO - Sync 1 DAGs
[2026-06-13T11:52:31.081+0000] {logging_mixin.py:188} INFO - [2026-06-13T11:52:31.081+0000] {dag.py:3954} INFO - Setting next_dagrun for example_nested_branch_dag to 2026-06-12 00:00:00+00:00, run_after=2026-06-13 00:00:00+00:00
[2026-06-13T11:52:31.109+0000] {processor.py:183} INFO - Processing /home/airflow/.local/lib/python3.12/site-packages/airflow/example_dags/example_nested_branch_dag.py took 0.104 seconds
[2026-06-13T11:53:01.582+0000] {processor.py:161} INFO - Started process (PID=1695) to work on /home/airflow/.local/lib/python3.12/site-packages/airflow/example_dags/example_nested_branch_dag.py
[2026-06-13T11:53:01.583+0000] {processor.py:830} INFO - Processing file /home/airflow/.local/lib/python3.12/site-packages/airflow/example_dags/example_nested_branch_dag.py for tasks to queue
[2026-06-13T11:53:01.587+0000] {logging_mixin.py:188} INFO - [2026-06-13T11:53:01.586+0000] {dagbag.py:545} INFO - Filling up the DagBag from /home/airflow/.local/lib/python3.12/site-packages/airflow/example_dags/example_nested_branch_dag.py
[2026-06-13T11:53:01.597+0000] {processor.py:840} INFO - DAG(s) 'example_nested_branch_dag' retrieved from /home/airflow/.local/lib/python3.12/site-packages/airflow/example_dags/example_nested_branch_dag.py
[2026-06-13T11:53:01.625+0000] {logging_mixin.py:188} INFO - [2026-06-13T11:53:01.625+0000] {dag.py:3096} INFO - Sync 1 DAGs
[2026-06-13T11:53:01.653+0000] {logging_mixin.py:188} INFO - [2026-06-13T11:53:01.653+0000] {dag.py:3954} INFO - Setting next_dagrun for example_nested_branch_dag to 2026-06-12 00:00:00+00:00, run_after=2026-06-13 00:00:00+00:00
[2026-06-13T11:53:01.839+0000] {processor.py:183} INFO - Processing /home/airflow/.local/lib/python3.12/site-packages/airflow/example_dags/example_nested_branch_dag.py took 0.264 seconds
[2026-06-13T11:53:31.933+0000] {processor.py:161} INFO - Started process (PID=1754) to work on /home/airflow/.local/lib/python3.12/site-packages/airflow/example_dags/example_nested_branch_dag.py
[2026-06-13T11:53:31.935+0000] {processor.py:830} INFO - Processing file /home/airflow/.local/lib/python3.12/site-packages/airflow/example_dags/example_nested_branch_dag.py for tasks to queue
[2026-06-13T11:53:31.938+0000] {logging_mixin.py:188} INFO - [2026-06-13T11:53:31.937+0000] {dagbag.py:545} INFO - Filling up the DagBag from /home/airflow/.local/lib/python3.12/site-packages/airflow/example_dags/example_nested_branch_dag.py
[2026-06-13T11:53:31.948+0000] {processor.py:840} INFO - DAG(s) 'example_nested_branch_dag' retrieved from /home/airflow/.local/lib/python3.12/site-packages/airflow/example_dags/example_nested_branch_dag.py
[2026-06-13T11:53:31.977+0000] {logging_mixin.py:188} INFO - [2026-06-13T11:53:31.976+0000] {dag.py:3096} INFO - Sync 1 DAGs
[2026-06-13T11:53:32.000+0000] {logging_mixin.py:188} INFO - [2026-06-13T11:53:32.000+0000] {dag.py:3954} INFO - Setting next_dagrun for example_nested_branch_dag to 2026-06-12 00:00:00+00:00, run_after=2026-06-13 00:00:00+00:00
[2026-06-13T11:53:32.029+0000] {processor.py:183} INFO - Processing /home/airflow/.local/lib/python3.12/site-packages/airflow/example_dags/example_nested_branch_dag.py took 0.102 seconds
[2026-06-13T11:54:02.735+0000] {processor.py:161} INFO - Started process (PID=1813) to work on /home/airflow/.local/lib/python3.12/site-packages/airflow/example_dags/example_nested_branch_dag.py
[2026-06-13T11:54:02.736+0000] {processor.py:830} INFO - Processing file /home/airflow/.local/lib/python3.12/site-packages/airflow/example_dags/example_nested_branch_dag.py for tasks to queue
[2026-06-13T11:54:02.740+0000] {logging_mixin.py:188} INFO - [2026-06-13T11:54:02.739+0000] {dagbag.py:545} INFO - Filling up the DagBag from /home/airflow/.local/lib/python3.12/site-packages/airflow/example_dags/example_nested_branch_dag.py
[2026-06-13T11:54:02.751+0000] {processor.py:840} INFO - DAG(s) 'example_nested_branch_dag' retrieved from /home/airflow/.local/lib/python3.12/site-packages/airflow/example_dags/example_nested_branch_dag.py
[2026-06-13T11:54:02.779+0000] {logging_mixin.py:188} INFO - [2026-06-13T11:54:02.779+0000] {dag.py:3096} INFO - Sync 1 DAGs
[2026-06-13T11:54:02.804+0000] {logging_mixin.py:188} INFO - [2026-06-13T11:54:02.804+0000] {dag.py:3954} INFO - Setting next_dagrun for example_nested_branch_dag to 2026-06-12 00:00:00+00:00, run_after=2026-06-13 00:00:00+00:00
[2026-06-13T11:54:02.831+0000] {processor.py:183} INFO - Processing /home/airflow/.local/lib/python3.12/site-packages/airflow/example_dags/example_nested_branch_dag.py took 0.103 seconds
[2026-06-13T11:54:35.014+0000] {processor.py:161} INFO - Started process (PID=1872) to work on /home/airflow/.local/lib/python3.12/site-packages/airflow/example_dags/example_nested_branch_dag.py
[2026-06-13T11:54:35.015+0000] {processor.py:830} INFO - Processing file /home/airflow/.local/lib/python3.12/site-packages/airflow/example_dags/example_nested_branch_dag.py for tasks to queue
[2026-06-13T11:54:35.018+0000] {logging_mixin.py:188} INFO - [2026-06-13T11:54:35.017+0000] {dagbag.py:545} INFO - Filling up the DagBag from /home/airflow/.local/lib/python3.12/site-packages/airflow/example_dags/example_nested_branch_dag.py
[2026-06-13T11:54:35.030+0000] {processor.py:840} INFO - DAG(s) 'example_nested_branch_dag' retrieved from /home/airflow/.local/lib/python3.12/site-packages/airflow/example_dags/example_nested_branch_dag.py
[2026-06-13T11:54:35.056+0000] {logging_mixin.py:188} INFO - [2026-06-13T11:54:35.056+0000] {dag.py:3096} INFO - Sync 1 DAGs
[2026-06-13T11:54:35.082+0000] {logging_mixin.py:188} INFO - [2026-06-13T11:54:35.082+0000] {dag.py:3954} INFO - Setting next_dagrun for example_nested_branch_dag to 2026-06-12 00:00:00+00:00, run_after=2026-06-13 00:00:00+00:00
[2026-06-13T11:54:35.109+0000] {processor.py:183} INFO - Processing /home/airflow/.local/lib/python3.12/site-packages/airflow/example_dags/example_nested_branch_dag.py took 0.101 seconds
[2026-06-13T11:55:06.523+0000] {processor.py:161} INFO - Started process (PID=1932) to work on /home/airflow/.local/lib/python3.12/site-packages/airflow/example_dags/example_nested_branch_dag.py
[2026-06-13T11:55:06.525+0000] {processor.py:830} INFO - Processing file /home/airflow/.local/lib/python3.12/site-packages/airflow/example_dags/example_nested_branch_dag.py for tasks to queue
[2026-06-13T11:55:06.527+0000] {logging_mixin.py:188} INFO - [2026-06-13T11:55:06.527+0000] {dagbag.py:545} INFO - Filling up the DagBag from /home/airflow/.local/lib/python3.12/site-packages/airflow/example_dags/example_nested_branch_dag.py
[2026-06-13T11:55:06.538+0000] {processor.py:840} INFO - DAG(s) 'example_nested_branch_dag' retrieved from /home/airflow/.local/lib/python3.12/site-packages/airflow/example_dags/example_nested_branch_dag.py
[2026-06-13T11:55:06.705+0000] {logging_mixin.py:188} INFO - [2026-06-13T11:55:06.705+0000] {dag.py:3096} INFO - Sync 1 DAGs
[2026-06-13T11:55:06.728+0000] {logging_mixin.py:188} INFO - [2026-06-13T11:55:06.728+0000] {dag.py:3954} INFO - Setting next_dagrun for example_nested_branch_dag to 2026-06-12 00:00:00+00:00, run_after=2026-06-13 00:00:00+00:00
[2026-06-13T11:55:06.753+0000] {processor.py:183} INFO - Processing /home/airflow/.local/lib/python3.12/site-packages/airflow/example_dags/example_nested_branch_dag.py took 0.237 seconds
[2026-06-13T11:55:37.499+0000] {processor.py:161} INFO - Started process (PID=1991) to work on /home/airflow/.local/lib/python3.12/site-packages/airflow/example_dags/example_nested_branch_dag.py
[2026-06-13T11:55:37.500+0000] {processor.py:830} INFO - Processing file /home/airflow/.local/lib/python3.12/site-packages/airflow/example_dags/example_nested_branch_dag.py for tasks to queue
[2026-06-13T11:55:37.503+0000] {logging_mixin.py:188} INFO - [2026-06-13T11:55:37.502+0000] {dagbag.py:545} INFO - Filling up the DagBag from /home/airflow/.local/lib/python3.12/site-packages/airflow/example_dags/example_nested_branch_dag.py
[2026-06-13T11:55:37.513+0000] {processor.py:840} INFO - DAG(s) 'example_nested_branch_dag' retrieved from /home/airflow/.local/lib/python3.12/site-packages/airflow/example_dags/example_nested_branch_dag.py
[2026-06-13T11:55:37.552+0000] {logging_mixin.py:188} INFO - [2026-06-13T11:55:37.551+0000] {dag.py:3096} INFO - Sync 1 DAGs
[2026-06-13T11:55:37.582+0000] {logging_mixin.py:188} INFO - [2026-06-13T11:55:37.582+0000] {dag.py:3954} INFO - Setting next_dagrun for example_nested_branch_dag to 2026-06-12 00:00:00+00:00, run_after=2026-06-13 00:00:00+00:00
[2026-06-13T11:55:37.608+0000] {processor.py:183} INFO - Processing /home/airflow/.local/lib/python3.12/site-packages/airflow/example_dags/example_nested_branch_dag.py took 0.115 seconds
[2026-06-13T11:57:51.165+0000] {processor.py:161} INFO - Started process (PID=2050) to work on /home/airflow/.local/lib/python3.12/site-packages/airflow/example_dags/example_nested_branch_dag.py
[2026-06-13T11:57:51.166+0000] {processor.py:830} INFO - Processing file /home/airflow/.local/lib/python3.12/site-packages/airflow/example_dags/example_nested_branch_dag.py for tasks to queue
[2026-06-13T11:57:51.169+0000] {logging_mixin.py:188} INFO - [2026-06-13T11:57:51.168+0000] {dagbag.py:545} INFO - Filling up the DagBag from /home/airflow/.local/lib/python3.12/site-packages/airflow/example_dags/example_nested_branch_dag.py
[2026-06-13T11:57:51.181+0000] {processor.py:840} INFO - DAG(s) 'example_nested_branch_dag' retrieved from /home/airflow/.local/lib/python3.12/site-packages/airflow/example_dags/example_nested_branch_dag.py
[2026-06-13T11:57:51.208+0000] {logging_mixin.py:188} INFO - [2026-06-13T11:57:51.208+0000] {dag.py:3096} INFO - Sync 1 DAGs
[2026-06-13T11:57:51.233+0000] {logging_mixin.py:188} INFO - [2026-06-13T11:57:51.233+0000] {dag.py:3954} INFO - Setting next_dagrun for example_nested_branch_dag to 2026-06-12 00:00:00+00:00, run_after=2026-06-13 00:00:00+00:00
[2026-06-13T11:57:51.260+0000] {processor.py:183} INFO - Processing /home/airflow/.local/lib/python3.12/site-packages/airflow/example_dags/example_nested_branch_dag.py took 0.101 seconds
[2026-06-13T11:58:21.973+0000] {processor.py:161} INFO - Started process (PID=2117) to work on /home/airflow/.local/lib/python3.12/site-packages/airflow/example_dags/example_nested_branch_dag.py
[2026-06-13T11:58:21.975+0000] {processor.py:830} INFO - Processing file /home/airflow/.local/lib/python3.12/site-packages/airflow/example_dags/example_nested_branch_dag.py for tasks to queue
[2026-06-13T11:58:21.977+0000] {logging_mixin.py:188} INFO - [2026-06-13T11:58:21.977+0000] {dagbag.py:545} INFO - Filling up the DagBag from /home/airflow/.local/lib/python3.12/site-packages/airflow/example_dags/example_nested_branch_dag.py
[2026-06-13T11:58:21.988+0000] {processor.py:840} INFO - DAG(s) 'example_nested_branch_dag' retrieved from /home/airflow/.local/lib/python3.12/site-packages/airflow/example_dags/example_nested_branch_dag.py
[2026-06-13T11:58:22.015+0000] {logging_mixin.py:188} INFO - [2026-06-13T11:58:22.014+0000] {dag.py:3096} INFO - Sync 1 DAGs
[2026-06-13T11:58:22.042+0000] {logging_mixin.py:188} INFO - [2026-06-13T11:58:22.042+0000] {dag.py:3954} INFO - Setting next_dagrun for example_nested_branch_dag to 2026-06-12 00:00:00+00:00, run_after=2026-06-13 00:00:00+00:00
[2026-06-13T11:58:22.068+0000] {processor.py:183} INFO - Processing /home/airflow/.local/lib/python3.12/site-packages/airflow/example_dags/example_nested_branch_dag.py took 0.102 seconds
[2026-06-13T11:58:52.576+0000] {processor.py:161} INFO - Started process (PID=2177) to work on /home/airflow/.local/lib/python3.12/site-packages/airflow/example_dags/example_nested_branch_dag.py
[2026-06-13T11:58:52.577+0000] {processor.py:830} INFO - Processing file /home/airflow/.local/lib/python3.12/site-packages/airflow/example_dags/example_nested_branch_dag.py for tasks to queue
[2026-06-13T11:58:52.580+0000] {logging_mixin.py:188} INFO - [2026-06-13T11:58:52.579+0000] {dagbag.py:545} INFO - Filling up the DagBag from /home/airflow/.local/lib/python3.12/site-packages/airflow/example_dags/example_nested_branch_dag.py
[2026-06-13T11:58:52.590+0000] {processor.py:840} INFO - DAG(s) 'example_nested_branch_dag' retrieved from /home/airflow/.local/lib/python3.12/site-packages/airflow/example_dags/example_nested_branch_dag.py
[2026-06-13T11:58:52.621+0000] {logging_mixin.py:188} INFO - [2026-06-13T11:58:52.621+0000] {dag.py:3096} INFO - Sync 1 DAGs
[2026-06-13T11:58:52.647+0000] {logging_mixin.py:188} INFO - [2026-06-13T11:58:52.647+0000] {dag.py:3954} INFO - Setting next_dagrun for example_nested_branch_dag to 2026-06-12 00:00:00+00:00, run_after=2026-06-13 00:00:00+00:00
[2026-06-13T11:58:52.675+0000] {processor.py:183} INFO - Processing /home/airflow/.local/lib/python3.12/site-packages/airflow/example_dags/example_nested_branch_dag.py took 0.105 seconds
[2026-06-13T11:59:23.115+0000] {processor.py:161} INFO - Started process (PID=2275) to work on /home/airflow/.local/lib/python3.12/site-packages/airflow/example_dags/example_nested_branch_dag.py
[2026-06-13T11:59:23.117+0000] {processor.py:830} INFO - Processing file /home/airflow/.local/lib/python3.12/site-packages/airflow/example_dags/example_nested_branch_dag.py for tasks to queue
[2026-06-13T11:59:23.119+0000] {logging_mixin.py:188} INFO - [2026-06-13T11:59:23.119+0000] {dagbag.py:545} INFO - Filling up the DagBag from /home/airflow/.local/lib/python3.12/site-packages/airflow/example_dags/example_nested_branch_dag.py
[2026-06-13T11:59:23.130+0000] {processor.py:840} INFO - DAG(s) 'example_nested_branch_dag' retrieved from /home/airflow/.local/lib/python3.12/site-packages/airflow/example_dags/example_nested_branch_dag.py
[2026-06-13T11:59:23.156+0000] {logging_mixin.py:188} INFO - [2026-06-13T11:59:23.156+0000] {dag.py:3096} INFO - Sync 1 DAGs
[2026-06-13T11:59:23.182+0000] {logging_mixin.py:188} INFO - [2026-06-13T11:59:23.182+0000] {dag.py:3954} INFO - Setting next_dagrun for example_nested_branch_dag to 2026-06-12 00:00:00+00:00, run_after=2026-06-13 00:00:00+00:00
[2026-06-13T11:59:23.207+0000] {processor.py:183} INFO - Processing /home/airflow/.local/lib/python3.12/site-packages/airflow/example_dags/example_nested_branch_dag.py took 0.102 seconds
[2026-06-13T11:59:53.379+0000] {processor.py:161} INFO - Started process (PID=2334) to work on /home/airflow/.local/lib/python3.12/site-packages/airflow/example_dags/example_nested_branch_dag.py
[2026-06-13T11:59:53.381+0000] {processor.py:830} INFO - Processing file /home/airflow/.local/lib/python3.12/site-packages/airflow/example_dags/example_nested_branch_dag.py for tasks to queue
[2026-06-13T11:59:53.384+0000] {logging_mixin.py:188} INFO - [2026-06-13T11:59:53.384+0000] {dagbag.py:545} INFO - Filling up the DagBag from /home/airflow/.local/lib/python3.12/site-packages/airflow/example_dags/example_nested_branch_dag.py
[2026-06-13T11:59:53.397+0000] {processor.py:840} INFO - DAG(s) 'example_nested_branch_dag' retrieved from /home/airflow/.local/lib/python3.12/site-packages/airflow/example_dags/example_nested_branch_dag.py
[2026-06-13T11:59:53.427+0000] {logging_mixin.py:188} INFO - [2026-06-13T11:59:53.427+0000] {dag.py:3096} INFO - Sync 1 DAGs
[2026-06-13T11:59:53.456+0000] {logging_mixin.py:188} INFO - [2026-06-13T11:59:53.456+0000] {dag.py:3954} INFO - Setting next_dagrun for example_nested_branch_dag to 2026-06-12 00:00:00+00:00, run_after=2026-06-13 00:00:00+00:00
[2026-06-13T11:59:53.483+0000] {processor.py:183} INFO - Processing /home/airflow/.local/lib/python3.12/site-packages/airflow/example_dags/example_nested_branch_dag.py took 0.115 seconds
[2026-06-13T12:00:24.117+0000] {processor.py:161} INFO - Started process (PID=2393) to work on /home/airflow/.local/lib/python3.12/site-packages/airflow/example_dags/example_nested_branch_dag.py
[2026-06-13T12:00:24.118+0000] {processor.py:830} INFO - Processing file /home/airflow/.local/lib/python3.12/site-packages/airflow/example_dags/example_nested_branch_dag.py for tasks to queue
[2026-06-13T12:00:24.121+0000] {logging_mixin.py:188} INFO - [2026-06-13T12:00:24.120+0000] {dagbag.py:545} INFO - Filling up the DagBag from /home/airflow/.local/lib/python3.12/site-packages/airflow/example_dags/example_nested_branch_dag.py
[2026-06-13T12:00:24.132+0000] {processor.py:840} INFO - DAG(s) 'example_nested_branch_dag' retrieved from /home/airflow/.local/lib/python3.12/site-packages/airflow/example_dags/example_nested_branch_dag.py
[2026-06-13T12:00:24.169+0000] {logging_mixin.py:188} INFO - [2026-06-13T12:00:24.168+0000] {dag.py:3096} INFO - Sync 1 DAGs
[2026-06-13T12:00:24.204+0000] {logging_mixin.py:188} INFO - [2026-06-13T12:00:24.203+0000] {dag.py:3954} INFO - Setting next_dagrun for example_nested_branch_dag to 2026-06-12 00:00:00+00:00, run_after=2026-06-13 00:00:00+00:00
[2026-06-13T12:00:24.245+0000] {processor.py:183} INFO - Processing /home/airflow/.local/lib/python3.12/site-packages/airflow/example_dags/example_nested_branch_dag.py took 0.138 seconds
[2026-06-13T12:00:54.925+0000] {processor.py:161} INFO - Started process (PID=2470) to work on /home/airflow/.local/lib/python3.12/site-packages/airflow/example_dags/example_nested_branch_dag.py
[2026-06-13T12:00:54.927+0000] {processor.py:830} INFO - Processing file /home/airflow/.local/lib/python3.12/site-packages/airflow/example_dags/example_nested_branch_dag.py for tasks to queue
[2026-06-13T12:00:54.930+0000] {logging_mixin.py:188} INFO - [2026-06-13T12:00:54.929+0000] {dagbag.py:545} INFO - Filling up the DagBag from /home/airflow/.local/lib/python3.12/site-packages/airflow/example_dags/example_nested_branch_dag.py
[2026-06-13T12:00:54.940+0000] {processor.py:840} INFO - DAG(s) 'example_nested_branch_dag' retrieved from /home/airflow/.local/lib/python3.12/site-packages/airflow/example_dags/example_nested_branch_dag.py
[2026-06-13T12:00:54.970+0000] {logging_mixin.py:188} INFO - [2026-06-13T12:00:54.969+0000] {dag.py:3096} INFO - Sync 1 DAGs
[2026-06-13T12:00:54.997+0000] {logging_mixin.py:188} INFO - [2026-06-13T12:00:54.996+0000] {dag.py:3954} INFO - Setting next_dagrun for example_nested_branch_dag to 2026-06-12 00:00:00+00:00, run_after=2026-06-13 00:00:00+00:00
[2026-06-13T12:00:55.028+0000] {processor.py:183} INFO - Processing /home/airflow/.local/lib/python3.12/site-packages/airflow/example_dags/example_nested_branch_dag.py took 0.114 seconds
[2026-06-13T12:01:25.668+0000] {processor.py:161} INFO - Started process (PID=2529) to work on /home/airflow/.local/lib/python3.12/site-packages/airflow/example_dags/example_nested_branch_dag.py
[2026-06-13T12:01:25.670+0000] {processor.py:830} INFO - Processing file /home/airflow/.local/lib/python3.12/site-packages/airflow/example_dags/example_nested_branch_dag.py for tasks to queue
[2026-06-13T12:01:25.672+0000] {logging_mixin.py:188} INFO - [2026-06-13T12:01:25.672+0000] {dagbag.py:545} INFO - Filling up the DagBag from /home/airflow/.local/lib/python3.12/site-packages/airflow/example_dags/example_nested_branch_dag.py
[2026-06-13T12:01:25.683+0000] {processor.py:840} INFO - DAG(s) 'example_nested_branch_dag' retrieved from /home/airflow/.local/lib/python3.12/site-packages/airflow/example_dags/example_nested_branch_dag.py
[2026-06-13T12:01:25.710+0000] {logging_mixin.py:188} INFO - [2026-06-13T12:01:25.710+0000] {dag.py:3096} INFO - Sync 1 DAGs
[2026-06-13T12:01:25.735+0000] {logging_mixin.py:188} INFO - [2026-06-13T12:01:25.735+0000] {dag.py:3954} INFO - Setting next_dagrun for example_nested_branch_dag to 2026-06-12 00:00:00+00:00, run_after=2026-06-13 00:00:00+00:00
[2026-06-13T12:01:25.762+0000] {processor.py:183} INFO - Processing /home/airflow/.local/lib/python3.12/site-packages/airflow/example_dags/example_nested_branch_dag.py took 0.104 seconds
[2026-06-13T12:01:56.102+0000] {processor.py:161} INFO - Started process (PID=2588) to work on /home/airflow/.local/lib/python3.12/site-packages/airflow/example_dags/example_nested_branch_dag.py
[2026-06-13T12:01:56.104+0000] {processor.py:830} INFO - Processing file /home/airflow/.local/lib/python3.12/site-packages/airflow/example_dags/example_nested_branch_dag.py for tasks to queue
[2026-06-13T12:01:56.107+0000] {logging_mixin.py:188} INFO - [2026-06-13T12:01:56.106+0000] {dagbag.py:545} INFO - Filling up the DagBag from /home/airflow/.local/lib/python3.12/site-packages/airflow/example_dags/example_nested_branch_dag.py
[2026-06-13T12:01:56.118+0000] {processor.py:840} INFO - DAG(s) 'example_nested_branch_dag' retrieved from /home/airflow/.local/lib/python3.12/site-packages/airflow/example_dags/example_nested_branch_dag.py
[2026-06-13T12:01:56.151+0000] {logging_mixin.py:188} INFO - [2026-06-13T12:01:56.150+0000] {dag.py:3096} INFO - Sync 1 DAGs
[2026-06-13T12:01:56.178+0000] {logging_mixin.py:188} INFO - [2026-06-13T12:01:56.177+0000] {dag.py:3954} INFO - Setting next_dagrun for example_nested_branch_dag to 2026-06-12 00:00:00+00:00, run_after=2026-06-13 00:00:00+00:00
[2026-06-13T12:01:56.207+0000] {processor.py:183} INFO - Processing /home/airflow/.local/lib/python3.12/site-packages/airflow/example_dags/example_nested_branch_dag.py took 0.116 seconds
[2026-06-13T12:02:26.755+0000] {processor.py:161} INFO - Started process (PID=2655) to work on /home/airflow/.local/lib/python3.12/site-packages/airflow/example_dags/example_nested_branch_dag.py
[2026-06-13T12:02:26.757+0000] {processor.py:830} INFO - Processing file /home/airflow/.local/lib/python3.12/site-packages/airflow/example_dags/example_nested_branch_dag.py for tasks to queue
[2026-06-13T12:02:26.760+0000] {logging_mixin.py:188} INFO - [2026-06-13T12:02:26.760+0000] {dagbag.py:545} INFO - Filling up the DagBag from /home/airflow/.local/lib/python3.12/site-packages/airflow/example_dags/example_nested_branch_dag.py
[2026-06-13T12:02:26.772+0000] {processor.py:840} INFO - DAG(s) 'example_nested_branch_dag' retrieved from /home/airflow/.local/lib/python3.12/site-packages/airflow/example_dags/example_nested_branch_dag.py
[2026-06-13T12:02:26.800+0000] {logging_mixin.py:188} INFO - [2026-06-13T12:02:26.799+0000] {dag.py:3096} INFO - Sync 1 DAGs
[2026-06-13T12:02:26.829+0000] {logging_mixin.py:188} INFO - [2026-06-13T12:02:26.828+0000] {dag.py:3954} INFO - Setting next_dagrun for example_nested_branch_dag to 2026-06-12 00:00:00+00:00, run_after=2026-06-13 00:00:00+00:00
[2026-06-13T12:02:26.867+0000] {processor.py:183} INFO - Processing /home/airflow/.local/lib/python3.12/site-packages/airflow/example_dags/example_nested_branch_dag.py took 0.124 seconds
[2026-06-13T12:02:57.122+0000] {processor.py:161} INFO - Started process (PID=2770) to work on /home/airflow/.local/lib/python3.12/site-packages/airflow/example_dags/example_nested_branch_dag.py
[2026-06-13T12:02:57.124+0000] {processor.py:830} INFO - Processing file /home/airflow/.local/lib/python3.12/site-packages/airflow/example_dags/example_nested_branch_dag.py for tasks to queue
[2026-06-13T12:02:57.126+0000] {logging_mixin.py:188} INFO - [2026-06-13T12:02:57.126+0000] {dagbag.py:545} INFO - Filling up the DagBag from /home/airflow/.local/lib/python3.12/site-packages/airflow/example_dags/example_nested_branch_dag.py
[2026-06-13T12:02:57.137+0000] {processor.py:840} INFO - DAG(s) 'example_nested_branch_dag' retrieved from /home/airflow/.local/lib/python3.12/site-packages/airflow/example_dags/example_nested_branch_dag.py
[2026-06-13T12:02:57.173+0000] {logging_mixin.py:188} INFO - [2026-06-13T12:02:57.172+0000] {dag.py:3096} INFO - Sync 1 DAGs
[2026-06-13T12:02:57.203+0000] {logging_mixin.py:188} INFO - [2026-06-13T12:02:57.202+0000] {dag.py:3954} INFO - Setting next_dagrun for example_nested_branch_dag to 2026-06-12 00:00:00+00:00, run_after=2026-06-13 00:00:00+00:00
[2026-06-13T12:02:57.229+0000] {processor.py:183} INFO - Processing /home/airflow/.local/lib/python3.12/site-packages/airflow/example_dags/example_nested_branch_dag.py took 0.117 seconds
[2026-06-13T12:03:27.321+0000] {processor.py:161} INFO - Started process (PID=2829) to work on /home/airflow/.local/lib/python3.12/site-packages/airflow/example_dags/example_nested_branch_dag.py
[2026-06-13T12:03:27.323+0000] {processor.py:830} INFO - Processing file /home/airflow/.local/lib/python3.12/site-packages/airflow/example_dags/example_nested_branch_dag.py for tasks to queue
[2026-06-13T12:03:27.326+0000] {logging_mixin.py:188} INFO - [2026-06-13T12:03:27.326+0000] {dagbag.py:545} INFO - Filling up the DagBag from /home/airflow/.local/lib/python3.12/site-packages/airflow/example_dags/example_nested_branch_dag.py
[2026-06-13T12:03:27.337+0000] {processor.py:840} INFO - DAG(s) 'example_nested_branch_dag' retrieved from /home/airflow/.local/lib/python3.12/site-packages/airflow/example_dags/example_nested_branch_dag.py
[2026-06-13T12:03:27.369+0000] {logging_mixin.py:188} INFO - [2026-06-13T12:03:27.368+0000] {dag.py:3096} INFO - Sync 1 DAGs
[2026-06-13T12:03:27.395+0000] {logging_mixin.py:188} INFO - [2026-06-13T12:03:27.395+0000] {dag.py:3954} INFO - Setting next_dagrun for example_nested_branch_dag to 2026-06-12 00:00:00+00:00, run_after=2026-06-13 00:00:00+00:00
[2026-06-13T12:03:27.422+0000] {processor.py:183} INFO - Processing /home/airflow/.local/lib/python3.12/site-packages/airflow/example_dags/example_nested_branch_dag.py took 0.111 seconds
[2026-06-13T12:03:58.017+0000] {processor.py:161} INFO - Started process (PID=2903) to work on /home/airflow/.local/lib/python3.12/site-packages/airflow/example_dags/example_nested_branch_dag.py
[2026-06-13T12:03:58.019+0000] {processor.py:830} INFO - Processing file /home/airflow/.local/lib/python3.12/site-packages/airflow/example_dags/example_nested_branch_dag.py for tasks to queue
[2026-06-13T12:03:58.023+0000] {logging_mixin.py:188} INFO - [2026-06-13T12:03:58.022+0000] {dagbag.py:545} INFO - Filling up the DagBag from /home/airflow/.local/lib/python3.12/site-packages/airflow/example_dags/example_nested_branch_dag.py
[2026-06-13T12:03:58.034+0000] {processor.py:840} INFO - DAG(s) 'example_nested_branch_dag' retrieved from /home/airflow/.local/lib/python3.12/site-packages/airflow/example_dags/example_nested_branch_dag.py
[2026-06-13T12:03:58.061+0000] {logging_mixin.py:188} INFO - [2026-06-13T12:03:58.061+0000] {dag.py:3096} INFO - Sync 1 DAGs
[2026-06-13T12:03:58.086+0000] {logging_mixin.py:188} INFO - [2026-06-13T12:03:58.086+0000] {dag.py:3954} INFO - Setting next_dagrun for example_nested_branch_dag to 2026-06-12 00:00:00+00:00, run_after=2026-06-13 00:00:00+00:00
[2026-06-13T12:03:58.113+0000] {processor.py:183} INFO - Processing /home/airflow/.local/lib/python3.12/site-packages/airflow/example_dags/example_nested_branch_dag.py took 0.106 seconds
[2026-06-13T12:04:28.787+0000] {processor.py:161} INFO - Started process (PID=2962) to work on /home/airflow/.local/lib/python3.12/site-packages/airflow/example_dags/example_nested_branch_dag.py
[2026-06-13T12:04:28.788+0000] {processor.py:830} INFO - Processing file /home/airflow/.local/lib/python3.12/site-packages/airflow/example_dags/example_nested_branch_dag.py for tasks to queue
[2026-06-13T12:04:28.792+0000] {logging_mixin.py:188} INFO - [2026-06-13T12:04:28.791+0000] {dagbag.py:545} INFO - Filling up the DagBag from /home/airflow/.local/lib/python3.12/site-packages/airflow/example_dags/example_nested_branch_dag.py
[2026-06-13T12:04:28.802+0000] {processor.py:840} INFO - DAG(s) 'example_nested_branch_dag' retrieved from /home/airflow/.local/lib/python3.12/site-packages/airflow/example_dags/example_nested_branch_dag.py
[2026-06-13T12:04:28.829+0000] {logging_mixin.py:188} INFO - [2026-06-13T12:04:28.829+0000] {dag.py:3096} INFO - Sync 1 DAGs
[2026-06-13T12:04:28.857+0000] {logging_mixin.py:188} INFO - [2026-06-13T12:04:28.856+0000] {dag.py:3954} INFO - Setting next_dagrun for example_nested_branch_dag to 2026-06-12 00:00:00+00:00, run_after=2026-06-13 00:00:00+00:00
[2026-06-13T12:04:28.883+0000] {processor.py:183} INFO - Processing /home/airflow/.local/lib/python3.12/site-packages/airflow/example_dags/example_nested_branch_dag.py took 0.106 seconds
[2026-06-13T12:04:59.248+0000] {processor.py:161} INFO - Started process (PID=3021) to work on /home/airflow/.local/lib/python3.12/site-packages/airflow/example_dags/example_nested_branch_dag.py
[2026-06-13T12:04:59.250+0000] {processor.py:830} INFO - Processing file /home/airflow/.local/lib/python3.12/site-packages/airflow/example_dags/example_nested_branch_dag.py for tasks to queue
[2026-06-13T12:04:59.252+0000] {logging_mixin.py:188} INFO - [2026-06-13T12:04:59.252+0000] {dagbag.py:545} INFO - Filling up the DagBag from /home/airflow/.local/lib/python3.12/site-packages/airflow/example_dags/example_nested_branch_dag.py
[2026-06-13T12:04:59.263+0000] {processor.py:840} INFO - DAG(s) 'example_nested_branch_dag' retrieved from /home/airflow/.local/lib/python3.12/site-packages/airflow/example_dags/example_nested_branch_dag.py
[2026-06-13T12:04:59.291+0000] {logging_mixin.py:188} INFO - [2026-06-13T12:04:59.290+0000] {dag.py:3096} INFO - Sync 1 DAGs
[2026-06-13T12:04:59.316+0000] {logging_mixin.py:188} INFO - [2026-06-13T12:04:59.316+0000] {dag.py:3954} INFO - Setting next_dagrun for example_nested_branch_dag to 2026-06-12 00:00:00+00:00, run_after=2026-06-13 00:00:00+00:00
[2026-06-13T12:04:59.341+0000] {processor.py:183} INFO - Processing /home/airflow/.local/lib/python3.12/site-packages/airflow/example_dags/example_nested_branch_dag.py took 0.103 seconds
[2026-06-13T12:05:29.479+0000] {processor.py:161} INFO - Started process (PID=3080) to work on /home/airflow/.local/lib/python3.12/site-packages/airflow/example_dags/example_nested_branch_dag.py
[2026-06-13T12:05:29.480+0000] {processor.py:830} INFO - Processing file /home/airflow/.local/lib/python3.12/site-packages/airflow/example_dags/example_nested_branch_dag.py for tasks to queue
[2026-06-13T12:05:29.483+0000] {logging_mixin.py:188} INFO - [2026-06-13T12:05:29.483+0000] {dagbag.py:545} INFO - Filling up the DagBag from /home/airflow/.local/lib/python3.12/site-packages/airflow/example_dags/example_nested_branch_dag.py
[2026-06-13T12:05:29.493+0000] {processor.py:840} INFO - DAG(s) 'example_nested_branch_dag' retrieved from /home/airflow/.local/lib/python3.12/site-packages/airflow/example_dags/example_nested_branch_dag.py
[2026-06-13T12:05:29.521+0000] {logging_mixin.py:188} INFO - [2026-06-13T12:05:29.520+0000] {dag.py:3096} INFO - Sync 1 DAGs
[2026-06-13T12:05:29.545+0000] {logging_mixin.py:188} INFO - [2026-06-13T12:05:29.545+0000] {dag.py:3954} INFO - Setting next_dagrun for example_nested_branch_dag to 2026-06-12 00:00:00+00:00, run_after=2026-06-13 00:00:00+00:00
[2026-06-13T12:05:29.573+0000] {processor.py:183} INFO - Processing /home/airflow/.local/lib/python3.12/site-packages/airflow/example_dags/example_nested_branch_dag.py took 0.104 seconds
[2026-06-13T12:06:00.097+0000] {processor.py:161} INFO - Started process (PID=3140) to work on /home/airflow/.local/lib/python3.12/site-packages/airflow/example_dags/example_nested_branch_dag.py
[2026-06-13T12:06:00.098+0000] {processor.py:830} INFO - Processing file /home/airflow/.local/lib/python3.12/site-packages/airflow/example_dags/example_nested_branch_dag.py for tasks to queue
[2026-06-13T12:06:00.102+0000] {logging_mixin.py:188} INFO - [2026-06-13T12:06:00.101+0000] {dagbag.py:545} INFO - Filling up the DagBag from /home/airflow/.local/lib/python3.12/site-packages/airflow/example_dags/example_nested_branch_dag.py
[2026-06-13T12:06:00.112+0000] {processor.py:840} INFO - DAG(s) 'example_nested_branch_dag' retrieved from /home/airflow/.local/lib/python3.12/site-packages/airflow/example_dags/example_nested_branch_dag.py
[2026-06-13T12:06:00.140+0000] {logging_mixin.py:188} INFO - [2026-06-13T12:06:00.139+0000] {dag.py:3096} INFO - Sync 1 DAGs
[2026-06-13T12:06:00.166+0000] {logging_mixin.py:188} INFO - [2026-06-13T12:06:00.166+0000] {dag.py:3954} INFO - Setting next_dagrun for example_nested_branch_dag to 2026-06-12 00:00:00+00:00, run_after=2026-06-13 00:00:00+00:00
[2026-06-13T12:06:00.191+0000] {processor.py:183} INFO - Processing /home/airflow/.local/lib/python3.12/site-packages/airflow/example_dags/example_nested_branch_dag.py took 0.104 seconds
[2026-06-13T12:06:30.344+0000] {processor.py:161} INFO - Started process (PID=3199) to work on /home/airflow/.local/lib/python3.12/site-packages/airflow/example_dags/example_nested_branch_dag.py
[2026-06-13T12:06:30.346+0000] {processor.py:830} INFO - Processing file /home/airflow/.local/lib/python3.12/site-packages/airflow/example_dags/example_nested_branch_dag.py for tasks to queue
[2026-06-13T12:06:30.349+0000] {logging_mixin.py:188} INFO - [2026-06-13T12:06:30.348+0000] {dagbag.py:545} INFO - Filling up the DagBag from /home/airflow/.local/lib/python3.12/site-packages/airflow/example_dags/example_nested_branch_dag.py
[2026-06-13T12:06:30.360+0000] {processor.py:840} INFO - DAG(s) 'example_nested_branch_dag' retrieved from /home/airflow/.local/lib/python3.12/site-packages/airflow/example_dags/example_nested_branch_dag.py
[2026-06-13T12:06:30.389+0000] {logging_mixin.py:188} INFO - [2026-06-13T12:06:30.388+0000] {dag.py:3096} INFO - Sync 1 DAGs
[2026-06-13T12:06:30.416+0000] {logging_mixin.py:188} INFO - [2026-06-13T12:06:30.416+0000] {dag.py:3954} INFO - Setting next_dagrun for example_nested_branch_dag to 2026-06-12 00:00:00+00:00, run_after=2026-06-13 00:00:00+00:00
[2026-06-13T12:06:30.445+0000] {processor.py:183} INFO - Processing /home/airflow/.local/lib/python3.12/site-packages/airflow/example_dags/example_nested_branch_dag.py took 0.111 seconds
[2026-06-13T12:07:00.925+0000] {processor.py:161} INFO - Started process (PID=3258) to work on /home/airflow/.local/lib/python3.12/site-packages/airflow/example_dags/example_nested_branch_dag.py
[2026-06-13T12:07:00.926+0000] {processor.py:830} INFO - Processing file /home/airflow/.local/lib/python3.12/site-packages/airflow/example_dags/example_nested_branch_dag.py for tasks to queue
[2026-06-13T12:07:00.929+0000] {logging_mixin.py:188} INFO - [2026-06-13T12:07:00.929+0000] {dagbag.py:545} INFO - Filling up the DagBag from /home/airflow/.local/lib/python3.12/site-packages/airflow/example_dags/example_nested_branch_dag.py
[2026-06-13T12:07:00.940+0000] {processor.py:840} INFO - DAG(s) 'example_nested_branch_dag' retrieved from /home/airflow/.local/lib/python3.12/site-packages/airflow/example_dags/example_nested_branch_dag.py
[2026-06-13T12:07:00.966+0000] {logging_mixin.py:188} INFO - [2026-06-13T12:07:00.966+0000] {dag.py:3096} INFO - Sync 1 DAGs
[2026-06-13T12:07:00.993+0000] {logging_mixin.py:188} INFO - [2026-06-13T12:07:00.992+0000] {dag.py:3954} INFO - Setting next_dagrun for example_nested_branch_dag to 2026-06-12 00:00:00+00:00, run_after=2026-06-13 00:00:00+00:00
[2026-06-13T12:07:01.022+0000] {processor.py:183} INFO - Processing /home/airflow/.local/lib/python3.12/site-packages/airflow/example_dags/example_nested_branch_dag.py took 0.107 seconds
[2026-06-13T12:07:31.937+0000] {processor.py:161} INFO - Started process (PID=3317) to work on /home/airflow/.local/lib/python3.12/site-packages/airflow/example_dags/example_nested_branch_dag.py
[2026-06-13T12:07:31.939+0000] {processor.py:830} INFO - Processing file /home/airflow/.local/lib/python3.12/site-packages/airflow/example_dags/example_nested_branch_dag.py for tasks to queue
[2026-06-13T12:07:31.942+0000] {logging_mixin.py:188} INFO - [2026-06-13T12:07:31.941+0000] {dagbag.py:545} INFO - Filling up the DagBag from /home/airflow/.local/lib/python3.12/site-packages/airflow/example_dags/example_nested_branch_dag.py
[2026-06-13T12:07:31.952+0000] {processor.py:840} INFO - DAG(s) 'example_nested_branch_dag' retrieved from /home/airflow/.local/lib/python3.12/site-packages/airflow/example_dags/example_nested_branch_dag.py
[2026-06-13T12:07:31.979+0000] {logging_mixin.py:188} INFO - [2026-06-13T12:07:31.979+0000] {dag.py:3096} INFO - Sync 1 DAGs
[2026-06-13T12:07:32.004+0000] {logging_mixin.py:188} INFO - [2026-06-13T12:07:32.004+0000] {dag.py:3954} INFO - Setting next_dagrun for example_nested_branch_dag to 2026-06-12 00:00:00+00:00, run_after=2026-06-13 00:00:00+00:00
[2026-06-13T12:07:32.030+0000] {processor.py:183} INFO - Processing /home/airflow/.local/lib/python3.12/site-packages/airflow/example_dags/example_nested_branch_dag.py took 0.103 seconds
[2026-06-13T12:08:02.976+0000] {processor.py:161} INFO - Started process (PID=3376) to work on /home/airflow/.local/lib/python3.12/site-packages/airflow/example_dags/example_nested_branch_dag.py
[2026-06-13T12:08:02.978+0000] {processor.py:830} INFO - Processing file /home/airflow/.local/lib/python3.12/site-packages/airflow/example_dags/example_nested_branch_dag.py for tasks to queue
[2026-06-13T12:08:02.980+0000] {logging_mixin.py:188} INFO - [2026-06-13T12:08:02.980+0000] {dagbag.py:545} INFO - Filling up the DagBag from /home/airflow/.local/lib/python3.12/site-packages/airflow/example_dags/example_nested_branch_dag.py
[2026-06-13T12:08:02.990+0000] {processor.py:840} INFO - DAG(s) 'example_nested_branch_dag' retrieved from /home/airflow/.local/lib/python3.12/site-packages/airflow/example_dags/example_nested_branch_dag.py
[2026-06-13T12:08:03.018+0000] {logging_mixin.py:188} INFO - [2026-06-13T12:08:03.017+0000] {dag.py:3096} INFO - Sync 1 DAGs
[2026-06-13T12:08:03.045+0000] {logging_mixin.py:188} INFO - [2026-06-13T12:08:03.044+0000] {dag.py:3954} INFO - Setting next_dagrun for example_nested_branch_dag to 2026-06-12 00:00:00+00:00, run_after=2026-06-13 00:00:00+00:00
[2026-06-13T12:08:03.071+0000] {processor.py:183} INFO - Processing /home/airflow/.local/lib/python3.12/site-packages/airflow/example_dags/example_nested_branch_dag.py took 0.104 seconds
[2026-06-13T12:08:33.292+0000] {processor.py:161} INFO - Started process (PID=3435) to work on /home/airflow/.local/lib/python3.12/site-packages/airflow/example_dags/example_nested_branch_dag.py
[2026-06-13T12:08:33.294+0000] {processor.py:830} INFO - Processing file /home/airflow/.local/lib/python3.12/site-packages/airflow/example_dags/example_nested_branch_dag.py for tasks to queue
[2026-06-13T12:08:33.297+0000] {logging_mixin.py:188} INFO - [2026-06-13T12:08:33.296+0000] {dagbag.py:545} INFO - Filling up the DagBag from /home/airflow/.local/lib/python3.12/site-packages/airflow/example_dags/example_nested_branch_dag.py
[2026-06-13T12:08:33.308+0000] {processor.py:840} INFO - DAG(s) 'example_nested_branch_dag' retrieved from /home/airflow/.local/lib/python3.12/site-packages/airflow/example_dags/example_nested_branch_dag.py
[2026-06-13T12:08:33.339+0000] {logging_mixin.py:188} INFO - [2026-06-13T12:08:33.339+0000] {dag.py:3096} INFO - Sync 1 DAGs
[2026-06-13T12:08:33.365+0000] {logging_mixin.py:188} INFO - [2026-06-13T12:08:33.365+0000] {dag.py:3954} INFO - Setting next_dagrun for example_nested_branch_dag to 2026-06-12 00:00:00+00:00, run_after=2026-06-13 00:00:00+00:00
[2026-06-13T12:08:33.394+0000] {processor.py:183} INFO - Processing /home/airflow/.local/lib/python3.12/site-packages/airflow/example_dags/example_nested_branch_dag.py took 0.113 seconds
[2026-06-13T12:09:04.200+0000] {processor.py:161} INFO - Started process (PID=3494) to work on /home/airflow/.local/lib/python3.12/site-packages/airflow/example_dags/example_nested_branch_dag.py
[2026-06-13T12:09:04.202+0000] {processor.py:830} INFO - Processing file /home/airflow/.local/lib/python3.12/site-packages/airflow/example_dags/example_nested_branch_dag.py for tasks to queue
[2026-06-13T12:09:04.206+0000] {logging_mixin.py:188} INFO - [2026-06-13T12:09:04.205+0000] {dagbag.py:545} INFO - Filling up the DagBag from /home/airflow/.local/lib/python3.12/site-packages/airflow/example_dags/example_nested_branch_dag.py
[2026-06-13T12:09:04.221+0000] {processor.py:840} INFO - DAG(s) 'example_nested_branch_dag' retrieved from /home/airflow/.local/lib/python3.12/site-packages/airflow/example_dags/example_nested_branch_dag.py
[2026-06-13T12:09:04.252+0000] {logging_mixin.py:188} INFO - [2026-06-13T12:09:04.252+0000] {dag.py:3096} INFO - Sync 1 DAGs
[2026-06-13T12:09:04.279+0000] {logging_mixin.py:188} INFO - [2026-06-13T12:09:04.279+0000] {dag.py:3954} INFO - Setting next_dagrun for example_nested_branch_dag to 2026-06-12 00:00:00+00:00, run_after=2026-06-13 00:00:00+00:00
[2026-06-13T12:09:04.303+0000] {processor.py:183} INFO - Processing /home/airflow/.local/lib/python3.12/site-packages/airflow/example_dags/example_nested_branch_dag.py took 0.123 seconds
[2026-06-13T12:09:34.485+0000] {processor.py:161} INFO - Started process (PID=3553) to work on /home/airflow/.local/lib/python3.12/site-packages/airflow/example_dags/example_nested_branch_dag.py
[2026-06-13T12:09:34.487+0000] {processor.py:830} INFO - Processing file /home/airflow/.local/lib/python3.12/site-packages/airflow/example_dags/example_nested_branch_dag.py for tasks to queue
[2026-06-13T12:09:34.490+0000] {logging_mixin.py:188} INFO - [2026-06-13T12:09:34.490+0000] {dagbag.py:545} INFO - Filling up the DagBag from /home/airflow/.local/lib/python3.12/site-packages/airflow/example_dags/example_nested_branch_dag.py
[2026-06-13T12:09:34.503+0000] {processor.py:840} INFO - DAG(s) 'example_nested_branch_dag' retrieved from /home/airflow/.local/lib/python3.12/site-packages/airflow/example_dags/example_nested_branch_dag.py
[2026-06-13T12:09:34.534+0000] {logging_mixin.py:188} INFO - [2026-06-13T12:09:34.533+0000] {dag.py:3096} INFO - Sync 1 DAGs
[2026-06-13T12:09:34.558+0000] {logging_mixin.py:188} INFO - [2026-06-13T12:09:34.558+0000] {dag.py:3954} INFO - Setting next_dagrun for example_nested_branch_dag to 2026-06-12 00:00:00+00:00, run_after=2026-06-13 00:00:00+00:00
[2026-06-13T12:09:34.588+0000] {processor.py:183} INFO - Processing /home/airflow/.local/lib/python3.12/site-packages/airflow/example_dags/example_nested_branch_dag.py took 0.113 seconds
[2026-06-13T12:10:04.699+0000] {processor.py:161} INFO - Started process (PID=3612) to work on /home/airflow/.local/lib/python3.12/site-packages/airflow/example_dags/example_nested_branch_dag.py
[2026-06-13T12:10:04.702+0000] {processor.py:830} INFO - Processing file /home/airflow/.local/lib/python3.12/site-packages/airflow/example_dags/example_nested_branch_dag.py for tasks to queue
[2026-06-13T12:10:04.704+0000] {logging_mixin.py:188} INFO - [2026-06-13T12:10:04.704+0000] {dagbag.py:545} INFO - Filling up the DagBag from /home/airflow/.local/lib/python3.12/site-packages/airflow/example_dags/example_nested_branch_dag.py
[2026-06-13T12:10:04.716+0000] {processor.py:840} INFO - DAG(s) 'example_nested_branch_dag' retrieved from /home/airflow/.local/lib/python3.12/site-packages/airflow/example_dags/example_nested_branch_dag.py
[2026-06-13T12:10:04.748+0000] {logging_mixin.py:188} INFO - [2026-06-13T12:10:04.748+0000] {dag.py:3096} INFO - Sync 1 DAGs
[2026-06-13T12:10:04.776+0000] {logging_mixin.py:188} INFO - [2026-06-13T12:10:04.776+0000] {dag.py:3954} INFO - Setting next_dagrun for example_nested_branch_dag to 2026-06-12 00:00:00+00:00, run_after=2026-06-13 00:00:00+00:00
[2026-06-13T12:10:04.804+0000] {processor.py:183} INFO - Processing /home/airflow/.local/lib/python3.12/site-packages/airflow/example_dags/example_nested_branch_dag.py took 0.115 seconds
[2026-06-13T12:14:41.132+0000] {processor.py:161} INFO - Started process (PID=3652) to work on /home/airflow/.local/lib/python3.12/site-packages/airflow/example_dags/example_nested_branch_dag.py
[2026-06-13T12:14:41.133+0000] {processor.py:830} INFO - Processing file /home/airflow/.local/lib/python3.12/site-packages/airflow/example_dags/example_nested_branch_dag.py for tasks to queue
[2026-06-13T12:14:41.137+0000] {logging_mixin.py:188} INFO - [2026-06-13T12:14:41.136+0000] {dagbag.py:545} INFO - Filling up the DagBag from /home/airflow/.local/lib/python3.12/site-packages/airflow/example_dags/example_nested_branch_dag.py
[2026-06-13T12:14:41.148+0000] {processor.py:840} INFO - DAG(s) 'example_nested_branch_dag' retrieved from /home/airflow/.local/lib/python3.12/site-packages/airflow/example_dags/example_nested_branch_dag.py
[2026-06-13T12:14:41.176+0000] {logging_mixin.py:188} INFO - [2026-06-13T12:14:41.176+0000] {dag.py:3096} INFO - Sync 1 DAGs
[2026-06-13T12:14:41.204+0000] {logging_mixin.py:188} INFO - [2026-06-13T12:14:41.204+0000] {dag.py:3954} INFO - Setting next_dagrun for example_nested_branch_dag to 2026-06-12 00:00:00+00:00, run_after=2026-06-13 00:00:00+00:00
[2026-06-13T12:14:41.231+0000] {processor.py:183} INFO - Processing /home/airflow/.local/lib/python3.12/site-packages/airflow/example_dags/example_nested_branch_dag.py took 0.109 seconds
[2026-06-13T12:15:11.815+0000] {processor.py:161} INFO - Started process (PID=3711) to work on /home/airflow/.local/lib/python3.12/site-packages/airflow/example_dags/example_nested_branch_dag.py
[2026-06-13T12:15:11.816+0000] {processor.py:830} INFO - Processing file /home/airflow/.local/lib/python3.12/site-packages/airflow/example_dags/example_nested_branch_dag.py for tasks to queue
[2026-06-13T12:15:11.820+0000] {logging_mixin.py:188} INFO - [2026-06-13T12:15:11.819+0000] {dagbag.py:545} INFO - Filling up the DagBag from /home/airflow/.local/lib/python3.12/site-packages/airflow/example_dags/example_nested_branch_dag.py
[2026-06-13T12:15:11.831+0000] {processor.py:840} INFO - DAG(s) 'example_nested_branch_dag' retrieved from /home/airflow/.local/lib/python3.12/site-packages/airflow/example_dags/example_nested_branch_dag.py
[2026-06-13T12:15:11.860+0000] {logging_mixin.py:188} INFO - [2026-06-13T12:15:11.859+0000] {dag.py:3096} INFO - Sync 1 DAGs
[2026-06-13T12:15:11.885+0000] {logging_mixin.py:188} INFO - [2026-06-13T12:15:11.885+0000] {dag.py:3954} INFO - Setting next_dagrun for example_nested_branch_dag to 2026-06-12 00:00:00+00:00, run_after=2026-06-13 00:00:00+00:00
[2026-06-13T12:15:11.913+0000] {processor.py:183} INFO - Processing /home/airflow/.local/lib/python3.12/site-packages/airflow/example_dags/example_nested_branch_dag.py took 0.108 seconds
[2026-06-13T12:15:42.442+0000] {processor.py:161} INFO - Started process (PID=3770) to work on /home/airflow/.local/lib/python3.12/site-packages/airflow/example_dags/example_nested_branch_dag.py
[2026-06-13T12:15:42.443+0000] {processor.py:830} INFO - Processing file /home/airflow/.local/lib/python3.12/site-packages/airflow/example_dags/example_nested_branch_dag.py for tasks to queue
[2026-06-13T12:15:42.446+0000] {logging_mixin.py:188} INFO - [2026-06-13T12:15:42.445+0000] {dagbag.py:545} INFO - Filling up the DagBag from /home/airflow/.local/lib/python3.12/site-packages/airflow/example_dags/example_nested_branch_dag.py
[2026-06-13T12:15:42.456+0000] {processor.py:840} INFO - DAG(s) 'example_nested_branch_dag' retrieved from /home/airflow/.local/lib/python3.12/site-packages/airflow/example_dags/example_nested_branch_dag.py
[2026-06-13T12:15:42.487+0000] {logging_mixin.py:188} INFO - [2026-06-13T12:15:42.487+0000] {dag.py:3096} INFO - Sync 1 DAGs
[2026-06-13T12:15:42.514+0000] {logging_mixin.py:188} INFO - [2026-06-13T12:15:42.514+0000] {dag.py:3954} INFO - Setting next_dagrun for example_nested_branch_dag to 2026-06-12 00:00:00+00:00, run_after=2026-06-13 00:00:00+00:00
[2026-06-13T12:15:42.541+0000] {processor.py:183} INFO - Processing /home/airflow/.local/lib/python3.12/site-packages/airflow/example_dags/example_nested_branch_dag.py took 0.109 seconds
[2026-06-13T12:16:12.656+0000] {processor.py:161} INFO - Started process (PID=3829) to work on /home/airflow/.local/lib/python3.12/site-packages/airflow/example_dags/example_nested_branch_dag.py
[2026-06-13T12:16:12.657+0000] {processor.py:830} INFO - Processing file /home/airflow/.local/lib/python3.12/site-packages/airflow/example_dags/example_nested_branch_dag.py for tasks to queue
[2026-06-13T12:16:12.660+0000] {logging_mixin.py:188} INFO - [2026-06-13T12:16:12.660+0000] {dagbag.py:545} INFO - Filling up the DagBag from /home/airflow/.local/lib/python3.12/site-packages/airflow/example_dags/example_nested_branch_dag.py
[2026-06-13T12:16:12.672+0000] {processor.py:840} INFO - DAG(s) 'example_nested_branch_dag' retrieved from /home/airflow/.local/lib/python3.12/site-packages/airflow/example_dags/example_nested_branch_dag.py
[2026-06-13T12:16:12.714+0000] {logging_mixin.py:188} INFO - [2026-06-13T12:16:12.714+0000] {dag.py:3096} INFO - Sync 1 DAGs
[2026-06-13T12:16:12.764+0000] {logging_mixin.py:188} INFO - [2026-06-13T12:16:12.764+0000] {dag.py:3954} INFO - Setting next_dagrun for example_nested_branch_dag to 2026-06-12 00:00:00+00:00, run_after=2026-06-13 00:00:00+00:00
[2026-06-13T12:16:12.801+0000] {processor.py:183} INFO - Processing /home/airflow/.local/lib/python3.12/site-packages/airflow/example_dags/example_nested_branch_dag.py took 0.156 seconds
[2026-06-13T12:16:43.038+0000] {processor.py:161} INFO - Started process (PID=3889) to work on /home/airflow/.local/lib/python3.12/site-packages/airflow/example_dags/example_nested_branch_dag.py
[2026-06-13T12:16:43.040+0000] {processor.py:830} INFO - Processing file /home/airflow/.local/lib/python3.12/site-packages/airflow/example_dags/example_nested_branch_dag.py for tasks to queue
[2026-06-13T12:16:43.043+0000] {logging_mixin.py:188} INFO - [2026-06-13T12:16:43.043+0000] {dagbag.py:545} INFO - Filling up the DagBag from /home/airflow/.local/lib/python3.12/site-packages/airflow/example_dags/example_nested_branch_dag.py
[2026-06-13T12:16:43.055+0000] {processor.py:840} INFO - DAG(s) 'example_nested_branch_dag' retrieved from /home/airflow/.local/lib/python3.12/site-packages/airflow/example_dags/example_nested_branch_dag.py
[2026-06-13T12:16:43.084+0000] {logging_mixin.py:188} INFO - [2026-06-13T12:16:43.083+0000] {dag.py:3096} INFO - Sync 1 DAGs
[2026-06-13T12:16:43.110+0000] {logging_mixin.py:188} INFO - [2026-06-13T12:16:43.110+0000] {dag.py:3954} INFO - Setting next_dagrun for example_nested_branch_dag to 2026-06-12 00:00:00+00:00, run_after=2026-06-13 00:00:00+00:00
[2026-06-13T12:16:43.138+0000] {processor.py:183} INFO - Processing /home/airflow/.local/lib/python3.12/site-packages/airflow/example_dags/example_nested_branch_dag.py took 0.109 seconds
[2026-06-13T12:17:13.398+0000] {processor.py:161} INFO - Started process (PID=3948) to work on /home/airflow/.local/lib/python3.12/site-packages/airflow/example_dags/example_nested_branch_dag.py
[2026-06-13T12:17:13.399+0000] {processor.py:830} INFO - Processing file /home/airflow/.local/lib/python3.12/site-packages/airflow/example_dags/example_nested_branch_dag.py for tasks to queue
[2026-06-13T12:17:13.402+0000] {logging_mixin.py:188} INFO - [2026-06-13T12:17:13.402+0000] {dagbag.py:545} INFO - Filling up the DagBag from /home/airflow/.local/lib/python3.12/site-packages/airflow/example_dags/example_nested_branch_dag.py
[2026-06-13T12:17:13.413+0000] {processor.py:840} INFO - DAG(s) 'example_nested_branch_dag' retrieved from /home/airflow/.local/lib/python3.12/site-packages/airflow/example_dags/example_nested_branch_dag.py
[2026-06-13T12:17:13.440+0000] {logging_mixin.py:188} INFO - [2026-06-13T12:17:13.440+0000] {dag.py:3096} INFO - Sync 1 DAGs
[2026-06-13T12:17:13.467+0000] {logging_mixin.py:188} INFO - [2026-06-13T12:17:13.467+0000] {dag.py:3954} INFO - Setting next_dagrun for example_nested_branch_dag to 2026-06-12 00:00:00+00:00, run_after=2026-06-13 00:00:00+00:00
[2026-06-13T12:17:13.494+0000] {processor.py:183} INFO - Processing /home/airflow/.local/lib/python3.12/site-packages/airflow/example_dags/example_nested_branch_dag.py took 0.107 seconds
[2026-06-13T12:17:44.273+0000] {processor.py:161} INFO - Started process (PID=4008) to work on /home/airflow/.local/lib/python3.12/site-packages/airflow/example_dags/example_nested_branch_dag.py
[2026-06-13T12:17:44.274+0000] {processor.py:830} INFO - Processing file /home/airflow/.local/lib/python3.12/site-packages/airflow/example_dags/example_nested_branch_dag.py for tasks to queue
[2026-06-13T12:17:44.277+0000] {logging_mixin.py:188} INFO - [2026-06-13T12:17:44.276+0000] {dagbag.py:545} INFO - Filling up the DagBag from /home/airflow/.local/lib/python3.12/site-packages/airflow/example_dags/example_nested_branch_dag.py
[2026-06-13T12:17:44.287+0000] {processor.py:840} INFO - DAG(s) 'example_nested_branch_dag' retrieved from /home/airflow/.local/lib/python3.12/site-packages/airflow/example_dags/example_nested_branch_dag.py
[2026-06-13T12:17:44.314+0000] {logging_mixin.py:188} INFO - [2026-06-13T12:17:44.313+0000] {dag.py:3096} INFO - Sync 1 DAGs
[2026-06-13T12:17:44.342+0000] {logging_mixin.py:188} INFO - [2026-06-13T12:17:44.342+0000] {dag.py:3954} INFO - Setting next_dagrun for example_nested_branch_dag to 2026-06-12 00:00:00+00:00, run_after=2026-06-13 00:00:00+00:00
[2026-06-13T12:17:44.368+0000] {processor.py:183} INFO - Processing /home/airflow/.local/lib/python3.12/site-packages/airflow/example_dags/example_nested_branch_dag.py took 0.106 seconds
[2026-06-13T12:18:14.695+0000] {processor.py:161} INFO - Started process (PID=4075) to work on /home/airflow/.local/lib/python3.12/site-packages/airflow/example_dags/example_nested_branch_dag.py
[2026-06-13T12:18:14.697+0000] {processor.py:830} INFO - Processing file /home/airflow/.local/lib/python3.12/site-packages/airflow/example_dags/example_nested_branch_dag.py for tasks to queue
[2026-06-13T12:18:14.699+0000] {logging_mixin.py:188} INFO - [2026-06-13T12:18:14.699+0000] {dagbag.py:545} INFO - Filling up the DagBag from /home/airflow/.local/lib/python3.12/site-packages/airflow/example_dags/example_nested_branch_dag.py
[2026-06-13T12:18:14.710+0000] {processor.py:840} INFO - DAG(s) 'example_nested_branch_dag' retrieved from /home/airflow/.local/lib/python3.12/site-packages/airflow/example_dags/example_nested_branch_dag.py
[2026-06-13T12:18:14.738+0000] {logging_mixin.py:188} INFO - [2026-06-13T12:18:14.737+0000] {dag.py:3096} INFO - Sync 1 DAGs
[2026-06-13T12:18:14.763+0000] {logging_mixin.py:188} INFO - [2026-06-13T12:18:14.763+0000] {dag.py:3954} INFO - Setting next_dagrun for example_nested_branch_dag to 2026-06-12 00:00:00+00:00, run_after=2026-06-13 00:00:00+00:00
[2026-06-13T12:18:14.792+0000] {processor.py:183} INFO - Processing /home/airflow/.local/lib/python3.12/site-packages/airflow/example_dags/example_nested_branch_dag.py took 0.107 seconds
[2026-06-13T12:19:02.221+0000] {processor.py:161} INFO - Started process (PID=101) to work on /home/airflow/.local/lib/python3.12/site-packages/airflow/example_dags/example_nested_branch_dag.py
[2026-06-13T12:19:02.223+0000] {processor.py:830} INFO - Processing file /home/airflow/.local/lib/python3.12/site-packages/airflow/example_dags/example_nested_branch_dag.py for tasks to queue
[2026-06-13T12:19:02.226+0000] {logging_mixin.py:188} INFO - [2026-06-13T12:19:02.226+0000] {dagbag.py:545} INFO - Filling up the DagBag from /home/airflow/.local/lib/python3.12/site-packages/airflow/example_dags/example_nested_branch_dag.py
[2026-06-13T12:19:02.244+0000] {processor.py:840} INFO - DAG(s) 'example_nested_branch_dag' retrieved from /home/airflow/.local/lib/python3.12/site-packages/airflow/example_dags/example_nested_branch_dag.py
[2026-06-13T12:19:02.384+0000] {logging_mixin.py:188} INFO - [2026-06-13T12:19:02.384+0000] {dag.py:3096} INFO - Sync 1 DAGs
[2026-06-13T12:19:02.414+0000] {logging_mixin.py:188} INFO - [2026-06-13T12:19:02.413+0000] {dag.py:3954} INFO - Setting next_dagrun for example_nested_branch_dag to 2026-06-12 00:00:00+00:00, run_after=2026-06-13 00:00:00+00:00
[2026-06-13T12:19:02.447+0000] {processor.py:183} INFO - Processing /home/airflow/.local/lib/python3.12/site-packages/airflow/example_dags/example_nested_branch_dag.py took 0.239 seconds
[2026-06-13T12:19:32.551+0000] {processor.py:161} INFO - Started process (PID=160) to work on /home/airflow/.local/lib/python3.12/site-packages/airflow/example_dags/example_nested_branch_dag.py
[2026-06-13T12:19:32.553+0000] {processor.py:830} INFO - Processing file /home/airflow/.local/lib/python3.12/site-packages/airflow/example_dags/example_nested_branch_dag.py for tasks to queue
[2026-06-13T12:19:32.556+0000] {logging_mixin.py:188} INFO - [2026-06-13T12:19:32.555+0000] {dagbag.py:545} INFO - Filling up the DagBag from /home/airflow/.local/lib/python3.12/site-packages/airflow/example_dags/example_nested_branch_dag.py
[2026-06-13T12:19:32.566+0000] {processor.py:840} INFO - DAG(s) 'example_nested_branch_dag' retrieved from /home/airflow/.local/lib/python3.12/site-packages/airflow/example_dags/example_nested_branch_dag.py
[2026-06-13T12:19:32.598+0000] {logging_mixin.py:188} INFO - [2026-06-13T12:19:32.597+0000] {dag.py:3096} INFO - Sync 1 DAGs
[2026-06-13T12:19:32.625+0000] {logging_mixin.py:188} INFO - [2026-06-13T12:19:32.625+0000] {dag.py:3954} INFO - Setting next_dagrun for example_nested_branch_dag to 2026-06-12 00:00:00+00:00, run_after=2026-06-13 00:00:00+00:00
[2026-06-13T12:19:32.655+0000] {processor.py:183} INFO - Processing /home/airflow/.local/lib/python3.12/site-packages/airflow/example_dags/example_nested_branch_dag.py took 0.110 seconds
[2026-06-13T12:20:03.748+0000] {processor.py:161} INFO - Started process (PID=220) to work on /home/airflow/.local/lib/python3.12/site-packages/airflow/example_dags/example_nested_branch_dag.py
[2026-06-13T12:20:03.749+0000] {processor.py:830} INFO - Processing file /home/airflow/.local/lib/python3.12/site-packages/airflow/example_dags/example_nested_branch_dag.py for tasks to queue
[2026-06-13T12:20:03.752+0000] {logging_mixin.py:188} INFO - [2026-06-13T12:20:03.752+0000] {dagbag.py:545} INFO - Filling up the DagBag from /home/airflow/.local/lib/python3.12/site-packages/airflow/example_dags/example_nested_branch_dag.py
[2026-06-13T12:20:03.763+0000] {processor.py:840} INFO - DAG(s) 'example_nested_branch_dag' retrieved from /home/airflow/.local/lib/python3.12/site-packages/airflow/example_dags/example_nested_branch_dag.py
[2026-06-13T12:20:03.792+0000] {logging_mixin.py:188} INFO - [2026-06-13T12:20:03.791+0000] {dag.py:3096} INFO - Sync 1 DAGs
[2026-06-13T12:20:03.817+0000] {logging_mixin.py:188} INFO - [2026-06-13T12:20:03.817+0000] {dag.py:3954} INFO - Setting next_dagrun for example_nested_branch_dag to 2026-06-12 00:00:00+00:00, run_after=2026-06-13 00:00:00+00:00
[2026-06-13T12:20:03.845+0000] {processor.py:183} INFO - Processing /home/airflow/.local/lib/python3.12/site-packages/airflow/example_dags/example_nested_branch_dag.py took 0.103 seconds
[2026-06-13T12:20:34.035+0000] {processor.py:161} INFO - Started process (PID=279) to work on /home/airflow/.local/lib/python3.12/site-packages/airflow/example_dags/example_nested_branch_dag.py
[2026-06-13T12:20:34.037+0000] {processor.py:830} INFO - Processing file /home/airflow/.local/lib/python3.12/site-packages/airflow/example_dags/example_nested_branch_dag.py for tasks to queue
[2026-06-13T12:20:34.040+0000] {logging_mixin.py:188} INFO - [2026-06-13T12:20:34.039+0000] {dagbag.py:545} INFO - Filling up the DagBag from /home/airflow/.local/lib/python3.12/site-packages/airflow/example_dags/example_nested_branch_dag.py
[2026-06-13T12:20:34.050+0000] {processor.py:840} INFO - DAG(s) 'example_nested_branch_dag' retrieved from /home/airflow/.local/lib/python3.12/site-packages/airflow/example_dags/example_nested_branch_dag.py
[2026-06-13T12:20:34.075+0000] {logging_mixin.py:188} INFO - [2026-06-13T12:20:34.075+0000] {dag.py:3096} INFO - Sync 1 DAGs
[2026-06-13T12:20:34.103+0000] {logging_mixin.py:188} INFO - [2026-06-13T12:20:34.103+0000] {dag.py:3954} INFO - Setting next_dagrun for example_nested_branch_dag to 2026-06-12 00:00:00+00:00, run_after=2026-06-13 00:00:00+00:00
[2026-06-13T12:20:34.134+0000] {processor.py:183} INFO - Processing /home/airflow/.local/lib/python3.12/site-packages/airflow/example_dags/example_nested_branch_dag.py took 0.105 seconds
[2026-06-13T12:21:04.692+0000] {processor.py:161} INFO - Started process (PID=338) to work on /home/airflow/.local/lib/python3.12/site-packages/airflow/example_dags/example_nested_branch_dag.py
[2026-06-13T12:21:04.694+0000] {processor.py:830} INFO - Processing file /home/airflow/.local/lib/python3.12/site-packages/airflow/example_dags/example_nested_branch_dag.py for tasks to queue
[2026-06-13T12:21:04.696+0000] {logging_mixin.py:188} INFO - [2026-06-13T12:21:04.696+0000] {dagbag.py:545} INFO - Filling up the DagBag from /home/airflow/.local/lib/python3.12/site-packages/airflow/example_dags/example_nested_branch_dag.py
[2026-06-13T12:21:04.708+0000] {processor.py:840} INFO - DAG(s) 'example_nested_branch_dag' retrieved from /home/airflow/.local/lib/python3.12/site-packages/airflow/example_dags/example_nested_branch_dag.py
[2026-06-13T12:21:04.739+0000] {logging_mixin.py:188} INFO - [2026-06-13T12:21:04.738+0000] {dag.py:3096} INFO - Sync 1 DAGs
[2026-06-13T12:21:04.769+0000] {logging_mixin.py:188} INFO - [2026-06-13T12:21:04.769+0000] {dag.py:3954} INFO - Setting next_dagrun for example_nested_branch_dag to 2026-06-12 00:00:00+00:00, run_after=2026-06-13 00:00:00+00:00
[2026-06-13T12:21:04.799+0000] {processor.py:183} INFO - Processing /home/airflow/.local/lib/python3.12/site-packages/airflow/example_dags/example_nested_branch_dag.py took 0.114 seconds
[2026-06-13T12:21:35.010+0000] {processor.py:161} INFO - Started process (PID=398) to work on /home/airflow/.local/lib/python3.12/site-packages/airflow/example_dags/example_nested_branch_dag.py
[2026-06-13T12:21:35.012+0000] {processor.py:830} INFO - Processing file /home/airflow/.local/lib/python3.12/site-packages/airflow/example_dags/example_nested_branch_dag.py for tasks to queue
[2026-06-13T12:21:35.016+0000] {logging_mixin.py:188} INFO - [2026-06-13T12:21:35.015+0000] {dagbag.py:545} INFO - Filling up the DagBag from /home/airflow/.local/lib/python3.12/site-packages/airflow/example_dags/example_nested_branch_dag.py
[2026-06-13T12:21:35.026+0000] {processor.py:840} INFO - DAG(s) 'example_nested_branch_dag' retrieved from /home/airflow/.local/lib/python3.12/site-packages/airflow/example_dags/example_nested_branch_dag.py
[2026-06-13T12:21:35.054+0000] {logging_mixin.py:188} INFO - [2026-06-13T12:21:35.053+0000] {dag.py:3096} INFO - Sync 1 DAGs
[2026-06-13T12:21:35.081+0000] {logging_mixin.py:188} INFO - [2026-06-13T12:21:35.080+0000] {dag.py:3954} INFO - Setting next_dagrun for example_nested_branch_dag to 2026-06-12 00:00:00+00:00, run_after=2026-06-13 00:00:00+00:00
[2026-06-13T12:21:35.108+0000] {processor.py:183} INFO - Processing /home/airflow/.local/lib/python3.12/site-packages/airflow/example_dags/example_nested_branch_dag.py took 0.104 seconds
[2026-06-13T12:22:05.171+0000] {processor.py:161} INFO - Started process (PID=457) to work on /home/airflow/.local/lib/python3.12/site-packages/airflow/example_dags/example_nested_branch_dag.py
[2026-06-13T12:22:05.173+0000] {processor.py:830} INFO - Processing file /home/airflow/.local/lib/python3.12/site-packages/airflow/example_dags/example_nested_branch_dag.py for tasks to queue
[2026-06-13T12:22:05.176+0000] {logging_mixin.py:188} INFO - [2026-06-13T12:22:05.175+0000] {dagbag.py:545} INFO - Filling up the DagBag from /home/airflow/.local/lib/python3.12/site-packages/airflow/example_dags/example_nested_branch_dag.py
[2026-06-13T12:22:05.186+0000] {processor.py:840} INFO - DAG(s) 'example_nested_branch_dag' retrieved from /home/airflow/.local/lib/python3.12/site-packages/airflow/example_dags/example_nested_branch_dag.py
[2026-06-13T12:22:05.213+0000] {logging_mixin.py:188} INFO - [2026-06-13T12:22:05.212+0000] {dag.py:3096} INFO - Sync 1 DAGs
[2026-06-13T12:22:05.248+0000] {logging_mixin.py:188} INFO - [2026-06-13T12:22:05.248+0000] {dag.py:3954} INFO - Setting next_dagrun for example_nested_branch_dag to 2026-06-12 00:00:00+00:00, run_after=2026-06-13 00:00:00+00:00
[2026-06-13T12:22:05.277+0000] {processor.py:183} INFO - Processing /home/airflow/.local/lib/python3.12/site-packages/airflow/example_dags/example_nested_branch_dag.py took 0.112 seconds
[2026-06-13T12:22:35.652+0000] {processor.py:161} INFO - Started process (PID=516) to work on /home/airflow/.local/lib/python3.12/site-packages/airflow/example_dags/example_nested_branch_dag.py
[2026-06-13T12:22:35.653+0000] {processor.py:830} INFO - Processing file /home/airflow/.local/lib/python3.12/site-packages/airflow/example_dags/example_nested_branch_dag.py for tasks to queue
[2026-06-13T12:22:35.656+0000] {logging_mixin.py:188} INFO - [2026-06-13T12:22:35.656+0000] {dagbag.py:545} INFO - Filling up the DagBag from /home/airflow/.local/lib/python3.12/site-packages/airflow/example_dags/example_nested_branch_dag.py
[2026-06-13T12:22:35.669+0000] {processor.py:840} INFO - DAG(s) 'example_nested_branch_dag' retrieved from /home/airflow/.local/lib/python3.12/site-packages/airflow/example_dags/example_nested_branch_dag.py
[2026-06-13T12:22:35.699+0000] {logging_mixin.py:188} INFO - [2026-06-13T12:22:35.699+0000] {dag.py:3096} INFO - Sync 1 DAGs
[2026-06-13T12:22:35.727+0000] {logging_mixin.py:188} INFO - [2026-06-13T12:22:35.727+0000] {dag.py:3954} INFO - Setting next_dagrun for example_nested_branch_dag to 2026-06-12 00:00:00+00:00, run_after=2026-06-13 00:00:00+00:00
[2026-06-13T12:22:35.757+0000] {processor.py:183} INFO - Processing /home/airflow/.local/lib/python3.12/site-packages/airflow/example_dags/example_nested_branch_dag.py took 0.113 seconds
[2026-06-13T12:23:05.839+0000] {processor.py:161} INFO - Started process (PID=575) to work on /home/airflow/.local/lib/python3.12/site-packages/airflow/example_dags/example_nested_branch_dag.py
[2026-06-13T12:23:05.840+0000] {processor.py:830} INFO - Processing file /home/airflow/.local/lib/python3.12/site-packages/airflow/example_dags/example_nested_branch_dag.py for tasks to queue
[2026-06-13T12:23:05.844+0000] {logging_mixin.py:188} INFO - [2026-06-13T12:23:05.843+0000] {dagbag.py:545} INFO - Filling up the DagBag from /home/airflow/.local/lib/python3.12/site-packages/airflow/example_dags/example_nested_branch_dag.py
[2026-06-13T12:23:05.854+0000] {processor.py:840} INFO - DAG(s) 'example_nested_branch_dag' retrieved from /home/airflow/.local/lib/python3.12/site-packages/airflow/example_dags/example_nested_branch_dag.py
[2026-06-13T12:23:05.881+0000] {logging_mixin.py:188} INFO - [2026-06-13T12:23:05.881+0000] {dag.py:3096} INFO - Sync 1 DAGs
[2026-06-13T12:23:05.907+0000] {logging_mixin.py:188} INFO - [2026-06-13T12:23:05.907+0000] {dag.py:3954} INFO - Setting next_dagrun for example_nested_branch_dag to 2026-06-12 00:00:00+00:00, run_after=2026-06-13 00:00:00+00:00
[2026-06-13T12:23:05.935+0000] {processor.py:183} INFO - Processing /home/airflow/.local/lib/python3.12/site-packages/airflow/example_dags/example_nested_branch_dag.py took 0.102 seconds
[2026-06-13T12:26:05.283+0000] {processor.py:161} INFO - Started process (PID=628) to work on /home/airflow/.local/lib/python3.12/site-packages/airflow/example_dags/example_nested_branch_dag.py
[2026-06-13T12:26:05.285+0000] {processor.py:830} INFO - Processing file /home/airflow/.local/lib/python3.12/site-packages/airflow/example_dags/example_nested_branch_dag.py for tasks to queue
[2026-06-13T12:26:05.288+0000] {logging_mixin.py:188} INFO - [2026-06-13T12:26:05.287+0000] {dagbag.py:545} INFO - Filling up the DagBag from /home/airflow/.local/lib/python3.12/site-packages/airflow/example_dags/example_nested_branch_dag.py
[2026-06-13T12:26:05.299+0000] {processor.py:840} INFO - DAG(s) 'example_nested_branch_dag' retrieved from /home/airflow/.local/lib/python3.12/site-packages/airflow/example_dags/example_nested_branch_dag.py
[2026-06-13T12:26:05.328+0000] {logging_mixin.py:188} INFO - [2026-06-13T12:26:05.327+0000] {dag.py:3096} INFO - Sync 1 DAGs
[2026-06-13T12:26:05.355+0000] {logging_mixin.py:188} INFO - [2026-06-13T12:26:05.355+0000] {dag.py:3954} INFO - Setting next_dagrun for example_nested_branch_dag to 2026-06-12 00:00:00+00:00, run_after=2026-06-13 00:00:00+00:00
[2026-06-13T12:26:05.388+0000] {processor.py:183} INFO - Processing /home/airflow/.local/lib/python3.12/site-packages/airflow/example_dags/example_nested_branch_dag.py took 0.111 seconds
[2026-06-13T12:26:36.798+0000] {processor.py:161} INFO - Started process (PID=687) to work on /home/airflow/.local/lib/python3.12/site-packages/airflow/example_dags/example_nested_branch_dag.py
[2026-06-13T12:26:36.800+0000] {processor.py:830} INFO - Processing file /home/airflow/.local/lib/python3.12/site-packages/airflow/example_dags/example_nested_branch_dag.py for tasks to queue
[2026-06-13T12:26:36.802+0000] {logging_mixin.py:188} INFO - [2026-06-13T12:26:36.802+0000] {dagbag.py:545} INFO - Filling up the DagBag from /home/airflow/.local/lib/python3.12/site-packages/airflow/example_dags/example_nested_branch_dag.py
[2026-06-13T12:26:36.815+0000] {processor.py:840} INFO - DAG(s) 'example_nested_branch_dag' retrieved from /home/airflow/.local/lib/python3.12/site-packages/airflow/example_dags/example_nested_branch_dag.py
[2026-06-13T12:26:36.843+0000] {logging_mixin.py:188} INFO - [2026-06-13T12:26:36.842+0000] {dag.py:3096} INFO - Sync 1 DAGs
[2026-06-13T12:26:36.870+0000] {logging_mixin.py:188} INFO - [2026-06-13T12:26:36.870+0000] {dag.py:3954} INFO - Setting next_dagrun for example_nested_branch_dag to 2026-06-12 00:00:00+00:00, run_after=2026-06-13 00:00:00+00:00
[2026-06-13T12:26:36.899+0000] {processor.py:183} INFO - Processing /home/airflow/.local/lib/python3.12/site-packages/airflow/example_dags/example_nested_branch_dag.py took 0.109 seconds
[2026-06-13T12:27:07.213+0000] {processor.py:161} INFO - Started process (PID=747) to work on /home/airflow/.local/lib/python3.12/site-packages/airflow/example_dags/example_nested_branch_dag.py
[2026-06-13T12:27:07.215+0000] {processor.py:830} INFO - Processing file /home/airflow/.local/lib/python3.12/site-packages/airflow/example_dags/example_nested_branch_dag.py for tasks to queue
[2026-06-13T12:27:07.218+0000] {logging_mixin.py:188} INFO - [2026-06-13T12:27:07.217+0000] {dagbag.py:545} INFO - Filling up the DagBag from /home/airflow/.local/lib/python3.12/site-packages/airflow/example_dags/example_nested_branch_dag.py
[2026-06-13T12:27:07.229+0000] {processor.py:840} INFO - DAG(s) 'example_nested_branch_dag' retrieved from /home/airflow/.local/lib/python3.12/site-packages/airflow/example_dags/example_nested_branch_dag.py
[2026-06-13T12:27:07.255+0000] {logging_mixin.py:188} INFO - [2026-06-13T12:27:07.254+0000] {dag.py:3096} INFO - Sync 1 DAGs
[2026-06-13T12:27:07.280+0000] {logging_mixin.py:188} INFO - [2026-06-13T12:27:07.280+0000] {dag.py:3954} INFO - Setting next_dagrun for example_nested_branch_dag to 2026-06-12 00:00:00+00:00, run_after=2026-06-13 00:00:00+00:00
[2026-06-13T12:27:07.310+0000] {processor.py:183} INFO - Processing /home/airflow/.local/lib/python3.12/site-packages/airflow/example_dags/example_nested_branch_dag.py took 0.103 seconds
[2026-06-13T12:27:37.652+0000] {processor.py:161} INFO - Started process (PID=806) to work on /home/airflow/.local/lib/python3.12/site-packages/airflow/example_dags/example_nested_branch_dag.py
[2026-06-13T12:27:37.654+0000] {processor.py:830} INFO - Processing file /home/airflow/.local/lib/python3.12/site-packages/airflow/example_dags/example_nested_branch_dag.py for tasks to queue
[2026-06-13T12:27:37.656+0000] {logging_mixin.py:188} INFO - [2026-06-13T12:27:37.656+0000] {dagbag.py:545} INFO - Filling up the DagBag from /home/airflow/.local/lib/python3.12/site-packages/airflow/example_dags/example_nested_branch_dag.py
[2026-06-13T12:27:37.668+0000] {processor.py:840} INFO - DAG(s) 'example_nested_branch_dag' retrieved from /home/airflow/.local/lib/python3.12/site-packages/airflow/example_dags/example_nested_branch_dag.py
[2026-06-13T12:27:37.699+0000] {logging_mixin.py:188} INFO - [2026-06-13T12:27:37.698+0000] {dag.py:3096} INFO - Sync 1 DAGs
[2026-06-13T12:27:37.724+0000] {logging_mixin.py:188} INFO - [2026-06-13T12:27:37.723+0000] {dag.py:3954} INFO - Setting next_dagrun for example_nested_branch_dag to 2026-06-12 00:00:00+00:00, run_after=2026-06-13 00:00:00+00:00
[2026-06-13T12:27:37.751+0000] {processor.py:183} INFO - Processing /home/airflow/.local/lib/python3.12/site-packages/airflow/example_dags/example_nested_branch_dag.py took 0.106 seconds
[2026-06-13T12:28:08.257+0000] {processor.py:161} INFO - Started process (PID=865) to work on /home/airflow/.local/lib/python3.12/site-packages/airflow/example_dags/example_nested_branch_dag.py
[2026-06-13T12:28:08.259+0000] {processor.py:830} INFO - Processing file /home/airflow/.local/lib/python3.12/site-packages/airflow/example_dags/example_nested_branch_dag.py for tasks to queue
[2026-06-13T12:28:08.262+0000] {logging_mixin.py:188} INFO - [2026-06-13T12:28:08.261+0000] {dagbag.py:545} INFO - Filling up the DagBag from /home/airflow/.local/lib/python3.12/site-packages/airflow/example_dags/example_nested_branch_dag.py
[2026-06-13T12:28:08.274+0000] {processor.py:840} INFO - DAG(s) 'example_nested_branch_dag' retrieved from /home/airflow/.local/lib/python3.12/site-packages/airflow/example_dags/example_nested_branch_dag.py
[2026-06-13T12:28:08.303+0000] {logging_mixin.py:188} INFO - [2026-06-13T12:28:08.303+0000] {dag.py:3096} INFO - Sync 1 DAGs
[2026-06-13T12:28:08.329+0000] {logging_mixin.py:188} INFO - [2026-06-13T12:28:08.329+0000] {dag.py:3954} INFO - Setting next_dagrun for example_nested_branch_dag to 2026-06-12 00:00:00+00:00, run_after=2026-06-13 00:00:00+00:00
[2026-06-13T12:28:08.356+0000] {processor.py:183} INFO - Processing /home/airflow/.local/lib/python3.12/site-packages/airflow/example_dags/example_nested_branch_dag.py took 0.105 seconds
[2026-06-13T12:28:38.463+0000] {processor.py:161} INFO - Started process (PID=931) to work on /home/airflow/.local/lib/python3.12/site-packages/airflow/example_dags/example_nested_branch_dag.py
[2026-06-13T12:28:38.465+0000] {processor.py:830} INFO - Processing file /home/airflow/.local/lib/python3.12/site-packages/airflow/example_dags/example_nested_branch_dag.py for tasks to queue
[2026-06-13T12:28:38.468+0000] {logging_mixin.py:188} INFO - [2026-06-13T12:28:38.467+0000] {dagbag.py:545} INFO - Filling up the DagBag from /home/airflow/.local/lib/python3.12/site-packages/airflow/example_dags/example_nested_branch_dag.py
[2026-06-13T12:28:38.478+0000] {processor.py:840} INFO - DAG(s) 'example_nested_branch_dag' retrieved from /home/airflow/.local/lib/python3.12/site-packages/airflow/example_dags/example_nested_branch_dag.py
[2026-06-13T12:28:38.506+0000] {logging_mixin.py:188} INFO - [2026-06-13T12:28:38.506+0000] {dag.py:3096} INFO - Sync 1 DAGs
[2026-06-13T12:28:38.534+0000] {logging_mixin.py:188} INFO - [2026-06-13T12:28:38.534+0000] {dag.py:3954} INFO - Setting next_dagrun for example_nested_branch_dag to 2026-06-12 00:00:00+00:00, run_after=2026-06-13 00:00:00+00:00
[2026-06-13T12:28:38.563+0000] {processor.py:183} INFO - Processing /home/airflow/.local/lib/python3.12/site-packages/airflow/example_dags/example_nested_branch_dag.py took 0.107 seconds
[2026-06-13T12:29:08.884+0000] {processor.py:161} INFO - Started process (PID=991) to work on /home/airflow/.local/lib/python3.12/site-packages/airflow/example_dags/example_nested_branch_dag.py
[2026-06-13T12:29:08.886+0000] {processor.py:830} INFO - Processing file /home/airflow/.local/lib/python3.12/site-packages/airflow/example_dags/example_nested_branch_dag.py for tasks to queue
[2026-06-13T12:29:08.890+0000] {logging_mixin.py:188} INFO - [2026-06-13T12:29:08.889+0000] {dagbag.py:545} INFO - Filling up the DagBag from /home/airflow/.local/lib/python3.12/site-packages/airflow/example_dags/example_nested_branch_dag.py
[2026-06-13T12:29:08.902+0000] {processor.py:840} INFO - DAG(s) 'example_nested_branch_dag' retrieved from /home/airflow/.local/lib/python3.12/site-packages/airflow/example_dags/example_nested_branch_dag.py
[2026-06-13T12:29:08.934+0000] {logging_mixin.py:188} INFO - [2026-06-13T12:29:08.933+0000] {dag.py:3096} INFO - Sync 1 DAGs
[2026-06-13T12:29:08.963+0000] {logging_mixin.py:188} INFO - [2026-06-13T12:29:08.962+0000] {dag.py:3954} INFO - Setting next_dagrun for example_nested_branch_dag to 2026-06-12 00:00:00+00:00, run_after=2026-06-13 00:00:00+00:00
[2026-06-13T12:29:08.992+0000] {processor.py:183} INFO - Processing /home/airflow/.local/lib/python3.12/site-packages/airflow/example_dags/example_nested_branch_dag.py took 0.115 seconds
[2026-06-13T12:29:39.332+0000] {processor.py:161} INFO - Started process (PID=1050) to work on /home/airflow/.local/lib/python3.12/site-packages/airflow/example_dags/example_nested_branch_dag.py
[2026-06-13T12:29:39.333+0000] {processor.py:830} INFO - Processing file /home/airflow/.local/lib/python3.12/site-packages/airflow/example_dags/example_nested_branch_dag.py for tasks to queue
[2026-06-13T12:29:39.336+0000] {logging_mixin.py:188} INFO - [2026-06-13T12:29:39.336+0000] {dagbag.py:545} INFO - Filling up the DagBag from /home/airflow/.local/lib/python3.12/site-packages/airflow/example_dags/example_nested_branch_dag.py
[2026-06-13T12:29:39.349+0000] {processor.py:840} INFO - DAG(s) 'example_nested_branch_dag' retrieved from /home/airflow/.local/lib/python3.12/site-packages/airflow/example_dags/example_nested_branch_dag.py
[2026-06-13T12:29:39.377+0000] {logging_mixin.py:188} INFO - [2026-06-13T12:29:39.377+0000] {dag.py:3096} INFO - Sync 1 DAGs
[2026-06-13T12:29:39.405+0000] {logging_mixin.py:188} INFO - [2026-06-13T12:29:39.404+0000] {dag.py:3954} INFO - Setting next_dagrun for example_nested_branch_dag to 2026-06-12 00:00:00+00:00, run_after=2026-06-13 00:00:00+00:00
[2026-06-13T12:29:39.432+0000] {processor.py:183} INFO - Processing /home/airflow/.local/lib/python3.12/site-packages/airflow/example_dags/example_nested_branch_dag.py took 0.107 seconds
[2026-06-13T12:30:10.639+0000] {processor.py:161} INFO - Started process (PID=1109) to work on /home/airflow/.local/lib/python3.12/site-packages/airflow/example_dags/example_nested_branch_dag.py
[2026-06-13T12:30:10.640+0000] {processor.py:830} INFO - Processing file /home/airflow/.local/lib/python3.12/site-packages/airflow/example_dags/example_nested_branch_dag.py for tasks to queue
[2026-06-13T12:30:10.643+0000] {logging_mixin.py:188} INFO - [2026-06-13T12:30:10.643+0000] {dagbag.py:545} INFO - Filling up the DagBag from /home/airflow/.local/lib/python3.12/site-packages/airflow/example_dags/example_nested_branch_dag.py
[2026-06-13T12:30:10.655+0000] {processor.py:840} INFO - DAG(s) 'example_nested_branch_dag' retrieved from /home/airflow/.local/lib/python3.12/site-packages/airflow/example_dags/example_nested_branch_dag.py
[2026-06-13T12:30:10.682+0000] {logging_mixin.py:188} INFO - [2026-06-13T12:30:10.681+0000] {dag.py:3096} INFO - Sync 1 DAGs
[2026-06-13T12:30:10.706+0000] {logging_mixin.py:188} INFO - [2026-06-13T12:30:10.706+0000] {dag.py:3954} INFO - Setting next_dagrun for example_nested_branch_dag to 2026-06-12 00:00:00+00:00, run_after=2026-06-13 00:00:00+00:00
[2026-06-13T12:30:10.732+0000] {processor.py:183} INFO - Processing /home/airflow/.local/lib/python3.12/site-packages/airflow/example_dags/example_nested_branch_dag.py took 0.100 seconds
[2026-06-13T12:30:41.542+0000] {processor.py:161} INFO - Started process (PID=1168) to work on /home/airflow/.local/lib/python3.12/site-packages/airflow/example_dags/example_nested_branch_dag.py
[2026-06-13T12:30:41.544+0000] {processor.py:830} INFO - Processing file /home/airflow/.local/lib/python3.12/site-packages/airflow/example_dags/example_nested_branch_dag.py for tasks to queue
[2026-06-13T12:30:41.547+0000] {logging_mixin.py:188} INFO - [2026-06-13T12:30:41.546+0000] {dagbag.py:545} INFO - Filling up the DagBag from /home/airflow/.local/lib/python3.12/site-packages/airflow/example_dags/example_nested_branch_dag.py
[2026-06-13T12:30:41.558+0000] {processor.py:840} INFO - DAG(s) 'example_nested_branch_dag' retrieved from /home/airflow/.local/lib/python3.12/site-packages/airflow/example_dags/example_nested_branch_dag.py
[2026-06-13T12:30:41.586+0000] {logging_mixin.py:188} INFO - [2026-06-13T12:30:41.586+0000] {dag.py:3096} INFO - Sync 1 DAGs
[2026-06-13T12:30:41.611+0000] {logging_mixin.py:188} INFO - [2026-06-13T12:30:41.610+0000] {dag.py:3954} INFO - Setting next_dagrun for example_nested_branch_dag to 2026-06-12 00:00:00+00:00, run_after=2026-06-13 00:00:00+00:00
[2026-06-13T12:30:41.638+0000] {processor.py:183} INFO - Processing /home/airflow/.local/lib/python3.12/site-packages/airflow/example_dags/example_nested_branch_dag.py took 0.102 seconds
[2026-06-13T12:31:11.925+0000] {processor.py:161} INFO - Started process (PID=1227) to work on /home/airflow/.local/lib/python3.12/site-packages/airflow/example_dags/example_nested_branch_dag.py
[2026-06-13T12:31:11.926+0000] {processor.py:830} INFO - Processing file /home/airflow/.local/lib/python3.12/site-packages/airflow/example_dags/example_nested_branch_dag.py for tasks to queue
[2026-06-13T12:31:11.929+0000] {logging_mixin.py:188} INFO - [2026-06-13T12:31:11.929+0000] {dagbag.py:545} INFO - Filling up the DagBag from /home/airflow/.local/lib/python3.12/site-packages/airflow/example_dags/example_nested_branch_dag.py
[2026-06-13T12:31:11.940+0000] {processor.py:840} INFO - DAG(s) 'example_nested_branch_dag' retrieved from /home/airflow/.local/lib/python3.12/site-packages/airflow/example_dags/example_nested_branch_dag.py
[2026-06-13T12:31:11.970+0000] {logging_mixin.py:188} INFO - [2026-06-13T12:31:11.970+0000] {dag.py:3096} INFO - Sync 1 DAGs
[2026-06-13T12:31:11.995+0000] {logging_mixin.py:188} INFO - [2026-06-13T12:31:11.995+0000] {dag.py:3954} INFO - Setting next_dagrun for example_nested_branch_dag to 2026-06-12 00:00:00+00:00, run_after=2026-06-13 00:00:00+00:00
[2026-06-13T12:31:12.029+0000] {processor.py:183} INFO - Processing /home/airflow/.local/lib/python3.12/site-packages/airflow/example_dags/example_nested_branch_dag.py took 0.110 seconds
[2026-06-13T16:08:24.811+0000] {processor.py:161} INFO - Started process (PID=1290) to work on /home/airflow/.local/lib/python3.12/site-packages/airflow/example_dags/example_nested_branch_dag.py
[2026-06-13T16:08:24.813+0000] {processor.py:830} INFO - Processing file /home/airflow/.local/lib/python3.12/site-packages/airflow/example_dags/example_nested_branch_dag.py for tasks to queue
[2026-06-13T16:08:24.816+0000] {logging_mixin.py:188} INFO - [2026-06-13T16:08:24.816+0000] {dagbag.py:545} INFO - Filling up the DagBag from /home/airflow/.local/lib/python3.12/site-packages/airflow/example_dags/example_nested_branch_dag.py
[2026-06-13T16:08:24.830+0000] {processor.py:840} INFO - DAG(s) 'example_nested_branch_dag' retrieved from /home/airflow/.local/lib/python3.12/site-packages/airflow/example_dags/example_nested_branch_dag.py
[2026-06-13T16:08:24.860+0000] {logging_mixin.py:188} INFO - [2026-06-13T16:08:24.860+0000] {dag.py:3096} INFO - Sync 1 DAGs
[2026-06-13T16:08:24.890+0000] {logging_mixin.py:188} INFO - [2026-06-13T16:08:24.889+0000] {dag.py:3954} INFO - Setting next_dagrun for example_nested_branch_dag to 2026-06-12 00:00:00+00:00, run_after=2026-06-13 00:00:00+00:00
[2026-06-13T16:08:24.930+0000] {processor.py:183} INFO - Processing /home/airflow/.local/lib/python3.12/site-packages/airflow/example_dags/example_nested_branch_dag.py took 0.126 seconds
