[2026-06-13T10:42:20.894+0000] {processor.py:161} INFO - Started process (PID=97) to work on /home/airflow/.local/lib/python3.12/site-packages/airflow/example_dags/example_sensors.py
[2026-06-13T10:42:20.896+0000] {processor.py:830} INFO - Processing file /home/airflow/.local/lib/python3.12/site-packages/airflow/example_dags/example_sensors.py for tasks to queue
[2026-06-13T10:42:20.899+0000] {logging_mixin.py:188} INFO - [2026-06-13T10:42:20.899+0000] {dagbag.py:545} INFO - Filling up the DagBag from /home/airflow/.local/lib/python3.12/site-packages/airflow/example_dags/example_sensors.py
[2026-06-13T10:42:20.916+0000] {processor.py:840} INFO - DAG(s) 'example_sensors' retrieved from /home/airflow/.local/lib/python3.12/site-packages/airflow/example_dags/example_sensors.py
[2026-06-13T10:42:21.070+0000] {logging_mixin.py:188} INFO - [2026-06-13T10:42:21.070+0000] {dag.py:3096} INFO - Sync 1 DAGs
[2026-06-13T10:42:21.088+0000] {logging_mixin.py:188} INFO - [2026-06-13T10:42:21.088+0000] {dag.py:3954} INFO - Setting next_dagrun for example_sensors to None, run_after=None
[2026-06-13T10:42:21.123+0000] {processor.py:183} INFO - Processing /home/airflow/.local/lib/python3.12/site-packages/airflow/example_dags/example_sensors.py took 0.237 seconds
[2026-06-13T10:42:51.763+0000] {processor.py:161} INFO - Started process (PID=155) to work on /home/airflow/.local/lib/python3.12/site-packages/airflow/example_dags/example_sensors.py
[2026-06-13T10:42:51.765+0000] {processor.py:830} INFO - Processing file /home/airflow/.local/lib/python3.12/site-packages/airflow/example_dags/example_sensors.py for tasks to queue
[2026-06-13T10:42:51.767+0000] {logging_mixin.py:188} INFO - [2026-06-13T10:42:51.767+0000] {dagbag.py:545} INFO - Filling up the DagBag from /home/airflow/.local/lib/python3.12/site-packages/airflow/example_dags/example_sensors.py
[2026-06-13T10:42:51.777+0000] {processor.py:840} INFO - DAG(s) 'example_sensors' retrieved from /home/airflow/.local/lib/python3.12/site-packages/airflow/example_dags/example_sensors.py
[2026-06-13T10:42:51.809+0000] {logging_mixin.py:188} INFO - [2026-06-13T10:42:51.808+0000] {dag.py:3096} INFO - Sync 1 DAGs
[2026-06-13T10:42:51.821+0000] {logging_mixin.py:188} INFO - [2026-06-13T10:42:51.821+0000] {dag.py:3954} INFO - Setting next_dagrun for example_sensors to None, run_after=None
[2026-06-13T10:42:51.848+0000] {processor.py:183} INFO - Processing /home/airflow/.local/lib/python3.12/site-packages/airflow/example_dags/example_sensors.py took 0.090 seconds
[2026-06-13T10:43:22.341+0000] {processor.py:161} INFO - Started process (PID=213) to work on /home/airflow/.local/lib/python3.12/site-packages/airflow/example_dags/example_sensors.py
[2026-06-13T10:43:22.343+0000] {processor.py:830} INFO - Processing file /home/airflow/.local/lib/python3.12/site-packages/airflow/example_dags/example_sensors.py for tasks to queue
[2026-06-13T10:43:22.346+0000] {logging_mixin.py:188} INFO - [2026-06-13T10:43:22.346+0000] {dagbag.py:545} INFO - Filling up the DagBag from /home/airflow/.local/lib/python3.12/site-packages/airflow/example_dags/example_sensors.py
[2026-06-13T10:43:22.357+0000] {processor.py:840} INFO - DAG(s) 'example_sensors' retrieved from /home/airflow/.local/lib/python3.12/site-packages/airflow/example_dags/example_sensors.py
[2026-06-13T10:43:22.390+0000] {logging_mixin.py:188} INFO - [2026-06-13T10:43:22.390+0000] {dag.py:3096} INFO - Sync 1 DAGs
[2026-06-13T10:43:22.409+0000] {logging_mixin.py:188} INFO - [2026-06-13T10:43:22.409+0000] {dag.py:3954} INFO - Setting next_dagrun for example_sensors to None, run_after=None
[2026-06-13T10:43:22.442+0000] {processor.py:183} INFO - Processing /home/airflow/.local/lib/python3.12/site-packages/airflow/example_dags/example_sensors.py took 0.106 seconds
[2026-06-13T10:43:52.655+0000] {processor.py:161} INFO - Started process (PID=271) to work on /home/airflow/.local/lib/python3.12/site-packages/airflow/example_dags/example_sensors.py
[2026-06-13T10:43:52.657+0000] {processor.py:830} INFO - Processing file /home/airflow/.local/lib/python3.12/site-packages/airflow/example_dags/example_sensors.py for tasks to queue
[2026-06-13T10:43:52.660+0000] {logging_mixin.py:188} INFO - [2026-06-13T10:43:52.660+0000] {dagbag.py:545} INFO - Filling up the DagBag from /home/airflow/.local/lib/python3.12/site-packages/airflow/example_dags/example_sensors.py
[2026-06-13T10:43:52.669+0000] {processor.py:840} INFO - DAG(s) 'example_sensors' retrieved from /home/airflow/.local/lib/python3.12/site-packages/airflow/example_dags/example_sensors.py
[2026-06-13T10:43:52.698+0000] {logging_mixin.py:188} INFO - [2026-06-13T10:43:52.698+0000] {dag.py:3096} INFO - Sync 1 DAGs
[2026-06-13T10:43:52.712+0000] {logging_mixin.py:188} INFO - [2026-06-13T10:43:52.711+0000] {dag.py:3954} INFO - Setting next_dagrun for example_sensors to None, run_after=None
[2026-06-13T10:43:52.737+0000] {processor.py:183} INFO - Processing /home/airflow/.local/lib/python3.12/site-packages/airflow/example_dags/example_sensors.py took 0.088 seconds
[2026-06-13T10:44:22.984+0000] {processor.py:161} INFO - Started process (PID=329) to work on /home/airflow/.local/lib/python3.12/site-packages/airflow/example_dags/example_sensors.py
[2026-06-13T10:44:22.985+0000] {processor.py:830} INFO - Processing file /home/airflow/.local/lib/python3.12/site-packages/airflow/example_dags/example_sensors.py for tasks to queue
[2026-06-13T10:44:22.988+0000] {logging_mixin.py:188} INFO - [2026-06-13T10:44:22.988+0000] {dagbag.py:545} INFO - Filling up the DagBag from /home/airflow/.local/lib/python3.12/site-packages/airflow/example_dags/example_sensors.py
[2026-06-13T10:44:22.998+0000] {processor.py:840} INFO - DAG(s) 'example_sensors' retrieved from /home/airflow/.local/lib/python3.12/site-packages/airflow/example_dags/example_sensors.py
[2026-06-13T10:44:23.031+0000] {logging_mixin.py:188} INFO - [2026-06-13T10:44:23.031+0000] {dag.py:3096} INFO - Sync 1 DAGs
[2026-06-13T10:44:23.046+0000] {logging_mixin.py:188} INFO - [2026-06-13T10:44:23.046+0000] {dag.py:3954} INFO - Setting next_dagrun for example_sensors to None, run_after=None
[2026-06-13T10:44:23.075+0000] {processor.py:183} INFO - Processing /home/airflow/.local/lib/python3.12/site-packages/airflow/example_dags/example_sensors.py took 0.098 seconds
[2026-06-13T10:44:53.615+0000] {processor.py:161} INFO - Started process (PID=387) to work on /home/airflow/.local/lib/python3.12/site-packages/airflow/example_dags/example_sensors.py
[2026-06-13T10:44:53.617+0000] {processor.py:830} INFO - Processing file /home/airflow/.local/lib/python3.12/site-packages/airflow/example_dags/example_sensors.py for tasks to queue
[2026-06-13T10:44:53.620+0000] {logging_mixin.py:188} INFO - [2026-06-13T10:44:53.619+0000] {dagbag.py:545} INFO - Filling up the DagBag from /home/airflow/.local/lib/python3.12/site-packages/airflow/example_dags/example_sensors.py
[2026-06-13T10:44:53.634+0000] {processor.py:840} INFO - DAG(s) 'example_sensors' retrieved from /home/airflow/.local/lib/python3.12/site-packages/airflow/example_dags/example_sensors.py
[2026-06-13T10:44:53.667+0000] {logging_mixin.py:188} INFO - [2026-06-13T10:44:53.666+0000] {dag.py:3096} INFO - Sync 1 DAGs
[2026-06-13T10:44:53.682+0000] {logging_mixin.py:188} INFO - [2026-06-13T10:44:53.682+0000] {dag.py:3954} INFO - Setting next_dagrun for example_sensors to None, run_after=None
[2026-06-13T10:44:53.710+0000] {processor.py:183} INFO - Processing /home/airflow/.local/lib/python3.12/site-packages/airflow/example_dags/example_sensors.py took 0.105 seconds
[2026-06-13T10:45:24.021+0000] {processor.py:161} INFO - Started process (PID=445) to work on /home/airflow/.local/lib/python3.12/site-packages/airflow/example_dags/example_sensors.py
[2026-06-13T10:45:24.023+0000] {processor.py:830} INFO - Processing file /home/airflow/.local/lib/python3.12/site-packages/airflow/example_dags/example_sensors.py for tasks to queue
[2026-06-13T10:45:24.026+0000] {logging_mixin.py:188} INFO - [2026-06-13T10:45:24.025+0000] {dagbag.py:545} INFO - Filling up the DagBag from /home/airflow/.local/lib/python3.12/site-packages/airflow/example_dags/example_sensors.py
[2026-06-13T10:45:24.035+0000] {processor.py:840} INFO - DAG(s) 'example_sensors' retrieved from /home/airflow/.local/lib/python3.12/site-packages/airflow/example_dags/example_sensors.py
[2026-06-13T10:45:24.068+0000] {logging_mixin.py:188} INFO - [2026-06-13T10:45:24.068+0000] {dag.py:3096} INFO - Sync 1 DAGs
[2026-06-13T10:45:24.081+0000] {logging_mixin.py:188} INFO - [2026-06-13T10:45:24.081+0000] {dag.py:3954} INFO - Setting next_dagrun for example_sensors to None, run_after=None
[2026-06-13T10:45:24.107+0000] {processor.py:183} INFO - Processing /home/airflow/.local/lib/python3.12/site-packages/airflow/example_dags/example_sensors.py took 0.093 seconds
[2026-06-13T10:45:54.870+0000] {processor.py:161} INFO - Started process (PID=503) to work on /home/airflow/.local/lib/python3.12/site-packages/airflow/example_dags/example_sensors.py
[2026-06-13T10:45:54.871+0000] {processor.py:830} INFO - Processing file /home/airflow/.local/lib/python3.12/site-packages/airflow/example_dags/example_sensors.py for tasks to queue
[2026-06-13T10:45:54.874+0000] {logging_mixin.py:188} INFO - [2026-06-13T10:45:54.873+0000] {dagbag.py:545} INFO - Filling up the DagBag from /home/airflow/.local/lib/python3.12/site-packages/airflow/example_dags/example_sensors.py
[2026-06-13T10:45:54.884+0000] {processor.py:840} INFO - DAG(s) 'example_sensors' retrieved from /home/airflow/.local/lib/python3.12/site-packages/airflow/example_dags/example_sensors.py
[2026-06-13T10:45:54.913+0000] {logging_mixin.py:188} INFO - [2026-06-13T10:45:54.913+0000] {dag.py:3096} INFO - Sync 1 DAGs
[2026-06-13T10:45:54.929+0000] {logging_mixin.py:188} INFO - [2026-06-13T10:45:54.928+0000] {dag.py:3954} INFO - Setting next_dagrun for example_sensors to None, run_after=None
[2026-06-13T10:45:54.957+0000] {processor.py:183} INFO - Processing /home/airflow/.local/lib/python3.12/site-packages/airflow/example_dags/example_sensors.py took 0.094 seconds
[2026-06-13T10:46:25.119+0000] {processor.py:161} INFO - Started process (PID=561) to work on /home/airflow/.local/lib/python3.12/site-packages/airflow/example_dags/example_sensors.py
[2026-06-13T10:46:25.120+0000] {processor.py:830} INFO - Processing file /home/airflow/.local/lib/python3.12/site-packages/airflow/example_dags/example_sensors.py for tasks to queue
[2026-06-13T10:46:25.123+0000] {logging_mixin.py:188} INFO - [2026-06-13T10:46:25.122+0000] {dagbag.py:545} INFO - Filling up the DagBag from /home/airflow/.local/lib/python3.12/site-packages/airflow/example_dags/example_sensors.py
[2026-06-13T10:46:25.134+0000] {processor.py:840} INFO - DAG(s) 'example_sensors' retrieved from /home/airflow/.local/lib/python3.12/site-packages/airflow/example_dags/example_sensors.py
[2026-06-13T10:46:25.163+0000] {logging_mixin.py:188} INFO - [2026-06-13T10:46:25.163+0000] {dag.py:3096} INFO - Sync 1 DAGs
[2026-06-13T10:46:25.177+0000] {logging_mixin.py:188} INFO - [2026-06-13T10:46:25.177+0000] {dag.py:3954} INFO - Setting next_dagrun for example_sensors to None, run_after=None
[2026-06-13T10:46:25.204+0000] {processor.py:183} INFO - Processing /home/airflow/.local/lib/python3.12/site-packages/airflow/example_dags/example_sensors.py took 0.091 seconds
[2026-06-13T10:46:55.317+0000] {processor.py:161} INFO - Started process (PID=619) to work on /home/airflow/.local/lib/python3.12/site-packages/airflow/example_dags/example_sensors.py
[2026-06-13T10:46:55.318+0000] {processor.py:830} INFO - Processing file /home/airflow/.local/lib/python3.12/site-packages/airflow/example_dags/example_sensors.py for tasks to queue
[2026-06-13T10:46:55.321+0000] {logging_mixin.py:188} INFO - [2026-06-13T10:46:55.321+0000] {dagbag.py:545} INFO - Filling up the DagBag from /home/airflow/.local/lib/python3.12/site-packages/airflow/example_dags/example_sensors.py
[2026-06-13T10:46:55.330+0000] {processor.py:840} INFO - DAG(s) 'example_sensors' retrieved from /home/airflow/.local/lib/python3.12/site-packages/airflow/example_dags/example_sensors.py
[2026-06-13T10:46:55.361+0000] {logging_mixin.py:188} INFO - [2026-06-13T10:46:55.361+0000] {dag.py:3096} INFO - Sync 1 DAGs
[2026-06-13T10:46:55.375+0000] {logging_mixin.py:188} INFO - [2026-06-13T10:46:55.374+0000] {dag.py:3954} INFO - Setting next_dagrun for example_sensors to None, run_after=None
[2026-06-13T10:46:55.404+0000] {processor.py:183} INFO - Processing /home/airflow/.local/lib/python3.12/site-packages/airflow/example_dags/example_sensors.py took 0.093 seconds
[2026-06-13T10:47:25.496+0000] {processor.py:161} INFO - Started process (PID=677) to work on /home/airflow/.local/lib/python3.12/site-packages/airflow/example_dags/example_sensors.py
[2026-06-13T10:47:25.498+0000] {processor.py:830} INFO - Processing file /home/airflow/.local/lib/python3.12/site-packages/airflow/example_dags/example_sensors.py for tasks to queue
[2026-06-13T10:47:25.501+0000] {logging_mixin.py:188} INFO - [2026-06-13T10:47:25.501+0000] {dagbag.py:545} INFO - Filling up the DagBag from /home/airflow/.local/lib/python3.12/site-packages/airflow/example_dags/example_sensors.py
[2026-06-13T10:47:25.512+0000] {processor.py:840} INFO - DAG(s) 'example_sensors' retrieved from /home/airflow/.local/lib/python3.12/site-packages/airflow/example_dags/example_sensors.py
[2026-06-13T10:47:25.548+0000] {logging_mixin.py:188} INFO - [2026-06-13T10:47:25.547+0000] {dag.py:3096} INFO - Sync 1 DAGs
[2026-06-13T10:47:25.564+0000] {logging_mixin.py:188} INFO - [2026-06-13T10:47:25.563+0000] {dag.py:3954} INFO - Setting next_dagrun for example_sensors to None, run_after=None
[2026-06-13T10:47:25.599+0000] {processor.py:183} INFO - Processing /home/airflow/.local/lib/python3.12/site-packages/airflow/example_dags/example_sensors.py took 0.109 seconds
[2026-06-13T10:47:55.805+0000] {processor.py:161} INFO - Started process (PID=735) to work on /home/airflow/.local/lib/python3.12/site-packages/airflow/example_dags/example_sensors.py
[2026-06-13T10:47:55.807+0000] {processor.py:830} INFO - Processing file /home/airflow/.local/lib/python3.12/site-packages/airflow/example_dags/example_sensors.py for tasks to queue
[2026-06-13T10:47:55.809+0000] {logging_mixin.py:188} INFO - [2026-06-13T10:47:55.809+0000] {dagbag.py:545} INFO - Filling up the DagBag from /home/airflow/.local/lib/python3.12/site-packages/airflow/example_dags/example_sensors.py
[2026-06-13T10:47:55.822+0000] {processor.py:840} INFO - DAG(s) 'example_sensors' retrieved from /home/airflow/.local/lib/python3.12/site-packages/airflow/example_dags/example_sensors.py
[2026-06-13T10:47:55.854+0000] {logging_mixin.py:188} INFO - [2026-06-13T10:47:55.854+0000] {dag.py:3096} INFO - Sync 1 DAGs
[2026-06-13T10:47:55.868+0000] {logging_mixin.py:188} INFO - [2026-06-13T10:47:55.868+0000] {dag.py:3954} INFO - Setting next_dagrun for example_sensors to None, run_after=None
[2026-06-13T10:47:55.895+0000] {processor.py:183} INFO - Processing /home/airflow/.local/lib/python3.12/site-packages/airflow/example_dags/example_sensors.py took 0.098 seconds
[2026-06-13T10:48:26.066+0000] {processor.py:161} INFO - Started process (PID=793) to work on /home/airflow/.local/lib/python3.12/site-packages/airflow/example_dags/example_sensors.py
[2026-06-13T10:48:26.068+0000] {processor.py:830} INFO - Processing file /home/airflow/.local/lib/python3.12/site-packages/airflow/example_dags/example_sensors.py for tasks to queue
[2026-06-13T10:48:26.071+0000] {logging_mixin.py:188} INFO - [2026-06-13T10:48:26.071+0000] {dagbag.py:545} INFO - Filling up the DagBag from /home/airflow/.local/lib/python3.12/site-packages/airflow/example_dags/example_sensors.py
[2026-06-13T10:48:26.081+0000] {processor.py:840} INFO - DAG(s) 'example_sensors' retrieved from /home/airflow/.local/lib/python3.12/site-packages/airflow/example_dags/example_sensors.py
[2026-06-13T10:48:26.114+0000] {logging_mixin.py:188} INFO - [2026-06-13T10:48:26.114+0000] {dag.py:3096} INFO - Sync 1 DAGs
[2026-06-13T10:48:26.129+0000] {logging_mixin.py:188} INFO - [2026-06-13T10:48:26.129+0000] {dag.py:3954} INFO - Setting next_dagrun for example_sensors to None, run_after=None
[2026-06-13T10:48:26.155+0000] {processor.py:183} INFO - Processing /home/airflow/.local/lib/python3.12/site-packages/airflow/example_dags/example_sensors.py took 0.095 seconds
[2026-06-13T10:48:56.413+0000] {processor.py:161} INFO - Started process (PID=851) to work on /home/airflow/.local/lib/python3.12/site-packages/airflow/example_dags/example_sensors.py
[2026-06-13T10:48:56.414+0000] {processor.py:830} INFO - Processing file /home/airflow/.local/lib/python3.12/site-packages/airflow/example_dags/example_sensors.py for tasks to queue
[2026-06-13T10:48:56.417+0000] {logging_mixin.py:188} INFO - [2026-06-13T10:48:56.416+0000] {dagbag.py:545} INFO - Filling up the DagBag from /home/airflow/.local/lib/python3.12/site-packages/airflow/example_dags/example_sensors.py
[2026-06-13T10:48:56.427+0000] {processor.py:840} INFO - DAG(s) 'example_sensors' retrieved from /home/airflow/.local/lib/python3.12/site-packages/airflow/example_dags/example_sensors.py
[2026-06-13T10:48:56.458+0000] {logging_mixin.py:188} INFO - [2026-06-13T10:48:56.458+0000] {dag.py:3096} INFO - Sync 1 DAGs
[2026-06-13T10:48:56.473+0000] {logging_mixin.py:188} INFO - [2026-06-13T10:48:56.472+0000] {dag.py:3954} INFO - Setting next_dagrun for example_sensors to None, run_after=None
[2026-06-13T10:48:56.500+0000] {processor.py:183} INFO - Processing /home/airflow/.local/lib/python3.12/site-packages/airflow/example_dags/example_sensors.py took 0.093 seconds
[2026-06-13T10:49:27.350+0000] {processor.py:161} INFO - Started process (PID=909) to work on /home/airflow/.local/lib/python3.12/site-packages/airflow/example_dags/example_sensors.py
[2026-06-13T10:49:27.352+0000] {processor.py:830} INFO - Processing file /home/airflow/.local/lib/python3.12/site-packages/airflow/example_dags/example_sensors.py for tasks to queue
[2026-06-13T10:49:27.354+0000] {logging_mixin.py:188} INFO - [2026-06-13T10:49:27.354+0000] {dagbag.py:545} INFO - Filling up the DagBag from /home/airflow/.local/lib/python3.12/site-packages/airflow/example_dags/example_sensors.py
[2026-06-13T10:49:27.365+0000] {processor.py:840} INFO - DAG(s) 'example_sensors' retrieved from /home/airflow/.local/lib/python3.12/site-packages/airflow/example_dags/example_sensors.py
[2026-06-13T10:49:27.396+0000] {logging_mixin.py:188} INFO - [2026-06-13T10:49:27.396+0000] {dag.py:3096} INFO - Sync 1 DAGs
[2026-06-13T10:49:27.411+0000] {logging_mixin.py:188} INFO - [2026-06-13T10:49:27.411+0000] {dag.py:3954} INFO - Setting next_dagrun for example_sensors to None, run_after=None
[2026-06-13T10:49:27.438+0000] {processor.py:183} INFO - Processing /home/airflow/.local/lib/python3.12/site-packages/airflow/example_dags/example_sensors.py took 0.094 seconds
[2026-06-13T10:49:57.844+0000] {processor.py:161} INFO - Started process (PID=968) to work on /home/airflow/.local/lib/python3.12/site-packages/airflow/example_dags/example_sensors.py
[2026-06-13T10:49:57.846+0000] {processor.py:830} INFO - Processing file /home/airflow/.local/lib/python3.12/site-packages/airflow/example_dags/example_sensors.py for tasks to queue
[2026-06-13T10:49:57.849+0000] {logging_mixin.py:188} INFO - [2026-06-13T10:49:57.848+0000] {dagbag.py:545} INFO - Filling up the DagBag from /home/airflow/.local/lib/python3.12/site-packages/airflow/example_dags/example_sensors.py
[2026-06-13T10:49:57.866+0000] {processor.py:840} INFO - DAG(s) 'example_sensors' retrieved from /home/airflow/.local/lib/python3.12/site-packages/airflow/example_dags/example_sensors.py
[2026-06-13T10:49:57.912+0000] {logging_mixin.py:188} INFO - [2026-06-13T10:49:57.911+0000] {dag.py:3096} INFO - Sync 1 DAGs
[2026-06-13T10:49:57.926+0000] {logging_mixin.py:188} INFO - [2026-06-13T10:49:57.926+0000] {dag.py:3954} INFO - Setting next_dagrun for example_sensors to None, run_after=None
[2026-06-13T10:49:57.955+0000] {processor.py:183} INFO - Processing /home/airflow/.local/lib/python3.12/site-packages/airflow/example_dags/example_sensors.py took 0.117 seconds
[2026-06-13T10:50:28.228+0000] {processor.py:161} INFO - Started process (PID=1026) to work on /home/airflow/.local/lib/python3.12/site-packages/airflow/example_dags/example_sensors.py
[2026-06-13T10:50:28.230+0000] {processor.py:830} INFO - Processing file /home/airflow/.local/lib/python3.12/site-packages/airflow/example_dags/example_sensors.py for tasks to queue
[2026-06-13T10:50:28.234+0000] {logging_mixin.py:188} INFO - [2026-06-13T10:50:28.233+0000] {dagbag.py:545} INFO - Filling up the DagBag from /home/airflow/.local/lib/python3.12/site-packages/airflow/example_dags/example_sensors.py
[2026-06-13T10:50:28.243+0000] {processor.py:840} INFO - DAG(s) 'example_sensors' retrieved from /home/airflow/.local/lib/python3.12/site-packages/airflow/example_dags/example_sensors.py
[2026-06-13T10:50:28.276+0000] {logging_mixin.py:188} INFO - [2026-06-13T10:50:28.276+0000] {dag.py:3096} INFO - Sync 1 DAGs
[2026-06-13T10:50:28.291+0000] {logging_mixin.py:188} INFO - [2026-06-13T10:50:28.291+0000] {dag.py:3954} INFO - Setting next_dagrun for example_sensors to None, run_after=None
[2026-06-13T10:50:28.321+0000] {processor.py:183} INFO - Processing /home/airflow/.local/lib/python3.12/site-packages/airflow/example_dags/example_sensors.py took 0.099 seconds
[2026-06-13T10:50:58.557+0000] {processor.py:161} INFO - Started process (PID=1084) to work on /home/airflow/.local/lib/python3.12/site-packages/airflow/example_dags/example_sensors.py
[2026-06-13T10:50:58.559+0000] {processor.py:830} INFO - Processing file /home/airflow/.local/lib/python3.12/site-packages/airflow/example_dags/example_sensors.py for tasks to queue
[2026-06-13T10:50:58.562+0000] {logging_mixin.py:188} INFO - [2026-06-13T10:50:58.561+0000] {dagbag.py:545} INFO - Filling up the DagBag from /home/airflow/.local/lib/python3.12/site-packages/airflow/example_dags/example_sensors.py
[2026-06-13T10:50:58.572+0000] {processor.py:840} INFO - DAG(s) 'example_sensors' retrieved from /home/airflow/.local/lib/python3.12/site-packages/airflow/example_dags/example_sensors.py
[2026-06-13T10:50:58.603+0000] {logging_mixin.py:188} INFO - [2026-06-13T10:50:58.603+0000] {dag.py:3096} INFO - Sync 1 DAGs
[2026-06-13T10:50:58.617+0000] {logging_mixin.py:188} INFO - [2026-06-13T10:50:58.617+0000] {dag.py:3954} INFO - Setting next_dagrun for example_sensors to None, run_after=None
[2026-06-13T10:50:58.646+0000] {processor.py:183} INFO - Processing /home/airflow/.local/lib/python3.12/site-packages/airflow/example_dags/example_sensors.py took 0.094 seconds
[2026-06-13T10:51:29.338+0000] {processor.py:161} INFO - Started process (PID=1142) to work on /home/airflow/.local/lib/python3.12/site-packages/airflow/example_dags/example_sensors.py
[2026-06-13T10:51:29.340+0000] {processor.py:830} INFO - Processing file /home/airflow/.local/lib/python3.12/site-packages/airflow/example_dags/example_sensors.py for tasks to queue
[2026-06-13T10:51:29.342+0000] {logging_mixin.py:188} INFO - [2026-06-13T10:51:29.342+0000] {dagbag.py:545} INFO - Filling up the DagBag from /home/airflow/.local/lib/python3.12/site-packages/airflow/example_dags/example_sensors.py
[2026-06-13T10:51:29.352+0000] {processor.py:840} INFO - DAG(s) 'example_sensors' retrieved from /home/airflow/.local/lib/python3.12/site-packages/airflow/example_dags/example_sensors.py
[2026-06-13T10:51:29.382+0000] {logging_mixin.py:188} INFO - [2026-06-13T10:51:29.381+0000] {dag.py:3096} INFO - Sync 1 DAGs
[2026-06-13T10:51:29.396+0000] {logging_mixin.py:188} INFO - [2026-06-13T10:51:29.396+0000] {dag.py:3954} INFO - Setting next_dagrun for example_sensors to None, run_after=None
[2026-06-13T10:51:29.424+0000] {processor.py:183} INFO - Processing /home/airflow/.local/lib/python3.12/site-packages/airflow/example_dags/example_sensors.py took 0.092 seconds
[2026-06-13T10:52:00.276+0000] {processor.py:161} INFO - Started process (PID=1200) to work on /home/airflow/.local/lib/python3.12/site-packages/airflow/example_dags/example_sensors.py
[2026-06-13T10:52:00.278+0000] {processor.py:830} INFO - Processing file /home/airflow/.local/lib/python3.12/site-packages/airflow/example_dags/example_sensors.py for tasks to queue
[2026-06-13T10:52:00.280+0000] {logging_mixin.py:188} INFO - [2026-06-13T10:52:00.280+0000] {dagbag.py:545} INFO - Filling up the DagBag from /home/airflow/.local/lib/python3.12/site-packages/airflow/example_dags/example_sensors.py
[2026-06-13T10:52:00.290+0000] {processor.py:840} INFO - DAG(s) 'example_sensors' retrieved from /home/airflow/.local/lib/python3.12/site-packages/airflow/example_dags/example_sensors.py
[2026-06-13T10:52:00.323+0000] {logging_mixin.py:188} INFO - [2026-06-13T10:52:00.322+0000] {dag.py:3096} INFO - Sync 1 DAGs
[2026-06-13T10:52:00.340+0000] {logging_mixin.py:188} INFO - [2026-06-13T10:52:00.339+0000] {dag.py:3954} INFO - Setting next_dagrun for example_sensors to None, run_after=None
[2026-06-13T10:52:00.371+0000] {processor.py:183} INFO - Processing /home/airflow/.local/lib/python3.12/site-packages/airflow/example_dags/example_sensors.py took 0.100 seconds
[2026-06-13T10:52:30.478+0000] {processor.py:161} INFO - Started process (PID=1258) to work on /home/airflow/.local/lib/python3.12/site-packages/airflow/example_dags/example_sensors.py
[2026-06-13T10:52:30.480+0000] {processor.py:830} INFO - Processing file /home/airflow/.local/lib/python3.12/site-packages/airflow/example_dags/example_sensors.py for tasks to queue
[2026-06-13T10:52:30.483+0000] {logging_mixin.py:188} INFO - [2026-06-13T10:52:30.482+0000] {dagbag.py:545} INFO - Filling up the DagBag from /home/airflow/.local/lib/python3.12/site-packages/airflow/example_dags/example_sensors.py
[2026-06-13T10:52:30.492+0000] {processor.py:840} INFO - DAG(s) 'example_sensors' retrieved from /home/airflow/.local/lib/python3.12/site-packages/airflow/example_dags/example_sensors.py
[2026-06-13T10:52:30.526+0000] {logging_mixin.py:188} INFO - [2026-06-13T10:52:30.525+0000] {dag.py:3096} INFO - Sync 1 DAGs
[2026-06-13T10:52:30.541+0000] {logging_mixin.py:188} INFO - [2026-06-13T10:52:30.541+0000] {dag.py:3954} INFO - Setting next_dagrun for example_sensors to None, run_after=None
[2026-06-13T10:52:30.568+0000] {processor.py:183} INFO - Processing /home/airflow/.local/lib/python3.12/site-packages/airflow/example_dags/example_sensors.py took 0.097 seconds
[2026-06-13T10:53:01.162+0000] {processor.py:161} INFO - Started process (PID=1316) to work on /home/airflow/.local/lib/python3.12/site-packages/airflow/example_dags/example_sensors.py
[2026-06-13T10:53:01.163+0000] {processor.py:830} INFO - Processing file /home/airflow/.local/lib/python3.12/site-packages/airflow/example_dags/example_sensors.py for tasks to queue
[2026-06-13T10:53:01.167+0000] {logging_mixin.py:188} INFO - [2026-06-13T10:53:01.166+0000] {dagbag.py:545} INFO - Filling up the DagBag from /home/airflow/.local/lib/python3.12/site-packages/airflow/example_dags/example_sensors.py
[2026-06-13T10:53:01.176+0000] {processor.py:840} INFO - DAG(s) 'example_sensors' retrieved from /home/airflow/.local/lib/python3.12/site-packages/airflow/example_dags/example_sensors.py
[2026-06-13T10:53:01.209+0000] {logging_mixin.py:188} INFO - [2026-06-13T10:53:01.209+0000] {dag.py:3096} INFO - Sync 1 DAGs
[2026-06-13T10:53:01.223+0000] {logging_mixin.py:188} INFO - [2026-06-13T10:53:01.222+0000] {dag.py:3954} INFO - Setting next_dagrun for example_sensors to None, run_after=None
[2026-06-13T10:53:01.250+0000] {processor.py:183} INFO - Processing /home/airflow/.local/lib/python3.12/site-packages/airflow/example_dags/example_sensors.py took 0.094 seconds
[2026-06-13T10:53:32.185+0000] {processor.py:161} INFO - Started process (PID=1375) to work on /home/airflow/.local/lib/python3.12/site-packages/airflow/example_dags/example_sensors.py
[2026-06-13T10:53:32.187+0000] {processor.py:830} INFO - Processing file /home/airflow/.local/lib/python3.12/site-packages/airflow/example_dags/example_sensors.py for tasks to queue
[2026-06-13T10:53:32.190+0000] {logging_mixin.py:188} INFO - [2026-06-13T10:53:32.190+0000] {dagbag.py:545} INFO - Filling up the DagBag from /home/airflow/.local/lib/python3.12/site-packages/airflow/example_dags/example_sensors.py
[2026-06-13T10:53:32.200+0000] {processor.py:840} INFO - DAG(s) 'example_sensors' retrieved from /home/airflow/.local/lib/python3.12/site-packages/airflow/example_dags/example_sensors.py
[2026-06-13T10:53:32.232+0000] {logging_mixin.py:188} INFO - [2026-06-13T10:53:32.232+0000] {dag.py:3096} INFO - Sync 1 DAGs
[2026-06-13T10:53:32.246+0000] {logging_mixin.py:188} INFO - [2026-06-13T10:53:32.246+0000] {dag.py:3954} INFO - Setting next_dagrun for example_sensors to None, run_after=None
[2026-06-13T10:53:32.276+0000] {processor.py:183} INFO - Processing /home/airflow/.local/lib/python3.12/site-packages/airflow/example_dags/example_sensors.py took 0.097 seconds
[2026-06-13T10:54:02.699+0000] {processor.py:161} INFO - Started process (PID=1433) to work on /home/airflow/.local/lib/python3.12/site-packages/airflow/example_dags/example_sensors.py
[2026-06-13T10:54:02.701+0000] {processor.py:830} INFO - Processing file /home/airflow/.local/lib/python3.12/site-packages/airflow/example_dags/example_sensors.py for tasks to queue
[2026-06-13T10:54:02.704+0000] {logging_mixin.py:188} INFO - [2026-06-13T10:54:02.704+0000] {dagbag.py:545} INFO - Filling up the DagBag from /home/airflow/.local/lib/python3.12/site-packages/airflow/example_dags/example_sensors.py
[2026-06-13T10:54:02.715+0000] {processor.py:840} INFO - DAG(s) 'example_sensors' retrieved from /home/airflow/.local/lib/python3.12/site-packages/airflow/example_dags/example_sensors.py
[2026-06-13T10:54:02.750+0000] {logging_mixin.py:188} INFO - [2026-06-13T10:54:02.749+0000] {dag.py:3096} INFO - Sync 1 DAGs
[2026-06-13T10:54:02.764+0000] {logging_mixin.py:188} INFO - [2026-06-13T10:54:02.764+0000] {dag.py:3954} INFO - Setting next_dagrun for example_sensors to None, run_after=None
[2026-06-13T10:54:02.789+0000] {processor.py:183} INFO - Processing /home/airflow/.local/lib/python3.12/site-packages/airflow/example_dags/example_sensors.py took 0.097 seconds
[2026-06-13T10:54:32.901+0000] {processor.py:161} INFO - Started process (PID=1491) to work on /home/airflow/.local/lib/python3.12/site-packages/airflow/example_dags/example_sensors.py
[2026-06-13T10:54:32.902+0000] {processor.py:830} INFO - Processing file /home/airflow/.local/lib/python3.12/site-packages/airflow/example_dags/example_sensors.py for tasks to queue
[2026-06-13T10:54:32.905+0000] {logging_mixin.py:188} INFO - [2026-06-13T10:54:32.905+0000] {dagbag.py:545} INFO - Filling up the DagBag from /home/airflow/.local/lib/python3.12/site-packages/airflow/example_dags/example_sensors.py
[2026-06-13T10:54:32.916+0000] {processor.py:840} INFO - DAG(s) 'example_sensors' retrieved from /home/airflow/.local/lib/python3.12/site-packages/airflow/example_dags/example_sensors.py
[2026-06-13T10:54:32.950+0000] {logging_mixin.py:188} INFO - [2026-06-13T10:54:32.950+0000] {dag.py:3096} INFO - Sync 1 DAGs
[2026-06-13T10:54:32.965+0000] {logging_mixin.py:188} INFO - [2026-06-13T10:54:32.964+0000] {dag.py:3954} INFO - Setting next_dagrun for example_sensors to None, run_after=None
[2026-06-13T10:54:32.995+0000] {processor.py:183} INFO - Processing /home/airflow/.local/lib/python3.12/site-packages/airflow/example_dags/example_sensors.py took 0.101 seconds
[2026-06-13T10:55:57.848+0000] {processor.py:161} INFO - Started process (PID=92) to work on /home/airflow/.local/lib/python3.12/site-packages/airflow/example_dags/example_sensors.py
[2026-06-13T10:55:57.850+0000] {processor.py:830} INFO - Processing file /home/airflow/.local/lib/python3.12/site-packages/airflow/example_dags/example_sensors.py for tasks to queue
[2026-06-13T10:55:57.854+0000] {logging_mixin.py:188} INFO - [2026-06-13T10:55:57.853+0000] {dagbag.py:545} INFO - Filling up the DagBag from /home/airflow/.local/lib/python3.12/site-packages/airflow/example_dags/example_sensors.py
[2026-06-13T10:55:57.875+0000] {processor.py:840} INFO - DAG(s) 'example_sensors' retrieved from /home/airflow/.local/lib/python3.12/site-packages/airflow/example_dags/example_sensors.py
[2026-06-13T10:55:58.091+0000] {logging_mixin.py:188} INFO - [2026-06-13T10:55:58.090+0000] {dag.py:3096} INFO - Sync 1 DAGs
[2026-06-13T10:55:58.107+0000] {logging_mixin.py:188} INFO - [2026-06-13T10:55:58.107+0000] {dag.py:3954} INFO - Setting next_dagrun for example_sensors to None, run_after=None
[2026-06-13T10:55:58.147+0000] {processor.py:183} INFO - Processing /home/airflow/.local/lib/python3.12/site-packages/airflow/example_dags/example_sensors.py took 0.308 seconds
[2026-06-13T10:56:28.542+0000] {processor.py:161} INFO - Started process (PID=157) to work on /home/airflow/.local/lib/python3.12/site-packages/airflow/example_dags/example_sensors.py
[2026-06-13T10:56:28.544+0000] {processor.py:830} INFO - Processing file /home/airflow/.local/lib/python3.12/site-packages/airflow/example_dags/example_sensors.py for tasks to queue
[2026-06-13T10:56:28.546+0000] {logging_mixin.py:188} INFO - [2026-06-13T10:56:28.546+0000] {dagbag.py:545} INFO - Filling up the DagBag from /home/airflow/.local/lib/python3.12/site-packages/airflow/example_dags/example_sensors.py
[2026-06-13T10:56:28.556+0000] {processor.py:840} INFO - DAG(s) 'example_sensors' retrieved from /home/airflow/.local/lib/python3.12/site-packages/airflow/example_dags/example_sensors.py
[2026-06-13T10:56:28.590+0000] {logging_mixin.py:188} INFO - [2026-06-13T10:56:28.589+0000] {dag.py:3096} INFO - Sync 1 DAGs
[2026-06-13T10:56:28.603+0000] {logging_mixin.py:188} INFO - [2026-06-13T10:56:28.603+0000] {dag.py:3954} INFO - Setting next_dagrun for example_sensors to None, run_after=None
[2026-06-13T10:56:28.630+0000] {processor.py:183} INFO - Processing /home/airflow/.local/lib/python3.12/site-packages/airflow/example_dags/example_sensors.py took 0.095 seconds
[2026-06-13T10:56:58.818+0000] {processor.py:161} INFO - Started process (PID=216) to work on /home/airflow/.local/lib/python3.12/site-packages/airflow/example_dags/example_sensors.py
[2026-06-13T10:56:58.819+0000] {processor.py:830} INFO - Processing file /home/airflow/.local/lib/python3.12/site-packages/airflow/example_dags/example_sensors.py for tasks to queue
[2026-06-13T10:56:58.822+0000] {logging_mixin.py:188} INFO - [2026-06-13T10:56:58.822+0000] {dagbag.py:545} INFO - Filling up the DagBag from /home/airflow/.local/lib/python3.12/site-packages/airflow/example_dags/example_sensors.py
[2026-06-13T10:56:58.833+0000] {processor.py:840} INFO - DAG(s) 'example_sensors' retrieved from /home/airflow/.local/lib/python3.12/site-packages/airflow/example_dags/example_sensors.py
[2026-06-13T10:56:58.853+0000] {logging_mixin.py:188} INFO - [2026-06-13T10:56:58.853+0000] {dag.py:3096} INFO - Sync 1 DAGs
[2026-06-13T10:56:58.869+0000] {logging_mixin.py:188} INFO - [2026-06-13T10:56:58.868+0000] {dag.py:3954} INFO - Setting next_dagrun for example_sensors to None, run_after=None
[2026-06-13T10:56:58.896+0000] {processor.py:183} INFO - Processing /home/airflow/.local/lib/python3.12/site-packages/airflow/example_dags/example_sensors.py took 0.085 seconds
[2026-06-13T10:57:29.385+0000] {processor.py:161} INFO - Started process (PID=276) to work on /home/airflow/.local/lib/python3.12/site-packages/airflow/example_dags/example_sensors.py
[2026-06-13T10:57:29.387+0000] {processor.py:830} INFO - Processing file /home/airflow/.local/lib/python3.12/site-packages/airflow/example_dags/example_sensors.py for tasks to queue
[2026-06-13T10:57:29.390+0000] {logging_mixin.py:188} INFO - [2026-06-13T10:57:29.389+0000] {dagbag.py:545} INFO - Filling up the DagBag from /home/airflow/.local/lib/python3.12/site-packages/airflow/example_dags/example_sensors.py
[2026-06-13T10:57:29.398+0000] {processor.py:840} INFO - DAG(s) 'example_sensors' retrieved from /home/airflow/.local/lib/python3.12/site-packages/airflow/example_dags/example_sensors.py
[2026-06-13T10:57:29.519+0000] {logging_mixin.py:188} INFO - [2026-06-13T10:57:29.518+0000] {dag.py:3096} INFO - Sync 1 DAGs
[2026-06-13T10:57:29.531+0000] {logging_mixin.py:188} INFO - [2026-06-13T10:57:29.531+0000] {dag.py:3954} INFO - Setting next_dagrun for example_sensors to None, run_after=None
[2026-06-13T10:57:29.563+0000] {processor.py:183} INFO - Processing /home/airflow/.local/lib/python3.12/site-packages/airflow/example_dags/example_sensors.py took 0.184 seconds
[2026-06-13T10:58:00.292+0000] {processor.py:161} INFO - Started process (PID=335) to work on /home/airflow/.local/lib/python3.12/site-packages/airflow/example_dags/example_sensors.py
[2026-06-13T10:58:00.293+0000] {processor.py:830} INFO - Processing file /home/airflow/.local/lib/python3.12/site-packages/airflow/example_dags/example_sensors.py for tasks to queue
[2026-06-13T10:58:00.296+0000] {logging_mixin.py:188} INFO - [2026-06-13T10:58:00.296+0000] {dagbag.py:545} INFO - Filling up the DagBag from /home/airflow/.local/lib/python3.12/site-packages/airflow/example_dags/example_sensors.py
[2026-06-13T10:58:00.307+0000] {processor.py:840} INFO - DAG(s) 'example_sensors' retrieved from /home/airflow/.local/lib/python3.12/site-packages/airflow/example_dags/example_sensors.py
[2026-06-13T10:58:00.355+0000] {logging_mixin.py:188} INFO - [2026-06-13T10:58:00.354+0000] {dag.py:3096} INFO - Sync 1 DAGs
[2026-06-13T10:58:00.372+0000] {logging_mixin.py:188} INFO - [2026-06-13T10:58:00.372+0000] {dag.py:3954} INFO - Setting next_dagrun for example_sensors to None, run_after=None
[2026-06-13T10:58:00.406+0000] {processor.py:183} INFO - Processing /home/airflow/.local/lib/python3.12/site-packages/airflow/example_dags/example_sensors.py took 0.120 seconds
[2026-06-13T10:58:30.633+0000] {processor.py:161} INFO - Started process (PID=394) to work on /home/airflow/.local/lib/python3.12/site-packages/airflow/example_dags/example_sensors.py
[2026-06-13T10:58:30.634+0000] {processor.py:830} INFO - Processing file /home/airflow/.local/lib/python3.12/site-packages/airflow/example_dags/example_sensors.py for tasks to queue
[2026-06-13T10:58:30.637+0000] {logging_mixin.py:188} INFO - [2026-06-13T10:58:30.637+0000] {dagbag.py:545} INFO - Filling up the DagBag from /home/airflow/.local/lib/python3.12/site-packages/airflow/example_dags/example_sensors.py
[2026-06-13T10:58:30.647+0000] {processor.py:840} INFO - DAG(s) 'example_sensors' retrieved from /home/airflow/.local/lib/python3.12/site-packages/airflow/example_dags/example_sensors.py
[2026-06-13T10:58:30.679+0000] {logging_mixin.py:188} INFO - [2026-06-13T10:58:30.679+0000] {dag.py:3096} INFO - Sync 1 DAGs
[2026-06-13T10:58:30.697+0000] {logging_mixin.py:188} INFO - [2026-06-13T10:58:30.697+0000] {dag.py:3954} INFO - Setting next_dagrun for example_sensors to None, run_after=None
[2026-06-13T10:58:30.726+0000] {processor.py:183} INFO - Processing /home/airflow/.local/lib/python3.12/site-packages/airflow/example_dags/example_sensors.py took 0.100 seconds
[2026-06-13T10:59:01.351+0000] {processor.py:161} INFO - Started process (PID=453) to work on /home/airflow/.local/lib/python3.12/site-packages/airflow/example_dags/example_sensors.py
[2026-06-13T10:59:01.353+0000] {processor.py:830} INFO - Processing file /home/airflow/.local/lib/python3.12/site-packages/airflow/example_dags/example_sensors.py for tasks to queue
[2026-06-13T10:59:01.355+0000] {logging_mixin.py:188} INFO - [2026-06-13T10:59:01.355+0000] {dagbag.py:545} INFO - Filling up the DagBag from /home/airflow/.local/lib/python3.12/site-packages/airflow/example_dags/example_sensors.py
[2026-06-13T10:59:01.365+0000] {processor.py:840} INFO - DAG(s) 'example_sensors' retrieved from /home/airflow/.local/lib/python3.12/site-packages/airflow/example_dags/example_sensors.py
[2026-06-13T10:59:01.398+0000] {logging_mixin.py:188} INFO - [2026-06-13T10:59:01.397+0000] {dag.py:3096} INFO - Sync 1 DAGs
[2026-06-13T10:59:01.412+0000] {logging_mixin.py:188} INFO - [2026-06-13T10:59:01.411+0000] {dag.py:3954} INFO - Setting next_dagrun for example_sensors to None, run_after=None
[2026-06-13T10:59:01.439+0000] {processor.py:183} INFO - Processing /home/airflow/.local/lib/python3.12/site-packages/airflow/example_dags/example_sensors.py took 0.094 seconds
[2026-06-13T10:59:31.606+0000] {processor.py:161} INFO - Started process (PID=512) to work on /home/airflow/.local/lib/python3.12/site-packages/airflow/example_dags/example_sensors.py
[2026-06-13T10:59:31.608+0000] {processor.py:830} INFO - Processing file /home/airflow/.local/lib/python3.12/site-packages/airflow/example_dags/example_sensors.py for tasks to queue
[2026-06-13T10:59:31.612+0000] {logging_mixin.py:188} INFO - [2026-06-13T10:59:31.611+0000] {dagbag.py:545} INFO - Filling up the DagBag from /home/airflow/.local/lib/python3.12/site-packages/airflow/example_dags/example_sensors.py
[2026-06-13T10:59:31.622+0000] {processor.py:840} INFO - DAG(s) 'example_sensors' retrieved from /home/airflow/.local/lib/python3.12/site-packages/airflow/example_dags/example_sensors.py
[2026-06-13T10:59:31.653+0000] {logging_mixin.py:188} INFO - [2026-06-13T10:59:31.653+0000] {dag.py:3096} INFO - Sync 1 DAGs
[2026-06-13T10:59:31.667+0000] {logging_mixin.py:188} INFO - [2026-06-13T10:59:31.666+0000] {dag.py:3954} INFO - Setting next_dagrun for example_sensors to None, run_after=None
[2026-06-13T10:59:31.694+0000] {processor.py:183} INFO - Processing /home/airflow/.local/lib/python3.12/site-packages/airflow/example_dags/example_sensors.py took 0.094 seconds
[2026-06-13T11:00:01.819+0000] {processor.py:161} INFO - Started process (PID=571) to work on /home/airflow/.local/lib/python3.12/site-packages/airflow/example_dags/example_sensors.py
[2026-06-13T11:00:01.821+0000] {processor.py:830} INFO - Processing file /home/airflow/.local/lib/python3.12/site-packages/airflow/example_dags/example_sensors.py for tasks to queue
[2026-06-13T11:00:01.824+0000] {logging_mixin.py:188} INFO - [2026-06-13T11:00:01.823+0000] {dagbag.py:545} INFO - Filling up the DagBag from /home/airflow/.local/lib/python3.12/site-packages/airflow/example_dags/example_sensors.py
[2026-06-13T11:00:01.834+0000] {processor.py:840} INFO - DAG(s) 'example_sensors' retrieved from /home/airflow/.local/lib/python3.12/site-packages/airflow/example_dags/example_sensors.py
[2026-06-13T11:00:01.865+0000] {logging_mixin.py:188} INFO - [2026-06-13T11:00:01.864+0000] {dag.py:3096} INFO - Sync 1 DAGs
[2026-06-13T11:00:01.878+0000] {logging_mixin.py:188} INFO - [2026-06-13T11:00:01.878+0000] {dag.py:3954} INFO - Setting next_dagrun for example_sensors to None, run_after=None
[2026-06-13T11:00:01.906+0000] {processor.py:183} INFO - Processing /home/airflow/.local/lib/python3.12/site-packages/airflow/example_dags/example_sensors.py took 0.093 seconds
[2026-06-13T11:00:32.176+0000] {processor.py:161} INFO - Started process (PID=630) to work on /home/airflow/.local/lib/python3.12/site-packages/airflow/example_dags/example_sensors.py
[2026-06-13T11:00:32.178+0000] {processor.py:830} INFO - Processing file /home/airflow/.local/lib/python3.12/site-packages/airflow/example_dags/example_sensors.py for tasks to queue
[2026-06-13T11:00:32.181+0000] {logging_mixin.py:188} INFO - [2026-06-13T11:00:32.181+0000] {dagbag.py:545} INFO - Filling up the DagBag from /home/airflow/.local/lib/python3.12/site-packages/airflow/example_dags/example_sensors.py
[2026-06-13T11:00:32.194+0000] {processor.py:840} INFO - DAG(s) 'example_sensors' retrieved from /home/airflow/.local/lib/python3.12/site-packages/airflow/example_dags/example_sensors.py
[2026-06-13T11:00:32.228+0000] {logging_mixin.py:188} INFO - [2026-06-13T11:00:32.228+0000] {dag.py:3096} INFO - Sync 1 DAGs
[2026-06-13T11:00:32.244+0000] {logging_mixin.py:188} INFO - [2026-06-13T11:00:32.244+0000] {dag.py:3954} INFO - Setting next_dagrun for example_sensors to None, run_after=None
[2026-06-13T11:00:32.273+0000] {processor.py:183} INFO - Processing /home/airflow/.local/lib/python3.12/site-packages/airflow/example_dags/example_sensors.py took 0.103 seconds
[2026-06-13T11:01:02.456+0000] {processor.py:161} INFO - Started process (PID=689) to work on /home/airflow/.local/lib/python3.12/site-packages/airflow/example_dags/example_sensors.py
[2026-06-13T11:01:02.458+0000] {processor.py:830} INFO - Processing file /home/airflow/.local/lib/python3.12/site-packages/airflow/example_dags/example_sensors.py for tasks to queue
[2026-06-13T11:01:02.460+0000] {logging_mixin.py:188} INFO - [2026-06-13T11:01:02.460+0000] {dagbag.py:545} INFO - Filling up the DagBag from /home/airflow/.local/lib/python3.12/site-packages/airflow/example_dags/example_sensors.py
[2026-06-13T11:01:02.470+0000] {processor.py:840} INFO - DAG(s) 'example_sensors' retrieved from /home/airflow/.local/lib/python3.12/site-packages/airflow/example_dags/example_sensors.py
[2026-06-13T11:01:02.501+0000] {logging_mixin.py:188} INFO - [2026-06-13T11:01:02.500+0000] {dag.py:3096} INFO - Sync 1 DAGs
[2026-06-13T11:01:02.515+0000] {logging_mixin.py:188} INFO - [2026-06-13T11:01:02.515+0000] {dag.py:3954} INFO - Setting next_dagrun for example_sensors to None, run_after=None
[2026-06-13T11:01:02.543+0000] {processor.py:183} INFO - Processing /home/airflow/.local/lib/python3.12/site-packages/airflow/example_dags/example_sensors.py took 0.093 seconds
[2026-06-13T11:01:32.996+0000] {processor.py:161} INFO - Started process (PID=748) to work on /home/airflow/.local/lib/python3.12/site-packages/airflow/example_dags/example_sensors.py
[2026-06-13T11:01:32.997+0000] {processor.py:830} INFO - Processing file /home/airflow/.local/lib/python3.12/site-packages/airflow/example_dags/example_sensors.py for tasks to queue
[2026-06-13T11:01:33.001+0000] {logging_mixin.py:188} INFO - [2026-06-13T11:01:33.000+0000] {dagbag.py:545} INFO - Filling up the DagBag from /home/airflow/.local/lib/python3.12/site-packages/airflow/example_dags/example_sensors.py
[2026-06-13T11:01:33.011+0000] {processor.py:840} INFO - DAG(s) 'example_sensors' retrieved from /home/airflow/.local/lib/python3.12/site-packages/airflow/example_dags/example_sensors.py
[2026-06-13T11:01:33.043+0000] {logging_mixin.py:188} INFO - [2026-06-13T11:01:33.043+0000] {dag.py:3096} INFO - Sync 1 DAGs
[2026-06-13T11:01:33.057+0000] {logging_mixin.py:188} INFO - [2026-06-13T11:01:33.057+0000] {dag.py:3954} INFO - Setting next_dagrun for example_sensors to None, run_after=None
[2026-06-13T11:01:33.084+0000] {processor.py:183} INFO - Processing /home/airflow/.local/lib/python3.12/site-packages/airflow/example_dags/example_sensors.py took 0.095 seconds
[2026-06-13T11:02:03.640+0000] {processor.py:161} INFO - Started process (PID=807) to work on /home/airflow/.local/lib/python3.12/site-packages/airflow/example_dags/example_sensors.py
[2026-06-13T11:02:03.641+0000] {processor.py:830} INFO - Processing file /home/airflow/.local/lib/python3.12/site-packages/airflow/example_dags/example_sensors.py for tasks to queue
[2026-06-13T11:02:03.644+0000] {logging_mixin.py:188} INFO - [2026-06-13T11:02:03.644+0000] {dagbag.py:545} INFO - Filling up the DagBag from /home/airflow/.local/lib/python3.12/site-packages/airflow/example_dags/example_sensors.py
[2026-06-13T11:02:03.655+0000] {processor.py:840} INFO - DAG(s) 'example_sensors' retrieved from /home/airflow/.local/lib/python3.12/site-packages/airflow/example_dags/example_sensors.py
[2026-06-13T11:02:03.692+0000] {logging_mixin.py:188} INFO - [2026-06-13T11:02:03.692+0000] {dag.py:3096} INFO - Sync 1 DAGs
[2026-06-13T11:02:03.708+0000] {logging_mixin.py:188} INFO - [2026-06-13T11:02:03.708+0000] {dag.py:3954} INFO - Setting next_dagrun for example_sensors to None, run_after=None
[2026-06-13T11:02:03.737+0000] {processor.py:183} INFO - Processing /home/airflow/.local/lib/python3.12/site-packages/airflow/example_dags/example_sensors.py took 0.105 seconds
[2026-06-13T11:02:34.673+0000] {processor.py:161} INFO - Started process (PID=866) to work on /home/airflow/.local/lib/python3.12/site-packages/airflow/example_dags/example_sensors.py
[2026-06-13T11:02:34.674+0000] {processor.py:830} INFO - Processing file /home/airflow/.local/lib/python3.12/site-packages/airflow/example_dags/example_sensors.py for tasks to queue
[2026-06-13T11:02:34.677+0000] {logging_mixin.py:188} INFO - [2026-06-13T11:02:34.676+0000] {dagbag.py:545} INFO - Filling up the DagBag from /home/airflow/.local/lib/python3.12/site-packages/airflow/example_dags/example_sensors.py
[2026-06-13T11:02:34.686+0000] {processor.py:840} INFO - DAG(s) 'example_sensors' retrieved from /home/airflow/.local/lib/python3.12/site-packages/airflow/example_dags/example_sensors.py
[2026-06-13T11:02:34.718+0000] {logging_mixin.py:188} INFO - [2026-06-13T11:02:34.717+0000] {dag.py:3096} INFO - Sync 1 DAGs
[2026-06-13T11:02:34.734+0000] {logging_mixin.py:188} INFO - [2026-06-13T11:02:34.734+0000] {dag.py:3954} INFO - Setting next_dagrun for example_sensors to None, run_after=None
[2026-06-13T11:02:34.764+0000] {processor.py:183} INFO - Processing /home/airflow/.local/lib/python3.12/site-packages/airflow/example_dags/example_sensors.py took 0.097 seconds
[2026-06-13T11:03:05.026+0000] {processor.py:161} INFO - Started process (PID=925) to work on /home/airflow/.local/lib/python3.12/site-packages/airflow/example_dags/example_sensors.py
[2026-06-13T11:03:05.028+0000] {processor.py:830} INFO - Processing file /home/airflow/.local/lib/python3.12/site-packages/airflow/example_dags/example_sensors.py for tasks to queue
[2026-06-13T11:03:05.030+0000] {logging_mixin.py:188} INFO - [2026-06-13T11:03:05.030+0000] {dagbag.py:545} INFO - Filling up the DagBag from /home/airflow/.local/lib/python3.12/site-packages/airflow/example_dags/example_sensors.py
[2026-06-13T11:03:05.041+0000] {processor.py:840} INFO - DAG(s) 'example_sensors' retrieved from /home/airflow/.local/lib/python3.12/site-packages/airflow/example_dags/example_sensors.py
[2026-06-13T11:03:05.073+0000] {logging_mixin.py:188} INFO - [2026-06-13T11:03:05.073+0000] {dag.py:3096} INFO - Sync 1 DAGs
[2026-06-13T11:03:05.089+0000] {logging_mixin.py:188} INFO - [2026-06-13T11:03:05.088+0000] {dag.py:3954} INFO - Setting next_dagrun for example_sensors to None, run_after=None
[2026-06-13T11:03:05.118+0000] {processor.py:183} INFO - Processing /home/airflow/.local/lib/python3.12/site-packages/airflow/example_dags/example_sensors.py took 0.098 seconds
[2026-06-13T11:03:35.558+0000] {processor.py:161} INFO - Started process (PID=984) to work on /home/airflow/.local/lib/python3.12/site-packages/airflow/example_dags/example_sensors.py
[2026-06-13T11:03:35.559+0000] {processor.py:830} INFO - Processing file /home/airflow/.local/lib/python3.12/site-packages/airflow/example_dags/example_sensors.py for tasks to queue
[2026-06-13T11:03:35.562+0000] {logging_mixin.py:188} INFO - [2026-06-13T11:03:35.562+0000] {dagbag.py:545} INFO - Filling up the DagBag from /home/airflow/.local/lib/python3.12/site-packages/airflow/example_dags/example_sensors.py
[2026-06-13T11:03:35.572+0000] {processor.py:840} INFO - DAG(s) 'example_sensors' retrieved from /home/airflow/.local/lib/python3.12/site-packages/airflow/example_dags/example_sensors.py
[2026-06-13T11:03:35.604+0000] {logging_mixin.py:188} INFO - [2026-06-13T11:03:35.603+0000] {dag.py:3096} INFO - Sync 1 DAGs
[2026-06-13T11:03:35.619+0000] {logging_mixin.py:188} INFO - [2026-06-13T11:03:35.619+0000] {dag.py:3954} INFO - Setting next_dagrun for example_sensors to None, run_after=None
[2026-06-13T11:03:35.646+0000] {processor.py:183} INFO - Processing /home/airflow/.local/lib/python3.12/site-packages/airflow/example_dags/example_sensors.py took 0.097 seconds
[2026-06-13T11:04:05.886+0000] {processor.py:161} INFO - Started process (PID=1043) to work on /home/airflow/.local/lib/python3.12/site-packages/airflow/example_dags/example_sensors.py
[2026-06-13T11:04:05.887+0000] {processor.py:830} INFO - Processing file /home/airflow/.local/lib/python3.12/site-packages/airflow/example_dags/example_sensors.py for tasks to queue
[2026-06-13T11:04:05.890+0000] {logging_mixin.py:188} INFO - [2026-06-13T11:04:05.890+0000] {dagbag.py:545} INFO - Filling up the DagBag from /home/airflow/.local/lib/python3.12/site-packages/airflow/example_dags/example_sensors.py
[2026-06-13T11:04:05.902+0000] {processor.py:840} INFO - DAG(s) 'example_sensors' retrieved from /home/airflow/.local/lib/python3.12/site-packages/airflow/example_dags/example_sensors.py
[2026-06-13T11:04:05.937+0000] {logging_mixin.py:188} INFO - [2026-06-13T11:04:05.936+0000] {dag.py:3096} INFO - Sync 1 DAGs
[2026-06-13T11:04:05.952+0000] {logging_mixin.py:188} INFO - [2026-06-13T11:04:05.952+0000] {dag.py:3954} INFO - Setting next_dagrun for example_sensors to None, run_after=None
[2026-06-13T11:04:05.984+0000] {processor.py:183} INFO - Processing /home/airflow/.local/lib/python3.12/site-packages/airflow/example_dags/example_sensors.py took 0.106 seconds
[2026-06-13T11:04:36.161+0000] {processor.py:161} INFO - Started process (PID=1102) to work on /home/airflow/.local/lib/python3.12/site-packages/airflow/example_dags/example_sensors.py
[2026-06-13T11:04:36.163+0000] {processor.py:830} INFO - Processing file /home/airflow/.local/lib/python3.12/site-packages/airflow/example_dags/example_sensors.py for tasks to queue
[2026-06-13T11:04:36.166+0000] {logging_mixin.py:188} INFO - [2026-06-13T11:04:36.165+0000] {dagbag.py:545} INFO - Filling up the DagBag from /home/airflow/.local/lib/python3.12/site-packages/airflow/example_dags/example_sensors.py
[2026-06-13T11:04:36.176+0000] {processor.py:840} INFO - DAG(s) 'example_sensors' retrieved from /home/airflow/.local/lib/python3.12/site-packages/airflow/example_dags/example_sensors.py
[2026-06-13T11:04:36.209+0000] {logging_mixin.py:188} INFO - [2026-06-13T11:04:36.208+0000] {dag.py:3096} INFO - Sync 1 DAGs
[2026-06-13T11:04:36.223+0000] {logging_mixin.py:188} INFO - [2026-06-13T11:04:36.223+0000] {dag.py:3954} INFO - Setting next_dagrun for example_sensors to None, run_after=None
[2026-06-13T11:04:36.253+0000] {processor.py:183} INFO - Processing /home/airflow/.local/lib/python3.12/site-packages/airflow/example_dags/example_sensors.py took 0.098 seconds
[2026-06-13T11:05:06.795+0000] {processor.py:161} INFO - Started process (PID=1161) to work on /home/airflow/.local/lib/python3.12/site-packages/airflow/example_dags/example_sensors.py
[2026-06-13T11:05:06.797+0000] {processor.py:830} INFO - Processing file /home/airflow/.local/lib/python3.12/site-packages/airflow/example_dags/example_sensors.py for tasks to queue
[2026-06-13T11:05:06.799+0000] {logging_mixin.py:188} INFO - [2026-06-13T11:05:06.799+0000] {dagbag.py:545} INFO - Filling up the DagBag from /home/airflow/.local/lib/python3.12/site-packages/airflow/example_dags/example_sensors.py
[2026-06-13T11:05:06.809+0000] {processor.py:840} INFO - DAG(s) 'example_sensors' retrieved from /home/airflow/.local/lib/python3.12/site-packages/airflow/example_dags/example_sensors.py
[2026-06-13T11:05:06.842+0000] {logging_mixin.py:188} INFO - [2026-06-13T11:05:06.841+0000] {dag.py:3096} INFO - Sync 1 DAGs
[2026-06-13T11:05:06.858+0000] {logging_mixin.py:188} INFO - [2026-06-13T11:05:06.857+0000] {dag.py:3954} INFO - Setting next_dagrun for example_sensors to None, run_after=None
[2026-06-13T11:05:06.885+0000] {processor.py:183} INFO - Processing /home/airflow/.local/lib/python3.12/site-packages/airflow/example_dags/example_sensors.py took 0.097 seconds
[2026-06-13T11:05:37.094+0000] {processor.py:161} INFO - Started process (PID=1221) to work on /home/airflow/.local/lib/python3.12/site-packages/airflow/example_dags/example_sensors.py
[2026-06-13T11:05:37.096+0000] {processor.py:830} INFO - Processing file /home/airflow/.local/lib/python3.12/site-packages/airflow/example_dags/example_sensors.py for tasks to queue
[2026-06-13T11:05:37.099+0000] {logging_mixin.py:188} INFO - [2026-06-13T11:05:37.099+0000] {dagbag.py:545} INFO - Filling up the DagBag from /home/airflow/.local/lib/python3.12/site-packages/airflow/example_dags/example_sensors.py
[2026-06-13T11:05:37.109+0000] {processor.py:840} INFO - DAG(s) 'example_sensors' retrieved from /home/airflow/.local/lib/python3.12/site-packages/airflow/example_dags/example_sensors.py
[2026-06-13T11:05:37.140+0000] {logging_mixin.py:188} INFO - [2026-06-13T11:05:37.139+0000] {dag.py:3096} INFO - Sync 1 DAGs
[2026-06-13T11:05:37.154+0000] {logging_mixin.py:188} INFO - [2026-06-13T11:05:37.154+0000] {dag.py:3954} INFO - Setting next_dagrun for example_sensors to None, run_after=None
[2026-06-13T11:05:37.184+0000] {processor.py:183} INFO - Processing /home/airflow/.local/lib/python3.12/site-packages/airflow/example_dags/example_sensors.py took 0.095 seconds
[2026-06-13T11:06:07.577+0000] {processor.py:161} INFO - Started process (PID=1280) to work on /home/airflow/.local/lib/python3.12/site-packages/airflow/example_dags/example_sensors.py
[2026-06-13T11:06:07.579+0000] {processor.py:830} INFO - Processing file /home/airflow/.local/lib/python3.12/site-packages/airflow/example_dags/example_sensors.py for tasks to queue
[2026-06-13T11:06:07.583+0000] {logging_mixin.py:188} INFO - [2026-06-13T11:06:07.582+0000] {dagbag.py:545} INFO - Filling up the DagBag from /home/airflow/.local/lib/python3.12/site-packages/airflow/example_dags/example_sensors.py
[2026-06-13T11:06:07.593+0000] {processor.py:840} INFO - DAG(s) 'example_sensors' retrieved from /home/airflow/.local/lib/python3.12/site-packages/airflow/example_dags/example_sensors.py
[2026-06-13T11:06:07.623+0000] {logging_mixin.py:188} INFO - [2026-06-13T11:06:07.623+0000] {dag.py:3096} INFO - Sync 1 DAGs
[2026-06-13T11:06:07.637+0000] {logging_mixin.py:188} INFO - [2026-06-13T11:06:07.636+0000] {dag.py:3954} INFO - Setting next_dagrun for example_sensors to None, run_after=None
[2026-06-13T11:06:07.662+0000] {processor.py:183} INFO - Processing /home/airflow/.local/lib/python3.12/site-packages/airflow/example_dags/example_sensors.py took 0.091 seconds
[2026-06-13T11:06:37.889+0000] {processor.py:161} INFO - Started process (PID=1339) to work on /home/airflow/.local/lib/python3.12/site-packages/airflow/example_dags/example_sensors.py
[2026-06-13T11:06:37.891+0000] {processor.py:830} INFO - Processing file /home/airflow/.local/lib/python3.12/site-packages/airflow/example_dags/example_sensors.py for tasks to queue
[2026-06-13T11:06:37.894+0000] {logging_mixin.py:188} INFO - [2026-06-13T11:06:37.893+0000] {dagbag.py:545} INFO - Filling up the DagBag from /home/airflow/.local/lib/python3.12/site-packages/airflow/example_dags/example_sensors.py
[2026-06-13T11:06:37.903+0000] {processor.py:840} INFO - DAG(s) 'example_sensors' retrieved from /home/airflow/.local/lib/python3.12/site-packages/airflow/example_dags/example_sensors.py
[2026-06-13T11:06:37.934+0000] {logging_mixin.py:188} INFO - [2026-06-13T11:06:37.934+0000] {dag.py:3096} INFO - Sync 1 DAGs
[2026-06-13T11:06:37.949+0000] {logging_mixin.py:188} INFO - [2026-06-13T11:06:37.948+0000] {dag.py:3954} INFO - Setting next_dagrun for example_sensors to None, run_after=None
[2026-06-13T11:06:37.975+0000] {processor.py:183} INFO - Processing /home/airflow/.local/lib/python3.12/site-packages/airflow/example_dags/example_sensors.py took 0.092 seconds
[2026-06-13T11:07:08.494+0000] {processor.py:161} INFO - Started process (PID=1398) to work on /home/airflow/.local/lib/python3.12/site-packages/airflow/example_dags/example_sensors.py
[2026-06-13T11:07:08.495+0000] {processor.py:830} INFO - Processing file /home/airflow/.local/lib/python3.12/site-packages/airflow/example_dags/example_sensors.py for tasks to queue
[2026-06-13T11:07:08.499+0000] {logging_mixin.py:188} INFO - [2026-06-13T11:07:08.499+0000] {dagbag.py:545} INFO - Filling up the DagBag from /home/airflow/.local/lib/python3.12/site-packages/airflow/example_dags/example_sensors.py
[2026-06-13T11:07:08.509+0000] {processor.py:840} INFO - DAG(s) 'example_sensors' retrieved from /home/airflow/.local/lib/python3.12/site-packages/airflow/example_dags/example_sensors.py
[2026-06-13T11:07:08.541+0000] {logging_mixin.py:188} INFO - [2026-06-13T11:07:08.540+0000] {dag.py:3096} INFO - Sync 1 DAGs
[2026-06-13T11:07:08.554+0000] {logging_mixin.py:188} INFO - [2026-06-13T11:07:08.554+0000] {dag.py:3954} INFO - Setting next_dagrun for example_sensors to None, run_after=None
[2026-06-13T11:07:08.581+0000] {processor.py:183} INFO - Processing /home/airflow/.local/lib/python3.12/site-packages/airflow/example_dags/example_sensors.py took 0.094 seconds
[2026-06-13T11:07:38.985+0000] {processor.py:161} INFO - Started process (PID=1457) to work on /home/airflow/.local/lib/python3.12/site-packages/airflow/example_dags/example_sensors.py
[2026-06-13T11:07:38.986+0000] {processor.py:830} INFO - Processing file /home/airflow/.local/lib/python3.12/site-packages/airflow/example_dags/example_sensors.py for tasks to queue
[2026-06-13T11:07:38.989+0000] {logging_mixin.py:188} INFO - [2026-06-13T11:07:38.989+0000] {dagbag.py:545} INFO - Filling up the DagBag from /home/airflow/.local/lib/python3.12/site-packages/airflow/example_dags/example_sensors.py
[2026-06-13T11:07:38.998+0000] {processor.py:840} INFO - DAG(s) 'example_sensors' retrieved from /home/airflow/.local/lib/python3.12/site-packages/airflow/example_dags/example_sensors.py
[2026-06-13T11:07:39.029+0000] {logging_mixin.py:188} INFO - [2026-06-13T11:07:39.029+0000] {dag.py:3096} INFO - Sync 1 DAGs
[2026-06-13T11:07:39.044+0000] {logging_mixin.py:188} INFO - [2026-06-13T11:07:39.044+0000] {dag.py:3954} INFO - Setting next_dagrun for example_sensors to None, run_after=None
[2026-06-13T11:07:39.076+0000] {processor.py:183} INFO - Processing /home/airflow/.local/lib/python3.12/site-packages/airflow/example_dags/example_sensors.py took 0.097 seconds
[2026-06-13T11:08:09.568+0000] {processor.py:161} INFO - Started process (PID=1517) to work on /home/airflow/.local/lib/python3.12/site-packages/airflow/example_dags/example_sensors.py
[2026-06-13T11:08:09.569+0000] {processor.py:830} INFO - Processing file /home/airflow/.local/lib/python3.12/site-packages/airflow/example_dags/example_sensors.py for tasks to queue
[2026-06-13T11:08:09.572+0000] {logging_mixin.py:188} INFO - [2026-06-13T11:08:09.572+0000] {dagbag.py:545} INFO - Filling up the DagBag from /home/airflow/.local/lib/python3.12/site-packages/airflow/example_dags/example_sensors.py
[2026-06-13T11:08:09.582+0000] {processor.py:840} INFO - DAG(s) 'example_sensors' retrieved from /home/airflow/.local/lib/python3.12/site-packages/airflow/example_dags/example_sensors.py
[2026-06-13T11:08:09.613+0000] {logging_mixin.py:188} INFO - [2026-06-13T11:08:09.613+0000] {dag.py:3096} INFO - Sync 1 DAGs
[2026-06-13T11:08:09.627+0000] {logging_mixin.py:188} INFO - [2026-06-13T11:08:09.627+0000] {dag.py:3954} INFO - Setting next_dagrun for example_sensors to None, run_after=None
[2026-06-13T11:08:09.654+0000] {processor.py:183} INFO - Processing /home/airflow/.local/lib/python3.12/site-packages/airflow/example_dags/example_sensors.py took 0.092 seconds
[2026-06-13T11:09:22.132+0000] {processor.py:161} INFO - Started process (PID=99) to work on /home/airflow/.local/lib/python3.12/site-packages/airflow/example_dags/example_sensors.py
[2026-06-13T11:09:22.134+0000] {processor.py:830} INFO - Processing file /home/airflow/.local/lib/python3.12/site-packages/airflow/example_dags/example_sensors.py for tasks to queue
[2026-06-13T11:09:22.137+0000] {logging_mixin.py:188} INFO - [2026-06-13T11:09:22.137+0000] {dagbag.py:545} INFO - Filling up the DagBag from /home/airflow/.local/lib/python3.12/site-packages/airflow/example_dags/example_sensors.py
[2026-06-13T11:09:22.157+0000] {processor.py:840} INFO - DAG(s) 'example_sensors' retrieved from /home/airflow/.local/lib/python3.12/site-packages/airflow/example_dags/example_sensors.py
[2026-06-13T11:09:22.306+0000] {logging_mixin.py:188} INFO - [2026-06-13T11:09:22.306+0000] {dag.py:3096} INFO - Sync 1 DAGs
[2026-06-13T11:09:22.321+0000] {logging_mixin.py:188} INFO - [2026-06-13T11:09:22.321+0000] {dag.py:3954} INFO - Setting next_dagrun for example_sensors to None, run_after=None
[2026-06-13T11:09:22.354+0000] {processor.py:183} INFO - Processing /home/airflow/.local/lib/python3.12/site-packages/airflow/example_dags/example_sensors.py took 0.233 seconds
[2026-06-13T11:09:53.333+0000] {processor.py:161} INFO - Started process (PID=158) to work on /home/airflow/.local/lib/python3.12/site-packages/airflow/example_dags/example_sensors.py
[2026-06-13T11:09:53.334+0000] {processor.py:830} INFO - Processing file /home/airflow/.local/lib/python3.12/site-packages/airflow/example_dags/example_sensors.py for tasks to queue
[2026-06-13T11:09:53.337+0000] {logging_mixin.py:188} INFO - [2026-06-13T11:09:53.336+0000] {dagbag.py:545} INFO - Filling up the DagBag from /home/airflow/.local/lib/python3.12/site-packages/airflow/example_dags/example_sensors.py
[2026-06-13T11:09:53.346+0000] {processor.py:840} INFO - DAG(s) 'example_sensors' retrieved from /home/airflow/.local/lib/python3.12/site-packages/airflow/example_dags/example_sensors.py
[2026-06-13T11:09:53.380+0000] {logging_mixin.py:188} INFO - [2026-06-13T11:09:53.380+0000] {dag.py:3096} INFO - Sync 1 DAGs
[2026-06-13T11:09:53.405+0000] {logging_mixin.py:188} INFO - [2026-06-13T11:09:53.405+0000] {dag.py:3954} INFO - Setting next_dagrun for example_sensors to None, run_after=None
[2026-06-13T11:09:53.435+0000] {processor.py:183} INFO - Processing /home/airflow/.local/lib/python3.12/site-packages/airflow/example_dags/example_sensors.py took 0.108 seconds
[2026-06-13T11:10:23.703+0000] {processor.py:161} INFO - Started process (PID=217) to work on /home/airflow/.local/lib/python3.12/site-packages/airflow/example_dags/example_sensors.py
[2026-06-13T11:10:23.705+0000] {processor.py:830} INFO - Processing file /home/airflow/.local/lib/python3.12/site-packages/airflow/example_dags/example_sensors.py for tasks to queue
[2026-06-13T11:10:23.707+0000] {logging_mixin.py:188} INFO - [2026-06-13T11:10:23.707+0000] {dagbag.py:545} INFO - Filling up the DagBag from /home/airflow/.local/lib/python3.12/site-packages/airflow/example_dags/example_sensors.py
[2026-06-13T11:10:23.717+0000] {processor.py:840} INFO - DAG(s) 'example_sensors' retrieved from /home/airflow/.local/lib/python3.12/site-packages/airflow/example_dags/example_sensors.py
[2026-06-13T11:10:23.748+0000] {logging_mixin.py:188} INFO - [2026-06-13T11:10:23.748+0000] {dag.py:3096} INFO - Sync 1 DAGs
[2026-06-13T11:10:23.762+0000] {logging_mixin.py:188} INFO - [2026-06-13T11:10:23.762+0000] {dag.py:3954} INFO - Setting next_dagrun for example_sensors to None, run_after=None
[2026-06-13T11:10:23.794+0000] {processor.py:183} INFO - Processing /home/airflow/.local/lib/python3.12/site-packages/airflow/example_dags/example_sensors.py took 0.097 seconds
[2026-06-13T11:10:54.283+0000] {processor.py:161} INFO - Started process (PID=276) to work on /home/airflow/.local/lib/python3.12/site-packages/airflow/example_dags/example_sensors.py
[2026-06-13T11:10:54.285+0000] {processor.py:830} INFO - Processing file /home/airflow/.local/lib/python3.12/site-packages/airflow/example_dags/example_sensors.py for tasks to queue
[2026-06-13T11:10:54.288+0000] {logging_mixin.py:188} INFO - [2026-06-13T11:10:54.288+0000] {dagbag.py:545} INFO - Filling up the DagBag from /home/airflow/.local/lib/python3.12/site-packages/airflow/example_dags/example_sensors.py
[2026-06-13T11:10:54.298+0000] {processor.py:840} INFO - DAG(s) 'example_sensors' retrieved from /home/airflow/.local/lib/python3.12/site-packages/airflow/example_dags/example_sensors.py
[2026-06-13T11:10:54.331+0000] {logging_mixin.py:188} INFO - [2026-06-13T11:10:54.331+0000] {dag.py:3096} INFO - Sync 1 DAGs
[2026-06-13T11:10:54.346+0000] {logging_mixin.py:188} INFO - [2026-06-13T11:10:54.346+0000] {dag.py:3954} INFO - Setting next_dagrun for example_sensors to None, run_after=None
[2026-06-13T11:10:54.377+0000] {processor.py:183} INFO - Processing /home/airflow/.local/lib/python3.12/site-packages/airflow/example_dags/example_sensors.py took 0.100 seconds
[2026-06-13T11:11:24.475+0000] {processor.py:161} INFO - Started process (PID=335) to work on /home/airflow/.local/lib/python3.12/site-packages/airflow/example_dags/example_sensors.py
[2026-06-13T11:11:24.477+0000] {processor.py:830} INFO - Processing file /home/airflow/.local/lib/python3.12/site-packages/airflow/example_dags/example_sensors.py for tasks to queue
[2026-06-13T11:11:24.479+0000] {logging_mixin.py:188} INFO - [2026-06-13T11:11:24.479+0000] {dagbag.py:545} INFO - Filling up the DagBag from /home/airflow/.local/lib/python3.12/site-packages/airflow/example_dags/example_sensors.py
[2026-06-13T11:11:24.490+0000] {processor.py:840} INFO - DAG(s) 'example_sensors' retrieved from /home/airflow/.local/lib/python3.12/site-packages/airflow/example_dags/example_sensors.py
[2026-06-13T11:11:24.522+0000] {logging_mixin.py:188} INFO - [2026-06-13T11:11:24.522+0000] {dag.py:3096} INFO - Sync 1 DAGs
[2026-06-13T11:11:24.536+0000] {logging_mixin.py:188} INFO - [2026-06-13T11:11:24.536+0000] {dag.py:3954} INFO - Setting next_dagrun for example_sensors to None, run_after=None
[2026-06-13T11:11:24.566+0000] {processor.py:183} INFO - Processing /home/airflow/.local/lib/python3.12/site-packages/airflow/example_dags/example_sensors.py took 0.097 seconds
[2026-06-13T11:11:54.743+0000] {processor.py:161} INFO - Started process (PID=394) to work on /home/airflow/.local/lib/python3.12/site-packages/airflow/example_dags/example_sensors.py
[2026-06-13T11:11:54.745+0000] {processor.py:830} INFO - Processing file /home/airflow/.local/lib/python3.12/site-packages/airflow/example_dags/example_sensors.py for tasks to queue
[2026-06-13T11:11:54.748+0000] {logging_mixin.py:188} INFO - [2026-06-13T11:11:54.747+0000] {dagbag.py:545} INFO - Filling up the DagBag from /home/airflow/.local/lib/python3.12/site-packages/airflow/example_dags/example_sensors.py
[2026-06-13T11:11:54.758+0000] {processor.py:840} INFO - DAG(s) 'example_sensors' retrieved from /home/airflow/.local/lib/python3.12/site-packages/airflow/example_dags/example_sensors.py
[2026-06-13T11:11:54.790+0000] {logging_mixin.py:188} INFO - [2026-06-13T11:11:54.790+0000] {dag.py:3096} INFO - Sync 1 DAGs
[2026-06-13T11:11:54.806+0000] {logging_mixin.py:188} INFO - [2026-06-13T11:11:54.806+0000] {dag.py:3954} INFO - Setting next_dagrun for example_sensors to None, run_after=None
[2026-06-13T11:11:54.834+0000] {processor.py:183} INFO - Processing /home/airflow/.local/lib/python3.12/site-packages/airflow/example_dags/example_sensors.py took 0.098 seconds
[2026-06-13T11:12:25.075+0000] {processor.py:161} INFO - Started process (PID=453) to work on /home/airflow/.local/lib/python3.12/site-packages/airflow/example_dags/example_sensors.py
[2026-06-13T11:12:25.076+0000] {processor.py:830} INFO - Processing file /home/airflow/.local/lib/python3.12/site-packages/airflow/example_dags/example_sensors.py for tasks to queue
[2026-06-13T11:12:25.079+0000] {logging_mixin.py:188} INFO - [2026-06-13T11:12:25.079+0000] {dagbag.py:545} INFO - Filling up the DagBag from /home/airflow/.local/lib/python3.12/site-packages/airflow/example_dags/example_sensors.py
[2026-06-13T11:12:25.089+0000] {processor.py:840} INFO - DAG(s) 'example_sensors' retrieved from /home/airflow/.local/lib/python3.12/site-packages/airflow/example_dags/example_sensors.py
[2026-06-13T11:12:25.123+0000] {logging_mixin.py:188} INFO - [2026-06-13T11:12:25.122+0000] {dag.py:3096} INFO - Sync 1 DAGs
[2026-06-13T11:12:25.139+0000] {logging_mixin.py:188} INFO - [2026-06-13T11:12:25.138+0000] {dag.py:3954} INFO - Setting next_dagrun for example_sensors to None, run_after=None
[2026-06-13T11:12:25.169+0000] {processor.py:183} INFO - Processing /home/airflow/.local/lib/python3.12/site-packages/airflow/example_dags/example_sensors.py took 0.100 seconds
[2026-06-13T11:12:55.418+0000] {processor.py:161} INFO - Started process (PID=512) to work on /home/airflow/.local/lib/python3.12/site-packages/airflow/example_dags/example_sensors.py
[2026-06-13T11:12:55.420+0000] {processor.py:830} INFO - Processing file /home/airflow/.local/lib/python3.12/site-packages/airflow/example_dags/example_sensors.py for tasks to queue
[2026-06-13T11:12:55.422+0000] {logging_mixin.py:188} INFO - [2026-06-13T11:12:55.422+0000] {dagbag.py:545} INFO - Filling up the DagBag from /home/airflow/.local/lib/python3.12/site-packages/airflow/example_dags/example_sensors.py
[2026-06-13T11:12:55.432+0000] {processor.py:840} INFO - DAG(s) 'example_sensors' retrieved from /home/airflow/.local/lib/python3.12/site-packages/airflow/example_dags/example_sensors.py
[2026-06-13T11:12:55.463+0000] {logging_mixin.py:188} INFO - [2026-06-13T11:12:55.463+0000] {dag.py:3096} INFO - Sync 1 DAGs
[2026-06-13T11:12:55.479+0000] {logging_mixin.py:188} INFO - [2026-06-13T11:12:55.479+0000] {dag.py:3954} INFO - Setting next_dagrun for example_sensors to None, run_after=None
[2026-06-13T11:12:55.505+0000] {processor.py:183} INFO - Processing /home/airflow/.local/lib/python3.12/site-packages/airflow/example_dags/example_sensors.py took 0.093 seconds
[2026-06-13T11:13:25.581+0000] {processor.py:161} INFO - Started process (PID=571) to work on /home/airflow/.local/lib/python3.12/site-packages/airflow/example_dags/example_sensors.py
[2026-06-13T11:13:25.582+0000] {processor.py:830} INFO - Processing file /home/airflow/.local/lib/python3.12/site-packages/airflow/example_dags/example_sensors.py for tasks to queue
[2026-06-13T11:13:25.585+0000] {logging_mixin.py:188} INFO - [2026-06-13T11:13:25.584+0000] {dagbag.py:545} INFO - Filling up the DagBag from /home/airflow/.local/lib/python3.12/site-packages/airflow/example_dags/example_sensors.py
[2026-06-13T11:13:25.595+0000] {processor.py:840} INFO - DAG(s) 'example_sensors' retrieved from /home/airflow/.local/lib/python3.12/site-packages/airflow/example_dags/example_sensors.py
[2026-06-13T11:13:25.627+0000] {logging_mixin.py:188} INFO - [2026-06-13T11:13:25.627+0000] {dag.py:3096} INFO - Sync 1 DAGs
[2026-06-13T11:13:25.641+0000] {logging_mixin.py:188} INFO - [2026-06-13T11:13:25.641+0000] {dag.py:3954} INFO - Setting next_dagrun for example_sensors to None, run_after=None
[2026-06-13T11:13:25.669+0000] {processor.py:183} INFO - Processing /home/airflow/.local/lib/python3.12/site-packages/airflow/example_dags/example_sensors.py took 0.094 seconds
[2026-06-13T11:13:56.352+0000] {processor.py:161} INFO - Started process (PID=630) to work on /home/airflow/.local/lib/python3.12/site-packages/airflow/example_dags/example_sensors.py
[2026-06-13T11:13:56.354+0000] {processor.py:830} INFO - Processing file /home/airflow/.local/lib/python3.12/site-packages/airflow/example_dags/example_sensors.py for tasks to queue
[2026-06-13T11:13:56.356+0000] {logging_mixin.py:188} INFO - [2026-06-13T11:13:56.356+0000] {dagbag.py:545} INFO - Filling up the DagBag from /home/airflow/.local/lib/python3.12/site-packages/airflow/example_dags/example_sensors.py
[2026-06-13T11:13:56.365+0000] {processor.py:840} INFO - DAG(s) 'example_sensors' retrieved from /home/airflow/.local/lib/python3.12/site-packages/airflow/example_dags/example_sensors.py
[2026-06-13T11:13:56.397+0000] {logging_mixin.py:188} INFO - [2026-06-13T11:13:56.397+0000] {dag.py:3096} INFO - Sync 1 DAGs
[2026-06-13T11:13:56.411+0000] {logging_mixin.py:188} INFO - [2026-06-13T11:13:56.410+0000] {dag.py:3954} INFO - Setting next_dagrun for example_sensors to None, run_after=None
[2026-06-13T11:13:56.437+0000] {processor.py:183} INFO - Processing /home/airflow/.local/lib/python3.12/site-packages/airflow/example_dags/example_sensors.py took 0.091 seconds
[2026-06-13T11:14:26.919+0000] {processor.py:161} INFO - Started process (PID=689) to work on /home/airflow/.local/lib/python3.12/site-packages/airflow/example_dags/example_sensors.py
[2026-06-13T11:14:26.921+0000] {processor.py:830} INFO - Processing file /home/airflow/.local/lib/python3.12/site-packages/airflow/example_dags/example_sensors.py for tasks to queue
[2026-06-13T11:14:26.925+0000] {logging_mixin.py:188} INFO - [2026-06-13T11:14:26.925+0000] {dagbag.py:545} INFO - Filling up the DagBag from /home/airflow/.local/lib/python3.12/site-packages/airflow/example_dags/example_sensors.py
[2026-06-13T11:14:26.946+0000] {processor.py:840} INFO - DAG(s) 'example_sensors' retrieved from /home/airflow/.local/lib/python3.12/site-packages/airflow/example_dags/example_sensors.py
[2026-06-13T11:14:26.996+0000] {logging_mixin.py:188} INFO - [2026-06-13T11:14:26.996+0000] {dag.py:3096} INFO - Sync 1 DAGs
[2026-06-13T11:14:27.016+0000] {logging_mixin.py:188} INFO - [2026-06-13T11:14:27.016+0000] {dag.py:3954} INFO - Setting next_dagrun for example_sensors to None, run_after=None
[2026-06-13T11:14:27.050+0000] {processor.py:183} INFO - Processing /home/airflow/.local/lib/python3.12/site-packages/airflow/example_dags/example_sensors.py took 0.143 seconds
[2026-06-13T11:14:57.307+0000] {processor.py:161} INFO - Started process (PID=748) to work on /home/airflow/.local/lib/python3.12/site-packages/airflow/example_dags/example_sensors.py
[2026-06-13T11:14:57.308+0000] {processor.py:830} INFO - Processing file /home/airflow/.local/lib/python3.12/site-packages/airflow/example_dags/example_sensors.py for tasks to queue
[2026-06-13T11:14:57.311+0000] {logging_mixin.py:188} INFO - [2026-06-13T11:14:57.310+0000] {dagbag.py:545} INFO - Filling up the DagBag from /home/airflow/.local/lib/python3.12/site-packages/airflow/example_dags/example_sensors.py
[2026-06-13T11:14:57.321+0000] {processor.py:840} INFO - DAG(s) 'example_sensors' retrieved from /home/airflow/.local/lib/python3.12/site-packages/airflow/example_dags/example_sensors.py
[2026-06-13T11:14:57.353+0000] {logging_mixin.py:188} INFO - [2026-06-13T11:14:57.353+0000] {dag.py:3096} INFO - Sync 1 DAGs
[2026-06-13T11:14:57.367+0000] {logging_mixin.py:188} INFO - [2026-06-13T11:14:57.367+0000] {dag.py:3954} INFO - Setting next_dagrun for example_sensors to None, run_after=None
[2026-06-13T11:14:57.395+0000] {processor.py:183} INFO - Processing /home/airflow/.local/lib/python3.12/site-packages/airflow/example_dags/example_sensors.py took 0.095 seconds
[2026-06-13T11:15:27.591+0000] {processor.py:161} INFO - Started process (PID=807) to work on /home/airflow/.local/lib/python3.12/site-packages/airflow/example_dags/example_sensors.py
[2026-06-13T11:15:27.594+0000] {processor.py:830} INFO - Processing file /home/airflow/.local/lib/python3.12/site-packages/airflow/example_dags/example_sensors.py for tasks to queue
[2026-06-13T11:15:27.597+0000] {logging_mixin.py:188} INFO - [2026-06-13T11:15:27.597+0000] {dagbag.py:545} INFO - Filling up the DagBag from /home/airflow/.local/lib/python3.12/site-packages/airflow/example_dags/example_sensors.py
[2026-06-13T11:15:27.608+0000] {processor.py:840} INFO - DAG(s) 'example_sensors' retrieved from /home/airflow/.local/lib/python3.12/site-packages/airflow/example_dags/example_sensors.py
[2026-06-13T11:15:27.648+0000] {logging_mixin.py:188} INFO - [2026-06-13T11:15:27.648+0000] {dag.py:3096} INFO - Sync 1 DAGs
[2026-06-13T11:15:27.670+0000] {logging_mixin.py:188} INFO - [2026-06-13T11:15:27.669+0000] {dag.py:3954} INFO - Setting next_dagrun for example_sensors to None, run_after=None
[2026-06-13T11:15:27.719+0000] {processor.py:183} INFO - Processing /home/airflow/.local/lib/python3.12/site-packages/airflow/example_dags/example_sensors.py took 0.135 seconds
[2026-06-13T11:15:58.059+0000] {processor.py:161} INFO - Started process (PID=866) to work on /home/airflow/.local/lib/python3.12/site-packages/airflow/example_dags/example_sensors.py
[2026-06-13T11:15:58.060+0000] {processor.py:830} INFO - Processing file /home/airflow/.local/lib/python3.12/site-packages/airflow/example_dags/example_sensors.py for tasks to queue
[2026-06-13T11:15:58.063+0000] {logging_mixin.py:188} INFO - [2026-06-13T11:15:58.063+0000] {dagbag.py:545} INFO - Filling up the DagBag from /home/airflow/.local/lib/python3.12/site-packages/airflow/example_dags/example_sensors.py
[2026-06-13T11:15:58.073+0000] {processor.py:840} INFO - DAG(s) 'example_sensors' retrieved from /home/airflow/.local/lib/python3.12/site-packages/airflow/example_dags/example_sensors.py
[2026-06-13T11:15:58.104+0000] {logging_mixin.py:188} INFO - [2026-06-13T11:15:58.104+0000] {dag.py:3096} INFO - Sync 1 DAGs
[2026-06-13T11:15:58.118+0000] {logging_mixin.py:188} INFO - [2026-06-13T11:15:58.118+0000] {dag.py:3954} INFO - Setting next_dagrun for example_sensors to None, run_after=None
[2026-06-13T11:15:58.142+0000] {processor.py:183} INFO - Processing /home/airflow/.local/lib/python3.12/site-packages/airflow/example_dags/example_sensors.py took 0.090 seconds
[2026-06-13T11:16:28.381+0000] {processor.py:161} INFO - Started process (PID=925) to work on /home/airflow/.local/lib/python3.12/site-packages/airflow/example_dags/example_sensors.py
[2026-06-13T11:16:28.383+0000] {processor.py:830} INFO - Processing file /home/airflow/.local/lib/python3.12/site-packages/airflow/example_dags/example_sensors.py for tasks to queue
[2026-06-13T11:16:28.386+0000] {logging_mixin.py:188} INFO - [2026-06-13T11:16:28.386+0000] {dagbag.py:545} INFO - Filling up the DagBag from /home/airflow/.local/lib/python3.12/site-packages/airflow/example_dags/example_sensors.py
[2026-06-13T11:16:28.397+0000] {processor.py:840} INFO - DAG(s) 'example_sensors' retrieved from /home/airflow/.local/lib/python3.12/site-packages/airflow/example_dags/example_sensors.py
[2026-06-13T11:16:28.427+0000] {logging_mixin.py:188} INFO - [2026-06-13T11:16:28.427+0000] {dag.py:3096} INFO - Sync 1 DAGs
[2026-06-13T11:16:28.442+0000] {logging_mixin.py:188} INFO - [2026-06-13T11:16:28.442+0000] {dag.py:3954} INFO - Setting next_dagrun for example_sensors to None, run_after=None
[2026-06-13T11:16:28.468+0000] {processor.py:183} INFO - Processing /home/airflow/.local/lib/python3.12/site-packages/airflow/example_dags/example_sensors.py took 0.093 seconds
[2026-06-13T11:16:58.698+0000] {processor.py:161} INFO - Started process (PID=985) to work on /home/airflow/.local/lib/python3.12/site-packages/airflow/example_dags/example_sensors.py
[2026-06-13T11:16:58.700+0000] {processor.py:830} INFO - Processing file /home/airflow/.local/lib/python3.12/site-packages/airflow/example_dags/example_sensors.py for tasks to queue
[2026-06-13T11:16:58.704+0000] {logging_mixin.py:188} INFO - [2026-06-13T11:16:58.703+0000] {dagbag.py:545} INFO - Filling up the DagBag from /home/airflow/.local/lib/python3.12/site-packages/airflow/example_dags/example_sensors.py
[2026-06-13T11:16:58.721+0000] {processor.py:840} INFO - DAG(s) 'example_sensors' retrieved from /home/airflow/.local/lib/python3.12/site-packages/airflow/example_dags/example_sensors.py
[2026-06-13T11:16:58.765+0000] {logging_mixin.py:188} INFO - [2026-06-13T11:16:58.764+0000] {dag.py:3096} INFO - Sync 1 DAGs
[2026-06-13T11:16:58.784+0000] {logging_mixin.py:188} INFO - [2026-06-13T11:16:58.784+0000] {dag.py:3954} INFO - Setting next_dagrun for example_sensors to None, run_after=None
[2026-06-13T11:16:58.826+0000] {processor.py:183} INFO - Processing /home/airflow/.local/lib/python3.12/site-packages/airflow/example_dags/example_sensors.py took 0.137 seconds
[2026-06-13T11:17:28.891+0000] {processor.py:161} INFO - Started process (PID=1044) to work on /home/airflow/.local/lib/python3.12/site-packages/airflow/example_dags/example_sensors.py
[2026-06-13T11:17:28.893+0000] {processor.py:830} INFO - Processing file /home/airflow/.local/lib/python3.12/site-packages/airflow/example_dags/example_sensors.py for tasks to queue
[2026-06-13T11:17:28.895+0000] {logging_mixin.py:188} INFO - [2026-06-13T11:17:28.894+0000] {dagbag.py:545} INFO - Filling up the DagBag from /home/airflow/.local/lib/python3.12/site-packages/airflow/example_dags/example_sensors.py
[2026-06-13T11:17:28.905+0000] {processor.py:840} INFO - DAG(s) 'example_sensors' retrieved from /home/airflow/.local/lib/python3.12/site-packages/airflow/example_dags/example_sensors.py
[2026-06-13T11:17:28.935+0000] {logging_mixin.py:188} INFO - [2026-06-13T11:17:28.935+0000] {dag.py:3096} INFO - Sync 1 DAGs
[2026-06-13T11:17:28.949+0000] {logging_mixin.py:188} INFO - [2026-06-13T11:17:28.949+0000] {dag.py:3954} INFO - Setting next_dagrun for example_sensors to None, run_after=None
[2026-06-13T11:17:28.974+0000] {processor.py:183} INFO - Processing /home/airflow/.local/lib/python3.12/site-packages/airflow/example_dags/example_sensors.py took 0.089 seconds
[2026-06-13T11:17:59.402+0000] {processor.py:161} INFO - Started process (PID=1103) to work on /home/airflow/.local/lib/python3.12/site-packages/airflow/example_dags/example_sensors.py
[2026-06-13T11:17:59.404+0000] {processor.py:830} INFO - Processing file /home/airflow/.local/lib/python3.12/site-packages/airflow/example_dags/example_sensors.py for tasks to queue
[2026-06-13T11:17:59.407+0000] {logging_mixin.py:188} INFO - [2026-06-13T11:17:59.406+0000] {dagbag.py:545} INFO - Filling up the DagBag from /home/airflow/.local/lib/python3.12/site-packages/airflow/example_dags/example_sensors.py
[2026-06-13T11:17:59.418+0000] {processor.py:840} INFO - DAG(s) 'example_sensors' retrieved from /home/airflow/.local/lib/python3.12/site-packages/airflow/example_dags/example_sensors.py
[2026-06-13T11:17:59.453+0000] {logging_mixin.py:188} INFO - [2026-06-13T11:17:59.453+0000] {dag.py:3096} INFO - Sync 1 DAGs
[2026-06-13T11:17:59.470+0000] {logging_mixin.py:188} INFO - [2026-06-13T11:17:59.469+0000] {dag.py:3954} INFO - Setting next_dagrun for example_sensors to None, run_after=None
[2026-06-13T11:17:59.498+0000] {processor.py:183} INFO - Processing /home/airflow/.local/lib/python3.12/site-packages/airflow/example_dags/example_sensors.py took 0.104 seconds
[2026-06-13T11:18:30.361+0000] {processor.py:161} INFO - Started process (PID=1162) to work on /home/airflow/.local/lib/python3.12/site-packages/airflow/example_dags/example_sensors.py
[2026-06-13T11:18:30.363+0000] {processor.py:830} INFO - Processing file /home/airflow/.local/lib/python3.12/site-packages/airflow/example_dags/example_sensors.py for tasks to queue
[2026-06-13T11:18:30.366+0000] {logging_mixin.py:188} INFO - [2026-06-13T11:18:30.366+0000] {dagbag.py:545} INFO - Filling up the DagBag from /home/airflow/.local/lib/python3.12/site-packages/airflow/example_dags/example_sensors.py
[2026-06-13T11:18:30.377+0000] {processor.py:840} INFO - DAG(s) 'example_sensors' retrieved from /home/airflow/.local/lib/python3.12/site-packages/airflow/example_dags/example_sensors.py
[2026-06-13T11:18:30.412+0000] {logging_mixin.py:188} INFO - [2026-06-13T11:18:30.412+0000] {dag.py:3096} INFO - Sync 1 DAGs
[2026-06-13T11:18:30.429+0000] {logging_mixin.py:188} INFO - [2026-06-13T11:18:30.429+0000] {dag.py:3954} INFO - Setting next_dagrun for example_sensors to None, run_after=None
[2026-06-13T11:18:30.456+0000] {processor.py:183} INFO - Processing /home/airflow/.local/lib/python3.12/site-packages/airflow/example_dags/example_sensors.py took 0.103 seconds
[2026-06-13T11:48:55.909+0000] {processor.py:161} INFO - Started process (PID=1221) to work on /home/airflow/.local/lib/python3.12/site-packages/airflow/example_dags/example_sensors.py
[2026-06-13T11:48:55.912+0000] {processor.py:830} INFO - Processing file /home/airflow/.local/lib/python3.12/site-packages/airflow/example_dags/example_sensors.py for tasks to queue
[2026-06-13T11:48:55.917+0000] {logging_mixin.py:188} INFO - [2026-06-13T11:48:55.916+0000] {dagbag.py:545} INFO - Filling up the DagBag from /home/airflow/.local/lib/python3.12/site-packages/airflow/example_dags/example_sensors.py
[2026-06-13T11:48:55.950+0000] {processor.py:840} INFO - DAG(s) 'example_sensors' retrieved from /home/airflow/.local/lib/python3.12/site-packages/airflow/example_dags/example_sensors.py
[2026-06-13T11:48:56.069+0000] {logging_mixin.py:188} INFO - [2026-06-13T11:48:56.068+0000] {dag.py:3096} INFO - Sync 1 DAGs
[2026-06-13T11:48:56.108+0000] {logging_mixin.py:188} INFO - [2026-06-13T11:48:56.107+0000] {dag.py:3954} INFO - Setting next_dagrun for example_sensors to None, run_after=None
[2026-06-13T11:48:56.153+0000] {processor.py:183} INFO - Processing /home/airflow/.local/lib/python3.12/site-packages/airflow/example_dags/example_sensors.py took 0.263 seconds
[2026-06-13T11:49:26.238+0000] {processor.py:161} INFO - Started process (PID=1280) to work on /home/airflow/.local/lib/python3.12/site-packages/airflow/example_dags/example_sensors.py
[2026-06-13T11:49:26.239+0000] {processor.py:830} INFO - Processing file /home/airflow/.local/lib/python3.12/site-packages/airflow/example_dags/example_sensors.py for tasks to queue
[2026-06-13T11:49:26.243+0000] {logging_mixin.py:188} INFO - [2026-06-13T11:49:26.242+0000] {dagbag.py:545} INFO - Filling up the DagBag from /home/airflow/.local/lib/python3.12/site-packages/airflow/example_dags/example_sensors.py
[2026-06-13T11:49:26.253+0000] {processor.py:840} INFO - DAG(s) 'example_sensors' retrieved from /home/airflow/.local/lib/python3.12/site-packages/airflow/example_dags/example_sensors.py
[2026-06-13T11:49:26.291+0000] {logging_mixin.py:188} INFO - [2026-06-13T11:49:26.290+0000] {dag.py:3096} INFO - Sync 1 DAGs
[2026-06-13T11:49:26.308+0000] {logging_mixin.py:188} INFO - [2026-06-13T11:49:26.308+0000] {dag.py:3954} INFO - Setting next_dagrun for example_sensors to None, run_after=None
[2026-06-13T11:49:26.338+0000] {processor.py:183} INFO - Processing /home/airflow/.local/lib/python3.12/site-packages/airflow/example_dags/example_sensors.py took 0.107 seconds
[2026-06-13T11:49:56.579+0000] {processor.py:161} INFO - Started process (PID=1339) to work on /home/airflow/.local/lib/python3.12/site-packages/airflow/example_dags/example_sensors.py
[2026-06-13T11:49:56.580+0000] {processor.py:830} INFO - Processing file /home/airflow/.local/lib/python3.12/site-packages/airflow/example_dags/example_sensors.py for tasks to queue
[2026-06-13T11:49:56.583+0000] {logging_mixin.py:188} INFO - [2026-06-13T11:49:56.583+0000] {dagbag.py:545} INFO - Filling up the DagBag from /home/airflow/.local/lib/python3.12/site-packages/airflow/example_dags/example_sensors.py
[2026-06-13T11:49:56.595+0000] {processor.py:840} INFO - DAG(s) 'example_sensors' retrieved from /home/airflow/.local/lib/python3.12/site-packages/airflow/example_dags/example_sensors.py
[2026-06-13T11:49:56.628+0000] {logging_mixin.py:188} INFO - [2026-06-13T11:49:56.627+0000] {dag.py:3096} INFO - Sync 1 DAGs
[2026-06-13T11:49:56.643+0000] {logging_mixin.py:188} INFO - [2026-06-13T11:49:56.642+0000] {dag.py:3954} INFO - Setting next_dagrun for example_sensors to None, run_after=None
[2026-06-13T11:49:56.672+0000] {processor.py:183} INFO - Processing /home/airflow/.local/lib/python3.12/site-packages/airflow/example_dags/example_sensors.py took 0.099 seconds
[2026-06-13T11:50:27.237+0000] {processor.py:161} INFO - Started process (PID=1398) to work on /home/airflow/.local/lib/python3.12/site-packages/airflow/example_dags/example_sensors.py
[2026-06-13T11:50:27.238+0000] {processor.py:830} INFO - Processing file /home/airflow/.local/lib/python3.12/site-packages/airflow/example_dags/example_sensors.py for tasks to queue
[2026-06-13T11:50:27.242+0000] {logging_mixin.py:188} INFO - [2026-06-13T11:50:27.241+0000] {dagbag.py:545} INFO - Filling up the DagBag from /home/airflow/.local/lib/python3.12/site-packages/airflow/example_dags/example_sensors.py
[2026-06-13T11:50:27.258+0000] {processor.py:840} INFO - DAG(s) 'example_sensors' retrieved from /home/airflow/.local/lib/python3.12/site-packages/airflow/example_dags/example_sensors.py
[2026-06-13T11:50:27.301+0000] {logging_mixin.py:188} INFO - [2026-06-13T11:50:27.300+0000] {dag.py:3096} INFO - Sync 1 DAGs
[2026-06-13T11:50:27.318+0000] {logging_mixin.py:188} INFO - [2026-06-13T11:50:27.317+0000] {dag.py:3954} INFO - Setting next_dagrun for example_sensors to None, run_after=None
[2026-06-13T11:50:27.345+0000] {processor.py:183} INFO - Processing /home/airflow/.local/lib/python3.12/site-packages/airflow/example_dags/example_sensors.py took 0.115 seconds
[2026-06-13T11:50:57.961+0000] {processor.py:161} INFO - Started process (PID=1457) to work on /home/airflow/.local/lib/python3.12/site-packages/airflow/example_dags/example_sensors.py
[2026-06-13T11:50:57.962+0000] {processor.py:830} INFO - Processing file /home/airflow/.local/lib/python3.12/site-packages/airflow/example_dags/example_sensors.py for tasks to queue
[2026-06-13T11:50:57.965+0000] {logging_mixin.py:188} INFO - [2026-06-13T11:50:57.964+0000] {dagbag.py:545} INFO - Filling up the DagBag from /home/airflow/.local/lib/python3.12/site-packages/airflow/example_dags/example_sensors.py
[2026-06-13T11:50:57.974+0000] {processor.py:840} INFO - DAG(s) 'example_sensors' retrieved from /home/airflow/.local/lib/python3.12/site-packages/airflow/example_dags/example_sensors.py
[2026-06-13T11:50:58.008+0000] {logging_mixin.py:188} INFO - [2026-06-13T11:50:58.008+0000] {dag.py:3096} INFO - Sync 1 DAGs
[2026-06-13T11:50:58.022+0000] {logging_mixin.py:188} INFO - [2026-06-13T11:50:58.022+0000] {dag.py:3954} INFO - Setting next_dagrun for example_sensors to None, run_after=None
[2026-06-13T11:50:58.052+0000] {processor.py:183} INFO - Processing /home/airflow/.local/lib/python3.12/site-packages/airflow/example_dags/example_sensors.py took 0.097 seconds
[2026-06-13T11:51:28.427+0000] {processor.py:161} INFO - Started process (PID=1516) to work on /home/airflow/.local/lib/python3.12/site-packages/airflow/example_dags/example_sensors.py
[2026-06-13T11:51:28.429+0000] {processor.py:830} INFO - Processing file /home/airflow/.local/lib/python3.12/site-packages/airflow/example_dags/example_sensors.py for tasks to queue
[2026-06-13T11:51:28.432+0000] {logging_mixin.py:188} INFO - [2026-06-13T11:51:28.431+0000] {dagbag.py:545} INFO - Filling up the DagBag from /home/airflow/.local/lib/python3.12/site-packages/airflow/example_dags/example_sensors.py
[2026-06-13T11:51:28.442+0000] {processor.py:840} INFO - DAG(s) 'example_sensors' retrieved from /home/airflow/.local/lib/python3.12/site-packages/airflow/example_dags/example_sensors.py
[2026-06-13T11:51:28.473+0000] {logging_mixin.py:188} INFO - [2026-06-13T11:51:28.473+0000] {dag.py:3096} INFO - Sync 1 DAGs
[2026-06-13T11:51:28.487+0000] {logging_mixin.py:188} INFO - [2026-06-13T11:51:28.487+0000] {dag.py:3954} INFO - Setting next_dagrun for example_sensors to None, run_after=None
[2026-06-13T11:51:28.515+0000] {processor.py:183} INFO - Processing /home/airflow/.local/lib/python3.12/site-packages/airflow/example_dags/example_sensors.py took 0.093 seconds
[2026-06-13T11:51:59.405+0000] {processor.py:161} INFO - Started process (PID=1575) to work on /home/airflow/.local/lib/python3.12/site-packages/airflow/example_dags/example_sensors.py
[2026-06-13T11:51:59.406+0000] {processor.py:830} INFO - Processing file /home/airflow/.local/lib/python3.12/site-packages/airflow/example_dags/example_sensors.py for tasks to queue
[2026-06-13T11:51:59.409+0000] {logging_mixin.py:188} INFO - [2026-06-13T11:51:59.408+0000] {dagbag.py:545} INFO - Filling up the DagBag from /home/airflow/.local/lib/python3.12/site-packages/airflow/example_dags/example_sensors.py
[2026-06-13T11:51:59.419+0000] {processor.py:840} INFO - DAG(s) 'example_sensors' retrieved from /home/airflow/.local/lib/python3.12/site-packages/airflow/example_dags/example_sensors.py
[2026-06-13T11:51:59.453+0000] {logging_mixin.py:188} INFO - [2026-06-13T11:51:59.453+0000] {dag.py:3096} INFO - Sync 1 DAGs
[2026-06-13T11:51:59.467+0000] {logging_mixin.py:188} INFO - [2026-06-13T11:51:59.466+0000] {dag.py:3954} INFO - Setting next_dagrun for example_sensors to None, run_after=None
[2026-06-13T11:51:59.496+0000] {processor.py:183} INFO - Processing /home/airflow/.local/lib/python3.12/site-packages/airflow/example_dags/example_sensors.py took 0.097 seconds
[2026-06-13T11:52:30.875+0000] {processor.py:161} INFO - Started process (PID=1634) to work on /home/airflow/.local/lib/python3.12/site-packages/airflow/example_dags/example_sensors.py
[2026-06-13T11:52:30.877+0000] {processor.py:830} INFO - Processing file /home/airflow/.local/lib/python3.12/site-packages/airflow/example_dags/example_sensors.py for tasks to queue
[2026-06-13T11:52:30.880+0000] {logging_mixin.py:188} INFO - [2026-06-13T11:52:30.880+0000] {dagbag.py:545} INFO - Filling up the DagBag from /home/airflow/.local/lib/python3.12/site-packages/airflow/example_dags/example_sensors.py
[2026-06-13T11:52:30.891+0000] {processor.py:840} INFO - DAG(s) 'example_sensors' retrieved from /home/airflow/.local/lib/python3.12/site-packages/airflow/example_dags/example_sensors.py
[2026-06-13T11:52:30.925+0000] {logging_mixin.py:188} INFO - [2026-06-13T11:52:30.925+0000] {dag.py:3096} INFO - Sync 1 DAGs
[2026-06-13T11:52:30.940+0000] {logging_mixin.py:188} INFO - [2026-06-13T11:52:30.940+0000] {dag.py:3954} INFO - Setting next_dagrun for example_sensors to None, run_after=None
[2026-06-13T11:52:30.967+0000] {processor.py:183} INFO - Processing /home/airflow/.local/lib/python3.12/site-packages/airflow/example_dags/example_sensors.py took 0.098 seconds
[2026-06-13T11:53:01.441+0000] {processor.py:161} INFO - Started process (PID=1693) to work on /home/airflow/.local/lib/python3.12/site-packages/airflow/example_dags/example_sensors.py
[2026-06-13T11:53:01.443+0000] {processor.py:830} INFO - Processing file /home/airflow/.local/lib/python3.12/site-packages/airflow/example_dags/example_sensors.py for tasks to queue
[2026-06-13T11:53:01.445+0000] {logging_mixin.py:188} INFO - [2026-06-13T11:53:01.444+0000] {dagbag.py:545} INFO - Filling up the DagBag from /home/airflow/.local/lib/python3.12/site-packages/airflow/example_dags/example_sensors.py
[2026-06-13T11:53:01.455+0000] {processor.py:840} INFO - DAG(s) 'example_sensors' retrieved from /home/airflow/.local/lib/python3.12/site-packages/airflow/example_dags/example_sensors.py
[2026-06-13T11:53:01.488+0000] {logging_mixin.py:188} INFO - [2026-06-13T11:53:01.487+0000] {dag.py:3096} INFO - Sync 1 DAGs
[2026-06-13T11:53:01.503+0000] {logging_mixin.py:188} INFO - [2026-06-13T11:53:01.502+0000] {dag.py:3954} INFO - Setting next_dagrun for example_sensors to None, run_after=None
[2026-06-13T11:53:01.530+0000] {processor.py:183} INFO - Processing /home/airflow/.local/lib/python3.12/site-packages/airflow/example_dags/example_sensors.py took 0.095 seconds
[2026-06-13T11:53:31.799+0000] {processor.py:161} INFO - Started process (PID=1752) to work on /home/airflow/.local/lib/python3.12/site-packages/airflow/example_dags/example_sensors.py
[2026-06-13T11:53:31.801+0000] {processor.py:830} INFO - Processing file /home/airflow/.local/lib/python3.12/site-packages/airflow/example_dags/example_sensors.py for tasks to queue
[2026-06-13T11:53:31.803+0000] {logging_mixin.py:188} INFO - [2026-06-13T11:53:31.803+0000] {dagbag.py:545} INFO - Filling up the DagBag from /home/airflow/.local/lib/python3.12/site-packages/airflow/example_dags/example_sensors.py
[2026-06-13T11:53:31.814+0000] {processor.py:840} INFO - DAG(s) 'example_sensors' retrieved from /home/airflow/.local/lib/python3.12/site-packages/airflow/example_dags/example_sensors.py
[2026-06-13T11:53:31.847+0000] {logging_mixin.py:188} INFO - [2026-06-13T11:53:31.847+0000] {dag.py:3096} INFO - Sync 1 DAGs
[2026-06-13T11:53:31.862+0000] {logging_mixin.py:188} INFO - [2026-06-13T11:53:31.862+0000] {dag.py:3954} INFO - Setting next_dagrun for example_sensors to None, run_after=None
[2026-06-13T11:53:31.890+0000] {processor.py:183} INFO - Processing /home/airflow/.local/lib/python3.12/site-packages/airflow/example_dags/example_sensors.py took 0.098 seconds
[2026-06-13T11:54:02.597+0000] {processor.py:161} INFO - Started process (PID=1811) to work on /home/airflow/.local/lib/python3.12/site-packages/airflow/example_dags/example_sensors.py
[2026-06-13T11:54:02.598+0000] {processor.py:830} INFO - Processing file /home/airflow/.local/lib/python3.12/site-packages/airflow/example_dags/example_sensors.py for tasks to queue
[2026-06-13T11:54:02.601+0000] {logging_mixin.py:188} INFO - [2026-06-13T11:54:02.601+0000] {dagbag.py:545} INFO - Filling up the DagBag from /home/airflow/.local/lib/python3.12/site-packages/airflow/example_dags/example_sensors.py
[2026-06-13T11:54:02.610+0000] {processor.py:840} INFO - DAG(s) 'example_sensors' retrieved from /home/airflow/.local/lib/python3.12/site-packages/airflow/example_dags/example_sensors.py
[2026-06-13T11:54:02.642+0000] {logging_mixin.py:188} INFO - [2026-06-13T11:54:02.642+0000] {dag.py:3096} INFO - Sync 1 DAGs
[2026-06-13T11:54:02.657+0000] {logging_mixin.py:188} INFO - [2026-06-13T11:54:02.657+0000] {dag.py:3954} INFO - Setting next_dagrun for example_sensors to None, run_after=None
[2026-06-13T11:54:02.685+0000] {processor.py:183} INFO - Processing /home/airflow/.local/lib/python3.12/site-packages/airflow/example_dags/example_sensors.py took 0.095 seconds
[2026-06-13T11:54:34.885+0000] {processor.py:161} INFO - Started process (PID=1870) to work on /home/airflow/.local/lib/python3.12/site-packages/airflow/example_dags/example_sensors.py
[2026-06-13T11:54:34.887+0000] {processor.py:830} INFO - Processing file /home/airflow/.local/lib/python3.12/site-packages/airflow/example_dags/example_sensors.py for tasks to queue
[2026-06-13T11:54:34.890+0000] {logging_mixin.py:188} INFO - [2026-06-13T11:54:34.889+0000] {dagbag.py:545} INFO - Filling up the DagBag from /home/airflow/.local/lib/python3.12/site-packages/airflow/example_dags/example_sensors.py
[2026-06-13T11:54:34.900+0000] {processor.py:840} INFO - DAG(s) 'example_sensors' retrieved from /home/airflow/.local/lib/python3.12/site-packages/airflow/example_dags/example_sensors.py
[2026-06-13T11:54:34.932+0000] {logging_mixin.py:188} INFO - [2026-06-13T11:54:34.932+0000] {dag.py:3096} INFO - Sync 1 DAGs
[2026-06-13T11:54:34.946+0000] {logging_mixin.py:188} INFO - [2026-06-13T11:54:34.946+0000] {dag.py:3954} INFO - Setting next_dagrun for example_sensors to None, run_after=None
[2026-06-13T11:54:34.970+0000] {processor.py:183} INFO - Processing /home/airflow/.local/lib/python3.12/site-packages/airflow/example_dags/example_sensors.py took 0.091 seconds
[2026-06-13T11:55:06.251+0000] {processor.py:161} INFO - Started process (PID=1930) to work on /home/airflow/.local/lib/python3.12/site-packages/airflow/example_dags/example_sensors.py
[2026-06-13T11:55:06.253+0000] {processor.py:830} INFO - Processing file /home/airflow/.local/lib/python3.12/site-packages/airflow/example_dags/example_sensors.py for tasks to queue
[2026-06-13T11:55:06.256+0000] {logging_mixin.py:188} INFO - [2026-06-13T11:55:06.256+0000] {dagbag.py:545} INFO - Filling up the DagBag from /home/airflow/.local/lib/python3.12/site-packages/airflow/example_dags/example_sensors.py
[2026-06-13T11:55:06.266+0000] {processor.py:840} INFO - DAG(s) 'example_sensors' retrieved from /home/airflow/.local/lib/python3.12/site-packages/airflow/example_dags/example_sensors.py
[2026-06-13T11:55:06.435+0000] {logging_mixin.py:188} INFO - [2026-06-13T11:55:06.434+0000] {dag.py:3096} INFO - Sync 1 DAGs
[2026-06-13T11:55:06.447+0000] {logging_mixin.py:188} INFO - [2026-06-13T11:55:06.447+0000] {dag.py:3954} INFO - Setting next_dagrun for example_sensors to None, run_after=None
[2026-06-13T11:55:06.475+0000] {processor.py:183} INFO - Processing /home/airflow/.local/lib/python3.12/site-packages/airflow/example_dags/example_sensors.py took 0.229 seconds
[2026-06-13T11:55:37.345+0000] {processor.py:161} INFO - Started process (PID=1989) to work on /home/airflow/.local/lib/python3.12/site-packages/airflow/example_dags/example_sensors.py
[2026-06-13T11:55:37.347+0000] {processor.py:830} INFO - Processing file /home/airflow/.local/lib/python3.12/site-packages/airflow/example_dags/example_sensors.py for tasks to queue
[2026-06-13T11:55:37.351+0000] {logging_mixin.py:188} INFO - [2026-06-13T11:55:37.350+0000] {dagbag.py:545} INFO - Filling up the DagBag from /home/airflow/.local/lib/python3.12/site-packages/airflow/example_dags/example_sensors.py
[2026-06-13T11:55:37.362+0000] {processor.py:840} INFO - DAG(s) 'example_sensors' retrieved from /home/airflow/.local/lib/python3.12/site-packages/airflow/example_dags/example_sensors.py
[2026-06-13T11:55:37.401+0000] {logging_mixin.py:188} INFO - [2026-06-13T11:55:37.401+0000] {dag.py:3096} INFO - Sync 1 DAGs
[2026-06-13T11:55:37.417+0000] {logging_mixin.py:188} INFO - [2026-06-13T11:55:37.416+0000] {dag.py:3954} INFO - Setting next_dagrun for example_sensors to None, run_after=None
[2026-06-13T11:55:37.447+0000] {processor.py:183} INFO - Processing /home/airflow/.local/lib/python3.12/site-packages/airflow/example_dags/example_sensors.py took 0.108 seconds
[2026-06-13T11:57:51.034+0000] {processor.py:161} INFO - Started process (PID=2048) to work on /home/airflow/.local/lib/python3.12/site-packages/airflow/example_dags/example_sensors.py
[2026-06-13T11:57:51.036+0000] {processor.py:830} INFO - Processing file /home/airflow/.local/lib/python3.12/site-packages/airflow/example_dags/example_sensors.py for tasks to queue
[2026-06-13T11:57:51.040+0000] {logging_mixin.py:188} INFO - [2026-06-13T11:57:51.039+0000] {dagbag.py:545} INFO - Filling up the DagBag from /home/airflow/.local/lib/python3.12/site-packages/airflow/example_dags/example_sensors.py
[2026-06-13T11:57:51.051+0000] {processor.py:840} INFO - DAG(s) 'example_sensors' retrieved from /home/airflow/.local/lib/python3.12/site-packages/airflow/example_dags/example_sensors.py
[2026-06-13T11:57:51.083+0000] {logging_mixin.py:188} INFO - [2026-06-13T11:57:51.083+0000] {dag.py:3096} INFO - Sync 1 DAGs
[2026-06-13T11:57:51.097+0000] {logging_mixin.py:188} INFO - [2026-06-13T11:57:51.097+0000] {dag.py:3954} INFO - Setting next_dagrun for example_sensors to None, run_after=None
[2026-06-13T11:57:51.124+0000] {processor.py:183} INFO - Processing /home/airflow/.local/lib/python3.12/site-packages/airflow/example_dags/example_sensors.py took 0.096 seconds
[2026-06-13T11:58:21.839+0000] {processor.py:161} INFO - Started process (PID=2115) to work on /home/airflow/.local/lib/python3.12/site-packages/airflow/example_dags/example_sensors.py
[2026-06-13T11:58:21.840+0000] {processor.py:830} INFO - Processing file /home/airflow/.local/lib/python3.12/site-packages/airflow/example_dags/example_sensors.py for tasks to queue
[2026-06-13T11:58:21.844+0000] {logging_mixin.py:188} INFO - [2026-06-13T11:58:21.844+0000] {dagbag.py:545} INFO - Filling up the DagBag from /home/airflow/.local/lib/python3.12/site-packages/airflow/example_dags/example_sensors.py
[2026-06-13T11:58:21.854+0000] {processor.py:840} INFO - DAG(s) 'example_sensors' retrieved from /home/airflow/.local/lib/python3.12/site-packages/airflow/example_dags/example_sensors.py
[2026-06-13T11:58:21.884+0000] {logging_mixin.py:188} INFO - [2026-06-13T11:58:21.884+0000] {dag.py:3096} INFO - Sync 1 DAGs
[2026-06-13T11:58:21.899+0000] {logging_mixin.py:188} INFO - [2026-06-13T11:58:21.899+0000] {dag.py:3954} INFO - Setting next_dagrun for example_sensors to None, run_after=None
[2026-06-13T11:58:21.929+0000] {processor.py:183} INFO - Processing /home/airflow/.local/lib/python3.12/site-packages/airflow/example_dags/example_sensors.py took 0.097 seconds
[2026-06-13T11:58:52.434+0000] {processor.py:161} INFO - Started process (PID=2175) to work on /home/airflow/.local/lib/python3.12/site-packages/airflow/example_dags/example_sensors.py
[2026-06-13T11:58:52.436+0000] {processor.py:830} INFO - Processing file /home/airflow/.local/lib/python3.12/site-packages/airflow/example_dags/example_sensors.py for tasks to queue
[2026-06-13T11:58:52.439+0000] {logging_mixin.py:188} INFO - [2026-06-13T11:58:52.439+0000] {dagbag.py:545} INFO - Filling up the DagBag from /home/airflow/.local/lib/python3.12/site-packages/airflow/example_dags/example_sensors.py
[2026-06-13T11:58:52.450+0000] {processor.py:840} INFO - DAG(s) 'example_sensors' retrieved from /home/airflow/.local/lib/python3.12/site-packages/airflow/example_dags/example_sensors.py
[2026-06-13T11:58:52.484+0000] {logging_mixin.py:188} INFO - [2026-06-13T11:58:52.484+0000] {dag.py:3096} INFO - Sync 1 DAGs
[2026-06-13T11:58:52.500+0000] {logging_mixin.py:188} INFO - [2026-06-13T11:58:52.499+0000] {dag.py:3954} INFO - Setting next_dagrun for example_sensors to None, run_after=None
[2026-06-13T11:58:52.528+0000] {processor.py:183} INFO - Processing /home/airflow/.local/lib/python3.12/site-packages/airflow/example_dags/example_sensors.py took 0.101 seconds
[2026-06-13T11:59:22.977+0000] {processor.py:161} INFO - Started process (PID=2273) to work on /home/airflow/.local/lib/python3.12/site-packages/airflow/example_dags/example_sensors.py
[2026-06-13T11:59:22.978+0000] {processor.py:830} INFO - Processing file /home/airflow/.local/lib/python3.12/site-packages/airflow/example_dags/example_sensors.py for tasks to queue
[2026-06-13T11:59:22.982+0000] {logging_mixin.py:188} INFO - [2026-06-13T11:59:22.981+0000] {dagbag.py:545} INFO - Filling up the DagBag from /home/airflow/.local/lib/python3.12/site-packages/airflow/example_dags/example_sensors.py
[2026-06-13T11:59:22.991+0000] {processor.py:840} INFO - DAG(s) 'example_sensors' retrieved from /home/airflow/.local/lib/python3.12/site-packages/airflow/example_dags/example_sensors.py
[2026-06-13T11:59:23.024+0000] {logging_mixin.py:188} INFO - [2026-06-13T11:59:23.024+0000] {dag.py:3096} INFO - Sync 1 DAGs
[2026-06-13T11:59:23.039+0000] {logging_mixin.py:188} INFO - [2026-06-13T11:59:23.039+0000] {dag.py:3954} INFO - Setting next_dagrun for example_sensors to None, run_after=None
[2026-06-13T11:59:23.068+0000] {processor.py:183} INFO - Processing /home/airflow/.local/lib/python3.12/site-packages/airflow/example_dags/example_sensors.py took 0.101 seconds
[2026-06-13T11:59:53.242+0000] {processor.py:161} INFO - Started process (PID=2332) to work on /home/airflow/.local/lib/python3.12/site-packages/airflow/example_dags/example_sensors.py
[2026-06-13T11:59:53.243+0000] {processor.py:830} INFO - Processing file /home/airflow/.local/lib/python3.12/site-packages/airflow/example_dags/example_sensors.py for tasks to queue
[2026-06-13T11:59:53.247+0000] {logging_mixin.py:188} INFO - [2026-06-13T11:59:53.246+0000] {dagbag.py:545} INFO - Filling up the DagBag from /home/airflow/.local/lib/python3.12/site-packages/airflow/example_dags/example_sensors.py
[2026-06-13T11:59:53.257+0000] {processor.py:840} INFO - DAG(s) 'example_sensors' retrieved from /home/airflow/.local/lib/python3.12/site-packages/airflow/example_dags/example_sensors.py
[2026-06-13T11:59:53.289+0000] {logging_mixin.py:188} INFO - [2026-06-13T11:59:53.289+0000] {dag.py:3096} INFO - Sync 1 DAGs
[2026-06-13T11:59:53.305+0000] {logging_mixin.py:188} INFO - [2026-06-13T11:59:53.305+0000] {dag.py:3954} INFO - Setting next_dagrun for example_sensors to None, run_after=None
[2026-06-13T11:59:53.330+0000] {processor.py:183} INFO - Processing /home/airflow/.local/lib/python3.12/site-packages/airflow/example_dags/example_sensors.py took 0.099 seconds
[2026-06-13T12:00:23.975+0000] {processor.py:161} INFO - Started process (PID=2391) to work on /home/airflow/.local/lib/python3.12/site-packages/airflow/example_dags/example_sensors.py
[2026-06-13T12:00:23.977+0000] {processor.py:830} INFO - Processing file /home/airflow/.local/lib/python3.12/site-packages/airflow/example_dags/example_sensors.py for tasks to queue
[2026-06-13T12:00:23.979+0000] {logging_mixin.py:188} INFO - [2026-06-13T12:00:23.979+0000] {dagbag.py:545} INFO - Filling up the DagBag from /home/airflow/.local/lib/python3.12/site-packages/airflow/example_dags/example_sensors.py
[2026-06-13T12:00:23.988+0000] {processor.py:840} INFO - DAG(s) 'example_sensors' retrieved from /home/airflow/.local/lib/python3.12/site-packages/airflow/example_dags/example_sensors.py
[2026-06-13T12:00:24.020+0000] {logging_mixin.py:188} INFO - [2026-06-13T12:00:24.020+0000] {dag.py:3096} INFO - Sync 1 DAGs
[2026-06-13T12:00:24.037+0000] {logging_mixin.py:188} INFO - [2026-06-13T12:00:24.037+0000] {dag.py:3954} INFO - Setting next_dagrun for example_sensors to None, run_after=None
[2026-06-13T12:00:24.066+0000] {processor.py:183} INFO - Processing /home/airflow/.local/lib/python3.12/site-packages/airflow/example_dags/example_sensors.py took 0.102 seconds
[2026-06-13T12:00:54.779+0000] {processor.py:161} INFO - Started process (PID=2468) to work on /home/airflow/.local/lib/python3.12/site-packages/airflow/example_dags/example_sensors.py
[2026-06-13T12:00:54.781+0000] {processor.py:830} INFO - Processing file /home/airflow/.local/lib/python3.12/site-packages/airflow/example_dags/example_sensors.py for tasks to queue
[2026-06-13T12:00:54.784+0000] {logging_mixin.py:188} INFO - [2026-06-13T12:00:54.784+0000] {dagbag.py:545} INFO - Filling up the DagBag from /home/airflow/.local/lib/python3.12/site-packages/airflow/example_dags/example_sensors.py
[2026-06-13T12:00:54.794+0000] {processor.py:840} INFO - DAG(s) 'example_sensors' retrieved from /home/airflow/.local/lib/python3.12/site-packages/airflow/example_dags/example_sensors.py
[2026-06-13T12:00:54.827+0000] {logging_mixin.py:188} INFO - [2026-06-13T12:00:54.827+0000] {dag.py:3096} INFO - Sync 1 DAGs
[2026-06-13T12:00:54.842+0000] {logging_mixin.py:188} INFO - [2026-06-13T12:00:54.842+0000] {dag.py:3954} INFO - Setting next_dagrun for example_sensors to None, run_after=None
[2026-06-13T12:00:54.872+0000] {processor.py:183} INFO - Processing /home/airflow/.local/lib/python3.12/site-packages/airflow/example_dags/example_sensors.py took 0.104 seconds
[2026-06-13T12:01:25.528+0000] {processor.py:161} INFO - Started process (PID=2527) to work on /home/airflow/.local/lib/python3.12/site-packages/airflow/example_dags/example_sensors.py
[2026-06-13T12:01:25.530+0000] {processor.py:830} INFO - Processing file /home/airflow/.local/lib/python3.12/site-packages/airflow/example_dags/example_sensors.py for tasks to queue
[2026-06-13T12:01:25.534+0000] {logging_mixin.py:188} INFO - [2026-06-13T12:01:25.533+0000] {dagbag.py:545} INFO - Filling up the DagBag from /home/airflow/.local/lib/python3.12/site-packages/airflow/example_dags/example_sensors.py
[2026-06-13T12:01:25.546+0000] {processor.py:840} INFO - DAG(s) 'example_sensors' retrieved from /home/airflow/.local/lib/python3.12/site-packages/airflow/example_dags/example_sensors.py
[2026-06-13T12:01:25.579+0000] {logging_mixin.py:188} INFO - [2026-06-13T12:01:25.579+0000] {dag.py:3096} INFO - Sync 1 DAGs
[2026-06-13T12:01:25.594+0000] {logging_mixin.py:188} INFO - [2026-06-13T12:01:25.594+0000] {dag.py:3954} INFO - Setting next_dagrun for example_sensors to None, run_after=None
[2026-06-13T12:01:25.622+0000] {processor.py:183} INFO - Processing /home/airflow/.local/lib/python3.12/site-packages/airflow/example_dags/example_sensors.py took 0.105 seconds
[2026-06-13T12:01:55.953+0000] {processor.py:161} INFO - Started process (PID=2586) to work on /home/airflow/.local/lib/python3.12/site-packages/airflow/example_dags/example_sensors.py
[2026-06-13T12:01:55.955+0000] {processor.py:830} INFO - Processing file /home/airflow/.local/lib/python3.12/site-packages/airflow/example_dags/example_sensors.py for tasks to queue
[2026-06-13T12:01:55.959+0000] {logging_mixin.py:188} INFO - [2026-06-13T12:01:55.958+0000] {dagbag.py:545} INFO - Filling up the DagBag from /home/airflow/.local/lib/python3.12/site-packages/airflow/example_dags/example_sensors.py
[2026-06-13T12:01:55.970+0000] {processor.py:840} INFO - DAG(s) 'example_sensors' retrieved from /home/airflow/.local/lib/python3.12/site-packages/airflow/example_dags/example_sensors.py
[2026-06-13T12:01:56.003+0000] {logging_mixin.py:188} INFO - [2026-06-13T12:01:56.003+0000] {dag.py:3096} INFO - Sync 1 DAGs
[2026-06-13T12:01:56.018+0000] {logging_mixin.py:188} INFO - [2026-06-13T12:01:56.018+0000] {dag.py:3954} INFO - Setting next_dagrun for example_sensors to None, run_after=None
[2026-06-13T12:01:56.050+0000] {processor.py:183} INFO - Processing /home/airflow/.local/lib/python3.12/site-packages/airflow/example_dags/example_sensors.py took 0.108 seconds
[2026-06-13T12:02:26.602+0000] {processor.py:161} INFO - Started process (PID=2653) to work on /home/airflow/.local/lib/python3.12/site-packages/airflow/example_dags/example_sensors.py
[2026-06-13T12:02:26.604+0000] {processor.py:830} INFO - Processing file /home/airflow/.local/lib/python3.12/site-packages/airflow/example_dags/example_sensors.py for tasks to queue
[2026-06-13T12:02:26.606+0000] {logging_mixin.py:188} INFO - [2026-06-13T12:02:26.606+0000] {dagbag.py:545} INFO - Filling up the DagBag from /home/airflow/.local/lib/python3.12/site-packages/airflow/example_dags/example_sensors.py
[2026-06-13T12:02:26.616+0000] {processor.py:840} INFO - DAG(s) 'example_sensors' retrieved from /home/airflow/.local/lib/python3.12/site-packages/airflow/example_dags/example_sensors.py
[2026-06-13T12:02:26.653+0000] {logging_mixin.py:188} INFO - [2026-06-13T12:02:26.653+0000] {dag.py:3096} INFO - Sync 1 DAGs
[2026-06-13T12:02:26.672+0000] {logging_mixin.py:188} INFO - [2026-06-13T12:02:26.671+0000] {dag.py:3954} INFO - Setting next_dagrun for example_sensors to None, run_after=None
[2026-06-13T12:02:26.704+0000] {processor.py:183} INFO - Processing /home/airflow/.local/lib/python3.12/site-packages/airflow/example_dags/example_sensors.py took 0.113 seconds
[2026-06-13T12:02:56.977+0000] {processor.py:161} INFO - Started process (PID=2768) to work on /home/airflow/.local/lib/python3.12/site-packages/airflow/example_dags/example_sensors.py
[2026-06-13T12:02:56.979+0000] {processor.py:830} INFO - Processing file /home/airflow/.local/lib/python3.12/site-packages/airflow/example_dags/example_sensors.py for tasks to queue
[2026-06-13T12:02:56.981+0000] {logging_mixin.py:188} INFO - [2026-06-13T12:02:56.981+0000] {dagbag.py:545} INFO - Filling up the DagBag from /home/airflow/.local/lib/python3.12/site-packages/airflow/example_dags/example_sensors.py
[2026-06-13T12:02:56.991+0000] {processor.py:840} INFO - DAG(s) 'example_sensors' retrieved from /home/airflow/.local/lib/python3.12/site-packages/airflow/example_dags/example_sensors.py
[2026-06-13T12:02:57.027+0000] {logging_mixin.py:188} INFO - [2026-06-13T12:02:57.027+0000] {dag.py:3096} INFO - Sync 1 DAGs
[2026-06-13T12:02:57.043+0000] {logging_mixin.py:188} INFO - [2026-06-13T12:02:57.042+0000] {dag.py:3954} INFO - Setting next_dagrun for example_sensors to None, run_after=None
[2026-06-13T12:02:57.071+0000] {processor.py:183} INFO - Processing /home/airflow/.local/lib/python3.12/site-packages/airflow/example_dags/example_sensors.py took 0.104 seconds
[2026-06-13T12:03:27.170+0000] {processor.py:161} INFO - Started process (PID=2827) to work on /home/airflow/.local/lib/python3.12/site-packages/airflow/example_dags/example_sensors.py
[2026-06-13T12:03:27.171+0000] {processor.py:830} INFO - Processing file /home/airflow/.local/lib/python3.12/site-packages/airflow/example_dags/example_sensors.py for tasks to queue
[2026-06-13T12:03:27.176+0000] {logging_mixin.py:188} INFO - [2026-06-13T12:03:27.175+0000] {dagbag.py:545} INFO - Filling up the DagBag from /home/airflow/.local/lib/python3.12/site-packages/airflow/example_dags/example_sensors.py
[2026-06-13T12:03:27.186+0000] {processor.py:840} INFO - DAG(s) 'example_sensors' retrieved from /home/airflow/.local/lib/python3.12/site-packages/airflow/example_dags/example_sensors.py
[2026-06-13T12:03:27.225+0000] {logging_mixin.py:188} INFO - [2026-06-13T12:03:27.225+0000] {dag.py:3096} INFO - Sync 1 DAGs
[2026-06-13T12:03:27.243+0000] {logging_mixin.py:188} INFO - [2026-06-13T12:03:27.242+0000] {dag.py:3954} INFO - Setting next_dagrun for example_sensors to None, run_after=None
[2026-06-13T12:03:27.270+0000] {processor.py:183} INFO - Processing /home/airflow/.local/lib/python3.12/site-packages/airflow/example_dags/example_sensors.py took 0.112 seconds
[2026-06-13T12:03:57.869+0000] {processor.py:161} INFO - Started process (PID=2892) to work on /home/airflow/.local/lib/python3.12/site-packages/airflow/example_dags/example_sensors.py
[2026-06-13T12:03:57.871+0000] {processor.py:830} INFO - Processing file /home/airflow/.local/lib/python3.12/site-packages/airflow/example_dags/example_sensors.py for tasks to queue
[2026-06-13T12:03:57.875+0000] {logging_mixin.py:188} INFO - [2026-06-13T12:03:57.874+0000] {dagbag.py:545} INFO - Filling up the DagBag from /home/airflow/.local/lib/python3.12/site-packages/airflow/example_dags/example_sensors.py
[2026-06-13T12:03:57.888+0000] {processor.py:840} INFO - DAG(s) 'example_sensors' retrieved from /home/airflow/.local/lib/python3.12/site-packages/airflow/example_dags/example_sensors.py
[2026-06-13T12:03:57.922+0000] {logging_mixin.py:188} INFO - [2026-06-13T12:03:57.922+0000] {dag.py:3096} INFO - Sync 1 DAGs
[2026-06-13T12:03:57.940+0000] {logging_mixin.py:188} INFO - [2026-06-13T12:03:57.940+0000] {dag.py:3954} INFO - Setting next_dagrun for example_sensors to None, run_after=None
[2026-06-13T12:03:57.971+0000] {processor.py:183} INFO - Processing /home/airflow/.local/lib/python3.12/site-packages/airflow/example_dags/example_sensors.py took 0.113 seconds
[2026-06-13T12:04:28.644+0000] {processor.py:161} INFO - Started process (PID=2960) to work on /home/airflow/.local/lib/python3.12/site-packages/airflow/example_dags/example_sensors.py
[2026-06-13T12:04:28.646+0000] {processor.py:830} INFO - Processing file /home/airflow/.local/lib/python3.12/site-packages/airflow/example_dags/example_sensors.py for tasks to queue
[2026-06-13T12:04:28.649+0000] {logging_mixin.py:188} INFO - [2026-06-13T12:04:28.648+0000] {dagbag.py:545} INFO - Filling up the DagBag from /home/airflow/.local/lib/python3.12/site-packages/airflow/example_dags/example_sensors.py
[2026-06-13T12:04:28.661+0000] {processor.py:840} INFO - DAG(s) 'example_sensors' retrieved from /home/airflow/.local/lib/python3.12/site-packages/airflow/example_dags/example_sensors.py
[2026-06-13T12:04:28.698+0000] {logging_mixin.py:188} INFO - [2026-06-13T12:04:28.698+0000] {dag.py:3096} INFO - Sync 1 DAGs
[2026-06-13T12:04:28.712+0000] {logging_mixin.py:188} INFO - [2026-06-13T12:04:28.712+0000] {dag.py:3954} INFO - Setting next_dagrun for example_sensors to None, run_after=None
[2026-06-13T12:04:28.738+0000] {processor.py:183} INFO - Processing /home/airflow/.local/lib/python3.12/site-packages/airflow/example_dags/example_sensors.py took 0.104 seconds
[2026-06-13T12:04:59.115+0000] {processor.py:161} INFO - Started process (PID=3019) to work on /home/airflow/.local/lib/python3.12/site-packages/airflow/example_dags/example_sensors.py
[2026-06-13T12:04:59.117+0000] {processor.py:830} INFO - Processing file /home/airflow/.local/lib/python3.12/site-packages/airflow/example_dags/example_sensors.py for tasks to queue
[2026-06-13T12:04:59.119+0000] {logging_mixin.py:188} INFO - [2026-06-13T12:04:59.119+0000] {dagbag.py:545} INFO - Filling up the DagBag from /home/airflow/.local/lib/python3.12/site-packages/airflow/example_dags/example_sensors.py
[2026-06-13T12:04:59.129+0000] {processor.py:840} INFO - DAG(s) 'example_sensors' retrieved from /home/airflow/.local/lib/python3.12/site-packages/airflow/example_dags/example_sensors.py
[2026-06-13T12:04:59.160+0000] {logging_mixin.py:188} INFO - [2026-06-13T12:04:59.160+0000] {dag.py:3096} INFO - Sync 1 DAGs
[2026-06-13T12:04:59.174+0000] {logging_mixin.py:188} INFO - [2026-06-13T12:04:59.174+0000] {dag.py:3954} INFO - Setting next_dagrun for example_sensors to None, run_after=None
[2026-06-13T12:04:59.201+0000] {processor.py:183} INFO - Processing /home/airflow/.local/lib/python3.12/site-packages/airflow/example_dags/example_sensors.py took 0.096 seconds
[2026-06-13T12:05:29.341+0000] {processor.py:161} INFO - Started process (PID=3078) to work on /home/airflow/.local/lib/python3.12/site-packages/airflow/example_dags/example_sensors.py
[2026-06-13T12:05:29.342+0000] {processor.py:830} INFO - Processing file /home/airflow/.local/lib/python3.12/site-packages/airflow/example_dags/example_sensors.py for tasks to queue
[2026-06-13T12:05:29.345+0000] {logging_mixin.py:188} INFO - [2026-06-13T12:05:29.345+0000] {dagbag.py:545} INFO - Filling up the DagBag from /home/airflow/.local/lib/python3.12/site-packages/airflow/example_dags/example_sensors.py
[2026-06-13T12:05:29.355+0000] {processor.py:840} INFO - DAG(s) 'example_sensors' retrieved from /home/airflow/.local/lib/python3.12/site-packages/airflow/example_dags/example_sensors.py
[2026-06-13T12:05:29.387+0000] {logging_mixin.py:188} INFO - [2026-06-13T12:05:29.387+0000] {dag.py:3096} INFO - Sync 1 DAGs
[2026-06-13T12:05:29.401+0000] {logging_mixin.py:188} INFO - [2026-06-13T12:05:29.401+0000] {dag.py:3954} INFO - Setting next_dagrun for example_sensors to None, run_after=None
[2026-06-13T12:05:29.428+0000] {processor.py:183} INFO - Processing /home/airflow/.local/lib/python3.12/site-packages/airflow/example_dags/example_sensors.py took 0.097 seconds
[2026-06-13T12:05:59.962+0000] {processor.py:161} INFO - Started process (PID=3138) to work on /home/airflow/.local/lib/python3.12/site-packages/airflow/example_dags/example_sensors.py
[2026-06-13T12:05:59.964+0000] {processor.py:830} INFO - Processing file /home/airflow/.local/lib/python3.12/site-packages/airflow/example_dags/example_sensors.py for tasks to queue
[2026-06-13T12:05:59.966+0000] {logging_mixin.py:188} INFO - [2026-06-13T12:05:59.966+0000] {dagbag.py:545} INFO - Filling up the DagBag from /home/airflow/.local/lib/python3.12/site-packages/airflow/example_dags/example_sensors.py
[2026-06-13T12:05:59.975+0000] {processor.py:840} INFO - DAG(s) 'example_sensors' retrieved from /home/airflow/.local/lib/python3.12/site-packages/airflow/example_dags/example_sensors.py
[2026-06-13T12:06:00.006+0000] {logging_mixin.py:188} INFO - [2026-06-13T12:06:00.005+0000] {dag.py:3096} INFO - Sync 1 DAGs
[2026-06-13T12:06:00.021+0000] {logging_mixin.py:188} INFO - [2026-06-13T12:06:00.021+0000] {dag.py:3954} INFO - Setting next_dagrun for example_sensors to None, run_after=None
[2026-06-13T12:06:00.049+0000] {processor.py:183} INFO - Processing /home/airflow/.local/lib/python3.12/site-packages/airflow/example_dags/example_sensors.py took 0.097 seconds
[2026-06-13T12:06:30.211+0000] {processor.py:161} INFO - Started process (PID=3197) to work on /home/airflow/.local/lib/python3.12/site-packages/airflow/example_dags/example_sensors.py
[2026-06-13T12:06:30.212+0000] {processor.py:830} INFO - Processing file /home/airflow/.local/lib/python3.12/site-packages/airflow/example_dags/example_sensors.py for tasks to queue
[2026-06-13T12:06:30.215+0000] {logging_mixin.py:188} INFO - [2026-06-13T12:06:30.214+0000] {dagbag.py:545} INFO - Filling up the DagBag from /home/airflow/.local/lib/python3.12/site-packages/airflow/example_dags/example_sensors.py
[2026-06-13T12:06:30.224+0000] {processor.py:840} INFO - DAG(s) 'example_sensors' retrieved from /home/airflow/.local/lib/python3.12/site-packages/airflow/example_dags/example_sensors.py
[2026-06-13T12:06:30.256+0000] {logging_mixin.py:188} INFO - [2026-06-13T12:06:30.256+0000] {dag.py:3096} INFO - Sync 1 DAGs
[2026-06-13T12:06:30.271+0000] {logging_mixin.py:188} INFO - [2026-06-13T12:06:30.271+0000] {dag.py:3954} INFO - Setting next_dagrun for example_sensors to None, run_after=None
[2026-06-13T12:06:30.299+0000] {processor.py:183} INFO - Processing /home/airflow/.local/lib/python3.12/site-packages/airflow/example_dags/example_sensors.py took 0.098 seconds
[2026-06-13T12:07:00.782+0000] {processor.py:161} INFO - Started process (PID=3256) to work on /home/airflow/.local/lib/python3.12/site-packages/airflow/example_dags/example_sensors.py
[2026-06-13T12:07:00.784+0000] {processor.py:830} INFO - Processing file /home/airflow/.local/lib/python3.12/site-packages/airflow/example_dags/example_sensors.py for tasks to queue
[2026-06-13T12:07:00.788+0000] {logging_mixin.py:188} INFO - [2026-06-13T12:07:00.787+0000] {dagbag.py:545} INFO - Filling up the DagBag from /home/airflow/.local/lib/python3.12/site-packages/airflow/example_dags/example_sensors.py
[2026-06-13T12:07:00.796+0000] {processor.py:840} INFO - DAG(s) 'example_sensors' retrieved from /home/airflow/.local/lib/python3.12/site-packages/airflow/example_dags/example_sensors.py
[2026-06-13T12:07:00.828+0000] {logging_mixin.py:188} INFO - [2026-06-13T12:07:00.828+0000] {dag.py:3096} INFO - Sync 1 DAGs
[2026-06-13T12:07:00.842+0000] {logging_mixin.py:188} INFO - [2026-06-13T12:07:00.842+0000] {dag.py:3954} INFO - Setting next_dagrun for example_sensors to None, run_after=None
[2026-06-13T12:07:00.870+0000] {processor.py:183} INFO - Processing /home/airflow/.local/lib/python3.12/site-packages/airflow/example_dags/example_sensors.py took 0.097 seconds
[2026-06-13T12:07:31.793+0000] {processor.py:161} INFO - Started process (PID=3315) to work on /home/airflow/.local/lib/python3.12/site-packages/airflow/example_dags/example_sensors.py
[2026-06-13T12:07:31.795+0000] {processor.py:830} INFO - Processing file /home/airflow/.local/lib/python3.12/site-packages/airflow/example_dags/example_sensors.py for tasks to queue
[2026-06-13T12:07:31.798+0000] {logging_mixin.py:188} INFO - [2026-06-13T12:07:31.797+0000] {dagbag.py:545} INFO - Filling up the DagBag from /home/airflow/.local/lib/python3.12/site-packages/airflow/example_dags/example_sensors.py
[2026-06-13T12:07:31.807+0000] {processor.py:840} INFO - DAG(s) 'example_sensors' retrieved from /home/airflow/.local/lib/python3.12/site-packages/airflow/example_dags/example_sensors.py
[2026-06-13T12:07:31.839+0000] {logging_mixin.py:188} INFO - [2026-06-13T12:07:31.838+0000] {dag.py:3096} INFO - Sync 1 DAGs
[2026-06-13T12:07:31.853+0000] {logging_mixin.py:188} INFO - [2026-06-13T12:07:31.853+0000] {dag.py:3954} INFO - Setting next_dagrun for example_sensors to None, run_after=None
[2026-06-13T12:07:31.881+0000] {processor.py:183} INFO - Processing /home/airflow/.local/lib/python3.12/site-packages/airflow/example_dags/example_sensors.py took 0.098 seconds
[2026-06-13T12:08:02.834+0000] {processor.py:161} INFO - Started process (PID=3374) to work on /home/airflow/.local/lib/python3.12/site-packages/airflow/example_dags/example_sensors.py
[2026-06-13T12:08:02.836+0000] {processor.py:830} INFO - Processing file /home/airflow/.local/lib/python3.12/site-packages/airflow/example_dags/example_sensors.py for tasks to queue
[2026-06-13T12:08:02.839+0000] {logging_mixin.py:188} INFO - [2026-06-13T12:08:02.839+0000] {dagbag.py:545} INFO - Filling up the DagBag from /home/airflow/.local/lib/python3.12/site-packages/airflow/example_dags/example_sensors.py
[2026-06-13T12:08:02.849+0000] {processor.py:840} INFO - DAG(s) 'example_sensors' retrieved from /home/airflow/.local/lib/python3.12/site-packages/airflow/example_dags/example_sensors.py
[2026-06-13T12:08:02.880+0000] {logging_mixin.py:188} INFO - [2026-06-13T12:08:02.879+0000] {dag.py:3096} INFO - Sync 1 DAGs
[2026-06-13T12:08:02.894+0000] {logging_mixin.py:188} INFO - [2026-06-13T12:08:02.894+0000] {dag.py:3954} INFO - Setting next_dagrun for example_sensors to None, run_after=None
[2026-06-13T12:08:02.923+0000] {processor.py:183} INFO - Processing /home/airflow/.local/lib/python3.12/site-packages/airflow/example_dags/example_sensors.py took 0.098 seconds
[2026-06-13T12:08:33.142+0000] {processor.py:161} INFO - Started process (PID=3433) to work on /home/airflow/.local/lib/python3.12/site-packages/airflow/example_dags/example_sensors.py
[2026-06-13T12:08:33.144+0000] {processor.py:830} INFO - Processing file /home/airflow/.local/lib/python3.12/site-packages/airflow/example_dags/example_sensors.py for tasks to queue
[2026-06-13T12:08:33.147+0000] {logging_mixin.py:188} INFO - [2026-06-13T12:08:33.147+0000] {dagbag.py:545} INFO - Filling up the DagBag from /home/airflow/.local/lib/python3.12/site-packages/airflow/example_dags/example_sensors.py
[2026-06-13T12:08:33.157+0000] {processor.py:840} INFO - DAG(s) 'example_sensors' retrieved from /home/airflow/.local/lib/python3.12/site-packages/airflow/example_dags/example_sensors.py
[2026-06-13T12:08:33.193+0000] {logging_mixin.py:188} INFO - [2026-06-13T12:08:33.192+0000] {dag.py:3096} INFO - Sync 1 DAGs
[2026-06-13T12:08:33.207+0000] {logging_mixin.py:188} INFO - [2026-06-13T12:08:33.207+0000] {dag.py:3954} INFO - Setting next_dagrun for example_sensors to None, run_after=None
[2026-06-13T12:08:33.238+0000] {processor.py:183} INFO - Processing /home/airflow/.local/lib/python3.12/site-packages/airflow/example_dags/example_sensors.py took 0.109 seconds
[2026-06-13T12:09:03.976+0000] {processor.py:161} INFO - Started process (PID=3492) to work on /home/airflow/.local/lib/python3.12/site-packages/airflow/example_dags/example_sensors.py
[2026-06-13T12:09:03.978+0000] {processor.py:830} INFO - Processing file /home/airflow/.local/lib/python3.12/site-packages/airflow/example_dags/example_sensors.py for tasks to queue
[2026-06-13T12:09:03.981+0000] {logging_mixin.py:188} INFO - [2026-06-13T12:09:03.981+0000] {dagbag.py:545} INFO - Filling up the DagBag from /home/airflow/.local/lib/python3.12/site-packages/airflow/example_dags/example_sensors.py
[2026-06-13T12:09:03.996+0000] {processor.py:840} INFO - DAG(s) 'example_sensors' retrieved from /home/airflow/.local/lib/python3.12/site-packages/airflow/example_dags/example_sensors.py
[2026-06-13T12:09:04.036+0000] {logging_mixin.py:188} INFO - [2026-06-13T12:09:04.035+0000] {dag.py:3096} INFO - Sync 1 DAGs
[2026-06-13T12:09:04.059+0000] {logging_mixin.py:188} INFO - [2026-06-13T12:09:04.059+0000] {dag.py:3954} INFO - Setting next_dagrun for example_sensors to None, run_after=None
[2026-06-13T12:09:04.106+0000] {processor.py:183} INFO - Processing /home/airflow/.local/lib/python3.12/site-packages/airflow/example_dags/example_sensors.py took 0.142 seconds
[2026-06-13T12:09:34.340+0000] {processor.py:161} INFO - Started process (PID=3552) to work on /home/airflow/.local/lib/python3.12/site-packages/airflow/example_dags/example_sensors.py
[2026-06-13T12:09:34.342+0000] {processor.py:830} INFO - Processing file /home/airflow/.local/lib/python3.12/site-packages/airflow/example_dags/example_sensors.py for tasks to queue
[2026-06-13T12:09:34.345+0000] {logging_mixin.py:188} INFO - [2026-06-13T12:09:34.345+0000] {dagbag.py:545} INFO - Filling up the DagBag from /home/airflow/.local/lib/python3.12/site-packages/airflow/example_dags/example_sensors.py
[2026-06-13T12:09:34.354+0000] {processor.py:840} INFO - DAG(s) 'example_sensors' retrieved from /home/airflow/.local/lib/python3.12/site-packages/airflow/example_dags/example_sensors.py
[2026-06-13T12:09:34.385+0000] {logging_mixin.py:188} INFO - [2026-06-13T12:09:34.384+0000] {dag.py:3096} INFO - Sync 1 DAGs
[2026-06-13T12:09:34.399+0000] {logging_mixin.py:188} INFO - [2026-06-13T12:09:34.399+0000] {dag.py:3954} INFO - Setting next_dagrun for example_sensors to None, run_after=None
[2026-06-13T12:09:34.426+0000] {processor.py:183} INFO - Processing /home/airflow/.local/lib/python3.12/site-packages/airflow/example_dags/example_sensors.py took 0.096 seconds
[2026-06-13T12:10:04.551+0000] {processor.py:161} INFO - Started process (PID=3611) to work on /home/airflow/.local/lib/python3.12/site-packages/airflow/example_dags/example_sensors.py
[2026-06-13T12:10:04.552+0000] {processor.py:830} INFO - Processing file /home/airflow/.local/lib/python3.12/site-packages/airflow/example_dags/example_sensors.py for tasks to queue
[2026-06-13T12:10:04.554+0000] {logging_mixin.py:188} INFO - [2026-06-13T12:10:04.554+0000] {dagbag.py:545} INFO - Filling up the DagBag from /home/airflow/.local/lib/python3.12/site-packages/airflow/example_dags/example_sensors.py
[2026-06-13T12:10:04.563+0000] {processor.py:840} INFO - DAG(s) 'example_sensors' retrieved from /home/airflow/.local/lib/python3.12/site-packages/airflow/example_dags/example_sensors.py
[2026-06-13T12:10:04.593+0000] {logging_mixin.py:188} INFO - [2026-06-13T12:10:04.593+0000] {dag.py:3096} INFO - Sync 1 DAGs
[2026-06-13T12:10:04.607+0000] {logging_mixin.py:188} INFO - [2026-06-13T12:10:04.607+0000] {dag.py:3954} INFO - Setting next_dagrun for example_sensors to None, run_after=None
[2026-06-13T12:10:04.633+0000] {processor.py:183} INFO - Processing /home/airflow/.local/lib/python3.12/site-packages/airflow/example_dags/example_sensors.py took 0.093 seconds
[2026-06-13T12:14:40.997+0000] {processor.py:161} INFO - Started process (PID=3650) to work on /home/airflow/.local/lib/python3.12/site-packages/airflow/example_dags/example_sensors.py
[2026-06-13T12:14:40.999+0000] {processor.py:830} INFO - Processing file /home/airflow/.local/lib/python3.12/site-packages/airflow/example_dags/example_sensors.py for tasks to queue
[2026-06-13T12:14:41.002+0000] {logging_mixin.py:188} INFO - [2026-06-13T12:14:41.001+0000] {dagbag.py:545} INFO - Filling up the DagBag from /home/airflow/.local/lib/python3.12/site-packages/airflow/example_dags/example_sensors.py
[2026-06-13T12:14:41.012+0000] {processor.py:840} INFO - DAG(s) 'example_sensors' retrieved from /home/airflow/.local/lib/python3.12/site-packages/airflow/example_dags/example_sensors.py
[2026-06-13T12:14:41.042+0000] {logging_mixin.py:188} INFO - [2026-06-13T12:14:41.042+0000] {dag.py:3096} INFO - Sync 1 DAGs
[2026-06-13T12:14:41.056+0000] {logging_mixin.py:188} INFO - [2026-06-13T12:14:41.055+0000] {dag.py:3954} INFO - Setting next_dagrun for example_sensors to None, run_after=None
[2026-06-13T12:14:41.082+0000] {processor.py:183} INFO - Processing /home/airflow/.local/lib/python3.12/site-packages/airflow/example_dags/example_sensors.py took 0.096 seconds
[2026-06-13T12:15:11.678+0000] {processor.py:161} INFO - Started process (PID=3709) to work on /home/airflow/.local/lib/python3.12/site-packages/airflow/example_dags/example_sensors.py
[2026-06-13T12:15:11.680+0000] {processor.py:830} INFO - Processing file /home/airflow/.local/lib/python3.12/site-packages/airflow/example_dags/example_sensors.py for tasks to queue
[2026-06-13T12:15:11.683+0000] {logging_mixin.py:188} INFO - [2026-06-13T12:15:11.682+0000] {dagbag.py:545} INFO - Filling up the DagBag from /home/airflow/.local/lib/python3.12/site-packages/airflow/example_dags/example_sensors.py
[2026-06-13T12:15:11.692+0000] {processor.py:840} INFO - DAG(s) 'example_sensors' retrieved from /home/airflow/.local/lib/python3.12/site-packages/airflow/example_dags/example_sensors.py
[2026-06-13T12:15:11.726+0000] {logging_mixin.py:188} INFO - [2026-06-13T12:15:11.725+0000] {dag.py:3096} INFO - Sync 1 DAGs
[2026-06-13T12:15:11.739+0000] {logging_mixin.py:188} INFO - [2026-06-13T12:15:11.739+0000] {dag.py:3954} INFO - Setting next_dagrun for example_sensors to None, run_after=None
[2026-06-13T12:15:11.768+0000] {processor.py:183} INFO - Processing /home/airflow/.local/lib/python3.12/site-packages/airflow/example_dags/example_sensors.py took 0.099 seconds
[2026-06-13T12:15:42.300+0000] {processor.py:161} INFO - Started process (PID=3768) to work on /home/airflow/.local/lib/python3.12/site-packages/airflow/example_dags/example_sensors.py
[2026-06-13T12:15:42.302+0000] {processor.py:830} INFO - Processing file /home/airflow/.local/lib/python3.12/site-packages/airflow/example_dags/example_sensors.py for tasks to queue
[2026-06-13T12:15:42.305+0000] {logging_mixin.py:188} INFO - [2026-06-13T12:15:42.304+0000] {dagbag.py:545} INFO - Filling up the DagBag from /home/airflow/.local/lib/python3.12/site-packages/airflow/example_dags/example_sensors.py
[2026-06-13T12:15:42.315+0000] {processor.py:840} INFO - DAG(s) 'example_sensors' retrieved from /home/airflow/.local/lib/python3.12/site-packages/airflow/example_dags/example_sensors.py
[2026-06-13T12:15:42.349+0000] {logging_mixin.py:188} INFO - [2026-06-13T12:15:42.348+0000] {dag.py:3096} INFO - Sync 1 DAGs
[2026-06-13T12:15:42.365+0000] {logging_mixin.py:188} INFO - [2026-06-13T12:15:42.364+0000] {dag.py:3954} INFO - Setting next_dagrun for example_sensors to None, run_after=None
[2026-06-13T12:15:42.393+0000] {processor.py:183} INFO - Processing /home/airflow/.local/lib/python3.12/site-packages/airflow/example_dags/example_sensors.py took 0.103 seconds
[2026-06-13T12:16:12.520+0000] {processor.py:161} INFO - Started process (PID=3827) to work on /home/airflow/.local/lib/python3.12/site-packages/airflow/example_dags/example_sensors.py
[2026-06-13T12:16:12.522+0000] {processor.py:830} INFO - Processing file /home/airflow/.local/lib/python3.12/site-packages/airflow/example_dags/example_sensors.py for tasks to queue
[2026-06-13T12:16:12.525+0000] {logging_mixin.py:188} INFO - [2026-06-13T12:16:12.524+0000] {dagbag.py:545} INFO - Filling up the DagBag from /home/airflow/.local/lib/python3.12/site-packages/airflow/example_dags/example_sensors.py
[2026-06-13T12:16:12.534+0000] {processor.py:840} INFO - DAG(s) 'example_sensors' retrieved from /home/airflow/.local/lib/python3.12/site-packages/airflow/example_dags/example_sensors.py
[2026-06-13T12:16:12.565+0000] {logging_mixin.py:188} INFO - [2026-06-13T12:16:12.565+0000] {dag.py:3096} INFO - Sync 1 DAGs
[2026-06-13T12:16:12.580+0000] {logging_mixin.py:188} INFO - [2026-06-13T12:16:12.579+0000] {dag.py:3954} INFO - Setting next_dagrun for example_sensors to None, run_after=None
[2026-06-13T12:16:12.606+0000] {processor.py:183} INFO - Processing /home/airflow/.local/lib/python3.12/site-packages/airflow/example_dags/example_sensors.py took 0.095 seconds
[2026-06-13T12:16:42.888+0000] {processor.py:161} INFO - Started process (PID=3887) to work on /home/airflow/.local/lib/python3.12/site-packages/airflow/example_dags/example_sensors.py
[2026-06-13T12:16:42.891+0000] {processor.py:830} INFO - Processing file /home/airflow/.local/lib/python3.12/site-packages/airflow/example_dags/example_sensors.py for tasks to queue
[2026-06-13T12:16:42.895+0000] {logging_mixin.py:188} INFO - [2026-06-13T12:16:42.895+0000] {dagbag.py:545} INFO - Filling up the DagBag from /home/airflow/.local/lib/python3.12/site-packages/airflow/example_dags/example_sensors.py
[2026-06-13T12:16:42.915+0000] {processor.py:840} INFO - DAG(s) 'example_sensors' retrieved from /home/airflow/.local/lib/python3.12/site-packages/airflow/example_dags/example_sensors.py
[2026-06-13T12:16:42.951+0000] {logging_mixin.py:188} INFO - [2026-06-13T12:16:42.950+0000] {dag.py:3096} INFO - Sync 1 DAGs
[2026-06-13T12:16:42.968+0000] {logging_mixin.py:188} INFO - [2026-06-13T12:16:42.968+0000] {dag.py:3954} INFO - Setting next_dagrun for example_sensors to None, run_after=None
[2026-06-13T12:16:42.993+0000] {processor.py:183} INFO - Processing /home/airflow/.local/lib/python3.12/site-packages/airflow/example_dags/example_sensors.py took 0.121 seconds
[2026-06-13T12:17:13.265+0000] {processor.py:161} INFO - Started process (PID=3946) to work on /home/airflow/.local/lib/python3.12/site-packages/airflow/example_dags/example_sensors.py
[2026-06-13T12:17:13.267+0000] {processor.py:830} INFO - Processing file /home/airflow/.local/lib/python3.12/site-packages/airflow/example_dags/example_sensors.py for tasks to queue
[2026-06-13T12:17:13.270+0000] {logging_mixin.py:188} INFO - [2026-06-13T12:17:13.269+0000] {dagbag.py:545} INFO - Filling up the DagBag from /home/airflow/.local/lib/python3.12/site-packages/airflow/example_dags/example_sensors.py
[2026-06-13T12:17:13.280+0000] {processor.py:840} INFO - DAG(s) 'example_sensors' retrieved from /home/airflow/.local/lib/python3.12/site-packages/airflow/example_dags/example_sensors.py
[2026-06-13T12:17:13.309+0000] {logging_mixin.py:188} INFO - [2026-06-13T12:17:13.308+0000] {dag.py:3096} INFO - Sync 1 DAGs
[2026-06-13T12:17:13.322+0000] {logging_mixin.py:188} INFO - [2026-06-13T12:17:13.322+0000] {dag.py:3954} INFO - Setting next_dagrun for example_sensors to None, run_after=None
[2026-06-13T12:17:13.349+0000] {processor.py:183} INFO - Processing /home/airflow/.local/lib/python3.12/site-packages/airflow/example_dags/example_sensors.py took 0.094 seconds
[2026-06-13T12:17:44.132+0000] {processor.py:161} INFO - Started process (PID=4006) to work on /home/airflow/.local/lib/python3.12/site-packages/airflow/example_dags/example_sensors.py
[2026-06-13T12:17:44.134+0000] {processor.py:830} INFO - Processing file /home/airflow/.local/lib/python3.12/site-packages/airflow/example_dags/example_sensors.py for tasks to queue
[2026-06-13T12:17:44.137+0000] {logging_mixin.py:188} INFO - [2026-06-13T12:17:44.136+0000] {dagbag.py:545} INFO - Filling up the DagBag from /home/airflow/.local/lib/python3.12/site-packages/airflow/example_dags/example_sensors.py
[2026-06-13T12:17:44.148+0000] {processor.py:840} INFO - DAG(s) 'example_sensors' retrieved from /home/airflow/.local/lib/python3.12/site-packages/airflow/example_dags/example_sensors.py
[2026-06-13T12:17:44.179+0000] {logging_mixin.py:188} INFO - [2026-06-13T12:17:44.179+0000] {dag.py:3096} INFO - Sync 1 DAGs
[2026-06-13T12:17:44.194+0000] {logging_mixin.py:188} INFO - [2026-06-13T12:17:44.194+0000] {dag.py:3954} INFO - Setting next_dagrun for example_sensors to None, run_after=None
[2026-06-13T12:17:44.224+0000] {processor.py:183} INFO - Processing /home/airflow/.local/lib/python3.12/site-packages/airflow/example_dags/example_sensors.py took 0.103 seconds
[2026-06-13T12:18:14.551+0000] {processor.py:161} INFO - Started process (PID=4073) to work on /home/airflow/.local/lib/python3.12/site-packages/airflow/example_dags/example_sensors.py
[2026-06-13T12:18:14.553+0000] {processor.py:830} INFO - Processing file /home/airflow/.local/lib/python3.12/site-packages/airflow/example_dags/example_sensors.py for tasks to queue
[2026-06-13T12:18:14.556+0000] {logging_mixin.py:188} INFO - [2026-06-13T12:18:14.555+0000] {dagbag.py:545} INFO - Filling up the DagBag from /home/airflow/.local/lib/python3.12/site-packages/airflow/example_dags/example_sensors.py
[2026-06-13T12:18:14.565+0000] {processor.py:840} INFO - DAG(s) 'example_sensors' retrieved from /home/airflow/.local/lib/python3.12/site-packages/airflow/example_dags/example_sensors.py
[2026-06-13T12:18:14.597+0000] {logging_mixin.py:188} INFO - [2026-06-13T12:18:14.596+0000] {dag.py:3096} INFO - Sync 1 DAGs
[2026-06-13T12:18:14.610+0000] {logging_mixin.py:188} INFO - [2026-06-13T12:18:14.610+0000] {dag.py:3954} INFO - Setting next_dagrun for example_sensors to None, run_after=None
[2026-06-13T12:18:14.639+0000] {processor.py:183} INFO - Processing /home/airflow/.local/lib/python3.12/site-packages/airflow/example_dags/example_sensors.py took 0.099 seconds
[2026-06-13T12:19:01.914+0000] {processor.py:161} INFO - Started process (PID=93) to work on /home/airflow/.local/lib/python3.12/site-packages/airflow/example_dags/example_sensors.py
[2026-06-13T12:19:01.916+0000] {processor.py:830} INFO - Processing file /home/airflow/.local/lib/python3.12/site-packages/airflow/example_dags/example_sensors.py for tasks to queue
[2026-06-13T12:19:01.920+0000] {logging_mixin.py:188} INFO - [2026-06-13T12:19:01.919+0000] {dagbag.py:545} INFO - Filling up the DagBag from /home/airflow/.local/lib/python3.12/site-packages/airflow/example_dags/example_sensors.py
[2026-06-13T12:19:01.936+0000] {processor.py:840} INFO - DAG(s) 'example_sensors' retrieved from /home/airflow/.local/lib/python3.12/site-packages/airflow/example_dags/example_sensors.py
[2026-06-13T12:19:02.100+0000] {logging_mixin.py:188} INFO - [2026-06-13T12:19:02.100+0000] {dag.py:3096} INFO - Sync 1 DAGs
[2026-06-13T12:19:02.117+0000] {logging_mixin.py:188} INFO - [2026-06-13T12:19:02.116+0000] {dag.py:3954} INFO - Setting next_dagrun for example_sensors to None, run_after=None
[2026-06-13T12:19:02.153+0000] {processor.py:183} INFO - Processing /home/airflow/.local/lib/python3.12/site-packages/airflow/example_dags/example_sensors.py took 0.246 seconds
[2026-06-13T12:19:32.405+0000] {processor.py:161} INFO - Started process (PID=158) to work on /home/airflow/.local/lib/python3.12/site-packages/airflow/example_dags/example_sensors.py
[2026-06-13T12:19:32.407+0000] {processor.py:830} INFO - Processing file /home/airflow/.local/lib/python3.12/site-packages/airflow/example_dags/example_sensors.py for tasks to queue
[2026-06-13T12:19:32.411+0000] {logging_mixin.py:188} INFO - [2026-06-13T12:19:32.410+0000] {dagbag.py:545} INFO - Filling up the DagBag from /home/airflow/.local/lib/python3.12/site-packages/airflow/example_dags/example_sensors.py
[2026-06-13T12:19:32.422+0000] {processor.py:840} INFO - DAG(s) 'example_sensors' retrieved from /home/airflow/.local/lib/python3.12/site-packages/airflow/example_dags/example_sensors.py
[2026-06-13T12:19:32.455+0000] {logging_mixin.py:188} INFO - [2026-06-13T12:19:32.455+0000] {dag.py:3096} INFO - Sync 1 DAGs
[2026-06-13T12:19:32.471+0000] {logging_mixin.py:188} INFO - [2026-06-13T12:19:32.471+0000] {dag.py:3954} INFO - Setting next_dagrun for example_sensors to None, run_after=None
[2026-06-13T12:19:32.497+0000] {processor.py:183} INFO - Processing /home/airflow/.local/lib/python3.12/site-packages/airflow/example_dags/example_sensors.py took 0.099 seconds
[2026-06-13T12:20:03.603+0000] {processor.py:161} INFO - Started process (PID=218) to work on /home/airflow/.local/lib/python3.12/site-packages/airflow/example_dags/example_sensors.py
[2026-06-13T12:20:03.605+0000] {processor.py:830} INFO - Processing file /home/airflow/.local/lib/python3.12/site-packages/airflow/example_dags/example_sensors.py for tasks to queue
[2026-06-13T12:20:03.609+0000] {logging_mixin.py:188} INFO - [2026-06-13T12:20:03.609+0000] {dagbag.py:545} INFO - Filling up the DagBag from /home/airflow/.local/lib/python3.12/site-packages/airflow/example_dags/example_sensors.py
[2026-06-13T12:20:03.622+0000] {processor.py:840} INFO - DAG(s) 'example_sensors' retrieved from /home/airflow/.local/lib/python3.12/site-packages/airflow/example_dags/example_sensors.py
[2026-06-13T12:20:03.660+0000] {logging_mixin.py:188} INFO - [2026-06-13T12:20:03.659+0000] {dag.py:3096} INFO - Sync 1 DAGs
[2026-06-13T12:20:03.676+0000] {logging_mixin.py:188} INFO - [2026-06-13T12:20:03.675+0000] {dag.py:3954} INFO - Setting next_dagrun for example_sensors to None, run_after=None
[2026-06-13T12:20:03.704+0000] {processor.py:183} INFO - Processing /home/airflow/.local/lib/python3.12/site-packages/airflow/example_dags/example_sensors.py took 0.108 seconds
[2026-06-13T12:20:33.902+0000] {processor.py:161} INFO - Started process (PID=277) to work on /home/airflow/.local/lib/python3.12/site-packages/airflow/example_dags/example_sensors.py
[2026-06-13T12:20:33.903+0000] {processor.py:830} INFO - Processing file /home/airflow/.local/lib/python3.12/site-packages/airflow/example_dags/example_sensors.py for tasks to queue
[2026-06-13T12:20:33.906+0000] {logging_mixin.py:188} INFO - [2026-06-13T12:20:33.905+0000] {dagbag.py:545} INFO - Filling up the DagBag from /home/airflow/.local/lib/python3.12/site-packages/airflow/example_dags/example_sensors.py
[2026-06-13T12:20:33.915+0000] {processor.py:840} INFO - DAG(s) 'example_sensors' retrieved from /home/airflow/.local/lib/python3.12/site-packages/airflow/example_dags/example_sensors.py
[2026-06-13T12:20:33.948+0000] {logging_mixin.py:188} INFO - [2026-06-13T12:20:33.948+0000] {dag.py:3096} INFO - Sync 1 DAGs
[2026-06-13T12:20:33.963+0000] {logging_mixin.py:188} INFO - [2026-06-13T12:20:33.963+0000] {dag.py:3954} INFO - Setting next_dagrun for example_sensors to None, run_after=None
[2026-06-13T12:20:33.992+0000] {processor.py:183} INFO - Processing /home/airflow/.local/lib/python3.12/site-packages/airflow/example_dags/example_sensors.py took 0.097 seconds
[2026-06-13T12:21:04.550+0000] {processor.py:161} INFO - Started process (PID=336) to work on /home/airflow/.local/lib/python3.12/site-packages/airflow/example_dags/example_sensors.py
[2026-06-13T12:21:04.551+0000] {processor.py:830} INFO - Processing file /home/airflow/.local/lib/python3.12/site-packages/airflow/example_dags/example_sensors.py for tasks to queue
[2026-06-13T12:21:04.554+0000] {logging_mixin.py:188} INFO - [2026-06-13T12:21:04.553+0000] {dagbag.py:545} INFO - Filling up the DagBag from /home/airflow/.local/lib/python3.12/site-packages/airflow/example_dags/example_sensors.py
[2026-06-13T12:21:04.564+0000] {processor.py:840} INFO - DAG(s) 'example_sensors' retrieved from /home/airflow/.local/lib/python3.12/site-packages/airflow/example_dags/example_sensors.py
[2026-06-13T12:21:04.596+0000] {logging_mixin.py:188} INFO - [2026-06-13T12:21:04.595+0000] {dag.py:3096} INFO - Sync 1 DAGs
[2026-06-13T12:21:04.610+0000] {logging_mixin.py:188} INFO - [2026-06-13T12:21:04.610+0000] {dag.py:3954} INFO - Setting next_dagrun for example_sensors to None, run_after=None
[2026-06-13T12:21:04.637+0000] {processor.py:183} INFO - Processing /home/airflow/.local/lib/python3.12/site-packages/airflow/example_dags/example_sensors.py took 0.094 seconds
[2026-06-13T12:21:34.738+0000] {processor.py:161} INFO - Started process (PID=396) to work on /home/airflow/.local/lib/python3.12/site-packages/airflow/example_dags/example_sensors.py
[2026-06-13T12:21:34.739+0000] {processor.py:830} INFO - Processing file /home/airflow/.local/lib/python3.12/site-packages/airflow/example_dags/example_sensors.py for tasks to queue
[2026-06-13T12:21:34.742+0000] {logging_mixin.py:188} INFO - [2026-06-13T12:21:34.741+0000] {dagbag.py:545} INFO - Filling up the DagBag from /home/airflow/.local/lib/python3.12/site-packages/airflow/example_dags/example_sensors.py
[2026-06-13T12:21:34.751+0000] {processor.py:840} INFO - DAG(s) 'example_sensors' retrieved from /home/airflow/.local/lib/python3.12/site-packages/airflow/example_dags/example_sensors.py
[2026-06-13T12:21:34.782+0000] {logging_mixin.py:188} INFO - [2026-06-13T12:21:34.782+0000] {dag.py:3096} INFO - Sync 1 DAGs
[2026-06-13T12:21:34.796+0000] {logging_mixin.py:188} INFO - [2026-06-13T12:21:34.796+0000] {dag.py:3954} INFO - Setting next_dagrun for example_sensors to None, run_after=None
[2026-06-13T12:21:34.824+0000] {processor.py:183} INFO - Processing /home/airflow/.local/lib/python3.12/site-packages/airflow/example_dags/example_sensors.py took 0.092 seconds
[2026-06-13T12:22:04.923+0000] {processor.py:161} INFO - Started process (PID=455) to work on /home/airflow/.local/lib/python3.12/site-packages/airflow/example_dags/example_sensors.py
[2026-06-13T12:22:04.924+0000] {processor.py:830} INFO - Processing file /home/airflow/.local/lib/python3.12/site-packages/airflow/example_dags/example_sensors.py for tasks to queue
[2026-06-13T12:22:04.928+0000] {logging_mixin.py:188} INFO - [2026-06-13T12:22:04.927+0000] {dagbag.py:545} INFO - Filling up the DagBag from /home/airflow/.local/lib/python3.12/site-packages/airflow/example_dags/example_sensors.py
[2026-06-13T12:22:04.937+0000] {processor.py:840} INFO - DAG(s) 'example_sensors' retrieved from /home/airflow/.local/lib/python3.12/site-packages/airflow/example_dags/example_sensors.py
[2026-06-13T12:22:04.970+0000] {logging_mixin.py:188} INFO - [2026-06-13T12:22:04.969+0000] {dag.py:3096} INFO - Sync 1 DAGs
[2026-06-13T12:22:04.984+0000] {logging_mixin.py:188} INFO - [2026-06-13T12:22:04.984+0000] {dag.py:3954} INFO - Setting next_dagrun for example_sensors to None, run_after=None
[2026-06-13T12:22:05.010+0000] {processor.py:183} INFO - Processing /home/airflow/.local/lib/python3.12/site-packages/airflow/example_dags/example_sensors.py took 0.094 seconds
[2026-06-13T12:22:35.515+0000] {processor.py:161} INFO - Started process (PID=514) to work on /home/airflow/.local/lib/python3.12/site-packages/airflow/example_dags/example_sensors.py
[2026-06-13T12:22:35.517+0000] {processor.py:830} INFO - Processing file /home/airflow/.local/lib/python3.12/site-packages/airflow/example_dags/example_sensors.py for tasks to queue
[2026-06-13T12:22:35.519+0000] {logging_mixin.py:188} INFO - [2026-06-13T12:22:35.519+0000] {dagbag.py:545} INFO - Filling up the DagBag from /home/airflow/.local/lib/python3.12/site-packages/airflow/example_dags/example_sensors.py
[2026-06-13T12:22:35.529+0000] {processor.py:840} INFO - DAG(s) 'example_sensors' retrieved from /home/airflow/.local/lib/python3.12/site-packages/airflow/example_dags/example_sensors.py
[2026-06-13T12:22:35.560+0000] {logging_mixin.py:188} INFO - [2026-06-13T12:22:35.559+0000] {dag.py:3096} INFO - Sync 1 DAGs
[2026-06-13T12:22:35.573+0000] {logging_mixin.py:188} INFO - [2026-06-13T12:22:35.573+0000] {dag.py:3954} INFO - Setting next_dagrun for example_sensors to None, run_after=None
[2026-06-13T12:22:35.601+0000] {processor.py:183} INFO - Processing /home/airflow/.local/lib/python3.12/site-packages/airflow/example_dags/example_sensors.py took 0.092 seconds
[2026-06-13T12:23:05.702+0000] {processor.py:161} INFO - Started process (PID=573) to work on /home/airflow/.local/lib/python3.12/site-packages/airflow/example_dags/example_sensors.py
[2026-06-13T12:23:05.703+0000] {processor.py:830} INFO - Processing file /home/airflow/.local/lib/python3.12/site-packages/airflow/example_dags/example_sensors.py for tasks to queue
[2026-06-13T12:23:05.706+0000] {logging_mixin.py:188} INFO - [2026-06-13T12:23:05.706+0000] {dagbag.py:545} INFO - Filling up the DagBag from /home/airflow/.local/lib/python3.12/site-packages/airflow/example_dags/example_sensors.py
[2026-06-13T12:23:05.715+0000] {processor.py:840} INFO - DAG(s) 'example_sensors' retrieved from /home/airflow/.local/lib/python3.12/site-packages/airflow/example_dags/example_sensors.py
[2026-06-13T12:23:05.747+0000] {logging_mixin.py:188} INFO - [2026-06-13T12:23:05.746+0000] {dag.py:3096} INFO - Sync 1 DAGs
[2026-06-13T12:23:05.761+0000] {logging_mixin.py:188} INFO - [2026-06-13T12:23:05.761+0000] {dag.py:3954} INFO - Setting next_dagrun for example_sensors to None, run_after=None
[2026-06-13T12:23:05.789+0000] {processor.py:183} INFO - Processing /home/airflow/.local/lib/python3.12/site-packages/airflow/example_dags/example_sensors.py took 0.093 seconds
[2026-06-13T12:26:05.139+0000] {processor.py:161} INFO - Started process (PID=626) to work on /home/airflow/.local/lib/python3.12/site-packages/airflow/example_dags/example_sensors.py
[2026-06-13T12:26:05.140+0000] {processor.py:830} INFO - Processing file /home/airflow/.local/lib/python3.12/site-packages/airflow/example_dags/example_sensors.py for tasks to queue
[2026-06-13T12:26:05.143+0000] {logging_mixin.py:188} INFO - [2026-06-13T12:26:05.143+0000] {dagbag.py:545} INFO - Filling up the DagBag from /home/airflow/.local/lib/python3.12/site-packages/airflow/example_dags/example_sensors.py
[2026-06-13T12:26:05.154+0000] {processor.py:840} INFO - DAG(s) 'example_sensors' retrieved from /home/airflow/.local/lib/python3.12/site-packages/airflow/example_dags/example_sensors.py
[2026-06-13T12:26:05.186+0000] {logging_mixin.py:188} INFO - [2026-06-13T12:26:05.186+0000] {dag.py:3096} INFO - Sync 1 DAGs
[2026-06-13T12:26:05.201+0000] {logging_mixin.py:188} INFO - [2026-06-13T12:26:05.200+0000] {dag.py:3954} INFO - Setting next_dagrun for example_sensors to None, run_after=None
[2026-06-13T12:26:05.237+0000] {processor.py:183} INFO - Processing /home/airflow/.local/lib/python3.12/site-packages/airflow/example_dags/example_sensors.py took 0.105 seconds
[2026-06-13T12:26:36.662+0000] {processor.py:161} INFO - Started process (PID=685) to work on /home/airflow/.local/lib/python3.12/site-packages/airflow/example_dags/example_sensors.py
[2026-06-13T12:26:36.664+0000] {processor.py:830} INFO - Processing file /home/airflow/.local/lib/python3.12/site-packages/airflow/example_dags/example_sensors.py for tasks to queue
[2026-06-13T12:26:36.667+0000] {logging_mixin.py:188} INFO - [2026-06-13T12:26:36.667+0000] {dagbag.py:545} INFO - Filling up the DagBag from /home/airflow/.local/lib/python3.12/site-packages/airflow/example_dags/example_sensors.py
[2026-06-13T12:26:36.677+0000] {processor.py:840} INFO - DAG(s) 'example_sensors' retrieved from /home/airflow/.local/lib/python3.12/site-packages/airflow/example_dags/example_sensors.py
[2026-06-13T12:26:36.709+0000] {logging_mixin.py:188} INFO - [2026-06-13T12:26:36.709+0000] {dag.py:3096} INFO - Sync 1 DAGs
[2026-06-13T12:26:36.724+0000] {logging_mixin.py:188} INFO - [2026-06-13T12:26:36.724+0000] {dag.py:3954} INFO - Setting next_dagrun for example_sensors to None, run_after=None
[2026-06-13T12:26:36.751+0000] {processor.py:183} INFO - Processing /home/airflow/.local/lib/python3.12/site-packages/airflow/example_dags/example_sensors.py took 0.095 seconds
[2026-06-13T12:27:07.074+0000] {processor.py:161} INFO - Started process (PID=745) to work on /home/airflow/.local/lib/python3.12/site-packages/airflow/example_dags/example_sensors.py
[2026-06-13T12:27:07.076+0000] {processor.py:830} INFO - Processing file /home/airflow/.local/lib/python3.12/site-packages/airflow/example_dags/example_sensors.py for tasks to queue
[2026-06-13T12:27:07.078+0000] {logging_mixin.py:188} INFO - [2026-06-13T12:27:07.078+0000] {dagbag.py:545} INFO - Filling up the DagBag from /home/airflow/.local/lib/python3.12/site-packages/airflow/example_dags/example_sensors.py
[2026-06-13T12:27:07.088+0000] {processor.py:840} INFO - DAG(s) 'example_sensors' retrieved from /home/airflow/.local/lib/python3.12/site-packages/airflow/example_dags/example_sensors.py
[2026-06-13T12:27:07.121+0000] {logging_mixin.py:188} INFO - [2026-06-13T12:27:07.121+0000] {dag.py:3096} INFO - Sync 1 DAGs
[2026-06-13T12:27:07.137+0000] {logging_mixin.py:188} INFO - [2026-06-13T12:27:07.136+0000] {dag.py:3954} INFO - Setting next_dagrun for example_sensors to None, run_after=None
[2026-06-13T12:27:07.166+0000] {processor.py:183} INFO - Processing /home/airflow/.local/lib/python3.12/site-packages/airflow/example_dags/example_sensors.py took 0.099 seconds
[2026-06-13T12:27:37.511+0000] {processor.py:161} INFO - Started process (PID=804) to work on /home/airflow/.local/lib/python3.12/site-packages/airflow/example_dags/example_sensors.py
[2026-06-13T12:27:37.513+0000] {processor.py:830} INFO - Processing file /home/airflow/.local/lib/python3.12/site-packages/airflow/example_dags/example_sensors.py for tasks to queue
[2026-06-13T12:27:37.516+0000] {logging_mixin.py:188} INFO - [2026-06-13T12:27:37.515+0000] {dagbag.py:545} INFO - Filling up the DagBag from /home/airflow/.local/lib/python3.12/site-packages/airflow/example_dags/example_sensors.py
[2026-06-13T12:27:37.526+0000] {processor.py:840} INFO - DAG(s) 'example_sensors' retrieved from /home/airflow/.local/lib/python3.12/site-packages/airflow/example_dags/example_sensors.py
[2026-06-13T12:27:37.562+0000] {logging_mixin.py:188} INFO - [2026-06-13T12:27:37.561+0000] {dag.py:3096} INFO - Sync 1 DAGs
[2026-06-13T12:27:37.578+0000] {logging_mixin.py:188} INFO - [2026-06-13T12:27:37.577+0000] {dag.py:3954} INFO - Setting next_dagrun for example_sensors to None, run_after=None
[2026-06-13T12:27:37.606+0000] {processor.py:183} INFO - Processing /home/airflow/.local/lib/python3.12/site-packages/airflow/example_dags/example_sensors.py took 0.101 seconds
[2026-06-13T12:28:08.117+0000] {processor.py:161} INFO - Started process (PID=863) to work on /home/airflow/.local/lib/python3.12/site-packages/airflow/example_dags/example_sensors.py
[2026-06-13T12:28:08.119+0000] {processor.py:830} INFO - Processing file /home/airflow/.local/lib/python3.12/site-packages/airflow/example_dags/example_sensors.py for tasks to queue
[2026-06-13T12:28:08.122+0000] {logging_mixin.py:188} INFO - [2026-06-13T12:28:08.121+0000] {dagbag.py:545} INFO - Filling up the DagBag from /home/airflow/.local/lib/python3.12/site-packages/airflow/example_dags/example_sensors.py
[2026-06-13T12:28:08.131+0000] {processor.py:840} INFO - DAG(s) 'example_sensors' retrieved from /home/airflow/.local/lib/python3.12/site-packages/airflow/example_dags/example_sensors.py
[2026-06-13T12:28:08.163+0000] {logging_mixin.py:188} INFO - [2026-06-13T12:28:08.163+0000] {dag.py:3096} INFO - Sync 1 DAGs
[2026-06-13T12:28:08.177+0000] {logging_mixin.py:188} INFO - [2026-06-13T12:28:08.177+0000] {dag.py:3954} INFO - Setting next_dagrun for example_sensors to None, run_after=None
[2026-06-13T12:28:08.203+0000] {processor.py:183} INFO - Processing /home/airflow/.local/lib/python3.12/site-packages/airflow/example_dags/example_sensors.py took 0.092 seconds
[2026-06-13T12:28:38.315+0000] {processor.py:161} INFO - Started process (PID=922) to work on /home/airflow/.local/lib/python3.12/site-packages/airflow/example_dags/example_sensors.py
[2026-06-13T12:28:38.317+0000] {processor.py:830} INFO - Processing file /home/airflow/.local/lib/python3.12/site-packages/airflow/example_dags/example_sensors.py for tasks to queue
[2026-06-13T12:28:38.321+0000] {logging_mixin.py:188} INFO - [2026-06-13T12:28:38.320+0000] {dagbag.py:545} INFO - Filling up the DagBag from /home/airflow/.local/lib/python3.12/site-packages/airflow/example_dags/example_sensors.py
[2026-06-13T12:28:38.334+0000] {processor.py:840} INFO - DAG(s) 'example_sensors' retrieved from /home/airflow/.local/lib/python3.12/site-packages/airflow/example_dags/example_sensors.py
[2026-06-13T12:28:38.374+0000] {logging_mixin.py:188} INFO - [2026-06-13T12:28:38.374+0000] {dag.py:3096} INFO - Sync 1 DAGs
[2026-06-13T12:28:38.391+0000] {logging_mixin.py:188} INFO - [2026-06-13T12:28:38.391+0000] {dag.py:3954} INFO - Setting next_dagrun for example_sensors to None, run_after=None
[2026-06-13T12:28:38.421+0000] {processor.py:183} INFO - Processing /home/airflow/.local/lib/python3.12/site-packages/airflow/example_dags/example_sensors.py took 0.112 seconds
[2026-06-13T12:29:08.754+0000] {processor.py:161} INFO - Started process (PID=989) to work on /home/airflow/.local/lib/python3.12/site-packages/airflow/example_dags/example_sensors.py
[2026-06-13T12:29:08.756+0000] {processor.py:830} INFO - Processing file /home/airflow/.local/lib/python3.12/site-packages/airflow/example_dags/example_sensors.py for tasks to queue
[2026-06-13T12:29:08.758+0000] {logging_mixin.py:188} INFO - [2026-06-13T12:29:08.758+0000] {dagbag.py:545} INFO - Filling up the DagBag from /home/airflow/.local/lib/python3.12/site-packages/airflow/example_dags/example_sensors.py
[2026-06-13T12:29:08.768+0000] {processor.py:840} INFO - DAG(s) 'example_sensors' retrieved from /home/airflow/.local/lib/python3.12/site-packages/airflow/example_dags/example_sensors.py
[2026-06-13T12:29:08.802+0000] {logging_mixin.py:188} INFO - [2026-06-13T12:29:08.801+0000] {dag.py:3096} INFO - Sync 1 DAGs
[2026-06-13T12:29:08.816+0000] {logging_mixin.py:188} INFO - [2026-06-13T12:29:08.816+0000] {dag.py:3954} INFO - Setting next_dagrun for example_sensors to None, run_after=None
[2026-06-13T12:29:08.842+0000] {processor.py:183} INFO - Processing /home/airflow/.local/lib/python3.12/site-packages/airflow/example_dags/example_sensors.py took 0.094 seconds
[2026-06-13T12:29:39.190+0000] {processor.py:161} INFO - Started process (PID=1048) to work on /home/airflow/.local/lib/python3.12/site-packages/airflow/example_dags/example_sensors.py
[2026-06-13T12:29:39.192+0000] {processor.py:830} INFO - Processing file /home/airflow/.local/lib/python3.12/site-packages/airflow/example_dags/example_sensors.py for tasks to queue
[2026-06-13T12:29:39.195+0000] {logging_mixin.py:188} INFO - [2026-06-13T12:29:39.194+0000] {dagbag.py:545} INFO - Filling up the DagBag from /home/airflow/.local/lib/python3.12/site-packages/airflow/example_dags/example_sensors.py
[2026-06-13T12:29:39.206+0000] {processor.py:840} INFO - DAG(s) 'example_sensors' retrieved from /home/airflow/.local/lib/python3.12/site-packages/airflow/example_dags/example_sensors.py
[2026-06-13T12:29:39.242+0000] {logging_mixin.py:188} INFO - [2026-06-13T12:29:39.242+0000] {dag.py:3096} INFO - Sync 1 DAGs
[2026-06-13T12:29:39.257+0000] {logging_mixin.py:188} INFO - [2026-06-13T12:29:39.257+0000] {dag.py:3954} INFO - Setting next_dagrun for example_sensors to None, run_after=None
[2026-06-13T12:29:39.288+0000] {processor.py:183} INFO - Processing /home/airflow/.local/lib/python3.12/site-packages/airflow/example_dags/example_sensors.py took 0.103 seconds
[2026-06-13T12:30:10.505+0000] {processor.py:161} INFO - Started process (PID=1107) to work on /home/airflow/.local/lib/python3.12/site-packages/airflow/example_dags/example_sensors.py
[2026-06-13T12:30:10.506+0000] {processor.py:830} INFO - Processing file /home/airflow/.local/lib/python3.12/site-packages/airflow/example_dags/example_sensors.py for tasks to queue
[2026-06-13T12:30:10.509+0000] {logging_mixin.py:188} INFO - [2026-06-13T12:30:10.508+0000] {dagbag.py:545} INFO - Filling up the DagBag from /home/airflow/.local/lib/python3.12/site-packages/airflow/example_dags/example_sensors.py
[2026-06-13T12:30:10.518+0000] {processor.py:840} INFO - DAG(s) 'example_sensors' retrieved from /home/airflow/.local/lib/python3.12/site-packages/airflow/example_dags/example_sensors.py
[2026-06-13T12:30:10.552+0000] {logging_mixin.py:188} INFO - [2026-06-13T12:30:10.552+0000] {dag.py:3096} INFO - Sync 1 DAGs
[2026-06-13T12:30:10.566+0000] {logging_mixin.py:188} INFO - [2026-06-13T12:30:10.566+0000] {dag.py:3954} INFO - Setting next_dagrun for example_sensors to None, run_after=None
[2026-06-13T12:30:10.594+0000] {processor.py:183} INFO - Processing /home/airflow/.local/lib/python3.12/site-packages/airflow/example_dags/example_sensors.py took 0.096 seconds
[2026-06-13T12:30:41.406+0000] {processor.py:161} INFO - Started process (PID=1166) to work on /home/airflow/.local/lib/python3.12/site-packages/airflow/example_dags/example_sensors.py
[2026-06-13T12:30:41.408+0000] {processor.py:830} INFO - Processing file /home/airflow/.local/lib/python3.12/site-packages/airflow/example_dags/example_sensors.py for tasks to queue
[2026-06-13T12:30:41.411+0000] {logging_mixin.py:188} INFO - [2026-06-13T12:30:41.411+0000] {dagbag.py:545} INFO - Filling up the DagBag from /home/airflow/.local/lib/python3.12/site-packages/airflow/example_dags/example_sensors.py
[2026-06-13T12:30:41.422+0000] {processor.py:840} INFO - DAG(s) 'example_sensors' retrieved from /home/airflow/.local/lib/python3.12/site-packages/airflow/example_dags/example_sensors.py
[2026-06-13T12:30:41.454+0000] {logging_mixin.py:188} INFO - [2026-06-13T12:30:41.454+0000] {dag.py:3096} INFO - Sync 1 DAGs
[2026-06-13T12:30:41.469+0000] {logging_mixin.py:188} INFO - [2026-06-13T12:30:41.469+0000] {dag.py:3954} INFO - Setting next_dagrun for example_sensors to None, run_after=None
[2026-06-13T12:30:41.497+0000] {processor.py:183} INFO - Processing /home/airflow/.local/lib/python3.12/site-packages/airflow/example_dags/example_sensors.py took 0.097 seconds
[2026-06-13T12:31:11.784+0000] {processor.py:161} INFO - Started process (PID=1225) to work on /home/airflow/.local/lib/python3.12/site-packages/airflow/example_dags/example_sensors.py
[2026-06-13T12:31:11.786+0000] {processor.py:830} INFO - Processing file /home/airflow/.local/lib/python3.12/site-packages/airflow/example_dags/example_sensors.py for tasks to queue
[2026-06-13T12:31:11.789+0000] {logging_mixin.py:188} INFO - [2026-06-13T12:31:11.789+0000] {dagbag.py:545} INFO - Filling up the DagBag from /home/airflow/.local/lib/python3.12/site-packages/airflow/example_dags/example_sensors.py
[2026-06-13T12:31:11.799+0000] {processor.py:840} INFO - DAG(s) 'example_sensors' retrieved from /home/airflow/.local/lib/python3.12/site-packages/airflow/example_dags/example_sensors.py
[2026-06-13T12:31:11.833+0000] {logging_mixin.py:188} INFO - [2026-06-13T12:31:11.832+0000] {dag.py:3096} INFO - Sync 1 DAGs
[2026-06-13T12:31:11.847+0000] {logging_mixin.py:188} INFO - [2026-06-13T12:31:11.847+0000] {dag.py:3954} INFO - Setting next_dagrun for example_sensors to None, run_after=None
[2026-06-13T12:31:11.877+0000] {processor.py:183} INFO - Processing /home/airflow/.local/lib/python3.12/site-packages/airflow/example_dags/example_sensors.py took 0.098 seconds
[2026-06-13T16:08:24.671+0000] {processor.py:161} INFO - Started process (PID=1288) to work on /home/airflow/.local/lib/python3.12/site-packages/airflow/example_dags/example_sensors.py
[2026-06-13T16:08:24.673+0000] {processor.py:830} INFO - Processing file /home/airflow/.local/lib/python3.12/site-packages/airflow/example_dags/example_sensors.py for tasks to queue
[2026-06-13T16:08:24.677+0000] {logging_mixin.py:188} INFO - [2026-06-13T16:08:24.676+0000] {dagbag.py:545} INFO - Filling up the DagBag from /home/airflow/.local/lib/python3.12/site-packages/airflow/example_dags/example_sensors.py
[2026-06-13T16:08:24.688+0000] {processor.py:840} INFO - DAG(s) 'example_sensors' retrieved from /home/airflow/.local/lib/python3.12/site-packages/airflow/example_dags/example_sensors.py
[2026-06-13T16:08:24.722+0000] {logging_mixin.py:188} INFO - [2026-06-13T16:08:24.721+0000] {dag.py:3096} INFO - Sync 1 DAGs
[2026-06-13T16:08:24.737+0000] {logging_mixin.py:188} INFO - [2026-06-13T16:08:24.736+0000] {dag.py:3954} INFO - Setting next_dagrun for example_sensors to None, run_after=None
[2026-06-13T16:08:24.765+0000] {processor.py:183} INFO - Processing /home/airflow/.local/lib/python3.12/site-packages/airflow/example_dags/example_sensors.py took 0.102 seconds
