[2026-06-13T10:42:16.210+0000] {processor.py:161} INFO - Started process (PID=64) to work on /home/airflow/.local/lib/python3.12/site-packages/airflow/example_dags/example_short_circuit_decorator.py
[2026-06-13T10:42:16.212+0000] {processor.py:830} INFO - Processing file /home/airflow/.local/lib/python3.12/site-packages/airflow/example_dags/example_short_circuit_decorator.py for tasks to queue
[2026-06-13T10:42:16.217+0000] {logging_mixin.py:188} INFO - [2026-06-13T10:42:16.217+0000] {dagbag.py:545} INFO - Filling up the DagBag from /home/airflow/.local/lib/python3.12/site-packages/airflow/example_dags/example_short_circuit_decorator.py
[2026-06-13T10:42:16.238+0000] {processor.py:840} INFO - DAG(s) 'example_short_circuit_decorator' retrieved from /home/airflow/.local/lib/python3.12/site-packages/airflow/example_dags/example_short_circuit_decorator.py
[2026-06-13T10:42:16.457+0000] {logging_mixin.py:188} INFO - [2026-06-13T10:42:16.456+0000] {dag.py:3096} INFO - Sync 1 DAGs
[2026-06-13T10:42:16.489+0000] {logging_mixin.py:188} INFO - [2026-06-13T10:42:16.488+0000] {dag.py:3954} INFO - Setting next_dagrun for example_short_circuit_decorator to 2026-06-12 00:00:00+00:00, run_after=2026-06-13 00:00:00+00:00
[2026-06-13T10:42:16.525+0000] {processor.py:183} INFO - Processing /home/airflow/.local/lib/python3.12/site-packages/airflow/example_dags/example_short_circuit_decorator.py took 0.327 seconds
[2026-06-13T10:42:46.716+0000] {processor.py:161} INFO - Started process (PID=122) to work on /home/airflow/.local/lib/python3.12/site-packages/airflow/example_dags/example_short_circuit_decorator.py
[2026-06-13T10:42:46.718+0000] {processor.py:830} INFO - Processing file /home/airflow/.local/lib/python3.12/site-packages/airflow/example_dags/example_short_circuit_decorator.py for tasks to queue
[2026-06-13T10:42:46.721+0000] {logging_mixin.py:188} INFO - [2026-06-13T10:42:46.720+0000] {dagbag.py:545} INFO - Filling up the DagBag from /home/airflow/.local/lib/python3.12/site-packages/airflow/example_dags/example_short_circuit_decorator.py
[2026-06-13T10:42:46.730+0000] {processor.py:840} INFO - DAG(s) 'example_short_circuit_decorator' retrieved from /home/airflow/.local/lib/python3.12/site-packages/airflow/example_dags/example_short_circuit_decorator.py
[2026-06-13T10:42:46.761+0000] {logging_mixin.py:188} INFO - [2026-06-13T10:42:46.761+0000] {dag.py:3096} INFO - Sync 1 DAGs
[2026-06-13T10:42:46.787+0000] {logging_mixin.py:188} INFO - [2026-06-13T10:42:46.786+0000] {dag.py:3954} INFO - Setting next_dagrun for example_short_circuit_decorator to 2026-06-12 00:00:00+00:00, run_after=2026-06-13 00:00:00+00:00
[2026-06-13T10:42:46.814+0000] {processor.py:183} INFO - Processing /home/airflow/.local/lib/python3.12/site-packages/airflow/example_dags/example_short_circuit_decorator.py took 0.103 seconds
[2026-06-13T10:43:17.166+0000] {processor.py:161} INFO - Started process (PID=180) to work on /home/airflow/.local/lib/python3.12/site-packages/airflow/example_dags/example_short_circuit_decorator.py
[2026-06-13T10:43:17.168+0000] {processor.py:830} INFO - Processing file /home/airflow/.local/lib/python3.12/site-packages/airflow/example_dags/example_short_circuit_decorator.py for tasks to queue
[2026-06-13T10:43:17.170+0000] {logging_mixin.py:188} INFO - [2026-06-13T10:43:17.169+0000] {dagbag.py:545} INFO - Filling up the DagBag from /home/airflow/.local/lib/python3.12/site-packages/airflow/example_dags/example_short_circuit_decorator.py
[2026-06-13T10:43:17.183+0000] {processor.py:840} INFO - DAG(s) 'example_short_circuit_decorator' retrieved from /home/airflow/.local/lib/python3.12/site-packages/airflow/example_dags/example_short_circuit_decorator.py
[2026-06-13T10:43:17.213+0000] {logging_mixin.py:188} INFO - [2026-06-13T10:43:17.212+0000] {dag.py:3096} INFO - Sync 1 DAGs
[2026-06-13T10:43:17.238+0000] {logging_mixin.py:188} INFO - [2026-06-13T10:43:17.238+0000] {dag.py:3954} INFO - Setting next_dagrun for example_short_circuit_decorator to 2026-06-12 00:00:00+00:00, run_after=2026-06-13 00:00:00+00:00
[2026-06-13T10:43:17.266+0000] {processor.py:183} INFO - Processing /home/airflow/.local/lib/python3.12/site-packages/airflow/example_dags/example_short_circuit_decorator.py took 0.106 seconds
[2026-06-13T10:43:47.617+0000] {processor.py:161} INFO - Started process (PID=238) to work on /home/airflow/.local/lib/python3.12/site-packages/airflow/example_dags/example_short_circuit_decorator.py
[2026-06-13T10:43:47.619+0000] {processor.py:830} INFO - Processing file /home/airflow/.local/lib/python3.12/site-packages/airflow/example_dags/example_short_circuit_decorator.py for tasks to queue
[2026-06-13T10:43:47.622+0000] {logging_mixin.py:188} INFO - [2026-06-13T10:43:47.622+0000] {dagbag.py:545} INFO - Filling up the DagBag from /home/airflow/.local/lib/python3.12/site-packages/airflow/example_dags/example_short_circuit_decorator.py
[2026-06-13T10:43:47.633+0000] {processor.py:840} INFO - DAG(s) 'example_short_circuit_decorator' retrieved from /home/airflow/.local/lib/python3.12/site-packages/airflow/example_dags/example_short_circuit_decorator.py
[2026-06-13T10:43:47.664+0000] {logging_mixin.py:188} INFO - [2026-06-13T10:43:47.664+0000] {dag.py:3096} INFO - Sync 1 DAGs
[2026-06-13T10:43:47.701+0000] {logging_mixin.py:188} INFO - [2026-06-13T10:43:47.700+0000] {dag.py:3954} INFO - Setting next_dagrun for example_short_circuit_decorator to 2026-06-12 00:00:00+00:00, run_after=2026-06-13 00:00:00+00:00
[2026-06-13T10:43:47.735+0000] {processor.py:183} INFO - Processing /home/airflow/.local/lib/python3.12/site-packages/airflow/example_dags/example_short_circuit_decorator.py took 0.125 seconds
[2026-06-13T10:44:18.437+0000] {processor.py:161} INFO - Started process (PID=296) to work on /home/airflow/.local/lib/python3.12/site-packages/airflow/example_dags/example_short_circuit_decorator.py
[2026-06-13T10:44:18.438+0000] {processor.py:830} INFO - Processing file /home/airflow/.local/lib/python3.12/site-packages/airflow/example_dags/example_short_circuit_decorator.py for tasks to queue
[2026-06-13T10:44:18.442+0000] {logging_mixin.py:188} INFO - [2026-06-13T10:44:18.441+0000] {dagbag.py:545} INFO - Filling up the DagBag from /home/airflow/.local/lib/python3.12/site-packages/airflow/example_dags/example_short_circuit_decorator.py
[2026-06-13T10:44:18.452+0000] {processor.py:840} INFO - DAG(s) 'example_short_circuit_decorator' retrieved from /home/airflow/.local/lib/python3.12/site-packages/airflow/example_dags/example_short_circuit_decorator.py
[2026-06-13T10:44:18.483+0000] {logging_mixin.py:188} INFO - [2026-06-13T10:44:18.482+0000] {dag.py:3096} INFO - Sync 1 DAGs
[2026-06-13T10:44:18.507+0000] {logging_mixin.py:188} INFO - [2026-06-13T10:44:18.506+0000] {dag.py:3954} INFO - Setting next_dagrun for example_short_circuit_decorator to 2026-06-12 00:00:00+00:00, run_after=2026-06-13 00:00:00+00:00
[2026-06-13T10:44:18.537+0000] {processor.py:183} INFO - Processing /home/airflow/.local/lib/python3.12/site-packages/airflow/example_dags/example_short_circuit_decorator.py took 0.106 seconds
[2026-06-13T10:44:48.684+0000] {processor.py:161} INFO - Started process (PID=353) to work on /home/airflow/.local/lib/python3.12/site-packages/airflow/example_dags/example_short_circuit_decorator.py
[2026-06-13T10:44:48.685+0000] {processor.py:830} INFO - Processing file /home/airflow/.local/lib/python3.12/site-packages/airflow/example_dags/example_short_circuit_decorator.py for tasks to queue
[2026-06-13T10:44:48.687+0000] {logging_mixin.py:188} INFO - [2026-06-13T10:44:48.687+0000] {dagbag.py:545} INFO - Filling up the DagBag from /home/airflow/.local/lib/python3.12/site-packages/airflow/example_dags/example_short_circuit_decorator.py
[2026-06-13T10:44:48.698+0000] {processor.py:840} INFO - DAG(s) 'example_short_circuit_decorator' retrieved from /home/airflow/.local/lib/python3.12/site-packages/airflow/example_dags/example_short_circuit_decorator.py
[2026-06-13T10:44:48.728+0000] {logging_mixin.py:188} INFO - [2026-06-13T10:44:48.728+0000] {dag.py:3096} INFO - Sync 1 DAGs
[2026-06-13T10:44:48.757+0000] {logging_mixin.py:188} INFO - [2026-06-13T10:44:48.757+0000] {dag.py:3954} INFO - Setting next_dagrun for example_short_circuit_decorator to 2026-06-12 00:00:00+00:00, run_after=2026-06-13 00:00:00+00:00
[2026-06-13T10:44:48.789+0000] {processor.py:183} INFO - Processing /home/airflow/.local/lib/python3.12/site-packages/airflow/example_dags/example_short_circuit_decorator.py took 0.111 seconds
[2026-06-13T10:45:18.882+0000] {processor.py:161} INFO - Started process (PID=411) to work on /home/airflow/.local/lib/python3.12/site-packages/airflow/example_dags/example_short_circuit_decorator.py
[2026-06-13T10:45:18.884+0000] {processor.py:830} INFO - Processing file /home/airflow/.local/lib/python3.12/site-packages/airflow/example_dags/example_short_circuit_decorator.py for tasks to queue
[2026-06-13T10:45:18.886+0000] {logging_mixin.py:188} INFO - [2026-06-13T10:45:18.886+0000] {dagbag.py:545} INFO - Filling up the DagBag from /home/airflow/.local/lib/python3.12/site-packages/airflow/example_dags/example_short_circuit_decorator.py
[2026-06-13T10:45:18.898+0000] {processor.py:840} INFO - DAG(s) 'example_short_circuit_decorator' retrieved from /home/airflow/.local/lib/python3.12/site-packages/airflow/example_dags/example_short_circuit_decorator.py
[2026-06-13T10:45:18.928+0000] {logging_mixin.py:188} INFO - [2026-06-13T10:45:18.928+0000] {dag.py:3096} INFO - Sync 1 DAGs
[2026-06-13T10:45:18.952+0000] {logging_mixin.py:188} INFO - [2026-06-13T10:45:18.952+0000] {dag.py:3954} INFO - Setting next_dagrun for example_short_circuit_decorator to 2026-06-12 00:00:00+00:00, run_after=2026-06-13 00:00:00+00:00
[2026-06-13T10:45:18.986+0000] {processor.py:183} INFO - Processing /home/airflow/.local/lib/python3.12/site-packages/airflow/example_dags/example_short_circuit_decorator.py took 0.111 seconds
[2026-06-13T10:45:49.483+0000] {processor.py:161} INFO - Started process (PID=475) to work on /home/airflow/.local/lib/python3.12/site-packages/airflow/example_dags/example_short_circuit_decorator.py
[2026-06-13T10:45:49.485+0000] {processor.py:830} INFO - Processing file /home/airflow/.local/lib/python3.12/site-packages/airflow/example_dags/example_short_circuit_decorator.py for tasks to queue
[2026-06-13T10:45:49.488+0000] {logging_mixin.py:188} INFO - [2026-06-13T10:45:49.487+0000] {dagbag.py:545} INFO - Filling up the DagBag from /home/airflow/.local/lib/python3.12/site-packages/airflow/example_dags/example_short_circuit_decorator.py
[2026-06-13T10:45:49.499+0000] {processor.py:840} INFO - DAG(s) 'example_short_circuit_decorator' retrieved from /home/airflow/.local/lib/python3.12/site-packages/airflow/example_dags/example_short_circuit_decorator.py
[2026-06-13T10:45:49.534+0000] {logging_mixin.py:188} INFO - [2026-06-13T10:45:49.533+0000] {dag.py:3096} INFO - Sync 1 DAGs
[2026-06-13T10:45:49.566+0000] {logging_mixin.py:188} INFO - [2026-06-13T10:45:49.566+0000] {dag.py:3954} INFO - Setting next_dagrun for example_short_circuit_decorator to 2026-06-12 00:00:00+00:00, run_after=2026-06-13 00:00:00+00:00
[2026-06-13T10:45:49.597+0000] {processor.py:183} INFO - Processing /home/airflow/.local/lib/python3.12/site-packages/airflow/example_dags/example_short_circuit_decorator.py took 0.120 seconds
[2026-06-13T10:46:19.658+0000] {processor.py:161} INFO - Started process (PID=533) to work on /home/airflow/.local/lib/python3.12/site-packages/airflow/example_dags/example_short_circuit_decorator.py
[2026-06-13T10:46:19.660+0000] {processor.py:830} INFO - Processing file /home/airflow/.local/lib/python3.12/site-packages/airflow/example_dags/example_short_circuit_decorator.py for tasks to queue
[2026-06-13T10:46:19.664+0000] {logging_mixin.py:188} INFO - [2026-06-13T10:46:19.664+0000] {dagbag.py:545} INFO - Filling up the DagBag from /home/airflow/.local/lib/python3.12/site-packages/airflow/example_dags/example_short_circuit_decorator.py
[2026-06-13T10:46:19.675+0000] {processor.py:840} INFO - DAG(s) 'example_short_circuit_decorator' retrieved from /home/airflow/.local/lib/python3.12/site-packages/airflow/example_dags/example_short_circuit_decorator.py
[2026-06-13T10:46:19.707+0000] {logging_mixin.py:188} INFO - [2026-06-13T10:46:19.707+0000] {dag.py:3096} INFO - Sync 1 DAGs
[2026-06-13T10:46:19.734+0000] {logging_mixin.py:188} INFO - [2026-06-13T10:46:19.734+0000] {dag.py:3954} INFO - Setting next_dagrun for example_short_circuit_decorator to 2026-06-12 00:00:00+00:00, run_after=2026-06-13 00:00:00+00:00
[2026-06-13T10:46:19.762+0000] {processor.py:183} INFO - Processing /home/airflow/.local/lib/python3.12/site-packages/airflow/example_dags/example_short_circuit_decorator.py took 0.110 seconds
[2026-06-13T10:46:50.044+0000] {processor.py:161} INFO - Started process (PID=591) to work on /home/airflow/.local/lib/python3.12/site-packages/airflow/example_dags/example_short_circuit_decorator.py
[2026-06-13T10:46:50.046+0000] {processor.py:830} INFO - Processing file /home/airflow/.local/lib/python3.12/site-packages/airflow/example_dags/example_short_circuit_decorator.py for tasks to queue
[2026-06-13T10:46:50.049+0000] {logging_mixin.py:188} INFO - [2026-06-13T10:46:50.048+0000] {dagbag.py:545} INFO - Filling up the DagBag from /home/airflow/.local/lib/python3.12/site-packages/airflow/example_dags/example_short_circuit_decorator.py
[2026-06-13T10:46:50.058+0000] {processor.py:840} INFO - DAG(s) 'example_short_circuit_decorator' retrieved from /home/airflow/.local/lib/python3.12/site-packages/airflow/example_dags/example_short_circuit_decorator.py
[2026-06-13T10:46:50.090+0000] {logging_mixin.py:188} INFO - [2026-06-13T10:46:50.090+0000] {dag.py:3096} INFO - Sync 1 DAGs
[2026-06-13T10:46:50.118+0000] {logging_mixin.py:188} INFO - [2026-06-13T10:46:50.118+0000] {dag.py:3954} INFO - Setting next_dagrun for example_short_circuit_decorator to 2026-06-12 00:00:00+00:00, run_after=2026-06-13 00:00:00+00:00
[2026-06-13T10:46:50.145+0000] {processor.py:183} INFO - Processing /home/airflow/.local/lib/python3.12/site-packages/airflow/example_dags/example_short_circuit_decorator.py took 0.106 seconds
[2026-06-13T10:47:20.288+0000] {processor.py:161} INFO - Started process (PID=649) to work on /home/airflow/.local/lib/python3.12/site-packages/airflow/example_dags/example_short_circuit_decorator.py
[2026-06-13T10:47:20.289+0000] {processor.py:830} INFO - Processing file /home/airflow/.local/lib/python3.12/site-packages/airflow/example_dags/example_short_circuit_decorator.py for tasks to queue
[2026-06-13T10:47:20.292+0000] {logging_mixin.py:188} INFO - [2026-06-13T10:47:20.292+0000] {dagbag.py:545} INFO - Filling up the DagBag from /home/airflow/.local/lib/python3.12/site-packages/airflow/example_dags/example_short_circuit_decorator.py
[2026-06-13T10:47:20.301+0000] {processor.py:840} INFO - DAG(s) 'example_short_circuit_decorator' retrieved from /home/airflow/.local/lib/python3.12/site-packages/airflow/example_dags/example_short_circuit_decorator.py
[2026-06-13T10:47:20.330+0000] {logging_mixin.py:188} INFO - [2026-06-13T10:47:20.330+0000] {dag.py:3096} INFO - Sync 1 DAGs
[2026-06-13T10:47:20.359+0000] {logging_mixin.py:188} INFO - [2026-06-13T10:47:20.359+0000] {dag.py:3954} INFO - Setting next_dagrun for example_short_circuit_decorator to 2026-06-12 00:00:00+00:00, run_after=2026-06-13 00:00:00+00:00
[2026-06-13T10:47:20.388+0000] {processor.py:183} INFO - Processing /home/airflow/.local/lib/python3.12/site-packages/airflow/example_dags/example_short_circuit_decorator.py took 0.106 seconds
[2026-06-13T10:47:50.439+0000] {processor.py:161} INFO - Started process (PID=707) to work on /home/airflow/.local/lib/python3.12/site-packages/airflow/example_dags/example_short_circuit_decorator.py
[2026-06-13T10:47:50.441+0000] {processor.py:830} INFO - Processing file /home/airflow/.local/lib/python3.12/site-packages/airflow/example_dags/example_short_circuit_decorator.py for tasks to queue
[2026-06-13T10:47:50.443+0000] {logging_mixin.py:188} INFO - [2026-06-13T10:47:50.443+0000] {dagbag.py:545} INFO - Filling up the DagBag from /home/airflow/.local/lib/python3.12/site-packages/airflow/example_dags/example_short_circuit_decorator.py
[2026-06-13T10:47:50.453+0000] {processor.py:840} INFO - DAG(s) 'example_short_circuit_decorator' retrieved from /home/airflow/.local/lib/python3.12/site-packages/airflow/example_dags/example_short_circuit_decorator.py
[2026-06-13T10:47:50.481+0000] {logging_mixin.py:188} INFO - [2026-06-13T10:47:50.481+0000] {dag.py:3096} INFO - Sync 1 DAGs
[2026-06-13T10:47:50.506+0000] {logging_mixin.py:188} INFO - [2026-06-13T10:47:50.505+0000] {dag.py:3954} INFO - Setting next_dagrun for example_short_circuit_decorator to 2026-06-12 00:00:00+00:00, run_after=2026-06-13 00:00:00+00:00
[2026-06-13T10:47:50.539+0000] {processor.py:183} INFO - Processing /home/airflow/.local/lib/python3.12/site-packages/airflow/example_dags/example_short_circuit_decorator.py took 0.106 seconds
[2026-06-13T10:48:20.768+0000] {processor.py:161} INFO - Started process (PID=765) to work on /home/airflow/.local/lib/python3.12/site-packages/airflow/example_dags/example_short_circuit_decorator.py
[2026-06-13T10:48:20.770+0000] {processor.py:830} INFO - Processing file /home/airflow/.local/lib/python3.12/site-packages/airflow/example_dags/example_short_circuit_decorator.py for tasks to queue
[2026-06-13T10:48:20.773+0000] {logging_mixin.py:188} INFO - [2026-06-13T10:48:20.773+0000] {dagbag.py:545} INFO - Filling up the DagBag from /home/airflow/.local/lib/python3.12/site-packages/airflow/example_dags/example_short_circuit_decorator.py
[2026-06-13T10:48:20.785+0000] {processor.py:840} INFO - DAG(s) 'example_short_circuit_decorator' retrieved from /home/airflow/.local/lib/python3.12/site-packages/airflow/example_dags/example_short_circuit_decorator.py
[2026-06-13T10:48:20.820+0000] {logging_mixin.py:188} INFO - [2026-06-13T10:48:20.820+0000] {dag.py:3096} INFO - Sync 1 DAGs
[2026-06-13T10:48:20.849+0000] {logging_mixin.py:188} INFO - [2026-06-13T10:48:20.848+0000] {dag.py:3954} INFO - Setting next_dagrun for example_short_circuit_decorator to 2026-06-12 00:00:00+00:00, run_after=2026-06-13 00:00:00+00:00
[2026-06-13T10:48:20.878+0000] {processor.py:183} INFO - Processing /home/airflow/.local/lib/python3.12/site-packages/airflow/example_dags/example_short_circuit_decorator.py took 0.117 seconds
[2026-06-13T10:48:50.939+0000] {processor.py:161} INFO - Started process (PID=823) to work on /home/airflow/.local/lib/python3.12/site-packages/airflow/example_dags/example_short_circuit_decorator.py
[2026-06-13T10:48:50.940+0000] {processor.py:830} INFO - Processing file /home/airflow/.local/lib/python3.12/site-packages/airflow/example_dags/example_short_circuit_decorator.py for tasks to queue
[2026-06-13T10:48:50.944+0000] {logging_mixin.py:188} INFO - [2026-06-13T10:48:50.943+0000] {dagbag.py:545} INFO - Filling up the DagBag from /home/airflow/.local/lib/python3.12/site-packages/airflow/example_dags/example_short_circuit_decorator.py
[2026-06-13T10:48:50.953+0000] {processor.py:840} INFO - DAG(s) 'example_short_circuit_decorator' retrieved from /home/airflow/.local/lib/python3.12/site-packages/airflow/example_dags/example_short_circuit_decorator.py
[2026-06-13T10:48:50.982+0000] {logging_mixin.py:188} INFO - [2026-06-13T10:48:50.981+0000] {dag.py:3096} INFO - Sync 1 DAGs
[2026-06-13T10:48:51.009+0000] {logging_mixin.py:188} INFO - [2026-06-13T10:48:51.009+0000] {dag.py:3954} INFO - Setting next_dagrun for example_short_circuit_decorator to 2026-06-12 00:00:00+00:00, run_after=2026-06-13 00:00:00+00:00
[2026-06-13T10:48:51.043+0000] {processor.py:183} INFO - Processing /home/airflow/.local/lib/python3.12/site-packages/airflow/example_dags/example_short_circuit_decorator.py took 0.110 seconds
[2026-06-13T10:49:21.138+0000] {processor.py:161} INFO - Started process (PID=881) to work on /home/airflow/.local/lib/python3.12/site-packages/airflow/example_dags/example_short_circuit_decorator.py
[2026-06-13T10:49:21.139+0000] {processor.py:830} INFO - Processing file /home/airflow/.local/lib/python3.12/site-packages/airflow/example_dags/example_short_circuit_decorator.py for tasks to queue
[2026-06-13T10:49:21.143+0000] {logging_mixin.py:188} INFO - [2026-06-13T10:49:21.142+0000] {dagbag.py:545} INFO - Filling up the DagBag from /home/airflow/.local/lib/python3.12/site-packages/airflow/example_dags/example_short_circuit_decorator.py
[2026-06-13T10:49:21.152+0000] {processor.py:840} INFO - DAG(s) 'example_short_circuit_decorator' retrieved from /home/airflow/.local/lib/python3.12/site-packages/airflow/example_dags/example_short_circuit_decorator.py
[2026-06-13T10:49:21.182+0000] {logging_mixin.py:188} INFO - [2026-06-13T10:49:21.182+0000] {dag.py:3096} INFO - Sync 1 DAGs
[2026-06-13T10:49:21.207+0000] {logging_mixin.py:188} INFO - [2026-06-13T10:49:21.207+0000] {dag.py:3954} INFO - Setting next_dagrun for example_short_circuit_decorator to 2026-06-12 00:00:00+00:00, run_after=2026-06-13 00:00:00+00:00
[2026-06-13T10:49:21.238+0000] {processor.py:183} INFO - Processing /home/airflow/.local/lib/python3.12/site-packages/airflow/example_dags/example_short_circuit_decorator.py took 0.106 seconds
[2026-06-13T10:49:51.607+0000] {processor.py:161} INFO - Started process (PID=940) to work on /home/airflow/.local/lib/python3.12/site-packages/airflow/example_dags/example_short_circuit_decorator.py
[2026-06-13T10:49:51.609+0000] {processor.py:830} INFO - Processing file /home/airflow/.local/lib/python3.12/site-packages/airflow/example_dags/example_short_circuit_decorator.py for tasks to queue
[2026-06-13T10:49:51.611+0000] {logging_mixin.py:188} INFO - [2026-06-13T10:49:51.611+0000] {dagbag.py:545} INFO - Filling up the DagBag from /home/airflow/.local/lib/python3.12/site-packages/airflow/example_dags/example_short_circuit_decorator.py
[2026-06-13T10:49:51.621+0000] {processor.py:840} INFO - DAG(s) 'example_short_circuit_decorator' retrieved from /home/airflow/.local/lib/python3.12/site-packages/airflow/example_dags/example_short_circuit_decorator.py
[2026-06-13T10:49:51.652+0000] {logging_mixin.py:188} INFO - [2026-06-13T10:49:51.651+0000] {dag.py:3096} INFO - Sync 1 DAGs
[2026-06-13T10:49:51.676+0000] {logging_mixin.py:188} INFO - [2026-06-13T10:49:51.676+0000] {dag.py:3954} INFO - Setting next_dagrun for example_short_circuit_decorator to 2026-06-12 00:00:00+00:00, run_after=2026-06-13 00:00:00+00:00
[2026-06-13T10:49:51.702+0000] {processor.py:183} INFO - Processing /home/airflow/.local/lib/python3.12/site-packages/airflow/example_dags/example_short_circuit_decorator.py took 0.100 seconds
[2026-06-13T10:50:21.877+0000] {processor.py:161} INFO - Started process (PID=998) to work on /home/airflow/.local/lib/python3.12/site-packages/airflow/example_dags/example_short_circuit_decorator.py
[2026-06-13T10:50:21.879+0000] {processor.py:830} INFO - Processing file /home/airflow/.local/lib/python3.12/site-packages/airflow/example_dags/example_short_circuit_decorator.py for tasks to queue
[2026-06-13T10:50:21.883+0000] {logging_mixin.py:188} INFO - [2026-06-13T10:50:21.882+0000] {dagbag.py:545} INFO - Filling up the DagBag from /home/airflow/.local/lib/python3.12/site-packages/airflow/example_dags/example_short_circuit_decorator.py
[2026-06-13T10:50:21.895+0000] {processor.py:840} INFO - DAG(s) 'example_short_circuit_decorator' retrieved from /home/airflow/.local/lib/python3.12/site-packages/airflow/example_dags/example_short_circuit_decorator.py
[2026-06-13T10:50:21.929+0000] {logging_mixin.py:188} INFO - [2026-06-13T10:50:21.929+0000] {dag.py:3096} INFO - Sync 1 DAGs
[2026-06-13T10:50:21.958+0000] {logging_mixin.py:188} INFO - [2026-06-13T10:50:21.958+0000] {dag.py:3954} INFO - Setting next_dagrun for example_short_circuit_decorator to 2026-06-12 00:00:00+00:00, run_after=2026-06-13 00:00:00+00:00
[2026-06-13T10:50:21.986+0000] {processor.py:183} INFO - Processing /home/airflow/.local/lib/python3.12/site-packages/airflow/example_dags/example_short_circuit_decorator.py took 0.117 seconds
[2026-06-13T10:50:52.229+0000] {processor.py:161} INFO - Started process (PID=1056) to work on /home/airflow/.local/lib/python3.12/site-packages/airflow/example_dags/example_short_circuit_decorator.py
[2026-06-13T10:50:52.231+0000] {processor.py:830} INFO - Processing file /home/airflow/.local/lib/python3.12/site-packages/airflow/example_dags/example_short_circuit_decorator.py for tasks to queue
[2026-06-13T10:50:52.233+0000] {logging_mixin.py:188} INFO - [2026-06-13T10:50:52.233+0000] {dagbag.py:545} INFO - Filling up the DagBag from /home/airflow/.local/lib/python3.12/site-packages/airflow/example_dags/example_short_circuit_decorator.py
[2026-06-13T10:50:52.243+0000] {processor.py:840} INFO - DAG(s) 'example_short_circuit_decorator' retrieved from /home/airflow/.local/lib/python3.12/site-packages/airflow/example_dags/example_short_circuit_decorator.py
[2026-06-13T10:50:52.272+0000] {logging_mixin.py:188} INFO - [2026-06-13T10:50:52.272+0000] {dag.py:3096} INFO - Sync 1 DAGs
[2026-06-13T10:50:52.297+0000] {logging_mixin.py:188} INFO - [2026-06-13T10:50:52.297+0000] {dag.py:3954} INFO - Setting next_dagrun for example_short_circuit_decorator to 2026-06-12 00:00:00+00:00, run_after=2026-06-13 00:00:00+00:00
[2026-06-13T10:50:52.331+0000] {processor.py:183} INFO - Processing /home/airflow/.local/lib/python3.12/site-packages/airflow/example_dags/example_short_circuit_decorator.py took 0.108 seconds
[2026-06-13T10:51:22.552+0000] {processor.py:161} INFO - Started process (PID=1114) to work on /home/airflow/.local/lib/python3.12/site-packages/airflow/example_dags/example_short_circuit_decorator.py
[2026-06-13T10:51:22.554+0000] {processor.py:830} INFO - Processing file /home/airflow/.local/lib/python3.12/site-packages/airflow/example_dags/example_short_circuit_decorator.py for tasks to queue
[2026-06-13T10:51:22.556+0000] {logging_mixin.py:188} INFO - [2026-06-13T10:51:22.556+0000] {dagbag.py:545} INFO - Filling up the DagBag from /home/airflow/.local/lib/python3.12/site-packages/airflow/example_dags/example_short_circuit_decorator.py
[2026-06-13T10:51:22.566+0000] {processor.py:840} INFO - DAG(s) 'example_short_circuit_decorator' retrieved from /home/airflow/.local/lib/python3.12/site-packages/airflow/example_dags/example_short_circuit_decorator.py
[2026-06-13T10:51:22.597+0000] {logging_mixin.py:188} INFO - [2026-06-13T10:51:22.597+0000] {dag.py:3096} INFO - Sync 1 DAGs
[2026-06-13T10:51:22.621+0000] {logging_mixin.py:188} INFO - [2026-06-13T10:51:22.621+0000] {dag.py:3954} INFO - Setting next_dagrun for example_short_circuit_decorator to 2026-06-12 00:00:00+00:00, run_after=2026-06-13 00:00:00+00:00
[2026-06-13T10:51:22.653+0000] {processor.py:183} INFO - Processing /home/airflow/.local/lib/python3.12/site-packages/airflow/example_dags/example_short_circuit_decorator.py took 0.106 seconds
[2026-06-13T10:51:52.805+0000] {processor.py:161} INFO - Started process (PID=1172) to work on /home/airflow/.local/lib/python3.12/site-packages/airflow/example_dags/example_short_circuit_decorator.py
[2026-06-13T10:51:52.807+0000] {processor.py:830} INFO - Processing file /home/airflow/.local/lib/python3.12/site-packages/airflow/example_dags/example_short_circuit_decorator.py for tasks to queue
[2026-06-13T10:51:52.810+0000] {logging_mixin.py:188} INFO - [2026-06-13T10:51:52.809+0000] {dagbag.py:545} INFO - Filling up the DagBag from /home/airflow/.local/lib/python3.12/site-packages/airflow/example_dags/example_short_circuit_decorator.py
[2026-06-13T10:51:52.819+0000] {processor.py:840} INFO - DAG(s) 'example_short_circuit_decorator' retrieved from /home/airflow/.local/lib/python3.12/site-packages/airflow/example_dags/example_short_circuit_decorator.py
[2026-06-13T10:51:52.847+0000] {logging_mixin.py:188} INFO - [2026-06-13T10:51:52.847+0000] {dag.py:3096} INFO - Sync 1 DAGs
[2026-06-13T10:51:52.872+0000] {logging_mixin.py:188} INFO - [2026-06-13T10:51:52.872+0000] {dag.py:3954} INFO - Setting next_dagrun for example_short_circuit_decorator to 2026-06-12 00:00:00+00:00, run_after=2026-06-13 00:00:00+00:00
[2026-06-13T10:51:52.900+0000] {processor.py:183} INFO - Processing /home/airflow/.local/lib/python3.12/site-packages/airflow/example_dags/example_short_circuit_decorator.py took 0.101 seconds
[2026-06-13T10:52:23.033+0000] {processor.py:161} INFO - Started process (PID=1230) to work on /home/airflow/.local/lib/python3.12/site-packages/airflow/example_dags/example_short_circuit_decorator.py
[2026-06-13T10:52:23.035+0000] {processor.py:830} INFO - Processing file /home/airflow/.local/lib/python3.12/site-packages/airflow/example_dags/example_short_circuit_decorator.py for tasks to queue
[2026-06-13T10:52:23.039+0000] {logging_mixin.py:188} INFO - [2026-06-13T10:52:23.038+0000] {dagbag.py:545} INFO - Filling up the DagBag from /home/airflow/.local/lib/python3.12/site-packages/airflow/example_dags/example_short_circuit_decorator.py
[2026-06-13T10:52:23.054+0000] {processor.py:840} INFO - DAG(s) 'example_short_circuit_decorator' retrieved from /home/airflow/.local/lib/python3.12/site-packages/airflow/example_dags/example_short_circuit_decorator.py
[2026-06-13T10:52:23.082+0000] {logging_mixin.py:188} INFO - [2026-06-13T10:52:23.082+0000] {dag.py:3096} INFO - Sync 1 DAGs
[2026-06-13T10:52:23.109+0000] {logging_mixin.py:188} INFO - [2026-06-13T10:52:23.109+0000] {dag.py:3954} INFO - Setting next_dagrun for example_short_circuit_decorator to 2026-06-12 00:00:00+00:00, run_after=2026-06-13 00:00:00+00:00
[2026-06-13T10:52:23.141+0000] {processor.py:183} INFO - Processing /home/airflow/.local/lib/python3.12/site-packages/airflow/example_dags/example_short_circuit_decorator.py took 0.116 seconds
[2026-06-13T10:52:53.235+0000] {processor.py:161} INFO - Started process (PID=1288) to work on /home/airflow/.local/lib/python3.12/site-packages/airflow/example_dags/example_short_circuit_decorator.py
[2026-06-13T10:52:53.237+0000] {processor.py:830} INFO - Processing file /home/airflow/.local/lib/python3.12/site-packages/airflow/example_dags/example_short_circuit_decorator.py for tasks to queue
[2026-06-13T10:52:53.240+0000] {logging_mixin.py:188} INFO - [2026-06-13T10:52:53.239+0000] {dagbag.py:545} INFO - Filling up the DagBag from /home/airflow/.local/lib/python3.12/site-packages/airflow/example_dags/example_short_circuit_decorator.py
[2026-06-13T10:52:53.249+0000] {processor.py:840} INFO - DAG(s) 'example_short_circuit_decorator' retrieved from /home/airflow/.local/lib/python3.12/site-packages/airflow/example_dags/example_short_circuit_decorator.py
[2026-06-13T10:52:53.282+0000] {logging_mixin.py:188} INFO - [2026-06-13T10:52:53.282+0000] {dag.py:3096} INFO - Sync 1 DAGs
[2026-06-13T10:52:53.306+0000] {logging_mixin.py:188} INFO - [2026-06-13T10:52:53.306+0000] {dag.py:3954} INFO - Setting next_dagrun for example_short_circuit_decorator to 2026-06-12 00:00:00+00:00, run_after=2026-06-13 00:00:00+00:00
[2026-06-13T10:52:53.341+0000] {processor.py:183} INFO - Processing /home/airflow/.local/lib/python3.12/site-packages/airflow/example_dags/example_short_circuit_decorator.py took 0.112 seconds
[2026-06-13T10:53:23.736+0000] {processor.py:161} INFO - Started process (PID=1347) to work on /home/airflow/.local/lib/python3.12/site-packages/airflow/example_dags/example_short_circuit_decorator.py
[2026-06-13T10:53:23.737+0000] {processor.py:830} INFO - Processing file /home/airflow/.local/lib/python3.12/site-packages/airflow/example_dags/example_short_circuit_decorator.py for tasks to queue
[2026-06-13T10:53:23.740+0000] {logging_mixin.py:188} INFO - [2026-06-13T10:53:23.739+0000] {dagbag.py:545} INFO - Filling up the DagBag from /home/airflow/.local/lib/python3.12/site-packages/airflow/example_dags/example_short_circuit_decorator.py
[2026-06-13T10:53:23.749+0000] {processor.py:840} INFO - DAG(s) 'example_short_circuit_decorator' retrieved from /home/airflow/.local/lib/python3.12/site-packages/airflow/example_dags/example_short_circuit_decorator.py
[2026-06-13T10:53:23.785+0000] {logging_mixin.py:188} INFO - [2026-06-13T10:53:23.784+0000] {dag.py:3096} INFO - Sync 1 DAGs
[2026-06-13T10:53:23.815+0000] {logging_mixin.py:188} INFO - [2026-06-13T10:53:23.815+0000] {dag.py:3954} INFO - Setting next_dagrun for example_short_circuit_decorator to 2026-06-12 00:00:00+00:00, run_after=2026-06-13 00:00:00+00:00
[2026-06-13T10:53:23.847+0000] {processor.py:183} INFO - Processing /home/airflow/.local/lib/python3.12/site-packages/airflow/example_dags/example_short_circuit_decorator.py took 0.117 seconds
[2026-06-13T10:53:54.304+0000] {processor.py:161} INFO - Started process (PID=1405) to work on /home/airflow/.local/lib/python3.12/site-packages/airflow/example_dags/example_short_circuit_decorator.py
[2026-06-13T10:53:54.307+0000] {processor.py:830} INFO - Processing file /home/airflow/.local/lib/python3.12/site-packages/airflow/example_dags/example_short_circuit_decorator.py for tasks to queue
[2026-06-13T10:53:54.310+0000] {logging_mixin.py:188} INFO - [2026-06-13T10:53:54.309+0000] {dagbag.py:545} INFO - Filling up the DagBag from /home/airflow/.local/lib/python3.12/site-packages/airflow/example_dags/example_short_circuit_decorator.py
[2026-06-13T10:53:54.321+0000] {processor.py:840} INFO - DAG(s) 'example_short_circuit_decorator' retrieved from /home/airflow/.local/lib/python3.12/site-packages/airflow/example_dags/example_short_circuit_decorator.py
[2026-06-13T10:53:54.355+0000] {logging_mixin.py:188} INFO - [2026-06-13T10:53:54.355+0000] {dag.py:3096} INFO - Sync 1 DAGs
[2026-06-13T10:53:54.385+0000] {logging_mixin.py:188} INFO - [2026-06-13T10:53:54.385+0000] {dag.py:3954} INFO - Setting next_dagrun for example_short_circuit_decorator to 2026-06-12 00:00:00+00:00, run_after=2026-06-13 00:00:00+00:00
[2026-06-13T10:53:54.414+0000] {processor.py:183} INFO - Processing /home/airflow/.local/lib/python3.12/site-packages/airflow/example_dags/example_short_circuit_decorator.py took 0.118 seconds
[2026-06-13T10:54:24.555+0000] {processor.py:161} INFO - Started process (PID=1463) to work on /home/airflow/.local/lib/python3.12/site-packages/airflow/example_dags/example_short_circuit_decorator.py
[2026-06-13T10:54:24.557+0000] {processor.py:830} INFO - Processing file /home/airflow/.local/lib/python3.12/site-packages/airflow/example_dags/example_short_circuit_decorator.py for tasks to queue
[2026-06-13T10:54:24.560+0000] {logging_mixin.py:188} INFO - [2026-06-13T10:54:24.559+0000] {dagbag.py:545} INFO - Filling up the DagBag from /home/airflow/.local/lib/python3.12/site-packages/airflow/example_dags/example_short_circuit_decorator.py
[2026-06-13T10:54:24.579+0000] {processor.py:840} INFO - DAG(s) 'example_short_circuit_decorator' retrieved from /home/airflow/.local/lib/python3.12/site-packages/airflow/example_dags/example_short_circuit_decorator.py
[2026-06-13T10:54:24.614+0000] {logging_mixin.py:188} INFO - [2026-06-13T10:54:24.613+0000] {dag.py:3096} INFO - Sync 1 DAGs
[2026-06-13T10:54:24.667+0000] {logging_mixin.py:188} INFO - [2026-06-13T10:54:24.667+0000] {dag.py:3954} INFO - Setting next_dagrun for example_short_circuit_decorator to 2026-06-12 00:00:00+00:00, run_after=2026-06-13 00:00:00+00:00
[2026-06-13T10:54:24.712+0000] {processor.py:183} INFO - Processing /home/airflow/.local/lib/python3.12/site-packages/airflow/example_dags/example_short_circuit_decorator.py took 0.164 seconds
[2026-06-13T10:54:54.891+0000] {processor.py:161} INFO - Started process (PID=1521) to work on /home/airflow/.local/lib/python3.12/site-packages/airflow/example_dags/example_short_circuit_decorator.py
[2026-06-13T10:54:54.894+0000] {processor.py:830} INFO - Processing file /home/airflow/.local/lib/python3.12/site-packages/airflow/example_dags/example_short_circuit_decorator.py for tasks to queue
[2026-06-13T10:54:54.897+0000] {logging_mixin.py:188} INFO - [2026-06-13T10:54:54.896+0000] {dagbag.py:545} INFO - Filling up the DagBag from /home/airflow/.local/lib/python3.12/site-packages/airflow/example_dags/example_short_circuit_decorator.py
[2026-06-13T10:54:54.909+0000] {processor.py:840} INFO - DAG(s) 'example_short_circuit_decorator' retrieved from /home/airflow/.local/lib/python3.12/site-packages/airflow/example_dags/example_short_circuit_decorator.py
[2026-06-13T10:54:54.949+0000] {logging_mixin.py:188} INFO - [2026-06-13T10:54:54.948+0000] {dag.py:3096} INFO - Sync 1 DAGs
[2026-06-13T10:54:54.985+0000] {logging_mixin.py:188} INFO - [2026-06-13T10:54:54.984+0000] {dag.py:3954} INFO - Setting next_dagrun for example_short_circuit_decorator to 2026-06-12 00:00:00+00:00, run_after=2026-06-13 00:00:00+00:00
[2026-06-13T10:54:55.029+0000] {processor.py:183} INFO - Processing /home/airflow/.local/lib/python3.12/site-packages/airflow/example_dags/example_short_circuit_decorator.py took 0.146 seconds
[2026-06-13T10:55:54.096+0000] {processor.py:161} INFO - Started process (PID=65) to work on /home/airflow/.local/lib/python3.12/site-packages/airflow/example_dags/example_short_circuit_decorator.py
[2026-06-13T10:55:54.098+0000] {processor.py:830} INFO - Processing file /home/airflow/.local/lib/python3.12/site-packages/airflow/example_dags/example_short_circuit_decorator.py for tasks to queue
[2026-06-13T10:55:54.103+0000] {logging_mixin.py:188} INFO - [2026-06-13T10:55:54.102+0000] {dagbag.py:545} INFO - Filling up the DagBag from /home/airflow/.local/lib/python3.12/site-packages/airflow/example_dags/example_short_circuit_decorator.py
[2026-06-13T10:55:54.132+0000] {processor.py:840} INFO - DAG(s) 'example_short_circuit_decorator' retrieved from /home/airflow/.local/lib/python3.12/site-packages/airflow/example_dags/example_short_circuit_decorator.py
[2026-06-13T10:55:54.156+0000] {logging_mixin.py:188} INFO - [2026-06-13T10:55:54.156+0000] {dag.py:3096} INFO - Sync 1 DAGs
[2026-06-13T10:55:54.197+0000] {logging_mixin.py:188} INFO - [2026-06-13T10:55:54.197+0000] {dag.py:3954} INFO - Setting next_dagrun for example_short_circuit_decorator to 2026-06-12 00:00:00+00:00, run_after=2026-06-13 00:00:00+00:00
[2026-06-13T10:55:54.233+0000] {processor.py:183} INFO - Processing /home/airflow/.local/lib/python3.12/site-packages/airflow/example_dags/example_short_circuit_decorator.py took 0.144 seconds
[2026-06-13T10:56:24.375+0000] {processor.py:161} INFO - Started process (PID=124) to work on /home/airflow/.local/lib/python3.12/site-packages/airflow/example_dags/example_short_circuit_decorator.py
[2026-06-13T10:56:24.377+0000] {processor.py:830} INFO - Processing file /home/airflow/.local/lib/python3.12/site-packages/airflow/example_dags/example_short_circuit_decorator.py for tasks to queue
[2026-06-13T10:56:24.379+0000] {logging_mixin.py:188} INFO - [2026-06-13T10:56:24.379+0000] {dagbag.py:545} INFO - Filling up the DagBag from /home/airflow/.local/lib/python3.12/site-packages/airflow/example_dags/example_short_circuit_decorator.py
[2026-06-13T10:56:24.389+0000] {processor.py:840} INFO - DAG(s) 'example_short_circuit_decorator' retrieved from /home/airflow/.local/lib/python3.12/site-packages/airflow/example_dags/example_short_circuit_decorator.py
[2026-06-13T10:56:24.514+0000] {logging_mixin.py:188} INFO - [2026-06-13T10:56:24.513+0000] {dag.py:3096} INFO - Sync 1 DAGs
[2026-06-13T10:56:24.538+0000] {logging_mixin.py:188} INFO - [2026-06-13T10:56:24.537+0000] {dag.py:3954} INFO - Setting next_dagrun for example_short_circuit_decorator to 2026-06-12 00:00:00+00:00, run_after=2026-06-13 00:00:00+00:00
[2026-06-13T10:56:24.566+0000] {processor.py:183} INFO - Processing /home/airflow/.local/lib/python3.12/site-packages/airflow/example_dags/example_short_circuit_decorator.py took 0.197 seconds
[2026-06-13T10:56:54.686+0000] {processor.py:161} INFO - Started process (PID=182) to work on /home/airflow/.local/lib/python3.12/site-packages/airflow/example_dags/example_short_circuit_decorator.py
[2026-06-13T10:56:54.688+0000] {processor.py:830} INFO - Processing file /home/airflow/.local/lib/python3.12/site-packages/airflow/example_dags/example_short_circuit_decorator.py for tasks to queue
[2026-06-13T10:56:54.690+0000] {logging_mixin.py:188} INFO - [2026-06-13T10:56:54.690+0000] {dagbag.py:545} INFO - Filling up the DagBag from /home/airflow/.local/lib/python3.12/site-packages/airflow/example_dags/example_short_circuit_decorator.py
[2026-06-13T10:56:54.702+0000] {processor.py:840} INFO - DAG(s) 'example_short_circuit_decorator' retrieved from /home/airflow/.local/lib/python3.12/site-packages/airflow/example_dags/example_short_circuit_decorator.py
[2026-06-13T10:56:54.719+0000] {logging_mixin.py:188} INFO - [2026-06-13T10:56:54.719+0000] {dag.py:3096} INFO - Sync 1 DAGs
[2026-06-13T10:56:54.748+0000] {logging_mixin.py:188} INFO - [2026-06-13T10:56:54.748+0000] {dag.py:3954} INFO - Setting next_dagrun for example_short_circuit_decorator to 2026-06-12 00:00:00+00:00, run_after=2026-06-13 00:00:00+00:00
[2026-06-13T10:56:54.779+0000] {processor.py:183} INFO - Processing /home/airflow/.local/lib/python3.12/site-packages/airflow/example_dags/example_short_circuit_decorator.py took 0.100 seconds
[2026-06-13T10:57:24.932+0000] {processor.py:161} INFO - Started process (PID=241) to work on /home/airflow/.local/lib/python3.12/site-packages/airflow/example_dags/example_short_circuit_decorator.py
[2026-06-13T10:57:24.934+0000] {processor.py:830} INFO - Processing file /home/airflow/.local/lib/python3.12/site-packages/airflow/example_dags/example_short_circuit_decorator.py for tasks to queue
[2026-06-13T10:57:24.937+0000] {logging_mixin.py:188} INFO - [2026-06-13T10:57:24.936+0000] {dagbag.py:545} INFO - Filling up the DagBag from /home/airflow/.local/lib/python3.12/site-packages/airflow/example_dags/example_short_circuit_decorator.py
[2026-06-13T10:57:24.949+0000] {processor.py:840} INFO - DAG(s) 'example_short_circuit_decorator' retrieved from /home/airflow/.local/lib/python3.12/site-packages/airflow/example_dags/example_short_circuit_decorator.py
[2026-06-13T10:57:25.075+0000] {logging_mixin.py:188} INFO - [2026-06-13T10:57:25.074+0000] {dag.py:3096} INFO - Sync 1 DAGs
[2026-06-13T10:57:25.098+0000] {logging_mixin.py:188} INFO - [2026-06-13T10:57:25.098+0000] {dag.py:3954} INFO - Setting next_dagrun for example_short_circuit_decorator to 2026-06-12 00:00:00+00:00, run_after=2026-06-13 00:00:00+00:00
[2026-06-13T10:57:25.129+0000] {processor.py:183} INFO - Processing /home/airflow/.local/lib/python3.12/site-packages/airflow/example_dags/example_short_circuit_decorator.py took 0.205 seconds
[2026-06-13T10:57:55.348+0000] {processor.py:161} INFO - Started process (PID=301) to work on /home/airflow/.local/lib/python3.12/site-packages/airflow/example_dags/example_short_circuit_decorator.py
[2026-06-13T10:57:55.350+0000] {processor.py:830} INFO - Processing file /home/airflow/.local/lib/python3.12/site-packages/airflow/example_dags/example_short_circuit_decorator.py for tasks to queue
[2026-06-13T10:57:55.353+0000] {logging_mixin.py:188} INFO - [2026-06-13T10:57:55.352+0000] {dagbag.py:545} INFO - Filling up the DagBag from /home/airflow/.local/lib/python3.12/site-packages/airflow/example_dags/example_short_circuit_decorator.py
[2026-06-13T10:57:55.362+0000] {processor.py:840} INFO - DAG(s) 'example_short_circuit_decorator' retrieved from /home/airflow/.local/lib/python3.12/site-packages/airflow/example_dags/example_short_circuit_decorator.py
[2026-06-13T10:57:55.392+0000] {logging_mixin.py:188} INFO - [2026-06-13T10:57:55.391+0000] {dag.py:3096} INFO - Sync 1 DAGs
[2026-06-13T10:57:55.418+0000] {logging_mixin.py:188} INFO - [2026-06-13T10:57:55.418+0000] {dag.py:3954} INFO - Setting next_dagrun for example_short_circuit_decorator to 2026-06-12 00:00:00+00:00, run_after=2026-06-13 00:00:00+00:00
[2026-06-13T10:57:55.445+0000] {processor.py:183} INFO - Processing /home/airflow/.local/lib/python3.12/site-packages/airflow/example_dags/example_short_circuit_decorator.py took 0.104 seconds
[2026-06-13T10:58:25.808+0000] {processor.py:161} INFO - Started process (PID=360) to work on /home/airflow/.local/lib/python3.12/site-packages/airflow/example_dags/example_short_circuit_decorator.py
[2026-06-13T10:58:25.810+0000] {processor.py:830} INFO - Processing file /home/airflow/.local/lib/python3.12/site-packages/airflow/example_dags/example_short_circuit_decorator.py for tasks to queue
[2026-06-13T10:58:25.813+0000] {logging_mixin.py:188} INFO - [2026-06-13T10:58:25.812+0000] {dagbag.py:545} INFO - Filling up the DagBag from /home/airflow/.local/lib/python3.12/site-packages/airflow/example_dags/example_short_circuit_decorator.py
[2026-06-13T10:58:25.824+0000] {processor.py:840} INFO - DAG(s) 'example_short_circuit_decorator' retrieved from /home/airflow/.local/lib/python3.12/site-packages/airflow/example_dags/example_short_circuit_decorator.py
[2026-06-13T10:58:25.853+0000] {logging_mixin.py:188} INFO - [2026-06-13T10:58:25.852+0000] {dag.py:3096} INFO - Sync 1 DAGs
[2026-06-13T10:58:25.879+0000] {logging_mixin.py:188} INFO - [2026-06-13T10:58:25.879+0000] {dag.py:3954} INFO - Setting next_dagrun for example_short_circuit_decorator to 2026-06-12 00:00:00+00:00, run_after=2026-06-13 00:00:00+00:00
[2026-06-13T10:58:25.910+0000] {processor.py:183} INFO - Processing /home/airflow/.local/lib/python3.12/site-packages/airflow/example_dags/example_short_circuit_decorator.py took 0.108 seconds
[2026-06-13T10:58:56.087+0000] {processor.py:161} INFO - Started process (PID=419) to work on /home/airflow/.local/lib/python3.12/site-packages/airflow/example_dags/example_short_circuit_decorator.py
[2026-06-13T10:58:56.089+0000] {processor.py:830} INFO - Processing file /home/airflow/.local/lib/python3.12/site-packages/airflow/example_dags/example_short_circuit_decorator.py for tasks to queue
[2026-06-13T10:58:56.092+0000] {logging_mixin.py:188} INFO - [2026-06-13T10:58:56.092+0000] {dagbag.py:545} INFO - Filling up the DagBag from /home/airflow/.local/lib/python3.12/site-packages/airflow/example_dags/example_short_circuit_decorator.py
[2026-06-13T10:58:56.105+0000] {processor.py:840} INFO - DAG(s) 'example_short_circuit_decorator' retrieved from /home/airflow/.local/lib/python3.12/site-packages/airflow/example_dags/example_short_circuit_decorator.py
[2026-06-13T10:58:56.141+0000] {logging_mixin.py:188} INFO - [2026-06-13T10:58:56.140+0000] {dag.py:3096} INFO - Sync 1 DAGs
[2026-06-13T10:58:56.184+0000] {logging_mixin.py:188} INFO - [2026-06-13T10:58:56.183+0000] {dag.py:3954} INFO - Setting next_dagrun for example_short_circuit_decorator to 2026-06-12 00:00:00+00:00, run_after=2026-06-13 00:00:00+00:00
[2026-06-13T10:58:56.212+0000] {processor.py:183} INFO - Processing /home/airflow/.local/lib/python3.12/site-packages/airflow/example_dags/example_short_circuit_decorator.py took 0.134 seconds
[2026-06-13T10:59:26.300+0000] {processor.py:161} INFO - Started process (PID=478) to work on /home/airflow/.local/lib/python3.12/site-packages/airflow/example_dags/example_short_circuit_decorator.py
[2026-06-13T10:59:26.301+0000] {processor.py:830} INFO - Processing file /home/airflow/.local/lib/python3.12/site-packages/airflow/example_dags/example_short_circuit_decorator.py for tasks to queue
[2026-06-13T10:59:26.305+0000] {logging_mixin.py:188} INFO - [2026-06-13T10:59:26.304+0000] {dagbag.py:545} INFO - Filling up the DagBag from /home/airflow/.local/lib/python3.12/site-packages/airflow/example_dags/example_short_circuit_decorator.py
[2026-06-13T10:59:26.318+0000] {processor.py:840} INFO - DAG(s) 'example_short_circuit_decorator' retrieved from /home/airflow/.local/lib/python3.12/site-packages/airflow/example_dags/example_short_circuit_decorator.py
[2026-06-13T10:59:26.351+0000] {logging_mixin.py:188} INFO - [2026-06-13T10:59:26.351+0000] {dag.py:3096} INFO - Sync 1 DAGs
[2026-06-13T10:59:26.378+0000] {logging_mixin.py:188} INFO - [2026-06-13T10:59:26.377+0000] {dag.py:3954} INFO - Setting next_dagrun for example_short_circuit_decorator to 2026-06-12 00:00:00+00:00, run_after=2026-06-13 00:00:00+00:00
[2026-06-13T10:59:26.404+0000] {processor.py:183} INFO - Processing /home/airflow/.local/lib/python3.12/site-packages/airflow/example_dags/example_short_circuit_decorator.py took 0.112 seconds
[2026-06-13T10:59:56.475+0000] {processor.py:161} INFO - Started process (PID=537) to work on /home/airflow/.local/lib/python3.12/site-packages/airflow/example_dags/example_short_circuit_decorator.py
[2026-06-13T10:59:56.477+0000] {processor.py:830} INFO - Processing file /home/airflow/.local/lib/python3.12/site-packages/airflow/example_dags/example_short_circuit_decorator.py for tasks to queue
[2026-06-13T10:59:56.479+0000] {logging_mixin.py:188} INFO - [2026-06-13T10:59:56.478+0000] {dagbag.py:545} INFO - Filling up the DagBag from /home/airflow/.local/lib/python3.12/site-packages/airflow/example_dags/example_short_circuit_decorator.py
[2026-06-13T10:59:56.488+0000] {processor.py:840} INFO - DAG(s) 'example_short_circuit_decorator' retrieved from /home/airflow/.local/lib/python3.12/site-packages/airflow/example_dags/example_short_circuit_decorator.py
[2026-06-13T10:59:56.518+0000] {logging_mixin.py:188} INFO - [2026-06-13T10:59:56.518+0000] {dag.py:3096} INFO - Sync 1 DAGs
[2026-06-13T10:59:56.549+0000] {logging_mixin.py:188} INFO - [2026-06-13T10:59:56.549+0000] {dag.py:3954} INFO - Setting next_dagrun for example_short_circuit_decorator to 2026-06-12 00:00:00+00:00, run_after=2026-06-13 00:00:00+00:00
[2026-06-13T10:59:56.580+0000] {processor.py:183} INFO - Processing /home/airflow/.local/lib/python3.12/site-packages/airflow/example_dags/example_short_circuit_decorator.py took 0.111 seconds
[2026-06-13T11:00:27.050+0000] {processor.py:161} INFO - Started process (PID=596) to work on /home/airflow/.local/lib/python3.12/site-packages/airflow/example_dags/example_short_circuit_decorator.py
[2026-06-13T11:00:27.052+0000] {processor.py:830} INFO - Processing file /home/airflow/.local/lib/python3.12/site-packages/airflow/example_dags/example_short_circuit_decorator.py for tasks to queue
[2026-06-13T11:00:27.055+0000] {logging_mixin.py:188} INFO - [2026-06-13T11:00:27.054+0000] {dagbag.py:545} INFO - Filling up the DagBag from /home/airflow/.local/lib/python3.12/site-packages/airflow/example_dags/example_short_circuit_decorator.py
[2026-06-13T11:00:27.064+0000] {processor.py:840} INFO - DAG(s) 'example_short_circuit_decorator' retrieved from /home/airflow/.local/lib/python3.12/site-packages/airflow/example_dags/example_short_circuit_decorator.py
[2026-06-13T11:00:27.094+0000] {logging_mixin.py:188} INFO - [2026-06-13T11:00:27.093+0000] {dag.py:3096} INFO - Sync 1 DAGs
[2026-06-13T11:00:27.118+0000] {logging_mixin.py:188} INFO - [2026-06-13T11:00:27.118+0000] {dag.py:3954} INFO - Setting next_dagrun for example_short_circuit_decorator to 2026-06-12 00:00:00+00:00, run_after=2026-06-13 00:00:00+00:00
[2026-06-13T11:00:27.150+0000] {processor.py:183} INFO - Processing /home/airflow/.local/lib/python3.12/site-packages/airflow/example_dags/example_short_circuit_decorator.py took 0.106 seconds
[2026-06-13T11:00:57.265+0000] {processor.py:161} INFO - Started process (PID=655) to work on /home/airflow/.local/lib/python3.12/site-packages/airflow/example_dags/example_short_circuit_decorator.py
[2026-06-13T11:00:57.267+0000] {processor.py:830} INFO - Processing file /home/airflow/.local/lib/python3.12/site-packages/airflow/example_dags/example_short_circuit_decorator.py for tasks to queue
[2026-06-13T11:00:57.269+0000] {logging_mixin.py:188} INFO - [2026-06-13T11:00:57.269+0000] {dagbag.py:545} INFO - Filling up the DagBag from /home/airflow/.local/lib/python3.12/site-packages/airflow/example_dags/example_short_circuit_decorator.py
[2026-06-13T11:00:57.280+0000] {processor.py:840} INFO - DAG(s) 'example_short_circuit_decorator' retrieved from /home/airflow/.local/lib/python3.12/site-packages/airflow/example_dags/example_short_circuit_decorator.py
[2026-06-13T11:00:57.312+0000] {logging_mixin.py:188} INFO - [2026-06-13T11:00:57.311+0000] {dag.py:3096} INFO - Sync 1 DAGs
[2026-06-13T11:00:57.339+0000] {logging_mixin.py:188} INFO - [2026-06-13T11:00:57.338+0000] {dag.py:3954} INFO - Setting next_dagrun for example_short_circuit_decorator to 2026-06-12 00:00:00+00:00, run_after=2026-06-13 00:00:00+00:00
[2026-06-13T11:00:57.365+0000] {processor.py:183} INFO - Processing /home/airflow/.local/lib/python3.12/site-packages/airflow/example_dags/example_short_circuit_decorator.py took 0.106 seconds
[2026-06-13T11:01:27.768+0000] {processor.py:161} INFO - Started process (PID=714) to work on /home/airflow/.local/lib/python3.12/site-packages/airflow/example_dags/example_short_circuit_decorator.py
[2026-06-13T11:01:27.769+0000] {processor.py:830} INFO - Processing file /home/airflow/.local/lib/python3.12/site-packages/airflow/example_dags/example_short_circuit_decorator.py for tasks to queue
[2026-06-13T11:01:27.773+0000] {logging_mixin.py:188} INFO - [2026-06-13T11:01:27.772+0000] {dagbag.py:545} INFO - Filling up the DagBag from /home/airflow/.local/lib/python3.12/site-packages/airflow/example_dags/example_short_circuit_decorator.py
[2026-06-13T11:01:27.783+0000] {processor.py:840} INFO - DAG(s) 'example_short_circuit_decorator' retrieved from /home/airflow/.local/lib/python3.12/site-packages/airflow/example_dags/example_short_circuit_decorator.py
[2026-06-13T11:01:27.812+0000] {logging_mixin.py:188} INFO - [2026-06-13T11:01:27.811+0000] {dag.py:3096} INFO - Sync 1 DAGs
[2026-06-13T11:01:27.838+0000] {logging_mixin.py:188} INFO - [2026-06-13T11:01:27.838+0000] {dag.py:3954} INFO - Setting next_dagrun for example_short_circuit_decorator to 2026-06-12 00:00:00+00:00, run_after=2026-06-13 00:00:00+00:00
[2026-06-13T11:01:27.865+0000] {processor.py:183} INFO - Processing /home/airflow/.local/lib/python3.12/site-packages/airflow/example_dags/example_short_circuit_decorator.py took 0.103 seconds
[2026-06-13T11:01:57.963+0000] {processor.py:161} INFO - Started process (PID=773) to work on /home/airflow/.local/lib/python3.12/site-packages/airflow/example_dags/example_short_circuit_decorator.py
[2026-06-13T11:01:57.964+0000] {processor.py:830} INFO - Processing file /home/airflow/.local/lib/python3.12/site-packages/airflow/example_dags/example_short_circuit_decorator.py for tasks to queue
[2026-06-13T11:01:57.967+0000] {logging_mixin.py:188} INFO - [2026-06-13T11:01:57.967+0000] {dagbag.py:545} INFO - Filling up the DagBag from /home/airflow/.local/lib/python3.12/site-packages/airflow/example_dags/example_short_circuit_decorator.py
[2026-06-13T11:01:57.978+0000] {processor.py:840} INFO - DAG(s) 'example_short_circuit_decorator' retrieved from /home/airflow/.local/lib/python3.12/site-packages/airflow/example_dags/example_short_circuit_decorator.py
[2026-06-13T11:01:58.006+0000] {logging_mixin.py:188} INFO - [2026-06-13T11:01:58.006+0000] {dag.py:3096} INFO - Sync 1 DAGs
[2026-06-13T11:01:58.033+0000] {logging_mixin.py:188} INFO - [2026-06-13T11:01:58.032+0000] {dag.py:3954} INFO - Setting next_dagrun for example_short_circuit_decorator to 2026-06-12 00:00:00+00:00, run_after=2026-06-13 00:00:00+00:00
[2026-06-13T11:01:58.060+0000] {processor.py:183} INFO - Processing /home/airflow/.local/lib/python3.12/site-packages/airflow/example_dags/example_short_circuit_decorator.py took 0.104 seconds
[2026-06-13T11:02:28.204+0000] {processor.py:161} INFO - Started process (PID=832) to work on /home/airflow/.local/lib/python3.12/site-packages/airflow/example_dags/example_short_circuit_decorator.py
[2026-06-13T11:02:28.206+0000] {processor.py:830} INFO - Processing file /home/airflow/.local/lib/python3.12/site-packages/airflow/example_dags/example_short_circuit_decorator.py for tasks to queue
[2026-06-13T11:02:28.210+0000] {logging_mixin.py:188} INFO - [2026-06-13T11:02:28.209+0000] {dagbag.py:545} INFO - Filling up the DagBag from /home/airflow/.local/lib/python3.12/site-packages/airflow/example_dags/example_short_circuit_decorator.py
[2026-06-13T11:02:28.220+0000] {processor.py:840} INFO - DAG(s) 'example_short_circuit_decorator' retrieved from /home/airflow/.local/lib/python3.12/site-packages/airflow/example_dags/example_short_circuit_decorator.py
[2026-06-13T11:02:28.249+0000] {logging_mixin.py:188} INFO - [2026-06-13T11:02:28.249+0000] {dag.py:3096} INFO - Sync 1 DAGs
[2026-06-13T11:02:28.274+0000] {logging_mixin.py:188} INFO - [2026-06-13T11:02:28.274+0000] {dag.py:3954} INFO - Setting next_dagrun for example_short_circuit_decorator to 2026-06-12 00:00:00+00:00, run_after=2026-06-13 00:00:00+00:00
[2026-06-13T11:02:28.302+0000] {processor.py:183} INFO - Processing /home/airflow/.local/lib/python3.12/site-packages/airflow/example_dags/example_short_circuit_decorator.py took 0.104 seconds
[2026-06-13T11:02:58.804+0000] {processor.py:161} INFO - Started process (PID=891) to work on /home/airflow/.local/lib/python3.12/site-packages/airflow/example_dags/example_short_circuit_decorator.py
[2026-06-13T11:02:58.806+0000] {processor.py:830} INFO - Processing file /home/airflow/.local/lib/python3.12/site-packages/airflow/example_dags/example_short_circuit_decorator.py for tasks to queue
[2026-06-13T11:02:58.809+0000] {logging_mixin.py:188} INFO - [2026-06-13T11:02:58.808+0000] {dagbag.py:545} INFO - Filling up the DagBag from /home/airflow/.local/lib/python3.12/site-packages/airflow/example_dags/example_short_circuit_decorator.py
[2026-06-13T11:02:58.818+0000] {processor.py:840} INFO - DAG(s) 'example_short_circuit_decorator' retrieved from /home/airflow/.local/lib/python3.12/site-packages/airflow/example_dags/example_short_circuit_decorator.py
[2026-06-13T11:02:58.850+0000] {logging_mixin.py:188} INFO - [2026-06-13T11:02:58.849+0000] {dag.py:3096} INFO - Sync 1 DAGs
[2026-06-13T11:02:58.881+0000] {logging_mixin.py:188} INFO - [2026-06-13T11:02:58.880+0000] {dag.py:3954} INFO - Setting next_dagrun for example_short_circuit_decorator to 2026-06-12 00:00:00+00:00, run_after=2026-06-13 00:00:00+00:00
[2026-06-13T11:02:58.912+0000] {processor.py:183} INFO - Processing /home/airflow/.local/lib/python3.12/site-packages/airflow/example_dags/example_short_circuit_decorator.py took 0.115 seconds
[2026-06-13T11:03:29.212+0000] {processor.py:161} INFO - Started process (PID=950) to work on /home/airflow/.local/lib/python3.12/site-packages/airflow/example_dags/example_short_circuit_decorator.py
[2026-06-13T11:03:29.214+0000] {processor.py:830} INFO - Processing file /home/airflow/.local/lib/python3.12/site-packages/airflow/example_dags/example_short_circuit_decorator.py for tasks to queue
[2026-06-13T11:03:29.217+0000] {logging_mixin.py:188} INFO - [2026-06-13T11:03:29.217+0000] {dagbag.py:545} INFO - Filling up the DagBag from /home/airflow/.local/lib/python3.12/site-packages/airflow/example_dags/example_short_circuit_decorator.py
[2026-06-13T11:03:29.228+0000] {processor.py:840} INFO - DAG(s) 'example_short_circuit_decorator' retrieved from /home/airflow/.local/lib/python3.12/site-packages/airflow/example_dags/example_short_circuit_decorator.py
[2026-06-13T11:03:29.261+0000] {logging_mixin.py:188} INFO - [2026-06-13T11:03:29.260+0000] {dag.py:3096} INFO - Sync 1 DAGs
[2026-06-13T11:03:29.288+0000] {logging_mixin.py:188} INFO - [2026-06-13T11:03:29.288+0000] {dag.py:3954} INFO - Setting next_dagrun for example_short_circuit_decorator to 2026-06-12 00:00:00+00:00, run_after=2026-06-13 00:00:00+00:00
[2026-06-13T11:03:29.318+0000] {processor.py:183} INFO - Processing /home/airflow/.local/lib/python3.12/site-packages/airflow/example_dags/example_short_circuit_decorator.py took 0.113 seconds
[2026-06-13T11:03:59.605+0000] {processor.py:161} INFO - Started process (PID=1015) to work on /home/airflow/.local/lib/python3.12/site-packages/airflow/example_dags/example_short_circuit_decorator.py
[2026-06-13T11:03:59.606+0000] {processor.py:830} INFO - Processing file /home/airflow/.local/lib/python3.12/site-packages/airflow/example_dags/example_short_circuit_decorator.py for tasks to queue
[2026-06-13T11:03:59.610+0000] {logging_mixin.py:188} INFO - [2026-06-13T11:03:59.609+0000] {dagbag.py:545} INFO - Filling up the DagBag from /home/airflow/.local/lib/python3.12/site-packages/airflow/example_dags/example_short_circuit_decorator.py
[2026-06-13T11:03:59.619+0000] {processor.py:840} INFO - DAG(s) 'example_short_circuit_decorator' retrieved from /home/airflow/.local/lib/python3.12/site-packages/airflow/example_dags/example_short_circuit_decorator.py
[2026-06-13T11:03:59.649+0000] {logging_mixin.py:188} INFO - [2026-06-13T11:03:59.649+0000] {dag.py:3096} INFO - Sync 1 DAGs
[2026-06-13T11:03:59.673+0000] {logging_mixin.py:188} INFO - [2026-06-13T11:03:59.673+0000] {dag.py:3954} INFO - Setting next_dagrun for example_short_circuit_decorator to 2026-06-12 00:00:00+00:00, run_after=2026-06-13 00:00:00+00:00
[2026-06-13T11:03:59.702+0000] {processor.py:183} INFO - Processing /home/airflow/.local/lib/python3.12/site-packages/airflow/example_dags/example_short_circuit_decorator.py took 0.103 seconds
[2026-06-13T11:04:29.978+0000] {processor.py:161} INFO - Started process (PID=1074) to work on /home/airflow/.local/lib/python3.12/site-packages/airflow/example_dags/example_short_circuit_decorator.py
[2026-06-13T11:04:29.980+0000] {processor.py:830} INFO - Processing file /home/airflow/.local/lib/python3.12/site-packages/airflow/example_dags/example_short_circuit_decorator.py for tasks to queue
[2026-06-13T11:04:29.983+0000] {logging_mixin.py:188} INFO - [2026-06-13T11:04:29.983+0000] {dagbag.py:545} INFO - Filling up the DagBag from /home/airflow/.local/lib/python3.12/site-packages/airflow/example_dags/example_short_circuit_decorator.py
[2026-06-13T11:04:29.993+0000] {processor.py:840} INFO - DAG(s) 'example_short_circuit_decorator' retrieved from /home/airflow/.local/lib/python3.12/site-packages/airflow/example_dags/example_short_circuit_decorator.py
[2026-06-13T11:04:30.022+0000] {logging_mixin.py:188} INFO - [2026-06-13T11:04:30.022+0000] {dag.py:3096} INFO - Sync 1 DAGs
[2026-06-13T11:04:30.051+0000] {logging_mixin.py:188} INFO - [2026-06-13T11:04:30.050+0000] {dag.py:3954} INFO - Setting next_dagrun for example_short_circuit_decorator to 2026-06-12 00:00:00+00:00, run_after=2026-06-13 00:00:00+00:00
[2026-06-13T11:04:30.082+0000] {processor.py:183} INFO - Processing /home/airflow/.local/lib/python3.12/site-packages/airflow/example_dags/example_short_circuit_decorator.py took 0.109 seconds
[2026-06-13T11:05:00.178+0000] {processor.py:161} INFO - Started process (PID=1133) to work on /home/airflow/.local/lib/python3.12/site-packages/airflow/example_dags/example_short_circuit_decorator.py
[2026-06-13T11:05:00.180+0000] {processor.py:830} INFO - Processing file /home/airflow/.local/lib/python3.12/site-packages/airflow/example_dags/example_short_circuit_decorator.py for tasks to queue
[2026-06-13T11:05:00.184+0000] {logging_mixin.py:188} INFO - [2026-06-13T11:05:00.183+0000] {dagbag.py:545} INFO - Filling up the DagBag from /home/airflow/.local/lib/python3.12/site-packages/airflow/example_dags/example_short_circuit_decorator.py
[2026-06-13T11:05:00.194+0000] {processor.py:840} INFO - DAG(s) 'example_short_circuit_decorator' retrieved from /home/airflow/.local/lib/python3.12/site-packages/airflow/example_dags/example_short_circuit_decorator.py
[2026-06-13T11:05:00.224+0000] {logging_mixin.py:188} INFO - [2026-06-13T11:05:00.223+0000] {dag.py:3096} INFO - Sync 1 DAGs
[2026-06-13T11:05:00.249+0000] {logging_mixin.py:188} INFO - [2026-06-13T11:05:00.249+0000] {dag.py:3954} INFO - Setting next_dagrun for example_short_circuit_decorator to 2026-06-12 00:00:00+00:00, run_after=2026-06-13 00:00:00+00:00
[2026-06-13T11:05:00.276+0000] {processor.py:183} INFO - Processing /home/airflow/.local/lib/python3.12/site-packages/airflow/example_dags/example_short_circuit_decorator.py took 0.105 seconds
[2026-06-13T11:05:30.521+0000] {processor.py:161} INFO - Started process (PID=1193) to work on /home/airflow/.local/lib/python3.12/site-packages/airflow/example_dags/example_short_circuit_decorator.py
[2026-06-13T11:05:30.523+0000] {processor.py:830} INFO - Processing file /home/airflow/.local/lib/python3.12/site-packages/airflow/example_dags/example_short_circuit_decorator.py for tasks to queue
[2026-06-13T11:05:30.526+0000] {logging_mixin.py:188} INFO - [2026-06-13T11:05:30.525+0000] {dagbag.py:545} INFO - Filling up the DagBag from /home/airflow/.local/lib/python3.12/site-packages/airflow/example_dags/example_short_circuit_decorator.py
[2026-06-13T11:05:30.536+0000] {processor.py:840} INFO - DAG(s) 'example_short_circuit_decorator' retrieved from /home/airflow/.local/lib/python3.12/site-packages/airflow/example_dags/example_short_circuit_decorator.py
[2026-06-13T11:05:30.567+0000] {logging_mixin.py:188} INFO - [2026-06-13T11:05:30.567+0000] {dag.py:3096} INFO - Sync 1 DAGs
[2026-06-13T11:05:30.592+0000] {logging_mixin.py:188} INFO - [2026-06-13T11:05:30.591+0000] {dag.py:3954} INFO - Setting next_dagrun for example_short_circuit_decorator to 2026-06-12 00:00:00+00:00, run_after=2026-06-13 00:00:00+00:00
[2026-06-13T11:05:30.615+0000] {processor.py:183} INFO - Processing /home/airflow/.local/lib/python3.12/site-packages/airflow/example_dags/example_short_circuit_decorator.py took 0.100 seconds
[2026-06-13T11:06:01.088+0000] {processor.py:161} INFO - Started process (PID=1252) to work on /home/airflow/.local/lib/python3.12/site-packages/airflow/example_dags/example_short_circuit_decorator.py
[2026-06-13T11:06:01.090+0000] {processor.py:830} INFO - Processing file /home/airflow/.local/lib/python3.12/site-packages/airflow/example_dags/example_short_circuit_decorator.py for tasks to queue
[2026-06-13T11:06:01.094+0000] {logging_mixin.py:188} INFO - [2026-06-13T11:06:01.093+0000] {dagbag.py:545} INFO - Filling up the DagBag from /home/airflow/.local/lib/python3.12/site-packages/airflow/example_dags/example_short_circuit_decorator.py
[2026-06-13T11:06:01.107+0000] {processor.py:840} INFO - DAG(s) 'example_short_circuit_decorator' retrieved from /home/airflow/.local/lib/python3.12/site-packages/airflow/example_dags/example_short_circuit_decorator.py
[2026-06-13T11:06:01.150+0000] {logging_mixin.py:188} INFO - [2026-06-13T11:06:01.149+0000] {dag.py:3096} INFO - Sync 1 DAGs
[2026-06-13T11:06:01.193+0000] {logging_mixin.py:188} INFO - [2026-06-13T11:06:01.193+0000] {dag.py:3954} INFO - Setting next_dagrun for example_short_circuit_decorator to 2026-06-12 00:00:00+00:00, run_after=2026-06-13 00:00:00+00:00
[2026-06-13T11:06:01.228+0000] {processor.py:183} INFO - Processing /home/airflow/.local/lib/python3.12/site-packages/airflow/example_dags/example_short_circuit_decorator.py took 0.147 seconds
[2026-06-13T11:06:31.673+0000] {processor.py:161} INFO - Started process (PID=1311) to work on /home/airflow/.local/lib/python3.12/site-packages/airflow/example_dags/example_short_circuit_decorator.py
[2026-06-13T11:06:31.675+0000] {processor.py:830} INFO - Processing file /home/airflow/.local/lib/python3.12/site-packages/airflow/example_dags/example_short_circuit_decorator.py for tasks to queue
[2026-06-13T11:06:31.678+0000] {logging_mixin.py:188} INFO - [2026-06-13T11:06:31.677+0000] {dagbag.py:545} INFO - Filling up the DagBag from /home/airflow/.local/lib/python3.12/site-packages/airflow/example_dags/example_short_circuit_decorator.py
[2026-06-13T11:06:31.688+0000] {processor.py:840} INFO - DAG(s) 'example_short_circuit_decorator' retrieved from /home/airflow/.local/lib/python3.12/site-packages/airflow/example_dags/example_short_circuit_decorator.py
[2026-06-13T11:06:31.718+0000] {logging_mixin.py:188} INFO - [2026-06-13T11:06:31.718+0000] {dag.py:3096} INFO - Sync 1 DAGs
[2026-06-13T11:06:31.743+0000] {logging_mixin.py:188} INFO - [2026-06-13T11:06:31.743+0000] {dag.py:3954} INFO - Setting next_dagrun for example_short_circuit_decorator to 2026-06-12 00:00:00+00:00, run_after=2026-06-13 00:00:00+00:00
[2026-06-13T11:06:31.768+0000] {processor.py:183} INFO - Processing /home/airflow/.local/lib/python3.12/site-packages/airflow/example_dags/example_short_circuit_decorator.py took 0.101 seconds
[2026-06-13T11:07:02.383+0000] {processor.py:161} INFO - Started process (PID=1370) to work on /home/airflow/.local/lib/python3.12/site-packages/airflow/example_dags/example_short_circuit_decorator.py
[2026-06-13T11:07:02.384+0000] {processor.py:830} INFO - Processing file /home/airflow/.local/lib/python3.12/site-packages/airflow/example_dags/example_short_circuit_decorator.py for tasks to queue
[2026-06-13T11:07:02.387+0000] {logging_mixin.py:188} INFO - [2026-06-13T11:07:02.387+0000] {dagbag.py:545} INFO - Filling up the DagBag from /home/airflow/.local/lib/python3.12/site-packages/airflow/example_dags/example_short_circuit_decorator.py
[2026-06-13T11:07:02.397+0000] {processor.py:840} INFO - DAG(s) 'example_short_circuit_decorator' retrieved from /home/airflow/.local/lib/python3.12/site-packages/airflow/example_dags/example_short_circuit_decorator.py
[2026-06-13T11:07:02.429+0000] {logging_mixin.py:188} INFO - [2026-06-13T11:07:02.428+0000] {dag.py:3096} INFO - Sync 1 DAGs
[2026-06-13T11:07:02.456+0000] {logging_mixin.py:188} INFO - [2026-06-13T11:07:02.455+0000] {dag.py:3954} INFO - Setting next_dagrun for example_short_circuit_decorator to 2026-06-12 00:00:00+00:00, run_after=2026-06-13 00:00:00+00:00
[2026-06-13T11:07:02.485+0000] {processor.py:183} INFO - Processing /home/airflow/.local/lib/python3.12/site-packages/airflow/example_dags/example_short_circuit_decorator.py took 0.107 seconds
[2026-06-13T11:07:32.726+0000] {processor.py:161} INFO - Started process (PID=1429) to work on /home/airflow/.local/lib/python3.12/site-packages/airflow/example_dags/example_short_circuit_decorator.py
[2026-06-13T11:07:32.728+0000] {processor.py:830} INFO - Processing file /home/airflow/.local/lib/python3.12/site-packages/airflow/example_dags/example_short_circuit_decorator.py for tasks to queue
[2026-06-13T11:07:32.731+0000] {logging_mixin.py:188} INFO - [2026-06-13T11:07:32.730+0000] {dagbag.py:545} INFO - Filling up the DagBag from /home/airflow/.local/lib/python3.12/site-packages/airflow/example_dags/example_short_circuit_decorator.py
[2026-06-13T11:07:32.742+0000] {processor.py:840} INFO - DAG(s) 'example_short_circuit_decorator' retrieved from /home/airflow/.local/lib/python3.12/site-packages/airflow/example_dags/example_short_circuit_decorator.py
[2026-06-13T11:07:32.771+0000] {logging_mixin.py:188} INFO - [2026-06-13T11:07:32.771+0000] {dag.py:3096} INFO - Sync 1 DAGs
[2026-06-13T11:07:32.799+0000] {logging_mixin.py:188} INFO - [2026-06-13T11:07:32.799+0000] {dag.py:3954} INFO - Setting next_dagrun for example_short_circuit_decorator to 2026-06-12 00:00:00+00:00, run_after=2026-06-13 00:00:00+00:00
[2026-06-13T11:07:32.826+0000] {processor.py:183} INFO - Processing /home/airflow/.local/lib/python3.12/site-packages/airflow/example_dags/example_short_circuit_decorator.py took 0.108 seconds
[2026-06-13T11:08:02.998+0000] {processor.py:161} INFO - Started process (PID=1488) to work on /home/airflow/.local/lib/python3.12/site-packages/airflow/example_dags/example_short_circuit_decorator.py
[2026-06-13T11:08:03.000+0000] {processor.py:830} INFO - Processing file /home/airflow/.local/lib/python3.12/site-packages/airflow/example_dags/example_short_circuit_decorator.py for tasks to queue
[2026-06-13T11:08:03.003+0000] {logging_mixin.py:188} INFO - [2026-06-13T11:08:03.002+0000] {dagbag.py:545} INFO - Filling up the DagBag from /home/airflow/.local/lib/python3.12/site-packages/airflow/example_dags/example_short_circuit_decorator.py
[2026-06-13T11:08:03.016+0000] {processor.py:840} INFO - DAG(s) 'example_short_circuit_decorator' retrieved from /home/airflow/.local/lib/python3.12/site-packages/airflow/example_dags/example_short_circuit_decorator.py
[2026-06-13T11:08:03.056+0000] {logging_mixin.py:188} INFO - [2026-06-13T11:08:03.056+0000] {dag.py:3096} INFO - Sync 1 DAGs
[2026-06-13T11:08:03.088+0000] {logging_mixin.py:188} INFO - [2026-06-13T11:08:03.088+0000] {dag.py:3954} INFO - Setting next_dagrun for example_short_circuit_decorator to 2026-06-12 00:00:00+00:00, run_after=2026-06-13 00:00:00+00:00
[2026-06-13T11:08:03.116+0000] {processor.py:183} INFO - Processing /home/airflow/.local/lib/python3.12/site-packages/airflow/example_dags/example_short_circuit_decorator.py took 0.125 seconds
[2026-06-13T11:09:16.412+0000] {processor.py:161} INFO - Started process (PID=66) to work on /home/airflow/.local/lib/python3.12/site-packages/airflow/example_dags/example_short_circuit_decorator.py
[2026-06-13T11:09:16.414+0000] {processor.py:830} INFO - Processing file /home/airflow/.local/lib/python3.12/site-packages/airflow/example_dags/example_short_circuit_decorator.py for tasks to queue
[2026-06-13T11:09:16.418+0000] {logging_mixin.py:188} INFO - [2026-06-13T11:09:16.417+0000] {dagbag.py:545} INFO - Filling up the DagBag from /home/airflow/.local/lib/python3.12/site-packages/airflow/example_dags/example_short_circuit_decorator.py
[2026-06-13T11:09:16.432+0000] {processor.py:840} INFO - DAG(s) 'example_short_circuit_decorator' retrieved from /home/airflow/.local/lib/python3.12/site-packages/airflow/example_dags/example_short_circuit_decorator.py
[2026-06-13T11:09:16.685+0000] {logging_mixin.py:188} INFO - [2026-06-13T11:09:16.684+0000] {dag.py:3096} INFO - Sync 1 DAGs
[2026-06-13T11:09:16.737+0000] {logging_mixin.py:188} INFO - [2026-06-13T11:09:16.737+0000] {dag.py:3954} INFO - Setting next_dagrun for example_short_circuit_decorator to 2026-06-12 00:00:00+00:00, run_after=2026-06-13 00:00:00+00:00
[2026-06-13T11:09:16.788+0000] {processor.py:183} INFO - Processing /home/airflow/.local/lib/python3.12/site-packages/airflow/example_dags/example_short_circuit_decorator.py took 0.383 seconds
[2026-06-13T11:09:47.045+0000] {processor.py:161} INFO - Started process (PID=125) to work on /home/airflow/.local/lib/python3.12/site-packages/airflow/example_dags/example_short_circuit_decorator.py
[2026-06-13T11:09:47.047+0000] {processor.py:830} INFO - Processing file /home/airflow/.local/lib/python3.12/site-packages/airflow/example_dags/example_short_circuit_decorator.py for tasks to queue
[2026-06-13T11:09:47.049+0000] {logging_mixin.py:188} INFO - [2026-06-13T11:09:47.049+0000] {dagbag.py:545} INFO - Filling up the DagBag from /home/airflow/.local/lib/python3.12/site-packages/airflow/example_dags/example_short_circuit_decorator.py
[2026-06-13T11:09:47.059+0000] {processor.py:840} INFO - DAG(s) 'example_short_circuit_decorator' retrieved from /home/airflow/.local/lib/python3.12/site-packages/airflow/example_dags/example_short_circuit_decorator.py
[2026-06-13T11:09:47.098+0000] {logging_mixin.py:188} INFO - [2026-06-13T11:09:47.097+0000] {dag.py:3096} INFO - Sync 1 DAGs
[2026-06-13T11:09:47.135+0000] {logging_mixin.py:188} INFO - [2026-06-13T11:09:47.134+0000] {dag.py:3954} INFO - Setting next_dagrun for example_short_circuit_decorator to 2026-06-12 00:00:00+00:00, run_after=2026-06-13 00:00:00+00:00
[2026-06-13T11:09:47.168+0000] {processor.py:183} INFO - Processing /home/airflow/.local/lib/python3.12/site-packages/airflow/example_dags/example_short_circuit_decorator.py took 0.129 seconds
[2026-06-13T11:10:17.619+0000] {processor.py:161} INFO - Started process (PID=184) to work on /home/airflow/.local/lib/python3.12/site-packages/airflow/example_dags/example_short_circuit_decorator.py
[2026-06-13T11:10:17.621+0000] {processor.py:830} INFO - Processing file /home/airflow/.local/lib/python3.12/site-packages/airflow/example_dags/example_short_circuit_decorator.py for tasks to queue
[2026-06-13T11:10:17.625+0000] {logging_mixin.py:188} INFO - [2026-06-13T11:10:17.624+0000] {dagbag.py:545} INFO - Filling up the DagBag from /home/airflow/.local/lib/python3.12/site-packages/airflow/example_dags/example_short_circuit_decorator.py
[2026-06-13T11:10:17.634+0000] {processor.py:840} INFO - DAG(s) 'example_short_circuit_decorator' retrieved from /home/airflow/.local/lib/python3.12/site-packages/airflow/example_dags/example_short_circuit_decorator.py
[2026-06-13T11:10:17.664+0000] {logging_mixin.py:188} INFO - [2026-06-13T11:10:17.663+0000] {dag.py:3096} INFO - Sync 1 DAGs
[2026-06-13T11:10:17.688+0000] {logging_mixin.py:188} INFO - [2026-06-13T11:10:17.688+0000] {dag.py:3954} INFO - Setting next_dagrun for example_short_circuit_decorator to 2026-06-12 00:00:00+00:00, run_after=2026-06-13 00:00:00+00:00
[2026-06-13T11:10:17.722+0000] {processor.py:183} INFO - Processing /home/airflow/.local/lib/python3.12/site-packages/airflow/example_dags/example_short_circuit_decorator.py took 0.109 seconds
[2026-06-13T11:10:48.217+0000] {processor.py:161} INFO - Started process (PID=243) to work on /home/airflow/.local/lib/python3.12/site-packages/airflow/example_dags/example_short_circuit_decorator.py
[2026-06-13T11:10:48.219+0000] {processor.py:830} INFO - Processing file /home/airflow/.local/lib/python3.12/site-packages/airflow/example_dags/example_short_circuit_decorator.py for tasks to queue
[2026-06-13T11:10:48.221+0000] {logging_mixin.py:188} INFO - [2026-06-13T11:10:48.220+0000] {dagbag.py:545} INFO - Filling up the DagBag from /home/airflow/.local/lib/python3.12/site-packages/airflow/example_dags/example_short_circuit_decorator.py
[2026-06-13T11:10:48.231+0000] {processor.py:840} INFO - DAG(s) 'example_short_circuit_decorator' retrieved from /home/airflow/.local/lib/python3.12/site-packages/airflow/example_dags/example_short_circuit_decorator.py
[2026-06-13T11:10:48.270+0000] {logging_mixin.py:188} INFO - [2026-06-13T11:10:48.270+0000] {dag.py:3096} INFO - Sync 1 DAGs
[2026-06-13T11:10:48.299+0000] {logging_mixin.py:188} INFO - [2026-06-13T11:10:48.299+0000] {dag.py:3954} INFO - Setting next_dagrun for example_short_circuit_decorator to 2026-06-12 00:00:00+00:00, run_after=2026-06-13 00:00:00+00:00
[2026-06-13T11:10:48.328+0000] {processor.py:183} INFO - Processing /home/airflow/.local/lib/python3.12/site-packages/airflow/example_dags/example_short_circuit_decorator.py took 0.117 seconds
[2026-06-13T11:11:19.164+0000] {processor.py:161} INFO - Started process (PID=302) to work on /home/airflow/.local/lib/python3.12/site-packages/airflow/example_dags/example_short_circuit_decorator.py
[2026-06-13T11:11:19.167+0000] {processor.py:830} INFO - Processing file /home/airflow/.local/lib/python3.12/site-packages/airflow/example_dags/example_short_circuit_decorator.py for tasks to queue
[2026-06-13T11:11:19.170+0000] {logging_mixin.py:188} INFO - [2026-06-13T11:11:19.169+0000] {dagbag.py:545} INFO - Filling up the DagBag from /home/airflow/.local/lib/python3.12/site-packages/airflow/example_dags/example_short_circuit_decorator.py
[2026-06-13T11:11:19.180+0000] {processor.py:840} INFO - DAG(s) 'example_short_circuit_decorator' retrieved from /home/airflow/.local/lib/python3.12/site-packages/airflow/example_dags/example_short_circuit_decorator.py
[2026-06-13T11:11:19.211+0000] {logging_mixin.py:188} INFO - [2026-06-13T11:11:19.211+0000] {dag.py:3096} INFO - Sync 1 DAGs
[2026-06-13T11:11:19.241+0000] {logging_mixin.py:188} INFO - [2026-06-13T11:11:19.241+0000] {dag.py:3954} INFO - Setting next_dagrun for example_short_circuit_decorator to 2026-06-12 00:00:00+00:00, run_after=2026-06-13 00:00:00+00:00
[2026-06-13T11:11:19.279+0000] {processor.py:183} INFO - Processing /home/airflow/.local/lib/python3.12/site-packages/airflow/example_dags/example_short_circuit_decorator.py took 0.120 seconds
[2026-06-13T11:11:49.619+0000] {processor.py:161} INFO - Started process (PID=367) to work on /home/airflow/.local/lib/python3.12/site-packages/airflow/example_dags/example_short_circuit_decorator.py
[2026-06-13T11:11:49.620+0000] {processor.py:830} INFO - Processing file /home/airflow/.local/lib/python3.12/site-packages/airflow/example_dags/example_short_circuit_decorator.py for tasks to queue
[2026-06-13T11:11:49.623+0000] {logging_mixin.py:188} INFO - [2026-06-13T11:11:49.622+0000] {dagbag.py:545} INFO - Filling up the DagBag from /home/airflow/.local/lib/python3.12/site-packages/airflow/example_dags/example_short_circuit_decorator.py
[2026-06-13T11:11:49.633+0000] {processor.py:840} INFO - DAG(s) 'example_short_circuit_decorator' retrieved from /home/airflow/.local/lib/python3.12/site-packages/airflow/example_dags/example_short_circuit_decorator.py
[2026-06-13T11:11:49.663+0000] {logging_mixin.py:188} INFO - [2026-06-13T11:11:49.663+0000] {dag.py:3096} INFO - Sync 1 DAGs
[2026-06-13T11:11:49.690+0000] {logging_mixin.py:188} INFO - [2026-06-13T11:11:49.690+0000] {dag.py:3954} INFO - Setting next_dagrun for example_short_circuit_decorator to 2026-06-12 00:00:00+00:00, run_after=2026-06-13 00:00:00+00:00
[2026-06-13T11:11:49.727+0000] {processor.py:183} INFO - Processing /home/airflow/.local/lib/python3.12/site-packages/airflow/example_dags/example_short_circuit_decorator.py took 0.113 seconds
[2026-06-13T11:12:19.860+0000] {processor.py:161} INFO - Started process (PID=425) to work on /home/airflow/.local/lib/python3.12/site-packages/airflow/example_dags/example_short_circuit_decorator.py
[2026-06-13T11:12:19.861+0000] {processor.py:830} INFO - Processing file /home/airflow/.local/lib/python3.12/site-packages/airflow/example_dags/example_short_circuit_decorator.py for tasks to queue
[2026-06-13T11:12:19.865+0000] {logging_mixin.py:188} INFO - [2026-06-13T11:12:19.864+0000] {dagbag.py:545} INFO - Filling up the DagBag from /home/airflow/.local/lib/python3.12/site-packages/airflow/example_dags/example_short_circuit_decorator.py
[2026-06-13T11:12:19.874+0000] {processor.py:840} INFO - DAG(s) 'example_short_circuit_decorator' retrieved from /home/airflow/.local/lib/python3.12/site-packages/airflow/example_dags/example_short_circuit_decorator.py
[2026-06-13T11:12:19.907+0000] {logging_mixin.py:188} INFO - [2026-06-13T11:12:19.906+0000] {dag.py:3096} INFO - Sync 1 DAGs
[2026-06-13T11:12:19.932+0000] {logging_mixin.py:188} INFO - [2026-06-13T11:12:19.932+0000] {dag.py:3954} INFO - Setting next_dagrun for example_short_circuit_decorator to 2026-06-12 00:00:00+00:00, run_after=2026-06-13 00:00:00+00:00
[2026-06-13T11:12:19.966+0000] {processor.py:183} INFO - Processing /home/airflow/.local/lib/python3.12/site-packages/airflow/example_dags/example_short_circuit_decorator.py took 0.113 seconds
[2026-06-13T11:12:50.085+0000] {processor.py:161} INFO - Started process (PID=484) to work on /home/airflow/.local/lib/python3.12/site-packages/airflow/example_dags/example_short_circuit_decorator.py
[2026-06-13T11:12:50.087+0000] {processor.py:830} INFO - Processing file /home/airflow/.local/lib/python3.12/site-packages/airflow/example_dags/example_short_circuit_decorator.py for tasks to queue
[2026-06-13T11:12:50.090+0000] {logging_mixin.py:188} INFO - [2026-06-13T11:12:50.089+0000] {dagbag.py:545} INFO - Filling up the DagBag from /home/airflow/.local/lib/python3.12/site-packages/airflow/example_dags/example_short_circuit_decorator.py
[2026-06-13T11:12:50.100+0000] {processor.py:840} INFO - DAG(s) 'example_short_circuit_decorator' retrieved from /home/airflow/.local/lib/python3.12/site-packages/airflow/example_dags/example_short_circuit_decorator.py
[2026-06-13T11:12:50.129+0000] {logging_mixin.py:188} INFO - [2026-06-13T11:12:50.129+0000] {dag.py:3096} INFO - Sync 1 DAGs
[2026-06-13T11:12:50.157+0000] {logging_mixin.py:188} INFO - [2026-06-13T11:12:50.157+0000] {dag.py:3954} INFO - Setting next_dagrun for example_short_circuit_decorator to 2026-06-12 00:00:00+00:00, run_after=2026-06-13 00:00:00+00:00
[2026-06-13T11:12:50.191+0000] {processor.py:183} INFO - Processing /home/airflow/.local/lib/python3.12/site-packages/airflow/example_dags/example_short_circuit_decorator.py took 0.112 seconds
[2026-06-13T11:13:20.489+0000] {processor.py:161} INFO - Started process (PID=543) to work on /home/airflow/.local/lib/python3.12/site-packages/airflow/example_dags/example_short_circuit_decorator.py
[2026-06-13T11:13:20.491+0000] {processor.py:830} INFO - Processing file /home/airflow/.local/lib/python3.12/site-packages/airflow/example_dags/example_short_circuit_decorator.py for tasks to queue
[2026-06-13T11:13:20.495+0000] {logging_mixin.py:188} INFO - [2026-06-13T11:13:20.494+0000] {dagbag.py:545} INFO - Filling up the DagBag from /home/airflow/.local/lib/python3.12/site-packages/airflow/example_dags/example_short_circuit_decorator.py
[2026-06-13T11:13:20.503+0000] {processor.py:840} INFO - DAG(s) 'example_short_circuit_decorator' retrieved from /home/airflow/.local/lib/python3.12/site-packages/airflow/example_dags/example_short_circuit_decorator.py
[2026-06-13T11:13:20.534+0000] {logging_mixin.py:188} INFO - [2026-06-13T11:13:20.533+0000] {dag.py:3096} INFO - Sync 1 DAGs
[2026-06-13T11:13:20.560+0000] {logging_mixin.py:188} INFO - [2026-06-13T11:13:20.560+0000] {dag.py:3954} INFO - Setting next_dagrun for example_short_circuit_decorator to 2026-06-12 00:00:00+00:00, run_after=2026-06-13 00:00:00+00:00
[2026-06-13T11:13:20.593+0000] {processor.py:183} INFO - Processing /home/airflow/.local/lib/python3.12/site-packages/airflow/example_dags/example_short_circuit_decorator.py took 0.109 seconds
[2026-06-13T11:13:50.823+0000] {processor.py:161} INFO - Started process (PID=602) to work on /home/airflow/.local/lib/python3.12/site-packages/airflow/example_dags/example_short_circuit_decorator.py
[2026-06-13T11:13:50.825+0000] {processor.py:830} INFO - Processing file /home/airflow/.local/lib/python3.12/site-packages/airflow/example_dags/example_short_circuit_decorator.py for tasks to queue
[2026-06-13T11:13:50.829+0000] {logging_mixin.py:188} INFO - [2026-06-13T11:13:50.828+0000] {dagbag.py:545} INFO - Filling up the DagBag from /home/airflow/.local/lib/python3.12/site-packages/airflow/example_dags/example_short_circuit_decorator.py
[2026-06-13T11:13:50.838+0000] {processor.py:840} INFO - DAG(s) 'example_short_circuit_decorator' retrieved from /home/airflow/.local/lib/python3.12/site-packages/airflow/example_dags/example_short_circuit_decorator.py
[2026-06-13T11:13:50.868+0000] {logging_mixin.py:188} INFO - [2026-06-13T11:13:50.868+0000] {dag.py:3096} INFO - Sync 1 DAGs
[2026-06-13T11:13:50.896+0000] {logging_mixin.py:188} INFO - [2026-06-13T11:13:50.896+0000] {dag.py:3954} INFO - Setting next_dagrun for example_short_circuit_decorator to 2026-06-12 00:00:00+00:00, run_after=2026-06-13 00:00:00+00:00
[2026-06-13T11:13:50.924+0000] {processor.py:183} INFO - Processing /home/airflow/.local/lib/python3.12/site-packages/airflow/example_dags/example_short_circuit_decorator.py took 0.106 seconds
[2026-06-13T11:14:21.332+0000] {processor.py:161} INFO - Started process (PID=661) to work on /home/airflow/.local/lib/python3.12/site-packages/airflow/example_dags/example_short_circuit_decorator.py
[2026-06-13T11:14:21.334+0000] {processor.py:830} INFO - Processing file /home/airflow/.local/lib/python3.12/site-packages/airflow/example_dags/example_short_circuit_decorator.py for tasks to queue
[2026-06-13T11:14:21.337+0000] {logging_mixin.py:188} INFO - [2026-06-13T11:14:21.337+0000] {dagbag.py:545} INFO - Filling up the DagBag from /home/airflow/.local/lib/python3.12/site-packages/airflow/example_dags/example_short_circuit_decorator.py
[2026-06-13T11:14:21.346+0000] {processor.py:840} INFO - DAG(s) 'example_short_circuit_decorator' retrieved from /home/airflow/.local/lib/python3.12/site-packages/airflow/example_dags/example_short_circuit_decorator.py
[2026-06-13T11:14:21.374+0000] {logging_mixin.py:188} INFO - [2026-06-13T11:14:21.374+0000] {dag.py:3096} INFO - Sync 1 DAGs
[2026-06-13T11:14:21.400+0000] {logging_mixin.py:188} INFO - [2026-06-13T11:14:21.400+0000] {dag.py:3954} INFO - Setting next_dagrun for example_short_circuit_decorator to 2026-06-12 00:00:00+00:00, run_after=2026-06-13 00:00:00+00:00
[2026-06-13T11:14:21.435+0000] {processor.py:183} INFO - Processing /home/airflow/.local/lib/python3.12/site-packages/airflow/example_dags/example_short_circuit_decorator.py took 0.108 seconds
[2026-06-13T11:14:51.764+0000] {processor.py:161} INFO - Started process (PID=720) to work on /home/airflow/.local/lib/python3.12/site-packages/airflow/example_dags/example_short_circuit_decorator.py
[2026-06-13T11:14:51.767+0000] {processor.py:830} INFO - Processing file /home/airflow/.local/lib/python3.12/site-packages/airflow/example_dags/example_short_circuit_decorator.py for tasks to queue
[2026-06-13T11:14:51.770+0000] {logging_mixin.py:188} INFO - [2026-06-13T11:14:51.770+0000] {dagbag.py:545} INFO - Filling up the DagBag from /home/airflow/.local/lib/python3.12/site-packages/airflow/example_dags/example_short_circuit_decorator.py
[2026-06-13T11:14:51.780+0000] {processor.py:840} INFO - DAG(s) 'example_short_circuit_decorator' retrieved from /home/airflow/.local/lib/python3.12/site-packages/airflow/example_dags/example_short_circuit_decorator.py
[2026-06-13T11:14:51.812+0000] {logging_mixin.py:188} INFO - [2026-06-13T11:14:51.812+0000] {dag.py:3096} INFO - Sync 1 DAGs
[2026-06-13T11:14:51.838+0000] {logging_mixin.py:188} INFO - [2026-06-13T11:14:51.838+0000] {dag.py:3954} INFO - Setting next_dagrun for example_short_circuit_decorator to 2026-06-12 00:00:00+00:00, run_after=2026-06-13 00:00:00+00:00
[2026-06-13T11:14:51.874+0000] {processor.py:183} INFO - Processing /home/airflow/.local/lib/python3.12/site-packages/airflow/example_dags/example_short_circuit_decorator.py took 0.116 seconds
[2026-06-13T11:15:21.983+0000] {processor.py:161} INFO - Started process (PID=779) to work on /home/airflow/.local/lib/python3.12/site-packages/airflow/example_dags/example_short_circuit_decorator.py
[2026-06-13T11:15:21.985+0000] {processor.py:830} INFO - Processing file /home/airflow/.local/lib/python3.12/site-packages/airflow/example_dags/example_short_circuit_decorator.py for tasks to queue
[2026-06-13T11:15:21.988+0000] {logging_mixin.py:188} INFO - [2026-06-13T11:15:21.988+0000] {dagbag.py:545} INFO - Filling up the DagBag from /home/airflow/.local/lib/python3.12/site-packages/airflow/example_dags/example_short_circuit_decorator.py
[2026-06-13T11:15:22.002+0000] {processor.py:840} INFO - DAG(s) 'example_short_circuit_decorator' retrieved from /home/airflow/.local/lib/python3.12/site-packages/airflow/example_dags/example_short_circuit_decorator.py
[2026-06-13T11:15:22.044+0000] {logging_mixin.py:188} INFO - [2026-06-13T11:15:22.043+0000] {dag.py:3096} INFO - Sync 1 DAGs
[2026-06-13T11:15:22.070+0000] {logging_mixin.py:188} INFO - [2026-06-13T11:15:22.070+0000] {dag.py:3954} INFO - Setting next_dagrun for example_short_circuit_decorator to 2026-06-12 00:00:00+00:00, run_after=2026-06-13 00:00:00+00:00
[2026-06-13T11:15:22.096+0000] {processor.py:183} INFO - Processing /home/airflow/.local/lib/python3.12/site-packages/airflow/example_dags/example_short_circuit_decorator.py took 0.123 seconds
[2026-06-13T11:15:52.574+0000] {processor.py:161} INFO - Started process (PID=838) to work on /home/airflow/.local/lib/python3.12/site-packages/airflow/example_dags/example_short_circuit_decorator.py
[2026-06-13T11:15:52.576+0000] {processor.py:830} INFO - Processing file /home/airflow/.local/lib/python3.12/site-packages/airflow/example_dags/example_short_circuit_decorator.py for tasks to queue
[2026-06-13T11:15:52.579+0000] {logging_mixin.py:188} INFO - [2026-06-13T11:15:52.578+0000] {dagbag.py:545} INFO - Filling up the DagBag from /home/airflow/.local/lib/python3.12/site-packages/airflow/example_dags/example_short_circuit_decorator.py
[2026-06-13T11:15:52.588+0000] {processor.py:840} INFO - DAG(s) 'example_short_circuit_decorator' retrieved from /home/airflow/.local/lib/python3.12/site-packages/airflow/example_dags/example_short_circuit_decorator.py
[2026-06-13T11:15:52.621+0000] {logging_mixin.py:188} INFO - [2026-06-13T11:15:52.621+0000] {dag.py:3096} INFO - Sync 1 DAGs
[2026-06-13T11:15:52.649+0000] {logging_mixin.py:188} INFO - [2026-06-13T11:15:52.649+0000] {dag.py:3954} INFO - Setting next_dagrun for example_short_circuit_decorator to 2026-06-12 00:00:00+00:00, run_after=2026-06-13 00:00:00+00:00
[2026-06-13T11:15:52.687+0000] {processor.py:183} INFO - Processing /home/airflow/.local/lib/python3.12/site-packages/airflow/example_dags/example_short_circuit_decorator.py took 0.119 seconds
[2026-06-13T11:16:22.783+0000] {processor.py:161} INFO - Started process (PID=897) to work on /home/airflow/.local/lib/python3.12/site-packages/airflow/example_dags/example_short_circuit_decorator.py
[2026-06-13T11:16:22.785+0000] {processor.py:830} INFO - Processing file /home/airflow/.local/lib/python3.12/site-packages/airflow/example_dags/example_short_circuit_decorator.py for tasks to queue
[2026-06-13T11:16:22.788+0000] {logging_mixin.py:188} INFO - [2026-06-13T11:16:22.787+0000] {dagbag.py:545} INFO - Filling up the DagBag from /home/airflow/.local/lib/python3.12/site-packages/airflow/example_dags/example_short_circuit_decorator.py
[2026-06-13T11:16:22.797+0000] {processor.py:840} INFO - DAG(s) 'example_short_circuit_decorator' retrieved from /home/airflow/.local/lib/python3.12/site-packages/airflow/example_dags/example_short_circuit_decorator.py
[2026-06-13T11:16:22.827+0000] {logging_mixin.py:188} INFO - [2026-06-13T11:16:22.826+0000] {dag.py:3096} INFO - Sync 1 DAGs
[2026-06-13T11:16:22.852+0000] {logging_mixin.py:188} INFO - [2026-06-13T11:16:22.852+0000] {dag.py:3954} INFO - Setting next_dagrun for example_short_circuit_decorator to 2026-06-12 00:00:00+00:00, run_after=2026-06-13 00:00:00+00:00
[2026-06-13T11:16:22.881+0000] {processor.py:183} INFO - Processing /home/airflow/.local/lib/python3.12/site-packages/airflow/example_dags/example_short_circuit_decorator.py took 0.105 seconds
[2026-06-13T11:16:52.995+0000] {processor.py:161} INFO - Started process (PID=957) to work on /home/airflow/.local/lib/python3.12/site-packages/airflow/example_dags/example_short_circuit_decorator.py
[2026-06-13T11:16:52.997+0000] {processor.py:830} INFO - Processing file /home/airflow/.local/lib/python3.12/site-packages/airflow/example_dags/example_short_circuit_decorator.py for tasks to queue
[2026-06-13T11:16:53.000+0000] {logging_mixin.py:188} INFO - [2026-06-13T11:16:52.999+0000] {dagbag.py:545} INFO - Filling up the DagBag from /home/airflow/.local/lib/python3.12/site-packages/airflow/example_dags/example_short_circuit_decorator.py
[2026-06-13T11:16:53.009+0000] {processor.py:840} INFO - DAG(s) 'example_short_circuit_decorator' retrieved from /home/airflow/.local/lib/python3.12/site-packages/airflow/example_dags/example_short_circuit_decorator.py
[2026-06-13T11:16:53.042+0000] {logging_mixin.py:188} INFO - [2026-06-13T11:16:53.042+0000] {dag.py:3096} INFO - Sync 1 DAGs
[2026-06-13T11:16:53.069+0000] {logging_mixin.py:188} INFO - [2026-06-13T11:16:53.069+0000] {dag.py:3954} INFO - Setting next_dagrun for example_short_circuit_decorator to 2026-06-12 00:00:00+00:00, run_after=2026-06-13 00:00:00+00:00
[2026-06-13T11:16:53.098+0000] {processor.py:183} INFO - Processing /home/airflow/.local/lib/python3.12/site-packages/airflow/example_dags/example_short_circuit_decorator.py took 0.110 seconds
[2026-06-13T11:17:23.556+0000] {processor.py:161} INFO - Started process (PID=1016) to work on /home/airflow/.local/lib/python3.12/site-packages/airflow/example_dags/example_short_circuit_decorator.py
[2026-06-13T11:17:23.558+0000] {processor.py:830} INFO - Processing file /home/airflow/.local/lib/python3.12/site-packages/airflow/example_dags/example_short_circuit_decorator.py for tasks to queue
[2026-06-13T11:17:23.561+0000] {logging_mixin.py:188} INFO - [2026-06-13T11:17:23.561+0000] {dagbag.py:545} INFO - Filling up the DagBag from /home/airflow/.local/lib/python3.12/site-packages/airflow/example_dags/example_short_circuit_decorator.py
[2026-06-13T11:17:23.570+0000] {processor.py:840} INFO - DAG(s) 'example_short_circuit_decorator' retrieved from /home/airflow/.local/lib/python3.12/site-packages/airflow/example_dags/example_short_circuit_decorator.py
[2026-06-13T11:17:23.599+0000] {logging_mixin.py:188} INFO - [2026-06-13T11:17:23.599+0000] {dag.py:3096} INFO - Sync 1 DAGs
[2026-06-13T11:17:23.622+0000] {logging_mixin.py:188} INFO - [2026-06-13T11:17:23.622+0000] {dag.py:3954} INFO - Setting next_dagrun for example_short_circuit_decorator to 2026-06-12 00:00:00+00:00, run_after=2026-06-13 00:00:00+00:00
[2026-06-13T11:17:23.647+0000] {processor.py:183} INFO - Processing /home/airflow/.local/lib/python3.12/site-packages/airflow/example_dags/example_short_circuit_decorator.py took 0.097 seconds
[2026-06-13T11:17:53.974+0000] {processor.py:161} INFO - Started process (PID=1075) to work on /home/airflow/.local/lib/python3.12/site-packages/airflow/example_dags/example_short_circuit_decorator.py
[2026-06-13T11:17:53.976+0000] {processor.py:830} INFO - Processing file /home/airflow/.local/lib/python3.12/site-packages/airflow/example_dags/example_short_circuit_decorator.py for tasks to queue
[2026-06-13T11:17:53.980+0000] {logging_mixin.py:188} INFO - [2026-06-13T11:17:53.979+0000] {dagbag.py:545} INFO - Filling up the DagBag from /home/airflow/.local/lib/python3.12/site-packages/airflow/example_dags/example_short_circuit_decorator.py
[2026-06-13T11:17:53.992+0000] {processor.py:840} INFO - DAG(s) 'example_short_circuit_decorator' retrieved from /home/airflow/.local/lib/python3.12/site-packages/airflow/example_dags/example_short_circuit_decorator.py
[2026-06-13T11:17:54.027+0000] {logging_mixin.py:188} INFO - [2026-06-13T11:17:54.027+0000] {dag.py:3096} INFO - Sync 1 DAGs
[2026-06-13T11:17:54.057+0000] {logging_mixin.py:188} INFO - [2026-06-13T11:17:54.057+0000] {dag.py:3954} INFO - Setting next_dagrun for example_short_circuit_decorator to 2026-06-12 00:00:00+00:00, run_after=2026-06-13 00:00:00+00:00
[2026-06-13T11:17:54.090+0000] {processor.py:183} INFO - Processing /home/airflow/.local/lib/python3.12/site-packages/airflow/example_dags/example_short_circuit_decorator.py took 0.124 seconds
[2026-06-13T11:18:24.841+0000] {processor.py:161} INFO - Started process (PID=1134) to work on /home/airflow/.local/lib/python3.12/site-packages/airflow/example_dags/example_short_circuit_decorator.py
[2026-06-13T11:18:24.842+0000] {processor.py:830} INFO - Processing file /home/airflow/.local/lib/python3.12/site-packages/airflow/example_dags/example_short_circuit_decorator.py for tasks to queue
[2026-06-13T11:18:24.845+0000] {logging_mixin.py:188} INFO - [2026-06-13T11:18:24.845+0000] {dagbag.py:545} INFO - Filling up the DagBag from /home/airflow/.local/lib/python3.12/site-packages/airflow/example_dags/example_short_circuit_decorator.py
[2026-06-13T11:18:24.855+0000] {processor.py:840} INFO - DAG(s) 'example_short_circuit_decorator' retrieved from /home/airflow/.local/lib/python3.12/site-packages/airflow/example_dags/example_short_circuit_decorator.py
[2026-06-13T11:18:24.885+0000] {logging_mixin.py:188} INFO - [2026-06-13T11:18:24.884+0000] {dag.py:3096} INFO - Sync 1 DAGs
[2026-06-13T11:18:24.909+0000] {logging_mixin.py:188} INFO - [2026-06-13T11:18:24.909+0000] {dag.py:3954} INFO - Setting next_dagrun for example_short_circuit_decorator to 2026-06-12 00:00:00+00:00, run_after=2026-06-13 00:00:00+00:00
[2026-06-13T11:18:24.936+0000] {processor.py:183} INFO - Processing /home/airflow/.local/lib/python3.12/site-packages/airflow/example_dags/example_short_circuit_decorator.py took 0.101 seconds
[2026-06-13T11:48:51.882+0000] {processor.py:161} INFO - Started process (PID=1194) to work on /home/airflow/.local/lib/python3.12/site-packages/airflow/example_dags/example_short_circuit_decorator.py
[2026-06-13T11:48:51.884+0000] {processor.py:830} INFO - Processing file /home/airflow/.local/lib/python3.12/site-packages/airflow/example_dags/example_short_circuit_decorator.py for tasks to queue
[2026-06-13T11:48:51.888+0000] {logging_mixin.py:188} INFO - [2026-06-13T11:48:51.887+0000] {dagbag.py:545} INFO - Filling up the DagBag from /home/airflow/.local/lib/python3.12/site-packages/airflow/example_dags/example_short_circuit_decorator.py
[2026-06-13T11:48:51.904+0000] {processor.py:840} INFO - DAG(s) 'example_short_circuit_decorator' retrieved from /home/airflow/.local/lib/python3.12/site-packages/airflow/example_dags/example_short_circuit_decorator.py
[2026-06-13T11:48:51.960+0000] {logging_mixin.py:188} INFO - [2026-06-13T11:48:51.959+0000] {dag.py:3096} INFO - Sync 1 DAGs
[2026-06-13T11:48:52.008+0000] {logging_mixin.py:188} INFO - [2026-06-13T11:48:52.008+0000] {dag.py:3954} INFO - Setting next_dagrun for example_short_circuit_decorator to 2026-06-12 00:00:00+00:00, run_after=2026-06-13 00:00:00+00:00
[2026-06-13T11:48:52.055+0000] {processor.py:183} INFO - Processing /home/airflow/.local/lib/python3.12/site-packages/airflow/example_dags/example_short_circuit_decorator.py took 0.187 seconds
[2026-06-13T11:49:22.858+0000] {processor.py:161} INFO - Started process (PID=1253) to work on /home/airflow/.local/lib/python3.12/site-packages/airflow/example_dags/example_short_circuit_decorator.py
[2026-06-13T11:49:22.860+0000] {processor.py:830} INFO - Processing file /home/airflow/.local/lib/python3.12/site-packages/airflow/example_dags/example_short_circuit_decorator.py for tasks to queue
[2026-06-13T11:49:22.864+0000] {logging_mixin.py:188} INFO - [2026-06-13T11:49:22.863+0000] {dagbag.py:545} INFO - Filling up the DagBag from /home/airflow/.local/lib/python3.12/site-packages/airflow/example_dags/example_short_circuit_decorator.py
[2026-06-13T11:49:22.873+0000] {processor.py:840} INFO - DAG(s) 'example_short_circuit_decorator' retrieved from /home/airflow/.local/lib/python3.12/site-packages/airflow/example_dags/example_short_circuit_decorator.py
[2026-06-13T11:49:22.903+0000] {logging_mixin.py:188} INFO - [2026-06-13T11:49:22.903+0000] {dag.py:3096} INFO - Sync 1 DAGs
[2026-06-13T11:49:22.928+0000] {logging_mixin.py:188} INFO - [2026-06-13T11:49:22.928+0000] {dag.py:3954} INFO - Setting next_dagrun for example_short_circuit_decorator to 2026-06-12 00:00:00+00:00, run_after=2026-06-13 00:00:00+00:00
[2026-06-13T11:49:22.956+0000] {processor.py:183} INFO - Processing /home/airflow/.local/lib/python3.12/site-packages/airflow/example_dags/example_short_circuit_decorator.py took 0.103 seconds
[2026-06-13T11:49:53.391+0000] {processor.py:161} INFO - Started process (PID=1312) to work on /home/airflow/.local/lib/python3.12/site-packages/airflow/example_dags/example_short_circuit_decorator.py
[2026-06-13T11:49:53.392+0000] {processor.py:830} INFO - Processing file /home/airflow/.local/lib/python3.12/site-packages/airflow/example_dags/example_short_circuit_decorator.py for tasks to queue
[2026-06-13T11:49:53.396+0000] {logging_mixin.py:188} INFO - [2026-06-13T11:49:53.395+0000] {dagbag.py:545} INFO - Filling up the DagBag from /home/airflow/.local/lib/python3.12/site-packages/airflow/example_dags/example_short_circuit_decorator.py
[2026-06-13T11:49:53.405+0000] {processor.py:840} INFO - DAG(s) 'example_short_circuit_decorator' retrieved from /home/airflow/.local/lib/python3.12/site-packages/airflow/example_dags/example_short_circuit_decorator.py
[2026-06-13T11:49:53.434+0000] {logging_mixin.py:188} INFO - [2026-06-13T11:49:53.434+0000] {dag.py:3096} INFO - Sync 1 DAGs
[2026-06-13T11:49:53.459+0000] {logging_mixin.py:188} INFO - [2026-06-13T11:49:53.459+0000] {dag.py:3954} INFO - Setting next_dagrun for example_short_circuit_decorator to 2026-06-12 00:00:00+00:00, run_after=2026-06-13 00:00:00+00:00
[2026-06-13T11:49:53.491+0000] {processor.py:183} INFO - Processing /home/airflow/.local/lib/python3.12/site-packages/airflow/example_dags/example_short_circuit_decorator.py took 0.106 seconds
[2026-06-13T11:50:24.045+0000] {processor.py:161} INFO - Started process (PID=1371) to work on /home/airflow/.local/lib/python3.12/site-packages/airflow/example_dags/example_short_circuit_decorator.py
[2026-06-13T11:50:24.046+0000] {processor.py:830} INFO - Processing file /home/airflow/.local/lib/python3.12/site-packages/airflow/example_dags/example_short_circuit_decorator.py for tasks to queue
[2026-06-13T11:50:24.049+0000] {logging_mixin.py:188} INFO - [2026-06-13T11:50:24.048+0000] {dagbag.py:545} INFO - Filling up the DagBag from /home/airflow/.local/lib/python3.12/site-packages/airflow/example_dags/example_short_circuit_decorator.py
[2026-06-13T11:50:24.059+0000] {processor.py:840} INFO - DAG(s) 'example_short_circuit_decorator' retrieved from /home/airflow/.local/lib/python3.12/site-packages/airflow/example_dags/example_short_circuit_decorator.py
[2026-06-13T11:50:24.088+0000] {logging_mixin.py:188} INFO - [2026-06-13T11:50:24.088+0000] {dag.py:3096} INFO - Sync 1 DAGs
[2026-06-13T11:50:24.111+0000] {logging_mixin.py:188} INFO - [2026-06-13T11:50:24.111+0000] {dag.py:3954} INFO - Setting next_dagrun for example_short_circuit_decorator to 2026-06-12 00:00:00+00:00, run_after=2026-06-13 00:00:00+00:00
[2026-06-13T11:50:24.136+0000] {processor.py:183} INFO - Processing /home/airflow/.local/lib/python3.12/site-packages/airflow/example_dags/example_short_circuit_decorator.py took 0.097 seconds
[2026-06-13T11:50:54.688+0000] {processor.py:161} INFO - Started process (PID=1430) to work on /home/airflow/.local/lib/python3.12/site-packages/airflow/example_dags/example_short_circuit_decorator.py
[2026-06-13T11:50:54.691+0000] {processor.py:830} INFO - Processing file /home/airflow/.local/lib/python3.12/site-packages/airflow/example_dags/example_short_circuit_decorator.py for tasks to queue
[2026-06-13T11:50:54.694+0000] {logging_mixin.py:188} INFO - [2026-06-13T11:50:54.693+0000] {dagbag.py:545} INFO - Filling up the DagBag from /home/airflow/.local/lib/python3.12/site-packages/airflow/example_dags/example_short_circuit_decorator.py
[2026-06-13T11:50:54.703+0000] {processor.py:840} INFO - DAG(s) 'example_short_circuit_decorator' retrieved from /home/airflow/.local/lib/python3.12/site-packages/airflow/example_dags/example_short_circuit_decorator.py
[2026-06-13T11:50:54.732+0000] {logging_mixin.py:188} INFO - [2026-06-13T11:50:54.732+0000] {dag.py:3096} INFO - Sync 1 DAGs
[2026-06-13T11:50:54.758+0000] {logging_mixin.py:188} INFO - [2026-06-13T11:50:54.758+0000] {dag.py:3954} INFO - Setting next_dagrun for example_short_circuit_decorator to 2026-06-12 00:00:00+00:00, run_after=2026-06-13 00:00:00+00:00
[2026-06-13T11:50:54.792+0000] {processor.py:183} INFO - Processing /home/airflow/.local/lib/python3.12/site-packages/airflow/example_dags/example_short_circuit_decorator.py took 0.109 seconds
[2026-06-13T11:51:24.872+0000] {processor.py:161} INFO - Started process (PID=1488) to work on /home/airflow/.local/lib/python3.12/site-packages/airflow/example_dags/example_short_circuit_decorator.py
[2026-06-13T11:51:24.874+0000] {processor.py:830} INFO - Processing file /home/airflow/.local/lib/python3.12/site-packages/airflow/example_dags/example_short_circuit_decorator.py for tasks to queue
[2026-06-13T11:51:24.877+0000] {logging_mixin.py:188} INFO - [2026-06-13T11:51:24.877+0000] {dagbag.py:545} INFO - Filling up the DagBag from /home/airflow/.local/lib/python3.12/site-packages/airflow/example_dags/example_short_circuit_decorator.py
[2026-06-13T11:51:24.887+0000] {processor.py:840} INFO - DAG(s) 'example_short_circuit_decorator' retrieved from /home/airflow/.local/lib/python3.12/site-packages/airflow/example_dags/example_short_circuit_decorator.py
[2026-06-13T11:51:24.917+0000] {logging_mixin.py:188} INFO - [2026-06-13T11:51:24.917+0000] {dag.py:3096} INFO - Sync 1 DAGs
[2026-06-13T11:51:24.941+0000] {logging_mixin.py:188} INFO - [2026-06-13T11:51:24.941+0000] {dag.py:3954} INFO - Setting next_dagrun for example_short_circuit_decorator to 2026-06-12 00:00:00+00:00, run_after=2026-06-13 00:00:00+00:00
[2026-06-13T11:51:24.970+0000] {processor.py:183} INFO - Processing /home/airflow/.local/lib/python3.12/site-packages/airflow/example_dags/example_short_circuit_decorator.py took 0.104 seconds
[2026-06-13T11:51:55.448+0000] {processor.py:161} INFO - Started process (PID=1547) to work on /home/airflow/.local/lib/python3.12/site-packages/airflow/example_dags/example_short_circuit_decorator.py
[2026-06-13T11:51:55.450+0000] {processor.py:830} INFO - Processing file /home/airflow/.local/lib/python3.12/site-packages/airflow/example_dags/example_short_circuit_decorator.py for tasks to queue
[2026-06-13T11:51:55.453+0000] {logging_mixin.py:188} INFO - [2026-06-13T11:51:55.452+0000] {dagbag.py:545} INFO - Filling up the DagBag from /home/airflow/.local/lib/python3.12/site-packages/airflow/example_dags/example_short_circuit_decorator.py
[2026-06-13T11:51:55.464+0000] {processor.py:840} INFO - DAG(s) 'example_short_circuit_decorator' retrieved from /home/airflow/.local/lib/python3.12/site-packages/airflow/example_dags/example_short_circuit_decorator.py
[2026-06-13T11:51:55.499+0000] {logging_mixin.py:188} INFO - [2026-06-13T11:51:55.498+0000] {dag.py:3096} INFO - Sync 1 DAGs
[2026-06-13T11:51:55.526+0000] {logging_mixin.py:188} INFO - [2026-06-13T11:51:55.526+0000] {dag.py:3954} INFO - Setting next_dagrun for example_short_circuit_decorator to 2026-06-12 00:00:00+00:00, run_after=2026-06-13 00:00:00+00:00
[2026-06-13T11:51:55.563+0000] {processor.py:183} INFO - Processing /home/airflow/.local/lib/python3.12/site-packages/airflow/example_dags/example_short_circuit_decorator.py took 0.123 seconds
[2026-06-13T11:52:25.618+0000] {processor.py:161} INFO - Started process (PID=1606) to work on /home/airflow/.local/lib/python3.12/site-packages/airflow/example_dags/example_short_circuit_decorator.py
[2026-06-13T11:52:25.620+0000] {processor.py:830} INFO - Processing file /home/airflow/.local/lib/python3.12/site-packages/airflow/example_dags/example_short_circuit_decorator.py for tasks to queue
[2026-06-13T11:52:25.624+0000] {logging_mixin.py:188} INFO - [2026-06-13T11:52:25.623+0000] {dagbag.py:545} INFO - Filling up the DagBag from /home/airflow/.local/lib/python3.12/site-packages/airflow/example_dags/example_short_circuit_decorator.py
[2026-06-13T11:52:25.633+0000] {processor.py:840} INFO - DAG(s) 'example_short_circuit_decorator' retrieved from /home/airflow/.local/lib/python3.12/site-packages/airflow/example_dags/example_short_circuit_decorator.py
[2026-06-13T11:52:25.662+0000] {logging_mixin.py:188} INFO - [2026-06-13T11:52:25.662+0000] {dag.py:3096} INFO - Sync 1 DAGs
[2026-06-13T11:52:25.687+0000] {logging_mixin.py:188} INFO - [2026-06-13T11:52:25.686+0000] {dag.py:3954} INFO - Setting next_dagrun for example_short_circuit_decorator to 2026-06-12 00:00:00+00:00, run_after=2026-06-13 00:00:00+00:00
[2026-06-13T11:52:25.714+0000] {processor.py:183} INFO - Processing /home/airflow/.local/lib/python3.12/site-packages/airflow/example_dags/example_short_circuit_decorator.py took 0.102 seconds
[2026-06-13T11:52:55.768+0000] {processor.py:161} INFO - Started process (PID=1665) to work on /home/airflow/.local/lib/python3.12/site-packages/airflow/example_dags/example_short_circuit_decorator.py
[2026-06-13T11:52:55.770+0000] {processor.py:830} INFO - Processing file /home/airflow/.local/lib/python3.12/site-packages/airflow/example_dags/example_short_circuit_decorator.py for tasks to queue
[2026-06-13T11:52:55.774+0000] {logging_mixin.py:188} INFO - [2026-06-13T11:52:55.773+0000] {dagbag.py:545} INFO - Filling up the DagBag from /home/airflow/.local/lib/python3.12/site-packages/airflow/example_dags/example_short_circuit_decorator.py
[2026-06-13T11:52:55.784+0000] {processor.py:840} INFO - DAG(s) 'example_short_circuit_decorator' retrieved from /home/airflow/.local/lib/python3.12/site-packages/airflow/example_dags/example_short_circuit_decorator.py
[2026-06-13T11:52:55.814+0000] {logging_mixin.py:188} INFO - [2026-06-13T11:52:55.814+0000] {dag.py:3096} INFO - Sync 1 DAGs
[2026-06-13T11:52:55.838+0000] {logging_mixin.py:188} INFO - [2026-06-13T11:52:55.837+0000] {dag.py:3954} INFO - Setting next_dagrun for example_short_circuit_decorator to 2026-06-12 00:00:00+00:00, run_after=2026-06-13 00:00:00+00:00
[2026-06-13T11:52:55.867+0000] {processor.py:183} INFO - Processing /home/airflow/.local/lib/python3.12/site-packages/airflow/example_dags/example_short_circuit_decorator.py took 0.105 seconds
[2026-06-13T11:53:26.490+0000] {processor.py:161} INFO - Started process (PID=1724) to work on /home/airflow/.local/lib/python3.12/site-packages/airflow/example_dags/example_short_circuit_decorator.py
[2026-06-13T11:53:26.492+0000] {processor.py:830} INFO - Processing file /home/airflow/.local/lib/python3.12/site-packages/airflow/example_dags/example_short_circuit_decorator.py for tasks to queue
[2026-06-13T11:53:26.495+0000] {logging_mixin.py:188} INFO - [2026-06-13T11:53:26.495+0000] {dagbag.py:545} INFO - Filling up the DagBag from /home/airflow/.local/lib/python3.12/site-packages/airflow/example_dags/example_short_circuit_decorator.py
[2026-06-13T11:53:26.506+0000] {processor.py:840} INFO - DAG(s) 'example_short_circuit_decorator' retrieved from /home/airflow/.local/lib/python3.12/site-packages/airflow/example_dags/example_short_circuit_decorator.py
[2026-06-13T11:53:26.537+0000] {logging_mixin.py:188} INFO - [2026-06-13T11:53:26.536+0000] {dag.py:3096} INFO - Sync 1 DAGs
[2026-06-13T11:53:26.562+0000] {logging_mixin.py:188} INFO - [2026-06-13T11:53:26.561+0000] {dag.py:3954} INFO - Setting next_dagrun for example_short_circuit_decorator to 2026-06-12 00:00:00+00:00, run_after=2026-06-13 00:00:00+00:00
[2026-06-13T11:53:26.588+0000] {processor.py:183} INFO - Processing /home/airflow/.local/lib/python3.12/site-packages/airflow/example_dags/example_short_circuit_decorator.py took 0.105 seconds
[2026-06-13T11:53:56.967+0000] {processor.py:161} INFO - Started process (PID=1783) to work on /home/airflow/.local/lib/python3.12/site-packages/airflow/example_dags/example_short_circuit_decorator.py
[2026-06-13T11:53:56.969+0000] {processor.py:830} INFO - Processing file /home/airflow/.local/lib/python3.12/site-packages/airflow/example_dags/example_short_circuit_decorator.py for tasks to queue
[2026-06-13T11:53:56.973+0000] {logging_mixin.py:188} INFO - [2026-06-13T11:53:56.972+0000] {dagbag.py:545} INFO - Filling up the DagBag from /home/airflow/.local/lib/python3.12/site-packages/airflow/example_dags/example_short_circuit_decorator.py
[2026-06-13T11:53:56.982+0000] {processor.py:840} INFO - DAG(s) 'example_short_circuit_decorator' retrieved from /home/airflow/.local/lib/python3.12/site-packages/airflow/example_dags/example_short_circuit_decorator.py
[2026-06-13T11:53:57.011+0000] {logging_mixin.py:188} INFO - [2026-06-13T11:53:57.010+0000] {dag.py:3096} INFO - Sync 1 DAGs
[2026-06-13T11:53:57.037+0000] {logging_mixin.py:188} INFO - [2026-06-13T11:53:57.037+0000] {dag.py:3954} INFO - Setting next_dagrun for example_short_circuit_decorator to 2026-06-12 00:00:00+00:00, run_after=2026-06-13 00:00:00+00:00
[2026-06-13T11:53:57.071+0000] {processor.py:183} INFO - Processing /home/airflow/.local/lib/python3.12/site-packages/airflow/example_dags/example_short_circuit_decorator.py took 0.109 seconds
[2026-06-13T11:54:27.771+0000] {processor.py:161} INFO - Started process (PID=1842) to work on /home/airflow/.local/lib/python3.12/site-packages/airflow/example_dags/example_short_circuit_decorator.py
[2026-06-13T11:54:27.772+0000] {processor.py:830} INFO - Processing file /home/airflow/.local/lib/python3.12/site-packages/airflow/example_dags/example_short_circuit_decorator.py for tasks to queue
[2026-06-13T11:54:27.776+0000] {logging_mixin.py:188} INFO - [2026-06-13T11:54:27.776+0000] {dagbag.py:545} INFO - Filling up the DagBag from /home/airflow/.local/lib/python3.12/site-packages/airflow/example_dags/example_short_circuit_decorator.py
[2026-06-13T11:54:27.788+0000] {processor.py:840} INFO - DAG(s) 'example_short_circuit_decorator' retrieved from /home/airflow/.local/lib/python3.12/site-packages/airflow/example_dags/example_short_circuit_decorator.py
[2026-06-13T11:54:27.819+0000] {logging_mixin.py:188} INFO - [2026-06-13T11:54:27.818+0000] {dag.py:3096} INFO - Sync 1 DAGs
[2026-06-13T11:54:27.844+0000] {logging_mixin.py:188} INFO - [2026-06-13T11:54:27.844+0000] {dag.py:3954} INFO - Setting next_dagrun for example_short_circuit_decorator to 2026-06-12 00:00:00+00:00, run_after=2026-06-13 00:00:00+00:00
[2026-06-13T11:54:28.020+0000] {processor.py:183} INFO - Processing /home/airflow/.local/lib/python3.12/site-packages/airflow/example_dags/example_short_circuit_decorator.py took 0.256 seconds
[2026-06-13T11:54:58.142+0000] {processor.py:161} INFO - Started process (PID=1902) to work on /home/airflow/.local/lib/python3.12/site-packages/airflow/example_dags/example_short_circuit_decorator.py
[2026-06-13T11:54:58.144+0000] {processor.py:830} INFO - Processing file /home/airflow/.local/lib/python3.12/site-packages/airflow/example_dags/example_short_circuit_decorator.py for tasks to queue
[2026-06-13T11:54:58.148+0000] {logging_mixin.py:188} INFO - [2026-06-13T11:54:58.147+0000] {dagbag.py:545} INFO - Filling up the DagBag from /home/airflow/.local/lib/python3.12/site-packages/airflow/example_dags/example_short_circuit_decorator.py
[2026-06-13T11:54:58.159+0000] {processor.py:840} INFO - DAG(s) 'example_short_circuit_decorator' retrieved from /home/airflow/.local/lib/python3.12/site-packages/airflow/example_dags/example_short_circuit_decorator.py
[2026-06-13T11:54:58.189+0000] {logging_mixin.py:188} INFO - [2026-06-13T11:54:58.188+0000] {dag.py:3096} INFO - Sync 1 DAGs
[2026-06-13T11:54:58.218+0000] {logging_mixin.py:188} INFO - [2026-06-13T11:54:58.217+0000] {dag.py:3954} INFO - Setting next_dagrun for example_short_circuit_decorator to 2026-06-12 00:00:00+00:00, run_after=2026-06-13 00:00:00+00:00
[2026-06-13T11:54:58.251+0000] {processor.py:183} INFO - Processing /home/airflow/.local/lib/python3.12/site-packages/airflow/example_dags/example_short_circuit_decorator.py took 0.118 seconds
[2026-06-13T11:55:28.724+0000] {processor.py:161} INFO - Started process (PID=1961) to work on /home/airflow/.local/lib/python3.12/site-packages/airflow/example_dags/example_short_circuit_decorator.py
[2026-06-13T11:55:28.725+0000] {processor.py:830} INFO - Processing file /home/airflow/.local/lib/python3.12/site-packages/airflow/example_dags/example_short_circuit_decorator.py for tasks to queue
[2026-06-13T11:55:28.728+0000] {logging_mixin.py:188} INFO - [2026-06-13T11:55:28.727+0000] {dagbag.py:545} INFO - Filling up the DagBag from /home/airflow/.local/lib/python3.12/site-packages/airflow/example_dags/example_short_circuit_decorator.py
[2026-06-13T11:55:28.738+0000] {processor.py:840} INFO - DAG(s) 'example_short_circuit_decorator' retrieved from /home/airflow/.local/lib/python3.12/site-packages/airflow/example_dags/example_short_circuit_decorator.py
[2026-06-13T11:55:28.766+0000] {logging_mixin.py:188} INFO - [2026-06-13T11:55:28.765+0000] {dag.py:3096} INFO - Sync 1 DAGs
[2026-06-13T11:55:28.792+0000] {logging_mixin.py:188} INFO - [2026-06-13T11:55:28.792+0000] {dag.py:3954} INFO - Setting next_dagrun for example_short_circuit_decorator to 2026-06-12 00:00:00+00:00, run_after=2026-06-13 00:00:00+00:00
[2026-06-13T11:55:28.823+0000] {processor.py:183} INFO - Processing /home/airflow/.local/lib/python3.12/site-packages/airflow/example_dags/example_short_circuit_decorator.py took 0.105 seconds
[2026-06-13T11:57:49.149+0000] {processor.py:161} INFO - Started process (PID=2021) to work on /home/airflow/.local/lib/python3.12/site-packages/airflow/example_dags/example_short_circuit_decorator.py
[2026-06-13T11:57:49.151+0000] {processor.py:830} INFO - Processing file /home/airflow/.local/lib/python3.12/site-packages/airflow/example_dags/example_short_circuit_decorator.py for tasks to queue
[2026-06-13T11:57:49.154+0000] {logging_mixin.py:188} INFO - [2026-06-13T11:57:49.153+0000] {dagbag.py:545} INFO - Filling up the DagBag from /home/airflow/.local/lib/python3.12/site-packages/airflow/example_dags/example_short_circuit_decorator.py
[2026-06-13T11:57:49.163+0000] {processor.py:840} INFO - DAG(s) 'example_short_circuit_decorator' retrieved from /home/airflow/.local/lib/python3.12/site-packages/airflow/example_dags/example_short_circuit_decorator.py
[2026-06-13T11:57:49.191+0000] {logging_mixin.py:188} INFO - [2026-06-13T11:57:49.190+0000] {dag.py:3096} INFO - Sync 1 DAGs
[2026-06-13T11:57:49.214+0000] {logging_mixin.py:188} INFO - [2026-06-13T11:57:49.214+0000] {dag.py:3954} INFO - Setting next_dagrun for example_short_circuit_decorator to 2026-06-12 00:00:00+00:00, run_after=2026-06-13 00:00:00+00:00
[2026-06-13T11:57:49.239+0000] {processor.py:183} INFO - Processing /home/airflow/.local/lib/python3.12/site-packages/airflow/example_dags/example_short_circuit_decorator.py took 0.096 seconds
[2026-06-13T11:58:19.497+0000] {processor.py:161} INFO - Started process (PID=2088) to work on /home/airflow/.local/lib/python3.12/site-packages/airflow/example_dags/example_short_circuit_decorator.py
[2026-06-13T11:58:19.499+0000] {processor.py:830} INFO - Processing file /home/airflow/.local/lib/python3.12/site-packages/airflow/example_dags/example_short_circuit_decorator.py for tasks to queue
[2026-06-13T11:58:19.502+0000] {logging_mixin.py:188} INFO - [2026-06-13T11:58:19.502+0000] {dagbag.py:545} INFO - Filling up the DagBag from /home/airflow/.local/lib/python3.12/site-packages/airflow/example_dags/example_short_circuit_decorator.py
[2026-06-13T11:58:19.511+0000] {processor.py:840} INFO - DAG(s) 'example_short_circuit_decorator' retrieved from /home/airflow/.local/lib/python3.12/site-packages/airflow/example_dags/example_short_circuit_decorator.py
[2026-06-13T11:58:19.540+0000] {logging_mixin.py:188} INFO - [2026-06-13T11:58:19.539+0000] {dag.py:3096} INFO - Sync 1 DAGs
[2026-06-13T11:58:19.568+0000] {logging_mixin.py:188} INFO - [2026-06-13T11:58:19.568+0000] {dag.py:3954} INFO - Setting next_dagrun for example_short_circuit_decorator to 2026-06-12 00:00:00+00:00, run_after=2026-06-13 00:00:00+00:00
[2026-06-13T11:58:19.597+0000] {processor.py:183} INFO - Processing /home/airflow/.local/lib/python3.12/site-packages/airflow/example_dags/example_short_circuit_decorator.py took 0.105 seconds
[2026-06-13T11:58:50.261+0000] {processor.py:161} INFO - Started process (PID=2148) to work on /home/airflow/.local/lib/python3.12/site-packages/airflow/example_dags/example_short_circuit_decorator.py
[2026-06-13T11:58:50.263+0000] {processor.py:830} INFO - Processing file /home/airflow/.local/lib/python3.12/site-packages/airflow/example_dags/example_short_circuit_decorator.py for tasks to queue
[2026-06-13T11:58:50.267+0000] {logging_mixin.py:188} INFO - [2026-06-13T11:58:50.266+0000] {dagbag.py:545} INFO - Filling up the DagBag from /home/airflow/.local/lib/python3.12/site-packages/airflow/example_dags/example_short_circuit_decorator.py
[2026-06-13T11:58:50.279+0000] {processor.py:840} INFO - DAG(s) 'example_short_circuit_decorator' retrieved from /home/airflow/.local/lib/python3.12/site-packages/airflow/example_dags/example_short_circuit_decorator.py
[2026-06-13T11:58:50.316+0000] {logging_mixin.py:188} INFO - [2026-06-13T11:58:50.316+0000] {dag.py:3096} INFO - Sync 1 DAGs
[2026-06-13T11:58:50.351+0000] {logging_mixin.py:188} INFO - [2026-06-13T11:58:50.350+0000] {dag.py:3954} INFO - Setting next_dagrun for example_short_circuit_decorator to 2026-06-12 00:00:00+00:00, run_after=2026-06-13 00:00:00+00:00
[2026-06-13T11:58:50.384+0000] {processor.py:183} INFO - Processing /home/airflow/.local/lib/python3.12/site-packages/airflow/example_dags/example_short_circuit_decorator.py took 0.132 seconds
[2026-06-13T11:59:20.814+0000] {processor.py:161} INFO - Started process (PID=2246) to work on /home/airflow/.local/lib/python3.12/site-packages/airflow/example_dags/example_short_circuit_decorator.py
[2026-06-13T11:59:20.816+0000] {processor.py:830} INFO - Processing file /home/airflow/.local/lib/python3.12/site-packages/airflow/example_dags/example_short_circuit_decorator.py for tasks to queue
[2026-06-13T11:59:20.818+0000] {logging_mixin.py:188} INFO - [2026-06-13T11:59:20.818+0000] {dagbag.py:545} INFO - Filling up the DagBag from /home/airflow/.local/lib/python3.12/site-packages/airflow/example_dags/example_short_circuit_decorator.py
[2026-06-13T11:59:20.828+0000] {processor.py:840} INFO - DAG(s) 'example_short_circuit_decorator' retrieved from /home/airflow/.local/lib/python3.12/site-packages/airflow/example_dags/example_short_circuit_decorator.py
[2026-06-13T11:59:20.861+0000] {logging_mixin.py:188} INFO - [2026-06-13T11:59:20.861+0000] {dag.py:3096} INFO - Sync 1 DAGs
[2026-06-13T11:59:20.887+0000] {logging_mixin.py:188} INFO - [2026-06-13T11:59:20.887+0000] {dag.py:3954} INFO - Setting next_dagrun for example_short_circuit_decorator to 2026-06-12 00:00:00+00:00, run_after=2026-06-13 00:00:00+00:00
[2026-06-13T11:59:20.914+0000] {processor.py:183} INFO - Processing /home/airflow/.local/lib/python3.12/site-packages/airflow/example_dags/example_short_circuit_decorator.py took 0.111 seconds
[2026-06-13T11:59:51.293+0000] {processor.py:161} INFO - Started process (PID=2305) to work on /home/airflow/.local/lib/python3.12/site-packages/airflow/example_dags/example_short_circuit_decorator.py
[2026-06-13T11:59:51.294+0000] {processor.py:830} INFO - Processing file /home/airflow/.local/lib/python3.12/site-packages/airflow/example_dags/example_short_circuit_decorator.py for tasks to queue
[2026-06-13T11:59:51.297+0000] {logging_mixin.py:188} INFO - [2026-06-13T11:59:51.297+0000] {dagbag.py:545} INFO - Filling up the DagBag from /home/airflow/.local/lib/python3.12/site-packages/airflow/example_dags/example_short_circuit_decorator.py
[2026-06-13T11:59:51.307+0000] {processor.py:840} INFO - DAG(s) 'example_short_circuit_decorator' retrieved from /home/airflow/.local/lib/python3.12/site-packages/airflow/example_dags/example_short_circuit_decorator.py
[2026-06-13T11:59:51.336+0000] {logging_mixin.py:188} INFO - [2026-06-13T11:59:51.336+0000] {dag.py:3096} INFO - Sync 1 DAGs
[2026-06-13T11:59:51.362+0000] {logging_mixin.py:188} INFO - [2026-06-13T11:59:51.362+0000] {dag.py:3954} INFO - Setting next_dagrun for example_short_circuit_decorator to 2026-06-12 00:00:00+00:00, run_after=2026-06-13 00:00:00+00:00
[2026-06-13T11:59:51.387+0000] {processor.py:183} INFO - Processing /home/airflow/.local/lib/python3.12/site-packages/airflow/example_dags/example_short_circuit_decorator.py took 0.104 seconds
[2026-06-13T12:00:21.774+0000] {processor.py:161} INFO - Started process (PID=2364) to work on /home/airflow/.local/lib/python3.12/site-packages/airflow/example_dags/example_short_circuit_decorator.py
[2026-06-13T12:00:21.776+0000] {processor.py:830} INFO - Processing file /home/airflow/.local/lib/python3.12/site-packages/airflow/example_dags/example_short_circuit_decorator.py for tasks to queue
[2026-06-13T12:00:21.780+0000] {logging_mixin.py:188} INFO - [2026-06-13T12:00:21.779+0000] {dagbag.py:545} INFO - Filling up the DagBag from /home/airflow/.local/lib/python3.12/site-packages/airflow/example_dags/example_short_circuit_decorator.py
[2026-06-13T12:00:21.789+0000] {processor.py:840} INFO - DAG(s) 'example_short_circuit_decorator' retrieved from /home/airflow/.local/lib/python3.12/site-packages/airflow/example_dags/example_short_circuit_decorator.py
[2026-06-13T12:00:21.822+0000] {logging_mixin.py:188} INFO - [2026-06-13T12:00:21.822+0000] {dag.py:3096} INFO - Sync 1 DAGs
[2026-06-13T12:00:21.849+0000] {logging_mixin.py:188} INFO - [2026-06-13T12:00:21.848+0000] {dag.py:3954} INFO - Setting next_dagrun for example_short_circuit_decorator to 2026-06-12 00:00:00+00:00, run_after=2026-06-13 00:00:00+00:00
[2026-06-13T12:00:21.881+0000] {processor.py:183} INFO - Processing /home/airflow/.local/lib/python3.12/site-packages/airflow/example_dags/example_short_circuit_decorator.py took 0.117 seconds
[2026-06-13T12:00:52.149+0000] {processor.py:161} INFO - Started process (PID=2441) to work on /home/airflow/.local/lib/python3.12/site-packages/airflow/example_dags/example_short_circuit_decorator.py
[2026-06-13T12:00:52.151+0000] {processor.py:830} INFO - Processing file /home/airflow/.local/lib/python3.12/site-packages/airflow/example_dags/example_short_circuit_decorator.py for tasks to queue
[2026-06-13T12:00:52.154+0000] {logging_mixin.py:188} INFO - [2026-06-13T12:00:52.153+0000] {dagbag.py:545} INFO - Filling up the DagBag from /home/airflow/.local/lib/python3.12/site-packages/airflow/example_dags/example_short_circuit_decorator.py
[2026-06-13T12:00:52.165+0000] {processor.py:840} INFO - DAG(s) 'example_short_circuit_decorator' retrieved from /home/airflow/.local/lib/python3.12/site-packages/airflow/example_dags/example_short_circuit_decorator.py
[2026-06-13T12:00:52.198+0000] {logging_mixin.py:188} INFO - [2026-06-13T12:00:52.198+0000] {dag.py:3096} INFO - Sync 1 DAGs
[2026-06-13T12:00:52.226+0000] {logging_mixin.py:188} INFO - [2026-06-13T12:00:52.226+0000] {dag.py:3954} INFO - Setting next_dagrun for example_short_circuit_decorator to 2026-06-12 00:00:00+00:00, run_after=2026-06-13 00:00:00+00:00
[2026-06-13T12:00:52.259+0000] {processor.py:183} INFO - Processing /home/airflow/.local/lib/python3.12/site-packages/airflow/example_dags/example_short_circuit_decorator.py took 0.121 seconds
[2026-06-13T12:01:23.123+0000] {processor.py:161} INFO - Started process (PID=2500) to work on /home/airflow/.local/lib/python3.12/site-packages/airflow/example_dags/example_short_circuit_decorator.py
[2026-06-13T12:01:23.125+0000] {processor.py:830} INFO - Processing file /home/airflow/.local/lib/python3.12/site-packages/airflow/example_dags/example_short_circuit_decorator.py for tasks to queue
[2026-06-13T12:01:23.128+0000] {logging_mixin.py:188} INFO - [2026-06-13T12:01:23.127+0000] {dagbag.py:545} INFO - Filling up the DagBag from /home/airflow/.local/lib/python3.12/site-packages/airflow/example_dags/example_short_circuit_decorator.py
[2026-06-13T12:01:23.137+0000] {processor.py:840} INFO - DAG(s) 'example_short_circuit_decorator' retrieved from /home/airflow/.local/lib/python3.12/site-packages/airflow/example_dags/example_short_circuit_decorator.py
[2026-06-13T12:01:23.168+0000] {logging_mixin.py:188} INFO - [2026-06-13T12:01:23.167+0000] {dag.py:3096} INFO - Sync 1 DAGs
[2026-06-13T12:01:23.196+0000] {logging_mixin.py:188} INFO - [2026-06-13T12:01:23.195+0000] {dag.py:3954} INFO - Setting next_dagrun for example_short_circuit_decorator to 2026-06-12 00:00:00+00:00, run_after=2026-06-13 00:00:00+00:00
[2026-06-13T12:01:23.227+0000] {processor.py:183} INFO - Processing /home/airflow/.local/lib/python3.12/site-packages/airflow/example_dags/example_short_circuit_decorator.py took 0.113 seconds
[2026-06-13T12:01:53.503+0000] {processor.py:161} INFO - Started process (PID=2559) to work on /home/airflow/.local/lib/python3.12/site-packages/airflow/example_dags/example_short_circuit_decorator.py
[2026-06-13T12:01:53.504+0000] {processor.py:830} INFO - Processing file /home/airflow/.local/lib/python3.12/site-packages/airflow/example_dags/example_short_circuit_decorator.py for tasks to queue
[2026-06-13T12:01:53.508+0000] {logging_mixin.py:188} INFO - [2026-06-13T12:01:53.507+0000] {dagbag.py:545} INFO - Filling up the DagBag from /home/airflow/.local/lib/python3.12/site-packages/airflow/example_dags/example_short_circuit_decorator.py
[2026-06-13T12:01:53.517+0000] {processor.py:840} INFO - DAG(s) 'example_short_circuit_decorator' retrieved from /home/airflow/.local/lib/python3.12/site-packages/airflow/example_dags/example_short_circuit_decorator.py
[2026-06-13T12:01:53.548+0000] {logging_mixin.py:188} INFO - [2026-06-13T12:01:53.547+0000] {dag.py:3096} INFO - Sync 1 DAGs
[2026-06-13T12:01:53.573+0000] {logging_mixin.py:188} INFO - [2026-06-13T12:01:53.572+0000] {dag.py:3954} INFO - Setting next_dagrun for example_short_circuit_decorator to 2026-06-12 00:00:00+00:00, run_after=2026-06-13 00:00:00+00:00
[2026-06-13T12:01:53.604+0000] {processor.py:183} INFO - Processing /home/airflow/.local/lib/python3.12/site-packages/airflow/example_dags/example_short_circuit_decorator.py took 0.110 seconds
[2026-06-13T12:02:23.947+0000] {processor.py:161} INFO - Started process (PID=2626) to work on /home/airflow/.local/lib/python3.12/site-packages/airflow/example_dags/example_short_circuit_decorator.py
[2026-06-13T12:02:23.950+0000] {processor.py:830} INFO - Processing file /home/airflow/.local/lib/python3.12/site-packages/airflow/example_dags/example_short_circuit_decorator.py for tasks to queue
[2026-06-13T12:02:23.953+0000] {logging_mixin.py:188} INFO - [2026-06-13T12:02:23.953+0000] {dagbag.py:545} INFO - Filling up the DagBag from /home/airflow/.local/lib/python3.12/site-packages/airflow/example_dags/example_short_circuit_decorator.py
[2026-06-13T12:02:23.968+0000] {processor.py:840} INFO - DAG(s) 'example_short_circuit_decorator' retrieved from /home/airflow/.local/lib/python3.12/site-packages/airflow/example_dags/example_short_circuit_decorator.py
[2026-06-13T12:02:24.006+0000] {logging_mixin.py:188} INFO - [2026-06-13T12:02:24.006+0000] {dag.py:3096} INFO - Sync 1 DAGs
[2026-06-13T12:02:24.040+0000] {logging_mixin.py:188} INFO - [2026-06-13T12:02:24.040+0000] {dag.py:3954} INFO - Setting next_dagrun for example_short_circuit_decorator to 2026-06-12 00:00:00+00:00, run_after=2026-06-13 00:00:00+00:00
[2026-06-13T12:02:24.069+0000] {processor.py:183} INFO - Processing /home/airflow/.local/lib/python3.12/site-packages/airflow/example_dags/example_short_circuit_decorator.py took 0.141 seconds
[2026-06-13T12:02:54.441+0000] {processor.py:161} INFO - Started process (PID=2741) to work on /home/airflow/.local/lib/python3.12/site-packages/airflow/example_dags/example_short_circuit_decorator.py
[2026-06-13T12:02:54.442+0000] {processor.py:830} INFO - Processing file /home/airflow/.local/lib/python3.12/site-packages/airflow/example_dags/example_short_circuit_decorator.py for tasks to queue
[2026-06-13T12:02:54.445+0000] {logging_mixin.py:188} INFO - [2026-06-13T12:02:54.445+0000] {dagbag.py:545} INFO - Filling up the DagBag from /home/airflow/.local/lib/python3.12/site-packages/airflow/example_dags/example_short_circuit_decorator.py
[2026-06-13T12:02:54.454+0000] {processor.py:840} INFO - DAG(s) 'example_short_circuit_decorator' retrieved from /home/airflow/.local/lib/python3.12/site-packages/airflow/example_dags/example_short_circuit_decorator.py
[2026-06-13T12:02:54.484+0000] {logging_mixin.py:188} INFO - [2026-06-13T12:02:54.484+0000] {dag.py:3096} INFO - Sync 1 DAGs
[2026-06-13T12:02:54.512+0000] {logging_mixin.py:188} INFO - [2026-06-13T12:02:54.512+0000] {dag.py:3954} INFO - Setting next_dagrun for example_short_circuit_decorator to 2026-06-12 00:00:00+00:00, run_after=2026-06-13 00:00:00+00:00
[2026-06-13T12:02:54.543+0000] {processor.py:183} INFO - Processing /home/airflow/.local/lib/python3.12/site-packages/airflow/example_dags/example_short_circuit_decorator.py took 0.112 seconds
[2026-06-13T12:03:25.059+0000] {processor.py:161} INFO - Started process (PID=2800) to work on /home/airflow/.local/lib/python3.12/site-packages/airflow/example_dags/example_short_circuit_decorator.py
[2026-06-13T12:03:25.060+0000] {processor.py:830} INFO - Processing file /home/airflow/.local/lib/python3.12/site-packages/airflow/example_dags/example_short_circuit_decorator.py for tasks to queue
[2026-06-13T12:03:25.063+0000] {logging_mixin.py:188} INFO - [2026-06-13T12:03:25.063+0000] {dagbag.py:545} INFO - Filling up the DagBag from /home/airflow/.local/lib/python3.12/site-packages/airflow/example_dags/example_short_circuit_decorator.py
[2026-06-13T12:03:25.073+0000] {processor.py:840} INFO - DAG(s) 'example_short_circuit_decorator' retrieved from /home/airflow/.local/lib/python3.12/site-packages/airflow/example_dags/example_short_circuit_decorator.py
[2026-06-13T12:03:25.101+0000] {logging_mixin.py:188} INFO - [2026-06-13T12:03:25.100+0000] {dag.py:3096} INFO - Sync 1 DAGs
[2026-06-13T12:03:25.126+0000] {logging_mixin.py:188} INFO - [2026-06-13T12:03:25.125+0000] {dag.py:3954} INFO - Setting next_dagrun for example_short_circuit_decorator to 2026-06-12 00:00:00+00:00, run_after=2026-06-13 00:00:00+00:00
[2026-06-13T12:03:25.158+0000] {processor.py:183} INFO - Processing /home/airflow/.local/lib/python3.12/site-packages/airflow/example_dags/example_short_circuit_decorator.py took 0.108 seconds
[2026-06-13T12:03:55.569+0000] {processor.py:161} INFO - Started process (PID=2859) to work on /home/airflow/.local/lib/python3.12/site-packages/airflow/example_dags/example_short_circuit_decorator.py
[2026-06-13T12:03:55.571+0000] {processor.py:830} INFO - Processing file /home/airflow/.local/lib/python3.12/site-packages/airflow/example_dags/example_short_circuit_decorator.py for tasks to queue
[2026-06-13T12:03:55.573+0000] {logging_mixin.py:188} INFO - [2026-06-13T12:03:55.573+0000] {dagbag.py:545} INFO - Filling up the DagBag from /home/airflow/.local/lib/python3.12/site-packages/airflow/example_dags/example_short_circuit_decorator.py
[2026-06-13T12:03:55.583+0000] {processor.py:840} INFO - DAG(s) 'example_short_circuit_decorator' retrieved from /home/airflow/.local/lib/python3.12/site-packages/airflow/example_dags/example_short_circuit_decorator.py
[2026-06-13T12:03:55.613+0000] {logging_mixin.py:188} INFO - [2026-06-13T12:03:55.612+0000] {dag.py:3096} INFO - Sync 1 DAGs
[2026-06-13T12:03:55.639+0000] {logging_mixin.py:188} INFO - [2026-06-13T12:03:55.639+0000] {dag.py:3954} INFO - Setting next_dagrun for example_short_circuit_decorator to 2026-06-12 00:00:00+00:00, run_after=2026-06-13 00:00:00+00:00
[2026-06-13T12:03:55.665+0000] {processor.py:183} INFO - Processing /home/airflow/.local/lib/python3.12/site-packages/airflow/example_dags/example_short_circuit_decorator.py took 0.106 seconds
[2026-06-13T12:04:26.095+0000] {processor.py:161} INFO - Started process (PID=2933) to work on /home/airflow/.local/lib/python3.12/site-packages/airflow/example_dags/example_short_circuit_decorator.py
[2026-06-13T12:04:26.097+0000] {processor.py:830} INFO - Processing file /home/airflow/.local/lib/python3.12/site-packages/airflow/example_dags/example_short_circuit_decorator.py for tasks to queue
[2026-06-13T12:04:26.100+0000] {logging_mixin.py:188} INFO - [2026-06-13T12:04:26.100+0000] {dagbag.py:545} INFO - Filling up the DagBag from /home/airflow/.local/lib/python3.12/site-packages/airflow/example_dags/example_short_circuit_decorator.py
[2026-06-13T12:04:26.111+0000] {processor.py:840} INFO - DAG(s) 'example_short_circuit_decorator' retrieved from /home/airflow/.local/lib/python3.12/site-packages/airflow/example_dags/example_short_circuit_decorator.py
[2026-06-13T12:04:26.142+0000] {logging_mixin.py:188} INFO - [2026-06-13T12:04:26.141+0000] {dag.py:3096} INFO - Sync 1 DAGs
[2026-06-13T12:04:26.173+0000] {logging_mixin.py:188} INFO - [2026-06-13T12:04:26.172+0000] {dag.py:3954} INFO - Setting next_dagrun for example_short_circuit_decorator to 2026-06-12 00:00:00+00:00, run_after=2026-06-13 00:00:00+00:00
[2026-06-13T12:04:26.202+0000] {processor.py:183} INFO - Processing /home/airflow/.local/lib/python3.12/site-packages/airflow/example_dags/example_short_circuit_decorator.py took 0.117 seconds
[2026-06-13T12:04:56.483+0000] {processor.py:161} INFO - Started process (PID=2992) to work on /home/airflow/.local/lib/python3.12/site-packages/airflow/example_dags/example_short_circuit_decorator.py
[2026-06-13T12:04:56.485+0000] {processor.py:830} INFO - Processing file /home/airflow/.local/lib/python3.12/site-packages/airflow/example_dags/example_short_circuit_decorator.py for tasks to queue
[2026-06-13T12:04:56.488+0000] {logging_mixin.py:188} INFO - [2026-06-13T12:04:56.487+0000] {dagbag.py:545} INFO - Filling up the DagBag from /home/airflow/.local/lib/python3.12/site-packages/airflow/example_dags/example_short_circuit_decorator.py
[2026-06-13T12:04:56.499+0000] {processor.py:840} INFO - DAG(s) 'example_short_circuit_decorator' retrieved from /home/airflow/.local/lib/python3.12/site-packages/airflow/example_dags/example_short_circuit_decorator.py
[2026-06-13T12:04:56.534+0000] {logging_mixin.py:188} INFO - [2026-06-13T12:04:56.533+0000] {dag.py:3096} INFO - Sync 1 DAGs
[2026-06-13T12:04:56.564+0000] {logging_mixin.py:188} INFO - [2026-06-13T12:04:56.564+0000] {dag.py:3954} INFO - Setting next_dagrun for example_short_circuit_decorator to 2026-06-12 00:00:00+00:00, run_after=2026-06-13 00:00:00+00:00
[2026-06-13T12:04:56.593+0000] {processor.py:183} INFO - Processing /home/airflow/.local/lib/python3.12/site-packages/airflow/example_dags/example_short_circuit_decorator.py took 0.120 seconds
[2026-06-13T12:05:26.864+0000] {processor.py:161} INFO - Started process (PID=3051) to work on /home/airflow/.local/lib/python3.12/site-packages/airflow/example_dags/example_short_circuit_decorator.py
[2026-06-13T12:05:26.865+0000] {processor.py:830} INFO - Processing file /home/airflow/.local/lib/python3.12/site-packages/airflow/example_dags/example_short_circuit_decorator.py for tasks to queue
[2026-06-13T12:05:26.869+0000] {logging_mixin.py:188} INFO - [2026-06-13T12:05:26.868+0000] {dagbag.py:545} INFO - Filling up the DagBag from /home/airflow/.local/lib/python3.12/site-packages/airflow/example_dags/example_short_circuit_decorator.py
[2026-06-13T12:05:26.878+0000] {processor.py:840} INFO - DAG(s) 'example_short_circuit_decorator' retrieved from /home/airflow/.local/lib/python3.12/site-packages/airflow/example_dags/example_short_circuit_decorator.py
[2026-06-13T12:05:26.910+0000] {logging_mixin.py:188} INFO - [2026-06-13T12:05:26.910+0000] {dag.py:3096} INFO - Sync 1 DAGs
[2026-06-13T12:05:26.935+0000] {logging_mixin.py:188} INFO - [2026-06-13T12:05:26.935+0000] {dag.py:3954} INFO - Setting next_dagrun for example_short_circuit_decorator to 2026-06-12 00:00:00+00:00, run_after=2026-06-13 00:00:00+00:00
[2026-06-13T12:05:26.961+0000] {processor.py:183} INFO - Processing /home/airflow/.local/lib/python3.12/site-packages/airflow/example_dags/example_short_circuit_decorator.py took 0.107 seconds
[2026-06-13T12:05:57.509+0000] {processor.py:161} INFO - Started process (PID=3111) to work on /home/airflow/.local/lib/python3.12/site-packages/airflow/example_dags/example_short_circuit_decorator.py
[2026-06-13T12:05:57.511+0000] {processor.py:830} INFO - Processing file /home/airflow/.local/lib/python3.12/site-packages/airflow/example_dags/example_short_circuit_decorator.py for tasks to queue
[2026-06-13T12:05:57.513+0000] {logging_mixin.py:188} INFO - [2026-06-13T12:05:57.513+0000] {dagbag.py:545} INFO - Filling up the DagBag from /home/airflow/.local/lib/python3.12/site-packages/airflow/example_dags/example_short_circuit_decorator.py
[2026-06-13T12:05:57.522+0000] {processor.py:840} INFO - DAG(s) 'example_short_circuit_decorator' retrieved from /home/airflow/.local/lib/python3.12/site-packages/airflow/example_dags/example_short_circuit_decorator.py
[2026-06-13T12:05:57.550+0000] {logging_mixin.py:188} INFO - [2026-06-13T12:05:57.550+0000] {dag.py:3096} INFO - Sync 1 DAGs
[2026-06-13T12:05:57.575+0000] {logging_mixin.py:188} INFO - [2026-06-13T12:05:57.575+0000] {dag.py:3954} INFO - Setting next_dagrun for example_short_circuit_decorator to 2026-06-12 00:00:00+00:00, run_after=2026-06-13 00:00:00+00:00
[2026-06-13T12:05:57.611+0000] {processor.py:183} INFO - Processing /home/airflow/.local/lib/python3.12/site-packages/airflow/example_dags/example_short_circuit_decorator.py took 0.112 seconds
[2026-06-13T12:06:27.756+0000] {processor.py:161} INFO - Started process (PID=3169) to work on /home/airflow/.local/lib/python3.12/site-packages/airflow/example_dags/example_short_circuit_decorator.py
[2026-06-13T12:06:27.758+0000] {processor.py:830} INFO - Processing file /home/airflow/.local/lib/python3.12/site-packages/airflow/example_dags/example_short_circuit_decorator.py for tasks to queue
[2026-06-13T12:06:27.760+0000] {logging_mixin.py:188} INFO - [2026-06-13T12:06:27.760+0000] {dagbag.py:545} INFO - Filling up the DagBag from /home/airflow/.local/lib/python3.12/site-packages/airflow/example_dags/example_short_circuit_decorator.py
[2026-06-13T12:06:27.768+0000] {processor.py:840} INFO - DAG(s) 'example_short_circuit_decorator' retrieved from /home/airflow/.local/lib/python3.12/site-packages/airflow/example_dags/example_short_circuit_decorator.py
[2026-06-13T12:06:27.796+0000] {logging_mixin.py:188} INFO - [2026-06-13T12:06:27.796+0000] {dag.py:3096} INFO - Sync 1 DAGs
[2026-06-13T12:06:27.820+0000] {logging_mixin.py:188} INFO - [2026-06-13T12:06:27.820+0000] {dag.py:3954} INFO - Setting next_dagrun for example_short_circuit_decorator to 2026-06-12 00:00:00+00:00, run_after=2026-06-13 00:00:00+00:00
[2026-06-13T12:06:27.855+0000] {processor.py:183} INFO - Processing /home/airflow/.local/lib/python3.12/site-packages/airflow/example_dags/example_short_circuit_decorator.py took 0.108 seconds
[2026-06-13T12:06:58.004+0000] {processor.py:161} INFO - Started process (PID=3228) to work on /home/airflow/.local/lib/python3.12/site-packages/airflow/example_dags/example_short_circuit_decorator.py
[2026-06-13T12:06:58.006+0000] {processor.py:830} INFO - Processing file /home/airflow/.local/lib/python3.12/site-packages/airflow/example_dags/example_short_circuit_decorator.py for tasks to queue
[2026-06-13T12:06:58.010+0000] {logging_mixin.py:188} INFO - [2026-06-13T12:06:58.010+0000] {dagbag.py:545} INFO - Filling up the DagBag from /home/airflow/.local/lib/python3.12/site-packages/airflow/example_dags/example_short_circuit_decorator.py
[2026-06-13T12:06:58.021+0000] {processor.py:840} INFO - DAG(s) 'example_short_circuit_decorator' retrieved from /home/airflow/.local/lib/python3.12/site-packages/airflow/example_dags/example_short_circuit_decorator.py
[2026-06-13T12:06:58.051+0000] {logging_mixin.py:188} INFO - [2026-06-13T12:06:58.050+0000] {dag.py:3096} INFO - Sync 1 DAGs
[2026-06-13T12:06:58.076+0000] {logging_mixin.py:188} INFO - [2026-06-13T12:06:58.076+0000] {dag.py:3954} INFO - Setting next_dagrun for example_short_circuit_decorator to 2026-06-12 00:00:00+00:00, run_after=2026-06-13 00:00:00+00:00
[2026-06-13T12:06:58.108+0000] {processor.py:183} INFO - Processing /home/airflow/.local/lib/python3.12/site-packages/airflow/example_dags/example_short_circuit_decorator.py took 0.114 seconds
[2026-06-13T12:07:28.274+0000] {processor.py:161} INFO - Started process (PID=3287) to work on /home/airflow/.local/lib/python3.12/site-packages/airflow/example_dags/example_short_circuit_decorator.py
[2026-06-13T12:07:28.276+0000] {processor.py:830} INFO - Processing file /home/airflow/.local/lib/python3.12/site-packages/airflow/example_dags/example_short_circuit_decorator.py for tasks to queue
[2026-06-13T12:07:28.280+0000] {logging_mixin.py:188} INFO - [2026-06-13T12:07:28.279+0000] {dagbag.py:545} INFO - Filling up the DagBag from /home/airflow/.local/lib/python3.12/site-packages/airflow/example_dags/example_short_circuit_decorator.py
[2026-06-13T12:07:28.289+0000] {processor.py:840} INFO - DAG(s) 'example_short_circuit_decorator' retrieved from /home/airflow/.local/lib/python3.12/site-packages/airflow/example_dags/example_short_circuit_decorator.py
[2026-06-13T12:07:28.319+0000] {logging_mixin.py:188} INFO - [2026-06-13T12:07:28.319+0000] {dag.py:3096} INFO - Sync 1 DAGs
[2026-06-13T12:07:28.345+0000] {logging_mixin.py:188} INFO - [2026-06-13T12:07:28.344+0000] {dag.py:3954} INFO - Setting next_dagrun for example_short_circuit_decorator to 2026-06-12 00:00:00+00:00, run_after=2026-06-13 00:00:00+00:00
[2026-06-13T12:07:28.367+0000] {processor.py:183} INFO - Processing /home/airflow/.local/lib/python3.12/site-packages/airflow/example_dags/example_short_circuit_decorator.py took 0.104 seconds
[2026-06-13T12:07:58.644+0000] {processor.py:161} INFO - Started process (PID=3346) to work on /home/airflow/.local/lib/python3.12/site-packages/airflow/example_dags/example_short_circuit_decorator.py
[2026-06-13T12:07:58.646+0000] {processor.py:830} INFO - Processing file /home/airflow/.local/lib/python3.12/site-packages/airflow/example_dags/example_short_circuit_decorator.py for tasks to queue
[2026-06-13T12:07:58.650+0000] {logging_mixin.py:188} INFO - [2026-06-13T12:07:58.650+0000] {dagbag.py:545} INFO - Filling up the DagBag from /home/airflow/.local/lib/python3.12/site-packages/airflow/example_dags/example_short_circuit_decorator.py
[2026-06-13T12:07:58.662+0000] {processor.py:840} INFO - DAG(s) 'example_short_circuit_decorator' retrieved from /home/airflow/.local/lib/python3.12/site-packages/airflow/example_dags/example_short_circuit_decorator.py
[2026-06-13T12:07:58.698+0000] {logging_mixin.py:188} INFO - [2026-06-13T12:07:58.698+0000] {dag.py:3096} INFO - Sync 1 DAGs
[2026-06-13T12:07:58.730+0000] {logging_mixin.py:188} INFO - [2026-06-13T12:07:58.729+0000] {dag.py:3954} INFO - Setting next_dagrun for example_short_circuit_decorator to 2026-06-12 00:00:00+00:00, run_after=2026-06-13 00:00:00+00:00
[2026-06-13T12:07:58.766+0000] {processor.py:183} INFO - Processing /home/airflow/.local/lib/python3.12/site-packages/airflow/example_dags/example_short_circuit_decorator.py took 0.133 seconds
[2026-06-13T12:08:29.014+0000] {processor.py:161} INFO - Started process (PID=3405) to work on /home/airflow/.local/lib/python3.12/site-packages/airflow/example_dags/example_short_circuit_decorator.py
[2026-06-13T12:08:29.016+0000] {processor.py:830} INFO - Processing file /home/airflow/.local/lib/python3.12/site-packages/airflow/example_dags/example_short_circuit_decorator.py for tasks to queue
[2026-06-13T12:08:29.018+0000] {logging_mixin.py:188} INFO - [2026-06-13T12:08:29.018+0000] {dagbag.py:545} INFO - Filling up the DagBag from /home/airflow/.local/lib/python3.12/site-packages/airflow/example_dags/example_short_circuit_decorator.py
[2026-06-13T12:08:29.028+0000] {processor.py:840} INFO - DAG(s) 'example_short_circuit_decorator' retrieved from /home/airflow/.local/lib/python3.12/site-packages/airflow/example_dags/example_short_circuit_decorator.py
[2026-06-13T12:08:29.059+0000] {logging_mixin.py:188} INFO - [2026-06-13T12:08:29.059+0000] {dag.py:3096} INFO - Sync 1 DAGs
[2026-06-13T12:08:29.085+0000] {logging_mixin.py:188} INFO - [2026-06-13T12:08:29.085+0000] {dag.py:3954} INFO - Setting next_dagrun for example_short_circuit_decorator to 2026-06-12 00:00:00+00:00, run_after=2026-06-13 00:00:00+00:00
[2026-06-13T12:08:29.121+0000] {processor.py:183} INFO - Processing /home/airflow/.local/lib/python3.12/site-packages/airflow/example_dags/example_short_circuit_decorator.py took 0.116 seconds
[2026-06-13T12:08:59.263+0000] {processor.py:161} INFO - Started process (PID=3464) to work on /home/airflow/.local/lib/python3.12/site-packages/airflow/example_dags/example_short_circuit_decorator.py
[2026-06-13T12:08:59.265+0000] {processor.py:830} INFO - Processing file /home/airflow/.local/lib/python3.12/site-packages/airflow/example_dags/example_short_circuit_decorator.py for tasks to queue
[2026-06-13T12:08:59.268+0000] {logging_mixin.py:188} INFO - [2026-06-13T12:08:59.267+0000] {dagbag.py:545} INFO - Filling up the DagBag from /home/airflow/.local/lib/python3.12/site-packages/airflow/example_dags/example_short_circuit_decorator.py
[2026-06-13T12:08:59.277+0000] {processor.py:840} INFO - DAG(s) 'example_short_circuit_decorator' retrieved from /home/airflow/.local/lib/python3.12/site-packages/airflow/example_dags/example_short_circuit_decorator.py
[2026-06-13T12:08:59.308+0000] {logging_mixin.py:188} INFO - [2026-06-13T12:08:59.307+0000] {dag.py:3096} INFO - Sync 1 DAGs
[2026-06-13T12:08:59.331+0000] {logging_mixin.py:188} INFO - [2026-06-13T12:08:59.331+0000] {dag.py:3954} INFO - Setting next_dagrun for example_short_circuit_decorator to 2026-06-12 00:00:00+00:00, run_after=2026-06-13 00:00:00+00:00
[2026-06-13T12:08:59.365+0000] {processor.py:183} INFO - Processing /home/airflow/.local/lib/python3.12/site-packages/airflow/example_dags/example_short_circuit_decorator.py took 0.112 seconds
[2026-06-13T12:09:29.924+0000] {processor.py:161} INFO - Started process (PID=3523) to work on /home/airflow/.local/lib/python3.12/site-packages/airflow/example_dags/example_short_circuit_decorator.py
[2026-06-13T12:09:29.926+0000] {processor.py:830} INFO - Processing file /home/airflow/.local/lib/python3.12/site-packages/airflow/example_dags/example_short_circuit_decorator.py for tasks to queue
[2026-06-13T12:09:29.930+0000] {logging_mixin.py:188} INFO - [2026-06-13T12:09:29.929+0000] {dagbag.py:545} INFO - Filling up the DagBag from /home/airflow/.local/lib/python3.12/site-packages/airflow/example_dags/example_short_circuit_decorator.py
[2026-06-13T12:09:29.940+0000] {processor.py:840} INFO - DAG(s) 'example_short_circuit_decorator' retrieved from /home/airflow/.local/lib/python3.12/site-packages/airflow/example_dags/example_short_circuit_decorator.py
[2026-06-13T12:09:29.970+0000] {logging_mixin.py:188} INFO - [2026-06-13T12:09:29.969+0000] {dag.py:3096} INFO - Sync 1 DAGs
[2026-06-13T12:09:29.995+0000] {logging_mixin.py:188} INFO - [2026-06-13T12:09:29.995+0000] {dag.py:3954} INFO - Setting next_dagrun for example_short_circuit_decorator to 2026-06-12 00:00:00+00:00, run_after=2026-06-13 00:00:00+00:00
[2026-06-13T12:09:30.023+0000] {processor.py:183} INFO - Processing /home/airflow/.local/lib/python3.12/site-packages/airflow/example_dags/example_short_circuit_decorator.py took 0.110 seconds
[2026-06-13T12:10:00.505+0000] {processor.py:161} INFO - Started process (PID=3582) to work on /home/airflow/.local/lib/python3.12/site-packages/airflow/example_dags/example_short_circuit_decorator.py
[2026-06-13T12:10:00.512+0000] {processor.py:830} INFO - Processing file /home/airflow/.local/lib/python3.12/site-packages/airflow/example_dags/example_short_circuit_decorator.py for tasks to queue
[2026-06-13T12:10:00.519+0000] {logging_mixin.py:188} INFO - [2026-06-13T12:10:00.518+0000] {dagbag.py:545} INFO - Filling up the DagBag from /home/airflow/.local/lib/python3.12/site-packages/airflow/example_dags/example_short_circuit_decorator.py
[2026-06-13T12:10:00.560+0000] {processor.py:840} INFO - DAG(s) 'example_short_circuit_decorator' retrieved from /home/airflow/.local/lib/python3.12/site-packages/airflow/example_dags/example_short_circuit_decorator.py
[2026-06-13T12:10:00.674+0000] {logging_mixin.py:188} INFO - [2026-06-13T12:10:00.673+0000] {dag.py:3096} INFO - Sync 1 DAGs
[2026-06-13T12:10:00.783+0000] {logging_mixin.py:188} INFO - [2026-06-13T12:10:00.782+0000] {dag.py:3954} INFO - Setting next_dagrun for example_short_circuit_decorator to 2026-06-12 00:00:00+00:00, run_after=2026-06-13 00:00:00+00:00
[2026-06-13T12:10:00.887+0000] {processor.py:183} INFO - Processing /home/airflow/.local/lib/python3.12/site-packages/airflow/example_dags/example_short_circuit_decorator.py took 0.426 seconds
[2026-06-13T12:14:38.421+0000] {processor.py:161} INFO - Started process (PID=3623) to work on /home/airflow/.local/lib/python3.12/site-packages/airflow/example_dags/example_short_circuit_decorator.py
[2026-06-13T12:14:38.422+0000] {processor.py:830} INFO - Processing file /home/airflow/.local/lib/python3.12/site-packages/airflow/example_dags/example_short_circuit_decorator.py for tasks to queue
[2026-06-13T12:14:38.425+0000] {logging_mixin.py:188} INFO - [2026-06-13T12:14:38.424+0000] {dagbag.py:545} INFO - Filling up the DagBag from /home/airflow/.local/lib/python3.12/site-packages/airflow/example_dags/example_short_circuit_decorator.py
[2026-06-13T12:14:38.434+0000] {processor.py:840} INFO - DAG(s) 'example_short_circuit_decorator' retrieved from /home/airflow/.local/lib/python3.12/site-packages/airflow/example_dags/example_short_circuit_decorator.py
[2026-06-13T12:14:38.464+0000] {logging_mixin.py:188} INFO - [2026-06-13T12:14:38.464+0000] {dag.py:3096} INFO - Sync 1 DAGs
[2026-06-13T12:14:38.491+0000] {logging_mixin.py:188} INFO - [2026-06-13T12:14:38.491+0000] {dag.py:3954} INFO - Setting next_dagrun for example_short_circuit_decorator to 2026-06-12 00:00:00+00:00, run_after=2026-06-13 00:00:00+00:00
[2026-06-13T12:14:38.520+0000] {processor.py:183} INFO - Processing /home/airflow/.local/lib/python3.12/site-packages/airflow/example_dags/example_short_circuit_decorator.py took 0.109 seconds
[2026-06-13T12:15:09.309+0000] {processor.py:161} INFO - Started process (PID=3682) to work on /home/airflow/.local/lib/python3.12/site-packages/airflow/example_dags/example_short_circuit_decorator.py
[2026-06-13T12:15:09.311+0000] {processor.py:830} INFO - Processing file /home/airflow/.local/lib/python3.12/site-packages/airflow/example_dags/example_short_circuit_decorator.py for tasks to queue
[2026-06-13T12:15:09.314+0000] {logging_mixin.py:188} INFO - [2026-06-13T12:15:09.313+0000] {dagbag.py:545} INFO - Filling up the DagBag from /home/airflow/.local/lib/python3.12/site-packages/airflow/example_dags/example_short_circuit_decorator.py
[2026-06-13T12:15:09.325+0000] {processor.py:840} INFO - DAG(s) 'example_short_circuit_decorator' retrieved from /home/airflow/.local/lib/python3.12/site-packages/airflow/example_dags/example_short_circuit_decorator.py
[2026-06-13T12:15:09.361+0000] {logging_mixin.py:188} INFO - [2026-06-13T12:15:09.360+0000] {dag.py:3096} INFO - Sync 1 DAGs
[2026-06-13T12:15:09.389+0000] {logging_mixin.py:188} INFO - [2026-06-13T12:15:09.389+0000] {dag.py:3954} INFO - Setting next_dagrun for example_short_circuit_decorator to 2026-06-12 00:00:00+00:00, run_after=2026-06-13 00:00:00+00:00
[2026-06-13T12:15:09.426+0000] {processor.py:183} INFO - Processing /home/airflow/.local/lib/python3.12/site-packages/airflow/example_dags/example_short_circuit_decorator.py took 0.129 seconds
[2026-06-13T12:15:39.958+0000] {processor.py:161} INFO - Started process (PID=3741) to work on /home/airflow/.local/lib/python3.12/site-packages/airflow/example_dags/example_short_circuit_decorator.py
[2026-06-13T12:15:39.960+0000] {processor.py:830} INFO - Processing file /home/airflow/.local/lib/python3.12/site-packages/airflow/example_dags/example_short_circuit_decorator.py for tasks to queue
[2026-06-13T12:15:39.963+0000] {logging_mixin.py:188} INFO - [2026-06-13T12:15:39.963+0000] {dagbag.py:545} INFO - Filling up the DagBag from /home/airflow/.local/lib/python3.12/site-packages/airflow/example_dags/example_short_circuit_decorator.py
[2026-06-13T12:15:39.973+0000] {processor.py:840} INFO - DAG(s) 'example_short_circuit_decorator' retrieved from /home/airflow/.local/lib/python3.12/site-packages/airflow/example_dags/example_short_circuit_decorator.py
[2026-06-13T12:15:40.002+0000] {logging_mixin.py:188} INFO - [2026-06-13T12:15:40.001+0000] {dag.py:3096} INFO - Sync 1 DAGs
[2026-06-13T12:15:40.026+0000] {logging_mixin.py:188} INFO - [2026-06-13T12:15:40.026+0000] {dag.py:3954} INFO - Setting next_dagrun for example_short_circuit_decorator to 2026-06-12 00:00:00+00:00, run_after=2026-06-13 00:00:00+00:00
[2026-06-13T12:15:40.059+0000] {processor.py:183} INFO - Processing /home/airflow/.local/lib/python3.12/site-packages/airflow/example_dags/example_short_circuit_decorator.py took 0.110 seconds
[2026-06-13T12:16:10.460+0000] {processor.py:161} INFO - Started process (PID=3800) to work on /home/airflow/.local/lib/python3.12/site-packages/airflow/example_dags/example_short_circuit_decorator.py
[2026-06-13T12:16:10.462+0000] {processor.py:830} INFO - Processing file /home/airflow/.local/lib/python3.12/site-packages/airflow/example_dags/example_short_circuit_decorator.py for tasks to queue
[2026-06-13T12:16:10.464+0000] {logging_mixin.py:188} INFO - [2026-06-13T12:16:10.464+0000] {dagbag.py:545} INFO - Filling up the DagBag from /home/airflow/.local/lib/python3.12/site-packages/airflow/example_dags/example_short_circuit_decorator.py
[2026-06-13T12:16:10.473+0000] {processor.py:840} INFO - DAG(s) 'example_short_circuit_decorator' retrieved from /home/airflow/.local/lib/python3.12/site-packages/airflow/example_dags/example_short_circuit_decorator.py
[2026-06-13T12:16:10.501+0000] {logging_mixin.py:188} INFO - [2026-06-13T12:16:10.500+0000] {dag.py:3096} INFO - Sync 1 DAGs
[2026-06-13T12:16:10.526+0000] {logging_mixin.py:188} INFO - [2026-06-13T12:16:10.525+0000] {dag.py:3954} INFO - Setting next_dagrun for example_short_circuit_decorator to 2026-06-12 00:00:00+00:00, run_after=2026-06-13 00:00:00+00:00
[2026-06-13T12:16:10.552+0000] {processor.py:183} INFO - Processing /home/airflow/.local/lib/python3.12/site-packages/airflow/example_dags/example_short_circuit_decorator.py took 0.102 seconds
[2026-06-13T12:16:40.648+0000] {processor.py:161} INFO - Started process (PID=3859) to work on /home/airflow/.local/lib/python3.12/site-packages/airflow/example_dags/example_short_circuit_decorator.py
[2026-06-13T12:16:40.650+0000] {processor.py:830} INFO - Processing file /home/airflow/.local/lib/python3.12/site-packages/airflow/example_dags/example_short_circuit_decorator.py for tasks to queue
[2026-06-13T12:16:40.652+0000] {logging_mixin.py:188} INFO - [2026-06-13T12:16:40.652+0000] {dagbag.py:545} INFO - Filling up the DagBag from /home/airflow/.local/lib/python3.12/site-packages/airflow/example_dags/example_short_circuit_decorator.py
[2026-06-13T12:16:40.661+0000] {processor.py:840} INFO - DAG(s) 'example_short_circuit_decorator' retrieved from /home/airflow/.local/lib/python3.12/site-packages/airflow/example_dags/example_short_circuit_decorator.py
[2026-06-13T12:16:40.689+0000] {logging_mixin.py:188} INFO - [2026-06-13T12:16:40.689+0000] {dag.py:3096} INFO - Sync 1 DAGs
[2026-06-13T12:16:40.714+0000] {logging_mixin.py:188} INFO - [2026-06-13T12:16:40.714+0000] {dag.py:3954} INFO - Setting next_dagrun for example_short_circuit_decorator to 2026-06-12 00:00:00+00:00, run_after=2026-06-13 00:00:00+00:00
[2026-06-13T12:16:40.741+0000] {processor.py:183} INFO - Processing /home/airflow/.local/lib/python3.12/site-packages/airflow/example_dags/example_short_circuit_decorator.py took 0.103 seconds
[2026-06-13T12:17:10.923+0000] {processor.py:161} INFO - Started process (PID=3918) to work on /home/airflow/.local/lib/python3.12/site-packages/airflow/example_dags/example_short_circuit_decorator.py
[2026-06-13T12:17:10.925+0000] {processor.py:830} INFO - Processing file /home/airflow/.local/lib/python3.12/site-packages/airflow/example_dags/example_short_circuit_decorator.py for tasks to queue
[2026-06-13T12:17:10.929+0000] {logging_mixin.py:188} INFO - [2026-06-13T12:17:10.928+0000] {dagbag.py:545} INFO - Filling up the DagBag from /home/airflow/.local/lib/python3.12/site-packages/airflow/example_dags/example_short_circuit_decorator.py
[2026-06-13T12:17:10.938+0000] {processor.py:840} INFO - DAG(s) 'example_short_circuit_decorator' retrieved from /home/airflow/.local/lib/python3.12/site-packages/airflow/example_dags/example_short_circuit_decorator.py
[2026-06-13T12:17:10.966+0000] {logging_mixin.py:188} INFO - [2026-06-13T12:17:10.965+0000] {dag.py:3096} INFO - Sync 1 DAGs
[2026-06-13T12:17:10.992+0000] {logging_mixin.py:188} INFO - [2026-06-13T12:17:10.992+0000] {dag.py:3954} INFO - Setting next_dagrun for example_short_circuit_decorator to 2026-06-12 00:00:00+00:00, run_after=2026-06-13 00:00:00+00:00
[2026-06-13T12:17:11.020+0000] {processor.py:183} INFO - Processing /home/airflow/.local/lib/python3.12/site-packages/airflow/example_dags/example_short_circuit_decorator.py took 0.106 seconds
[2026-06-13T12:17:41.089+0000] {processor.py:161} INFO - Started process (PID=3977) to work on /home/airflow/.local/lib/python3.12/site-packages/airflow/example_dags/example_short_circuit_decorator.py
[2026-06-13T12:17:41.090+0000] {processor.py:830} INFO - Processing file /home/airflow/.local/lib/python3.12/site-packages/airflow/example_dags/example_short_circuit_decorator.py for tasks to queue
[2026-06-13T12:17:41.093+0000] {logging_mixin.py:188} INFO - [2026-06-13T12:17:41.093+0000] {dagbag.py:545} INFO - Filling up the DagBag from /home/airflow/.local/lib/python3.12/site-packages/airflow/example_dags/example_short_circuit_decorator.py
[2026-06-13T12:17:41.104+0000] {processor.py:840} INFO - DAG(s) 'example_short_circuit_decorator' retrieved from /home/airflow/.local/lib/python3.12/site-packages/airflow/example_dags/example_short_circuit_decorator.py
[2026-06-13T12:17:41.132+0000] {logging_mixin.py:188} INFO - [2026-06-13T12:17:41.132+0000] {dag.py:3096} INFO - Sync 1 DAGs
[2026-06-13T12:17:41.158+0000] {logging_mixin.py:188} INFO - [2026-06-13T12:17:41.158+0000] {dag.py:3954} INFO - Setting next_dagrun for example_short_circuit_decorator to 2026-06-12 00:00:00+00:00, run_after=2026-06-13 00:00:00+00:00
[2026-06-13T12:17:41.184+0000] {processor.py:183} INFO - Processing /home/airflow/.local/lib/python3.12/site-packages/airflow/example_dags/example_short_circuit_decorator.py took 0.105 seconds
[2026-06-13T12:18:11.287+0000] {processor.py:161} INFO - Started process (PID=4044) to work on /home/airflow/.local/lib/python3.12/site-packages/airflow/example_dags/example_short_circuit_decorator.py
[2026-06-13T12:18:11.289+0000] {processor.py:830} INFO - Processing file /home/airflow/.local/lib/python3.12/site-packages/airflow/example_dags/example_short_circuit_decorator.py for tasks to queue
[2026-06-13T12:18:11.291+0000] {logging_mixin.py:188} INFO - [2026-06-13T12:18:11.291+0000] {dagbag.py:545} INFO - Filling up the DagBag from /home/airflow/.local/lib/python3.12/site-packages/airflow/example_dags/example_short_circuit_decorator.py
[2026-06-13T12:18:11.302+0000] {processor.py:840} INFO - DAG(s) 'example_short_circuit_decorator' retrieved from /home/airflow/.local/lib/python3.12/site-packages/airflow/example_dags/example_short_circuit_decorator.py
[2026-06-13T12:18:11.330+0000] {logging_mixin.py:188} INFO - [2026-06-13T12:18:11.330+0000] {dag.py:3096} INFO - Sync 1 DAGs
[2026-06-13T12:18:11.354+0000] {logging_mixin.py:188} INFO - [2026-06-13T12:18:11.354+0000] {dag.py:3954} INFO - Setting next_dagrun for example_short_circuit_decorator to 2026-06-12 00:00:00+00:00, run_after=2026-06-13 00:00:00+00:00
[2026-06-13T12:18:11.382+0000] {processor.py:183} INFO - Processing /home/airflow/.local/lib/python3.12/site-packages/airflow/example_dags/example_short_circuit_decorator.py took 0.104 seconds
[2026-06-13T12:18:58.314+0000] {processor.py:161} INFO - Started process (PID=66) to work on /home/airflow/.local/lib/python3.12/site-packages/airflow/example_dags/example_short_circuit_decorator.py
[2026-06-13T12:18:58.316+0000] {processor.py:830} INFO - Processing file /home/airflow/.local/lib/python3.12/site-packages/airflow/example_dags/example_short_circuit_decorator.py for tasks to queue
[2026-06-13T12:18:58.321+0000] {logging_mixin.py:188} INFO - [2026-06-13T12:18:58.320+0000] {dagbag.py:545} INFO - Filling up the DagBag from /home/airflow/.local/lib/python3.12/site-packages/airflow/example_dags/example_short_circuit_decorator.py
[2026-06-13T12:18:58.339+0000] {processor.py:840} INFO - DAG(s) 'example_short_circuit_decorator' retrieved from /home/airflow/.local/lib/python3.12/site-packages/airflow/example_dags/example_short_circuit_decorator.py
[2026-06-13T12:18:58.363+0000] {logging_mixin.py:188} INFO - [2026-06-13T12:18:58.362+0000] {dag.py:3096} INFO - Sync 1 DAGs
[2026-06-13T12:18:58.407+0000] {logging_mixin.py:188} INFO - [2026-06-13T12:18:58.406+0000] {dag.py:3954} INFO - Setting next_dagrun for example_short_circuit_decorator to 2026-06-12 00:00:00+00:00, run_after=2026-06-13 00:00:00+00:00
[2026-06-13T12:18:58.441+0000] {processor.py:183} INFO - Processing /home/airflow/.local/lib/python3.12/site-packages/airflow/example_dags/example_short_circuit_decorator.py took 0.135 seconds
[2026-06-13T12:19:28.645+0000] {processor.py:161} INFO - Started process (PID=124) to work on /home/airflow/.local/lib/python3.12/site-packages/airflow/example_dags/example_short_circuit_decorator.py
[2026-06-13T12:19:28.647+0000] {processor.py:830} INFO - Processing file /home/airflow/.local/lib/python3.12/site-packages/airflow/example_dags/example_short_circuit_decorator.py for tasks to queue
[2026-06-13T12:19:28.650+0000] {logging_mixin.py:188} INFO - [2026-06-13T12:19:28.649+0000] {dagbag.py:545} INFO - Filling up the DagBag from /home/airflow/.local/lib/python3.12/site-packages/airflow/example_dags/example_short_circuit_decorator.py
[2026-06-13T12:19:28.659+0000] {processor.py:840} INFO - DAG(s) 'example_short_circuit_decorator' retrieved from /home/airflow/.local/lib/python3.12/site-packages/airflow/example_dags/example_short_circuit_decorator.py
[2026-06-13T12:19:28.779+0000] {logging_mixin.py:188} INFO - [2026-06-13T12:19:28.779+0000] {dag.py:3096} INFO - Sync 1 DAGs
[2026-06-13T12:19:28.803+0000] {logging_mixin.py:188} INFO - [2026-06-13T12:19:28.803+0000] {dag.py:3954} INFO - Setting next_dagrun for example_short_circuit_decorator to 2026-06-12 00:00:00+00:00, run_after=2026-06-13 00:00:00+00:00
[2026-06-13T12:19:28.834+0000] {processor.py:183} INFO - Processing /home/airflow/.local/lib/python3.12/site-packages/airflow/example_dags/example_short_circuit_decorator.py took 0.196 seconds
[2026-06-13T12:19:59.201+0000] {processor.py:161} INFO - Started process (PID=183) to work on /home/airflow/.local/lib/python3.12/site-packages/airflow/example_dags/example_short_circuit_decorator.py
[2026-06-13T12:19:59.203+0000] {processor.py:830} INFO - Processing file /home/airflow/.local/lib/python3.12/site-packages/airflow/example_dags/example_short_circuit_decorator.py for tasks to queue
[2026-06-13T12:19:59.206+0000] {logging_mixin.py:188} INFO - [2026-06-13T12:19:59.206+0000] {dagbag.py:545} INFO - Filling up the DagBag from /home/airflow/.local/lib/python3.12/site-packages/airflow/example_dags/example_short_circuit_decorator.py
[2026-06-13T12:19:59.215+0000] {processor.py:840} INFO - DAG(s) 'example_short_circuit_decorator' retrieved from /home/airflow/.local/lib/python3.12/site-packages/airflow/example_dags/example_short_circuit_decorator.py
[2026-06-13T12:19:59.241+0000] {logging_mixin.py:188} INFO - [2026-06-13T12:19:59.241+0000] {dag.py:3096} INFO - Sync 1 DAGs
[2026-06-13T12:19:59.267+0000] {logging_mixin.py:188} INFO - [2026-06-13T12:19:59.267+0000] {dag.py:3954} INFO - Setting next_dagrun for example_short_circuit_decorator to 2026-06-12 00:00:00+00:00, run_after=2026-06-13 00:00:00+00:00
[2026-06-13T12:19:59.293+0000] {processor.py:183} INFO - Processing /home/airflow/.local/lib/python3.12/site-packages/airflow/example_dags/example_short_circuit_decorator.py took 0.099 seconds
[2026-06-13T12:20:29.503+0000] {processor.py:161} INFO - Started process (PID=243) to work on /home/airflow/.local/lib/python3.12/site-packages/airflow/example_dags/example_short_circuit_decorator.py
[2026-06-13T12:20:29.505+0000] {processor.py:830} INFO - Processing file /home/airflow/.local/lib/python3.12/site-packages/airflow/example_dags/example_short_circuit_decorator.py for tasks to queue
[2026-06-13T12:20:29.508+0000] {logging_mixin.py:188} INFO - [2026-06-13T12:20:29.508+0000] {dagbag.py:545} INFO - Filling up the DagBag from /home/airflow/.local/lib/python3.12/site-packages/airflow/example_dags/example_short_circuit_decorator.py
[2026-06-13T12:20:29.520+0000] {processor.py:840} INFO - DAG(s) 'example_short_circuit_decorator' retrieved from /home/airflow/.local/lib/python3.12/site-packages/airflow/example_dags/example_short_circuit_decorator.py
[2026-06-13T12:20:29.551+0000] {logging_mixin.py:188} INFO - [2026-06-13T12:20:29.551+0000] {dag.py:3096} INFO - Sync 1 DAGs
[2026-06-13T12:20:29.576+0000] {logging_mixin.py:188} INFO - [2026-06-13T12:20:29.576+0000] {dag.py:3954} INFO - Setting next_dagrun for example_short_circuit_decorator to 2026-06-12 00:00:00+00:00, run_after=2026-06-13 00:00:00+00:00
[2026-06-13T12:20:29.599+0000] {processor.py:183} INFO - Processing /home/airflow/.local/lib/python3.12/site-packages/airflow/example_dags/example_short_circuit_decorator.py took 0.103 seconds
[2026-06-13T12:20:59.783+0000] {processor.py:161} INFO - Started process (PID=302) to work on /home/airflow/.local/lib/python3.12/site-packages/airflow/example_dags/example_short_circuit_decorator.py
[2026-06-13T12:20:59.785+0000] {processor.py:830} INFO - Processing file /home/airflow/.local/lib/python3.12/site-packages/airflow/example_dags/example_short_circuit_decorator.py for tasks to queue
[2026-06-13T12:20:59.788+0000] {logging_mixin.py:188} INFO - [2026-06-13T12:20:59.788+0000] {dagbag.py:545} INFO - Filling up the DagBag from /home/airflow/.local/lib/python3.12/site-packages/airflow/example_dags/example_short_circuit_decorator.py
[2026-06-13T12:20:59.798+0000] {processor.py:840} INFO - DAG(s) 'example_short_circuit_decorator' retrieved from /home/airflow/.local/lib/python3.12/site-packages/airflow/example_dags/example_short_circuit_decorator.py
[2026-06-13T12:20:59.828+0000] {logging_mixin.py:188} INFO - [2026-06-13T12:20:59.827+0000] {dag.py:3096} INFO - Sync 1 DAGs
[2026-06-13T12:20:59.850+0000] {logging_mixin.py:188} INFO - [2026-06-13T12:20:59.850+0000] {dag.py:3954} INFO - Setting next_dagrun for example_short_circuit_decorator to 2026-06-12 00:00:00+00:00, run_after=2026-06-13 00:00:00+00:00
[2026-06-13T12:20:59.875+0000] {processor.py:183} INFO - Processing /home/airflow/.local/lib/python3.12/site-packages/airflow/example_dags/example_short_circuit_decorator.py took 0.098 seconds
[2026-06-13T12:21:30.029+0000] {processor.py:161} INFO - Started process (PID=361) to work on /home/airflow/.local/lib/python3.12/site-packages/airflow/example_dags/example_short_circuit_decorator.py
[2026-06-13T12:21:30.031+0000] {processor.py:830} INFO - Processing file /home/airflow/.local/lib/python3.12/site-packages/airflow/example_dags/example_short_circuit_decorator.py for tasks to queue
[2026-06-13T12:21:30.034+0000] {logging_mixin.py:188} INFO - [2026-06-13T12:21:30.034+0000] {dagbag.py:545} INFO - Filling up the DagBag from /home/airflow/.local/lib/python3.12/site-packages/airflow/example_dags/example_short_circuit_decorator.py
[2026-06-13T12:21:30.044+0000] {processor.py:840} INFO - DAG(s) 'example_short_circuit_decorator' retrieved from /home/airflow/.local/lib/python3.12/site-packages/airflow/example_dags/example_short_circuit_decorator.py
[2026-06-13T12:21:30.075+0000] {logging_mixin.py:188} INFO - [2026-06-13T12:21:30.074+0000] {dag.py:3096} INFO - Sync 1 DAGs
[2026-06-13T12:21:30.100+0000] {logging_mixin.py:188} INFO - [2026-06-13T12:21:30.100+0000] {dag.py:3954} INFO - Setting next_dagrun for example_short_circuit_decorator to 2026-06-12 00:00:00+00:00, run_after=2026-06-13 00:00:00+00:00
[2026-06-13T12:21:30.126+0000] {processor.py:183} INFO - Processing /home/airflow/.local/lib/python3.12/site-packages/airflow/example_dags/example_short_circuit_decorator.py took 0.103 seconds
[2026-06-13T12:22:00.306+0000] {processor.py:161} INFO - Started process (PID=421) to work on /home/airflow/.local/lib/python3.12/site-packages/airflow/example_dags/example_short_circuit_decorator.py
[2026-06-13T12:22:00.308+0000] {processor.py:830} INFO - Processing file /home/airflow/.local/lib/python3.12/site-packages/airflow/example_dags/example_short_circuit_decorator.py for tasks to queue
[2026-06-13T12:22:00.310+0000] {logging_mixin.py:188} INFO - [2026-06-13T12:22:00.310+0000] {dagbag.py:545} INFO - Filling up the DagBag from /home/airflow/.local/lib/python3.12/site-packages/airflow/example_dags/example_short_circuit_decorator.py
[2026-06-13T12:22:00.320+0000] {processor.py:840} INFO - DAG(s) 'example_short_circuit_decorator' retrieved from /home/airflow/.local/lib/python3.12/site-packages/airflow/example_dags/example_short_circuit_decorator.py
[2026-06-13T12:22:00.349+0000] {logging_mixin.py:188} INFO - [2026-06-13T12:22:00.349+0000] {dag.py:3096} INFO - Sync 1 DAGs
[2026-06-13T12:22:00.377+0000] {logging_mixin.py:188} INFO - [2026-06-13T12:22:00.377+0000] {dag.py:3954} INFO - Setting next_dagrun for example_short_circuit_decorator to 2026-06-12 00:00:00+00:00, run_after=2026-06-13 00:00:00+00:00
[2026-06-13T12:22:00.405+0000] {processor.py:183} INFO - Processing /home/airflow/.local/lib/python3.12/site-packages/airflow/example_dags/example_short_circuit_decorator.py took 0.105 seconds
[2026-06-13T12:22:30.922+0000] {processor.py:161} INFO - Started process (PID=480) to work on /home/airflow/.local/lib/python3.12/site-packages/airflow/example_dags/example_short_circuit_decorator.py
[2026-06-13T12:22:30.924+0000] {processor.py:830} INFO - Processing file /home/airflow/.local/lib/python3.12/site-packages/airflow/example_dags/example_short_circuit_decorator.py for tasks to queue
[2026-06-13T12:22:30.927+0000] {logging_mixin.py:188} INFO - [2026-06-13T12:22:30.926+0000] {dagbag.py:545} INFO - Filling up the DagBag from /home/airflow/.local/lib/python3.12/site-packages/airflow/example_dags/example_short_circuit_decorator.py
[2026-06-13T12:22:30.936+0000] {processor.py:840} INFO - DAG(s) 'example_short_circuit_decorator' retrieved from /home/airflow/.local/lib/python3.12/site-packages/airflow/example_dags/example_short_circuit_decorator.py
[2026-06-13T12:22:30.966+0000] {logging_mixin.py:188} INFO - [2026-06-13T12:22:30.965+0000] {dag.py:3096} INFO - Sync 1 DAGs
[2026-06-13T12:22:30.991+0000] {logging_mixin.py:188} INFO - [2026-06-13T12:22:30.991+0000] {dag.py:3954} INFO - Setting next_dagrun for example_short_circuit_decorator to 2026-06-12 00:00:00+00:00, run_after=2026-06-13 00:00:00+00:00
[2026-06-13T12:22:31.019+0000] {processor.py:183} INFO - Processing /home/airflow/.local/lib/python3.12/site-packages/airflow/example_dags/example_short_circuit_decorator.py took 0.103 seconds
[2026-06-13T12:23:01.273+0000] {processor.py:161} INFO - Started process (PID=539) to work on /home/airflow/.local/lib/python3.12/site-packages/airflow/example_dags/example_short_circuit_decorator.py
[2026-06-13T12:23:01.275+0000] {processor.py:830} INFO - Processing file /home/airflow/.local/lib/python3.12/site-packages/airflow/example_dags/example_short_circuit_decorator.py for tasks to queue
[2026-06-13T12:23:01.277+0000] {logging_mixin.py:188} INFO - [2026-06-13T12:23:01.277+0000] {dagbag.py:545} INFO - Filling up the DagBag from /home/airflow/.local/lib/python3.12/site-packages/airflow/example_dags/example_short_circuit_decorator.py
[2026-06-13T12:23:01.287+0000] {processor.py:840} INFO - DAG(s) 'example_short_circuit_decorator' retrieved from /home/airflow/.local/lib/python3.12/site-packages/airflow/example_dags/example_short_circuit_decorator.py
[2026-06-13T12:23:01.314+0000] {logging_mixin.py:188} INFO - [2026-06-13T12:23:01.314+0000] {dag.py:3096} INFO - Sync 1 DAGs
[2026-06-13T12:23:01.339+0000] {logging_mixin.py:188} INFO - [2026-06-13T12:23:01.339+0000] {dag.py:3954} INFO - Setting next_dagrun for example_short_circuit_decorator to 2026-06-12 00:00:00+00:00, run_after=2026-06-13 00:00:00+00:00
[2026-06-13T12:23:01.367+0000] {processor.py:183} INFO - Processing /home/airflow/.local/lib/python3.12/site-packages/airflow/example_dags/example_short_circuit_decorator.py took 0.101 seconds
[2026-06-13T12:26:03.076+0000] {processor.py:161} INFO - Started process (PID=599) to work on /home/airflow/.local/lib/python3.12/site-packages/airflow/example_dags/example_short_circuit_decorator.py
[2026-06-13T12:26:03.077+0000] {processor.py:830} INFO - Processing file /home/airflow/.local/lib/python3.12/site-packages/airflow/example_dags/example_short_circuit_decorator.py for tasks to queue
[2026-06-13T12:26:03.079+0000] {logging_mixin.py:188} INFO - [2026-06-13T12:26:03.079+0000] {dagbag.py:545} INFO - Filling up the DagBag from /home/airflow/.local/lib/python3.12/site-packages/airflow/example_dags/example_short_circuit_decorator.py
[2026-06-13T12:26:03.089+0000] {processor.py:840} INFO - DAG(s) 'example_short_circuit_decorator' retrieved from /home/airflow/.local/lib/python3.12/site-packages/airflow/example_dags/example_short_circuit_decorator.py
[2026-06-13T12:26:03.118+0000] {logging_mixin.py:188} INFO - [2026-06-13T12:26:03.118+0000] {dag.py:3096} INFO - Sync 1 DAGs
[2026-06-13T12:26:03.142+0000] {logging_mixin.py:188} INFO - [2026-06-13T12:26:03.142+0000] {dag.py:3954} INFO - Setting next_dagrun for example_short_circuit_decorator to 2026-06-12 00:00:00+00:00, run_after=2026-06-13 00:00:00+00:00
[2026-06-13T12:26:03.169+0000] {processor.py:183} INFO - Processing /home/airflow/.local/lib/python3.12/site-packages/airflow/example_dags/example_short_circuit_decorator.py took 0.100 seconds
[2026-06-13T12:26:33.880+0000] {processor.py:161} INFO - Started process (PID=658) to work on /home/airflow/.local/lib/python3.12/site-packages/airflow/example_dags/example_short_circuit_decorator.py
[2026-06-13T12:26:33.882+0000] {processor.py:830} INFO - Processing file /home/airflow/.local/lib/python3.12/site-packages/airflow/example_dags/example_short_circuit_decorator.py for tasks to queue
[2026-06-13T12:26:33.886+0000] {logging_mixin.py:188} INFO - [2026-06-13T12:26:33.885+0000] {dagbag.py:545} INFO - Filling up the DagBag from /home/airflow/.local/lib/python3.12/site-packages/airflow/example_dags/example_short_circuit_decorator.py
[2026-06-13T12:26:33.899+0000] {processor.py:840} INFO - DAG(s) 'example_short_circuit_decorator' retrieved from /home/airflow/.local/lib/python3.12/site-packages/airflow/example_dags/example_short_circuit_decorator.py
[2026-06-13T12:26:33.934+0000] {logging_mixin.py:188} INFO - [2026-06-13T12:26:33.934+0000] {dag.py:3096} INFO - Sync 1 DAGs
[2026-06-13T12:26:33.965+0000] {logging_mixin.py:188} INFO - [2026-06-13T12:26:33.965+0000] {dag.py:3954} INFO - Setting next_dagrun for example_short_circuit_decorator to 2026-06-12 00:00:00+00:00, run_after=2026-06-13 00:00:00+00:00
[2026-06-13T12:26:33.997+0000] {processor.py:183} INFO - Processing /home/airflow/.local/lib/python3.12/site-packages/airflow/example_dags/example_short_circuit_decorator.py took 0.126 seconds
[2026-06-13T12:27:04.726+0000] {processor.py:161} INFO - Started process (PID=718) to work on /home/airflow/.local/lib/python3.12/site-packages/airflow/example_dags/example_short_circuit_decorator.py
[2026-06-13T12:27:04.727+0000] {processor.py:830} INFO - Processing file /home/airflow/.local/lib/python3.12/site-packages/airflow/example_dags/example_short_circuit_decorator.py for tasks to queue
[2026-06-13T12:27:04.730+0000] {logging_mixin.py:188} INFO - [2026-06-13T12:27:04.729+0000] {dagbag.py:545} INFO - Filling up the DagBag from /home/airflow/.local/lib/python3.12/site-packages/airflow/example_dags/example_short_circuit_decorator.py
[2026-06-13T12:27:04.739+0000] {processor.py:840} INFO - DAG(s) 'example_short_circuit_decorator' retrieved from /home/airflow/.local/lib/python3.12/site-packages/airflow/example_dags/example_short_circuit_decorator.py
[2026-06-13T12:27:04.771+0000] {logging_mixin.py:188} INFO - [2026-06-13T12:27:04.771+0000] {dag.py:3096} INFO - Sync 1 DAGs
[2026-06-13T12:27:04.800+0000] {logging_mixin.py:188} INFO - [2026-06-13T12:27:04.800+0000] {dag.py:3954} INFO - Setting next_dagrun for example_short_circuit_decorator to 2026-06-12 00:00:00+00:00, run_after=2026-06-13 00:00:00+00:00
[2026-06-13T12:27:04.837+0000] {processor.py:183} INFO - Processing /home/airflow/.local/lib/python3.12/site-packages/airflow/example_dags/example_short_circuit_decorator.py took 0.118 seconds
[2026-06-13T12:27:35.417+0000] {processor.py:161} INFO - Started process (PID=777) to work on /home/airflow/.local/lib/python3.12/site-packages/airflow/example_dags/example_short_circuit_decorator.py
[2026-06-13T12:27:35.419+0000] {processor.py:830} INFO - Processing file /home/airflow/.local/lib/python3.12/site-packages/airflow/example_dags/example_short_circuit_decorator.py for tasks to queue
[2026-06-13T12:27:35.421+0000] {logging_mixin.py:188} INFO - [2026-06-13T12:27:35.421+0000] {dagbag.py:545} INFO - Filling up the DagBag from /home/airflow/.local/lib/python3.12/site-packages/airflow/example_dags/example_short_circuit_decorator.py
[2026-06-13T12:27:35.431+0000] {processor.py:840} INFO - DAG(s) 'example_short_circuit_decorator' retrieved from /home/airflow/.local/lib/python3.12/site-packages/airflow/example_dags/example_short_circuit_decorator.py
[2026-06-13T12:27:35.462+0000] {logging_mixin.py:188} INFO - [2026-06-13T12:27:35.461+0000] {dag.py:3096} INFO - Sync 1 DAGs
[2026-06-13T12:27:35.487+0000] {logging_mixin.py:188} INFO - [2026-06-13T12:27:35.487+0000] {dag.py:3954} INFO - Setting next_dagrun for example_short_circuit_decorator to 2026-06-12 00:00:00+00:00, run_after=2026-06-13 00:00:00+00:00
[2026-06-13T12:27:35.513+0000] {processor.py:183} INFO - Processing /home/airflow/.local/lib/python3.12/site-packages/airflow/example_dags/example_short_circuit_decorator.py took 0.102 seconds
[2026-06-13T12:28:05.855+0000] {processor.py:161} INFO - Started process (PID=836) to work on /home/airflow/.local/lib/python3.12/site-packages/airflow/example_dags/example_short_circuit_decorator.py
[2026-06-13T12:28:05.857+0000] {processor.py:830} INFO - Processing file /home/airflow/.local/lib/python3.12/site-packages/airflow/example_dags/example_short_circuit_decorator.py for tasks to queue
[2026-06-13T12:28:05.860+0000] {logging_mixin.py:188} INFO - [2026-06-13T12:28:05.859+0000] {dagbag.py:545} INFO - Filling up the DagBag from /home/airflow/.local/lib/python3.12/site-packages/airflow/example_dags/example_short_circuit_decorator.py
[2026-06-13T12:28:05.870+0000] {processor.py:840} INFO - DAG(s) 'example_short_circuit_decorator' retrieved from /home/airflow/.local/lib/python3.12/site-packages/airflow/example_dags/example_short_circuit_decorator.py
[2026-06-13T12:28:05.900+0000] {logging_mixin.py:188} INFO - [2026-06-13T12:28:05.899+0000] {dag.py:3096} INFO - Sync 1 DAGs
[2026-06-13T12:28:05.925+0000] {logging_mixin.py:188} INFO - [2026-06-13T12:28:05.925+0000] {dag.py:3954} INFO - Setting next_dagrun for example_short_circuit_decorator to 2026-06-12 00:00:00+00:00, run_after=2026-06-13 00:00:00+00:00
[2026-06-13T12:28:05.953+0000] {processor.py:183} INFO - Processing /home/airflow/.local/lib/python3.12/site-packages/airflow/example_dags/example_short_circuit_decorator.py took 0.104 seconds
[2026-06-13T12:28:36.243+0000] {processor.py:161} INFO - Started process (PID=895) to work on /home/airflow/.local/lib/python3.12/site-packages/airflow/example_dags/example_short_circuit_decorator.py
[2026-06-13T12:28:36.245+0000] {processor.py:830} INFO - Processing file /home/airflow/.local/lib/python3.12/site-packages/airflow/example_dags/example_short_circuit_decorator.py for tasks to queue
[2026-06-13T12:28:36.248+0000] {logging_mixin.py:188} INFO - [2026-06-13T12:28:36.248+0000] {dagbag.py:545} INFO - Filling up the DagBag from /home/airflow/.local/lib/python3.12/site-packages/airflow/example_dags/example_short_circuit_decorator.py
[2026-06-13T12:28:36.258+0000] {processor.py:840} INFO - DAG(s) 'example_short_circuit_decorator' retrieved from /home/airflow/.local/lib/python3.12/site-packages/airflow/example_dags/example_short_circuit_decorator.py
[2026-06-13T12:28:36.289+0000] {logging_mixin.py:188} INFO - [2026-06-13T12:28:36.288+0000] {dag.py:3096} INFO - Sync 1 DAGs
[2026-06-13T12:28:36.313+0000] {logging_mixin.py:188} INFO - [2026-06-13T12:28:36.313+0000] {dag.py:3954} INFO - Setting next_dagrun for example_short_circuit_decorator to 2026-06-12 00:00:00+00:00, run_after=2026-06-13 00:00:00+00:00
[2026-06-13T12:28:36.338+0000] {processor.py:183} INFO - Processing /home/airflow/.local/lib/python3.12/site-packages/airflow/example_dags/example_short_circuit_decorator.py took 0.102 seconds
[2026-06-13T12:29:06.522+0000] {processor.py:161} INFO - Started process (PID=954) to work on /home/airflow/.local/lib/python3.12/site-packages/airflow/example_dags/example_short_circuit_decorator.py
[2026-06-13T12:29:06.524+0000] {processor.py:830} INFO - Processing file /home/airflow/.local/lib/python3.12/site-packages/airflow/example_dags/example_short_circuit_decorator.py for tasks to queue
[2026-06-13T12:29:06.527+0000] {logging_mixin.py:188} INFO - [2026-06-13T12:29:06.527+0000] {dagbag.py:545} INFO - Filling up the DagBag from /home/airflow/.local/lib/python3.12/site-packages/airflow/example_dags/example_short_circuit_decorator.py
[2026-06-13T12:29:06.540+0000] {processor.py:840} INFO - DAG(s) 'example_short_circuit_decorator' retrieved from /home/airflow/.local/lib/python3.12/site-packages/airflow/example_dags/example_short_circuit_decorator.py
[2026-06-13T12:29:06.572+0000] {logging_mixin.py:188} INFO - [2026-06-13T12:29:06.572+0000] {dag.py:3096} INFO - Sync 1 DAGs
[2026-06-13T12:29:06.602+0000] {logging_mixin.py:188} INFO - [2026-06-13T12:29:06.602+0000] {dag.py:3954} INFO - Setting next_dagrun for example_short_circuit_decorator to 2026-06-12 00:00:00+00:00, run_after=2026-06-13 00:00:00+00:00
[2026-06-13T12:29:06.640+0000] {processor.py:183} INFO - Processing /home/airflow/.local/lib/python3.12/site-packages/airflow/example_dags/example_short_circuit_decorator.py took 0.125 seconds
[2026-06-13T12:29:36.814+0000] {processor.py:161} INFO - Started process (PID=1014) to work on /home/airflow/.local/lib/python3.12/site-packages/airflow/example_dags/example_short_circuit_decorator.py
[2026-06-13T12:29:36.815+0000] {processor.py:830} INFO - Processing file /home/airflow/.local/lib/python3.12/site-packages/airflow/example_dags/example_short_circuit_decorator.py for tasks to queue
[2026-06-13T12:29:36.818+0000] {logging_mixin.py:188} INFO - [2026-06-13T12:29:36.818+0000] {dagbag.py:545} INFO - Filling up the DagBag from /home/airflow/.local/lib/python3.12/site-packages/airflow/example_dags/example_short_circuit_decorator.py
[2026-06-13T12:29:36.828+0000] {processor.py:840} INFO - DAG(s) 'example_short_circuit_decorator' retrieved from /home/airflow/.local/lib/python3.12/site-packages/airflow/example_dags/example_short_circuit_decorator.py
[2026-06-13T12:29:36.858+0000] {logging_mixin.py:188} INFO - [2026-06-13T12:29:36.857+0000] {dag.py:3096} INFO - Sync 1 DAGs
[2026-06-13T12:29:36.883+0000] {logging_mixin.py:188} INFO - [2026-06-13T12:29:36.882+0000] {dag.py:3954} INFO - Setting next_dagrun for example_short_circuit_decorator to 2026-06-12 00:00:00+00:00, run_after=2026-06-13 00:00:00+00:00
[2026-06-13T12:29:36.916+0000] {processor.py:183} INFO - Processing /home/airflow/.local/lib/python3.12/site-packages/airflow/example_dags/example_short_circuit_decorator.py took 0.108 seconds
[2026-06-13T12:30:07.148+0000] {processor.py:161} INFO - Started process (PID=1073) to work on /home/airflow/.local/lib/python3.12/site-packages/airflow/example_dags/example_short_circuit_decorator.py
[2026-06-13T12:30:07.150+0000] {processor.py:830} INFO - Processing file /home/airflow/.local/lib/python3.12/site-packages/airflow/example_dags/example_short_circuit_decorator.py for tasks to queue
[2026-06-13T12:30:07.153+0000] {logging_mixin.py:188} INFO - [2026-06-13T12:30:07.152+0000] {dagbag.py:545} INFO - Filling up the DagBag from /home/airflow/.local/lib/python3.12/site-packages/airflow/example_dags/example_short_circuit_decorator.py
[2026-06-13T12:30:07.163+0000] {processor.py:840} INFO - DAG(s) 'example_short_circuit_decorator' retrieved from /home/airflow/.local/lib/python3.12/site-packages/airflow/example_dags/example_short_circuit_decorator.py
[2026-06-13T12:30:07.192+0000] {logging_mixin.py:188} INFO - [2026-06-13T12:30:07.192+0000] {dag.py:3096} INFO - Sync 1 DAGs
[2026-06-13T12:30:07.219+0000] {logging_mixin.py:188} INFO - [2026-06-13T12:30:07.219+0000] {dag.py:3954} INFO - Setting next_dagrun for example_short_circuit_decorator to 2026-06-12 00:00:00+00:00, run_after=2026-06-13 00:00:00+00:00
[2026-06-13T12:30:07.256+0000] {processor.py:183} INFO - Processing /home/airflow/.local/lib/python3.12/site-packages/airflow/example_dags/example_short_circuit_decorator.py took 0.114 seconds
[2026-06-13T12:30:37.837+0000] {processor.py:161} INFO - Started process (PID=1132) to work on /home/airflow/.local/lib/python3.12/site-packages/airflow/example_dags/example_short_circuit_decorator.py
[2026-06-13T12:30:37.839+0000] {processor.py:830} INFO - Processing file /home/airflow/.local/lib/python3.12/site-packages/airflow/example_dags/example_short_circuit_decorator.py for tasks to queue
[2026-06-13T12:30:37.842+0000] {logging_mixin.py:188} INFO - [2026-06-13T12:30:37.841+0000] {dagbag.py:545} INFO - Filling up the DagBag from /home/airflow/.local/lib/python3.12/site-packages/airflow/example_dags/example_short_circuit_decorator.py
[2026-06-13T12:30:37.852+0000] {processor.py:840} INFO - DAG(s) 'example_short_circuit_decorator' retrieved from /home/airflow/.local/lib/python3.12/site-packages/airflow/example_dags/example_short_circuit_decorator.py
[2026-06-13T12:30:37.894+0000] {logging_mixin.py:188} INFO - [2026-06-13T12:30:37.894+0000] {dag.py:3096} INFO - Sync 1 DAGs
[2026-06-13T12:30:37.941+0000] {logging_mixin.py:188} INFO - [2026-06-13T12:30:37.941+0000] {dag.py:3954} INFO - Setting next_dagrun for example_short_circuit_decorator to 2026-06-12 00:00:00+00:00, run_after=2026-06-13 00:00:00+00:00
[2026-06-13T12:30:37.970+0000] {processor.py:183} INFO - Processing /home/airflow/.local/lib/python3.12/site-packages/airflow/example_dags/example_short_circuit_decorator.py took 0.139 seconds
[2026-06-13T12:31:08.097+0000] {processor.py:161} INFO - Started process (PID=1191) to work on /home/airflow/.local/lib/python3.12/site-packages/airflow/example_dags/example_short_circuit_decorator.py
[2026-06-13T12:31:08.098+0000] {processor.py:830} INFO - Processing file /home/airflow/.local/lib/python3.12/site-packages/airflow/example_dags/example_short_circuit_decorator.py for tasks to queue
[2026-06-13T12:31:08.102+0000] {logging_mixin.py:188} INFO - [2026-06-13T12:31:08.102+0000] {dagbag.py:545} INFO - Filling up the DagBag from /home/airflow/.local/lib/python3.12/site-packages/airflow/example_dags/example_short_circuit_decorator.py
[2026-06-13T12:31:08.112+0000] {processor.py:840} INFO - DAG(s) 'example_short_circuit_decorator' retrieved from /home/airflow/.local/lib/python3.12/site-packages/airflow/example_dags/example_short_circuit_decorator.py
[2026-06-13T12:31:08.146+0000] {logging_mixin.py:188} INFO - [2026-06-13T12:31:08.145+0000] {dag.py:3096} INFO - Sync 1 DAGs
[2026-06-13T12:31:08.175+0000] {logging_mixin.py:188} INFO - [2026-06-13T12:31:08.174+0000] {dag.py:3954} INFO - Setting next_dagrun for example_short_circuit_decorator to 2026-06-12 00:00:00+00:00, run_after=2026-06-13 00:00:00+00:00
[2026-06-13T12:31:08.210+0000] {processor.py:183} INFO - Processing /home/airflow/.local/lib/python3.12/site-packages/airflow/example_dags/example_short_circuit_decorator.py took 0.120 seconds
[2026-06-13T12:31:38.302+0000] {processor.py:161} INFO - Started process (PID=1250) to work on /home/airflow/.local/lib/python3.12/site-packages/airflow/example_dags/example_short_circuit_decorator.py
[2026-06-13T12:31:38.303+0000] {processor.py:830} INFO - Processing file /home/airflow/.local/lib/python3.12/site-packages/airflow/example_dags/example_short_circuit_decorator.py for tasks to queue
[2026-06-13T12:31:38.307+0000] {logging_mixin.py:188} INFO - [2026-06-13T12:31:38.306+0000] {dagbag.py:545} INFO - Filling up the DagBag from /home/airflow/.local/lib/python3.12/site-packages/airflow/example_dags/example_short_circuit_decorator.py
[2026-06-13T12:31:38.316+0000] {processor.py:840} INFO - DAG(s) 'example_short_circuit_decorator' retrieved from /home/airflow/.local/lib/python3.12/site-packages/airflow/example_dags/example_short_circuit_decorator.py
[2026-06-13T12:31:38.346+0000] {logging_mixin.py:188} INFO - [2026-06-13T12:31:38.345+0000] {dag.py:3096} INFO - Sync 1 DAGs
[2026-06-13T12:31:38.372+0000] {logging_mixin.py:188} INFO - [2026-06-13T12:31:38.372+0000] {dag.py:3954} INFO - Setting next_dagrun for example_short_circuit_decorator to 2026-06-12 00:00:00+00:00, run_after=2026-06-13 00:00:00+00:00
[2026-06-13T12:31:38.401+0000] {processor.py:183} INFO - Processing /home/airflow/.local/lib/python3.12/site-packages/airflow/example_dags/example_short_circuit_decorator.py took 0.105 seconds
[2026-06-13T16:08:01.491+0000] {processor.py:161} INFO - Started process (PID=1269) to work on /home/airflow/.local/lib/python3.12/site-packages/airflow/example_dags/example_short_circuit_decorator.py
[2026-06-13T16:08:01.494+0000] {processor.py:830} INFO - Processing file /home/airflow/.local/lib/python3.12/site-packages/airflow/example_dags/example_short_circuit_decorator.py for tasks to queue
[2026-06-13T16:08:01.497+0000] {logging_mixin.py:188} INFO - [2026-06-13T16:08:01.497+0000] {dagbag.py:545} INFO - Filling up the DagBag from /home/airflow/.local/lib/python3.12/site-packages/airflow/example_dags/example_short_circuit_decorator.py
[2026-06-13T16:08:01.514+0000] {processor.py:840} INFO - DAG(s) 'example_short_circuit_decorator' retrieved from /home/airflow/.local/lib/python3.12/site-packages/airflow/example_dags/example_short_circuit_decorator.py
[2026-06-13T16:08:01.551+0000] {logging_mixin.py:188} INFO - [2026-06-13T16:08:01.550+0000] {dag.py:3096} INFO - Sync 1 DAGs
[2026-06-13T16:08:01.613+0000] {logging_mixin.py:188} INFO - [2026-06-13T16:08:01.613+0000] {dag.py:3954} INFO - Setting next_dagrun for example_short_circuit_decorator to 2026-06-12 00:00:00+00:00, run_after=2026-06-13 00:00:00+00:00
[2026-06-13T16:08:01.647+0000] {processor.py:183} INFO - Processing /home/airflow/.local/lib/python3.12/site-packages/airflow/example_dags/example_short_circuit_decorator.py took 0.166 seconds
[2026-06-13T16:08:32.172+0000] {processor.py:161} INFO - Started process (PID=1319) to work on /home/airflow/.local/lib/python3.12/site-packages/airflow/example_dags/example_short_circuit_decorator.py
[2026-06-13T16:08:32.174+0000] {processor.py:830} INFO - Processing file /home/airflow/.local/lib/python3.12/site-packages/airflow/example_dags/example_short_circuit_decorator.py for tasks to queue
[2026-06-13T16:08:32.179+0000] {logging_mixin.py:188} INFO - [2026-06-13T16:08:32.178+0000] {dagbag.py:545} INFO - Filling up the DagBag from /home/airflow/.local/lib/python3.12/site-packages/airflow/example_dags/example_short_circuit_decorator.py
[2026-06-13T16:08:32.200+0000] {processor.py:840} INFO - DAG(s) 'example_short_circuit_decorator' retrieved from /home/airflow/.local/lib/python3.12/site-packages/airflow/example_dags/example_short_circuit_decorator.py
[2026-06-13T16:08:32.240+0000] {logging_mixin.py:188} INFO - [2026-06-13T16:08:32.239+0000] {dag.py:3096} INFO - Sync 1 DAGs
[2026-06-13T16:08:32.293+0000] {logging_mixin.py:188} INFO - [2026-06-13T16:08:32.292+0000] {dag.py:3954} INFO - Setting next_dagrun for example_short_circuit_decorator to 2026-06-12 00:00:00+00:00, run_after=2026-06-13 00:00:00+00:00
[2026-06-13T16:08:32.344+0000] {processor.py:183} INFO - Processing /home/airflow/.local/lib/python3.12/site-packages/airflow/example_dags/example_short_circuit_decorator.py took 0.188 seconds
