[2026-06-13T10:42:17.281+0000] {processor.py:161} INFO - Started process (PID=69) to work on /home/airflow/.local/lib/python3.12/site-packages/airflow/example_dags/example_branch_labels.py
[2026-06-13T10:42:17.283+0000] {processor.py:830} INFO - Processing file /home/airflow/.local/lib/python3.12/site-packages/airflow/example_dags/example_branch_labels.py for tasks to queue
[2026-06-13T10:42:17.286+0000] {logging_mixin.py:188} INFO - [2026-06-13T10:42:17.286+0000] {dagbag.py:545} INFO - Filling up the DagBag from /home/airflow/.local/lib/python3.12/site-packages/airflow/example_dags/example_branch_labels.py
[2026-06-13T10:42:17.304+0000] {processor.py:840} INFO - DAG(s) 'example_branch_labels' retrieved from /home/airflow/.local/lib/python3.12/site-packages/airflow/example_dags/example_branch_labels.py
[2026-06-13T10:42:17.486+0000] {logging_mixin.py:188} INFO - [2026-06-13T10:42:17.486+0000] {dag.py:3096} INFO - Sync 1 DAGs
[2026-06-13T10:42:17.516+0000] {logging_mixin.py:188} INFO - [2026-06-13T10:42:17.516+0000] {dag.py:3954} INFO - Setting next_dagrun for example_branch_labels to 2026-06-12 00:00:00+00:00, run_after=2026-06-13 00:00:00+00:00
[2026-06-13T10:42:17.553+0000] {processor.py:183} INFO - Processing /home/airflow/.local/lib/python3.12/site-packages/airflow/example_dags/example_branch_labels.py took 0.280 seconds
[2026-06-13T10:42:48.099+0000] {processor.py:161} INFO - Started process (PID=127) to work on /home/airflow/.local/lib/python3.12/site-packages/airflow/example_dags/example_branch_labels.py
[2026-06-13T10:42:48.100+0000] {processor.py:830} INFO - Processing file /home/airflow/.local/lib/python3.12/site-packages/airflow/example_dags/example_branch_labels.py for tasks to queue
[2026-06-13T10:42:48.103+0000] {logging_mixin.py:188} INFO - [2026-06-13T10:42:48.102+0000] {dagbag.py:545} INFO - Filling up the DagBag from /home/airflow/.local/lib/python3.12/site-packages/airflow/example_dags/example_branch_labels.py
[2026-06-13T10:42:48.111+0000] {processor.py:840} INFO - DAG(s) 'example_branch_labels' retrieved from /home/airflow/.local/lib/python3.12/site-packages/airflow/example_dags/example_branch_labels.py
[2026-06-13T10:42:48.139+0000] {logging_mixin.py:188} INFO - [2026-06-13T10:42:48.138+0000] {dag.py:3096} INFO - Sync 1 DAGs
[2026-06-13T10:42:48.164+0000] {logging_mixin.py:188} INFO - [2026-06-13T10:42:48.164+0000] {dag.py:3954} INFO - Setting next_dagrun for example_branch_labels to 2026-06-12 00:00:00+00:00, run_after=2026-06-13 00:00:00+00:00
[2026-06-13T10:42:48.189+0000] {processor.py:183} INFO - Processing /home/airflow/.local/lib/python3.12/site-packages/airflow/example_dags/example_branch_labels.py took 0.096 seconds
[2026-06-13T10:43:18.567+0000] {processor.py:161} INFO - Started process (PID=185) to work on /home/airflow/.local/lib/python3.12/site-packages/airflow/example_dags/example_branch_labels.py
[2026-06-13T10:43:18.569+0000] {processor.py:830} INFO - Processing file /home/airflow/.local/lib/python3.12/site-packages/airflow/example_dags/example_branch_labels.py for tasks to queue
[2026-06-13T10:43:18.573+0000] {logging_mixin.py:188} INFO - [2026-06-13T10:43:18.572+0000] {dagbag.py:545} INFO - Filling up the DagBag from /home/airflow/.local/lib/python3.12/site-packages/airflow/example_dags/example_branch_labels.py
[2026-06-13T10:43:18.581+0000] {processor.py:840} INFO - DAG(s) 'example_branch_labels' retrieved from /home/airflow/.local/lib/python3.12/site-packages/airflow/example_dags/example_branch_labels.py
[2026-06-13T10:43:18.606+0000] {logging_mixin.py:188} INFO - [2026-06-13T10:43:18.605+0000] {dag.py:3096} INFO - Sync 1 DAGs
[2026-06-13T10:43:18.631+0000] {logging_mixin.py:188} INFO - [2026-06-13T10:43:18.631+0000] {dag.py:3954} INFO - Setting next_dagrun for example_branch_labels to 2026-06-12 00:00:00+00:00, run_after=2026-06-13 00:00:00+00:00
[2026-06-13T10:43:18.659+0000] {processor.py:183} INFO - Processing /home/airflow/.local/lib/python3.12/site-packages/airflow/example_dags/example_branch_labels.py took 0.098 seconds
[2026-06-13T10:43:49.047+0000] {processor.py:161} INFO - Started process (PID=249) to work on /home/airflow/.local/lib/python3.12/site-packages/airflow/example_dags/example_branch_labels.py
[2026-06-13T10:43:49.049+0000] {processor.py:830} INFO - Processing file /home/airflow/.local/lib/python3.12/site-packages/airflow/example_dags/example_branch_labels.py for tasks to queue
[2026-06-13T10:43:49.053+0000] {logging_mixin.py:188} INFO - [2026-06-13T10:43:49.052+0000] {dagbag.py:545} INFO - Filling up the DagBag from /home/airflow/.local/lib/python3.12/site-packages/airflow/example_dags/example_branch_labels.py
[2026-06-13T10:43:49.065+0000] {processor.py:840} INFO - DAG(s) 'example_branch_labels' retrieved from /home/airflow/.local/lib/python3.12/site-packages/airflow/example_dags/example_branch_labels.py
[2026-06-13T10:43:49.094+0000] {logging_mixin.py:188} INFO - [2026-06-13T10:43:49.093+0000] {dag.py:3096} INFO - Sync 1 DAGs
[2026-06-13T10:43:49.121+0000] {logging_mixin.py:188} INFO - [2026-06-13T10:43:49.121+0000] {dag.py:3954} INFO - Setting next_dagrun for example_branch_labels to 2026-06-12 00:00:00+00:00, run_after=2026-06-13 00:00:00+00:00
[2026-06-13T10:43:49.148+0000] {processor.py:183} INFO - Processing /home/airflow/.local/lib/python3.12/site-packages/airflow/example_dags/example_branch_labels.py took 0.109 seconds
[2026-06-13T10:44:20.102+0000] {processor.py:161} INFO - Started process (PID=307) to work on /home/airflow/.local/lib/python3.12/site-packages/airflow/example_dags/example_branch_labels.py
[2026-06-13T10:44:20.104+0000] {processor.py:830} INFO - Processing file /home/airflow/.local/lib/python3.12/site-packages/airflow/example_dags/example_branch_labels.py for tasks to queue
[2026-06-13T10:44:20.107+0000] {logging_mixin.py:188} INFO - [2026-06-13T10:44:20.107+0000] {dagbag.py:545} INFO - Filling up the DagBag from /home/airflow/.local/lib/python3.12/site-packages/airflow/example_dags/example_branch_labels.py
[2026-06-13T10:44:20.118+0000] {processor.py:840} INFO - DAG(s) 'example_branch_labels' retrieved from /home/airflow/.local/lib/python3.12/site-packages/airflow/example_dags/example_branch_labels.py
[2026-06-13T10:44:20.157+0000] {logging_mixin.py:188} INFO - [2026-06-13T10:44:20.157+0000] {dag.py:3096} INFO - Sync 1 DAGs
[2026-06-13T10:44:20.192+0000] {logging_mixin.py:188} INFO - [2026-06-13T10:44:20.192+0000] {dag.py:3954} INFO - Setting next_dagrun for example_branch_labels to 2026-06-12 00:00:00+00:00, run_after=2026-06-13 00:00:00+00:00
[2026-06-13T10:44:20.225+0000] {processor.py:183} INFO - Processing /home/airflow/.local/lib/python3.12/site-packages/airflow/example_dags/example_branch_labels.py took 0.132 seconds
[2026-06-13T10:44:50.615+0000] {processor.py:161} INFO - Started process (PID=365) to work on /home/airflow/.local/lib/python3.12/site-packages/airflow/example_dags/example_branch_labels.py
[2026-06-13T10:44:50.617+0000] {processor.py:830} INFO - Processing file /home/airflow/.local/lib/python3.12/site-packages/airflow/example_dags/example_branch_labels.py for tasks to queue
[2026-06-13T10:44:50.620+0000] {logging_mixin.py:188} INFO - [2026-06-13T10:44:50.620+0000] {dagbag.py:545} INFO - Filling up the DagBag from /home/airflow/.local/lib/python3.12/site-packages/airflow/example_dags/example_branch_labels.py
[2026-06-13T10:44:50.628+0000] {processor.py:840} INFO - DAG(s) 'example_branch_labels' retrieved from /home/airflow/.local/lib/python3.12/site-packages/airflow/example_dags/example_branch_labels.py
[2026-06-13T10:44:50.659+0000] {logging_mixin.py:188} INFO - [2026-06-13T10:44:50.659+0000] {dag.py:3096} INFO - Sync 1 DAGs
[2026-06-13T10:44:50.689+0000] {logging_mixin.py:188} INFO - [2026-06-13T10:44:50.689+0000] {dag.py:3954} INFO - Setting next_dagrun for example_branch_labels to 2026-06-12 00:00:00+00:00, run_after=2026-06-13 00:00:00+00:00
[2026-06-13T10:44:50.721+0000] {processor.py:183} INFO - Processing /home/airflow/.local/lib/python3.12/site-packages/airflow/example_dags/example_branch_labels.py took 0.112 seconds
[2026-06-13T10:45:21.394+0000] {processor.py:161} INFO - Started process (PID=423) to work on /home/airflow/.local/lib/python3.12/site-packages/airflow/example_dags/example_branch_labels.py
[2026-06-13T10:45:21.396+0000] {processor.py:830} INFO - Processing file /home/airflow/.local/lib/python3.12/site-packages/airflow/example_dags/example_branch_labels.py for tasks to queue
[2026-06-13T10:45:21.398+0000] {logging_mixin.py:188} INFO - [2026-06-13T10:45:21.398+0000] {dagbag.py:545} INFO - Filling up the DagBag from /home/airflow/.local/lib/python3.12/site-packages/airflow/example_dags/example_branch_labels.py
[2026-06-13T10:45:21.407+0000] {processor.py:840} INFO - DAG(s) 'example_branch_labels' retrieved from /home/airflow/.local/lib/python3.12/site-packages/airflow/example_dags/example_branch_labels.py
[2026-06-13T10:45:21.435+0000] {logging_mixin.py:188} INFO - [2026-06-13T10:45:21.435+0000] {dag.py:3096} INFO - Sync 1 DAGs
[2026-06-13T10:45:21.475+0000] {logging_mixin.py:188} INFO - [2026-06-13T10:45:21.474+0000] {dag.py:3954} INFO - Setting next_dagrun for example_branch_labels to 2026-06-12 00:00:00+00:00, run_after=2026-06-13 00:00:00+00:00
[2026-06-13T10:45:21.509+0000] {processor.py:183} INFO - Processing /home/airflow/.local/lib/python3.12/site-packages/airflow/example_dags/example_branch_labels.py took 0.120 seconds
[2026-06-13T10:45:51.943+0000] {processor.py:161} INFO - Started process (PID=481) to work on /home/airflow/.local/lib/python3.12/site-packages/airflow/example_dags/example_branch_labels.py
[2026-06-13T10:45:51.945+0000] {processor.py:830} INFO - Processing file /home/airflow/.local/lib/python3.12/site-packages/airflow/example_dags/example_branch_labels.py for tasks to queue
[2026-06-13T10:45:51.948+0000] {logging_mixin.py:188} INFO - [2026-06-13T10:45:51.948+0000] {dagbag.py:545} INFO - Filling up the DagBag from /home/airflow/.local/lib/python3.12/site-packages/airflow/example_dags/example_branch_labels.py
[2026-06-13T10:45:51.957+0000] {processor.py:840} INFO - DAG(s) 'example_branch_labels' retrieved from /home/airflow/.local/lib/python3.12/site-packages/airflow/example_dags/example_branch_labels.py
[2026-06-13T10:45:51.988+0000] {logging_mixin.py:188} INFO - [2026-06-13T10:45:51.987+0000] {dag.py:3096} INFO - Sync 1 DAGs
[2026-06-13T10:45:52.015+0000] {logging_mixin.py:188} INFO - [2026-06-13T10:45:52.015+0000] {dag.py:3954} INFO - Setting next_dagrun for example_branch_labels to 2026-06-12 00:00:00+00:00, run_after=2026-06-13 00:00:00+00:00
[2026-06-13T10:45:52.042+0000] {processor.py:183} INFO - Processing /home/airflow/.local/lib/python3.12/site-packages/airflow/example_dags/example_branch_labels.py took 0.106 seconds
[2026-06-13T10:46:22.250+0000] {processor.py:161} INFO - Started process (PID=539) to work on /home/airflow/.local/lib/python3.12/site-packages/airflow/example_dags/example_branch_labels.py
[2026-06-13T10:46:22.252+0000] {processor.py:830} INFO - Processing file /home/airflow/.local/lib/python3.12/site-packages/airflow/example_dags/example_branch_labels.py for tasks to queue
[2026-06-13T10:46:22.255+0000] {logging_mixin.py:188} INFO - [2026-06-13T10:46:22.254+0000] {dagbag.py:545} INFO - Filling up the DagBag from /home/airflow/.local/lib/python3.12/site-packages/airflow/example_dags/example_branch_labels.py
[2026-06-13T10:46:22.263+0000] {processor.py:840} INFO - DAG(s) 'example_branch_labels' retrieved from /home/airflow/.local/lib/python3.12/site-packages/airflow/example_dags/example_branch_labels.py
[2026-06-13T10:46:22.290+0000] {logging_mixin.py:188} INFO - [2026-06-13T10:46:22.290+0000] {dag.py:3096} INFO - Sync 1 DAGs
[2026-06-13T10:46:22.317+0000] {logging_mixin.py:188} INFO - [2026-06-13T10:46:22.316+0000] {dag.py:3954} INFO - Setting next_dagrun for example_branch_labels to 2026-06-12 00:00:00+00:00, run_after=2026-06-13 00:00:00+00:00
[2026-06-13T10:46:22.342+0000] {processor.py:183} INFO - Processing /home/airflow/.local/lib/python3.12/site-packages/airflow/example_dags/example_branch_labels.py took 0.097 seconds
[2026-06-13T10:46:52.504+0000] {processor.py:161} INFO - Started process (PID=597) to work on /home/airflow/.local/lib/python3.12/site-packages/airflow/example_dags/example_branch_labels.py
[2026-06-13T10:46:52.506+0000] {processor.py:830} INFO - Processing file /home/airflow/.local/lib/python3.12/site-packages/airflow/example_dags/example_branch_labels.py for tasks to queue
[2026-06-13T10:46:52.509+0000] {logging_mixin.py:188} INFO - [2026-06-13T10:46:52.509+0000] {dagbag.py:545} INFO - Filling up the DagBag from /home/airflow/.local/lib/python3.12/site-packages/airflow/example_dags/example_branch_labels.py
[2026-06-13T10:46:52.517+0000] {processor.py:840} INFO - DAG(s) 'example_branch_labels' retrieved from /home/airflow/.local/lib/python3.12/site-packages/airflow/example_dags/example_branch_labels.py
[2026-06-13T10:46:52.541+0000] {logging_mixin.py:188} INFO - [2026-06-13T10:46:52.541+0000] {dag.py:3096} INFO - Sync 1 DAGs
[2026-06-13T10:46:52.568+0000] {logging_mixin.py:188} INFO - [2026-06-13T10:46:52.568+0000] {dag.py:3954} INFO - Setting next_dagrun for example_branch_labels to 2026-06-12 00:00:00+00:00, run_after=2026-06-13 00:00:00+00:00
[2026-06-13T10:46:52.591+0000] {processor.py:183} INFO - Processing /home/airflow/.local/lib/python3.12/site-packages/airflow/example_dags/example_branch_labels.py took 0.093 seconds
[2026-06-13T10:47:22.750+0000] {processor.py:161} INFO - Started process (PID=655) to work on /home/airflow/.local/lib/python3.12/site-packages/airflow/example_dags/example_branch_labels.py
[2026-06-13T10:47:22.752+0000] {processor.py:830} INFO - Processing file /home/airflow/.local/lib/python3.12/site-packages/airflow/example_dags/example_branch_labels.py for tasks to queue
[2026-06-13T10:47:22.755+0000] {logging_mixin.py:188} INFO - [2026-06-13T10:47:22.755+0000] {dagbag.py:545} INFO - Filling up the DagBag from /home/airflow/.local/lib/python3.12/site-packages/airflow/example_dags/example_branch_labels.py
[2026-06-13T10:47:22.765+0000] {processor.py:840} INFO - DAG(s) 'example_branch_labels' retrieved from /home/airflow/.local/lib/python3.12/site-packages/airflow/example_dags/example_branch_labels.py
[2026-06-13T10:47:22.794+0000] {logging_mixin.py:188} INFO - [2026-06-13T10:47:22.794+0000] {dag.py:3096} INFO - Sync 1 DAGs
[2026-06-13T10:47:22.822+0000] {logging_mixin.py:188} INFO - [2026-06-13T10:47:22.822+0000] {dag.py:3954} INFO - Setting next_dagrun for example_branch_labels to 2026-06-12 00:00:00+00:00, run_after=2026-06-13 00:00:00+00:00
[2026-06-13T10:47:22.851+0000] {processor.py:183} INFO - Processing /home/airflow/.local/lib/python3.12/site-packages/airflow/example_dags/example_branch_labels.py took 0.107 seconds
[2026-06-13T10:47:52.937+0000] {processor.py:161} INFO - Started process (PID=713) to work on /home/airflow/.local/lib/python3.12/site-packages/airflow/example_dags/example_branch_labels.py
[2026-06-13T10:47:52.939+0000] {processor.py:830} INFO - Processing file /home/airflow/.local/lib/python3.12/site-packages/airflow/example_dags/example_branch_labels.py for tasks to queue
[2026-06-13T10:47:52.942+0000] {logging_mixin.py:188} INFO - [2026-06-13T10:47:52.941+0000] {dagbag.py:545} INFO - Filling up the DagBag from /home/airflow/.local/lib/python3.12/site-packages/airflow/example_dags/example_branch_labels.py
[2026-06-13T10:47:52.950+0000] {processor.py:840} INFO - DAG(s) 'example_branch_labels' retrieved from /home/airflow/.local/lib/python3.12/site-packages/airflow/example_dags/example_branch_labels.py
[2026-06-13T10:47:52.977+0000] {logging_mixin.py:188} INFO - [2026-06-13T10:47:52.977+0000] {dag.py:3096} INFO - Sync 1 DAGs
[2026-06-13T10:47:53.002+0000] {logging_mixin.py:188} INFO - [2026-06-13T10:47:53.002+0000] {dag.py:3954} INFO - Setting next_dagrun for example_branch_labels to 2026-06-12 00:00:00+00:00, run_after=2026-06-13 00:00:00+00:00
[2026-06-13T10:47:53.027+0000] {processor.py:183} INFO - Processing /home/airflow/.local/lib/python3.12/site-packages/airflow/example_dags/example_branch_labels.py took 0.097 seconds
[2026-06-13T10:48:23.108+0000] {processor.py:161} INFO - Started process (PID=770) to work on /home/airflow/.local/lib/python3.12/site-packages/airflow/example_dags/example_branch_labels.py
[2026-06-13T10:48:23.110+0000] {processor.py:830} INFO - Processing file /home/airflow/.local/lib/python3.12/site-packages/airflow/example_dags/example_branch_labels.py for tasks to queue
[2026-06-13T10:48:23.113+0000] {logging_mixin.py:188} INFO - [2026-06-13T10:48:23.112+0000] {dagbag.py:545} INFO - Filling up the DagBag from /home/airflow/.local/lib/python3.12/site-packages/airflow/example_dags/example_branch_labels.py
[2026-06-13T10:48:23.122+0000] {processor.py:840} INFO - DAG(s) 'example_branch_labels' retrieved from /home/airflow/.local/lib/python3.12/site-packages/airflow/example_dags/example_branch_labels.py
[2026-06-13T10:48:23.149+0000] {logging_mixin.py:188} INFO - [2026-06-13T10:48:23.149+0000] {dag.py:3096} INFO - Sync 1 DAGs
[2026-06-13T10:48:23.174+0000] {logging_mixin.py:188} INFO - [2026-06-13T10:48:23.173+0000] {dag.py:3954} INFO - Setting next_dagrun for example_branch_labels to 2026-06-12 00:00:00+00:00, run_after=2026-06-13 00:00:00+00:00
[2026-06-13T10:48:23.198+0000] {processor.py:183} INFO - Processing /home/airflow/.local/lib/python3.12/site-packages/airflow/example_dags/example_branch_labels.py took 0.096 seconds
[2026-06-13T10:48:53.248+0000] {processor.py:161} INFO - Started process (PID=827) to work on /home/airflow/.local/lib/python3.12/site-packages/airflow/example_dags/example_branch_labels.py
[2026-06-13T10:48:53.250+0000] {processor.py:830} INFO - Processing file /home/airflow/.local/lib/python3.12/site-packages/airflow/example_dags/example_branch_labels.py for tasks to queue
[2026-06-13T10:48:53.253+0000] {logging_mixin.py:188} INFO - [2026-06-13T10:48:53.253+0000] {dagbag.py:545} INFO - Filling up the DagBag from /home/airflow/.local/lib/python3.12/site-packages/airflow/example_dags/example_branch_labels.py
[2026-06-13T10:48:53.263+0000] {processor.py:840} INFO - DAG(s) 'example_branch_labels' retrieved from /home/airflow/.local/lib/python3.12/site-packages/airflow/example_dags/example_branch_labels.py
[2026-06-13T10:48:53.289+0000] {logging_mixin.py:188} INFO - [2026-06-13T10:48:53.289+0000] {dag.py:3096} INFO - Sync 1 DAGs
[2026-06-13T10:48:53.319+0000] {logging_mixin.py:188} INFO - [2026-06-13T10:48:53.319+0000] {dag.py:3954} INFO - Setting next_dagrun for example_branch_labels to 2026-06-12 00:00:00+00:00, run_after=2026-06-13 00:00:00+00:00
[2026-06-13T10:48:53.347+0000] {processor.py:183} INFO - Processing /home/airflow/.local/lib/python3.12/site-packages/airflow/example_dags/example_branch_labels.py took 0.107 seconds
[2026-06-13T10:49:23.436+0000] {processor.py:161} INFO - Started process (PID=885) to work on /home/airflow/.local/lib/python3.12/site-packages/airflow/example_dags/example_branch_labels.py
[2026-06-13T10:49:23.438+0000] {processor.py:830} INFO - Processing file /home/airflow/.local/lib/python3.12/site-packages/airflow/example_dags/example_branch_labels.py for tasks to queue
[2026-06-13T10:49:23.441+0000] {logging_mixin.py:188} INFO - [2026-06-13T10:49:23.441+0000] {dagbag.py:545} INFO - Filling up the DagBag from /home/airflow/.local/lib/python3.12/site-packages/airflow/example_dags/example_branch_labels.py
[2026-06-13T10:49:23.449+0000] {processor.py:840} INFO - DAG(s) 'example_branch_labels' retrieved from /home/airflow/.local/lib/python3.12/site-packages/airflow/example_dags/example_branch_labels.py
[2026-06-13T10:49:23.477+0000] {logging_mixin.py:188} INFO - [2026-06-13T10:49:23.477+0000] {dag.py:3096} INFO - Sync 1 DAGs
[2026-06-13T10:49:23.503+0000] {logging_mixin.py:188} INFO - [2026-06-13T10:49:23.503+0000] {dag.py:3954} INFO - Setting next_dagrun for example_branch_labels to 2026-06-12 00:00:00+00:00, run_after=2026-06-13 00:00:00+00:00
[2026-06-13T10:49:23.527+0000] {processor.py:183} INFO - Processing /home/airflow/.local/lib/python3.12/site-packages/airflow/example_dags/example_branch_labels.py took 0.097 seconds
[2026-06-13T10:49:53.783+0000] {processor.py:161} INFO - Started process (PID=944) to work on /home/airflow/.local/lib/python3.12/site-packages/airflow/example_dags/example_branch_labels.py
[2026-06-13T10:49:53.785+0000] {processor.py:830} INFO - Processing file /home/airflow/.local/lib/python3.12/site-packages/airflow/example_dags/example_branch_labels.py for tasks to queue
[2026-06-13T10:49:53.787+0000] {logging_mixin.py:188} INFO - [2026-06-13T10:49:53.787+0000] {dagbag.py:545} INFO - Filling up the DagBag from /home/airflow/.local/lib/python3.12/site-packages/airflow/example_dags/example_branch_labels.py
[2026-06-13T10:49:53.796+0000] {processor.py:840} INFO - DAG(s) 'example_branch_labels' retrieved from /home/airflow/.local/lib/python3.12/site-packages/airflow/example_dags/example_branch_labels.py
[2026-06-13T10:49:53.823+0000] {logging_mixin.py:188} INFO - [2026-06-13T10:49:53.823+0000] {dag.py:3096} INFO - Sync 1 DAGs
[2026-06-13T10:49:53.851+0000] {logging_mixin.py:188} INFO - [2026-06-13T10:49:53.850+0000] {dag.py:3954} INFO - Setting next_dagrun for example_branch_labels to 2026-06-12 00:00:00+00:00, run_after=2026-06-13 00:00:00+00:00
[2026-06-13T10:49:53.884+0000] {processor.py:183} INFO - Processing /home/airflow/.local/lib/python3.12/site-packages/airflow/example_dags/example_branch_labels.py took 0.107 seconds
[2026-06-13T10:50:24.061+0000] {processor.py:161} INFO - Started process (PID=1002) to work on /home/airflow/.local/lib/python3.12/site-packages/airflow/example_dags/example_branch_labels.py
[2026-06-13T10:50:24.062+0000] {processor.py:830} INFO - Processing file /home/airflow/.local/lib/python3.12/site-packages/airflow/example_dags/example_branch_labels.py for tasks to queue
[2026-06-13T10:50:24.065+0000] {logging_mixin.py:188} INFO - [2026-06-13T10:50:24.065+0000] {dagbag.py:545} INFO - Filling up the DagBag from /home/airflow/.local/lib/python3.12/site-packages/airflow/example_dags/example_branch_labels.py
[2026-06-13T10:50:24.073+0000] {processor.py:840} INFO - DAG(s) 'example_branch_labels' retrieved from /home/airflow/.local/lib/python3.12/site-packages/airflow/example_dags/example_branch_labels.py
[2026-06-13T10:50:24.099+0000] {logging_mixin.py:188} INFO - [2026-06-13T10:50:24.099+0000] {dag.py:3096} INFO - Sync 1 DAGs
[2026-06-13T10:50:24.126+0000] {logging_mixin.py:188} INFO - [2026-06-13T10:50:24.125+0000] {dag.py:3954} INFO - Setting next_dagrun for example_branch_labels to 2026-06-12 00:00:00+00:00, run_after=2026-06-13 00:00:00+00:00
[2026-06-13T10:50:24.153+0000] {processor.py:183} INFO - Processing /home/airflow/.local/lib/python3.12/site-packages/airflow/example_dags/example_branch_labels.py took 0.098 seconds
[2026-06-13T10:50:54.410+0000] {processor.py:161} INFO - Started process (PID=1060) to work on /home/airflow/.local/lib/python3.12/site-packages/airflow/example_dags/example_branch_labels.py
[2026-06-13T10:50:54.412+0000] {processor.py:830} INFO - Processing file /home/airflow/.local/lib/python3.12/site-packages/airflow/example_dags/example_branch_labels.py for tasks to queue
[2026-06-13T10:50:54.416+0000] {logging_mixin.py:188} INFO - [2026-06-13T10:50:54.415+0000] {dagbag.py:545} INFO - Filling up the DagBag from /home/airflow/.local/lib/python3.12/site-packages/airflow/example_dags/example_branch_labels.py
[2026-06-13T10:50:54.427+0000] {processor.py:840} INFO - DAG(s) 'example_branch_labels' retrieved from /home/airflow/.local/lib/python3.12/site-packages/airflow/example_dags/example_branch_labels.py
[2026-06-13T10:50:54.459+0000] {logging_mixin.py:188} INFO - [2026-06-13T10:50:54.459+0000] {dag.py:3096} INFO - Sync 1 DAGs
[2026-06-13T10:50:54.488+0000] {logging_mixin.py:188} INFO - [2026-06-13T10:50:54.487+0000] {dag.py:3954} INFO - Setting next_dagrun for example_branch_labels to 2026-06-12 00:00:00+00:00, run_after=2026-06-13 00:00:00+00:00
[2026-06-13T10:50:54.523+0000] {processor.py:183} INFO - Processing /home/airflow/.local/lib/python3.12/site-packages/airflow/example_dags/example_branch_labels.py took 0.121 seconds
[2026-06-13T10:51:24.732+0000] {processor.py:161} INFO - Started process (PID=1118) to work on /home/airflow/.local/lib/python3.12/site-packages/airflow/example_dags/example_branch_labels.py
[2026-06-13T10:51:24.733+0000] {processor.py:830} INFO - Processing file /home/airflow/.local/lib/python3.12/site-packages/airflow/example_dags/example_branch_labels.py for tasks to queue
[2026-06-13T10:51:24.737+0000] {logging_mixin.py:188} INFO - [2026-06-13T10:51:24.736+0000] {dagbag.py:545} INFO - Filling up the DagBag from /home/airflow/.local/lib/python3.12/site-packages/airflow/example_dags/example_branch_labels.py
[2026-06-13T10:51:24.747+0000] {processor.py:840} INFO - DAG(s) 'example_branch_labels' retrieved from /home/airflow/.local/lib/python3.12/site-packages/airflow/example_dags/example_branch_labels.py
[2026-06-13T10:51:24.773+0000] {logging_mixin.py:188} INFO - [2026-06-13T10:51:24.773+0000] {dag.py:3096} INFO - Sync 1 DAGs
[2026-06-13T10:51:24.798+0000] {logging_mixin.py:188} INFO - [2026-06-13T10:51:24.798+0000] {dag.py:3954} INFO - Setting next_dagrun for example_branch_labels to 2026-06-12 00:00:00+00:00, run_after=2026-06-13 00:00:00+00:00
[2026-06-13T10:51:24.829+0000] {processor.py:183} INFO - Processing /home/airflow/.local/lib/python3.12/site-packages/airflow/example_dags/example_branch_labels.py took 0.105 seconds
[2026-06-13T10:51:54.983+0000] {processor.py:161} INFO - Started process (PID=1176) to work on /home/airflow/.local/lib/python3.12/site-packages/airflow/example_dags/example_branch_labels.py
[2026-06-13T10:51:54.985+0000] {processor.py:830} INFO - Processing file /home/airflow/.local/lib/python3.12/site-packages/airflow/example_dags/example_branch_labels.py for tasks to queue
[2026-06-13T10:51:54.988+0000] {logging_mixin.py:188} INFO - [2026-06-13T10:51:54.988+0000] {dagbag.py:545} INFO - Filling up the DagBag from /home/airflow/.local/lib/python3.12/site-packages/airflow/example_dags/example_branch_labels.py
[2026-06-13T10:51:54.997+0000] {processor.py:840} INFO - DAG(s) 'example_branch_labels' retrieved from /home/airflow/.local/lib/python3.12/site-packages/airflow/example_dags/example_branch_labels.py
[2026-06-13T10:51:55.025+0000] {logging_mixin.py:188} INFO - [2026-06-13T10:51:55.025+0000] {dag.py:3096} INFO - Sync 1 DAGs
[2026-06-13T10:51:55.052+0000] {logging_mixin.py:188} INFO - [2026-06-13T10:51:55.051+0000] {dag.py:3954} INFO - Setting next_dagrun for example_branch_labels to 2026-06-12 00:00:00+00:00, run_after=2026-06-13 00:00:00+00:00
[2026-06-13T10:51:55.083+0000] {processor.py:183} INFO - Processing /home/airflow/.local/lib/python3.12/site-packages/airflow/example_dags/example_branch_labels.py took 0.106 seconds
[2026-06-13T10:52:25.229+0000] {processor.py:161} INFO - Started process (PID=1234) to work on /home/airflow/.local/lib/python3.12/site-packages/airflow/example_dags/example_branch_labels.py
[2026-06-13T10:52:25.231+0000] {processor.py:830} INFO - Processing file /home/airflow/.local/lib/python3.12/site-packages/airflow/example_dags/example_branch_labels.py for tasks to queue
[2026-06-13T10:52:25.236+0000] {logging_mixin.py:188} INFO - [2026-06-13T10:52:25.236+0000] {dagbag.py:545} INFO - Filling up the DagBag from /home/airflow/.local/lib/python3.12/site-packages/airflow/example_dags/example_branch_labels.py
[2026-06-13T10:52:25.244+0000] {processor.py:840} INFO - DAG(s) 'example_branch_labels' retrieved from /home/airflow/.local/lib/python3.12/site-packages/airflow/example_dags/example_branch_labels.py
[2026-06-13T10:52:25.271+0000] {logging_mixin.py:188} INFO - [2026-06-13T10:52:25.271+0000] {dag.py:3096} INFO - Sync 1 DAGs
[2026-06-13T10:52:25.298+0000] {logging_mixin.py:188} INFO - [2026-06-13T10:52:25.298+0000] {dag.py:3954} INFO - Setting next_dagrun for example_branch_labels to 2026-06-12 00:00:00+00:00, run_after=2026-06-13 00:00:00+00:00
[2026-06-13T10:52:25.331+0000] {processor.py:183} INFO - Processing /home/airflow/.local/lib/python3.12/site-packages/airflow/example_dags/example_branch_labels.py took 0.108 seconds
[2026-06-13T10:52:55.419+0000] {processor.py:161} INFO - Started process (PID=1292) to work on /home/airflow/.local/lib/python3.12/site-packages/airflow/example_dags/example_branch_labels.py
[2026-06-13T10:52:55.421+0000] {processor.py:830} INFO - Processing file /home/airflow/.local/lib/python3.12/site-packages/airflow/example_dags/example_branch_labels.py for tasks to queue
[2026-06-13T10:52:55.423+0000] {logging_mixin.py:188} INFO - [2026-06-13T10:52:55.423+0000] {dagbag.py:545} INFO - Filling up the DagBag from /home/airflow/.local/lib/python3.12/site-packages/airflow/example_dags/example_branch_labels.py
[2026-06-13T10:52:55.431+0000] {processor.py:840} INFO - DAG(s) 'example_branch_labels' retrieved from /home/airflow/.local/lib/python3.12/site-packages/airflow/example_dags/example_branch_labels.py
[2026-06-13T10:52:55.459+0000] {logging_mixin.py:188} INFO - [2026-06-13T10:52:55.459+0000] {dag.py:3096} INFO - Sync 1 DAGs
[2026-06-13T10:52:55.487+0000] {logging_mixin.py:188} INFO - [2026-06-13T10:52:55.487+0000] {dag.py:3954} INFO - Setting next_dagrun for example_branch_labels to 2026-06-12 00:00:00+00:00, run_after=2026-06-13 00:00:00+00:00
[2026-06-13T10:52:55.513+0000] {processor.py:183} INFO - Processing /home/airflow/.local/lib/python3.12/site-packages/airflow/example_dags/example_branch_labels.py took 0.100 seconds
[2026-06-13T10:53:25.957+0000] {processor.py:161} INFO - Started process (PID=1351) to work on /home/airflow/.local/lib/python3.12/site-packages/airflow/example_dags/example_branch_labels.py
[2026-06-13T10:53:25.959+0000] {processor.py:830} INFO - Processing file /home/airflow/.local/lib/python3.12/site-packages/airflow/example_dags/example_branch_labels.py for tasks to queue
[2026-06-13T10:53:25.962+0000] {logging_mixin.py:188} INFO - [2026-06-13T10:53:25.962+0000] {dagbag.py:545} INFO - Filling up the DagBag from /home/airflow/.local/lib/python3.12/site-packages/airflow/example_dags/example_branch_labels.py
[2026-06-13T10:53:25.982+0000] {processor.py:840} INFO - DAG(s) 'example_branch_labels' retrieved from /home/airflow/.local/lib/python3.12/site-packages/airflow/example_dags/example_branch_labels.py
[2026-06-13T10:53:26.035+0000] {logging_mixin.py:188} INFO - [2026-06-13T10:53:26.035+0000] {dag.py:3096} INFO - Sync 1 DAGs
[2026-06-13T10:53:26.076+0000] {logging_mixin.py:188} INFO - [2026-06-13T10:53:26.076+0000] {dag.py:3954} INFO - Setting next_dagrun for example_branch_labels to 2026-06-12 00:00:00+00:00, run_after=2026-06-13 00:00:00+00:00
[2026-06-13T10:53:26.114+0000] {processor.py:183} INFO - Processing /home/airflow/.local/lib/python3.12/site-packages/airflow/example_dags/example_branch_labels.py took 0.169 seconds
[2026-06-13T10:53:56.511+0000] {processor.py:161} INFO - Started process (PID=1409) to work on /home/airflow/.local/lib/python3.12/site-packages/airflow/example_dags/example_branch_labels.py
[2026-06-13T10:53:56.512+0000] {processor.py:830} INFO - Processing file /home/airflow/.local/lib/python3.12/site-packages/airflow/example_dags/example_branch_labels.py for tasks to queue
[2026-06-13T10:53:56.516+0000] {logging_mixin.py:188} INFO - [2026-06-13T10:53:56.515+0000] {dagbag.py:545} INFO - Filling up the DagBag from /home/airflow/.local/lib/python3.12/site-packages/airflow/example_dags/example_branch_labels.py
[2026-06-13T10:53:56.523+0000] {processor.py:840} INFO - DAG(s) 'example_branch_labels' retrieved from /home/airflow/.local/lib/python3.12/site-packages/airflow/example_dags/example_branch_labels.py
[2026-06-13T10:53:56.552+0000] {logging_mixin.py:188} INFO - [2026-06-13T10:53:56.552+0000] {dag.py:3096} INFO - Sync 1 DAGs
[2026-06-13T10:53:56.580+0000] {logging_mixin.py:188} INFO - [2026-06-13T10:53:56.580+0000] {dag.py:3954} INFO - Setting next_dagrun for example_branch_labels to 2026-06-12 00:00:00+00:00, run_after=2026-06-13 00:00:00+00:00
[2026-06-13T10:53:56.610+0000] {processor.py:183} INFO - Processing /home/airflow/.local/lib/python3.12/site-packages/airflow/example_dags/example_branch_labels.py took 0.106 seconds
[2026-06-13T10:54:26.804+0000] {processor.py:161} INFO - Started process (PID=1467) to work on /home/airflow/.local/lib/python3.12/site-packages/airflow/example_dags/example_branch_labels.py
[2026-06-13T10:54:26.806+0000] {processor.py:830} INFO - Processing file /home/airflow/.local/lib/python3.12/site-packages/airflow/example_dags/example_branch_labels.py for tasks to queue
[2026-06-13T10:54:26.810+0000] {logging_mixin.py:188} INFO - [2026-06-13T10:54:26.809+0000] {dagbag.py:545} INFO - Filling up the DagBag from /home/airflow/.local/lib/python3.12/site-packages/airflow/example_dags/example_branch_labels.py
[2026-06-13T10:54:26.819+0000] {processor.py:840} INFO - DAG(s) 'example_branch_labels' retrieved from /home/airflow/.local/lib/python3.12/site-packages/airflow/example_dags/example_branch_labels.py
[2026-06-13T10:54:26.847+0000] {logging_mixin.py:188} INFO - [2026-06-13T10:54:26.846+0000] {dag.py:3096} INFO - Sync 1 DAGs
[2026-06-13T10:54:26.872+0000] {logging_mixin.py:188} INFO - [2026-06-13T10:54:26.872+0000] {dag.py:3954} INFO - Setting next_dagrun for example_branch_labels to 2026-06-12 00:00:00+00:00, run_after=2026-06-13 00:00:00+00:00
[2026-06-13T10:54:26.898+0000] {processor.py:183} INFO - Processing /home/airflow/.local/lib/python3.12/site-packages/airflow/example_dags/example_branch_labels.py took 0.099 seconds
[2026-06-13T10:54:57.127+0000] {processor.py:161} INFO - Started process (PID=1525) to work on /home/airflow/.local/lib/python3.12/site-packages/airflow/example_dags/example_branch_labels.py
[2026-06-13T10:54:57.129+0000] {processor.py:830} INFO - Processing file /home/airflow/.local/lib/python3.12/site-packages/airflow/example_dags/example_branch_labels.py for tasks to queue
[2026-06-13T10:54:57.133+0000] {logging_mixin.py:188} INFO - [2026-06-13T10:54:57.132+0000] {dagbag.py:545} INFO - Filling up the DagBag from /home/airflow/.local/lib/python3.12/site-packages/airflow/example_dags/example_branch_labels.py
[2026-06-13T10:54:57.147+0000] {processor.py:840} INFO - DAG(s) 'example_branch_labels' retrieved from /home/airflow/.local/lib/python3.12/site-packages/airflow/example_dags/example_branch_labels.py
[2026-06-13T10:54:57.186+0000] {logging_mixin.py:188} INFO - [2026-06-13T10:54:57.185+0000] {dag.py:3096} INFO - Sync 1 DAGs
[2026-06-13T10:54:57.219+0000] {logging_mixin.py:188} INFO - [2026-06-13T10:54:57.218+0000] {dag.py:3954} INFO - Setting next_dagrun for example_branch_labels to 2026-06-12 00:00:00+00:00, run_after=2026-06-13 00:00:00+00:00
[2026-06-13T10:54:57.250+0000] {processor.py:183} INFO - Processing /home/airflow/.local/lib/python3.12/site-packages/airflow/example_dags/example_branch_labels.py took 0.129 seconds
[2026-06-13T10:55:54.609+0000] {processor.py:161} INFO - Started process (PID=70) to work on /home/airflow/.local/lib/python3.12/site-packages/airflow/example_dags/example_branch_labels.py
[2026-06-13T10:55:54.611+0000] {processor.py:830} INFO - Processing file /home/airflow/.local/lib/python3.12/site-packages/airflow/example_dags/example_branch_labels.py for tasks to queue
[2026-06-13T10:55:54.614+0000] {logging_mixin.py:188} INFO - [2026-06-13T10:55:54.614+0000] {dagbag.py:545} INFO - Filling up the DagBag from /home/airflow/.local/lib/python3.12/site-packages/airflow/example_dags/example_branch_labels.py
[2026-06-13T10:55:54.633+0000] {processor.py:840} INFO - DAG(s) 'example_branch_labels' retrieved from /home/airflow/.local/lib/python3.12/site-packages/airflow/example_dags/example_branch_labels.py
[2026-06-13T10:55:54.658+0000] {logging_mixin.py:188} INFO - [2026-06-13T10:55:54.658+0000] {dag.py:3096} INFO - Sync 1 DAGs
[2026-06-13T10:55:54.705+0000] {logging_mixin.py:188} INFO - [2026-06-13T10:55:54.705+0000] {dag.py:3954} INFO - Setting next_dagrun for example_branch_labels to 2026-06-12 00:00:00+00:00, run_after=2026-06-13 00:00:00+00:00
[2026-06-13T10:55:54.745+0000] {processor.py:183} INFO - Processing /home/airflow/.local/lib/python3.12/site-packages/airflow/example_dags/example_branch_labels.py took 0.146 seconds
[2026-06-13T10:56:25.141+0000] {processor.py:161} INFO - Started process (PID=129) to work on /home/airflow/.local/lib/python3.12/site-packages/airflow/example_dags/example_branch_labels.py
[2026-06-13T10:56:25.142+0000] {processor.py:830} INFO - Processing file /home/airflow/.local/lib/python3.12/site-packages/airflow/example_dags/example_branch_labels.py for tasks to queue
[2026-06-13T10:56:25.145+0000] {logging_mixin.py:188} INFO - [2026-06-13T10:56:25.145+0000] {dagbag.py:545} INFO - Filling up the DagBag from /home/airflow/.local/lib/python3.12/site-packages/airflow/example_dags/example_branch_labels.py
[2026-06-13T10:56:25.154+0000] {processor.py:840} INFO - DAG(s) 'example_branch_labels' retrieved from /home/airflow/.local/lib/python3.12/site-packages/airflow/example_dags/example_branch_labels.py
[2026-06-13T10:56:25.267+0000] {logging_mixin.py:188} INFO - [2026-06-13T10:56:25.267+0000] {dag.py:3096} INFO - Sync 1 DAGs
[2026-06-13T10:56:25.290+0000] {logging_mixin.py:188} INFO - [2026-06-13T10:56:25.290+0000] {dag.py:3954} INFO - Setting next_dagrun for example_branch_labels to 2026-06-12 00:00:00+00:00, run_after=2026-06-13 00:00:00+00:00
[2026-06-13T10:56:25.318+0000] {processor.py:183} INFO - Processing /home/airflow/.local/lib/python3.12/site-packages/airflow/example_dags/example_branch_labels.py took 0.183 seconds
[2026-06-13T10:56:55.528+0000] {processor.py:161} INFO - Started process (PID=188) to work on /home/airflow/.local/lib/python3.12/site-packages/airflow/example_dags/example_branch_labels.py
[2026-06-13T10:56:55.530+0000] {processor.py:830} INFO - Processing file /home/airflow/.local/lib/python3.12/site-packages/airflow/example_dags/example_branch_labels.py for tasks to queue
[2026-06-13T10:56:55.533+0000] {logging_mixin.py:188} INFO - [2026-06-13T10:56:55.532+0000] {dagbag.py:545} INFO - Filling up the DagBag from /home/airflow/.local/lib/python3.12/site-packages/airflow/example_dags/example_branch_labels.py
[2026-06-13T10:56:55.544+0000] {processor.py:840} INFO - DAG(s) 'example_branch_labels' retrieved from /home/airflow/.local/lib/python3.12/site-packages/airflow/example_dags/example_branch_labels.py
[2026-06-13T10:56:55.564+0000] {logging_mixin.py:188} INFO - [2026-06-13T10:56:55.563+0000] {dag.py:3096} INFO - Sync 1 DAGs
[2026-06-13T10:56:55.597+0000] {logging_mixin.py:188} INFO - [2026-06-13T10:56:55.596+0000] {dag.py:3954} INFO - Setting next_dagrun for example_branch_labels to 2026-06-12 00:00:00+00:00, run_after=2026-06-13 00:00:00+00:00
[2026-06-13T10:56:55.628+0000] {processor.py:183} INFO - Processing /home/airflow/.local/lib/python3.12/site-packages/airflow/example_dags/example_branch_labels.py took 0.107 seconds
[2026-06-13T10:57:26.437+0000] {processor.py:161} INFO - Started process (PID=247) to work on /home/airflow/.local/lib/python3.12/site-packages/airflow/example_dags/example_branch_labels.py
[2026-06-13T10:57:26.438+0000] {processor.py:830} INFO - Processing file /home/airflow/.local/lib/python3.12/site-packages/airflow/example_dags/example_branch_labels.py for tasks to queue
[2026-06-13T10:57:26.441+0000] {logging_mixin.py:188} INFO - [2026-06-13T10:57:26.441+0000] {dagbag.py:545} INFO - Filling up the DagBag from /home/airflow/.local/lib/python3.12/site-packages/airflow/example_dags/example_branch_labels.py
[2026-06-13T10:57:26.454+0000] {processor.py:840} INFO - DAG(s) 'example_branch_labels' retrieved from /home/airflow/.local/lib/python3.12/site-packages/airflow/example_dags/example_branch_labels.py
[2026-06-13T10:57:26.599+0000] {logging_mixin.py:188} INFO - [2026-06-13T10:57:26.599+0000] {dag.py:3096} INFO - Sync 1 DAGs
[2026-06-13T10:57:26.628+0000] {logging_mixin.py:188} INFO - [2026-06-13T10:57:26.628+0000] {dag.py:3954} INFO - Setting next_dagrun for example_branch_labels to 2026-06-12 00:00:00+00:00, run_after=2026-06-13 00:00:00+00:00
[2026-06-13T10:57:26.662+0000] {processor.py:183} INFO - Processing /home/airflow/.local/lib/python3.12/site-packages/airflow/example_dags/example_branch_labels.py took 0.233 seconds
[2026-06-13T10:57:57.236+0000] {processor.py:161} INFO - Started process (PID=307) to work on /home/airflow/.local/lib/python3.12/site-packages/airflow/example_dags/example_branch_labels.py
[2026-06-13T10:57:57.238+0000] {processor.py:830} INFO - Processing file /home/airflow/.local/lib/python3.12/site-packages/airflow/example_dags/example_branch_labels.py for tasks to queue
[2026-06-13T10:57:57.241+0000] {logging_mixin.py:188} INFO - [2026-06-13T10:57:57.240+0000] {dagbag.py:545} INFO - Filling up the DagBag from /home/airflow/.local/lib/python3.12/site-packages/airflow/example_dags/example_branch_labels.py
[2026-06-13T10:57:57.254+0000] {processor.py:840} INFO - DAG(s) 'example_branch_labels' retrieved from /home/airflow/.local/lib/python3.12/site-packages/airflow/example_dags/example_branch_labels.py
[2026-06-13T10:57:57.295+0000] {logging_mixin.py:188} INFO - [2026-06-13T10:57:57.295+0000] {dag.py:3096} INFO - Sync 1 DAGs
[2026-06-13T10:57:57.328+0000] {logging_mixin.py:188} INFO - [2026-06-13T10:57:57.328+0000] {dag.py:3954} INFO - Setting next_dagrun for example_branch_labels to 2026-06-12 00:00:00+00:00, run_after=2026-06-13 00:00:00+00:00
[2026-06-13T10:57:57.357+0000] {processor.py:183} INFO - Processing /home/airflow/.local/lib/python3.12/site-packages/airflow/example_dags/example_branch_labels.py took 0.130 seconds
[2026-06-13T10:58:27.675+0000] {processor.py:161} INFO - Started process (PID=366) to work on /home/airflow/.local/lib/python3.12/site-packages/airflow/example_dags/example_branch_labels.py
[2026-06-13T10:58:27.677+0000] {processor.py:830} INFO - Processing file /home/airflow/.local/lib/python3.12/site-packages/airflow/example_dags/example_branch_labels.py for tasks to queue
[2026-06-13T10:58:27.680+0000] {logging_mixin.py:188} INFO - [2026-06-13T10:58:27.679+0000] {dagbag.py:545} INFO - Filling up the DagBag from /home/airflow/.local/lib/python3.12/site-packages/airflow/example_dags/example_branch_labels.py
[2026-06-13T10:58:27.688+0000] {processor.py:840} INFO - DAG(s) 'example_branch_labels' retrieved from /home/airflow/.local/lib/python3.12/site-packages/airflow/example_dags/example_branch_labels.py
[2026-06-13T10:58:27.715+0000] {logging_mixin.py:188} INFO - [2026-06-13T10:58:27.715+0000] {dag.py:3096} INFO - Sync 1 DAGs
[2026-06-13T10:58:27.743+0000] {logging_mixin.py:188} INFO - [2026-06-13T10:58:27.743+0000] {dag.py:3954} INFO - Setting next_dagrun for example_branch_labels to 2026-06-12 00:00:00+00:00, run_after=2026-06-13 00:00:00+00:00
[2026-06-13T10:58:27.771+0000] {processor.py:183} INFO - Processing /home/airflow/.local/lib/python3.12/site-packages/airflow/example_dags/example_branch_labels.py took 0.101 seconds
[2026-06-13T10:58:58.559+0000] {processor.py:161} INFO - Started process (PID=426) to work on /home/airflow/.local/lib/python3.12/site-packages/airflow/example_dags/example_branch_labels.py
[2026-06-13T10:58:58.561+0000] {processor.py:830} INFO - Processing file /home/airflow/.local/lib/python3.12/site-packages/airflow/example_dags/example_branch_labels.py for tasks to queue
[2026-06-13T10:58:58.564+0000] {logging_mixin.py:188} INFO - [2026-06-13T10:58:58.563+0000] {dagbag.py:545} INFO - Filling up the DagBag from /home/airflow/.local/lib/python3.12/site-packages/airflow/example_dags/example_branch_labels.py
[2026-06-13T10:58:58.573+0000] {processor.py:840} INFO - DAG(s) 'example_branch_labels' retrieved from /home/airflow/.local/lib/python3.12/site-packages/airflow/example_dags/example_branch_labels.py
[2026-06-13T10:58:58.600+0000] {logging_mixin.py:188} INFO - [2026-06-13T10:58:58.599+0000] {dag.py:3096} INFO - Sync 1 DAGs
[2026-06-13T10:58:58.628+0000] {logging_mixin.py:188} INFO - [2026-06-13T10:58:58.628+0000] {dag.py:3954} INFO - Setting next_dagrun for example_branch_labels to 2026-06-12 00:00:00+00:00, run_after=2026-06-13 00:00:00+00:00
[2026-06-13T10:58:58.655+0000] {processor.py:183} INFO - Processing /home/airflow/.local/lib/python3.12/site-packages/airflow/example_dags/example_branch_labels.py took 0.103 seconds
[2026-06-13T10:59:28.792+0000] {processor.py:161} INFO - Started process (PID=490) to work on /home/airflow/.local/lib/python3.12/site-packages/airflow/example_dags/example_branch_labels.py
[2026-06-13T10:59:28.794+0000] {processor.py:830} INFO - Processing file /home/airflow/.local/lib/python3.12/site-packages/airflow/example_dags/example_branch_labels.py for tasks to queue
[2026-06-13T10:59:28.797+0000] {logging_mixin.py:188} INFO - [2026-06-13T10:59:28.796+0000] {dagbag.py:545} INFO - Filling up the DagBag from /home/airflow/.local/lib/python3.12/site-packages/airflow/example_dags/example_branch_labels.py
[2026-06-13T10:59:28.805+0000] {processor.py:840} INFO - DAG(s) 'example_branch_labels' retrieved from /home/airflow/.local/lib/python3.12/site-packages/airflow/example_dags/example_branch_labels.py
[2026-06-13T10:59:28.834+0000] {logging_mixin.py:188} INFO - [2026-06-13T10:59:28.834+0000] {dag.py:3096} INFO - Sync 1 DAGs
[2026-06-13T10:59:28.863+0000] {logging_mixin.py:188} INFO - [2026-06-13T10:59:28.863+0000] {dag.py:3954} INFO - Setting next_dagrun for example_branch_labels to 2026-06-12 00:00:00+00:00, run_after=2026-06-13 00:00:00+00:00
[2026-06-13T10:59:28.893+0000] {processor.py:183} INFO - Processing /home/airflow/.local/lib/python3.12/site-packages/airflow/example_dags/example_branch_labels.py took 0.107 seconds
[2026-06-13T10:59:58.957+0000] {processor.py:161} INFO - Started process (PID=548) to work on /home/airflow/.local/lib/python3.12/site-packages/airflow/example_dags/example_branch_labels.py
[2026-06-13T10:59:58.958+0000] {processor.py:830} INFO - Processing file /home/airflow/.local/lib/python3.12/site-packages/airflow/example_dags/example_branch_labels.py for tasks to queue
[2026-06-13T10:59:58.961+0000] {logging_mixin.py:188} INFO - [2026-06-13T10:59:58.961+0000] {dagbag.py:545} INFO - Filling up the DagBag from /home/airflow/.local/lib/python3.12/site-packages/airflow/example_dags/example_branch_labels.py
[2026-06-13T10:59:58.971+0000] {processor.py:840} INFO - DAG(s) 'example_branch_labels' retrieved from /home/airflow/.local/lib/python3.12/site-packages/airflow/example_dags/example_branch_labels.py
[2026-06-13T10:59:58.998+0000] {logging_mixin.py:188} INFO - [2026-06-13T10:59:58.998+0000] {dag.py:3096} INFO - Sync 1 DAGs
[2026-06-13T10:59:59.025+0000] {logging_mixin.py:188} INFO - [2026-06-13T10:59:59.024+0000] {dag.py:3954} INFO - Setting next_dagrun for example_branch_labels to 2026-06-12 00:00:00+00:00, run_after=2026-06-13 00:00:00+00:00
[2026-06-13T10:59:59.050+0000] {processor.py:183} INFO - Processing /home/airflow/.local/lib/python3.12/site-packages/airflow/example_dags/example_branch_labels.py took 0.099 seconds
[2026-06-13T11:00:29.237+0000] {processor.py:161} INFO - Started process (PID=607) to work on /home/airflow/.local/lib/python3.12/site-packages/airflow/example_dags/example_branch_labels.py
[2026-06-13T11:00:29.239+0000] {processor.py:830} INFO - Processing file /home/airflow/.local/lib/python3.12/site-packages/airflow/example_dags/example_branch_labels.py for tasks to queue
[2026-06-13T11:00:29.242+0000] {logging_mixin.py:188} INFO - [2026-06-13T11:00:29.242+0000] {dagbag.py:545} INFO - Filling up the DagBag from /home/airflow/.local/lib/python3.12/site-packages/airflow/example_dags/example_branch_labels.py
[2026-06-13T11:00:29.250+0000] {processor.py:840} INFO - DAG(s) 'example_branch_labels' retrieved from /home/airflow/.local/lib/python3.12/site-packages/airflow/example_dags/example_branch_labels.py
[2026-06-13T11:00:29.276+0000] {logging_mixin.py:188} INFO - [2026-06-13T11:00:29.276+0000] {dag.py:3096} INFO - Sync 1 DAGs
[2026-06-13T11:00:29.303+0000] {logging_mixin.py:188} INFO - [2026-06-13T11:00:29.303+0000] {dag.py:3954} INFO - Setting next_dagrun for example_branch_labels to 2026-06-12 00:00:00+00:00, run_after=2026-06-13 00:00:00+00:00
[2026-06-13T11:00:29.330+0000] {processor.py:183} INFO - Processing /home/airflow/.local/lib/python3.12/site-packages/airflow/example_dags/example_branch_labels.py took 0.099 seconds
[2026-06-13T11:00:59.595+0000] {processor.py:161} INFO - Started process (PID=666) to work on /home/airflow/.local/lib/python3.12/site-packages/airflow/example_dags/example_branch_labels.py
[2026-06-13T11:00:59.597+0000] {processor.py:830} INFO - Processing file /home/airflow/.local/lib/python3.12/site-packages/airflow/example_dags/example_branch_labels.py for tasks to queue
[2026-06-13T11:00:59.600+0000] {logging_mixin.py:188} INFO - [2026-06-13T11:00:59.600+0000] {dagbag.py:545} INFO - Filling up the DagBag from /home/airflow/.local/lib/python3.12/site-packages/airflow/example_dags/example_branch_labels.py
[2026-06-13T11:00:59.609+0000] {processor.py:840} INFO - DAG(s) 'example_branch_labels' retrieved from /home/airflow/.local/lib/python3.12/site-packages/airflow/example_dags/example_branch_labels.py
[2026-06-13T11:00:59.637+0000] {logging_mixin.py:188} INFO - [2026-06-13T11:00:59.637+0000] {dag.py:3096} INFO - Sync 1 DAGs
[2026-06-13T11:00:59.667+0000] {logging_mixin.py:188} INFO - [2026-06-13T11:00:59.667+0000] {dag.py:3954} INFO - Setting next_dagrun for example_branch_labels to 2026-06-12 00:00:00+00:00, run_after=2026-06-13 00:00:00+00:00
[2026-06-13T11:00:59.695+0000] {processor.py:183} INFO - Processing /home/airflow/.local/lib/python3.12/site-packages/airflow/example_dags/example_branch_labels.py took 0.106 seconds
[2026-06-13T11:01:30.107+0000] {processor.py:161} INFO - Started process (PID=725) to work on /home/airflow/.local/lib/python3.12/site-packages/airflow/example_dags/example_branch_labels.py
[2026-06-13T11:01:30.108+0000] {processor.py:830} INFO - Processing file /home/airflow/.local/lib/python3.12/site-packages/airflow/example_dags/example_branch_labels.py for tasks to queue
[2026-06-13T11:01:30.111+0000] {logging_mixin.py:188} INFO - [2026-06-13T11:01:30.111+0000] {dagbag.py:545} INFO - Filling up the DagBag from /home/airflow/.local/lib/python3.12/site-packages/airflow/example_dags/example_branch_labels.py
[2026-06-13T11:01:30.119+0000] {processor.py:840} INFO - DAG(s) 'example_branch_labels' retrieved from /home/airflow/.local/lib/python3.12/site-packages/airflow/example_dags/example_branch_labels.py
[2026-06-13T11:01:30.148+0000] {logging_mixin.py:188} INFO - [2026-06-13T11:01:30.147+0000] {dag.py:3096} INFO - Sync 1 DAGs
[2026-06-13T11:01:30.173+0000] {logging_mixin.py:188} INFO - [2026-06-13T11:01:30.173+0000] {dag.py:3954} INFO - Setting next_dagrun for example_branch_labels to 2026-06-12 00:00:00+00:00, run_after=2026-06-13 00:00:00+00:00
[2026-06-13T11:01:30.197+0000] {processor.py:183} INFO - Processing /home/airflow/.local/lib/python3.12/site-packages/airflow/example_dags/example_branch_labels.py took 0.097 seconds
[2026-06-13T11:02:00.387+0000] {processor.py:161} INFO - Started process (PID=784) to work on /home/airflow/.local/lib/python3.12/site-packages/airflow/example_dags/example_branch_labels.py
[2026-06-13T11:02:00.389+0000] {processor.py:830} INFO - Processing file /home/airflow/.local/lib/python3.12/site-packages/airflow/example_dags/example_branch_labels.py for tasks to queue
[2026-06-13T11:02:00.392+0000] {logging_mixin.py:188} INFO - [2026-06-13T11:02:00.391+0000] {dagbag.py:545} INFO - Filling up the DagBag from /home/airflow/.local/lib/python3.12/site-packages/airflow/example_dags/example_branch_labels.py
[2026-06-13T11:02:00.401+0000] {processor.py:840} INFO - DAG(s) 'example_branch_labels' retrieved from /home/airflow/.local/lib/python3.12/site-packages/airflow/example_dags/example_branch_labels.py
[2026-06-13T11:02:00.438+0000] {logging_mixin.py:188} INFO - [2026-06-13T11:02:00.437+0000] {dag.py:3096} INFO - Sync 1 DAGs
[2026-06-13T11:02:00.469+0000] {logging_mixin.py:188} INFO - [2026-06-13T11:02:00.469+0000] {dag.py:3954} INFO - Setting next_dagrun for example_branch_labels to 2026-06-12 00:00:00+00:00, run_after=2026-06-13 00:00:00+00:00
[2026-06-13T11:02:00.502+0000] {processor.py:183} INFO - Processing /home/airflow/.local/lib/python3.12/site-packages/airflow/example_dags/example_branch_labels.py took 0.122 seconds
[2026-06-13T11:02:30.570+0000] {processor.py:161} INFO - Started process (PID=842) to work on /home/airflow/.local/lib/python3.12/site-packages/airflow/example_dags/example_branch_labels.py
[2026-06-13T11:02:30.572+0000] {processor.py:830} INFO - Processing file /home/airflow/.local/lib/python3.12/site-packages/airflow/example_dags/example_branch_labels.py for tasks to queue
[2026-06-13T11:02:30.575+0000] {logging_mixin.py:188} INFO - [2026-06-13T11:02:30.575+0000] {dagbag.py:545} INFO - Filling up the DagBag from /home/airflow/.local/lib/python3.12/site-packages/airflow/example_dags/example_branch_labels.py
[2026-06-13T11:02:30.583+0000] {processor.py:840} INFO - DAG(s) 'example_branch_labels' retrieved from /home/airflow/.local/lib/python3.12/site-packages/airflow/example_dags/example_branch_labels.py
[2026-06-13T11:02:30.610+0000] {logging_mixin.py:188} INFO - [2026-06-13T11:02:30.610+0000] {dag.py:3096} INFO - Sync 1 DAGs
[2026-06-13T11:02:30.638+0000] {logging_mixin.py:188} INFO - [2026-06-13T11:02:30.637+0000] {dag.py:3954} INFO - Setting next_dagrun for example_branch_labels to 2026-06-12 00:00:00+00:00, run_after=2026-06-13 00:00:00+00:00
[2026-06-13T11:02:30.663+0000] {processor.py:183} INFO - Processing /home/airflow/.local/lib/python3.12/site-packages/airflow/example_dags/example_branch_labels.py took 0.099 seconds
[2026-06-13T11:03:00.983+0000] {processor.py:161} INFO - Started process (PID=901) to work on /home/airflow/.local/lib/python3.12/site-packages/airflow/example_dags/example_branch_labels.py
[2026-06-13T11:03:00.985+0000] {processor.py:830} INFO - Processing file /home/airflow/.local/lib/python3.12/site-packages/airflow/example_dags/example_branch_labels.py for tasks to queue
[2026-06-13T11:03:00.988+0000] {logging_mixin.py:188} INFO - [2026-06-13T11:03:00.988+0000] {dagbag.py:545} INFO - Filling up the DagBag from /home/airflow/.local/lib/python3.12/site-packages/airflow/example_dags/example_branch_labels.py
[2026-06-13T11:03:00.996+0000] {processor.py:840} INFO - DAG(s) 'example_branch_labels' retrieved from /home/airflow/.local/lib/python3.12/site-packages/airflow/example_dags/example_branch_labels.py
[2026-06-13T11:03:01.026+0000] {logging_mixin.py:188} INFO - [2026-06-13T11:03:01.026+0000] {dag.py:3096} INFO - Sync 1 DAGs
[2026-06-13T11:03:01.053+0000] {logging_mixin.py:188} INFO - [2026-06-13T11:03:01.053+0000] {dag.py:3954} INFO - Setting next_dagrun for example_branch_labels to 2026-06-12 00:00:00+00:00, run_after=2026-06-13 00:00:00+00:00
[2026-06-13T11:03:01.085+0000] {processor.py:183} INFO - Processing /home/airflow/.local/lib/python3.12/site-packages/airflow/example_dags/example_branch_labels.py took 0.108 seconds
[2026-06-13T11:03:31.435+0000] {processor.py:161} INFO - Started process (PID=960) to work on /home/airflow/.local/lib/python3.12/site-packages/airflow/example_dags/example_branch_labels.py
[2026-06-13T11:03:31.436+0000] {processor.py:830} INFO - Processing file /home/airflow/.local/lib/python3.12/site-packages/airflow/example_dags/example_branch_labels.py for tasks to queue
[2026-06-13T11:03:31.439+0000] {logging_mixin.py:188} INFO - [2026-06-13T11:03:31.439+0000] {dagbag.py:545} INFO - Filling up the DagBag from /home/airflow/.local/lib/python3.12/site-packages/airflow/example_dags/example_branch_labels.py
[2026-06-13T11:03:31.447+0000] {processor.py:840} INFO - DAG(s) 'example_branch_labels' retrieved from /home/airflow/.local/lib/python3.12/site-packages/airflow/example_dags/example_branch_labels.py
[2026-06-13T11:03:31.476+0000] {logging_mixin.py:188} INFO - [2026-06-13T11:03:31.476+0000] {dag.py:3096} INFO - Sync 1 DAGs
[2026-06-13T11:03:31.501+0000] {logging_mixin.py:188} INFO - [2026-06-13T11:03:31.501+0000] {dag.py:3954} INFO - Setting next_dagrun for example_branch_labels to 2026-06-12 00:00:00+00:00, run_after=2026-06-13 00:00:00+00:00
[2026-06-13T11:03:31.532+0000] {processor.py:183} INFO - Processing /home/airflow/.local/lib/python3.12/site-packages/airflow/example_dags/example_branch_labels.py took 0.103 seconds
[2026-06-13T11:04:01.781+0000] {processor.py:161} INFO - Started process (PID=1019) to work on /home/airflow/.local/lib/python3.12/site-packages/airflow/example_dags/example_branch_labels.py
[2026-06-13T11:04:01.783+0000] {processor.py:830} INFO - Processing file /home/airflow/.local/lib/python3.12/site-packages/airflow/example_dags/example_branch_labels.py for tasks to queue
[2026-06-13T11:04:01.786+0000] {logging_mixin.py:188} INFO - [2026-06-13T11:04:01.785+0000] {dagbag.py:545} INFO - Filling up the DagBag from /home/airflow/.local/lib/python3.12/site-packages/airflow/example_dags/example_branch_labels.py
[2026-06-13T11:04:01.796+0000] {processor.py:840} INFO - DAG(s) 'example_branch_labels' retrieved from /home/airflow/.local/lib/python3.12/site-packages/airflow/example_dags/example_branch_labels.py
[2026-06-13T11:04:01.828+0000] {logging_mixin.py:188} INFO - [2026-06-13T11:04:01.828+0000] {dag.py:3096} INFO - Sync 1 DAGs
[2026-06-13T11:04:01.858+0000] {logging_mixin.py:188} INFO - [2026-06-13T11:04:01.858+0000] {dag.py:3954} INFO - Setting next_dagrun for example_branch_labels to 2026-06-12 00:00:00+00:00, run_after=2026-06-13 00:00:00+00:00
[2026-06-13T11:04:01.893+0000] {processor.py:183} INFO - Processing /home/airflow/.local/lib/python3.12/site-packages/airflow/example_dags/example_branch_labels.py took 0.120 seconds
[2026-06-13T11:04:32.164+0000] {processor.py:161} INFO - Started process (PID=1078) to work on /home/airflow/.local/lib/python3.12/site-packages/airflow/example_dags/example_branch_labels.py
[2026-06-13T11:04:32.165+0000] {processor.py:830} INFO - Processing file /home/airflow/.local/lib/python3.12/site-packages/airflow/example_dags/example_branch_labels.py for tasks to queue
[2026-06-13T11:04:32.168+0000] {logging_mixin.py:188} INFO - [2026-06-13T11:04:32.168+0000] {dagbag.py:545} INFO - Filling up the DagBag from /home/airflow/.local/lib/python3.12/site-packages/airflow/example_dags/example_branch_labels.py
[2026-06-13T11:04:32.177+0000] {processor.py:840} INFO - DAG(s) 'example_branch_labels' retrieved from /home/airflow/.local/lib/python3.12/site-packages/airflow/example_dags/example_branch_labels.py
[2026-06-13T11:04:32.204+0000] {logging_mixin.py:188} INFO - [2026-06-13T11:04:32.203+0000] {dag.py:3096} INFO - Sync 1 DAGs
[2026-06-13T11:04:32.228+0000] {logging_mixin.py:188} INFO - [2026-06-13T11:04:32.228+0000] {dag.py:3954} INFO - Setting next_dagrun for example_branch_labels to 2026-06-12 00:00:00+00:00, run_after=2026-06-13 00:00:00+00:00
[2026-06-13T11:04:32.258+0000] {processor.py:183} INFO - Processing /home/airflow/.local/lib/python3.12/site-packages/airflow/example_dags/example_branch_labels.py took 0.099 seconds
[2026-06-13T11:05:02.345+0000] {processor.py:161} INFO - Started process (PID=1137) to work on /home/airflow/.local/lib/python3.12/site-packages/airflow/example_dags/example_branch_labels.py
[2026-06-13T11:05:02.346+0000] {processor.py:830} INFO - Processing file /home/airflow/.local/lib/python3.12/site-packages/airflow/example_dags/example_branch_labels.py for tasks to queue
[2026-06-13T11:05:02.350+0000] {logging_mixin.py:188} INFO - [2026-06-13T11:05:02.349+0000] {dagbag.py:545} INFO - Filling up the DagBag from /home/airflow/.local/lib/python3.12/site-packages/airflow/example_dags/example_branch_labels.py
[2026-06-13T11:05:02.358+0000] {processor.py:840} INFO - DAG(s) 'example_branch_labels' retrieved from /home/airflow/.local/lib/python3.12/site-packages/airflow/example_dags/example_branch_labels.py
[2026-06-13T11:05:02.387+0000] {logging_mixin.py:188} INFO - [2026-06-13T11:05:02.386+0000] {dag.py:3096} INFO - Sync 1 DAGs
[2026-06-13T11:05:02.413+0000] {logging_mixin.py:188} INFO - [2026-06-13T11:05:02.413+0000] {dag.py:3954} INFO - Setting next_dagrun for example_branch_labels to 2026-06-12 00:00:00+00:00, run_after=2026-06-13 00:00:00+00:00
[2026-06-13T11:05:02.439+0000] {processor.py:183} INFO - Processing /home/airflow/.local/lib/python3.12/site-packages/airflow/example_dags/example_branch_labels.py took 0.101 seconds
[2026-06-13T11:05:32.694+0000] {processor.py:161} INFO - Started process (PID=1197) to work on /home/airflow/.local/lib/python3.12/site-packages/airflow/example_dags/example_branch_labels.py
[2026-06-13T11:05:32.696+0000] {processor.py:830} INFO - Processing file /home/airflow/.local/lib/python3.12/site-packages/airflow/example_dags/example_branch_labels.py for tasks to queue
[2026-06-13T11:05:32.699+0000] {logging_mixin.py:188} INFO - [2026-06-13T11:05:32.699+0000] {dagbag.py:545} INFO - Filling up the DagBag from /home/airflow/.local/lib/python3.12/site-packages/airflow/example_dags/example_branch_labels.py
[2026-06-13T11:05:32.707+0000] {processor.py:840} INFO - DAG(s) 'example_branch_labels' retrieved from /home/airflow/.local/lib/python3.12/site-packages/airflow/example_dags/example_branch_labels.py
[2026-06-13T11:05:32.734+0000] {logging_mixin.py:188} INFO - [2026-06-13T11:05:32.733+0000] {dag.py:3096} INFO - Sync 1 DAGs
[2026-06-13T11:05:32.761+0000] {logging_mixin.py:188} INFO - [2026-06-13T11:05:32.761+0000] {dag.py:3954} INFO - Setting next_dagrun for example_branch_labels to 2026-06-12 00:00:00+00:00, run_after=2026-06-13 00:00:00+00:00
[2026-06-13T11:05:32.794+0000] {processor.py:183} INFO - Processing /home/airflow/.local/lib/python3.12/site-packages/airflow/example_dags/example_branch_labels.py took 0.106 seconds
[2026-06-13T11:06:03.463+0000] {processor.py:161} INFO - Started process (PID=1256) to work on /home/airflow/.local/lib/python3.12/site-packages/airflow/example_dags/example_branch_labels.py
[2026-06-13T11:06:03.465+0000] {processor.py:830} INFO - Processing file /home/airflow/.local/lib/python3.12/site-packages/airflow/example_dags/example_branch_labels.py for tasks to queue
[2026-06-13T11:06:03.469+0000] {logging_mixin.py:188} INFO - [2026-06-13T11:06:03.468+0000] {dagbag.py:545} INFO - Filling up the DagBag from /home/airflow/.local/lib/python3.12/site-packages/airflow/example_dags/example_branch_labels.py
[2026-06-13T11:06:03.477+0000] {processor.py:840} INFO - DAG(s) 'example_branch_labels' retrieved from /home/airflow/.local/lib/python3.12/site-packages/airflow/example_dags/example_branch_labels.py
[2026-06-13T11:06:03.505+0000] {logging_mixin.py:188} INFO - [2026-06-13T11:06:03.505+0000] {dag.py:3096} INFO - Sync 1 DAGs
[2026-06-13T11:06:03.528+0000] {logging_mixin.py:188} INFO - [2026-06-13T11:06:03.527+0000] {dag.py:3954} INFO - Setting next_dagrun for example_branch_labels to 2026-06-12 00:00:00+00:00, run_after=2026-06-13 00:00:00+00:00
[2026-06-13T11:06:03.555+0000] {processor.py:183} INFO - Processing /home/airflow/.local/lib/python3.12/site-packages/airflow/example_dags/example_branch_labels.py took 0.100 seconds
[2026-06-13T11:06:33.846+0000] {processor.py:161} INFO - Started process (PID=1315) to work on /home/airflow/.local/lib/python3.12/site-packages/airflow/example_dags/example_branch_labels.py
[2026-06-13T11:06:33.848+0000] {processor.py:830} INFO - Processing file /home/airflow/.local/lib/python3.12/site-packages/airflow/example_dags/example_branch_labels.py for tasks to queue
[2026-06-13T11:06:33.850+0000] {logging_mixin.py:188} INFO - [2026-06-13T11:06:33.850+0000] {dagbag.py:545} INFO - Filling up the DagBag from /home/airflow/.local/lib/python3.12/site-packages/airflow/example_dags/example_branch_labels.py
[2026-06-13T11:06:33.858+0000] {processor.py:840} INFO - DAG(s) 'example_branch_labels' retrieved from /home/airflow/.local/lib/python3.12/site-packages/airflow/example_dags/example_branch_labels.py
[2026-06-13T11:06:33.885+0000] {logging_mixin.py:188} INFO - [2026-06-13T11:06:33.885+0000] {dag.py:3096} INFO - Sync 1 DAGs
[2026-06-13T11:06:33.912+0000] {logging_mixin.py:188} INFO - [2026-06-13T11:06:33.912+0000] {dag.py:3954} INFO - Setting next_dagrun for example_branch_labels to 2026-06-12 00:00:00+00:00, run_after=2026-06-13 00:00:00+00:00
[2026-06-13T11:06:33.938+0000] {processor.py:183} INFO - Processing /home/airflow/.local/lib/python3.12/site-packages/airflow/example_dags/example_branch_labels.py took 0.099 seconds
[2026-06-13T11:07:04.625+0000] {processor.py:161} INFO - Started process (PID=1374) to work on /home/airflow/.local/lib/python3.12/site-packages/airflow/example_dags/example_branch_labels.py
[2026-06-13T11:07:04.626+0000] {processor.py:830} INFO - Processing file /home/airflow/.local/lib/python3.12/site-packages/airflow/example_dags/example_branch_labels.py for tasks to queue
[2026-06-13T11:07:04.629+0000] {logging_mixin.py:188} INFO - [2026-06-13T11:07:04.628+0000] {dagbag.py:545} INFO - Filling up the DagBag from /home/airflow/.local/lib/python3.12/site-packages/airflow/example_dags/example_branch_labels.py
[2026-06-13T11:07:04.637+0000] {processor.py:840} INFO - DAG(s) 'example_branch_labels' retrieved from /home/airflow/.local/lib/python3.12/site-packages/airflow/example_dags/example_branch_labels.py
[2026-06-13T11:07:04.664+0000] {logging_mixin.py:188} INFO - [2026-06-13T11:07:04.664+0000] {dag.py:3096} INFO - Sync 1 DAGs
[2026-06-13T11:07:04.690+0000] {logging_mixin.py:188} INFO - [2026-06-13T11:07:04.689+0000] {dag.py:3954} INFO - Setting next_dagrun for example_branch_labels to 2026-06-12 00:00:00+00:00, run_after=2026-06-13 00:00:00+00:00
[2026-06-13T11:07:04.718+0000] {processor.py:183} INFO - Processing /home/airflow/.local/lib/python3.12/site-packages/airflow/example_dags/example_branch_labels.py took 0.099 seconds
[2026-06-13T11:07:34.891+0000] {processor.py:161} INFO - Started process (PID=1433) to work on /home/airflow/.local/lib/python3.12/site-packages/airflow/example_dags/example_branch_labels.py
[2026-06-13T11:07:34.893+0000] {processor.py:830} INFO - Processing file /home/airflow/.local/lib/python3.12/site-packages/airflow/example_dags/example_branch_labels.py for tasks to queue
[2026-06-13T11:07:34.896+0000] {logging_mixin.py:188} INFO - [2026-06-13T11:07:34.895+0000] {dagbag.py:545} INFO - Filling up the DagBag from /home/airflow/.local/lib/python3.12/site-packages/airflow/example_dags/example_branch_labels.py
[2026-06-13T11:07:34.904+0000] {processor.py:840} INFO - DAG(s) 'example_branch_labels' retrieved from /home/airflow/.local/lib/python3.12/site-packages/airflow/example_dags/example_branch_labels.py
[2026-06-13T11:07:34.933+0000] {logging_mixin.py:188} INFO - [2026-06-13T11:07:34.933+0000] {dag.py:3096} INFO - Sync 1 DAGs
[2026-06-13T11:07:34.960+0000] {logging_mixin.py:188} INFO - [2026-06-13T11:07:34.960+0000] {dag.py:3954} INFO - Setting next_dagrun for example_branch_labels to 2026-06-12 00:00:00+00:00, run_after=2026-06-13 00:00:00+00:00
[2026-06-13T11:07:34.994+0000] {processor.py:183} INFO - Processing /home/airflow/.local/lib/python3.12/site-packages/airflow/example_dags/example_branch_labels.py took 0.109 seconds
[2026-06-13T11:08:05.212+0000] {processor.py:161} INFO - Started process (PID=1493) to work on /home/airflow/.local/lib/python3.12/site-packages/airflow/example_dags/example_branch_labels.py
[2026-06-13T11:08:05.213+0000] {processor.py:830} INFO - Processing file /home/airflow/.local/lib/python3.12/site-packages/airflow/example_dags/example_branch_labels.py for tasks to queue
[2026-06-13T11:08:05.216+0000] {logging_mixin.py:188} INFO - [2026-06-13T11:08:05.215+0000] {dagbag.py:545} INFO - Filling up the DagBag from /home/airflow/.local/lib/python3.12/site-packages/airflow/example_dags/example_branch_labels.py
[2026-06-13T11:08:05.224+0000] {processor.py:840} INFO - DAG(s) 'example_branch_labels' retrieved from /home/airflow/.local/lib/python3.12/site-packages/airflow/example_dags/example_branch_labels.py
[2026-06-13T11:08:05.251+0000] {logging_mixin.py:188} INFO - [2026-06-13T11:08:05.250+0000] {dag.py:3096} INFO - Sync 1 DAGs
[2026-06-13T11:08:05.277+0000] {logging_mixin.py:188} INFO - [2026-06-13T11:08:05.277+0000] {dag.py:3954} INFO - Setting next_dagrun for example_branch_labels to 2026-06-12 00:00:00+00:00, run_after=2026-06-13 00:00:00+00:00
[2026-06-13T11:08:05.311+0000] {processor.py:183} INFO - Processing /home/airflow/.local/lib/python3.12/site-packages/airflow/example_dags/example_branch_labels.py took 0.106 seconds
[2026-06-13T11:09:17.719+0000] {processor.py:161} INFO - Started process (PID=71) to work on /home/airflow/.local/lib/python3.12/site-packages/airflow/example_dags/example_branch_labels.py
[2026-06-13T11:09:17.722+0000] {processor.py:830} INFO - Processing file /home/airflow/.local/lib/python3.12/site-packages/airflow/example_dags/example_branch_labels.py for tasks to queue
[2026-06-13T11:09:17.726+0000] {logging_mixin.py:188} INFO - [2026-06-13T11:09:17.725+0000] {dagbag.py:545} INFO - Filling up the DagBag from /home/airflow/.local/lib/python3.12/site-packages/airflow/example_dags/example_branch_labels.py
[2026-06-13T11:09:17.746+0000] {processor.py:840} INFO - DAG(s) 'example_branch_labels' retrieved from /home/airflow/.local/lib/python3.12/site-packages/airflow/example_dags/example_branch_labels.py
[2026-06-13T11:09:17.917+0000] {logging_mixin.py:188} INFO - [2026-06-13T11:09:17.917+0000] {dag.py:3096} INFO - Sync 1 DAGs
[2026-06-13T11:09:17.948+0000] {logging_mixin.py:188} INFO - [2026-06-13T11:09:17.948+0000] {dag.py:3954} INFO - Setting next_dagrun for example_branch_labels to 2026-06-12 00:00:00+00:00, run_after=2026-06-13 00:00:00+00:00
[2026-06-13T11:09:17.989+0000] {processor.py:183} INFO - Processing /home/airflow/.local/lib/python3.12/site-packages/airflow/example_dags/example_branch_labels.py took 0.279 seconds
[2026-06-13T11:09:48.492+0000] {processor.py:161} INFO - Started process (PID=130) to work on /home/airflow/.local/lib/python3.12/site-packages/airflow/example_dags/example_branch_labels.py
[2026-06-13T11:09:48.493+0000] {processor.py:830} INFO - Processing file /home/airflow/.local/lib/python3.12/site-packages/airflow/example_dags/example_branch_labels.py for tasks to queue
[2026-06-13T11:09:48.496+0000] {logging_mixin.py:188} INFO - [2026-06-13T11:09:48.495+0000] {dagbag.py:545} INFO - Filling up the DagBag from /home/airflow/.local/lib/python3.12/site-packages/airflow/example_dags/example_branch_labels.py
[2026-06-13T11:09:48.505+0000] {processor.py:840} INFO - DAG(s) 'example_branch_labels' retrieved from /home/airflow/.local/lib/python3.12/site-packages/airflow/example_dags/example_branch_labels.py
[2026-06-13T11:09:48.533+0000] {logging_mixin.py:188} INFO - [2026-06-13T11:09:48.532+0000] {dag.py:3096} INFO - Sync 1 DAGs
[2026-06-13T11:09:48.559+0000] {logging_mixin.py:188} INFO - [2026-06-13T11:09:48.559+0000] {dag.py:3954} INFO - Setting next_dagrun for example_branch_labels to 2026-06-12 00:00:00+00:00, run_after=2026-06-13 00:00:00+00:00
[2026-06-13T11:09:48.587+0000] {processor.py:183} INFO - Processing /home/airflow/.local/lib/python3.12/site-packages/airflow/example_dags/example_branch_labels.py took 0.101 seconds
[2026-06-13T11:10:19.033+0000] {processor.py:161} INFO - Started process (PID=189) to work on /home/airflow/.local/lib/python3.12/site-packages/airflow/example_dags/example_branch_labels.py
[2026-06-13T11:10:19.034+0000] {processor.py:830} INFO - Processing file /home/airflow/.local/lib/python3.12/site-packages/airflow/example_dags/example_branch_labels.py for tasks to queue
[2026-06-13T11:10:19.037+0000] {logging_mixin.py:188} INFO - [2026-06-13T11:10:19.036+0000] {dagbag.py:545} INFO - Filling up the DagBag from /home/airflow/.local/lib/python3.12/site-packages/airflow/example_dags/example_branch_labels.py
[2026-06-13T11:10:19.047+0000] {processor.py:840} INFO - DAG(s) 'example_branch_labels' retrieved from /home/airflow/.local/lib/python3.12/site-packages/airflow/example_dags/example_branch_labels.py
[2026-06-13T11:10:19.075+0000] {logging_mixin.py:188} INFO - [2026-06-13T11:10:19.075+0000] {dag.py:3096} INFO - Sync 1 DAGs
[2026-06-13T11:10:19.103+0000] {logging_mixin.py:188} INFO - [2026-06-13T11:10:19.102+0000] {dag.py:3954} INFO - Setting next_dagrun for example_branch_labels to 2026-06-12 00:00:00+00:00, run_after=2026-06-13 00:00:00+00:00
[2026-06-13T11:10:19.129+0000] {processor.py:183} INFO - Processing /home/airflow/.local/lib/python3.12/site-packages/airflow/example_dags/example_branch_labels.py took 0.104 seconds
[2026-06-13T11:10:49.634+0000] {processor.py:161} INFO - Started process (PID=254) to work on /home/airflow/.local/lib/python3.12/site-packages/airflow/example_dags/example_branch_labels.py
[2026-06-13T11:10:49.636+0000] {processor.py:830} INFO - Processing file /home/airflow/.local/lib/python3.12/site-packages/airflow/example_dags/example_branch_labels.py for tasks to queue
[2026-06-13T11:10:49.639+0000] {logging_mixin.py:188} INFO - [2026-06-13T11:10:49.638+0000] {dagbag.py:545} INFO - Filling up the DagBag from /home/airflow/.local/lib/python3.12/site-packages/airflow/example_dags/example_branch_labels.py
[2026-06-13T11:10:49.648+0000] {processor.py:840} INFO - DAG(s) 'example_branch_labels' retrieved from /home/airflow/.local/lib/python3.12/site-packages/airflow/example_dags/example_branch_labels.py
[2026-06-13T11:10:49.674+0000] {logging_mixin.py:188} INFO - [2026-06-13T11:10:49.674+0000] {dag.py:3096} INFO - Sync 1 DAGs
[2026-06-13T11:10:49.699+0000] {logging_mixin.py:188} INFO - [2026-06-13T11:10:49.699+0000] {dag.py:3954} INFO - Setting next_dagrun for example_branch_labels to 2026-06-12 00:00:00+00:00, run_after=2026-06-13 00:00:00+00:00
[2026-06-13T11:10:49.726+0000] {processor.py:183} INFO - Processing /home/airflow/.local/lib/python3.12/site-packages/airflow/example_dags/example_branch_labels.py took 0.098 seconds
[2026-06-13T11:11:20.593+0000] {processor.py:161} INFO - Started process (PID=313) to work on /home/airflow/.local/lib/python3.12/site-packages/airflow/example_dags/example_branch_labels.py
[2026-06-13T11:11:20.594+0000] {processor.py:830} INFO - Processing file /home/airflow/.local/lib/python3.12/site-packages/airflow/example_dags/example_branch_labels.py for tasks to queue
[2026-06-13T11:11:20.597+0000] {logging_mixin.py:188} INFO - [2026-06-13T11:11:20.597+0000] {dagbag.py:545} INFO - Filling up the DagBag from /home/airflow/.local/lib/python3.12/site-packages/airflow/example_dags/example_branch_labels.py
[2026-06-13T11:11:20.606+0000] {processor.py:840} INFO - DAG(s) 'example_branch_labels' retrieved from /home/airflow/.local/lib/python3.12/site-packages/airflow/example_dags/example_branch_labels.py
[2026-06-13T11:11:20.634+0000] {logging_mixin.py:188} INFO - [2026-06-13T11:11:20.633+0000] {dag.py:3096} INFO - Sync 1 DAGs
[2026-06-13T11:11:20.659+0000] {logging_mixin.py:188} INFO - [2026-06-13T11:11:20.659+0000] {dag.py:3954} INFO - Setting next_dagrun for example_branch_labels to 2026-06-12 00:00:00+00:00, run_after=2026-06-13 00:00:00+00:00
[2026-06-13T11:11:20.686+0000] {processor.py:183} INFO - Processing /home/airflow/.local/lib/python3.12/site-packages/airflow/example_dags/example_branch_labels.py took 0.099 seconds
[2026-06-13T11:11:51.182+0000] {processor.py:161} INFO - Started process (PID=372) to work on /home/airflow/.local/lib/python3.12/site-packages/airflow/example_dags/example_branch_labels.py
[2026-06-13T11:11:51.184+0000] {processor.py:830} INFO - Processing file /home/airflow/.local/lib/python3.12/site-packages/airflow/example_dags/example_branch_labels.py for tasks to queue
[2026-06-13T11:11:51.187+0000] {logging_mixin.py:188} INFO - [2026-06-13T11:11:51.186+0000] {dagbag.py:545} INFO - Filling up the DagBag from /home/airflow/.local/lib/python3.12/site-packages/airflow/example_dags/example_branch_labels.py
[2026-06-13T11:11:51.195+0000] {processor.py:840} INFO - DAG(s) 'example_branch_labels' retrieved from /home/airflow/.local/lib/python3.12/site-packages/airflow/example_dags/example_branch_labels.py
[2026-06-13T11:11:51.224+0000] {logging_mixin.py:188} INFO - [2026-06-13T11:11:51.223+0000] {dag.py:3096} INFO - Sync 1 DAGs
[2026-06-13T11:11:51.248+0000] {logging_mixin.py:188} INFO - [2026-06-13T11:11:51.248+0000] {dag.py:3954} INFO - Setting next_dagrun for example_branch_labels to 2026-06-12 00:00:00+00:00, run_after=2026-06-13 00:00:00+00:00
[2026-06-13T11:11:51.275+0000] {processor.py:183} INFO - Processing /home/airflow/.local/lib/python3.12/site-packages/airflow/example_dags/example_branch_labels.py took 0.099 seconds
[2026-06-13T11:12:21.444+0000] {processor.py:161} INFO - Started process (PID=431) to work on /home/airflow/.local/lib/python3.12/site-packages/airflow/example_dags/example_branch_labels.py
[2026-06-13T11:12:21.446+0000] {processor.py:830} INFO - Processing file /home/airflow/.local/lib/python3.12/site-packages/airflow/example_dags/example_branch_labels.py for tasks to queue
[2026-06-13T11:12:21.449+0000] {logging_mixin.py:188} INFO - [2026-06-13T11:12:21.449+0000] {dagbag.py:545} INFO - Filling up the DagBag from /home/airflow/.local/lib/python3.12/site-packages/airflow/example_dags/example_branch_labels.py
[2026-06-13T11:12:21.457+0000] {processor.py:840} INFO - DAG(s) 'example_branch_labels' retrieved from /home/airflow/.local/lib/python3.12/site-packages/airflow/example_dags/example_branch_labels.py
[2026-06-13T11:12:21.485+0000] {logging_mixin.py:188} INFO - [2026-06-13T11:12:21.484+0000] {dag.py:3096} INFO - Sync 1 DAGs
[2026-06-13T11:12:21.510+0000] {logging_mixin.py:188} INFO - [2026-06-13T11:12:21.510+0000] {dag.py:3954} INFO - Setting next_dagrun for example_branch_labels to 2026-06-12 00:00:00+00:00, run_after=2026-06-13 00:00:00+00:00
[2026-06-13T11:12:21.537+0000] {processor.py:183} INFO - Processing /home/airflow/.local/lib/python3.12/site-packages/airflow/example_dags/example_branch_labels.py took 0.099 seconds
[2026-06-13T11:12:51.725+0000] {processor.py:161} INFO - Started process (PID=490) to work on /home/airflow/.local/lib/python3.12/site-packages/airflow/example_dags/example_branch_labels.py
[2026-06-13T11:12:51.727+0000] {processor.py:830} INFO - Processing file /home/airflow/.local/lib/python3.12/site-packages/airflow/example_dags/example_branch_labels.py for tasks to queue
[2026-06-13T11:12:51.730+0000] {logging_mixin.py:188} INFO - [2026-06-13T11:12:51.730+0000] {dagbag.py:545} INFO - Filling up the DagBag from /home/airflow/.local/lib/python3.12/site-packages/airflow/example_dags/example_branch_labels.py
[2026-06-13T11:12:51.741+0000] {processor.py:840} INFO - DAG(s) 'example_branch_labels' retrieved from /home/airflow/.local/lib/python3.12/site-packages/airflow/example_dags/example_branch_labels.py
[2026-06-13T11:12:51.768+0000] {logging_mixin.py:188} INFO - [2026-06-13T11:12:51.768+0000] {dag.py:3096} INFO - Sync 1 DAGs
[2026-06-13T11:12:51.796+0000] {logging_mixin.py:188} INFO - [2026-06-13T11:12:51.795+0000] {dag.py:3954} INFO - Setting next_dagrun for example_branch_labels to 2026-06-12 00:00:00+00:00, run_after=2026-06-13 00:00:00+00:00
[2026-06-13T11:12:51.821+0000] {processor.py:183} INFO - Processing /home/airflow/.local/lib/python3.12/site-packages/airflow/example_dags/example_branch_labels.py took 0.103 seconds
[2026-06-13T11:13:21.945+0000] {processor.py:161} INFO - Started process (PID=549) to work on /home/airflow/.local/lib/python3.12/site-packages/airflow/example_dags/example_branch_labels.py
[2026-06-13T11:13:21.946+0000] {processor.py:830} INFO - Processing file /home/airflow/.local/lib/python3.12/site-packages/airflow/example_dags/example_branch_labels.py for tasks to queue
[2026-06-13T11:13:21.950+0000] {logging_mixin.py:188} INFO - [2026-06-13T11:13:21.949+0000] {dagbag.py:545} INFO - Filling up the DagBag from /home/airflow/.local/lib/python3.12/site-packages/airflow/example_dags/example_branch_labels.py
[2026-06-13T11:13:21.958+0000] {processor.py:840} INFO - DAG(s) 'example_branch_labels' retrieved from /home/airflow/.local/lib/python3.12/site-packages/airflow/example_dags/example_branch_labels.py
[2026-06-13T11:13:21.985+0000] {logging_mixin.py:188} INFO - [2026-06-13T11:13:21.984+0000] {dag.py:3096} INFO - Sync 1 DAGs
[2026-06-13T11:13:22.010+0000] {logging_mixin.py:188} INFO - [2026-06-13T11:13:22.009+0000] {dag.py:3954} INFO - Setting next_dagrun for example_branch_labels to 2026-06-12 00:00:00+00:00, run_after=2026-06-13 00:00:00+00:00
[2026-06-13T11:13:22.036+0000] {processor.py:183} INFO - Processing /home/airflow/.local/lib/python3.12/site-packages/airflow/example_dags/example_branch_labels.py took 0.098 seconds
[2026-06-13T11:13:52.558+0000] {processor.py:161} INFO - Started process (PID=608) to work on /home/airflow/.local/lib/python3.12/site-packages/airflow/example_dags/example_branch_labels.py
[2026-06-13T11:13:52.560+0000] {processor.py:830} INFO - Processing file /home/airflow/.local/lib/python3.12/site-packages/airflow/example_dags/example_branch_labels.py for tasks to queue
[2026-06-13T11:13:52.563+0000] {logging_mixin.py:188} INFO - [2026-06-13T11:13:52.562+0000] {dagbag.py:545} INFO - Filling up the DagBag from /home/airflow/.local/lib/python3.12/site-packages/airflow/example_dags/example_branch_labels.py
[2026-06-13T11:13:52.571+0000] {processor.py:840} INFO - DAG(s) 'example_branch_labels' retrieved from /home/airflow/.local/lib/python3.12/site-packages/airflow/example_dags/example_branch_labels.py
[2026-06-13T11:13:52.599+0000] {logging_mixin.py:188} INFO - [2026-06-13T11:13:52.599+0000] {dag.py:3096} INFO - Sync 1 DAGs
[2026-06-13T11:13:52.626+0000] {logging_mixin.py:188} INFO - [2026-06-13T11:13:52.626+0000] {dag.py:3954} INFO - Setting next_dagrun for example_branch_labels to 2026-06-12 00:00:00+00:00, run_after=2026-06-13 00:00:00+00:00
[2026-06-13T11:13:52.653+0000] {processor.py:183} INFO - Processing /home/airflow/.local/lib/python3.12/site-packages/airflow/example_dags/example_branch_labels.py took 0.101 seconds
[2026-06-13T11:14:22.914+0000] {processor.py:161} INFO - Started process (PID=667) to work on /home/airflow/.local/lib/python3.12/site-packages/airflow/example_dags/example_branch_labels.py
[2026-06-13T11:14:22.916+0000] {processor.py:830} INFO - Processing file /home/airflow/.local/lib/python3.12/site-packages/airflow/example_dags/example_branch_labels.py for tasks to queue
[2026-06-13T11:14:22.919+0000] {logging_mixin.py:188} INFO - [2026-06-13T11:14:22.918+0000] {dagbag.py:545} INFO - Filling up the DagBag from /home/airflow/.local/lib/python3.12/site-packages/airflow/example_dags/example_branch_labels.py
[2026-06-13T11:14:22.928+0000] {processor.py:840} INFO - DAG(s) 'example_branch_labels' retrieved from /home/airflow/.local/lib/python3.12/site-packages/airflow/example_dags/example_branch_labels.py
[2026-06-13T11:14:22.960+0000] {logging_mixin.py:188} INFO - [2026-06-13T11:14:22.959+0000] {dag.py:3096} INFO - Sync 1 DAGs
[2026-06-13T11:14:22.991+0000] {logging_mixin.py:188} INFO - [2026-06-13T11:14:22.991+0000] {dag.py:3954} INFO - Setting next_dagrun for example_branch_labels to 2026-06-12 00:00:00+00:00, run_after=2026-06-13 00:00:00+00:00
[2026-06-13T11:14:23.023+0000] {processor.py:183} INFO - Processing /home/airflow/.local/lib/python3.12/site-packages/airflow/example_dags/example_branch_labels.py took 0.116 seconds
[2026-06-13T11:14:53.370+0000] {processor.py:161} INFO - Started process (PID=726) to work on /home/airflow/.local/lib/python3.12/site-packages/airflow/example_dags/example_branch_labels.py
[2026-06-13T11:14:53.372+0000] {processor.py:830} INFO - Processing file /home/airflow/.local/lib/python3.12/site-packages/airflow/example_dags/example_branch_labels.py for tasks to queue
[2026-06-13T11:14:53.374+0000] {logging_mixin.py:188} INFO - [2026-06-13T11:14:53.374+0000] {dagbag.py:545} INFO - Filling up the DagBag from /home/airflow/.local/lib/python3.12/site-packages/airflow/example_dags/example_branch_labels.py
[2026-06-13T11:14:53.383+0000] {processor.py:840} INFO - DAG(s) 'example_branch_labels' retrieved from /home/airflow/.local/lib/python3.12/site-packages/airflow/example_dags/example_branch_labels.py
[2026-06-13T11:14:53.410+0000] {logging_mixin.py:188} INFO - [2026-06-13T11:14:53.409+0000] {dag.py:3096} INFO - Sync 1 DAGs
[2026-06-13T11:14:53.435+0000] {logging_mixin.py:188} INFO - [2026-06-13T11:14:53.435+0000] {dag.py:3954} INFO - Setting next_dagrun for example_branch_labels to 2026-06-12 00:00:00+00:00, run_after=2026-06-13 00:00:00+00:00
[2026-06-13T11:14:53.465+0000] {processor.py:183} INFO - Processing /home/airflow/.local/lib/python3.12/site-packages/airflow/example_dags/example_branch_labels.py took 0.101 seconds
[2026-06-13T11:15:24.545+0000] {processor.py:161} INFO - Started process (PID=785) to work on /home/airflow/.local/lib/python3.12/site-packages/airflow/example_dags/example_branch_labels.py
[2026-06-13T11:15:24.546+0000] {processor.py:830} INFO - Processing file /home/airflow/.local/lib/python3.12/site-packages/airflow/example_dags/example_branch_labels.py for tasks to queue
[2026-06-13T11:15:24.549+0000] {logging_mixin.py:188} INFO - [2026-06-13T11:15:24.548+0000] {dagbag.py:545} INFO - Filling up the DagBag from /home/airflow/.local/lib/python3.12/site-packages/airflow/example_dags/example_branch_labels.py
[2026-06-13T11:15:24.558+0000] {processor.py:840} INFO - DAG(s) 'example_branch_labels' retrieved from /home/airflow/.local/lib/python3.12/site-packages/airflow/example_dags/example_branch_labels.py
[2026-06-13T11:15:24.586+0000] {logging_mixin.py:188} INFO - [2026-06-13T11:15:24.585+0000] {dag.py:3096} INFO - Sync 1 DAGs
[2026-06-13T11:15:24.611+0000] {logging_mixin.py:188} INFO - [2026-06-13T11:15:24.611+0000] {dag.py:3954} INFO - Setting next_dagrun for example_branch_labels to 2026-06-12 00:00:00+00:00, run_after=2026-06-13 00:00:00+00:00
[2026-06-13T11:15:24.638+0000] {processor.py:183} INFO - Processing /home/airflow/.local/lib/python3.12/site-packages/airflow/example_dags/example_branch_labels.py took 0.100 seconds
[2026-06-13T11:15:55.172+0000] {processor.py:161} INFO - Started process (PID=844) to work on /home/airflow/.local/lib/python3.12/site-packages/airflow/example_dags/example_branch_labels.py
[2026-06-13T11:15:55.174+0000] {processor.py:830} INFO - Processing file /home/airflow/.local/lib/python3.12/site-packages/airflow/example_dags/example_branch_labels.py for tasks to queue
[2026-06-13T11:15:55.177+0000] {logging_mixin.py:188} INFO - [2026-06-13T11:15:55.177+0000] {dagbag.py:545} INFO - Filling up the DagBag from /home/airflow/.local/lib/python3.12/site-packages/airflow/example_dags/example_branch_labels.py
[2026-06-13T11:15:55.186+0000] {processor.py:840} INFO - DAG(s) 'example_branch_labels' retrieved from /home/airflow/.local/lib/python3.12/site-packages/airflow/example_dags/example_branch_labels.py
[2026-06-13T11:15:55.214+0000] {logging_mixin.py:188} INFO - [2026-06-13T11:15:55.214+0000] {dag.py:3096} INFO - Sync 1 DAGs
[2026-06-13T11:15:55.238+0000] {logging_mixin.py:188} INFO - [2026-06-13T11:15:55.238+0000] {dag.py:3954} INFO - Setting next_dagrun for example_branch_labels to 2026-06-12 00:00:00+00:00, run_after=2026-06-13 00:00:00+00:00
[2026-06-13T11:15:55.264+0000] {processor.py:183} INFO - Processing /home/airflow/.local/lib/python3.12/site-packages/airflow/example_dags/example_branch_labels.py took 0.098 seconds
[2026-06-13T11:16:26.343+0000] {processor.py:161} INFO - Started process (PID=903) to work on /home/airflow/.local/lib/python3.12/site-packages/airflow/example_dags/example_branch_labels.py
[2026-06-13T11:16:26.344+0000] {processor.py:830} INFO - Processing file /home/airflow/.local/lib/python3.12/site-packages/airflow/example_dags/example_branch_labels.py for tasks to queue
[2026-06-13T11:16:26.347+0000] {logging_mixin.py:188} INFO - [2026-06-13T11:16:26.347+0000] {dagbag.py:545} INFO - Filling up the DagBag from /home/airflow/.local/lib/python3.12/site-packages/airflow/example_dags/example_branch_labels.py
[2026-06-13T11:16:26.356+0000] {processor.py:840} INFO - DAG(s) 'example_branch_labels' retrieved from /home/airflow/.local/lib/python3.12/site-packages/airflow/example_dags/example_branch_labels.py
[2026-06-13T11:16:26.383+0000] {logging_mixin.py:188} INFO - [2026-06-13T11:16:26.383+0000] {dag.py:3096} INFO - Sync 1 DAGs
[2026-06-13T11:16:26.413+0000] {logging_mixin.py:188} INFO - [2026-06-13T11:16:26.413+0000] {dag.py:3954} INFO - Setting next_dagrun for example_branch_labels to 2026-06-12 00:00:00+00:00, run_after=2026-06-13 00:00:00+00:00
[2026-06-13T11:16:26.441+0000] {processor.py:183} INFO - Processing /home/airflow/.local/lib/python3.12/site-packages/airflow/example_dags/example_branch_labels.py took 0.105 seconds
[2026-06-13T11:16:56.669+0000] {processor.py:161} INFO - Started process (PID=963) to work on /home/airflow/.local/lib/python3.12/site-packages/airflow/example_dags/example_branch_labels.py
[2026-06-13T11:16:56.672+0000] {processor.py:830} INFO - Processing file /home/airflow/.local/lib/python3.12/site-packages/airflow/example_dags/example_branch_labels.py for tasks to queue
[2026-06-13T11:16:56.676+0000] {logging_mixin.py:188} INFO - [2026-06-13T11:16:56.675+0000] {dagbag.py:545} INFO - Filling up the DagBag from /home/airflow/.local/lib/python3.12/site-packages/airflow/example_dags/example_branch_labels.py
[2026-06-13T11:16:56.693+0000] {processor.py:840} INFO - DAG(s) 'example_branch_labels' retrieved from /home/airflow/.local/lib/python3.12/site-packages/airflow/example_dags/example_branch_labels.py
[2026-06-13T11:16:56.743+0000] {logging_mixin.py:188} INFO - [2026-06-13T11:16:56.743+0000] {dag.py:3096} INFO - Sync 1 DAGs
[2026-06-13T11:16:56.794+0000] {logging_mixin.py:188} INFO - [2026-06-13T11:16:56.794+0000] {dag.py:3954} INFO - Setting next_dagrun for example_branch_labels to 2026-06-12 00:00:00+00:00, run_after=2026-06-13 00:00:00+00:00
[2026-06-13T11:16:56.849+0000] {processor.py:183} INFO - Processing /home/airflow/.local/lib/python3.12/site-packages/airflow/example_dags/example_branch_labels.py took 0.193 seconds
[2026-06-13T11:17:27.167+0000] {processor.py:161} INFO - Started process (PID=1022) to work on /home/airflow/.local/lib/python3.12/site-packages/airflow/example_dags/example_branch_labels.py
[2026-06-13T11:17:27.169+0000] {processor.py:830} INFO - Processing file /home/airflow/.local/lib/python3.12/site-packages/airflow/example_dags/example_branch_labels.py for tasks to queue
[2026-06-13T11:17:27.173+0000] {logging_mixin.py:188} INFO - [2026-06-13T11:17:27.173+0000] {dagbag.py:545} INFO - Filling up the DagBag from /home/airflow/.local/lib/python3.12/site-packages/airflow/example_dags/example_branch_labels.py
[2026-06-13T11:17:27.187+0000] {processor.py:840} INFO - DAG(s) 'example_branch_labels' retrieved from /home/airflow/.local/lib/python3.12/site-packages/airflow/example_dags/example_branch_labels.py
[2026-06-13T11:17:27.239+0000] {logging_mixin.py:188} INFO - [2026-06-13T11:17:27.238+0000] {dag.py:3096} INFO - Sync 1 DAGs
[2026-06-13T11:17:27.282+0000] {logging_mixin.py:188} INFO - [2026-06-13T11:17:27.282+0000] {dag.py:3954} INFO - Setting next_dagrun for example_branch_labels to 2026-06-12 00:00:00+00:00, run_after=2026-06-13 00:00:00+00:00
[2026-06-13T11:17:27.311+0000] {processor.py:183} INFO - Processing /home/airflow/.local/lib/python3.12/site-packages/airflow/example_dags/example_branch_labels.py took 0.158 seconds
[2026-06-13T11:17:57.547+0000] {processor.py:161} INFO - Started process (PID=1080) to work on /home/airflow/.local/lib/python3.12/site-packages/airflow/example_dags/example_branch_labels.py
[2026-06-13T11:17:57.548+0000] {processor.py:830} INFO - Processing file /home/airflow/.local/lib/python3.12/site-packages/airflow/example_dags/example_branch_labels.py for tasks to queue
[2026-06-13T11:17:57.551+0000] {logging_mixin.py:188} INFO - [2026-06-13T11:17:57.550+0000] {dagbag.py:545} INFO - Filling up the DagBag from /home/airflow/.local/lib/python3.12/site-packages/airflow/example_dags/example_branch_labels.py
[2026-06-13T11:17:57.561+0000] {processor.py:840} INFO - DAG(s) 'example_branch_labels' retrieved from /home/airflow/.local/lib/python3.12/site-packages/airflow/example_dags/example_branch_labels.py
[2026-06-13T11:17:57.586+0000] {logging_mixin.py:188} INFO - [2026-06-13T11:17:57.586+0000] {dag.py:3096} INFO - Sync 1 DAGs
[2026-06-13T11:17:57.611+0000] {logging_mixin.py:188} INFO - [2026-06-13T11:17:57.611+0000] {dag.py:3954} INFO - Setting next_dagrun for example_branch_labels to 2026-06-12 00:00:00+00:00, run_after=2026-06-13 00:00:00+00:00
[2026-06-13T11:17:57.638+0000] {processor.py:183} INFO - Processing /home/airflow/.local/lib/python3.12/site-packages/airflow/example_dags/example_branch_labels.py took 0.098 seconds
[2026-06-13T11:18:28.174+0000] {processor.py:161} INFO - Started process (PID=1139) to work on /home/airflow/.local/lib/python3.12/site-packages/airflow/example_dags/example_branch_labels.py
[2026-06-13T11:18:28.176+0000] {processor.py:830} INFO - Processing file /home/airflow/.local/lib/python3.12/site-packages/airflow/example_dags/example_branch_labels.py for tasks to queue
[2026-06-13T11:18:28.179+0000] {logging_mixin.py:188} INFO - [2026-06-13T11:18:28.179+0000] {dagbag.py:545} INFO - Filling up the DagBag from /home/airflow/.local/lib/python3.12/site-packages/airflow/example_dags/example_branch_labels.py
[2026-06-13T11:18:28.191+0000] {processor.py:840} INFO - DAG(s) 'example_branch_labels' retrieved from /home/airflow/.local/lib/python3.12/site-packages/airflow/example_dags/example_branch_labels.py
[2026-06-13T11:18:28.226+0000] {logging_mixin.py:188} INFO - [2026-06-13T11:18:28.226+0000] {dag.py:3096} INFO - Sync 1 DAGs
[2026-06-13T11:18:28.262+0000] {logging_mixin.py:188} INFO - [2026-06-13T11:18:28.262+0000] {dag.py:3954} INFO - Setting next_dagrun for example_branch_labels to 2026-06-12 00:00:00+00:00, run_after=2026-06-13 00:00:00+00:00
[2026-06-13T11:18:28.293+0000] {processor.py:183} INFO - Processing /home/airflow/.local/lib/python3.12/site-packages/airflow/example_dags/example_branch_labels.py took 0.128 seconds
[2026-06-13T11:48:52.537+0000] {processor.py:161} INFO - Started process (PID=1199) to work on /home/airflow/.local/lib/python3.12/site-packages/airflow/example_dags/example_branch_labels.py
[2026-06-13T11:48:52.539+0000] {processor.py:830} INFO - Processing file /home/airflow/.local/lib/python3.12/site-packages/airflow/example_dags/example_branch_labels.py for tasks to queue
[2026-06-13T11:48:52.543+0000] {logging_mixin.py:188} INFO - [2026-06-13T11:48:52.543+0000] {dagbag.py:545} INFO - Filling up the DagBag from /home/airflow/.local/lib/python3.12/site-packages/airflow/example_dags/example_branch_labels.py
[2026-06-13T11:48:52.558+0000] {processor.py:840} INFO - DAG(s) 'example_branch_labels' retrieved from /home/airflow/.local/lib/python3.12/site-packages/airflow/example_dags/example_branch_labels.py
[2026-06-13T11:48:52.594+0000] {logging_mixin.py:188} INFO - [2026-06-13T11:48:52.594+0000] {dag.py:3096} INFO - Sync 1 DAGs
[2026-06-13T11:48:52.645+0000] {logging_mixin.py:188} INFO - [2026-06-13T11:48:52.644+0000] {dag.py:3954} INFO - Setting next_dagrun for example_branch_labels to 2026-06-12 00:00:00+00:00, run_after=2026-06-13 00:00:00+00:00
[2026-06-13T11:48:52.701+0000] {processor.py:183} INFO - Processing /home/airflow/.local/lib/python3.12/site-packages/airflow/example_dags/example_branch_labels.py took 0.173 seconds
[2026-06-13T11:49:23.488+0000] {processor.py:161} INFO - Started process (PID=1258) to work on /home/airflow/.local/lib/python3.12/site-packages/airflow/example_dags/example_branch_labels.py
[2026-06-13T11:49:23.489+0000] {processor.py:830} INFO - Processing file /home/airflow/.local/lib/python3.12/site-packages/airflow/example_dags/example_branch_labels.py for tasks to queue
[2026-06-13T11:49:23.492+0000] {logging_mixin.py:188} INFO - [2026-06-13T11:49:23.491+0000] {dagbag.py:545} INFO - Filling up the DagBag from /home/airflow/.local/lib/python3.12/site-packages/airflow/example_dags/example_branch_labels.py
[2026-06-13T11:49:23.502+0000] {processor.py:840} INFO - DAG(s) 'example_branch_labels' retrieved from /home/airflow/.local/lib/python3.12/site-packages/airflow/example_dags/example_branch_labels.py
[2026-06-13T11:49:23.528+0000] {logging_mixin.py:188} INFO - [2026-06-13T11:49:23.528+0000] {dag.py:3096} INFO - Sync 1 DAGs
[2026-06-13T11:49:23.558+0000] {logging_mixin.py:188} INFO - [2026-06-13T11:49:23.558+0000] {dag.py:3954} INFO - Setting next_dagrun for example_branch_labels to 2026-06-12 00:00:00+00:00, run_after=2026-06-13 00:00:00+00:00
[2026-06-13T11:49:23.586+0000] {processor.py:183} INFO - Processing /home/airflow/.local/lib/python3.12/site-packages/airflow/example_dags/example_branch_labels.py took 0.106 seconds
[2026-06-13T11:49:53.997+0000] {processor.py:161} INFO - Started process (PID=1317) to work on /home/airflow/.local/lib/python3.12/site-packages/airflow/example_dags/example_branch_labels.py
[2026-06-13T11:49:53.998+0000] {processor.py:830} INFO - Processing file /home/airflow/.local/lib/python3.12/site-packages/airflow/example_dags/example_branch_labels.py for tasks to queue
[2026-06-13T11:49:54.001+0000] {logging_mixin.py:188} INFO - [2026-06-13T11:49:54.001+0000] {dagbag.py:545} INFO - Filling up the DagBag from /home/airflow/.local/lib/python3.12/site-packages/airflow/example_dags/example_branch_labels.py
[2026-06-13T11:49:54.012+0000] {processor.py:840} INFO - DAG(s) 'example_branch_labels' retrieved from /home/airflow/.local/lib/python3.12/site-packages/airflow/example_dags/example_branch_labels.py
[2026-06-13T11:49:54.045+0000] {logging_mixin.py:188} INFO - [2026-06-13T11:49:54.045+0000] {dag.py:3096} INFO - Sync 1 DAGs
[2026-06-13T11:49:54.078+0000] {logging_mixin.py:188} INFO - [2026-06-13T11:49:54.077+0000] {dag.py:3954} INFO - Setting next_dagrun for example_branch_labels to 2026-06-12 00:00:00+00:00, run_after=2026-06-13 00:00:00+00:00
[2026-06-13T11:49:54.107+0000] {processor.py:183} INFO - Processing /home/airflow/.local/lib/python3.12/site-packages/airflow/example_dags/example_branch_labels.py took 0.117 seconds
[2026-06-13T11:50:24.637+0000] {processor.py:161} INFO - Started process (PID=1376) to work on /home/airflow/.local/lib/python3.12/site-packages/airflow/example_dags/example_branch_labels.py
[2026-06-13T11:50:24.641+0000] {processor.py:830} INFO - Processing file /home/airflow/.local/lib/python3.12/site-packages/airflow/example_dags/example_branch_labels.py for tasks to queue
[2026-06-13T11:50:24.645+0000] {logging_mixin.py:188} INFO - [2026-06-13T11:50:24.644+0000] {dagbag.py:545} INFO - Filling up the DagBag from /home/airflow/.local/lib/python3.12/site-packages/airflow/example_dags/example_branch_labels.py
[2026-06-13T11:50:24.653+0000] {processor.py:840} INFO - DAG(s) 'example_branch_labels' retrieved from /home/airflow/.local/lib/python3.12/site-packages/airflow/example_dags/example_branch_labels.py
[2026-06-13T11:50:24.680+0000] {logging_mixin.py:188} INFO - [2026-06-13T11:50:24.679+0000] {dag.py:3096} INFO - Sync 1 DAGs
[2026-06-13T11:50:24.706+0000] {logging_mixin.py:188} INFO - [2026-06-13T11:50:24.706+0000] {dag.py:3954} INFO - Setting next_dagrun for example_branch_labels to 2026-06-12 00:00:00+00:00, run_after=2026-06-13 00:00:00+00:00
[2026-06-13T11:50:24.732+0000] {processor.py:183} INFO - Processing /home/airflow/.local/lib/python3.12/site-packages/airflow/example_dags/example_branch_labels.py took 0.102 seconds
[2026-06-13T11:50:55.372+0000] {processor.py:161} INFO - Started process (PID=1435) to work on /home/airflow/.local/lib/python3.12/site-packages/airflow/example_dags/example_branch_labels.py
[2026-06-13T11:50:55.374+0000] {processor.py:830} INFO - Processing file /home/airflow/.local/lib/python3.12/site-packages/airflow/example_dags/example_branch_labels.py for tasks to queue
[2026-06-13T11:50:55.377+0000] {logging_mixin.py:188} INFO - [2026-06-13T11:50:55.376+0000] {dagbag.py:545} INFO - Filling up the DagBag from /home/airflow/.local/lib/python3.12/site-packages/airflow/example_dags/example_branch_labels.py
[2026-06-13T11:50:55.385+0000] {processor.py:840} INFO - DAG(s) 'example_branch_labels' retrieved from /home/airflow/.local/lib/python3.12/site-packages/airflow/example_dags/example_branch_labels.py
[2026-06-13T11:50:55.414+0000] {logging_mixin.py:188} INFO - [2026-06-13T11:50:55.414+0000] {dag.py:3096} INFO - Sync 1 DAGs
[2026-06-13T11:50:55.441+0000] {logging_mixin.py:188} INFO - [2026-06-13T11:50:55.441+0000] {dag.py:3954} INFO - Setting next_dagrun for example_branch_labels to 2026-06-12 00:00:00+00:00, run_after=2026-06-13 00:00:00+00:00
[2026-06-13T11:50:55.467+0000] {processor.py:183} INFO - Processing /home/airflow/.local/lib/python3.12/site-packages/airflow/example_dags/example_branch_labels.py took 0.101 seconds
[2026-06-13T11:51:25.931+0000] {processor.py:161} INFO - Started process (PID=1494) to work on /home/airflow/.local/lib/python3.12/site-packages/airflow/example_dags/example_branch_labels.py
[2026-06-13T11:51:25.933+0000] {processor.py:830} INFO - Processing file /home/airflow/.local/lib/python3.12/site-packages/airflow/example_dags/example_branch_labels.py for tasks to queue
[2026-06-13T11:51:25.936+0000] {logging_mixin.py:188} INFO - [2026-06-13T11:51:25.936+0000] {dagbag.py:545} INFO - Filling up the DagBag from /home/airflow/.local/lib/python3.12/site-packages/airflow/example_dags/example_branch_labels.py
[2026-06-13T11:51:25.945+0000] {processor.py:840} INFO - DAG(s) 'example_branch_labels' retrieved from /home/airflow/.local/lib/python3.12/site-packages/airflow/example_dags/example_branch_labels.py
[2026-06-13T11:51:25.973+0000] {logging_mixin.py:188} INFO - [2026-06-13T11:51:25.973+0000] {dag.py:3096} INFO - Sync 1 DAGs
[2026-06-13T11:51:25.998+0000] {logging_mixin.py:188} INFO - [2026-06-13T11:51:25.998+0000] {dag.py:3954} INFO - Setting next_dagrun for example_branch_labels to 2026-06-12 00:00:00+00:00, run_after=2026-06-13 00:00:00+00:00
[2026-06-13T11:51:26.023+0000] {processor.py:183} INFO - Processing /home/airflow/.local/lib/python3.12/site-packages/airflow/example_dags/example_branch_labels.py took 0.098 seconds
[2026-06-13T11:51:57.364+0000] {processor.py:161} INFO - Started process (PID=1553) to work on /home/airflow/.local/lib/python3.12/site-packages/airflow/example_dags/example_branch_labels.py
[2026-06-13T11:51:57.366+0000] {processor.py:830} INFO - Processing file /home/airflow/.local/lib/python3.12/site-packages/airflow/example_dags/example_branch_labels.py for tasks to queue
[2026-06-13T11:51:57.370+0000] {logging_mixin.py:188} INFO - [2026-06-13T11:51:57.369+0000] {dagbag.py:545} INFO - Filling up the DagBag from /home/airflow/.local/lib/python3.12/site-packages/airflow/example_dags/example_branch_labels.py
[2026-06-13T11:51:57.379+0000] {processor.py:840} INFO - DAG(s) 'example_branch_labels' retrieved from /home/airflow/.local/lib/python3.12/site-packages/airflow/example_dags/example_branch_labels.py
[2026-06-13T11:51:57.407+0000] {logging_mixin.py:188} INFO - [2026-06-13T11:51:57.407+0000] {dag.py:3096} INFO - Sync 1 DAGs
[2026-06-13T11:51:57.433+0000] {logging_mixin.py:188} INFO - [2026-06-13T11:51:57.433+0000] {dag.py:3954} INFO - Setting next_dagrun for example_branch_labels to 2026-06-12 00:00:00+00:00, run_after=2026-06-13 00:00:00+00:00
[2026-06-13T11:51:57.461+0000] {processor.py:183} INFO - Processing /home/airflow/.local/lib/python3.12/site-packages/airflow/example_dags/example_branch_labels.py took 0.103 seconds
[2026-06-13T11:52:28.760+0000] {processor.py:161} INFO - Started process (PID=1612) to work on /home/airflow/.local/lib/python3.12/site-packages/airflow/example_dags/example_branch_labels.py
[2026-06-13T11:52:28.762+0000] {processor.py:830} INFO - Processing file /home/airflow/.local/lib/python3.12/site-packages/airflow/example_dags/example_branch_labels.py for tasks to queue
[2026-06-13T11:52:28.765+0000] {logging_mixin.py:188} INFO - [2026-06-13T11:52:28.765+0000] {dagbag.py:545} INFO - Filling up the DagBag from /home/airflow/.local/lib/python3.12/site-packages/airflow/example_dags/example_branch_labels.py
[2026-06-13T11:52:28.777+0000] {processor.py:840} INFO - DAG(s) 'example_branch_labels' retrieved from /home/airflow/.local/lib/python3.12/site-packages/airflow/example_dags/example_branch_labels.py
[2026-06-13T11:52:28.816+0000] {logging_mixin.py:188} INFO - [2026-06-13T11:52:28.815+0000] {dag.py:3096} INFO - Sync 1 DAGs
[2026-06-13T11:52:28.847+0000] {logging_mixin.py:188} INFO - [2026-06-13T11:52:28.847+0000] {dag.py:3954} INFO - Setting next_dagrun for example_branch_labels to 2026-06-12 00:00:00+00:00, run_after=2026-06-13 00:00:00+00:00
[2026-06-13T11:52:28.874+0000] {processor.py:183} INFO - Processing /home/airflow/.local/lib/python3.12/site-packages/airflow/example_dags/example_branch_labels.py took 0.122 seconds
[2026-06-13T11:52:59.422+0000] {processor.py:161} INFO - Started process (PID=1671) to work on /home/airflow/.local/lib/python3.12/site-packages/airflow/example_dags/example_branch_labels.py
[2026-06-13T11:52:59.424+0000] {processor.py:830} INFO - Processing file /home/airflow/.local/lib/python3.12/site-packages/airflow/example_dags/example_branch_labels.py for tasks to queue
[2026-06-13T11:52:59.428+0000] {logging_mixin.py:188} INFO - [2026-06-13T11:52:59.427+0000] {dagbag.py:545} INFO - Filling up the DagBag from /home/airflow/.local/lib/python3.12/site-packages/airflow/example_dags/example_branch_labels.py
[2026-06-13T11:52:59.436+0000] {processor.py:840} INFO - DAG(s) 'example_branch_labels' retrieved from /home/airflow/.local/lib/python3.12/site-packages/airflow/example_dags/example_branch_labels.py
[2026-06-13T11:52:59.463+0000] {logging_mixin.py:188} INFO - [2026-06-13T11:52:59.463+0000] {dag.py:3096} INFO - Sync 1 DAGs
[2026-06-13T11:52:59.489+0000] {logging_mixin.py:188} INFO - [2026-06-13T11:52:59.489+0000] {dag.py:3954} INFO - Setting next_dagrun for example_branch_labels to 2026-06-12 00:00:00+00:00, run_after=2026-06-13 00:00:00+00:00
[2026-06-13T11:52:59.516+0000] {processor.py:183} INFO - Processing /home/airflow/.local/lib/python3.12/site-packages/airflow/example_dags/example_branch_labels.py took 0.101 seconds
[2026-06-13T11:53:30.119+0000] {processor.py:161} INFO - Started process (PID=1730) to work on /home/airflow/.local/lib/python3.12/site-packages/airflow/example_dags/example_branch_labels.py
[2026-06-13T11:53:30.121+0000] {processor.py:830} INFO - Processing file /home/airflow/.local/lib/python3.12/site-packages/airflow/example_dags/example_branch_labels.py for tasks to queue
[2026-06-13T11:53:30.124+0000] {logging_mixin.py:188} INFO - [2026-06-13T11:53:30.123+0000] {dagbag.py:545} INFO - Filling up the DagBag from /home/airflow/.local/lib/python3.12/site-packages/airflow/example_dags/example_branch_labels.py
[2026-06-13T11:53:30.132+0000] {processor.py:840} INFO - DAG(s) 'example_branch_labels' retrieved from /home/airflow/.local/lib/python3.12/site-packages/airflow/example_dags/example_branch_labels.py
[2026-06-13T11:53:30.159+0000] {logging_mixin.py:188} INFO - [2026-06-13T11:53:30.159+0000] {dag.py:3096} INFO - Sync 1 DAGs
[2026-06-13T11:53:30.184+0000] {logging_mixin.py:188} INFO - [2026-06-13T11:53:30.183+0000] {dag.py:3954} INFO - Setting next_dagrun for example_branch_labels to 2026-06-12 00:00:00+00:00, run_after=2026-06-13 00:00:00+00:00
[2026-06-13T11:53:30.209+0000] {processor.py:183} INFO - Processing /home/airflow/.local/lib/python3.12/site-packages/airflow/example_dags/example_branch_labels.py took 0.096 seconds
[2026-06-13T11:54:00.606+0000] {processor.py:161} INFO - Started process (PID=1789) to work on /home/airflow/.local/lib/python3.12/site-packages/airflow/example_dags/example_branch_labels.py
[2026-06-13T11:54:00.608+0000] {processor.py:830} INFO - Processing file /home/airflow/.local/lib/python3.12/site-packages/airflow/example_dags/example_branch_labels.py for tasks to queue
[2026-06-13T11:54:00.610+0000] {logging_mixin.py:188} INFO - [2026-06-13T11:54:00.610+0000] {dagbag.py:545} INFO - Filling up the DagBag from /home/airflow/.local/lib/python3.12/site-packages/airflow/example_dags/example_branch_labels.py
[2026-06-13T11:54:00.619+0000] {processor.py:840} INFO - DAG(s) 'example_branch_labels' retrieved from /home/airflow/.local/lib/python3.12/site-packages/airflow/example_dags/example_branch_labels.py
[2026-06-13T11:54:00.648+0000] {logging_mixin.py:188} INFO - [2026-06-13T11:54:00.647+0000] {dag.py:3096} INFO - Sync 1 DAGs
[2026-06-13T11:54:00.674+0000] {logging_mixin.py:188} INFO - [2026-06-13T11:54:00.674+0000] {dag.py:3954} INFO - Setting next_dagrun for example_branch_labels to 2026-06-12 00:00:00+00:00, run_after=2026-06-13 00:00:00+00:00
[2026-06-13T11:54:00.700+0000] {processor.py:183} INFO - Processing /home/airflow/.local/lib/python3.12/site-packages/airflow/example_dags/example_branch_labels.py took 0.101 seconds
[2026-06-13T11:54:31.994+0000] {processor.py:161} INFO - Started process (PID=1848) to work on /home/airflow/.local/lib/python3.12/site-packages/airflow/example_dags/example_branch_labels.py
[2026-06-13T11:54:31.996+0000] {processor.py:830} INFO - Processing file /home/airflow/.local/lib/python3.12/site-packages/airflow/example_dags/example_branch_labels.py for tasks to queue
[2026-06-13T11:54:31.999+0000] {logging_mixin.py:188} INFO - [2026-06-13T11:54:31.998+0000] {dagbag.py:545} INFO - Filling up the DagBag from /home/airflow/.local/lib/python3.12/site-packages/airflow/example_dags/example_branch_labels.py
[2026-06-13T11:54:32.007+0000] {processor.py:840} INFO - DAG(s) 'example_branch_labels' retrieved from /home/airflow/.local/lib/python3.12/site-packages/airflow/example_dags/example_branch_labels.py
[2026-06-13T11:54:32.035+0000] {logging_mixin.py:188} INFO - [2026-06-13T11:54:32.035+0000] {dag.py:3096} INFO - Sync 1 DAGs
[2026-06-13T11:54:32.201+0000] {logging_mixin.py:188} INFO - [2026-06-13T11:54:32.201+0000] {dag.py:3954} INFO - Setting next_dagrun for example_branch_labels to 2026-06-12 00:00:00+00:00, run_after=2026-06-13 00:00:00+00:00
[2026-06-13T11:54:32.227+0000] {processor.py:183} INFO - Processing /home/airflow/.local/lib/python3.12/site-packages/airflow/example_dags/example_branch_labels.py took 0.240 seconds
[2026-06-13T11:55:03.041+0000] {processor.py:161} INFO - Started process (PID=1908) to work on /home/airflow/.local/lib/python3.12/site-packages/airflow/example_dags/example_branch_labels.py
[2026-06-13T11:55:03.043+0000] {processor.py:830} INFO - Processing file /home/airflow/.local/lib/python3.12/site-packages/airflow/example_dags/example_branch_labels.py for tasks to queue
[2026-06-13T11:55:03.046+0000] {logging_mixin.py:188} INFO - [2026-06-13T11:55:03.046+0000] {dagbag.py:545} INFO - Filling up the DagBag from /home/airflow/.local/lib/python3.12/site-packages/airflow/example_dags/example_branch_labels.py
[2026-06-13T11:55:03.055+0000] {processor.py:840} INFO - DAG(s) 'example_branch_labels' retrieved from /home/airflow/.local/lib/python3.12/site-packages/airflow/example_dags/example_branch_labels.py
[2026-06-13T11:55:03.084+0000] {logging_mixin.py:188} INFO - [2026-06-13T11:55:03.083+0000] {dag.py:3096} INFO - Sync 1 DAGs
[2026-06-13T11:55:03.110+0000] {logging_mixin.py:188} INFO - [2026-06-13T11:55:03.110+0000] {dag.py:3954} INFO - Setting next_dagrun for example_branch_labels to 2026-06-12 00:00:00+00:00, run_after=2026-06-13 00:00:00+00:00
[2026-06-13T11:55:03.135+0000] {processor.py:183} INFO - Processing /home/airflow/.local/lib/python3.12/site-packages/airflow/example_dags/example_branch_labels.py took 0.101 seconds
[2026-06-13T11:55:33.285+0000] {processor.py:161} INFO - Started process (PID=1967) to work on /home/airflow/.local/lib/python3.12/site-packages/airflow/example_dags/example_branch_labels.py
[2026-06-13T11:55:33.286+0000] {processor.py:830} INFO - Processing file /home/airflow/.local/lib/python3.12/site-packages/airflow/example_dags/example_branch_labels.py for tasks to queue
[2026-06-13T11:55:33.290+0000] {logging_mixin.py:188} INFO - [2026-06-13T11:55:33.289+0000] {dagbag.py:545} INFO - Filling up the DagBag from /home/airflow/.local/lib/python3.12/site-packages/airflow/example_dags/example_branch_labels.py
[2026-06-13T11:55:33.299+0000] {processor.py:840} INFO - DAG(s) 'example_branch_labels' retrieved from /home/airflow/.local/lib/python3.12/site-packages/airflow/example_dags/example_branch_labels.py
[2026-06-13T11:55:33.328+0000] {logging_mixin.py:188} INFO - [2026-06-13T11:55:33.328+0000] {dag.py:3096} INFO - Sync 1 DAGs
[2026-06-13T11:55:33.356+0000] {logging_mixin.py:188} INFO - [2026-06-13T11:55:33.356+0000] {dag.py:3954} INFO - Setting next_dagrun for example_branch_labels to 2026-06-12 00:00:00+00:00, run_after=2026-06-13 00:00:00+00:00
[2026-06-13T11:55:33.385+0000] {processor.py:183} INFO - Processing /home/airflow/.local/lib/python3.12/site-packages/airflow/example_dags/example_branch_labels.py took 0.108 seconds
[2026-06-13T11:57:49.515+0000] {processor.py:161} INFO - Started process (PID=2026) to work on /home/airflow/.local/lib/python3.12/site-packages/airflow/example_dags/example_branch_labels.py
[2026-06-13T11:57:49.516+0000] {processor.py:830} INFO - Processing file /home/airflow/.local/lib/python3.12/site-packages/airflow/example_dags/example_branch_labels.py for tasks to queue
[2026-06-13T11:57:49.519+0000] {logging_mixin.py:188} INFO - [2026-06-13T11:57:49.518+0000] {dagbag.py:545} INFO - Filling up the DagBag from /home/airflow/.local/lib/python3.12/site-packages/airflow/example_dags/example_branch_labels.py
[2026-06-13T11:57:49.527+0000] {processor.py:840} INFO - DAG(s) 'example_branch_labels' retrieved from /home/airflow/.local/lib/python3.12/site-packages/airflow/example_dags/example_branch_labels.py
[2026-06-13T11:57:49.556+0000] {logging_mixin.py:188} INFO - [2026-06-13T11:57:49.555+0000] {dag.py:3096} INFO - Sync 1 DAGs
[2026-06-13T11:57:49.583+0000] {logging_mixin.py:188} INFO - [2026-06-13T11:57:49.583+0000] {dag.py:3954} INFO - Setting next_dagrun for example_branch_labels to 2026-06-12 00:00:00+00:00, run_after=2026-06-13 00:00:00+00:00
[2026-06-13T11:57:49.608+0000] {processor.py:183} INFO - Processing /home/airflow/.local/lib/python3.12/site-packages/airflow/example_dags/example_branch_labels.py took 0.100 seconds
[2026-06-13T11:58:19.892+0000] {processor.py:161} INFO - Started process (PID=2093) to work on /home/airflow/.local/lib/python3.12/site-packages/airflow/example_dags/example_branch_labels.py
[2026-06-13T11:58:19.894+0000] {processor.py:830} INFO - Processing file /home/airflow/.local/lib/python3.12/site-packages/airflow/example_dags/example_branch_labels.py for tasks to queue
[2026-06-13T11:58:19.897+0000] {logging_mixin.py:188} INFO - [2026-06-13T11:58:19.896+0000] {dagbag.py:545} INFO - Filling up the DagBag from /home/airflow/.local/lib/python3.12/site-packages/airflow/example_dags/example_branch_labels.py
[2026-06-13T11:58:19.908+0000] {processor.py:840} INFO - DAG(s) 'example_branch_labels' retrieved from /home/airflow/.local/lib/python3.12/site-packages/airflow/example_dags/example_branch_labels.py
[2026-06-13T11:58:19.938+0000] {logging_mixin.py:188} INFO - [2026-06-13T11:58:19.938+0000] {dag.py:3096} INFO - Sync 1 DAGs
[2026-06-13T11:58:19.965+0000] {logging_mixin.py:188} INFO - [2026-06-13T11:58:19.964+0000] {dag.py:3954} INFO - Setting next_dagrun for example_branch_labels to 2026-06-12 00:00:00+00:00, run_after=2026-06-13 00:00:00+00:00
[2026-06-13T11:58:19.992+0000] {processor.py:183} INFO - Processing /home/airflow/.local/lib/python3.12/site-packages/airflow/example_dags/example_branch_labels.py took 0.107 seconds
[2026-06-13T11:58:50.665+0000] {processor.py:161} INFO - Started process (PID=2153) to work on /home/airflow/.local/lib/python3.12/site-packages/airflow/example_dags/example_branch_labels.py
[2026-06-13T11:58:50.666+0000] {processor.py:830} INFO - Processing file /home/airflow/.local/lib/python3.12/site-packages/airflow/example_dags/example_branch_labels.py for tasks to queue
[2026-06-13T11:58:50.669+0000] {logging_mixin.py:188} INFO - [2026-06-13T11:58:50.668+0000] {dagbag.py:545} INFO - Filling up the DagBag from /home/airflow/.local/lib/python3.12/site-packages/airflow/example_dags/example_branch_labels.py
[2026-06-13T11:58:50.677+0000] {processor.py:840} INFO - DAG(s) 'example_branch_labels' retrieved from /home/airflow/.local/lib/python3.12/site-packages/airflow/example_dags/example_branch_labels.py
[2026-06-13T11:58:50.705+0000] {logging_mixin.py:188} INFO - [2026-06-13T11:58:50.705+0000] {dag.py:3096} INFO - Sync 1 DAGs
[2026-06-13T11:58:50.730+0000] {logging_mixin.py:188} INFO - [2026-06-13T11:58:50.730+0000] {dag.py:3954} INFO - Setting next_dagrun for example_branch_labels to 2026-06-12 00:00:00+00:00, run_after=2026-06-13 00:00:00+00:00
[2026-06-13T11:58:50.757+0000] {processor.py:183} INFO - Processing /home/airflow/.local/lib/python3.12/site-packages/airflow/example_dags/example_branch_labels.py took 0.099 seconds
[2026-06-13T11:59:21.369+0000] {processor.py:161} INFO - Started process (PID=2251) to work on /home/airflow/.local/lib/python3.12/site-packages/airflow/example_dags/example_branch_labels.py
[2026-06-13T11:59:21.371+0000] {processor.py:830} INFO - Processing file /home/airflow/.local/lib/python3.12/site-packages/airflow/example_dags/example_branch_labels.py for tasks to queue
[2026-06-13T11:59:21.374+0000] {logging_mixin.py:188} INFO - [2026-06-13T11:59:21.373+0000] {dagbag.py:545} INFO - Filling up the DagBag from /home/airflow/.local/lib/python3.12/site-packages/airflow/example_dags/example_branch_labels.py
[2026-06-13T11:59:21.382+0000] {processor.py:840} INFO - DAG(s) 'example_branch_labels' retrieved from /home/airflow/.local/lib/python3.12/site-packages/airflow/example_dags/example_branch_labels.py
[2026-06-13T11:59:21.410+0000] {logging_mixin.py:188} INFO - [2026-06-13T11:59:21.410+0000] {dag.py:3096} INFO - Sync 1 DAGs
[2026-06-13T11:59:21.438+0000] {logging_mixin.py:188} INFO - [2026-06-13T11:59:21.438+0000] {dag.py:3954} INFO - Setting next_dagrun for example_branch_labels to 2026-06-12 00:00:00+00:00, run_after=2026-06-13 00:00:00+00:00
[2026-06-13T11:59:21.467+0000] {processor.py:183} INFO - Processing /home/airflow/.local/lib/python3.12/site-packages/airflow/example_dags/example_branch_labels.py took 0.108 seconds
[2026-06-13T11:59:51.666+0000] {processor.py:161} INFO - Started process (PID=2310) to work on /home/airflow/.local/lib/python3.12/site-packages/airflow/example_dags/example_branch_labels.py
[2026-06-13T11:59:51.668+0000] {processor.py:830} INFO - Processing file /home/airflow/.local/lib/python3.12/site-packages/airflow/example_dags/example_branch_labels.py for tasks to queue
[2026-06-13T11:59:51.671+0000] {logging_mixin.py:188} INFO - [2026-06-13T11:59:51.670+0000] {dagbag.py:545} INFO - Filling up the DagBag from /home/airflow/.local/lib/python3.12/site-packages/airflow/example_dags/example_branch_labels.py
[2026-06-13T11:59:51.680+0000] {processor.py:840} INFO - DAG(s) 'example_branch_labels' retrieved from /home/airflow/.local/lib/python3.12/site-packages/airflow/example_dags/example_branch_labels.py
[2026-06-13T11:59:51.707+0000] {logging_mixin.py:188} INFO - [2026-06-13T11:59:51.707+0000] {dag.py:3096} INFO - Sync 1 DAGs
[2026-06-13T11:59:51.734+0000] {logging_mixin.py:188} INFO - [2026-06-13T11:59:51.734+0000] {dag.py:3954} INFO - Setting next_dagrun for example_branch_labels to 2026-06-12 00:00:00+00:00, run_after=2026-06-13 00:00:00+00:00
[2026-06-13T11:59:51.757+0000] {processor.py:183} INFO - Processing /home/airflow/.local/lib/python3.12/site-packages/airflow/example_dags/example_branch_labels.py took 0.101 seconds
[2026-06-13T12:00:22.193+0000] {processor.py:161} INFO - Started process (PID=2369) to work on /home/airflow/.local/lib/python3.12/site-packages/airflow/example_dags/example_branch_labels.py
[2026-06-13T12:00:22.195+0000] {processor.py:830} INFO - Processing file /home/airflow/.local/lib/python3.12/site-packages/airflow/example_dags/example_branch_labels.py for tasks to queue
[2026-06-13T12:00:22.198+0000] {logging_mixin.py:188} INFO - [2026-06-13T12:00:22.198+0000] {dagbag.py:545} INFO - Filling up the DagBag from /home/airflow/.local/lib/python3.12/site-packages/airflow/example_dags/example_branch_labels.py
[2026-06-13T12:00:22.207+0000] {processor.py:840} INFO - DAG(s) 'example_branch_labels' retrieved from /home/airflow/.local/lib/python3.12/site-packages/airflow/example_dags/example_branch_labels.py
[2026-06-13T12:00:22.236+0000] {logging_mixin.py:188} INFO - [2026-06-13T12:00:22.236+0000] {dag.py:3096} INFO - Sync 1 DAGs
[2026-06-13T12:00:22.267+0000] {logging_mixin.py:188} INFO - [2026-06-13T12:00:22.267+0000] {dag.py:3954} INFO - Setting next_dagrun for example_branch_labels to 2026-06-12 00:00:00+00:00, run_after=2026-06-13 00:00:00+00:00
[2026-06-13T12:00:22.294+0000] {processor.py:183} INFO - Processing /home/airflow/.local/lib/python3.12/site-packages/airflow/example_dags/example_branch_labels.py took 0.111 seconds
[2026-06-13T12:00:52.609+0000] {processor.py:161} INFO - Started process (PID=2446) to work on /home/airflow/.local/lib/python3.12/site-packages/airflow/example_dags/example_branch_labels.py
[2026-06-13T12:00:52.611+0000] {processor.py:830} INFO - Processing file /home/airflow/.local/lib/python3.12/site-packages/airflow/example_dags/example_branch_labels.py for tasks to queue
[2026-06-13T12:00:52.614+0000] {logging_mixin.py:188} INFO - [2026-06-13T12:00:52.613+0000] {dagbag.py:545} INFO - Filling up the DagBag from /home/airflow/.local/lib/python3.12/site-packages/airflow/example_dags/example_branch_labels.py
[2026-06-13T12:00:52.622+0000] {processor.py:840} INFO - DAG(s) 'example_branch_labels' retrieved from /home/airflow/.local/lib/python3.12/site-packages/airflow/example_dags/example_branch_labels.py
[2026-06-13T12:00:52.652+0000] {logging_mixin.py:188} INFO - [2026-06-13T12:00:52.651+0000] {dag.py:3096} INFO - Sync 1 DAGs
[2026-06-13T12:00:52.679+0000] {logging_mixin.py:188} INFO - [2026-06-13T12:00:52.679+0000] {dag.py:3954} INFO - Setting next_dagrun for example_branch_labels to 2026-06-12 00:00:00+00:00, run_after=2026-06-13 00:00:00+00:00
[2026-06-13T12:00:52.707+0000] {processor.py:183} INFO - Processing /home/airflow/.local/lib/python3.12/site-packages/airflow/example_dags/example_branch_labels.py took 0.109 seconds
[2026-06-13T12:01:23.650+0000] {processor.py:161} INFO - Started process (PID=2505) to work on /home/airflow/.local/lib/python3.12/site-packages/airflow/example_dags/example_branch_labels.py
[2026-06-13T12:01:23.652+0000] {processor.py:830} INFO - Processing file /home/airflow/.local/lib/python3.12/site-packages/airflow/example_dags/example_branch_labels.py for tasks to queue
[2026-06-13T12:01:23.657+0000] {logging_mixin.py:188} INFO - [2026-06-13T12:01:23.656+0000] {dagbag.py:545} INFO - Filling up the DagBag from /home/airflow/.local/lib/python3.12/site-packages/airflow/example_dags/example_branch_labels.py
[2026-06-13T12:01:23.670+0000] {processor.py:840} INFO - DAG(s) 'example_branch_labels' retrieved from /home/airflow/.local/lib/python3.12/site-packages/airflow/example_dags/example_branch_labels.py
[2026-06-13T12:01:23.717+0000] {logging_mixin.py:188} INFO - [2026-06-13T12:01:23.716+0000] {dag.py:3096} INFO - Sync 1 DAGs
[2026-06-13T12:01:23.774+0000] {logging_mixin.py:188} INFO - [2026-06-13T12:01:23.774+0000] {dag.py:3954} INFO - Setting next_dagrun for example_branch_labels to 2026-06-12 00:00:00+00:00, run_after=2026-06-13 00:00:00+00:00
[2026-06-13T12:01:23.826+0000] {processor.py:183} INFO - Processing /home/airflow/.local/lib/python3.12/site-packages/airflow/example_dags/example_branch_labels.py took 0.192 seconds
[2026-06-13T12:01:54.049+0000] {processor.py:161} INFO - Started process (PID=2564) to work on /home/airflow/.local/lib/python3.12/site-packages/airflow/example_dags/example_branch_labels.py
[2026-06-13T12:01:54.051+0000] {processor.py:830} INFO - Processing file /home/airflow/.local/lib/python3.12/site-packages/airflow/example_dags/example_branch_labels.py for tasks to queue
[2026-06-13T12:01:54.054+0000] {logging_mixin.py:188} INFO - [2026-06-13T12:01:54.053+0000] {dagbag.py:545} INFO - Filling up the DagBag from /home/airflow/.local/lib/python3.12/site-packages/airflow/example_dags/example_branch_labels.py
[2026-06-13T12:01:54.062+0000] {processor.py:840} INFO - DAG(s) 'example_branch_labels' retrieved from /home/airflow/.local/lib/python3.12/site-packages/airflow/example_dags/example_branch_labels.py
[2026-06-13T12:01:54.090+0000] {logging_mixin.py:188} INFO - [2026-06-13T12:01:54.090+0000] {dag.py:3096} INFO - Sync 1 DAGs
[2026-06-13T12:01:54.114+0000] {logging_mixin.py:188} INFO - [2026-06-13T12:01:54.114+0000] {dag.py:3954} INFO - Setting next_dagrun for example_branch_labels to 2026-06-12 00:00:00+00:00, run_after=2026-06-13 00:00:00+00:00
[2026-06-13T12:01:54.139+0000] {processor.py:183} INFO - Processing /home/airflow/.local/lib/python3.12/site-packages/airflow/example_dags/example_branch_labels.py took 0.100 seconds
[2026-06-13T12:02:24.745+0000] {processor.py:161} INFO - Started process (PID=2631) to work on /home/airflow/.local/lib/python3.12/site-packages/airflow/example_dags/example_branch_labels.py
[2026-06-13T12:02:24.747+0000] {processor.py:830} INFO - Processing file /home/airflow/.local/lib/python3.12/site-packages/airflow/example_dags/example_branch_labels.py for tasks to queue
[2026-06-13T12:02:24.751+0000] {logging_mixin.py:188} INFO - [2026-06-13T12:02:24.750+0000] {dagbag.py:545} INFO - Filling up the DagBag from /home/airflow/.local/lib/python3.12/site-packages/airflow/example_dags/example_branch_labels.py
[2026-06-13T12:02:24.759+0000] {processor.py:840} INFO - DAG(s) 'example_branch_labels' retrieved from /home/airflow/.local/lib/python3.12/site-packages/airflow/example_dags/example_branch_labels.py
[2026-06-13T12:02:24.786+0000] {logging_mixin.py:188} INFO - [2026-06-13T12:02:24.786+0000] {dag.py:3096} INFO - Sync 1 DAGs
[2026-06-13T12:02:24.812+0000] {logging_mixin.py:188} INFO - [2026-06-13T12:02:24.812+0000] {dag.py:3954} INFO - Setting next_dagrun for example_branch_labels to 2026-06-12 00:00:00+00:00, run_after=2026-06-13 00:00:00+00:00
[2026-06-13T12:02:24.838+0000] {processor.py:183} INFO - Processing /home/airflow/.local/lib/python3.12/site-packages/airflow/example_dags/example_branch_labels.py took 0.106 seconds
[2026-06-13T12:02:54.939+0000] {processor.py:161} INFO - Started process (PID=2746) to work on /home/airflow/.local/lib/python3.12/site-packages/airflow/example_dags/example_branch_labels.py
[2026-06-13T12:02:54.941+0000] {processor.py:830} INFO - Processing file /home/airflow/.local/lib/python3.12/site-packages/airflow/example_dags/example_branch_labels.py for tasks to queue
[2026-06-13T12:02:54.944+0000] {logging_mixin.py:188} INFO - [2026-06-13T12:02:54.943+0000] {dagbag.py:545} INFO - Filling up the DagBag from /home/airflow/.local/lib/python3.12/site-packages/airflow/example_dags/example_branch_labels.py
[2026-06-13T12:02:54.955+0000] {processor.py:840} INFO - DAG(s) 'example_branch_labels' retrieved from /home/airflow/.local/lib/python3.12/site-packages/airflow/example_dags/example_branch_labels.py
[2026-06-13T12:02:55.001+0000] {logging_mixin.py:188} INFO - [2026-06-13T12:02:55.000+0000] {dag.py:3096} INFO - Sync 1 DAGs
[2026-06-13T12:02:55.046+0000] {logging_mixin.py:188} INFO - [2026-06-13T12:02:55.046+0000] {dag.py:3954} INFO - Setting next_dagrun for example_branch_labels to 2026-06-12 00:00:00+00:00, run_after=2026-06-13 00:00:00+00:00
[2026-06-13T12:02:55.081+0000] {processor.py:183} INFO - Processing /home/airflow/.local/lib/python3.12/site-packages/airflow/example_dags/example_branch_labels.py took 0.153 seconds
[2026-06-13T12:03:25.533+0000] {processor.py:161} INFO - Started process (PID=2805) to work on /home/airflow/.local/lib/python3.12/site-packages/airflow/example_dags/example_branch_labels.py
[2026-06-13T12:03:25.535+0000] {processor.py:830} INFO - Processing file /home/airflow/.local/lib/python3.12/site-packages/airflow/example_dags/example_branch_labels.py for tasks to queue
[2026-06-13T12:03:25.537+0000] {logging_mixin.py:188} INFO - [2026-06-13T12:03:25.537+0000] {dagbag.py:545} INFO - Filling up the DagBag from /home/airflow/.local/lib/python3.12/site-packages/airflow/example_dags/example_branch_labels.py
[2026-06-13T12:03:25.546+0000] {processor.py:840} INFO - DAG(s) 'example_branch_labels' retrieved from /home/airflow/.local/lib/python3.12/site-packages/airflow/example_dags/example_branch_labels.py
[2026-06-13T12:03:25.572+0000] {logging_mixin.py:188} INFO - [2026-06-13T12:03:25.572+0000] {dag.py:3096} INFO - Sync 1 DAGs
[2026-06-13T12:03:25.600+0000] {logging_mixin.py:188} INFO - [2026-06-13T12:03:25.600+0000] {dag.py:3954} INFO - Setting next_dagrun for example_branch_labels to 2026-06-12 00:00:00+00:00, run_after=2026-06-13 00:00:00+00:00
[2026-06-13T12:03:25.629+0000] {processor.py:183} INFO - Processing /home/airflow/.local/lib/python3.12/site-packages/airflow/example_dags/example_branch_labels.py took 0.106 seconds
[2026-06-13T12:03:56.268+0000] {processor.py:161} INFO - Started process (PID=2864) to work on /home/airflow/.local/lib/python3.12/site-packages/airflow/example_dags/example_branch_labels.py
[2026-06-13T12:03:56.269+0000] {processor.py:830} INFO - Processing file /home/airflow/.local/lib/python3.12/site-packages/airflow/example_dags/example_branch_labels.py for tasks to queue
[2026-06-13T12:03:56.273+0000] {logging_mixin.py:188} INFO - [2026-06-13T12:03:56.272+0000] {dagbag.py:545} INFO - Filling up the DagBag from /home/airflow/.local/lib/python3.12/site-packages/airflow/example_dags/example_branch_labels.py
[2026-06-13T12:03:56.281+0000] {processor.py:840} INFO - DAG(s) 'example_branch_labels' retrieved from /home/airflow/.local/lib/python3.12/site-packages/airflow/example_dags/example_branch_labels.py
[2026-06-13T12:03:56.309+0000] {logging_mixin.py:188} INFO - [2026-06-13T12:03:56.309+0000] {dag.py:3096} INFO - Sync 1 DAGs
[2026-06-13T12:03:56.336+0000] {logging_mixin.py:188} INFO - [2026-06-13T12:03:56.336+0000] {dag.py:3954} INFO - Setting next_dagrun for example_branch_labels to 2026-06-12 00:00:00+00:00, run_after=2026-06-13 00:00:00+00:00
[2026-06-13T12:03:56.364+0000] {processor.py:183} INFO - Processing /home/airflow/.local/lib/python3.12/site-packages/airflow/example_dags/example_branch_labels.py took 0.106 seconds
[2026-06-13T12:04:26.823+0000] {processor.py:161} INFO - Started process (PID=2938) to work on /home/airflow/.local/lib/python3.12/site-packages/airflow/example_dags/example_branch_labels.py
[2026-06-13T12:04:26.824+0000] {processor.py:830} INFO - Processing file /home/airflow/.local/lib/python3.12/site-packages/airflow/example_dags/example_branch_labels.py for tasks to queue
[2026-06-13T12:04:26.827+0000] {logging_mixin.py:188} INFO - [2026-06-13T12:04:26.827+0000] {dagbag.py:545} INFO - Filling up the DagBag from /home/airflow/.local/lib/python3.12/site-packages/airflow/example_dags/example_branch_labels.py
[2026-06-13T12:04:26.835+0000] {processor.py:840} INFO - DAG(s) 'example_branch_labels' retrieved from /home/airflow/.local/lib/python3.12/site-packages/airflow/example_dags/example_branch_labels.py
[2026-06-13T12:04:26.861+0000] {logging_mixin.py:188} INFO - [2026-06-13T12:04:26.861+0000] {dag.py:3096} INFO - Sync 1 DAGs
[2026-06-13T12:04:26.889+0000] {logging_mixin.py:188} INFO - [2026-06-13T12:04:26.889+0000] {dag.py:3954} INFO - Setting next_dagrun for example_branch_labels to 2026-06-12 00:00:00+00:00, run_after=2026-06-13 00:00:00+00:00
[2026-06-13T12:04:26.915+0000] {processor.py:183} INFO - Processing /home/airflow/.local/lib/python3.12/site-packages/airflow/example_dags/example_branch_labels.py took 0.102 seconds
[2026-06-13T12:04:57.215+0000] {processor.py:161} INFO - Started process (PID=2997) to work on /home/airflow/.local/lib/python3.12/site-packages/airflow/example_dags/example_branch_labels.py
[2026-06-13T12:04:57.217+0000] {processor.py:830} INFO - Processing file /home/airflow/.local/lib/python3.12/site-packages/airflow/example_dags/example_branch_labels.py for tasks to queue
[2026-06-13T12:04:57.220+0000] {logging_mixin.py:188} INFO - [2026-06-13T12:04:57.220+0000] {dagbag.py:545} INFO - Filling up the DagBag from /home/airflow/.local/lib/python3.12/site-packages/airflow/example_dags/example_branch_labels.py
[2026-06-13T12:04:57.228+0000] {processor.py:840} INFO - DAG(s) 'example_branch_labels' retrieved from /home/airflow/.local/lib/python3.12/site-packages/airflow/example_dags/example_branch_labels.py
[2026-06-13T12:04:57.255+0000] {logging_mixin.py:188} INFO - [2026-06-13T12:04:57.254+0000] {dag.py:3096} INFO - Sync 1 DAGs
[2026-06-13T12:04:57.281+0000] {logging_mixin.py:188} INFO - [2026-06-13T12:04:57.281+0000] {dag.py:3954} INFO - Setting next_dagrun for example_branch_labels to 2026-06-12 00:00:00+00:00, run_after=2026-06-13 00:00:00+00:00
[2026-06-13T12:04:57.309+0000] {processor.py:183} INFO - Processing /home/airflow/.local/lib/python3.12/site-packages/airflow/example_dags/example_branch_labels.py took 0.104 seconds
[2026-06-13T12:05:27.575+0000] {processor.py:161} INFO - Started process (PID=3056) to work on /home/airflow/.local/lib/python3.12/site-packages/airflow/example_dags/example_branch_labels.py
[2026-06-13T12:05:27.577+0000] {processor.py:830} INFO - Processing file /home/airflow/.local/lib/python3.12/site-packages/airflow/example_dags/example_branch_labels.py for tasks to queue
[2026-06-13T12:05:27.579+0000] {logging_mixin.py:188} INFO - [2026-06-13T12:05:27.579+0000] {dagbag.py:545} INFO - Filling up the DagBag from /home/airflow/.local/lib/python3.12/site-packages/airflow/example_dags/example_branch_labels.py
[2026-06-13T12:05:27.587+0000] {processor.py:840} INFO - DAG(s) 'example_branch_labels' retrieved from /home/airflow/.local/lib/python3.12/site-packages/airflow/example_dags/example_branch_labels.py
[2026-06-13T12:05:27.614+0000] {logging_mixin.py:188} INFO - [2026-06-13T12:05:27.613+0000] {dag.py:3096} INFO - Sync 1 DAGs
[2026-06-13T12:05:27.638+0000] {logging_mixin.py:188} INFO - [2026-06-13T12:05:27.638+0000] {dag.py:3954} INFO - Setting next_dagrun for example_branch_labels to 2026-06-12 00:00:00+00:00, run_after=2026-06-13 00:00:00+00:00
[2026-06-13T12:05:27.664+0000] {processor.py:183} INFO - Processing /home/airflow/.local/lib/python3.12/site-packages/airflow/example_dags/example_branch_labels.py took 0.097 seconds
[2026-06-13T12:05:58.211+0000] {processor.py:161} INFO - Started process (PID=3116) to work on /home/airflow/.local/lib/python3.12/site-packages/airflow/example_dags/example_branch_labels.py
[2026-06-13T12:05:58.212+0000] {processor.py:830} INFO - Processing file /home/airflow/.local/lib/python3.12/site-packages/airflow/example_dags/example_branch_labels.py for tasks to queue
[2026-06-13T12:05:58.215+0000] {logging_mixin.py:188} INFO - [2026-06-13T12:05:58.215+0000] {dagbag.py:545} INFO - Filling up the DagBag from /home/airflow/.local/lib/python3.12/site-packages/airflow/example_dags/example_branch_labels.py
[2026-06-13T12:05:58.223+0000] {processor.py:840} INFO - DAG(s) 'example_branch_labels' retrieved from /home/airflow/.local/lib/python3.12/site-packages/airflow/example_dags/example_branch_labels.py
[2026-06-13T12:05:58.248+0000] {logging_mixin.py:188} INFO - [2026-06-13T12:05:58.248+0000] {dag.py:3096} INFO - Sync 1 DAGs
[2026-06-13T12:05:58.273+0000] {logging_mixin.py:188} INFO - [2026-06-13T12:05:58.273+0000] {dag.py:3954} INFO - Setting next_dagrun for example_branch_labels to 2026-06-12 00:00:00+00:00, run_after=2026-06-13 00:00:00+00:00
[2026-06-13T12:05:58.298+0000] {processor.py:183} INFO - Processing /home/airflow/.local/lib/python3.12/site-packages/airflow/example_dags/example_branch_labels.py took 0.096 seconds
[2026-06-13T12:06:28.369+0000] {processor.py:161} INFO - Started process (PID=3175) to work on /home/airflow/.local/lib/python3.12/site-packages/airflow/example_dags/example_branch_labels.py
[2026-06-13T12:06:28.371+0000] {processor.py:830} INFO - Processing file /home/airflow/.local/lib/python3.12/site-packages/airflow/example_dags/example_branch_labels.py for tasks to queue
[2026-06-13T12:06:28.375+0000] {logging_mixin.py:188} INFO - [2026-06-13T12:06:28.374+0000] {dagbag.py:545} INFO - Filling up the DagBag from /home/airflow/.local/lib/python3.12/site-packages/airflow/example_dags/example_branch_labels.py
[2026-06-13T12:06:28.383+0000] {processor.py:840} INFO - DAG(s) 'example_branch_labels' retrieved from /home/airflow/.local/lib/python3.12/site-packages/airflow/example_dags/example_branch_labels.py
[2026-06-13T12:06:28.409+0000] {logging_mixin.py:188} INFO - [2026-06-13T12:06:28.409+0000] {dag.py:3096} INFO - Sync 1 DAGs
[2026-06-13T12:06:28.433+0000] {logging_mixin.py:188} INFO - [2026-06-13T12:06:28.432+0000] {dag.py:3954} INFO - Setting next_dagrun for example_branch_labels to 2026-06-12 00:00:00+00:00, run_after=2026-06-13 00:00:00+00:00
[2026-06-13T12:06:28.457+0000] {processor.py:183} INFO - Processing /home/airflow/.local/lib/python3.12/site-packages/airflow/example_dags/example_branch_labels.py took 0.098 seconds
[2026-06-13T12:06:58.704+0000] {processor.py:161} INFO - Started process (PID=3234) to work on /home/airflow/.local/lib/python3.12/site-packages/airflow/example_dags/example_branch_labels.py
[2026-06-13T12:06:58.706+0000] {processor.py:830} INFO - Processing file /home/airflow/.local/lib/python3.12/site-packages/airflow/example_dags/example_branch_labels.py for tasks to queue
[2026-06-13T12:06:58.709+0000] {logging_mixin.py:188} INFO - [2026-06-13T12:06:58.708+0000] {dagbag.py:545} INFO - Filling up the DagBag from /home/airflow/.local/lib/python3.12/site-packages/airflow/example_dags/example_branch_labels.py
[2026-06-13T12:06:58.717+0000] {processor.py:840} INFO - DAG(s) 'example_branch_labels' retrieved from /home/airflow/.local/lib/python3.12/site-packages/airflow/example_dags/example_branch_labels.py
[2026-06-13T12:06:58.745+0000] {logging_mixin.py:188} INFO - [2026-06-13T12:06:58.744+0000] {dag.py:3096} INFO - Sync 1 DAGs
[2026-06-13T12:06:58.771+0000] {logging_mixin.py:188} INFO - [2026-06-13T12:06:58.771+0000] {dag.py:3954} INFO - Setting next_dagrun for example_branch_labels to 2026-06-12 00:00:00+00:00, run_after=2026-06-13 00:00:00+00:00
[2026-06-13T12:06:58.796+0000] {processor.py:183} INFO - Processing /home/airflow/.local/lib/python3.12/site-packages/airflow/example_dags/example_branch_labels.py took 0.101 seconds
[2026-06-13T12:07:29.139+0000] {processor.py:161} INFO - Started process (PID=3293) to work on /home/airflow/.local/lib/python3.12/site-packages/airflow/example_dags/example_branch_labels.py
[2026-06-13T12:07:29.140+0000] {processor.py:830} INFO - Processing file /home/airflow/.local/lib/python3.12/site-packages/airflow/example_dags/example_branch_labels.py for tasks to queue
[2026-06-13T12:07:29.144+0000] {logging_mixin.py:188} INFO - [2026-06-13T12:07:29.143+0000] {dagbag.py:545} INFO - Filling up the DagBag from /home/airflow/.local/lib/python3.12/site-packages/airflow/example_dags/example_branch_labels.py
[2026-06-13T12:07:29.152+0000] {processor.py:840} INFO - DAG(s) 'example_branch_labels' retrieved from /home/airflow/.local/lib/python3.12/site-packages/airflow/example_dags/example_branch_labels.py
[2026-06-13T12:07:29.180+0000] {logging_mixin.py:188} INFO - [2026-06-13T12:07:29.179+0000] {dag.py:3096} INFO - Sync 1 DAGs
[2026-06-13T12:07:29.204+0000] {logging_mixin.py:188} INFO - [2026-06-13T12:07:29.204+0000] {dag.py:3954} INFO - Setting next_dagrun for example_branch_labels to 2026-06-12 00:00:00+00:00, run_after=2026-06-13 00:00:00+00:00
[2026-06-13T12:07:29.230+0000] {processor.py:183} INFO - Processing /home/airflow/.local/lib/python3.12/site-packages/airflow/example_dags/example_branch_labels.py took 0.101 seconds
[2026-06-13T12:08:00.216+0000] {processor.py:161} INFO - Started process (PID=3352) to work on /home/airflow/.local/lib/python3.12/site-packages/airflow/example_dags/example_branch_labels.py
[2026-06-13T12:08:00.217+0000] {processor.py:830} INFO - Processing file /home/airflow/.local/lib/python3.12/site-packages/airflow/example_dags/example_branch_labels.py for tasks to queue
[2026-06-13T12:08:00.221+0000] {logging_mixin.py:188} INFO - [2026-06-13T12:08:00.220+0000] {dagbag.py:545} INFO - Filling up the DagBag from /home/airflow/.local/lib/python3.12/site-packages/airflow/example_dags/example_branch_labels.py
[2026-06-13T12:08:00.230+0000] {processor.py:840} INFO - DAG(s) 'example_branch_labels' retrieved from /home/airflow/.local/lib/python3.12/site-packages/airflow/example_dags/example_branch_labels.py
[2026-06-13T12:08:00.258+0000] {logging_mixin.py:188} INFO - [2026-06-13T12:08:00.257+0000] {dag.py:3096} INFO - Sync 1 DAGs
[2026-06-13T12:08:00.285+0000] {logging_mixin.py:188} INFO - [2026-06-13T12:08:00.285+0000] {dag.py:3954} INFO - Setting next_dagrun for example_branch_labels to 2026-06-12 00:00:00+00:00, run_after=2026-06-13 00:00:00+00:00
[2026-06-13T12:08:00.315+0000] {processor.py:183} INFO - Processing /home/airflow/.local/lib/python3.12/site-packages/airflow/example_dags/example_branch_labels.py took 0.111 seconds
[2026-06-13T12:08:30.577+0000] {processor.py:161} INFO - Started process (PID=3411) to work on /home/airflow/.local/lib/python3.12/site-packages/airflow/example_dags/example_branch_labels.py
[2026-06-13T12:08:30.578+0000] {processor.py:830} INFO - Processing file /home/airflow/.local/lib/python3.12/site-packages/airflow/example_dags/example_branch_labels.py for tasks to queue
[2026-06-13T12:08:30.582+0000] {logging_mixin.py:188} INFO - [2026-06-13T12:08:30.581+0000] {dagbag.py:545} INFO - Filling up the DagBag from /home/airflow/.local/lib/python3.12/site-packages/airflow/example_dags/example_branch_labels.py
[2026-06-13T12:08:30.590+0000] {processor.py:840} INFO - DAG(s) 'example_branch_labels' retrieved from /home/airflow/.local/lib/python3.12/site-packages/airflow/example_dags/example_branch_labels.py
[2026-06-13T12:08:30.617+0000] {logging_mixin.py:188} INFO - [2026-06-13T12:08:30.616+0000] {dag.py:3096} INFO - Sync 1 DAGs
[2026-06-13T12:08:30.644+0000] {logging_mixin.py:188} INFO - [2026-06-13T12:08:30.644+0000] {dag.py:3954} INFO - Setting next_dagrun for example_branch_labels to 2026-06-12 00:00:00+00:00, run_after=2026-06-13 00:00:00+00:00
[2026-06-13T12:08:30.670+0000] {processor.py:183} INFO - Processing /home/airflow/.local/lib/python3.12/site-packages/airflow/example_dags/example_branch_labels.py took 0.103 seconds
[2026-06-13T12:09:00.972+0000] {processor.py:161} INFO - Started process (PID=3470) to work on /home/airflow/.local/lib/python3.12/site-packages/airflow/example_dags/example_branch_labels.py
[2026-06-13T12:09:00.974+0000] {processor.py:830} INFO - Processing file /home/airflow/.local/lib/python3.12/site-packages/airflow/example_dags/example_branch_labels.py for tasks to queue
[2026-06-13T12:09:00.976+0000] {logging_mixin.py:188} INFO - [2026-06-13T12:09:00.976+0000] {dagbag.py:545} INFO - Filling up the DagBag from /home/airflow/.local/lib/python3.12/site-packages/airflow/example_dags/example_branch_labels.py
[2026-06-13T12:09:00.984+0000] {processor.py:840} INFO - DAG(s) 'example_branch_labels' retrieved from /home/airflow/.local/lib/python3.12/site-packages/airflow/example_dags/example_branch_labels.py
[2026-06-13T12:09:01.011+0000] {logging_mixin.py:188} INFO - [2026-06-13T12:09:01.010+0000] {dag.py:3096} INFO - Sync 1 DAGs
[2026-06-13T12:09:01.035+0000] {logging_mixin.py:188} INFO - [2026-06-13T12:09:01.035+0000] {dag.py:3954} INFO - Setting next_dagrun for example_branch_labels to 2026-06-12 00:00:00+00:00, run_after=2026-06-13 00:00:00+00:00
[2026-06-13T12:09:01.058+0000] {processor.py:183} INFO - Processing /home/airflow/.local/lib/python3.12/site-packages/airflow/example_dags/example_branch_labels.py took 0.096 seconds
[2026-06-13T12:09:31.497+0000] {processor.py:161} INFO - Started process (PID=3529) to work on /home/airflow/.local/lib/python3.12/site-packages/airflow/example_dags/example_branch_labels.py
[2026-06-13T12:09:31.499+0000] {processor.py:830} INFO - Processing file /home/airflow/.local/lib/python3.12/site-packages/airflow/example_dags/example_branch_labels.py for tasks to queue
[2026-06-13T12:09:31.502+0000] {logging_mixin.py:188} INFO - [2026-06-13T12:09:31.501+0000] {dagbag.py:545} INFO - Filling up the DagBag from /home/airflow/.local/lib/python3.12/site-packages/airflow/example_dags/example_branch_labels.py
[2026-06-13T12:09:31.511+0000] {processor.py:840} INFO - DAG(s) 'example_branch_labels' retrieved from /home/airflow/.local/lib/python3.12/site-packages/airflow/example_dags/example_branch_labels.py
[2026-06-13T12:09:31.540+0000] {logging_mixin.py:188} INFO - [2026-06-13T12:09:31.540+0000] {dag.py:3096} INFO - Sync 1 DAGs
[2026-06-13T12:09:31.567+0000] {logging_mixin.py:188} INFO - [2026-06-13T12:09:31.566+0000] {dag.py:3954} INFO - Setting next_dagrun for example_branch_labels to 2026-06-12 00:00:00+00:00, run_after=2026-06-13 00:00:00+00:00
[2026-06-13T12:09:31.594+0000] {processor.py:183} INFO - Processing /home/airflow/.local/lib/python3.12/site-packages/airflow/example_dags/example_branch_labels.py took 0.106 seconds
[2026-06-13T12:10:02.572+0000] {processor.py:161} INFO - Started process (PID=3588) to work on /home/airflow/.local/lib/python3.12/site-packages/airflow/example_dags/example_branch_labels.py
[2026-06-13T12:10:02.574+0000] {processor.py:830} INFO - Processing file /home/airflow/.local/lib/python3.12/site-packages/airflow/example_dags/example_branch_labels.py for tasks to queue
[2026-06-13T12:10:02.576+0000] {logging_mixin.py:188} INFO - [2026-06-13T12:10:02.576+0000] {dagbag.py:545} INFO - Filling up the DagBag from /home/airflow/.local/lib/python3.12/site-packages/airflow/example_dags/example_branch_labels.py
[2026-06-13T12:10:02.586+0000] {processor.py:840} INFO - DAG(s) 'example_branch_labels' retrieved from /home/airflow/.local/lib/python3.12/site-packages/airflow/example_dags/example_branch_labels.py
[2026-06-13T12:10:02.613+0000] {logging_mixin.py:188} INFO - [2026-06-13T12:10:02.613+0000] {dag.py:3096} INFO - Sync 1 DAGs
[2026-06-13T12:10:02.645+0000] {logging_mixin.py:188} INFO - [2026-06-13T12:10:02.645+0000] {dag.py:3954} INFO - Setting next_dagrun for example_branch_labels to 2026-06-12 00:00:00+00:00, run_after=2026-06-13 00:00:00+00:00
[2026-06-13T12:10:02.680+0000] {processor.py:183} INFO - Processing /home/airflow/.local/lib/python3.12/site-packages/airflow/example_dags/example_branch_labels.py took 0.120 seconds
[2026-06-13T12:14:38.832+0000] {processor.py:161} INFO - Started process (PID=3628) to work on /home/airflow/.local/lib/python3.12/site-packages/airflow/example_dags/example_branch_labels.py
[2026-06-13T12:14:38.833+0000] {processor.py:830} INFO - Processing file /home/airflow/.local/lib/python3.12/site-packages/airflow/example_dags/example_branch_labels.py for tasks to queue
[2026-06-13T12:14:38.836+0000] {logging_mixin.py:188} INFO - [2026-06-13T12:14:38.835+0000] {dagbag.py:545} INFO - Filling up the DagBag from /home/airflow/.local/lib/python3.12/site-packages/airflow/example_dags/example_branch_labels.py
[2026-06-13T12:14:38.844+0000] {processor.py:840} INFO - DAG(s) 'example_branch_labels' retrieved from /home/airflow/.local/lib/python3.12/site-packages/airflow/example_dags/example_branch_labels.py
[2026-06-13T12:14:38.875+0000] {logging_mixin.py:188} INFO - [2026-06-13T12:14:38.875+0000] {dag.py:3096} INFO - Sync 1 DAGs
[2026-06-13T12:14:38.904+0000] {logging_mixin.py:188} INFO - [2026-06-13T12:14:38.903+0000] {dag.py:3954} INFO - Setting next_dagrun for example_branch_labels to 2026-06-12 00:00:00+00:00, run_after=2026-06-13 00:00:00+00:00
[2026-06-13T12:14:38.932+0000] {processor.py:183} INFO - Processing /home/airflow/.local/lib/python3.12/site-packages/airflow/example_dags/example_branch_labels.py took 0.111 seconds
[2026-06-13T12:15:10.069+0000] {processor.py:161} INFO - Started process (PID=3687) to work on /home/airflow/.local/lib/python3.12/site-packages/airflow/example_dags/example_branch_labels.py
[2026-06-13T12:15:10.071+0000] {processor.py:830} INFO - Processing file /home/airflow/.local/lib/python3.12/site-packages/airflow/example_dags/example_branch_labels.py for tasks to queue
[2026-06-13T12:15:10.075+0000] {logging_mixin.py:188} INFO - [2026-06-13T12:15:10.074+0000] {dagbag.py:545} INFO - Filling up the DagBag from /home/airflow/.local/lib/python3.12/site-packages/airflow/example_dags/example_branch_labels.py
[2026-06-13T12:15:10.084+0000] {processor.py:840} INFO - DAG(s) 'example_branch_labels' retrieved from /home/airflow/.local/lib/python3.12/site-packages/airflow/example_dags/example_branch_labels.py
[2026-06-13T12:15:10.114+0000] {logging_mixin.py:188} INFO - [2026-06-13T12:15:10.114+0000] {dag.py:3096} INFO - Sync 1 DAGs
[2026-06-13T12:15:10.141+0000] {logging_mixin.py:188} INFO - [2026-06-13T12:15:10.141+0000] {dag.py:3954} INFO - Setting next_dagrun for example_branch_labels to 2026-06-12 00:00:00+00:00, run_after=2026-06-13 00:00:00+00:00
[2026-06-13T12:15:10.170+0000] {processor.py:183} INFO - Processing /home/airflow/.local/lib/python3.12/site-packages/airflow/example_dags/example_branch_labels.py took 0.110 seconds
[2026-06-13T12:15:40.666+0000] {processor.py:161} INFO - Started process (PID=3746) to work on /home/airflow/.local/lib/python3.12/site-packages/airflow/example_dags/example_branch_labels.py
[2026-06-13T12:15:40.667+0000] {processor.py:830} INFO - Processing file /home/airflow/.local/lib/python3.12/site-packages/airflow/example_dags/example_branch_labels.py for tasks to queue
[2026-06-13T12:15:40.670+0000] {logging_mixin.py:188} INFO - [2026-06-13T12:15:40.669+0000] {dagbag.py:545} INFO - Filling up the DagBag from /home/airflow/.local/lib/python3.12/site-packages/airflow/example_dags/example_branch_labels.py
[2026-06-13T12:15:40.678+0000] {processor.py:840} INFO - DAG(s) 'example_branch_labels' retrieved from /home/airflow/.local/lib/python3.12/site-packages/airflow/example_dags/example_branch_labels.py
[2026-06-13T12:15:40.705+0000] {logging_mixin.py:188} INFO - [2026-06-13T12:15:40.705+0000] {dag.py:3096} INFO - Sync 1 DAGs
[2026-06-13T12:15:40.731+0000] {logging_mixin.py:188} INFO - [2026-06-13T12:15:40.731+0000] {dag.py:3954} INFO - Setting next_dagrun for example_branch_labels to 2026-06-12 00:00:00+00:00, run_after=2026-06-13 00:00:00+00:00
[2026-06-13T12:15:40.756+0000] {processor.py:183} INFO - Processing /home/airflow/.local/lib/python3.12/site-packages/airflow/example_dags/example_branch_labels.py took 0.100 seconds
[2026-06-13T12:16:10.975+0000] {processor.py:161} INFO - Started process (PID=3805) to work on /home/airflow/.local/lib/python3.12/site-packages/airflow/example_dags/example_branch_labels.py
[2026-06-13T12:16:10.977+0000] {processor.py:830} INFO - Processing file /home/airflow/.local/lib/python3.12/site-packages/airflow/example_dags/example_branch_labels.py for tasks to queue
[2026-06-13T12:16:10.979+0000] {logging_mixin.py:188} INFO - [2026-06-13T12:16:10.979+0000] {dagbag.py:545} INFO - Filling up the DagBag from /home/airflow/.local/lib/python3.12/site-packages/airflow/example_dags/example_branch_labels.py
[2026-06-13T12:16:10.987+0000] {processor.py:840} INFO - DAG(s) 'example_branch_labels' retrieved from /home/airflow/.local/lib/python3.12/site-packages/airflow/example_dags/example_branch_labels.py
[2026-06-13T12:16:11.013+0000] {logging_mixin.py:188} INFO - [2026-06-13T12:16:11.013+0000] {dag.py:3096} INFO - Sync 1 DAGs
[2026-06-13T12:16:11.040+0000] {logging_mixin.py:188} INFO - [2026-06-13T12:16:11.039+0000] {dag.py:3954} INFO - Setting next_dagrun for example_branch_labels to 2026-06-12 00:00:00+00:00, run_after=2026-06-13 00:00:00+00:00
[2026-06-13T12:16:11.067+0000] {processor.py:183} INFO - Processing /home/airflow/.local/lib/python3.12/site-packages/airflow/example_dags/example_branch_labels.py took 0.102 seconds
[2026-06-13T12:16:41.265+0000] {processor.py:161} INFO - Started process (PID=3865) to work on /home/airflow/.local/lib/python3.12/site-packages/airflow/example_dags/example_branch_labels.py
[2026-06-13T12:16:41.267+0000] {processor.py:830} INFO - Processing file /home/airflow/.local/lib/python3.12/site-packages/airflow/example_dags/example_branch_labels.py for tasks to queue
[2026-06-13T12:16:41.270+0000] {logging_mixin.py:188} INFO - [2026-06-13T12:16:41.269+0000] {dagbag.py:545} INFO - Filling up the DagBag from /home/airflow/.local/lib/python3.12/site-packages/airflow/example_dags/example_branch_labels.py
[2026-06-13T12:16:41.278+0000] {processor.py:840} INFO - DAG(s) 'example_branch_labels' retrieved from /home/airflow/.local/lib/python3.12/site-packages/airflow/example_dags/example_branch_labels.py
[2026-06-13T12:16:41.304+0000] {logging_mixin.py:188} INFO - [2026-06-13T12:16:41.304+0000] {dag.py:3096} INFO - Sync 1 DAGs
[2026-06-13T12:16:41.330+0000] {logging_mixin.py:188} INFO - [2026-06-13T12:16:41.330+0000] {dag.py:3954} INFO - Setting next_dagrun for example_branch_labels to 2026-06-12 00:00:00+00:00, run_after=2026-06-13 00:00:00+00:00
[2026-06-13T12:16:41.355+0000] {processor.py:183} INFO - Processing /home/airflow/.local/lib/python3.12/site-packages/airflow/example_dags/example_branch_labels.py took 0.099 seconds
[2026-06-13T12:17:11.632+0000] {processor.py:161} INFO - Started process (PID=3924) to work on /home/airflow/.local/lib/python3.12/site-packages/airflow/example_dags/example_branch_labels.py
[2026-06-13T12:17:11.634+0000] {processor.py:830} INFO - Processing file /home/airflow/.local/lib/python3.12/site-packages/airflow/example_dags/example_branch_labels.py for tasks to queue
[2026-06-13T12:17:11.637+0000] {logging_mixin.py:188} INFO - [2026-06-13T12:17:11.636+0000] {dagbag.py:545} INFO - Filling up the DagBag from /home/airflow/.local/lib/python3.12/site-packages/airflow/example_dags/example_branch_labels.py
[2026-06-13T12:17:11.646+0000] {processor.py:840} INFO - DAG(s) 'example_branch_labels' retrieved from /home/airflow/.local/lib/python3.12/site-packages/airflow/example_dags/example_branch_labels.py
[2026-06-13T12:17:11.673+0000] {logging_mixin.py:188} INFO - [2026-06-13T12:17:11.673+0000] {dag.py:3096} INFO - Sync 1 DAGs
[2026-06-13T12:17:11.698+0000] {logging_mixin.py:188} INFO - [2026-06-13T12:17:11.698+0000] {dag.py:3954} INFO - Setting next_dagrun for example_branch_labels to 2026-06-12 00:00:00+00:00, run_after=2026-06-13 00:00:00+00:00
[2026-06-13T12:17:11.725+0000] {processor.py:183} INFO - Processing /home/airflow/.local/lib/python3.12/site-packages/airflow/example_dags/example_branch_labels.py took 0.103 seconds
[2026-06-13T12:17:42.509+0000] {processor.py:161} INFO - Started process (PID=3984) to work on /home/airflow/.local/lib/python3.12/site-packages/airflow/example_dags/example_branch_labels.py
[2026-06-13T12:17:42.510+0000] {processor.py:830} INFO - Processing file /home/airflow/.local/lib/python3.12/site-packages/airflow/example_dags/example_branch_labels.py for tasks to queue
[2026-06-13T12:17:42.513+0000] {logging_mixin.py:188} INFO - [2026-06-13T12:17:42.513+0000] {dagbag.py:545} INFO - Filling up the DagBag from /home/airflow/.local/lib/python3.12/site-packages/airflow/example_dags/example_branch_labels.py
[2026-06-13T12:17:42.522+0000] {processor.py:840} INFO - DAG(s) 'example_branch_labels' retrieved from /home/airflow/.local/lib/python3.12/site-packages/airflow/example_dags/example_branch_labels.py
[2026-06-13T12:17:42.551+0000] {logging_mixin.py:188} INFO - [2026-06-13T12:17:42.550+0000] {dag.py:3096} INFO - Sync 1 DAGs
[2026-06-13T12:17:42.577+0000] {logging_mixin.py:188} INFO - [2026-06-13T12:17:42.577+0000] {dag.py:3954} INFO - Setting next_dagrun for example_branch_labels to 2026-06-12 00:00:00+00:00, run_after=2026-06-13 00:00:00+00:00
[2026-06-13T12:17:42.606+0000] {processor.py:183} INFO - Processing /home/airflow/.local/lib/python3.12/site-packages/airflow/example_dags/example_branch_labels.py took 0.108 seconds
[2026-06-13T12:18:12.979+0000] {processor.py:161} INFO - Started process (PID=4051) to work on /home/airflow/.local/lib/python3.12/site-packages/airflow/example_dags/example_branch_labels.py
[2026-06-13T12:18:12.981+0000] {processor.py:830} INFO - Processing file /home/airflow/.local/lib/python3.12/site-packages/airflow/example_dags/example_branch_labels.py for tasks to queue
[2026-06-13T12:18:12.984+0000] {logging_mixin.py:188} INFO - [2026-06-13T12:18:12.983+0000] {dagbag.py:545} INFO - Filling up the DagBag from /home/airflow/.local/lib/python3.12/site-packages/airflow/example_dags/example_branch_labels.py
[2026-06-13T12:18:12.994+0000] {processor.py:840} INFO - DAG(s) 'example_branch_labels' retrieved from /home/airflow/.local/lib/python3.12/site-packages/airflow/example_dags/example_branch_labels.py
[2026-06-13T12:18:13.024+0000] {logging_mixin.py:188} INFO - [2026-06-13T12:18:13.024+0000] {dag.py:3096} INFO - Sync 1 DAGs
[2026-06-13T12:18:13.051+0000] {logging_mixin.py:188} INFO - [2026-06-13T12:18:13.051+0000] {dag.py:3954} INFO - Setting next_dagrun for example_branch_labels to 2026-06-12 00:00:00+00:00, run_after=2026-06-13 00:00:00+00:00
[2026-06-13T12:18:13.076+0000] {processor.py:183} INFO - Processing /home/airflow/.local/lib/python3.12/site-packages/airflow/example_dags/example_branch_labels.py took 0.116 seconds
[2026-06-13T12:18:58.853+0000] {processor.py:161} INFO - Started process (PID=71) to work on /home/airflow/.local/lib/python3.12/site-packages/airflow/example_dags/example_branch_labels.py
[2026-06-13T12:18:58.856+0000] {processor.py:830} INFO - Processing file /home/airflow/.local/lib/python3.12/site-packages/airflow/example_dags/example_branch_labels.py for tasks to queue
[2026-06-13T12:18:58.859+0000] {logging_mixin.py:188} INFO - [2026-06-13T12:18:58.859+0000] {dagbag.py:545} INFO - Filling up the DagBag from /home/airflow/.local/lib/python3.12/site-packages/airflow/example_dags/example_branch_labels.py
[2026-06-13T12:18:58.875+0000] {processor.py:840} INFO - DAG(s) 'example_branch_labels' retrieved from /home/airflow/.local/lib/python3.12/site-packages/airflow/example_dags/example_branch_labels.py
[2026-06-13T12:18:58.898+0000] {logging_mixin.py:188} INFO - [2026-06-13T12:18:58.897+0000] {dag.py:3096} INFO - Sync 1 DAGs
[2026-06-13T12:18:58.942+0000] {logging_mixin.py:188} INFO - [2026-06-13T12:18:58.942+0000] {dag.py:3954} INFO - Setting next_dagrun for example_branch_labels to 2026-06-12 00:00:00+00:00, run_after=2026-06-13 00:00:00+00:00
[2026-06-13T12:18:58.975+0000] {processor.py:183} INFO - Processing /home/airflow/.local/lib/python3.12/site-packages/airflow/example_dags/example_branch_labels.py took 0.129 seconds
[2026-06-13T12:19:29.474+0000] {processor.py:161} INFO - Started process (PID=130) to work on /home/airflow/.local/lib/python3.12/site-packages/airflow/example_dags/example_branch_labels.py
[2026-06-13T12:19:29.476+0000] {processor.py:830} INFO - Processing file /home/airflow/.local/lib/python3.12/site-packages/airflow/example_dags/example_branch_labels.py for tasks to queue
[2026-06-13T12:19:29.479+0000] {logging_mixin.py:188} INFO - [2026-06-13T12:19:29.479+0000] {dagbag.py:545} INFO - Filling up the DagBag from /home/airflow/.local/lib/python3.12/site-packages/airflow/example_dags/example_branch_labels.py
[2026-06-13T12:19:29.487+0000] {processor.py:840} INFO - DAG(s) 'example_branch_labels' retrieved from /home/airflow/.local/lib/python3.12/site-packages/airflow/example_dags/example_branch_labels.py
[2026-06-13T12:19:29.612+0000] {logging_mixin.py:188} INFO - [2026-06-13T12:19:29.611+0000] {dag.py:3096} INFO - Sync 1 DAGs
[2026-06-13T12:19:29.633+0000] {logging_mixin.py:188} INFO - [2026-06-13T12:19:29.632+0000] {dag.py:3954} INFO - Setting next_dagrun for example_branch_labels to 2026-06-12 00:00:00+00:00, run_after=2026-06-13 00:00:00+00:00
[2026-06-13T12:19:29.659+0000] {processor.py:183} INFO - Processing /home/airflow/.local/lib/python3.12/site-packages/airflow/example_dags/example_branch_labels.py took 0.191 seconds
[2026-06-13T12:19:59.813+0000] {processor.py:161} INFO - Started process (PID=189) to work on /home/airflow/.local/lib/python3.12/site-packages/airflow/example_dags/example_branch_labels.py
[2026-06-13T12:19:59.815+0000] {processor.py:830} INFO - Processing file /home/airflow/.local/lib/python3.12/site-packages/airflow/example_dags/example_branch_labels.py for tasks to queue
[2026-06-13T12:19:59.818+0000] {logging_mixin.py:188} INFO - [2026-06-13T12:19:59.817+0000] {dagbag.py:545} INFO - Filling up the DagBag from /home/airflow/.local/lib/python3.12/site-packages/airflow/example_dags/example_branch_labels.py
[2026-06-13T12:19:59.827+0000] {processor.py:840} INFO - DAG(s) 'example_branch_labels' retrieved from /home/airflow/.local/lib/python3.12/site-packages/airflow/example_dags/example_branch_labels.py
[2026-06-13T12:19:59.856+0000] {logging_mixin.py:188} INFO - [2026-06-13T12:19:59.856+0000] {dag.py:3096} INFO - Sync 1 DAGs
[2026-06-13T12:19:59.884+0000] {logging_mixin.py:188} INFO - [2026-06-13T12:19:59.884+0000] {dag.py:3954} INFO - Setting next_dagrun for example_branch_labels to 2026-06-12 00:00:00+00:00, run_after=2026-06-13 00:00:00+00:00
[2026-06-13T12:19:59.913+0000] {processor.py:183} INFO - Processing /home/airflow/.local/lib/python3.12/site-packages/airflow/example_dags/example_branch_labels.py took 0.107 seconds
[2026-06-13T12:20:30.198+0000] {processor.py:161} INFO - Started process (PID=249) to work on /home/airflow/.local/lib/python3.12/site-packages/airflow/example_dags/example_branch_labels.py
[2026-06-13T12:20:30.199+0000] {processor.py:830} INFO - Processing file /home/airflow/.local/lib/python3.12/site-packages/airflow/example_dags/example_branch_labels.py for tasks to queue
[2026-06-13T12:20:30.202+0000] {logging_mixin.py:188} INFO - [2026-06-13T12:20:30.202+0000] {dagbag.py:545} INFO - Filling up the DagBag from /home/airflow/.local/lib/python3.12/site-packages/airflow/example_dags/example_branch_labels.py
[2026-06-13T12:20:30.211+0000] {processor.py:840} INFO - DAG(s) 'example_branch_labels' retrieved from /home/airflow/.local/lib/python3.12/site-packages/airflow/example_dags/example_branch_labels.py
[2026-06-13T12:20:30.239+0000] {logging_mixin.py:188} INFO - [2026-06-13T12:20:30.238+0000] {dag.py:3096} INFO - Sync 1 DAGs
[2026-06-13T12:20:30.266+0000] {logging_mixin.py:188} INFO - [2026-06-13T12:20:30.265+0000] {dag.py:3954} INFO - Setting next_dagrun for example_branch_labels to 2026-06-12 00:00:00+00:00, run_after=2026-06-13 00:00:00+00:00
[2026-06-13T12:20:30.295+0000] {processor.py:183} INFO - Processing /home/airflow/.local/lib/python3.12/site-packages/airflow/example_dags/example_branch_labels.py took 0.104 seconds
[2026-06-13T12:21:00.623+0000] {processor.py:161} INFO - Started process (PID=308) to work on /home/airflow/.local/lib/python3.12/site-packages/airflow/example_dags/example_branch_labels.py
[2026-06-13T12:21:00.624+0000] {processor.py:830} INFO - Processing file /home/airflow/.local/lib/python3.12/site-packages/airflow/example_dags/example_branch_labels.py for tasks to queue
[2026-06-13T12:21:00.627+0000] {logging_mixin.py:188} INFO - [2026-06-13T12:21:00.627+0000] {dagbag.py:545} INFO - Filling up the DagBag from /home/airflow/.local/lib/python3.12/site-packages/airflow/example_dags/example_branch_labels.py
[2026-06-13T12:21:00.637+0000] {processor.py:840} INFO - DAG(s) 'example_branch_labels' retrieved from /home/airflow/.local/lib/python3.12/site-packages/airflow/example_dags/example_branch_labels.py
[2026-06-13T12:21:00.664+0000] {logging_mixin.py:188} INFO - [2026-06-13T12:21:00.664+0000] {dag.py:3096} INFO - Sync 1 DAGs
[2026-06-13T12:21:00.690+0000] {logging_mixin.py:188} INFO - [2026-06-13T12:21:00.689+0000] {dag.py:3954} INFO - Setting next_dagrun for example_branch_labels to 2026-06-12 00:00:00+00:00, run_after=2026-06-13 00:00:00+00:00
[2026-06-13T12:21:00.715+0000] {processor.py:183} INFO - Processing /home/airflow/.local/lib/python3.12/site-packages/airflow/example_dags/example_branch_labels.py took 0.098 seconds
[2026-06-13T12:21:30.881+0000] {processor.py:161} INFO - Started process (PID=367) to work on /home/airflow/.local/lib/python3.12/site-packages/airflow/example_dags/example_branch_labels.py
[2026-06-13T12:21:30.883+0000] {processor.py:830} INFO - Processing file /home/airflow/.local/lib/python3.12/site-packages/airflow/example_dags/example_branch_labels.py for tasks to queue
[2026-06-13T12:21:30.885+0000] {logging_mixin.py:188} INFO - [2026-06-13T12:21:30.885+0000] {dagbag.py:545} INFO - Filling up the DagBag from /home/airflow/.local/lib/python3.12/site-packages/airflow/example_dags/example_branch_labels.py
[2026-06-13T12:21:30.894+0000] {processor.py:840} INFO - DAG(s) 'example_branch_labels' retrieved from /home/airflow/.local/lib/python3.12/site-packages/airflow/example_dags/example_branch_labels.py
[2026-06-13T12:21:30.921+0000] {logging_mixin.py:188} INFO - [2026-06-13T12:21:30.921+0000] {dag.py:3096} INFO - Sync 1 DAGs
[2026-06-13T12:21:30.952+0000] {logging_mixin.py:188} INFO - [2026-06-13T12:21:30.951+0000] {dag.py:3954} INFO - Setting next_dagrun for example_branch_labels to 2026-06-12 00:00:00+00:00, run_after=2026-06-13 00:00:00+00:00
[2026-06-13T12:21:30.979+0000] {processor.py:183} INFO - Processing /home/airflow/.local/lib/python3.12/site-packages/airflow/example_dags/example_branch_labels.py took 0.104 seconds
[2026-06-13T12:22:01.151+0000] {processor.py:161} INFO - Started process (PID=427) to work on /home/airflow/.local/lib/python3.12/site-packages/airflow/example_dags/example_branch_labels.py
[2026-06-13T12:22:01.153+0000] {processor.py:830} INFO - Processing file /home/airflow/.local/lib/python3.12/site-packages/airflow/example_dags/example_branch_labels.py for tasks to queue
[2026-06-13T12:22:01.156+0000] {logging_mixin.py:188} INFO - [2026-06-13T12:22:01.155+0000] {dagbag.py:545} INFO - Filling up the DagBag from /home/airflow/.local/lib/python3.12/site-packages/airflow/example_dags/example_branch_labels.py
[2026-06-13T12:22:01.164+0000] {processor.py:840} INFO - DAG(s) 'example_branch_labels' retrieved from /home/airflow/.local/lib/python3.12/site-packages/airflow/example_dags/example_branch_labels.py
[2026-06-13T12:22:01.190+0000] {logging_mixin.py:188} INFO - [2026-06-13T12:22:01.189+0000] {dag.py:3096} INFO - Sync 1 DAGs
[2026-06-13T12:22:01.217+0000] {logging_mixin.py:188} INFO - [2026-06-13T12:22:01.216+0000] {dag.py:3954} INFO - Setting next_dagrun for example_branch_labels to 2026-06-12 00:00:00+00:00, run_after=2026-06-13 00:00:00+00:00
[2026-06-13T12:22:01.240+0000] {processor.py:183} INFO - Processing /home/airflow/.local/lib/python3.12/site-packages/airflow/example_dags/example_branch_labels.py took 0.095 seconds
[2026-06-13T12:22:31.459+0000] {processor.py:161} INFO - Started process (PID=485) to work on /home/airflow/.local/lib/python3.12/site-packages/airflow/example_dags/example_branch_labels.py
[2026-06-13T12:22:31.461+0000] {processor.py:830} INFO - Processing file /home/airflow/.local/lib/python3.12/site-packages/airflow/example_dags/example_branch_labels.py for tasks to queue
[2026-06-13T12:22:31.464+0000] {logging_mixin.py:188} INFO - [2026-06-13T12:22:31.464+0000] {dagbag.py:545} INFO - Filling up the DagBag from /home/airflow/.local/lib/python3.12/site-packages/airflow/example_dags/example_branch_labels.py
[2026-06-13T12:22:31.473+0000] {processor.py:840} INFO - DAG(s) 'example_branch_labels' retrieved from /home/airflow/.local/lib/python3.12/site-packages/airflow/example_dags/example_branch_labels.py
[2026-06-13T12:22:31.501+0000] {logging_mixin.py:188} INFO - [2026-06-13T12:22:31.501+0000] {dag.py:3096} INFO - Sync 1 DAGs
[2026-06-13T12:22:31.527+0000] {logging_mixin.py:188} INFO - [2026-06-13T12:22:31.527+0000] {dag.py:3954} INFO - Setting next_dagrun for example_branch_labels to 2026-06-12 00:00:00+00:00, run_after=2026-06-13 00:00:00+00:00
[2026-06-13T12:22:31.553+0000] {processor.py:183} INFO - Processing /home/airflow/.local/lib/python3.12/site-packages/airflow/example_dags/example_branch_labels.py took 0.100 seconds
[2026-06-13T12:23:01.726+0000] {processor.py:161} INFO - Started process (PID=544) to work on /home/airflow/.local/lib/python3.12/site-packages/airflow/example_dags/example_branch_labels.py
[2026-06-13T12:23:01.730+0000] {processor.py:830} INFO - Processing file /home/airflow/.local/lib/python3.12/site-packages/airflow/example_dags/example_branch_labels.py for tasks to queue
[2026-06-13T12:23:01.732+0000] {logging_mixin.py:188} INFO - [2026-06-13T12:23:01.732+0000] {dagbag.py:545} INFO - Filling up the DagBag from /home/airflow/.local/lib/python3.12/site-packages/airflow/example_dags/example_branch_labels.py
[2026-06-13T12:23:01.740+0000] {processor.py:840} INFO - DAG(s) 'example_branch_labels' retrieved from /home/airflow/.local/lib/python3.12/site-packages/airflow/example_dags/example_branch_labels.py
[2026-06-13T12:23:01.768+0000] {logging_mixin.py:188} INFO - [2026-06-13T12:23:01.768+0000] {dag.py:3096} INFO - Sync 1 DAGs
[2026-06-13T12:23:01.796+0000] {logging_mixin.py:188} INFO - [2026-06-13T12:23:01.795+0000] {dag.py:3954} INFO - Setting next_dagrun for example_branch_labels to 2026-06-12 00:00:00+00:00, run_after=2026-06-13 00:00:00+00:00
[2026-06-13T12:23:01.822+0000] {processor.py:183} INFO - Processing /home/airflow/.local/lib/python3.12/site-packages/airflow/example_dags/example_branch_labels.py took 0.101 seconds
[2026-06-13T12:26:03.430+0000] {processor.py:161} INFO - Started process (PID=604) to work on /home/airflow/.local/lib/python3.12/site-packages/airflow/example_dags/example_branch_labels.py
[2026-06-13T12:26:03.432+0000] {processor.py:830} INFO - Processing file /home/airflow/.local/lib/python3.12/site-packages/airflow/example_dags/example_branch_labels.py for tasks to queue
[2026-06-13T12:26:03.434+0000] {logging_mixin.py:188} INFO - [2026-06-13T12:26:03.434+0000] {dagbag.py:545} INFO - Filling up the DagBag from /home/airflow/.local/lib/python3.12/site-packages/airflow/example_dags/example_branch_labels.py
[2026-06-13T12:26:03.443+0000] {processor.py:840} INFO - DAG(s) 'example_branch_labels' retrieved from /home/airflow/.local/lib/python3.12/site-packages/airflow/example_dags/example_branch_labels.py
[2026-06-13T12:26:03.469+0000] {logging_mixin.py:188} INFO - [2026-06-13T12:26:03.469+0000] {dag.py:3096} INFO - Sync 1 DAGs
[2026-06-13T12:26:03.495+0000] {logging_mixin.py:188} INFO - [2026-06-13T12:26:03.495+0000] {dag.py:3954} INFO - Setting next_dagrun for example_branch_labels to 2026-06-12 00:00:00+00:00, run_after=2026-06-13 00:00:00+00:00
[2026-06-13T12:26:03.518+0000] {processor.py:183} INFO - Processing /home/airflow/.local/lib/python3.12/site-packages/airflow/example_dags/example_branch_labels.py took 0.094 seconds
[2026-06-13T12:26:34.618+0000] {processor.py:161} INFO - Started process (PID=663) to work on /home/airflow/.local/lib/python3.12/site-packages/airflow/example_dags/example_branch_labels.py
[2026-06-13T12:26:34.620+0000] {processor.py:830} INFO - Processing file /home/airflow/.local/lib/python3.12/site-packages/airflow/example_dags/example_branch_labels.py for tasks to queue
[2026-06-13T12:26:34.623+0000] {logging_mixin.py:188} INFO - [2026-06-13T12:26:34.622+0000] {dagbag.py:545} INFO - Filling up the DagBag from /home/airflow/.local/lib/python3.12/site-packages/airflow/example_dags/example_branch_labels.py
[2026-06-13T12:26:34.632+0000] {processor.py:840} INFO - DAG(s) 'example_branch_labels' retrieved from /home/airflow/.local/lib/python3.12/site-packages/airflow/example_dags/example_branch_labels.py
[2026-06-13T12:26:34.660+0000] {logging_mixin.py:188} INFO - [2026-06-13T12:26:34.659+0000] {dag.py:3096} INFO - Sync 1 DAGs
[2026-06-13T12:26:34.687+0000] {logging_mixin.py:188} INFO - [2026-06-13T12:26:34.687+0000] {dag.py:3954} INFO - Setting next_dagrun for example_branch_labels to 2026-06-12 00:00:00+00:00, run_after=2026-06-13 00:00:00+00:00
[2026-06-13T12:26:34.714+0000] {processor.py:183} INFO - Processing /home/airflow/.local/lib/python3.12/site-packages/airflow/example_dags/example_branch_labels.py took 0.102 seconds
[2026-06-13T12:27:05.442+0000] {processor.py:161} INFO - Started process (PID=723) to work on /home/airflow/.local/lib/python3.12/site-packages/airflow/example_dags/example_branch_labels.py
[2026-06-13T12:27:05.444+0000] {processor.py:830} INFO - Processing file /home/airflow/.local/lib/python3.12/site-packages/airflow/example_dags/example_branch_labels.py for tasks to queue
[2026-06-13T12:27:05.447+0000] {logging_mixin.py:188} INFO - [2026-06-13T12:27:05.447+0000] {dagbag.py:545} INFO - Filling up the DagBag from /home/airflow/.local/lib/python3.12/site-packages/airflow/example_dags/example_branch_labels.py
[2026-06-13T12:27:05.456+0000] {processor.py:840} INFO - DAG(s) 'example_branch_labels' retrieved from /home/airflow/.local/lib/python3.12/site-packages/airflow/example_dags/example_branch_labels.py
[2026-06-13T12:27:05.484+0000] {logging_mixin.py:188} INFO - [2026-06-13T12:27:05.484+0000] {dag.py:3096} INFO - Sync 1 DAGs
[2026-06-13T12:27:05.512+0000] {logging_mixin.py:188} INFO - [2026-06-13T12:27:05.512+0000] {dag.py:3954} INFO - Setting next_dagrun for example_branch_labels to 2026-06-12 00:00:00+00:00, run_after=2026-06-13 00:00:00+00:00
[2026-06-13T12:27:05.540+0000] {processor.py:183} INFO - Processing /home/airflow/.local/lib/python3.12/site-packages/airflow/example_dags/example_branch_labels.py took 0.103 seconds
[2026-06-13T12:27:35.943+0000] {processor.py:161} INFO - Started process (PID=782) to work on /home/airflow/.local/lib/python3.12/site-packages/airflow/example_dags/example_branch_labels.py
[2026-06-13T12:27:35.945+0000] {processor.py:830} INFO - Processing file /home/airflow/.local/lib/python3.12/site-packages/airflow/example_dags/example_branch_labels.py for tasks to queue
[2026-06-13T12:27:35.948+0000] {logging_mixin.py:188} INFO - [2026-06-13T12:27:35.947+0000] {dagbag.py:545} INFO - Filling up the DagBag from /home/airflow/.local/lib/python3.12/site-packages/airflow/example_dags/example_branch_labels.py
[2026-06-13T12:27:35.957+0000] {processor.py:840} INFO - DAG(s) 'example_branch_labels' retrieved from /home/airflow/.local/lib/python3.12/site-packages/airflow/example_dags/example_branch_labels.py
[2026-06-13T12:27:35.984+0000] {logging_mixin.py:188} INFO - [2026-06-13T12:27:35.984+0000] {dag.py:3096} INFO - Sync 1 DAGs
[2026-06-13T12:27:36.014+0000] {logging_mixin.py:188} INFO - [2026-06-13T12:27:36.014+0000] {dag.py:3954} INFO - Setting next_dagrun for example_branch_labels to 2026-06-12 00:00:00+00:00, run_after=2026-06-13 00:00:00+00:00
[2026-06-13T12:27:36.041+0000] {processor.py:183} INFO - Processing /home/airflow/.local/lib/python3.12/site-packages/airflow/example_dags/example_branch_labels.py took 0.104 seconds
[2026-06-13T12:28:06.395+0000] {processor.py:161} INFO - Started process (PID=841) to work on /home/airflow/.local/lib/python3.12/site-packages/airflow/example_dags/example_branch_labels.py
[2026-06-13T12:28:06.396+0000] {processor.py:830} INFO - Processing file /home/airflow/.local/lib/python3.12/site-packages/airflow/example_dags/example_branch_labels.py for tasks to queue
[2026-06-13T12:28:06.399+0000] {logging_mixin.py:188} INFO - [2026-06-13T12:28:06.399+0000] {dagbag.py:545} INFO - Filling up the DagBag from /home/airflow/.local/lib/python3.12/site-packages/airflow/example_dags/example_branch_labels.py
[2026-06-13T12:28:06.408+0000] {processor.py:840} INFO - DAG(s) 'example_branch_labels' retrieved from /home/airflow/.local/lib/python3.12/site-packages/airflow/example_dags/example_branch_labels.py
[2026-06-13T12:28:06.436+0000] {logging_mixin.py:188} INFO - [2026-06-13T12:28:06.436+0000] {dag.py:3096} INFO - Sync 1 DAGs
[2026-06-13T12:28:06.462+0000] {logging_mixin.py:188} INFO - [2026-06-13T12:28:06.462+0000] {dag.py:3954} INFO - Setting next_dagrun for example_branch_labels to 2026-06-12 00:00:00+00:00, run_after=2026-06-13 00:00:00+00:00
[2026-06-13T12:28:06.489+0000] {processor.py:183} INFO - Processing /home/airflow/.local/lib/python3.12/site-packages/airflow/example_dags/example_branch_labels.py took 0.101 seconds
[2026-06-13T12:28:36.779+0000] {processor.py:161} INFO - Started process (PID=900) to work on /home/airflow/.local/lib/python3.12/site-packages/airflow/example_dags/example_branch_labels.py
[2026-06-13T12:28:36.781+0000] {processor.py:830} INFO - Processing file /home/airflow/.local/lib/python3.12/site-packages/airflow/example_dags/example_branch_labels.py for tasks to queue
[2026-06-13T12:28:36.784+0000] {logging_mixin.py:188} INFO - [2026-06-13T12:28:36.784+0000] {dagbag.py:545} INFO - Filling up the DagBag from /home/airflow/.local/lib/python3.12/site-packages/airflow/example_dags/example_branch_labels.py
[2026-06-13T12:28:36.794+0000] {processor.py:840} INFO - DAG(s) 'example_branch_labels' retrieved from /home/airflow/.local/lib/python3.12/site-packages/airflow/example_dags/example_branch_labels.py
[2026-06-13T12:28:36.824+0000] {logging_mixin.py:188} INFO - [2026-06-13T12:28:36.824+0000] {dag.py:3096} INFO - Sync 1 DAGs
[2026-06-13T12:28:36.853+0000] {logging_mixin.py:188} INFO - [2026-06-13T12:28:36.852+0000] {dag.py:3954} INFO - Setting next_dagrun for example_branch_labels to 2026-06-12 00:00:00+00:00, run_after=2026-06-13 00:00:00+00:00
[2026-06-13T12:28:36.879+0000] {processor.py:183} INFO - Processing /home/airflow/.local/lib/python3.12/site-packages/airflow/example_dags/example_branch_labels.py took 0.106 seconds
[2026-06-13T12:29:07.172+0000] {processor.py:161} INFO - Started process (PID=960) to work on /home/airflow/.local/lib/python3.12/site-packages/airflow/example_dags/example_branch_labels.py
[2026-06-13T12:29:07.173+0000] {processor.py:830} INFO - Processing file /home/airflow/.local/lib/python3.12/site-packages/airflow/example_dags/example_branch_labels.py for tasks to queue
[2026-06-13T12:29:07.176+0000] {logging_mixin.py:188} INFO - [2026-06-13T12:29:07.175+0000] {dagbag.py:545} INFO - Filling up the DagBag from /home/airflow/.local/lib/python3.12/site-packages/airflow/example_dags/example_branch_labels.py
[2026-06-13T12:29:07.184+0000] {processor.py:840} INFO - DAG(s) 'example_branch_labels' retrieved from /home/airflow/.local/lib/python3.12/site-packages/airflow/example_dags/example_branch_labels.py
[2026-06-13T12:29:07.212+0000] {logging_mixin.py:188} INFO - [2026-06-13T12:29:07.212+0000] {dag.py:3096} INFO - Sync 1 DAGs
[2026-06-13T12:29:07.237+0000] {logging_mixin.py:188} INFO - [2026-06-13T12:29:07.237+0000] {dag.py:3954} INFO - Setting next_dagrun for example_branch_labels to 2026-06-12 00:00:00+00:00, run_after=2026-06-13 00:00:00+00:00
[2026-06-13T12:29:07.264+0000] {processor.py:183} INFO - Processing /home/airflow/.local/lib/python3.12/site-packages/airflow/example_dags/example_branch_labels.py took 0.099 seconds
[2026-06-13T12:29:37.645+0000] {processor.py:161} INFO - Started process (PID=1020) to work on /home/airflow/.local/lib/python3.12/site-packages/airflow/example_dags/example_branch_labels.py
[2026-06-13T12:29:37.647+0000] {processor.py:830} INFO - Processing file /home/airflow/.local/lib/python3.12/site-packages/airflow/example_dags/example_branch_labels.py for tasks to queue
[2026-06-13T12:29:37.649+0000] {logging_mixin.py:188} INFO - [2026-06-13T12:29:37.649+0000] {dagbag.py:545} INFO - Filling up the DagBag from /home/airflow/.local/lib/python3.12/site-packages/airflow/example_dags/example_branch_labels.py
[2026-06-13T12:29:37.659+0000] {processor.py:840} INFO - DAG(s) 'example_branch_labels' retrieved from /home/airflow/.local/lib/python3.12/site-packages/airflow/example_dags/example_branch_labels.py
[2026-06-13T12:29:37.687+0000] {logging_mixin.py:188} INFO - [2026-06-13T12:29:37.686+0000] {dag.py:3096} INFO - Sync 1 DAGs
[2026-06-13T12:29:37.712+0000] {logging_mixin.py:188} INFO - [2026-06-13T12:29:37.712+0000] {dag.py:3954} INFO - Setting next_dagrun for example_branch_labels to 2026-06-12 00:00:00+00:00, run_after=2026-06-13 00:00:00+00:00
[2026-06-13T12:29:37.736+0000] {processor.py:183} INFO - Processing /home/airflow/.local/lib/python3.12/site-packages/airflow/example_dags/example_branch_labels.py took 0.097 seconds
[2026-06-13T12:30:08.807+0000] {processor.py:161} INFO - Started process (PID=1085) to work on /home/airflow/.local/lib/python3.12/site-packages/airflow/example_dags/example_branch_labels.py
[2026-06-13T12:30:08.808+0000] {processor.py:830} INFO - Processing file /home/airflow/.local/lib/python3.12/site-packages/airflow/example_dags/example_branch_labels.py for tasks to queue
[2026-06-13T12:30:08.812+0000] {logging_mixin.py:188} INFO - [2026-06-13T12:30:08.811+0000] {dagbag.py:545} INFO - Filling up the DagBag from /home/airflow/.local/lib/python3.12/site-packages/airflow/example_dags/example_branch_labels.py
[2026-06-13T12:30:08.820+0000] {processor.py:840} INFO - DAG(s) 'example_branch_labels' retrieved from /home/airflow/.local/lib/python3.12/site-packages/airflow/example_dags/example_branch_labels.py
[2026-06-13T12:30:08.849+0000] {logging_mixin.py:188} INFO - [2026-06-13T12:30:08.849+0000] {dag.py:3096} INFO - Sync 1 DAGs
[2026-06-13T12:30:08.876+0000] {logging_mixin.py:188} INFO - [2026-06-13T12:30:08.876+0000] {dag.py:3954} INFO - Setting next_dagrun for example_branch_labels to 2026-06-12 00:00:00+00:00, run_after=2026-06-13 00:00:00+00:00
[2026-06-13T12:30:08.904+0000] {processor.py:183} INFO - Processing /home/airflow/.local/lib/python3.12/site-packages/airflow/example_dags/example_branch_labels.py took 0.103 seconds
[2026-06-13T12:30:39.500+0000] {processor.py:161} INFO - Started process (PID=1144) to work on /home/airflow/.local/lib/python3.12/site-packages/airflow/example_dags/example_branch_labels.py
[2026-06-13T12:30:39.501+0000] {processor.py:830} INFO - Processing file /home/airflow/.local/lib/python3.12/site-packages/airflow/example_dags/example_branch_labels.py for tasks to queue
[2026-06-13T12:30:39.504+0000] {logging_mixin.py:188} INFO - [2026-06-13T12:30:39.503+0000] {dagbag.py:545} INFO - Filling up the DagBag from /home/airflow/.local/lib/python3.12/site-packages/airflow/example_dags/example_branch_labels.py
[2026-06-13T12:30:39.513+0000] {processor.py:840} INFO - DAG(s) 'example_branch_labels' retrieved from /home/airflow/.local/lib/python3.12/site-packages/airflow/example_dags/example_branch_labels.py
[2026-06-13T12:30:39.542+0000] {logging_mixin.py:188} INFO - [2026-06-13T12:30:39.542+0000] {dag.py:3096} INFO - Sync 1 DAGs
[2026-06-13T12:30:39.570+0000] {logging_mixin.py:188} INFO - [2026-06-13T12:30:39.569+0000] {dag.py:3954} INFO - Setting next_dagrun for example_branch_labels to 2026-06-12 00:00:00+00:00, run_after=2026-06-13 00:00:00+00:00
[2026-06-13T12:30:39.595+0000] {processor.py:183} INFO - Processing /home/airflow/.local/lib/python3.12/site-packages/airflow/example_dags/example_branch_labels.py took 0.102 seconds
[2026-06-13T12:31:09.846+0000] {processor.py:161} INFO - Started process (PID=1203) to work on /home/airflow/.local/lib/python3.12/site-packages/airflow/example_dags/example_branch_labels.py
[2026-06-13T12:31:09.848+0000] {processor.py:830} INFO - Processing file /home/airflow/.local/lib/python3.12/site-packages/airflow/example_dags/example_branch_labels.py for tasks to queue
[2026-06-13T12:31:09.852+0000] {logging_mixin.py:188} INFO - [2026-06-13T12:31:09.851+0000] {dagbag.py:545} INFO - Filling up the DagBag from /home/airflow/.local/lib/python3.12/site-packages/airflow/example_dags/example_branch_labels.py
[2026-06-13T12:31:09.868+0000] {processor.py:840} INFO - DAG(s) 'example_branch_labels' retrieved from /home/airflow/.local/lib/python3.12/site-packages/airflow/example_dags/example_branch_labels.py
[2026-06-13T12:31:09.919+0000] {logging_mixin.py:188} INFO - [2026-06-13T12:31:09.918+0000] {dag.py:3096} INFO - Sync 1 DAGs
[2026-06-13T12:31:09.965+0000] {logging_mixin.py:188} INFO - [2026-06-13T12:31:09.965+0000] {dag.py:3954} INFO - Setting next_dagrun for example_branch_labels to 2026-06-12 00:00:00+00:00, run_after=2026-06-13 00:00:00+00:00
[2026-06-13T12:31:10.014+0000] {processor.py:183} INFO - Processing /home/airflow/.local/lib/python3.12/site-packages/airflow/example_dags/example_branch_labels.py took 0.177 seconds
[2026-06-13T16:08:00.191+0000] {processor.py:161} INFO - Started process (PID=1262) to work on /home/airflow/.local/lib/python3.12/site-packages/airflow/example_dags/example_branch_labels.py
[2026-06-13T16:08:00.194+0000] {processor.py:830} INFO - Processing file /home/airflow/.local/lib/python3.12/site-packages/airflow/example_dags/example_branch_labels.py for tasks to queue
[2026-06-13T16:08:00.199+0000] {logging_mixin.py:188} INFO - [2026-06-13T16:08:00.198+0000] {dagbag.py:545} INFO - Filling up the DagBag from /home/airflow/.local/lib/python3.12/site-packages/airflow/example_dags/example_branch_labels.py
[2026-06-13T16:08:00.222+0000] {processor.py:840} INFO - DAG(s) 'example_branch_labels' retrieved from /home/airflow/.local/lib/python3.12/site-packages/airflow/example_dags/example_branch_labels.py
[2026-06-13T16:08:00.293+0000] {logging_mixin.py:188} INFO - [2026-06-13T16:08:00.292+0000] {dag.py:3096} INFO - Sync 1 DAGs
[2026-06-13T16:08:00.363+0000] {logging_mixin.py:188} INFO - [2026-06-13T16:08:00.362+0000] {dag.py:3954} INFO - Setting next_dagrun for example_branch_labels to 2026-06-12 00:00:00+00:00, run_after=2026-06-13 00:00:00+00:00
[2026-06-13T16:08:00.429+0000] {processor.py:183} INFO - Processing /home/airflow/.local/lib/python3.12/site-packages/airflow/example_dags/example_branch_labels.py took 0.256 seconds
[2026-06-13T16:08:31.338+0000] {processor.py:161} INFO - Started process (PID=1315) to work on /home/airflow/.local/lib/python3.12/site-packages/airflow/example_dags/example_branch_labels.py
[2026-06-13T16:08:31.343+0000] {processor.py:830} INFO - Processing file /home/airflow/.local/lib/python3.12/site-packages/airflow/example_dags/example_branch_labels.py for tasks to queue
[2026-06-13T16:08:31.354+0000] {logging_mixin.py:188} INFO - [2026-06-13T16:08:31.352+0000] {dagbag.py:545} INFO - Filling up the DagBag from /home/airflow/.local/lib/python3.12/site-packages/airflow/example_dags/example_branch_labels.py
[2026-06-13T16:08:31.391+0000] {processor.py:840} INFO - DAG(s) 'example_branch_labels' retrieved from /home/airflow/.local/lib/python3.12/site-packages/airflow/example_dags/example_branch_labels.py
[2026-06-13T16:08:31.510+0000] {logging_mixin.py:188} INFO - [2026-06-13T16:08:31.509+0000] {dag.py:3096} INFO - Sync 1 DAGs
[2026-06-13T16:08:31.610+0000] {logging_mixin.py:188} INFO - [2026-06-13T16:08:31.610+0000] {dag.py:3954} INFO - Setting next_dagrun for example_branch_labels to 2026-06-12 00:00:00+00:00, run_after=2026-06-13 00:00:00+00:00
[2026-06-13T16:08:31.680+0000] {processor.py:183} INFO - Processing /home/airflow/.local/lib/python3.12/site-packages/airflow/example_dags/example_branch_labels.py took 0.365 seconds
