[2026-06-13T10:42:20.962+0000] {processor.py:161} INFO - Started process (PID=98) to work on /home/airflow/.local/lib/python3.12/site-packages/airflow/example_dags/example_python_decorator.py
[2026-06-13T10:42:20.964+0000] {processor.py:830} INFO - Processing file /home/airflow/.local/lib/python3.12/site-packages/airflow/example_dags/example_python_decorator.py for tasks to queue
[2026-06-13T10:42:20.967+0000] {logging_mixin.py:188} INFO - [2026-06-13T10:42:20.967+0000] {dagbag.py:545} INFO - Filling up the DagBag from /home/airflow/.local/lib/python3.12/site-packages/airflow/example_dags/example_python_decorator.py
[2026-06-13T10:42:20.989+0000] {processor.py:840} INFO - DAG(s) 'example_python_decorator' retrieved from /home/airflow/.local/lib/python3.12/site-packages/airflow/example_dags/example_python_decorator.py
[2026-06-13T10:42:21.143+0000] {logging_mixin.py:188} INFO - [2026-06-13T10:42:21.142+0000] {dag.py:3096} INFO - Sync 1 DAGs
[2026-06-13T10:42:21.157+0000] {logging_mixin.py:188} INFO - [2026-06-13T10:42:21.157+0000] {dag.py:3954} INFO - Setting next_dagrun for example_python_decorator to None, run_after=None
[2026-06-13T10:42:21.193+0000] {processor.py:183} INFO - Processing /home/airflow/.local/lib/python3.12/site-packages/airflow/example_dags/example_python_decorator.py took 0.238 seconds
[2026-06-13T10:42:51.765+0000] {processor.py:161} INFO - Started process (PID=156) to work on /home/airflow/.local/lib/python3.12/site-packages/airflow/example_dags/example_python_decorator.py
[2026-06-13T10:42:51.766+0000] {processor.py:830} INFO - Processing file /home/airflow/.local/lib/python3.12/site-packages/airflow/example_dags/example_python_decorator.py for tasks to queue
[2026-06-13T10:42:51.768+0000] {logging_mixin.py:188} INFO - [2026-06-13T10:42:51.768+0000] {dagbag.py:545} INFO - Filling up the DagBag from /home/airflow/.local/lib/python3.12/site-packages/airflow/example_dags/example_python_decorator.py
[2026-06-13T10:42:51.782+0000] {processor.py:840} INFO - DAG(s) 'example_python_decorator' retrieved from /home/airflow/.local/lib/python3.12/site-packages/airflow/example_dags/example_python_decorator.py
[2026-06-13T10:42:51.809+0000] {logging_mixin.py:188} INFO - [2026-06-13T10:42:51.808+0000] {dag.py:3096} INFO - Sync 1 DAGs
[2026-06-13T10:42:51.822+0000] {logging_mixin.py:188} INFO - [2026-06-13T10:42:51.822+0000] {dag.py:3954} INFO - Setting next_dagrun for example_python_decorator to None, run_after=None
[2026-06-13T10:42:51.848+0000] {processor.py:183} INFO - Processing /home/airflow/.local/lib/python3.12/site-packages/airflow/example_dags/example_python_decorator.py took 0.089 seconds
[2026-06-13T10:43:22.347+0000] {processor.py:161} INFO - Started process (PID=214) to work on /home/airflow/.local/lib/python3.12/site-packages/airflow/example_dags/example_python_decorator.py
[2026-06-13T10:43:22.348+0000] {processor.py:830} INFO - Processing file /home/airflow/.local/lib/python3.12/site-packages/airflow/example_dags/example_python_decorator.py for tasks to queue
[2026-06-13T10:43:22.351+0000] {logging_mixin.py:188} INFO - [2026-06-13T10:43:22.351+0000] {dagbag.py:545} INFO - Filling up the DagBag from /home/airflow/.local/lib/python3.12/site-packages/airflow/example_dags/example_python_decorator.py
[2026-06-13T10:43:22.367+0000] {processor.py:840} INFO - DAG(s) 'example_python_decorator' retrieved from /home/airflow/.local/lib/python3.12/site-packages/airflow/example_dags/example_python_decorator.py
[2026-06-13T10:43:22.400+0000] {logging_mixin.py:188} INFO - [2026-06-13T10:43:22.399+0000] {dag.py:3096} INFO - Sync 1 DAGs
[2026-06-13T10:43:22.419+0000] {logging_mixin.py:188} INFO - [2026-06-13T10:43:22.418+0000] {dag.py:3954} INFO - Setting next_dagrun for example_python_decorator to None, run_after=None
[2026-06-13T10:43:22.450+0000] {processor.py:183} INFO - Processing /home/airflow/.local/lib/python3.12/site-packages/airflow/example_dags/example_python_decorator.py took 0.110 seconds
[2026-06-13T10:43:52.676+0000] {processor.py:161} INFO - Started process (PID=272) to work on /home/airflow/.local/lib/python3.12/site-packages/airflow/example_dags/example_python_decorator.py
[2026-06-13T10:43:52.678+0000] {processor.py:830} INFO - Processing file /home/airflow/.local/lib/python3.12/site-packages/airflow/example_dags/example_python_decorator.py for tasks to queue
[2026-06-13T10:43:52.681+0000] {logging_mixin.py:188} INFO - [2026-06-13T10:43:52.681+0000] {dagbag.py:545} INFO - Filling up the DagBag from /home/airflow/.local/lib/python3.12/site-packages/airflow/example_dags/example_python_decorator.py
[2026-06-13T10:43:52.695+0000] {processor.py:840} INFO - DAG(s) 'example_python_decorator' retrieved from /home/airflow/.local/lib/python3.12/site-packages/airflow/example_dags/example_python_decorator.py
[2026-06-13T10:43:52.724+0000] {logging_mixin.py:188} INFO - [2026-06-13T10:43:52.724+0000] {dag.py:3096} INFO - Sync 1 DAGs
[2026-06-13T10:43:52.738+0000] {logging_mixin.py:188} INFO - [2026-06-13T10:43:52.738+0000] {dag.py:3954} INFO - Setting next_dagrun for example_python_decorator to None, run_after=None
[2026-06-13T10:43:52.767+0000] {processor.py:183} INFO - Processing /home/airflow/.local/lib/python3.12/site-packages/airflow/example_dags/example_python_decorator.py took 0.097 seconds
[2026-06-13T10:44:23.124+0000] {processor.py:161} INFO - Started process (PID=330) to work on /home/airflow/.local/lib/python3.12/site-packages/airflow/example_dags/example_python_decorator.py
[2026-06-13T10:44:23.126+0000] {processor.py:830} INFO - Processing file /home/airflow/.local/lib/python3.12/site-packages/airflow/example_dags/example_python_decorator.py for tasks to queue
[2026-06-13T10:44:23.129+0000] {logging_mixin.py:188} INFO - [2026-06-13T10:44:23.128+0000] {dagbag.py:545} INFO - Filling up the DagBag from /home/airflow/.local/lib/python3.12/site-packages/airflow/example_dags/example_python_decorator.py
[2026-06-13T10:44:23.143+0000] {processor.py:840} INFO - DAG(s) 'example_python_decorator' retrieved from /home/airflow/.local/lib/python3.12/site-packages/airflow/example_dags/example_python_decorator.py
[2026-06-13T10:44:23.172+0000] {logging_mixin.py:188} INFO - [2026-06-13T10:44:23.172+0000] {dag.py:3096} INFO - Sync 1 DAGs
[2026-06-13T10:44:23.186+0000] {logging_mixin.py:188} INFO - [2026-06-13T10:44:23.186+0000] {dag.py:3954} INFO - Setting next_dagrun for example_python_decorator to None, run_after=None
[2026-06-13T10:44:23.212+0000] {processor.py:183} INFO - Processing /home/airflow/.local/lib/python3.12/site-packages/airflow/example_dags/example_python_decorator.py took 0.094 seconds
[2026-06-13T10:44:53.648+0000] {processor.py:161} INFO - Started process (PID=388) to work on /home/airflow/.local/lib/python3.12/site-packages/airflow/example_dags/example_python_decorator.py
[2026-06-13T10:44:53.649+0000] {processor.py:830} INFO - Processing file /home/airflow/.local/lib/python3.12/site-packages/airflow/example_dags/example_python_decorator.py for tasks to queue
[2026-06-13T10:44:53.652+0000] {logging_mixin.py:188} INFO - [2026-06-13T10:44:53.651+0000] {dagbag.py:545} INFO - Filling up the DagBag from /home/airflow/.local/lib/python3.12/site-packages/airflow/example_dags/example_python_decorator.py
[2026-06-13T10:44:53.666+0000] {processor.py:840} INFO - DAG(s) 'example_python_decorator' retrieved from /home/airflow/.local/lib/python3.12/site-packages/airflow/example_dags/example_python_decorator.py
[2026-06-13T10:44:53.697+0000] {logging_mixin.py:188} INFO - [2026-06-13T10:44:53.697+0000] {dag.py:3096} INFO - Sync 1 DAGs
[2026-06-13T10:44:53.717+0000] {logging_mixin.py:188} INFO - [2026-06-13T10:44:53.717+0000] {dag.py:3954} INFO - Setting next_dagrun for example_python_decorator to None, run_after=None
[2026-06-13T10:44:53.747+0000] {processor.py:183} INFO - Processing /home/airflow/.local/lib/python3.12/site-packages/airflow/example_dags/example_python_decorator.py took 0.107 seconds
[2026-06-13T10:45:24.157+0000] {processor.py:161} INFO - Started process (PID=446) to work on /home/airflow/.local/lib/python3.12/site-packages/airflow/example_dags/example_python_decorator.py
[2026-06-13T10:45:24.159+0000] {processor.py:830} INFO - Processing file /home/airflow/.local/lib/python3.12/site-packages/airflow/example_dags/example_python_decorator.py for tasks to queue
[2026-06-13T10:45:24.162+0000] {logging_mixin.py:188} INFO - [2026-06-13T10:45:24.161+0000] {dagbag.py:545} INFO - Filling up the DagBag from /home/airflow/.local/lib/python3.12/site-packages/airflow/example_dags/example_python_decorator.py
[2026-06-13T10:45:24.174+0000] {processor.py:840} INFO - DAG(s) 'example_python_decorator' retrieved from /home/airflow/.local/lib/python3.12/site-packages/airflow/example_dags/example_python_decorator.py
[2026-06-13T10:45:24.202+0000] {logging_mixin.py:188} INFO - [2026-06-13T10:45:24.201+0000] {dag.py:3096} INFO - Sync 1 DAGs
[2026-06-13T10:45:24.215+0000] {logging_mixin.py:188} INFO - [2026-06-13T10:45:24.214+0000] {dag.py:3954} INFO - Setting next_dagrun for example_python_decorator to None, run_after=None
[2026-06-13T10:45:24.240+0000] {processor.py:183} INFO - Processing /home/airflow/.local/lib/python3.12/site-packages/airflow/example_dags/example_python_decorator.py took 0.089 seconds
[2026-06-13T10:45:55.003+0000] {processor.py:161} INFO - Started process (PID=504) to work on /home/airflow/.local/lib/python3.12/site-packages/airflow/example_dags/example_python_decorator.py
[2026-06-13T10:45:55.005+0000] {processor.py:830} INFO - Processing file /home/airflow/.local/lib/python3.12/site-packages/airflow/example_dags/example_python_decorator.py for tasks to queue
[2026-06-13T10:45:55.008+0000] {logging_mixin.py:188} INFO - [2026-06-13T10:45:55.008+0000] {dagbag.py:545} INFO - Filling up the DagBag from /home/airflow/.local/lib/python3.12/site-packages/airflow/example_dags/example_python_decorator.py
[2026-06-13T10:45:55.023+0000] {processor.py:840} INFO - DAG(s) 'example_python_decorator' retrieved from /home/airflow/.local/lib/python3.12/site-packages/airflow/example_dags/example_python_decorator.py
[2026-06-13T10:45:55.054+0000] {logging_mixin.py:188} INFO - [2026-06-13T10:45:55.054+0000] {dag.py:3096} INFO - Sync 1 DAGs
[2026-06-13T10:45:55.068+0000] {logging_mixin.py:188} INFO - [2026-06-13T10:45:55.068+0000] {dag.py:3954} INFO - Setting next_dagrun for example_python_decorator to None, run_after=None
[2026-06-13T10:45:55.095+0000] {processor.py:183} INFO - Processing /home/airflow/.local/lib/python3.12/site-packages/airflow/example_dags/example_python_decorator.py took 0.098 seconds
[2026-06-13T10:46:25.246+0000] {processor.py:161} INFO - Started process (PID=562) to work on /home/airflow/.local/lib/python3.12/site-packages/airflow/example_dags/example_python_decorator.py
[2026-06-13T10:46:25.248+0000] {processor.py:830} INFO - Processing file /home/airflow/.local/lib/python3.12/site-packages/airflow/example_dags/example_python_decorator.py for tasks to queue
[2026-06-13T10:46:25.252+0000] {logging_mixin.py:188} INFO - [2026-06-13T10:46:25.251+0000] {dagbag.py:545} INFO - Filling up the DagBag from /home/airflow/.local/lib/python3.12/site-packages/airflow/example_dags/example_python_decorator.py
[2026-06-13T10:46:25.267+0000] {processor.py:840} INFO - DAG(s) 'example_python_decorator' retrieved from /home/airflow/.local/lib/python3.12/site-packages/airflow/example_dags/example_python_decorator.py
[2026-06-13T10:46:25.297+0000] {logging_mixin.py:188} INFO - [2026-06-13T10:46:25.297+0000] {dag.py:3096} INFO - Sync 1 DAGs
[2026-06-13T10:46:25.313+0000] {logging_mixin.py:188} INFO - [2026-06-13T10:46:25.313+0000] {dag.py:3954} INFO - Setting next_dagrun for example_python_decorator to None, run_after=None
[2026-06-13T10:46:25.342+0000] {processor.py:183} INFO - Processing /home/airflow/.local/lib/python3.12/site-packages/airflow/example_dags/example_python_decorator.py took 0.104 seconds
[2026-06-13T10:46:55.444+0000] {processor.py:161} INFO - Started process (PID=620) to work on /home/airflow/.local/lib/python3.12/site-packages/airflow/example_dags/example_python_decorator.py
[2026-06-13T10:46:55.446+0000] {processor.py:830} INFO - Processing file /home/airflow/.local/lib/python3.12/site-packages/airflow/example_dags/example_python_decorator.py for tasks to queue
[2026-06-13T10:46:55.448+0000] {logging_mixin.py:188} INFO - [2026-06-13T10:46:55.448+0000] {dagbag.py:545} INFO - Filling up the DagBag from /home/airflow/.local/lib/python3.12/site-packages/airflow/example_dags/example_python_decorator.py
[2026-06-13T10:46:55.463+0000] {processor.py:840} INFO - DAG(s) 'example_python_decorator' retrieved from /home/airflow/.local/lib/python3.12/site-packages/airflow/example_dags/example_python_decorator.py
[2026-06-13T10:46:55.498+0000] {logging_mixin.py:188} INFO - [2026-06-13T10:46:55.498+0000] {dag.py:3096} INFO - Sync 1 DAGs
[2026-06-13T10:46:55.515+0000] {logging_mixin.py:188} INFO - [2026-06-13T10:46:55.514+0000] {dag.py:3954} INFO - Setting next_dagrun for example_python_decorator to None, run_after=None
[2026-06-13T10:46:55.543+0000] {processor.py:183} INFO - Processing /home/airflow/.local/lib/python3.12/site-packages/airflow/example_dags/example_python_decorator.py took 0.106 seconds
[2026-06-13T10:47:25.669+0000] {processor.py:161} INFO - Started process (PID=678) to work on /home/airflow/.local/lib/python3.12/site-packages/airflow/example_dags/example_python_decorator.py
[2026-06-13T10:47:25.671+0000] {processor.py:830} INFO - Processing file /home/airflow/.local/lib/python3.12/site-packages/airflow/example_dags/example_python_decorator.py for tasks to queue
[2026-06-13T10:47:25.674+0000] {logging_mixin.py:188} INFO - [2026-06-13T10:47:25.674+0000] {dagbag.py:545} INFO - Filling up the DagBag from /home/airflow/.local/lib/python3.12/site-packages/airflow/example_dags/example_python_decorator.py
[2026-06-13T10:47:25.697+0000] {processor.py:840} INFO - DAG(s) 'example_python_decorator' retrieved from /home/airflow/.local/lib/python3.12/site-packages/airflow/example_dags/example_python_decorator.py
[2026-06-13T10:47:25.742+0000] {logging_mixin.py:188} INFO - [2026-06-13T10:47:25.742+0000] {dag.py:3096} INFO - Sync 1 DAGs
[2026-06-13T10:47:25.762+0000] {logging_mixin.py:188} INFO - [2026-06-13T10:47:25.761+0000] {dag.py:3954} INFO - Setting next_dagrun for example_python_decorator to None, run_after=None
[2026-06-13T10:47:25.788+0000] {processor.py:183} INFO - Processing /home/airflow/.local/lib/python3.12/site-packages/airflow/example_dags/example_python_decorator.py took 0.131 seconds
[2026-06-13T10:47:55.937+0000] {processor.py:161} INFO - Started process (PID=736) to work on /home/airflow/.local/lib/python3.12/site-packages/airflow/example_dags/example_python_decorator.py
[2026-06-13T10:47:55.939+0000] {processor.py:830} INFO - Processing file /home/airflow/.local/lib/python3.12/site-packages/airflow/example_dags/example_python_decorator.py for tasks to queue
[2026-06-13T10:47:55.943+0000] {logging_mixin.py:188} INFO - [2026-06-13T10:47:55.942+0000] {dagbag.py:545} INFO - Filling up the DagBag from /home/airflow/.local/lib/python3.12/site-packages/airflow/example_dags/example_python_decorator.py
[2026-06-13T10:47:55.959+0000] {processor.py:840} INFO - DAG(s) 'example_python_decorator' retrieved from /home/airflow/.local/lib/python3.12/site-packages/airflow/example_dags/example_python_decorator.py
[2026-06-13T10:47:55.989+0000] {logging_mixin.py:188} INFO - [2026-06-13T10:47:55.988+0000] {dag.py:3096} INFO - Sync 1 DAGs
[2026-06-13T10:47:56.003+0000] {logging_mixin.py:188} INFO - [2026-06-13T10:47:56.003+0000] {dag.py:3954} INFO - Setting next_dagrun for example_python_decorator to None, run_after=None
[2026-06-13T10:47:56.029+0000] {processor.py:183} INFO - Processing /home/airflow/.local/lib/python3.12/site-packages/airflow/example_dags/example_python_decorator.py took 0.100 seconds
[2026-06-13T10:48:26.204+0000] {processor.py:161} INFO - Started process (PID=794) to work on /home/airflow/.local/lib/python3.12/site-packages/airflow/example_dags/example_python_decorator.py
[2026-06-13T10:48:26.206+0000] {processor.py:830} INFO - Processing file /home/airflow/.local/lib/python3.12/site-packages/airflow/example_dags/example_python_decorator.py for tasks to queue
[2026-06-13T10:48:26.210+0000] {logging_mixin.py:188} INFO - [2026-06-13T10:48:26.209+0000] {dagbag.py:545} INFO - Filling up the DagBag from /home/airflow/.local/lib/python3.12/site-packages/airflow/example_dags/example_python_decorator.py
[2026-06-13T10:48:26.223+0000] {processor.py:840} INFO - DAG(s) 'example_python_decorator' retrieved from /home/airflow/.local/lib/python3.12/site-packages/airflow/example_dags/example_python_decorator.py
[2026-06-13T10:48:26.253+0000] {logging_mixin.py:188} INFO - [2026-06-13T10:48:26.253+0000] {dag.py:3096} INFO - Sync 1 DAGs
[2026-06-13T10:48:26.267+0000] {logging_mixin.py:188} INFO - [2026-06-13T10:48:26.267+0000] {dag.py:3954} INFO - Setting next_dagrun for example_python_decorator to None, run_after=None
[2026-06-13T10:48:26.294+0000] {processor.py:183} INFO - Processing /home/airflow/.local/lib/python3.12/site-packages/airflow/example_dags/example_python_decorator.py took 0.096 seconds
[2026-06-13T10:48:56.413+0000] {processor.py:161} INFO - Started process (PID=852) to work on /home/airflow/.local/lib/python3.12/site-packages/airflow/example_dags/example_python_decorator.py
[2026-06-13T10:48:56.415+0000] {processor.py:830} INFO - Processing file /home/airflow/.local/lib/python3.12/site-packages/airflow/example_dags/example_python_decorator.py for tasks to queue
[2026-06-13T10:48:56.418+0000] {logging_mixin.py:188} INFO - [2026-06-13T10:48:56.418+0000] {dagbag.py:545} INFO - Filling up the DagBag from /home/airflow/.local/lib/python3.12/site-packages/airflow/example_dags/example_python_decorator.py
[2026-06-13T10:48:56.432+0000] {processor.py:840} INFO - DAG(s) 'example_python_decorator' retrieved from /home/airflow/.local/lib/python3.12/site-packages/airflow/example_dags/example_python_decorator.py
[2026-06-13T10:48:56.460+0000] {logging_mixin.py:188} INFO - [2026-06-13T10:48:56.459+0000] {dag.py:3096} INFO - Sync 1 DAGs
[2026-06-13T10:48:56.473+0000] {logging_mixin.py:188} INFO - [2026-06-13T10:48:56.473+0000] {dag.py:3954} INFO - Setting next_dagrun for example_python_decorator to None, run_after=None
[2026-06-13T10:48:56.496+0000] {processor.py:183} INFO - Processing /home/airflow/.local/lib/python3.12/site-packages/airflow/example_dags/example_python_decorator.py took 0.090 seconds
[2026-06-13T10:49:27.488+0000] {processor.py:161} INFO - Started process (PID=910) to work on /home/airflow/.local/lib/python3.12/site-packages/airflow/example_dags/example_python_decorator.py
[2026-06-13T10:49:27.489+0000] {processor.py:830} INFO - Processing file /home/airflow/.local/lib/python3.12/site-packages/airflow/example_dags/example_python_decorator.py for tasks to queue
[2026-06-13T10:49:27.492+0000] {logging_mixin.py:188} INFO - [2026-06-13T10:49:27.492+0000] {dagbag.py:545} INFO - Filling up the DagBag from /home/airflow/.local/lib/python3.12/site-packages/airflow/example_dags/example_python_decorator.py
[2026-06-13T10:49:27.505+0000] {processor.py:840} INFO - DAG(s) 'example_python_decorator' retrieved from /home/airflow/.local/lib/python3.12/site-packages/airflow/example_dags/example_python_decorator.py
[2026-06-13T10:49:27.534+0000] {logging_mixin.py:188} INFO - [2026-06-13T10:49:27.533+0000] {dag.py:3096} INFO - Sync 1 DAGs
[2026-06-13T10:49:27.547+0000] {logging_mixin.py:188} INFO - [2026-06-13T10:49:27.547+0000] {dag.py:3954} INFO - Setting next_dagrun for example_python_decorator to None, run_after=None
[2026-06-13T10:49:27.573+0000] {processor.py:183} INFO - Processing /home/airflow/.local/lib/python3.12/site-packages/airflow/example_dags/example_python_decorator.py took 0.092 seconds
[2026-06-13T10:49:57.965+0000] {processor.py:161} INFO - Started process (PID=969) to work on /home/airflow/.local/lib/python3.12/site-packages/airflow/example_dags/example_python_decorator.py
[2026-06-13T10:49:57.967+0000] {processor.py:830} INFO - Processing file /home/airflow/.local/lib/python3.12/site-packages/airflow/example_dags/example_python_decorator.py for tasks to queue
[2026-06-13T10:49:57.970+0000] {logging_mixin.py:188} INFO - [2026-06-13T10:49:57.969+0000] {dagbag.py:545} INFO - Filling up the DagBag from /home/airflow/.local/lib/python3.12/site-packages/airflow/example_dags/example_python_decorator.py
[2026-06-13T10:49:57.987+0000] {processor.py:840} INFO - DAG(s) 'example_python_decorator' retrieved from /home/airflow/.local/lib/python3.12/site-packages/airflow/example_dags/example_python_decorator.py
[2026-06-13T10:49:58.017+0000] {logging_mixin.py:188} INFO - [2026-06-13T10:49:58.016+0000] {dag.py:3096} INFO - Sync 1 DAGs
[2026-06-13T10:49:58.032+0000] {logging_mixin.py:188} INFO - [2026-06-13T10:49:58.032+0000] {dag.py:3954} INFO - Setting next_dagrun for example_python_decorator to None, run_after=None
[2026-06-13T10:49:58.060+0000] {processor.py:183} INFO - Processing /home/airflow/.local/lib/python3.12/site-packages/airflow/example_dags/example_python_decorator.py took 0.102 seconds
[2026-06-13T10:50:28.333+0000] {processor.py:161} INFO - Started process (PID=1027) to work on /home/airflow/.local/lib/python3.12/site-packages/airflow/example_dags/example_python_decorator.py
[2026-06-13T10:50:28.335+0000] {processor.py:830} INFO - Processing file /home/airflow/.local/lib/python3.12/site-packages/airflow/example_dags/example_python_decorator.py for tasks to queue
[2026-06-13T10:50:28.337+0000] {logging_mixin.py:188} INFO - [2026-06-13T10:50:28.337+0000] {dagbag.py:545} INFO - Filling up the DagBag from /home/airflow/.local/lib/python3.12/site-packages/airflow/example_dags/example_python_decorator.py
[2026-06-13T10:50:28.351+0000] {processor.py:840} INFO - DAG(s) 'example_python_decorator' retrieved from /home/airflow/.local/lib/python3.12/site-packages/airflow/example_dags/example_python_decorator.py
[2026-06-13T10:50:28.380+0000] {logging_mixin.py:188} INFO - [2026-06-13T10:50:28.380+0000] {dag.py:3096} INFO - Sync 1 DAGs
[2026-06-13T10:50:28.394+0000] {logging_mixin.py:188} INFO - [2026-06-13T10:50:28.394+0000] {dag.py:3954} INFO - Setting next_dagrun for example_python_decorator to None, run_after=None
[2026-06-13T10:50:28.421+0000] {processor.py:183} INFO - Processing /home/airflow/.local/lib/python3.12/site-packages/airflow/example_dags/example_python_decorator.py took 0.094 seconds
[2026-06-13T10:50:58.661+0000] {processor.py:161} INFO - Started process (PID=1085) to work on /home/airflow/.local/lib/python3.12/site-packages/airflow/example_dags/example_python_decorator.py
[2026-06-13T10:50:58.663+0000] {processor.py:830} INFO - Processing file /home/airflow/.local/lib/python3.12/site-packages/airflow/example_dags/example_python_decorator.py for tasks to queue
[2026-06-13T10:50:58.665+0000] {logging_mixin.py:188} INFO - [2026-06-13T10:50:58.665+0000] {dagbag.py:545} INFO - Filling up the DagBag from /home/airflow/.local/lib/python3.12/site-packages/airflow/example_dags/example_python_decorator.py
[2026-06-13T10:50:58.679+0000] {processor.py:840} INFO - DAG(s) 'example_python_decorator' retrieved from /home/airflow/.local/lib/python3.12/site-packages/airflow/example_dags/example_python_decorator.py
[2026-06-13T10:50:58.706+0000] {logging_mixin.py:188} INFO - [2026-06-13T10:50:58.706+0000] {dag.py:3096} INFO - Sync 1 DAGs
[2026-06-13T10:50:58.721+0000] {logging_mixin.py:188} INFO - [2026-06-13T10:50:58.721+0000] {dag.py:3954} INFO - Setting next_dagrun for example_python_decorator to None, run_after=None
[2026-06-13T10:50:58.750+0000] {processor.py:183} INFO - Processing /home/airflow/.local/lib/python3.12/site-packages/airflow/example_dags/example_python_decorator.py took 0.096 seconds
[2026-06-13T10:51:29.444+0000] {processor.py:161} INFO - Started process (PID=1143) to work on /home/airflow/.local/lib/python3.12/site-packages/airflow/example_dags/example_python_decorator.py
[2026-06-13T10:51:29.446+0000] {processor.py:830} INFO - Processing file /home/airflow/.local/lib/python3.12/site-packages/airflow/example_dags/example_python_decorator.py for tasks to queue
[2026-06-13T10:51:29.448+0000] {logging_mixin.py:188} INFO - [2026-06-13T10:51:29.448+0000] {dagbag.py:545} INFO - Filling up the DagBag from /home/airflow/.local/lib/python3.12/site-packages/airflow/example_dags/example_python_decorator.py
[2026-06-13T10:51:29.462+0000] {processor.py:840} INFO - DAG(s) 'example_python_decorator' retrieved from /home/airflow/.local/lib/python3.12/site-packages/airflow/example_dags/example_python_decorator.py
[2026-06-13T10:51:29.491+0000] {logging_mixin.py:188} INFO - [2026-06-13T10:51:29.490+0000] {dag.py:3096} INFO - Sync 1 DAGs
[2026-06-13T10:51:29.504+0000] {logging_mixin.py:188} INFO - [2026-06-13T10:51:29.504+0000] {dag.py:3954} INFO - Setting next_dagrun for example_python_decorator to None, run_after=None
[2026-06-13T10:51:29.533+0000] {processor.py:183} INFO - Processing /home/airflow/.local/lib/python3.12/site-packages/airflow/example_dags/example_python_decorator.py took 0.095 seconds
[2026-06-13T10:52:00.292+0000] {processor.py:161} INFO - Started process (PID=1201) to work on /home/airflow/.local/lib/python3.12/site-packages/airflow/example_dags/example_python_decorator.py
[2026-06-13T10:52:00.294+0000] {processor.py:830} INFO - Processing file /home/airflow/.local/lib/python3.12/site-packages/airflow/example_dags/example_python_decorator.py for tasks to queue
[2026-06-13T10:52:00.296+0000] {logging_mixin.py:188} INFO - [2026-06-13T10:52:00.296+0000] {dagbag.py:545} INFO - Filling up the DagBag from /home/airflow/.local/lib/python3.12/site-packages/airflow/example_dags/example_python_decorator.py
[2026-06-13T10:52:00.310+0000] {processor.py:840} INFO - DAG(s) 'example_python_decorator' retrieved from /home/airflow/.local/lib/python3.12/site-packages/airflow/example_dags/example_python_decorator.py
[2026-06-13T10:52:00.341+0000] {logging_mixin.py:188} INFO - [2026-06-13T10:52:00.340+0000] {dag.py:3096} INFO - Sync 1 DAGs
[2026-06-13T10:52:00.355+0000] {logging_mixin.py:188} INFO - [2026-06-13T10:52:00.354+0000] {dag.py:3954} INFO - Setting next_dagrun for example_python_decorator to None, run_after=None
[2026-06-13T10:52:00.391+0000] {processor.py:183} INFO - Processing /home/airflow/.local/lib/python3.12/site-packages/airflow/example_dags/example_python_decorator.py took 0.106 seconds
[2026-06-13T10:52:30.572+0000] {processor.py:161} INFO - Started process (PID=1259) to work on /home/airflow/.local/lib/python3.12/site-packages/airflow/example_dags/example_python_decorator.py
[2026-06-13T10:52:30.574+0000] {processor.py:830} INFO - Processing file /home/airflow/.local/lib/python3.12/site-packages/airflow/example_dags/example_python_decorator.py for tasks to queue
[2026-06-13T10:52:30.577+0000] {logging_mixin.py:188} INFO - [2026-06-13T10:52:30.576+0000] {dagbag.py:545} INFO - Filling up the DagBag from /home/airflow/.local/lib/python3.12/site-packages/airflow/example_dags/example_python_decorator.py
[2026-06-13T10:52:30.592+0000] {processor.py:840} INFO - DAG(s) 'example_python_decorator' retrieved from /home/airflow/.local/lib/python3.12/site-packages/airflow/example_dags/example_python_decorator.py
[2026-06-13T10:52:30.622+0000] {logging_mixin.py:188} INFO - [2026-06-13T10:52:30.622+0000] {dag.py:3096} INFO - Sync 1 DAGs
[2026-06-13T10:52:30.637+0000] {logging_mixin.py:188} INFO - [2026-06-13T10:52:30.637+0000] {dag.py:3954} INFO - Setting next_dagrun for example_python_decorator to None, run_after=None
[2026-06-13T10:52:30.664+0000] {processor.py:183} INFO - Processing /home/airflow/.local/lib/python3.12/site-packages/airflow/example_dags/example_python_decorator.py took 0.099 seconds
[2026-06-13T10:53:01.264+0000] {processor.py:161} INFO - Started process (PID=1317) to work on /home/airflow/.local/lib/python3.12/site-packages/airflow/example_dags/example_python_decorator.py
[2026-06-13T10:53:01.266+0000] {processor.py:830} INFO - Processing file /home/airflow/.local/lib/python3.12/site-packages/airflow/example_dags/example_python_decorator.py for tasks to queue
[2026-06-13T10:53:01.269+0000] {logging_mixin.py:188} INFO - [2026-06-13T10:53:01.268+0000] {dagbag.py:545} INFO - Filling up the DagBag from /home/airflow/.local/lib/python3.12/site-packages/airflow/example_dags/example_python_decorator.py
[2026-06-13T10:53:01.283+0000] {processor.py:840} INFO - DAG(s) 'example_python_decorator' retrieved from /home/airflow/.local/lib/python3.12/site-packages/airflow/example_dags/example_python_decorator.py
[2026-06-13T10:53:01.310+0000] {logging_mixin.py:188} INFO - [2026-06-13T10:53:01.310+0000] {dag.py:3096} INFO - Sync 1 DAGs
[2026-06-13T10:53:01.325+0000] {logging_mixin.py:188} INFO - [2026-06-13T10:53:01.325+0000] {dag.py:3954} INFO - Setting next_dagrun for example_python_decorator to None, run_after=None
[2026-06-13T10:53:01.353+0000] {processor.py:183} INFO - Processing /home/airflow/.local/lib/python3.12/site-packages/airflow/example_dags/example_python_decorator.py took 0.096 seconds
[2026-06-13T10:53:32.283+0000] {processor.py:161} INFO - Started process (PID=1376) to work on /home/airflow/.local/lib/python3.12/site-packages/airflow/example_dags/example_python_decorator.py
[2026-06-13T10:53:32.285+0000] {processor.py:830} INFO - Processing file /home/airflow/.local/lib/python3.12/site-packages/airflow/example_dags/example_python_decorator.py for tasks to queue
[2026-06-13T10:53:32.288+0000] {logging_mixin.py:188} INFO - [2026-06-13T10:53:32.288+0000] {dagbag.py:545} INFO - Filling up the DagBag from /home/airflow/.local/lib/python3.12/site-packages/airflow/example_dags/example_python_decorator.py
[2026-06-13T10:53:32.303+0000] {processor.py:840} INFO - DAG(s) 'example_python_decorator' retrieved from /home/airflow/.local/lib/python3.12/site-packages/airflow/example_dags/example_python_decorator.py
[2026-06-13T10:53:32.332+0000] {logging_mixin.py:188} INFO - [2026-06-13T10:53:32.331+0000] {dag.py:3096} INFO - Sync 1 DAGs
[2026-06-13T10:53:32.348+0000] {logging_mixin.py:188} INFO - [2026-06-13T10:53:32.348+0000] {dag.py:3954} INFO - Setting next_dagrun for example_python_decorator to None, run_after=None
[2026-06-13T10:53:32.375+0000] {processor.py:183} INFO - Processing /home/airflow/.local/lib/python3.12/site-packages/airflow/example_dags/example_python_decorator.py took 0.098 seconds
[2026-06-13T10:54:02.699+0000] {processor.py:161} INFO - Started process (PID=1434) to work on /home/airflow/.local/lib/python3.12/site-packages/airflow/example_dags/example_python_decorator.py
[2026-06-13T10:54:02.701+0000] {processor.py:830} INFO - Processing file /home/airflow/.local/lib/python3.12/site-packages/airflow/example_dags/example_python_decorator.py for tasks to queue
[2026-06-13T10:54:02.704+0000] {logging_mixin.py:188} INFO - [2026-06-13T10:54:02.704+0000] {dagbag.py:545} INFO - Filling up the DagBag from /home/airflow/.local/lib/python3.12/site-packages/airflow/example_dags/example_python_decorator.py
[2026-06-13T10:54:02.720+0000] {processor.py:840} INFO - DAG(s) 'example_python_decorator' retrieved from /home/airflow/.local/lib/python3.12/site-packages/airflow/example_dags/example_python_decorator.py
[2026-06-13T10:54:02.749+0000] {logging_mixin.py:188} INFO - [2026-06-13T10:54:02.748+0000] {dag.py:3096} INFO - Sync 1 DAGs
[2026-06-13T10:54:02.763+0000] {logging_mixin.py:188} INFO - [2026-06-13T10:54:02.762+0000] {dag.py:3954} INFO - Setting next_dagrun for example_python_decorator to None, run_after=None
[2026-06-13T10:54:02.792+0000] {processor.py:183} INFO - Processing /home/airflow/.local/lib/python3.12/site-packages/airflow/example_dags/example_python_decorator.py took 0.100 seconds
[2026-06-13T10:54:32.957+0000] {processor.py:161} INFO - Started process (PID=1492) to work on /home/airflow/.local/lib/python3.12/site-packages/airflow/example_dags/example_python_decorator.py
[2026-06-13T10:54:32.960+0000] {processor.py:830} INFO - Processing file /home/airflow/.local/lib/python3.12/site-packages/airflow/example_dags/example_python_decorator.py for tasks to queue
[2026-06-13T10:54:32.964+0000] {logging_mixin.py:188} INFO - [2026-06-13T10:54:32.963+0000] {dagbag.py:545} INFO - Filling up the DagBag from /home/airflow/.local/lib/python3.12/site-packages/airflow/example_dags/example_python_decorator.py
[2026-06-13T10:54:32.981+0000] {processor.py:840} INFO - DAG(s) 'example_python_decorator' retrieved from /home/airflow/.local/lib/python3.12/site-packages/airflow/example_dags/example_python_decorator.py
[2026-06-13T10:54:33.011+0000] {logging_mixin.py:188} INFO - [2026-06-13T10:54:33.011+0000] {dag.py:3096} INFO - Sync 1 DAGs
[2026-06-13T10:54:33.026+0000] {logging_mixin.py:188} INFO - [2026-06-13T10:54:33.026+0000] {dag.py:3954} INFO - Setting next_dagrun for example_python_decorator to None, run_after=None
[2026-06-13T10:54:33.053+0000] {processor.py:183} INFO - Processing /home/airflow/.local/lib/python3.12/site-packages/airflow/example_dags/example_python_decorator.py took 0.104 seconds
[2026-06-13T10:55:57.875+0000] {processor.py:161} INFO - Started process (PID=94) to work on /home/airflow/.local/lib/python3.12/site-packages/airflow/example_dags/example_python_decorator.py
[2026-06-13T10:55:57.877+0000] {processor.py:830} INFO - Processing file /home/airflow/.local/lib/python3.12/site-packages/airflow/example_dags/example_python_decorator.py for tasks to queue
[2026-06-13T10:55:57.881+0000] {logging_mixin.py:188} INFO - [2026-06-13T10:55:57.880+0000] {dagbag.py:545} INFO - Filling up the DagBag from /home/airflow/.local/lib/python3.12/site-packages/airflow/example_dags/example_python_decorator.py
[2026-06-13T10:55:57.909+0000] {processor.py:840} INFO - DAG(s) 'example_python_decorator' retrieved from /home/airflow/.local/lib/python3.12/site-packages/airflow/example_dags/example_python_decorator.py
[2026-06-13T10:55:58.110+0000] {logging_mixin.py:188} INFO - [2026-06-13T10:55:58.110+0000] {dag.py:3096} INFO - Sync 1 DAGs
[2026-06-13T10:55:58.127+0000] {logging_mixin.py:188} INFO - [2026-06-13T10:55:58.127+0000] {dag.py:3954} INFO - Setting next_dagrun for example_python_decorator to None, run_after=None
[2026-06-13T10:55:58.170+0000] {processor.py:183} INFO - Processing /home/airflow/.local/lib/python3.12/site-packages/airflow/example_dags/example_python_decorator.py took 0.304 seconds
[2026-06-13T10:56:28.574+0000] {processor.py:161} INFO - Started process (PID=158) to work on /home/airflow/.local/lib/python3.12/site-packages/airflow/example_dags/example_python_decorator.py
[2026-06-13T10:56:28.577+0000] {processor.py:830} INFO - Processing file /home/airflow/.local/lib/python3.12/site-packages/airflow/example_dags/example_python_decorator.py for tasks to queue
[2026-06-13T10:56:28.580+0000] {logging_mixin.py:188} INFO - [2026-06-13T10:56:28.579+0000] {dagbag.py:545} INFO - Filling up the DagBag from /home/airflow/.local/lib/python3.12/site-packages/airflow/example_dags/example_python_decorator.py
[2026-06-13T10:56:28.595+0000] {processor.py:840} INFO - DAG(s) 'example_python_decorator' retrieved from /home/airflow/.local/lib/python3.12/site-packages/airflow/example_dags/example_python_decorator.py
[2026-06-13T10:56:28.626+0000] {logging_mixin.py:188} INFO - [2026-06-13T10:56:28.625+0000] {dag.py:3096} INFO - Sync 1 DAGs
[2026-06-13T10:56:28.641+0000] {logging_mixin.py:188} INFO - [2026-06-13T10:56:28.641+0000] {dag.py:3954} INFO - Setting next_dagrun for example_python_decorator to None, run_after=None
[2026-06-13T10:56:28.670+0000] {processor.py:183} INFO - Processing /home/airflow/.local/lib/python3.12/site-packages/airflow/example_dags/example_python_decorator.py took 0.103 seconds
[2026-06-13T10:56:58.947+0000] {processor.py:161} INFO - Started process (PID=217) to work on /home/airflow/.local/lib/python3.12/site-packages/airflow/example_dags/example_python_decorator.py
[2026-06-13T10:56:58.949+0000] {processor.py:830} INFO - Processing file /home/airflow/.local/lib/python3.12/site-packages/airflow/example_dags/example_python_decorator.py for tasks to queue
[2026-06-13T10:56:58.952+0000] {logging_mixin.py:188} INFO - [2026-06-13T10:56:58.952+0000] {dagbag.py:545} INFO - Filling up the DagBag from /home/airflow/.local/lib/python3.12/site-packages/airflow/example_dags/example_python_decorator.py
[2026-06-13T10:56:58.966+0000] {processor.py:840} INFO - DAG(s) 'example_python_decorator' retrieved from /home/airflow/.local/lib/python3.12/site-packages/airflow/example_dags/example_python_decorator.py
[2026-06-13T10:56:58.986+0000] {logging_mixin.py:188} INFO - [2026-06-13T10:56:58.985+0000] {dag.py:3096} INFO - Sync 1 DAGs
[2026-06-13T10:56:59.001+0000] {logging_mixin.py:188} INFO - [2026-06-13T10:56:59.000+0000] {dag.py:3954} INFO - Setting next_dagrun for example_python_decorator to None, run_after=None
[2026-06-13T10:56:59.030+0000] {processor.py:183} INFO - Processing /home/airflow/.local/lib/python3.12/site-packages/airflow/example_dags/example_python_decorator.py took 0.089 seconds
[2026-06-13T10:57:29.471+0000] {processor.py:161} INFO - Started process (PID=277) to work on /home/airflow/.local/lib/python3.12/site-packages/airflow/example_dags/example_python_decorator.py
[2026-06-13T10:57:29.472+0000] {processor.py:830} INFO - Processing file /home/airflow/.local/lib/python3.12/site-packages/airflow/example_dags/example_python_decorator.py for tasks to queue
[2026-06-13T10:57:29.476+0000] {logging_mixin.py:188} INFO - [2026-06-13T10:57:29.475+0000] {dagbag.py:545} INFO - Filling up the DagBag from /home/airflow/.local/lib/python3.12/site-packages/airflow/example_dags/example_python_decorator.py
[2026-06-13T10:57:29.490+0000] {processor.py:840} INFO - DAG(s) 'example_python_decorator' retrieved from /home/airflow/.local/lib/python3.12/site-packages/airflow/example_dags/example_python_decorator.py
[2026-06-13T10:57:29.610+0000] {logging_mixin.py:188} INFO - [2026-06-13T10:57:29.610+0000] {dag.py:3096} INFO - Sync 1 DAGs
[2026-06-13T10:57:29.623+0000] {logging_mixin.py:188} INFO - [2026-06-13T10:57:29.623+0000] {dag.py:3954} INFO - Setting next_dagrun for example_python_decorator to None, run_after=None
[2026-06-13T10:57:29.650+0000] {processor.py:183} INFO - Processing /home/airflow/.local/lib/python3.12/site-packages/airflow/example_dags/example_python_decorator.py took 0.186 seconds
[2026-06-13T10:58:00.475+0000] {processor.py:161} INFO - Started process (PID=336) to work on /home/airflow/.local/lib/python3.12/site-packages/airflow/example_dags/example_python_decorator.py
[2026-06-13T10:58:00.477+0000] {processor.py:830} INFO - Processing file /home/airflow/.local/lib/python3.12/site-packages/airflow/example_dags/example_python_decorator.py for tasks to queue
[2026-06-13T10:58:00.481+0000] {logging_mixin.py:188} INFO - [2026-06-13T10:58:00.480+0000] {dagbag.py:545} INFO - Filling up the DagBag from /home/airflow/.local/lib/python3.12/site-packages/airflow/example_dags/example_python_decorator.py
[2026-06-13T10:58:00.499+0000] {processor.py:840} INFO - DAG(s) 'example_python_decorator' retrieved from /home/airflow/.local/lib/python3.12/site-packages/airflow/example_dags/example_python_decorator.py
[2026-06-13T10:58:00.530+0000] {logging_mixin.py:188} INFO - [2026-06-13T10:58:00.530+0000] {dag.py:3096} INFO - Sync 1 DAGs
[2026-06-13T10:58:00.546+0000] {logging_mixin.py:188} INFO - [2026-06-13T10:58:00.546+0000] {dag.py:3954} INFO - Setting next_dagrun for example_python_decorator to None, run_after=None
[2026-06-13T10:58:00.577+0000] {processor.py:183} INFO - Processing /home/airflow/.local/lib/python3.12/site-packages/airflow/example_dags/example_python_decorator.py took 0.114 seconds
[2026-06-13T10:58:30.780+0000] {processor.py:161} INFO - Started process (PID=395) to work on /home/airflow/.local/lib/python3.12/site-packages/airflow/example_dags/example_python_decorator.py
[2026-06-13T10:58:30.782+0000] {processor.py:830} INFO - Processing file /home/airflow/.local/lib/python3.12/site-packages/airflow/example_dags/example_python_decorator.py for tasks to queue
[2026-06-13T10:58:30.785+0000] {logging_mixin.py:188} INFO - [2026-06-13T10:58:30.785+0000] {dagbag.py:545} INFO - Filling up the DagBag from /home/airflow/.local/lib/python3.12/site-packages/airflow/example_dags/example_python_decorator.py
[2026-06-13T10:58:30.798+0000] {processor.py:840} INFO - DAG(s) 'example_python_decorator' retrieved from /home/airflow/.local/lib/python3.12/site-packages/airflow/example_dags/example_python_decorator.py
[2026-06-13T10:58:30.827+0000] {logging_mixin.py:188} INFO - [2026-06-13T10:58:30.827+0000] {dag.py:3096} INFO - Sync 1 DAGs
[2026-06-13T10:58:30.843+0000] {logging_mixin.py:188} INFO - [2026-06-13T10:58:30.842+0000] {dag.py:3954} INFO - Setting next_dagrun for example_python_decorator to None, run_after=None
[2026-06-13T10:58:30.875+0000] {processor.py:183} INFO - Processing /home/airflow/.local/lib/python3.12/site-packages/airflow/example_dags/example_python_decorator.py took 0.101 seconds
[2026-06-13T10:59:01.462+0000] {processor.py:161} INFO - Started process (PID=454) to work on /home/airflow/.local/lib/python3.12/site-packages/airflow/example_dags/example_python_decorator.py
[2026-06-13T10:59:01.463+0000] {processor.py:830} INFO - Processing file /home/airflow/.local/lib/python3.12/site-packages/airflow/example_dags/example_python_decorator.py for tasks to queue
[2026-06-13T10:59:01.466+0000] {logging_mixin.py:188} INFO - [2026-06-13T10:59:01.466+0000] {dagbag.py:545} INFO - Filling up the DagBag from /home/airflow/.local/lib/python3.12/site-packages/airflow/example_dags/example_python_decorator.py
[2026-06-13T10:59:01.480+0000] {processor.py:840} INFO - DAG(s) 'example_python_decorator' retrieved from /home/airflow/.local/lib/python3.12/site-packages/airflow/example_dags/example_python_decorator.py
[2026-06-13T10:59:01.509+0000] {logging_mixin.py:188} INFO - [2026-06-13T10:59:01.508+0000] {dag.py:3096} INFO - Sync 1 DAGs
[2026-06-13T10:59:01.524+0000] {logging_mixin.py:188} INFO - [2026-06-13T10:59:01.523+0000] {dag.py:3954} INFO - Setting next_dagrun for example_python_decorator to None, run_after=None
[2026-06-13T10:59:01.552+0000] {processor.py:183} INFO - Processing /home/airflow/.local/lib/python3.12/site-packages/airflow/example_dags/example_python_decorator.py took 0.096 seconds
[2026-06-13T10:59:31.709+0000] {processor.py:161} INFO - Started process (PID=513) to work on /home/airflow/.local/lib/python3.12/site-packages/airflow/example_dags/example_python_decorator.py
[2026-06-13T10:59:31.712+0000] {processor.py:830} INFO - Processing file /home/airflow/.local/lib/python3.12/site-packages/airflow/example_dags/example_python_decorator.py for tasks to queue
[2026-06-13T10:59:31.715+0000] {logging_mixin.py:188} INFO - [2026-06-13T10:59:31.714+0000] {dagbag.py:545} INFO - Filling up the DagBag from /home/airflow/.local/lib/python3.12/site-packages/airflow/example_dags/example_python_decorator.py
[2026-06-13T10:59:31.732+0000] {processor.py:840} INFO - DAG(s) 'example_python_decorator' retrieved from /home/airflow/.local/lib/python3.12/site-packages/airflow/example_dags/example_python_decorator.py
[2026-06-13T10:59:31.761+0000] {logging_mixin.py:188} INFO - [2026-06-13T10:59:31.761+0000] {dag.py:3096} INFO - Sync 1 DAGs
[2026-06-13T10:59:31.776+0000] {logging_mixin.py:188} INFO - [2026-06-13T10:59:31.775+0000] {dag.py:3954} INFO - Setting next_dagrun for example_python_decorator to None, run_after=None
[2026-06-13T10:59:31.803+0000] {processor.py:183} INFO - Processing /home/airflow/.local/lib/python3.12/site-packages/airflow/example_dags/example_python_decorator.py took 0.101 seconds
[2026-06-13T11:00:01.922+0000] {processor.py:161} INFO - Started process (PID=572) to work on /home/airflow/.local/lib/python3.12/site-packages/airflow/example_dags/example_python_decorator.py
[2026-06-13T11:00:01.923+0000] {processor.py:830} INFO - Processing file /home/airflow/.local/lib/python3.12/site-packages/airflow/example_dags/example_python_decorator.py for tasks to queue
[2026-06-13T11:00:01.926+0000] {logging_mixin.py:188} INFO - [2026-06-13T11:00:01.925+0000] {dagbag.py:545} INFO - Filling up the DagBag from /home/airflow/.local/lib/python3.12/site-packages/airflow/example_dags/example_python_decorator.py
[2026-06-13T11:00:01.940+0000] {processor.py:840} INFO - DAG(s) 'example_python_decorator' retrieved from /home/airflow/.local/lib/python3.12/site-packages/airflow/example_dags/example_python_decorator.py
[2026-06-13T11:00:01.968+0000] {logging_mixin.py:188} INFO - [2026-06-13T11:00:01.968+0000] {dag.py:3096} INFO - Sync 1 DAGs
[2026-06-13T11:00:01.982+0000] {logging_mixin.py:188} INFO - [2026-06-13T11:00:01.981+0000] {dag.py:3954} INFO - Setting next_dagrun for example_python_decorator to None, run_after=None
[2026-06-13T11:00:02.009+0000] {processor.py:183} INFO - Processing /home/airflow/.local/lib/python3.12/site-packages/airflow/example_dags/example_python_decorator.py took 0.095 seconds
[2026-06-13T11:00:32.322+0000] {processor.py:161} INFO - Started process (PID=631) to work on /home/airflow/.local/lib/python3.12/site-packages/airflow/example_dags/example_python_decorator.py
[2026-06-13T11:00:32.325+0000] {processor.py:830} INFO - Processing file /home/airflow/.local/lib/python3.12/site-packages/airflow/example_dags/example_python_decorator.py for tasks to queue
[2026-06-13T11:00:32.327+0000] {logging_mixin.py:188} INFO - [2026-06-13T11:00:32.327+0000] {dagbag.py:545} INFO - Filling up the DagBag from /home/airflow/.local/lib/python3.12/site-packages/airflow/example_dags/example_python_decorator.py
[2026-06-13T11:00:32.341+0000] {processor.py:840} INFO - DAG(s) 'example_python_decorator' retrieved from /home/airflow/.local/lib/python3.12/site-packages/airflow/example_dags/example_python_decorator.py
[2026-06-13T11:00:32.370+0000] {logging_mixin.py:188} INFO - [2026-06-13T11:00:32.369+0000] {dag.py:3096} INFO - Sync 1 DAGs
[2026-06-13T11:00:32.385+0000] {logging_mixin.py:188} INFO - [2026-06-13T11:00:32.385+0000] {dag.py:3954} INFO - Setting next_dagrun for example_python_decorator to None, run_after=None
[2026-06-13T11:00:32.411+0000] {processor.py:183} INFO - Processing /home/airflow/.local/lib/python3.12/site-packages/airflow/example_dags/example_python_decorator.py took 0.094 seconds
[2026-06-13T11:01:02.478+0000] {processor.py:161} INFO - Started process (PID=690) to work on /home/airflow/.local/lib/python3.12/site-packages/airflow/example_dags/example_python_decorator.py
[2026-06-13T11:01:02.480+0000] {processor.py:830} INFO - Processing file /home/airflow/.local/lib/python3.12/site-packages/airflow/example_dags/example_python_decorator.py for tasks to queue
[2026-06-13T11:01:02.482+0000] {logging_mixin.py:188} INFO - [2026-06-13T11:01:02.482+0000] {dagbag.py:545} INFO - Filling up the DagBag from /home/airflow/.local/lib/python3.12/site-packages/airflow/example_dags/example_python_decorator.py
[2026-06-13T11:01:02.496+0000] {processor.py:840} INFO - DAG(s) 'example_python_decorator' retrieved from /home/airflow/.local/lib/python3.12/site-packages/airflow/example_dags/example_python_decorator.py
[2026-06-13T11:01:02.524+0000] {logging_mixin.py:188} INFO - [2026-06-13T11:01:02.523+0000] {dag.py:3096} INFO - Sync 1 DAGs
[2026-06-13T11:01:02.539+0000] {logging_mixin.py:188} INFO - [2026-06-13T11:01:02.539+0000] {dag.py:3954} INFO - Setting next_dagrun for example_python_decorator to None, run_after=None
[2026-06-13T11:01:02.568+0000] {processor.py:183} INFO - Processing /home/airflow/.local/lib/python3.12/site-packages/airflow/example_dags/example_python_decorator.py took 0.096 seconds
[2026-06-13T11:01:33.132+0000] {processor.py:161} INFO - Started process (PID=749) to work on /home/airflow/.local/lib/python3.12/site-packages/airflow/example_dags/example_python_decorator.py
[2026-06-13T11:01:33.134+0000] {processor.py:830} INFO - Processing file /home/airflow/.local/lib/python3.12/site-packages/airflow/example_dags/example_python_decorator.py for tasks to queue
[2026-06-13T11:01:33.137+0000] {logging_mixin.py:188} INFO - [2026-06-13T11:01:33.137+0000] {dagbag.py:545} INFO - Filling up the DagBag from /home/airflow/.local/lib/python3.12/site-packages/airflow/example_dags/example_python_decorator.py
[2026-06-13T11:01:33.150+0000] {processor.py:840} INFO - DAG(s) 'example_python_decorator' retrieved from /home/airflow/.local/lib/python3.12/site-packages/airflow/example_dags/example_python_decorator.py
[2026-06-13T11:01:33.178+0000] {logging_mixin.py:188} INFO - [2026-06-13T11:01:33.178+0000] {dag.py:3096} INFO - Sync 1 DAGs
[2026-06-13T11:01:33.193+0000] {logging_mixin.py:188} INFO - [2026-06-13T11:01:33.192+0000] {dag.py:3954} INFO - Setting next_dagrun for example_python_decorator to None, run_after=None
[2026-06-13T11:01:33.220+0000] {processor.py:183} INFO - Processing /home/airflow/.local/lib/python3.12/site-packages/airflow/example_dags/example_python_decorator.py took 0.093 seconds
[2026-06-13T11:02:03.660+0000] {processor.py:161} INFO - Started process (PID=808) to work on /home/airflow/.local/lib/python3.12/site-packages/airflow/example_dags/example_python_decorator.py
[2026-06-13T11:02:03.662+0000] {processor.py:830} INFO - Processing file /home/airflow/.local/lib/python3.12/site-packages/airflow/example_dags/example_python_decorator.py for tasks to queue
[2026-06-13T11:02:03.664+0000] {logging_mixin.py:188} INFO - [2026-06-13T11:02:03.664+0000] {dagbag.py:545} INFO - Filling up the DagBag from /home/airflow/.local/lib/python3.12/site-packages/airflow/example_dags/example_python_decorator.py
[2026-06-13T11:02:03.680+0000] {processor.py:840} INFO - DAG(s) 'example_python_decorator' retrieved from /home/airflow/.local/lib/python3.12/site-packages/airflow/example_dags/example_python_decorator.py
[2026-06-13T11:02:03.713+0000] {logging_mixin.py:188} INFO - [2026-06-13T11:02:03.713+0000] {dag.py:3096} INFO - Sync 1 DAGs
[2026-06-13T11:02:03.729+0000] {logging_mixin.py:188} INFO - [2026-06-13T11:02:03.728+0000] {dag.py:3954} INFO - Setting next_dagrun for example_python_decorator to None, run_after=None
[2026-06-13T11:02:03.760+0000] {processor.py:183} INFO - Processing /home/airflow/.local/lib/python3.12/site-packages/airflow/example_dags/example_python_decorator.py took 0.107 seconds
[2026-06-13T11:02:34.685+0000] {processor.py:161} INFO - Started process (PID=867) to work on /home/airflow/.local/lib/python3.12/site-packages/airflow/example_dags/example_python_decorator.py
[2026-06-13T11:02:34.686+0000] {processor.py:830} INFO - Processing file /home/airflow/.local/lib/python3.12/site-packages/airflow/example_dags/example_python_decorator.py for tasks to queue
[2026-06-13T11:02:34.689+0000] {logging_mixin.py:188} INFO - [2026-06-13T11:02:34.689+0000] {dagbag.py:545} INFO - Filling up the DagBag from /home/airflow/.local/lib/python3.12/site-packages/airflow/example_dags/example_python_decorator.py
[2026-06-13T11:02:34.704+0000] {processor.py:840} INFO - DAG(s) 'example_python_decorator' retrieved from /home/airflow/.local/lib/python3.12/site-packages/airflow/example_dags/example_python_decorator.py
[2026-06-13T11:02:34.736+0000] {logging_mixin.py:188} INFO - [2026-06-13T11:02:34.736+0000] {dag.py:3096} INFO - Sync 1 DAGs
[2026-06-13T11:02:34.752+0000] {logging_mixin.py:188} INFO - [2026-06-13T11:02:34.752+0000] {dag.py:3954} INFO - Setting next_dagrun for example_python_decorator to None, run_after=None
[2026-06-13T11:02:34.783+0000] {processor.py:183} INFO - Processing /home/airflow/.local/lib/python3.12/site-packages/airflow/example_dags/example_python_decorator.py took 0.105 seconds
[2026-06-13T11:03:05.171+0000] {processor.py:161} INFO - Started process (PID=926) to work on /home/airflow/.local/lib/python3.12/site-packages/airflow/example_dags/example_python_decorator.py
[2026-06-13T11:03:05.172+0000] {processor.py:830} INFO - Processing file /home/airflow/.local/lib/python3.12/site-packages/airflow/example_dags/example_python_decorator.py for tasks to queue
[2026-06-13T11:03:05.175+0000] {logging_mixin.py:188} INFO - [2026-06-13T11:03:05.174+0000] {dagbag.py:545} INFO - Filling up the DagBag from /home/airflow/.local/lib/python3.12/site-packages/airflow/example_dags/example_python_decorator.py
[2026-06-13T11:03:05.189+0000] {processor.py:840} INFO - DAG(s) 'example_python_decorator' retrieved from /home/airflow/.local/lib/python3.12/site-packages/airflow/example_dags/example_python_decorator.py
[2026-06-13T11:03:05.217+0000] {logging_mixin.py:188} INFO - [2026-06-13T11:03:05.216+0000] {dag.py:3096} INFO - Sync 1 DAGs
[2026-06-13T11:03:05.232+0000] {logging_mixin.py:188} INFO - [2026-06-13T11:03:05.232+0000] {dag.py:3954} INFO - Setting next_dagrun for example_python_decorator to None, run_after=None
[2026-06-13T11:03:05.260+0000] {processor.py:183} INFO - Processing /home/airflow/.local/lib/python3.12/site-packages/airflow/example_dags/example_python_decorator.py took 0.096 seconds
[2026-06-13T11:03:35.656+0000] {processor.py:161} INFO - Started process (PID=985) to work on /home/airflow/.local/lib/python3.12/site-packages/airflow/example_dags/example_python_decorator.py
[2026-06-13T11:03:35.657+0000] {processor.py:830} INFO - Processing file /home/airflow/.local/lib/python3.12/site-packages/airflow/example_dags/example_python_decorator.py for tasks to queue
[2026-06-13T11:03:35.661+0000] {logging_mixin.py:188} INFO - [2026-06-13T11:03:35.660+0000] {dagbag.py:545} INFO - Filling up the DagBag from /home/airflow/.local/lib/python3.12/site-packages/airflow/example_dags/example_python_decorator.py
[2026-06-13T11:03:35.675+0000] {processor.py:840} INFO - DAG(s) 'example_python_decorator' retrieved from /home/airflow/.local/lib/python3.12/site-packages/airflow/example_dags/example_python_decorator.py
[2026-06-13T11:03:35.705+0000] {logging_mixin.py:188} INFO - [2026-06-13T11:03:35.705+0000] {dag.py:3096} INFO - Sync 1 DAGs
[2026-06-13T11:03:35.719+0000] {logging_mixin.py:188} INFO - [2026-06-13T11:03:35.719+0000] {dag.py:3954} INFO - Setting next_dagrun for example_python_decorator to None, run_after=None
[2026-06-13T11:03:35.744+0000] {processor.py:183} INFO - Processing /home/airflow/.local/lib/python3.12/site-packages/airflow/example_dags/example_python_decorator.py took 0.094 seconds
[2026-06-13T11:04:05.991+0000] {processor.py:161} INFO - Started process (PID=1044) to work on /home/airflow/.local/lib/python3.12/site-packages/airflow/example_dags/example_python_decorator.py
[2026-06-13T11:04:05.993+0000] {processor.py:830} INFO - Processing file /home/airflow/.local/lib/python3.12/site-packages/airflow/example_dags/example_python_decorator.py for tasks to queue
[2026-06-13T11:04:05.997+0000] {logging_mixin.py:188} INFO - [2026-06-13T11:04:05.997+0000] {dagbag.py:545} INFO - Filling up the DagBag from /home/airflow/.local/lib/python3.12/site-packages/airflow/example_dags/example_python_decorator.py
[2026-06-13T11:04:06.012+0000] {processor.py:840} INFO - DAG(s) 'example_python_decorator' retrieved from /home/airflow/.local/lib/python3.12/site-packages/airflow/example_dags/example_python_decorator.py
[2026-06-13T11:04:06.039+0000] {logging_mixin.py:188} INFO - [2026-06-13T11:04:06.038+0000] {dag.py:3096} INFO - Sync 1 DAGs
[2026-06-13T11:04:06.053+0000] {logging_mixin.py:188} INFO - [2026-06-13T11:04:06.053+0000] {dag.py:3954} INFO - Setting next_dagrun for example_python_decorator to None, run_after=None
[2026-06-13T11:04:06.081+0000] {processor.py:183} INFO - Processing /home/airflow/.local/lib/python3.12/site-packages/airflow/example_dags/example_python_decorator.py took 0.097 seconds
[2026-06-13T11:04:36.207+0000] {processor.py:161} INFO - Started process (PID=1103) to work on /home/airflow/.local/lib/python3.12/site-packages/airflow/example_dags/example_python_decorator.py
[2026-06-13T11:04:36.208+0000] {processor.py:830} INFO - Processing file /home/airflow/.local/lib/python3.12/site-packages/airflow/example_dags/example_python_decorator.py for tasks to queue
[2026-06-13T11:04:36.211+0000] {logging_mixin.py:188} INFO - [2026-06-13T11:04:36.211+0000] {dagbag.py:545} INFO - Filling up the DagBag from /home/airflow/.local/lib/python3.12/site-packages/airflow/example_dags/example_python_decorator.py
[2026-06-13T11:04:36.225+0000] {processor.py:840} INFO - DAG(s) 'example_python_decorator' retrieved from /home/airflow/.local/lib/python3.12/site-packages/airflow/example_dags/example_python_decorator.py
[2026-06-13T11:04:36.260+0000] {logging_mixin.py:188} INFO - [2026-06-13T11:04:36.260+0000] {dag.py:3096} INFO - Sync 1 DAGs
[2026-06-13T11:04:36.277+0000] {logging_mixin.py:188} INFO - [2026-06-13T11:04:36.276+0000] {dag.py:3954} INFO - Setting next_dagrun for example_python_decorator to None, run_after=None
[2026-06-13T11:04:36.308+0000] {processor.py:183} INFO - Processing /home/airflow/.local/lib/python3.12/site-packages/airflow/example_dags/example_python_decorator.py took 0.108 seconds
[2026-06-13T11:05:06.796+0000] {processor.py:161} INFO - Started process (PID=1162) to work on /home/airflow/.local/lib/python3.12/site-packages/airflow/example_dags/example_python_decorator.py
[2026-06-13T11:05:06.797+0000] {processor.py:830} INFO - Processing file /home/airflow/.local/lib/python3.12/site-packages/airflow/example_dags/example_python_decorator.py for tasks to queue
[2026-06-13T11:05:06.800+0000] {logging_mixin.py:188} INFO - [2026-06-13T11:05:06.799+0000] {dagbag.py:545} INFO - Filling up the DagBag from /home/airflow/.local/lib/python3.12/site-packages/airflow/example_dags/example_python_decorator.py
[2026-06-13T11:05:06.813+0000] {processor.py:840} INFO - DAG(s) 'example_python_decorator' retrieved from /home/airflow/.local/lib/python3.12/site-packages/airflow/example_dags/example_python_decorator.py
[2026-06-13T11:05:06.845+0000] {logging_mixin.py:188} INFO - [2026-06-13T11:05:06.844+0000] {dag.py:3096} INFO - Sync 1 DAGs
[2026-06-13T11:05:06.859+0000] {logging_mixin.py:188} INFO - [2026-06-13T11:05:06.859+0000] {dag.py:3954} INFO - Setting next_dagrun for example_python_decorator to None, run_after=None
[2026-06-13T11:05:06.888+0000] {processor.py:183} INFO - Processing /home/airflow/.local/lib/python3.12/site-packages/airflow/example_dags/example_python_decorator.py took 0.099 seconds
[2026-06-13T11:05:37.119+0000] {processor.py:161} INFO - Started process (PID=1222) to work on /home/airflow/.local/lib/python3.12/site-packages/airflow/example_dags/example_python_decorator.py
[2026-06-13T11:05:37.121+0000] {processor.py:830} INFO - Processing file /home/airflow/.local/lib/python3.12/site-packages/airflow/example_dags/example_python_decorator.py for tasks to queue
[2026-06-13T11:05:37.124+0000] {logging_mixin.py:188} INFO - [2026-06-13T11:05:37.124+0000] {dagbag.py:545} INFO - Filling up the DagBag from /home/airflow/.local/lib/python3.12/site-packages/airflow/example_dags/example_python_decorator.py
[2026-06-13T11:05:37.138+0000] {processor.py:840} INFO - DAG(s) 'example_python_decorator' retrieved from /home/airflow/.local/lib/python3.12/site-packages/airflow/example_dags/example_python_decorator.py
[2026-06-13T11:05:37.167+0000] {logging_mixin.py:188} INFO - [2026-06-13T11:05:37.166+0000] {dag.py:3096} INFO - Sync 1 DAGs
[2026-06-13T11:05:37.181+0000] {logging_mixin.py:188} INFO - [2026-06-13T11:05:37.181+0000] {dag.py:3954} INFO - Setting next_dagrun for example_python_decorator to None, run_after=None
[2026-06-13T11:05:37.209+0000] {processor.py:183} INFO - Processing /home/airflow/.local/lib/python3.12/site-packages/airflow/example_dags/example_python_decorator.py took 0.096 seconds
[2026-06-13T11:06:07.709+0000] {processor.py:161} INFO - Started process (PID=1281) to work on /home/airflow/.local/lib/python3.12/site-packages/airflow/example_dags/example_python_decorator.py
[2026-06-13T11:06:07.711+0000] {processor.py:830} INFO - Processing file /home/airflow/.local/lib/python3.12/site-packages/airflow/example_dags/example_python_decorator.py for tasks to queue
[2026-06-13T11:06:07.714+0000] {logging_mixin.py:188} INFO - [2026-06-13T11:06:07.713+0000] {dagbag.py:545} INFO - Filling up the DagBag from /home/airflow/.local/lib/python3.12/site-packages/airflow/example_dags/example_python_decorator.py
[2026-06-13T11:06:07.727+0000] {processor.py:840} INFO - DAG(s) 'example_python_decorator' retrieved from /home/airflow/.local/lib/python3.12/site-packages/airflow/example_dags/example_python_decorator.py
[2026-06-13T11:06:07.757+0000] {logging_mixin.py:188} INFO - [2026-06-13T11:06:07.757+0000] {dag.py:3096} INFO - Sync 1 DAGs
[2026-06-13T11:06:07.770+0000] {logging_mixin.py:188} INFO - [2026-06-13T11:06:07.770+0000] {dag.py:3954} INFO - Setting next_dagrun for example_python_decorator to None, run_after=None
[2026-06-13T11:06:07.795+0000] {processor.py:183} INFO - Processing /home/airflow/.local/lib/python3.12/site-packages/airflow/example_dags/example_python_decorator.py took 0.092 seconds
[2026-06-13T11:06:37.889+0000] {processor.py:161} INFO - Started process (PID=1340) to work on /home/airflow/.local/lib/python3.12/site-packages/airflow/example_dags/example_python_decorator.py
[2026-06-13T11:06:37.891+0000] {processor.py:830} INFO - Processing file /home/airflow/.local/lib/python3.12/site-packages/airflow/example_dags/example_python_decorator.py for tasks to queue
[2026-06-13T11:06:37.893+0000] {logging_mixin.py:188} INFO - [2026-06-13T11:06:37.893+0000] {dagbag.py:545} INFO - Filling up the DagBag from /home/airflow/.local/lib/python3.12/site-packages/airflow/example_dags/example_python_decorator.py
[2026-06-13T11:06:37.906+0000] {processor.py:840} INFO - DAG(s) 'example_python_decorator' retrieved from /home/airflow/.local/lib/python3.12/site-packages/airflow/example_dags/example_python_decorator.py
[2026-06-13T11:06:37.938+0000] {logging_mixin.py:188} INFO - [2026-06-13T11:06:37.937+0000] {dag.py:3096} INFO - Sync 1 DAGs
[2026-06-13T11:06:37.953+0000] {logging_mixin.py:188} INFO - [2026-06-13T11:06:37.953+0000] {dag.py:3954} INFO - Setting next_dagrun for example_python_decorator to None, run_after=None
[2026-06-13T11:06:37.980+0000] {processor.py:183} INFO - Processing /home/airflow/.local/lib/python3.12/site-packages/airflow/example_dags/example_python_decorator.py took 0.097 seconds
[2026-06-13T11:07:08.607+0000] {processor.py:161} INFO - Started process (PID=1399) to work on /home/airflow/.local/lib/python3.12/site-packages/airflow/example_dags/example_python_decorator.py
[2026-06-13T11:07:08.609+0000] {processor.py:830} INFO - Processing file /home/airflow/.local/lib/python3.12/site-packages/airflow/example_dags/example_python_decorator.py for tasks to queue
[2026-06-13T11:07:08.613+0000] {logging_mixin.py:188} INFO - [2026-06-13T11:07:08.612+0000] {dagbag.py:545} INFO - Filling up the DagBag from /home/airflow/.local/lib/python3.12/site-packages/airflow/example_dags/example_python_decorator.py
[2026-06-13T11:07:08.636+0000] {processor.py:840} INFO - DAG(s) 'example_python_decorator' retrieved from /home/airflow/.local/lib/python3.12/site-packages/airflow/example_dags/example_python_decorator.py
[2026-06-13T11:07:08.668+0000] {logging_mixin.py:188} INFO - [2026-06-13T11:07:08.668+0000] {dag.py:3096} INFO - Sync 1 DAGs
[2026-06-13T11:07:08.683+0000] {logging_mixin.py:188} INFO - [2026-06-13T11:07:08.683+0000] {dag.py:3954} INFO - Setting next_dagrun for example_python_decorator to None, run_after=None
[2026-06-13T11:07:08.709+0000] {processor.py:183} INFO - Processing /home/airflow/.local/lib/python3.12/site-packages/airflow/example_dags/example_python_decorator.py took 0.109 seconds
[2026-06-13T11:07:39.132+0000] {processor.py:161} INFO - Started process (PID=1458) to work on /home/airflow/.local/lib/python3.12/site-packages/airflow/example_dags/example_python_decorator.py
[2026-06-13T11:07:39.133+0000] {processor.py:830} INFO - Processing file /home/airflow/.local/lib/python3.12/site-packages/airflow/example_dags/example_python_decorator.py for tasks to queue
[2026-06-13T11:07:39.137+0000] {logging_mixin.py:188} INFO - [2026-06-13T11:07:39.136+0000] {dagbag.py:545} INFO - Filling up the DagBag from /home/airflow/.local/lib/python3.12/site-packages/airflow/example_dags/example_python_decorator.py
[2026-06-13T11:07:39.150+0000] {processor.py:840} INFO - DAG(s) 'example_python_decorator' retrieved from /home/airflow/.local/lib/python3.12/site-packages/airflow/example_dags/example_python_decorator.py
[2026-06-13T11:07:39.179+0000] {logging_mixin.py:188} INFO - [2026-06-13T11:07:39.178+0000] {dag.py:3096} INFO - Sync 1 DAGs
[2026-06-13T11:07:39.193+0000] {logging_mixin.py:188} INFO - [2026-06-13T11:07:39.192+0000] {dag.py:3954} INFO - Setting next_dagrun for example_python_decorator to None, run_after=None
[2026-06-13T11:07:39.219+0000] {processor.py:183} INFO - Processing /home/airflow/.local/lib/python3.12/site-packages/airflow/example_dags/example_python_decorator.py took 0.094 seconds
[2026-06-13T11:08:09.568+0000] {processor.py:161} INFO - Started process (PID=1518) to work on /home/airflow/.local/lib/python3.12/site-packages/airflow/example_dags/example_python_decorator.py
[2026-06-13T11:08:09.569+0000] {processor.py:830} INFO - Processing file /home/airflow/.local/lib/python3.12/site-packages/airflow/example_dags/example_python_decorator.py for tasks to queue
[2026-06-13T11:08:09.572+0000] {logging_mixin.py:188} INFO - [2026-06-13T11:08:09.571+0000] {dagbag.py:545} INFO - Filling up the DagBag from /home/airflow/.local/lib/python3.12/site-packages/airflow/example_dags/example_python_decorator.py
[2026-06-13T11:08:09.588+0000] {processor.py:840} INFO - DAG(s) 'example_python_decorator' retrieved from /home/airflow/.local/lib/python3.12/site-packages/airflow/example_dags/example_python_decorator.py
[2026-06-13T11:08:09.614+0000] {logging_mixin.py:188} INFO - [2026-06-13T11:08:09.614+0000] {dag.py:3096} INFO - Sync 1 DAGs
[2026-06-13T11:08:09.635+0000] {logging_mixin.py:188} INFO - [2026-06-13T11:08:09.635+0000] {dag.py:3954} INFO - Setting next_dagrun for example_python_decorator to None, run_after=None
[2026-06-13T11:08:09.660+0000] {processor.py:183} INFO - Processing /home/airflow/.local/lib/python3.12/site-packages/airflow/example_dags/example_python_decorator.py took 0.098 seconds
[2026-06-13T11:09:22.359+0000] {processor.py:161} INFO - Started process (PID=100) to work on /home/airflow/.local/lib/python3.12/site-packages/airflow/example_dags/example_python_decorator.py
[2026-06-13T11:09:22.361+0000] {processor.py:830} INFO - Processing file /home/airflow/.local/lib/python3.12/site-packages/airflow/example_dags/example_python_decorator.py for tasks to queue
[2026-06-13T11:09:22.364+0000] {logging_mixin.py:188} INFO - [2026-06-13T11:09:22.364+0000] {dagbag.py:545} INFO - Filling up the DagBag from /home/airflow/.local/lib/python3.12/site-packages/airflow/example_dags/example_python_decorator.py
[2026-06-13T11:09:22.383+0000] {processor.py:840} INFO - DAG(s) 'example_python_decorator' retrieved from /home/airflow/.local/lib/python3.12/site-packages/airflow/example_dags/example_python_decorator.py
[2026-06-13T11:09:22.516+0000] {logging_mixin.py:188} INFO - [2026-06-13T11:09:22.516+0000] {dag.py:3096} INFO - Sync 1 DAGs
[2026-06-13T11:09:22.529+0000] {logging_mixin.py:188} INFO - [2026-06-13T11:09:22.529+0000] {dag.py:3954} INFO - Setting next_dagrun for example_python_decorator to None, run_after=None
[2026-06-13T11:09:22.563+0000] {processor.py:183} INFO - Processing /home/airflow/.local/lib/python3.12/site-packages/airflow/example_dags/example_python_decorator.py took 0.211 seconds
[2026-06-13T11:09:53.333+0000] {processor.py:161} INFO - Started process (PID=159) to work on /home/airflow/.local/lib/python3.12/site-packages/airflow/example_dags/example_python_decorator.py
[2026-06-13T11:09:53.334+0000] {processor.py:830} INFO - Processing file /home/airflow/.local/lib/python3.12/site-packages/airflow/example_dags/example_python_decorator.py for tasks to queue
[2026-06-13T11:09:53.337+0000] {logging_mixin.py:188} INFO - [2026-06-13T11:09:53.337+0000] {dagbag.py:545} INFO - Filling up the DagBag from /home/airflow/.local/lib/python3.12/site-packages/airflow/example_dags/example_python_decorator.py
[2026-06-13T11:09:53.352+0000] {processor.py:840} INFO - DAG(s) 'example_python_decorator' retrieved from /home/airflow/.local/lib/python3.12/site-packages/airflow/example_dags/example_python_decorator.py
[2026-06-13T11:09:53.384+0000] {logging_mixin.py:188} INFO - [2026-06-13T11:09:53.384+0000] {dag.py:3096} INFO - Sync 1 DAGs
[2026-06-13T11:09:53.406+0000] {logging_mixin.py:188} INFO - [2026-06-13T11:09:53.406+0000] {dag.py:3954} INFO - Setting next_dagrun for example_python_decorator to None, run_after=None
[2026-06-13T11:09:53.436+0000] {processor.py:183} INFO - Processing /home/airflow/.local/lib/python3.12/site-packages/airflow/example_dags/example_python_decorator.py took 0.109 seconds
[2026-06-13T11:10:23.703+0000] {processor.py:161} INFO - Started process (PID=218) to work on /home/airflow/.local/lib/python3.12/site-packages/airflow/example_dags/example_python_decorator.py
[2026-06-13T11:10:23.705+0000] {processor.py:830} INFO - Processing file /home/airflow/.local/lib/python3.12/site-packages/airflow/example_dags/example_python_decorator.py for tasks to queue
[2026-06-13T11:10:23.708+0000] {logging_mixin.py:188} INFO - [2026-06-13T11:10:23.707+0000] {dagbag.py:545} INFO - Filling up the DagBag from /home/airflow/.local/lib/python3.12/site-packages/airflow/example_dags/example_python_decorator.py
[2026-06-13T11:10:23.721+0000] {processor.py:840} INFO - DAG(s) 'example_python_decorator' retrieved from /home/airflow/.local/lib/python3.12/site-packages/airflow/example_dags/example_python_decorator.py
[2026-06-13T11:10:23.748+0000] {logging_mixin.py:188} INFO - [2026-06-13T11:10:23.748+0000] {dag.py:3096} INFO - Sync 1 DAGs
[2026-06-13T11:10:23.762+0000] {logging_mixin.py:188} INFO - [2026-06-13T11:10:23.762+0000] {dag.py:3954} INFO - Setting next_dagrun for example_python_decorator to None, run_after=None
[2026-06-13T11:10:23.796+0000] {processor.py:183} INFO - Processing /home/airflow/.local/lib/python3.12/site-packages/airflow/example_dags/example_python_decorator.py took 0.098 seconds
[2026-06-13T11:10:54.284+0000] {processor.py:161} INFO - Started process (PID=277) to work on /home/airflow/.local/lib/python3.12/site-packages/airflow/example_dags/example_python_decorator.py
[2026-06-13T11:10:54.285+0000] {processor.py:830} INFO - Processing file /home/airflow/.local/lib/python3.12/site-packages/airflow/example_dags/example_python_decorator.py for tasks to queue
[2026-06-13T11:10:54.289+0000] {logging_mixin.py:188} INFO - [2026-06-13T11:10:54.288+0000] {dagbag.py:545} INFO - Filling up the DagBag from /home/airflow/.local/lib/python3.12/site-packages/airflow/example_dags/example_python_decorator.py
[2026-06-13T11:10:54.303+0000] {processor.py:840} INFO - DAG(s) 'example_python_decorator' retrieved from /home/airflow/.local/lib/python3.12/site-packages/airflow/example_dags/example_python_decorator.py
[2026-06-13T11:10:54.333+0000] {logging_mixin.py:188} INFO - [2026-06-13T11:10:54.333+0000] {dag.py:3096} INFO - Sync 1 DAGs
[2026-06-13T11:10:54.347+0000] {logging_mixin.py:188} INFO - [2026-06-13T11:10:54.347+0000] {dag.py:3954} INFO - Setting next_dagrun for example_python_decorator to None, run_after=None
[2026-06-13T11:10:54.374+0000] {processor.py:183} INFO - Processing /home/airflow/.local/lib/python3.12/site-packages/airflow/example_dags/example_python_decorator.py took 0.096 seconds
[2026-06-13T11:11:24.578+0000] {processor.py:161} INFO - Started process (PID=336) to work on /home/airflow/.local/lib/python3.12/site-packages/airflow/example_dags/example_python_decorator.py
[2026-06-13T11:11:24.579+0000] {processor.py:830} INFO - Processing file /home/airflow/.local/lib/python3.12/site-packages/airflow/example_dags/example_python_decorator.py for tasks to queue
[2026-06-13T11:11:24.583+0000] {logging_mixin.py:188} INFO - [2026-06-13T11:11:24.582+0000] {dagbag.py:545} INFO - Filling up the DagBag from /home/airflow/.local/lib/python3.12/site-packages/airflow/example_dags/example_python_decorator.py
[2026-06-13T11:11:24.596+0000] {processor.py:840} INFO - DAG(s) 'example_python_decorator' retrieved from /home/airflow/.local/lib/python3.12/site-packages/airflow/example_dags/example_python_decorator.py
[2026-06-13T11:11:24.623+0000] {logging_mixin.py:188} INFO - [2026-06-13T11:11:24.623+0000] {dag.py:3096} INFO - Sync 1 DAGs
[2026-06-13T11:11:24.637+0000] {logging_mixin.py:188} INFO - [2026-06-13T11:11:24.637+0000] {dag.py:3954} INFO - Setting next_dagrun for example_python_decorator to None, run_after=None
[2026-06-13T11:11:24.663+0000] {processor.py:183} INFO - Processing /home/airflow/.local/lib/python3.12/site-packages/airflow/example_dags/example_python_decorator.py took 0.092 seconds
[2026-06-13T11:11:54.842+0000] {processor.py:161} INFO - Started process (PID=395) to work on /home/airflow/.local/lib/python3.12/site-packages/airflow/example_dags/example_python_decorator.py
[2026-06-13T11:11:54.844+0000] {processor.py:830} INFO - Processing file /home/airflow/.local/lib/python3.12/site-packages/airflow/example_dags/example_python_decorator.py for tasks to queue
[2026-06-13T11:11:54.847+0000] {logging_mixin.py:188} INFO - [2026-06-13T11:11:54.846+0000] {dagbag.py:545} INFO - Filling up the DagBag from /home/airflow/.local/lib/python3.12/site-packages/airflow/example_dags/example_python_decorator.py
[2026-06-13T11:11:54.862+0000] {processor.py:840} INFO - DAG(s) 'example_python_decorator' retrieved from /home/airflow/.local/lib/python3.12/site-packages/airflow/example_dags/example_python_decorator.py
[2026-06-13T11:11:54.890+0000] {logging_mixin.py:188} INFO - [2026-06-13T11:11:54.890+0000] {dag.py:3096} INFO - Sync 1 DAGs
[2026-06-13T11:11:54.904+0000] {logging_mixin.py:188} INFO - [2026-06-13T11:11:54.904+0000] {dag.py:3954} INFO - Setting next_dagrun for example_python_decorator to None, run_after=None
[2026-06-13T11:11:54.932+0000] {processor.py:183} INFO - Processing /home/airflow/.local/lib/python3.12/site-packages/airflow/example_dags/example_python_decorator.py took 0.096 seconds
[2026-06-13T11:12:25.183+0000] {processor.py:161} INFO - Started process (PID=454) to work on /home/airflow/.local/lib/python3.12/site-packages/airflow/example_dags/example_python_decorator.py
[2026-06-13T11:12:25.185+0000] {processor.py:830} INFO - Processing file /home/airflow/.local/lib/python3.12/site-packages/airflow/example_dags/example_python_decorator.py for tasks to queue
[2026-06-13T11:12:25.188+0000] {logging_mixin.py:188} INFO - [2026-06-13T11:12:25.187+0000] {dagbag.py:545} INFO - Filling up the DagBag from /home/airflow/.local/lib/python3.12/site-packages/airflow/example_dags/example_python_decorator.py
[2026-06-13T11:12:25.203+0000] {processor.py:840} INFO - DAG(s) 'example_python_decorator' retrieved from /home/airflow/.local/lib/python3.12/site-packages/airflow/example_dags/example_python_decorator.py
[2026-06-13T11:12:25.231+0000] {logging_mixin.py:188} INFO - [2026-06-13T11:12:25.231+0000] {dag.py:3096} INFO - Sync 1 DAGs
[2026-06-13T11:12:25.245+0000] {logging_mixin.py:188} INFO - [2026-06-13T11:12:25.245+0000] {dag.py:3954} INFO - Setting next_dagrun for example_python_decorator to None, run_after=None
[2026-06-13T11:12:25.272+0000] {processor.py:183} INFO - Processing /home/airflow/.local/lib/python3.12/site-packages/airflow/example_dags/example_python_decorator.py took 0.096 seconds
[2026-06-13T11:12:55.525+0000] {processor.py:161} INFO - Started process (PID=513) to work on /home/airflow/.local/lib/python3.12/site-packages/airflow/example_dags/example_python_decorator.py
[2026-06-13T11:12:55.527+0000] {processor.py:830} INFO - Processing file /home/airflow/.local/lib/python3.12/site-packages/airflow/example_dags/example_python_decorator.py for tasks to queue
[2026-06-13T11:12:55.530+0000] {logging_mixin.py:188} INFO - [2026-06-13T11:12:55.529+0000] {dagbag.py:545} INFO - Filling up the DagBag from /home/airflow/.local/lib/python3.12/site-packages/airflow/example_dags/example_python_decorator.py
[2026-06-13T11:12:55.544+0000] {processor.py:840} INFO - DAG(s) 'example_python_decorator' retrieved from /home/airflow/.local/lib/python3.12/site-packages/airflow/example_dags/example_python_decorator.py
[2026-06-13T11:12:55.572+0000] {logging_mixin.py:188} INFO - [2026-06-13T11:12:55.572+0000] {dag.py:3096} INFO - Sync 1 DAGs
[2026-06-13T11:12:55.586+0000] {logging_mixin.py:188} INFO - [2026-06-13T11:12:55.586+0000] {dag.py:3954} INFO - Setting next_dagrun for example_python_decorator to None, run_after=None
[2026-06-13T11:12:55.612+0000] {processor.py:183} INFO - Processing /home/airflow/.local/lib/python3.12/site-packages/airflow/example_dags/example_python_decorator.py took 0.093 seconds
[2026-06-13T11:13:25.680+0000] {processor.py:161} INFO - Started process (PID=572) to work on /home/airflow/.local/lib/python3.12/site-packages/airflow/example_dags/example_python_decorator.py
[2026-06-13T11:13:25.682+0000] {processor.py:830} INFO - Processing file /home/airflow/.local/lib/python3.12/site-packages/airflow/example_dags/example_python_decorator.py for tasks to queue
[2026-06-13T11:13:25.684+0000] {logging_mixin.py:188} INFO - [2026-06-13T11:13:25.684+0000] {dagbag.py:545} INFO - Filling up the DagBag from /home/airflow/.local/lib/python3.12/site-packages/airflow/example_dags/example_python_decorator.py
[2026-06-13T11:13:25.699+0000] {processor.py:840} INFO - DAG(s) 'example_python_decorator' retrieved from /home/airflow/.local/lib/python3.12/site-packages/airflow/example_dags/example_python_decorator.py
[2026-06-13T11:13:25.727+0000] {logging_mixin.py:188} INFO - [2026-06-13T11:13:25.727+0000] {dag.py:3096} INFO - Sync 1 DAGs
[2026-06-13T11:13:25.740+0000] {logging_mixin.py:188} INFO - [2026-06-13T11:13:25.740+0000] {dag.py:3954} INFO - Setting next_dagrun for example_python_decorator to None, run_after=None
[2026-06-13T11:13:25.767+0000] {processor.py:183} INFO - Processing /home/airflow/.local/lib/python3.12/site-packages/airflow/example_dags/example_python_decorator.py took 0.093 seconds
[2026-06-13T11:13:56.352+0000] {processor.py:161} INFO - Started process (PID=631) to work on /home/airflow/.local/lib/python3.12/site-packages/airflow/example_dags/example_python_decorator.py
[2026-06-13T11:13:56.354+0000] {processor.py:830} INFO - Processing file /home/airflow/.local/lib/python3.12/site-packages/airflow/example_dags/example_python_decorator.py for tasks to queue
[2026-06-13T11:13:56.356+0000] {logging_mixin.py:188} INFO - [2026-06-13T11:13:56.356+0000] {dagbag.py:545} INFO - Filling up the DagBag from /home/airflow/.local/lib/python3.12/site-packages/airflow/example_dags/example_python_decorator.py
[2026-06-13T11:13:56.369+0000] {processor.py:840} INFO - DAG(s) 'example_python_decorator' retrieved from /home/airflow/.local/lib/python3.12/site-packages/airflow/example_dags/example_python_decorator.py
[2026-06-13T11:13:56.397+0000] {logging_mixin.py:188} INFO - [2026-06-13T11:13:56.397+0000] {dag.py:3096} INFO - Sync 1 DAGs
[2026-06-13T11:13:56.411+0000] {logging_mixin.py:188} INFO - [2026-06-13T11:13:56.411+0000] {dag.py:3954} INFO - Setting next_dagrun for example_python_decorator to None, run_after=None
[2026-06-13T11:13:56.438+0000] {processor.py:183} INFO - Processing /home/airflow/.local/lib/python3.12/site-packages/airflow/example_dags/example_python_decorator.py took 0.092 seconds
[2026-06-13T11:14:27.042+0000] {processor.py:161} INFO - Started process (PID=690) to work on /home/airflow/.local/lib/python3.12/site-packages/airflow/example_dags/example_python_decorator.py
[2026-06-13T11:14:27.044+0000] {processor.py:830} INFO - Processing file /home/airflow/.local/lib/python3.12/site-packages/airflow/example_dags/example_python_decorator.py for tasks to queue
[2026-06-13T11:14:27.047+0000] {logging_mixin.py:188} INFO - [2026-06-13T11:14:27.046+0000] {dagbag.py:545} INFO - Filling up the DagBag from /home/airflow/.local/lib/python3.12/site-packages/airflow/example_dags/example_python_decorator.py
[2026-06-13T11:14:27.062+0000] {processor.py:840} INFO - DAG(s) 'example_python_decorator' retrieved from /home/airflow/.local/lib/python3.12/site-packages/airflow/example_dags/example_python_decorator.py
[2026-06-13T11:14:27.092+0000] {logging_mixin.py:188} INFO - [2026-06-13T11:14:27.092+0000] {dag.py:3096} INFO - Sync 1 DAGs
[2026-06-13T11:14:27.107+0000] {logging_mixin.py:188} INFO - [2026-06-13T11:14:27.107+0000] {dag.py:3954} INFO - Setting next_dagrun for example_python_decorator to None, run_after=None
[2026-06-13T11:14:27.135+0000] {processor.py:183} INFO - Processing /home/airflow/.local/lib/python3.12/site-packages/airflow/example_dags/example_python_decorator.py took 0.099 seconds
[2026-06-13T11:14:57.405+0000] {processor.py:161} INFO - Started process (PID=749) to work on /home/airflow/.local/lib/python3.12/site-packages/airflow/example_dags/example_python_decorator.py
[2026-06-13T11:14:57.407+0000] {processor.py:830} INFO - Processing file /home/airflow/.local/lib/python3.12/site-packages/airflow/example_dags/example_python_decorator.py for tasks to queue
[2026-06-13T11:14:57.410+0000] {logging_mixin.py:188} INFO - [2026-06-13T11:14:57.410+0000] {dagbag.py:545} INFO - Filling up the DagBag from /home/airflow/.local/lib/python3.12/site-packages/airflow/example_dags/example_python_decorator.py
[2026-06-13T11:14:57.425+0000] {processor.py:840} INFO - DAG(s) 'example_python_decorator' retrieved from /home/airflow/.local/lib/python3.12/site-packages/airflow/example_dags/example_python_decorator.py
[2026-06-13T11:14:57.454+0000] {logging_mixin.py:188} INFO - [2026-06-13T11:14:57.454+0000] {dag.py:3096} INFO - Sync 1 DAGs
[2026-06-13T11:14:57.470+0000] {logging_mixin.py:188} INFO - [2026-06-13T11:14:57.469+0000] {dag.py:3954} INFO - Setting next_dagrun for example_python_decorator to None, run_after=None
[2026-06-13T11:14:57.502+0000] {processor.py:183} INFO - Processing /home/airflow/.local/lib/python3.12/site-packages/airflow/example_dags/example_python_decorator.py took 0.103 seconds
[2026-06-13T11:15:27.812+0000] {processor.py:161} INFO - Started process (PID=808) to work on /home/airflow/.local/lib/python3.12/site-packages/airflow/example_dags/example_python_decorator.py
[2026-06-13T11:15:27.813+0000] {processor.py:830} INFO - Processing file /home/airflow/.local/lib/python3.12/site-packages/airflow/example_dags/example_python_decorator.py for tasks to queue
[2026-06-13T11:15:27.817+0000] {logging_mixin.py:188} INFO - [2026-06-13T11:15:27.816+0000] {dagbag.py:545} INFO - Filling up the DagBag from /home/airflow/.local/lib/python3.12/site-packages/airflow/example_dags/example_python_decorator.py
[2026-06-13T11:15:27.853+0000] {processor.py:840} INFO - DAG(s) 'example_python_decorator' retrieved from /home/airflow/.local/lib/python3.12/site-packages/airflow/example_dags/example_python_decorator.py
[2026-06-13T11:15:27.905+0000] {logging_mixin.py:188} INFO - [2026-06-13T11:15:27.905+0000] {dag.py:3096} INFO - Sync 1 DAGs
[2026-06-13T11:15:27.926+0000] {logging_mixin.py:188} INFO - [2026-06-13T11:15:27.925+0000] {dag.py:3954} INFO - Setting next_dagrun for example_python_decorator to None, run_after=None
[2026-06-13T11:15:27.962+0000] {processor.py:183} INFO - Processing /home/airflow/.local/lib/python3.12/site-packages/airflow/example_dags/example_python_decorator.py took 0.159 seconds
[2026-06-13T11:15:58.059+0000] {processor.py:161} INFO - Started process (PID=867) to work on /home/airflow/.local/lib/python3.12/site-packages/airflow/example_dags/example_python_decorator.py
[2026-06-13T11:15:58.060+0000] {processor.py:830} INFO - Processing file /home/airflow/.local/lib/python3.12/site-packages/airflow/example_dags/example_python_decorator.py for tasks to queue
[2026-06-13T11:15:58.063+0000] {logging_mixin.py:188} INFO - [2026-06-13T11:15:58.063+0000] {dagbag.py:545} INFO - Filling up the DagBag from /home/airflow/.local/lib/python3.12/site-packages/airflow/example_dags/example_python_decorator.py
[2026-06-13T11:15:58.077+0000] {processor.py:840} INFO - DAG(s) 'example_python_decorator' retrieved from /home/airflow/.local/lib/python3.12/site-packages/airflow/example_dags/example_python_decorator.py
[2026-06-13T11:15:58.104+0000] {logging_mixin.py:188} INFO - [2026-06-13T11:15:58.104+0000] {dag.py:3096} INFO - Sync 1 DAGs
[2026-06-13T11:15:58.117+0000] {logging_mixin.py:188} INFO - [2026-06-13T11:15:58.117+0000] {dag.py:3954} INFO - Setting next_dagrun for example_python_decorator to None, run_after=None
[2026-06-13T11:15:58.142+0000] {processor.py:183} INFO - Processing /home/airflow/.local/lib/python3.12/site-packages/airflow/example_dags/example_python_decorator.py took 0.089 seconds
[2026-06-13T11:16:28.422+0000] {processor.py:161} INFO - Started process (PID=926) to work on /home/airflow/.local/lib/python3.12/site-packages/airflow/example_dags/example_python_decorator.py
[2026-06-13T11:16:28.423+0000] {processor.py:830} INFO - Processing file /home/airflow/.local/lib/python3.12/site-packages/airflow/example_dags/example_python_decorator.py for tasks to queue
[2026-06-13T11:16:28.427+0000] {logging_mixin.py:188} INFO - [2026-06-13T11:16:28.426+0000] {dagbag.py:545} INFO - Filling up the DagBag from /home/airflow/.local/lib/python3.12/site-packages/airflow/example_dags/example_python_decorator.py
[2026-06-13T11:16:28.441+0000] {processor.py:840} INFO - DAG(s) 'example_python_decorator' retrieved from /home/airflow/.local/lib/python3.12/site-packages/airflow/example_dags/example_python_decorator.py
[2026-06-13T11:16:28.469+0000] {logging_mixin.py:188} INFO - [2026-06-13T11:16:28.469+0000] {dag.py:3096} INFO - Sync 1 DAGs
[2026-06-13T11:16:28.483+0000] {logging_mixin.py:188} INFO - [2026-06-13T11:16:28.483+0000] {dag.py:3954} INFO - Setting next_dagrun for example_python_decorator to None, run_after=None
[2026-06-13T11:16:28.511+0000] {processor.py:183} INFO - Processing /home/airflow/.local/lib/python3.12/site-packages/airflow/example_dags/example_python_decorator.py took 0.095 seconds
[2026-06-13T11:16:58.748+0000] {processor.py:161} INFO - Started process (PID=986) to work on /home/airflow/.local/lib/python3.12/site-packages/airflow/example_dags/example_python_decorator.py
[2026-06-13T11:16:58.750+0000] {processor.py:830} INFO - Processing file /home/airflow/.local/lib/python3.12/site-packages/airflow/example_dags/example_python_decorator.py for tasks to queue
[2026-06-13T11:16:58.754+0000] {logging_mixin.py:188} INFO - [2026-06-13T11:16:58.754+0000] {dagbag.py:545} INFO - Filling up the DagBag from /home/airflow/.local/lib/python3.12/site-packages/airflow/example_dags/example_python_decorator.py
[2026-06-13T11:16:58.772+0000] {processor.py:840} INFO - DAG(s) 'example_python_decorator' retrieved from /home/airflow/.local/lib/python3.12/site-packages/airflow/example_dags/example_python_decorator.py
[2026-06-13T11:16:58.807+0000] {logging_mixin.py:188} INFO - [2026-06-13T11:16:58.806+0000] {dag.py:3096} INFO - Sync 1 DAGs
[2026-06-13T11:16:58.848+0000] {logging_mixin.py:188} INFO - [2026-06-13T11:16:58.847+0000] {dag.py:3954} INFO - Setting next_dagrun for example_python_decorator to None, run_after=None
[2026-06-13T11:16:58.895+0000] {processor.py:183} INFO - Processing /home/airflow/.local/lib/python3.12/site-packages/airflow/example_dags/example_python_decorator.py took 0.155 seconds
[2026-06-13T11:17:28.944+0000] {processor.py:161} INFO - Started process (PID=1045) to work on /home/airflow/.local/lib/python3.12/site-packages/airflow/example_dags/example_python_decorator.py
[2026-06-13T11:17:28.946+0000] {processor.py:830} INFO - Processing file /home/airflow/.local/lib/python3.12/site-packages/airflow/example_dags/example_python_decorator.py for tasks to queue
[2026-06-13T11:17:28.949+0000] {logging_mixin.py:188} INFO - [2026-06-13T11:17:28.948+0000] {dagbag.py:545} INFO - Filling up the DagBag from /home/airflow/.local/lib/python3.12/site-packages/airflow/example_dags/example_python_decorator.py
[2026-06-13T11:17:28.963+0000] {processor.py:840} INFO - DAG(s) 'example_python_decorator' retrieved from /home/airflow/.local/lib/python3.12/site-packages/airflow/example_dags/example_python_decorator.py
[2026-06-13T11:17:28.994+0000] {logging_mixin.py:188} INFO - [2026-06-13T11:17:28.994+0000] {dag.py:3096} INFO - Sync 1 DAGs
[2026-06-13T11:17:29.008+0000] {logging_mixin.py:188} INFO - [2026-06-13T11:17:29.007+0000] {dag.py:3954} INFO - Setting next_dagrun for example_python_decorator to None, run_after=None
[2026-06-13T11:17:29.037+0000] {processor.py:183} INFO - Processing /home/airflow/.local/lib/python3.12/site-packages/airflow/example_dags/example_python_decorator.py took 0.098 seconds
[2026-06-13T11:17:59.458+0000] {processor.py:161} INFO - Started process (PID=1104) to work on /home/airflow/.local/lib/python3.12/site-packages/airflow/example_dags/example_python_decorator.py
[2026-06-13T11:17:59.460+0000] {processor.py:830} INFO - Processing file /home/airflow/.local/lib/python3.12/site-packages/airflow/example_dags/example_python_decorator.py for tasks to queue
[2026-06-13T11:17:59.462+0000] {logging_mixin.py:188} INFO - [2026-06-13T11:17:59.462+0000] {dagbag.py:545} INFO - Filling up the DagBag from /home/airflow/.local/lib/python3.12/site-packages/airflow/example_dags/example_python_decorator.py
[2026-06-13T11:17:59.478+0000] {processor.py:840} INFO - DAG(s) 'example_python_decorator' retrieved from /home/airflow/.local/lib/python3.12/site-packages/airflow/example_dags/example_python_decorator.py
[2026-06-13T11:17:59.507+0000] {logging_mixin.py:188} INFO - [2026-06-13T11:17:59.507+0000] {dag.py:3096} INFO - Sync 1 DAGs
[2026-06-13T11:17:59.523+0000] {logging_mixin.py:188} INFO - [2026-06-13T11:17:59.522+0000] {dag.py:3954} INFO - Setting next_dagrun for example_python_decorator to None, run_after=None
[2026-06-13T11:17:59.549+0000] {processor.py:183} INFO - Processing /home/airflow/.local/lib/python3.12/site-packages/airflow/example_dags/example_python_decorator.py took 0.098 seconds
[2026-06-13T11:18:30.464+0000] {processor.py:161} INFO - Started process (PID=1163) to work on /home/airflow/.local/lib/python3.12/site-packages/airflow/example_dags/example_python_decorator.py
[2026-06-13T11:18:30.466+0000] {processor.py:830} INFO - Processing file /home/airflow/.local/lib/python3.12/site-packages/airflow/example_dags/example_python_decorator.py for tasks to queue
[2026-06-13T11:18:30.469+0000] {logging_mixin.py:188} INFO - [2026-06-13T11:18:30.469+0000] {dagbag.py:545} INFO - Filling up the DagBag from /home/airflow/.local/lib/python3.12/site-packages/airflow/example_dags/example_python_decorator.py
[2026-06-13T11:18:30.485+0000] {processor.py:840} INFO - DAG(s) 'example_python_decorator' retrieved from /home/airflow/.local/lib/python3.12/site-packages/airflow/example_dags/example_python_decorator.py
[2026-06-13T11:18:30.515+0000] {logging_mixin.py:188} INFO - [2026-06-13T11:18:30.515+0000] {dag.py:3096} INFO - Sync 1 DAGs
[2026-06-13T11:18:30.530+0000] {logging_mixin.py:188} INFO - [2026-06-13T11:18:30.530+0000] {dag.py:3954} INFO - Setting next_dagrun for example_python_decorator to None, run_after=None
[2026-06-13T11:18:30.559+0000] {processor.py:183} INFO - Processing /home/airflow/.local/lib/python3.12/site-packages/airflow/example_dags/example_python_decorator.py took 0.101 seconds
[2026-06-13T11:48:56.073+0000] {processor.py:161} INFO - Started process (PID=1222) to work on /home/airflow/.local/lib/python3.12/site-packages/airflow/example_dags/example_python_decorator.py
[2026-06-13T11:48:56.075+0000] {processor.py:830} INFO - Processing file /home/airflow/.local/lib/python3.12/site-packages/airflow/example_dags/example_python_decorator.py for tasks to queue
[2026-06-13T11:48:56.082+0000] {logging_mixin.py:188} INFO - [2026-06-13T11:48:56.081+0000] {dagbag.py:545} INFO - Filling up the DagBag from /home/airflow/.local/lib/python3.12/site-packages/airflow/example_dags/example_python_decorator.py
[2026-06-13T11:48:56.119+0000] {processor.py:840} INFO - DAG(s) 'example_python_decorator' retrieved from /home/airflow/.local/lib/python3.12/site-packages/airflow/example_dags/example_python_decorator.py
[2026-06-13T11:48:56.169+0000] {logging_mixin.py:188} INFO - [2026-06-13T11:48:56.168+0000] {dag.py:3096} INFO - Sync 1 DAGs
[2026-06-13T11:48:56.198+0000] {logging_mixin.py:188} INFO - [2026-06-13T11:48:56.197+0000] {dag.py:3954} INFO - Setting next_dagrun for example_python_decorator to None, run_after=None
[2026-06-13T11:48:56.246+0000] {processor.py:183} INFO - Processing /home/airflow/.local/lib/python3.12/site-packages/airflow/example_dags/example_python_decorator.py took 0.198 seconds
[2026-06-13T11:49:26.403+0000] {processor.py:161} INFO - Started process (PID=1281) to work on /home/airflow/.local/lib/python3.12/site-packages/airflow/example_dags/example_python_decorator.py
[2026-06-13T11:49:26.405+0000] {processor.py:830} INFO - Processing file /home/airflow/.local/lib/python3.12/site-packages/airflow/example_dags/example_python_decorator.py for tasks to queue
[2026-06-13T11:49:26.409+0000] {logging_mixin.py:188} INFO - [2026-06-13T11:49:26.408+0000] {dagbag.py:545} INFO - Filling up the DagBag from /home/airflow/.local/lib/python3.12/site-packages/airflow/example_dags/example_python_decorator.py
[2026-06-13T11:49:26.428+0000] {processor.py:840} INFO - DAG(s) 'example_python_decorator' retrieved from /home/airflow/.local/lib/python3.12/site-packages/airflow/example_dags/example_python_decorator.py
[2026-06-13T11:49:26.465+0000] {logging_mixin.py:188} INFO - [2026-06-13T11:49:26.465+0000] {dag.py:3096} INFO - Sync 1 DAGs
[2026-06-13T11:49:26.482+0000] {logging_mixin.py:188} INFO - [2026-06-13T11:49:26.482+0000] {dag.py:3954} INFO - Setting next_dagrun for example_python_decorator to None, run_after=None
[2026-06-13T11:49:26.527+0000] {processor.py:183} INFO - Processing /home/airflow/.local/lib/python3.12/site-packages/airflow/example_dags/example_python_decorator.py took 0.133 seconds
[2026-06-13T11:49:56.619+0000] {processor.py:161} INFO - Started process (PID=1340) to work on /home/airflow/.local/lib/python3.12/site-packages/airflow/example_dags/example_python_decorator.py
[2026-06-13T11:49:56.620+0000] {processor.py:830} INFO - Processing file /home/airflow/.local/lib/python3.12/site-packages/airflow/example_dags/example_python_decorator.py for tasks to queue
[2026-06-13T11:49:56.623+0000] {logging_mixin.py:188} INFO - [2026-06-13T11:49:56.623+0000] {dagbag.py:545} INFO - Filling up the DagBag from /home/airflow/.local/lib/python3.12/site-packages/airflow/example_dags/example_python_decorator.py
[2026-06-13T11:49:56.639+0000] {processor.py:840} INFO - DAG(s) 'example_python_decorator' retrieved from /home/airflow/.local/lib/python3.12/site-packages/airflow/example_dags/example_python_decorator.py
[2026-06-13T11:49:56.671+0000] {logging_mixin.py:188} INFO - [2026-06-13T11:49:56.671+0000] {dag.py:3096} INFO - Sync 1 DAGs
[2026-06-13T11:49:56.690+0000] {logging_mixin.py:188} INFO - [2026-06-13T11:49:56.689+0000] {dag.py:3954} INFO - Setting next_dagrun for example_python_decorator to None, run_after=None
[2026-06-13T11:49:56.721+0000] {processor.py:183} INFO - Processing /home/airflow/.local/lib/python3.12/site-packages/airflow/example_dags/example_python_decorator.py took 0.109 seconds
[2026-06-13T11:50:27.289+0000] {processor.py:161} INFO - Started process (PID=1399) to work on /home/airflow/.local/lib/python3.12/site-packages/airflow/example_dags/example_python_decorator.py
[2026-06-13T11:50:27.291+0000] {processor.py:830} INFO - Processing file /home/airflow/.local/lib/python3.12/site-packages/airflow/example_dags/example_python_decorator.py for tasks to queue
[2026-06-13T11:50:27.295+0000] {logging_mixin.py:188} INFO - [2026-06-13T11:50:27.294+0000] {dagbag.py:545} INFO - Filling up the DagBag from /home/airflow/.local/lib/python3.12/site-packages/airflow/example_dags/example_python_decorator.py
[2026-06-13T11:50:27.313+0000] {processor.py:840} INFO - DAG(s) 'example_python_decorator' retrieved from /home/airflow/.local/lib/python3.12/site-packages/airflow/example_dags/example_python_decorator.py
[2026-06-13T11:50:27.344+0000] {logging_mixin.py:188} INFO - [2026-06-13T11:50:27.344+0000] {dag.py:3096} INFO - Sync 1 DAGs
[2026-06-13T11:50:27.361+0000] {logging_mixin.py:188} INFO - [2026-06-13T11:50:27.361+0000] {dag.py:3954} INFO - Setting next_dagrun for example_python_decorator to None, run_after=None
[2026-06-13T11:50:27.390+0000] {processor.py:183} INFO - Processing /home/airflow/.local/lib/python3.12/site-packages/airflow/example_dags/example_python_decorator.py took 0.110 seconds
[2026-06-13T11:50:58.016+0000] {processor.py:161} INFO - Started process (PID=1458) to work on /home/airflow/.local/lib/python3.12/site-packages/airflow/example_dags/example_python_decorator.py
[2026-06-13T11:50:58.018+0000] {processor.py:830} INFO - Processing file /home/airflow/.local/lib/python3.12/site-packages/airflow/example_dags/example_python_decorator.py for tasks to queue
[2026-06-13T11:50:58.020+0000] {logging_mixin.py:188} INFO - [2026-06-13T11:50:58.020+0000] {dagbag.py:545} INFO - Filling up the DagBag from /home/airflow/.local/lib/python3.12/site-packages/airflow/example_dags/example_python_decorator.py
[2026-06-13T11:50:58.034+0000] {processor.py:840} INFO - DAG(s) 'example_python_decorator' retrieved from /home/airflow/.local/lib/python3.12/site-packages/airflow/example_dags/example_python_decorator.py
[2026-06-13T11:50:58.071+0000] {logging_mixin.py:188} INFO - [2026-06-13T11:50:58.071+0000] {dag.py:3096} INFO - Sync 1 DAGs
[2026-06-13T11:50:58.087+0000] {logging_mixin.py:188} INFO - [2026-06-13T11:50:58.087+0000] {dag.py:3954} INFO - Setting next_dagrun for example_python_decorator to None, run_after=None
[2026-06-13T11:50:58.124+0000] {processor.py:183} INFO - Processing /home/airflow/.local/lib/python3.12/site-packages/airflow/example_dags/example_python_decorator.py took 0.114 seconds
[2026-06-13T11:51:28.447+0000] {processor.py:161} INFO - Started process (PID=1517) to work on /home/airflow/.local/lib/python3.12/site-packages/airflow/example_dags/example_python_decorator.py
[2026-06-13T11:51:28.449+0000] {processor.py:830} INFO - Processing file /home/airflow/.local/lib/python3.12/site-packages/airflow/example_dags/example_python_decorator.py for tasks to queue
[2026-06-13T11:51:28.452+0000] {logging_mixin.py:188} INFO - [2026-06-13T11:51:28.451+0000] {dagbag.py:545} INFO - Filling up the DagBag from /home/airflow/.local/lib/python3.12/site-packages/airflow/example_dags/example_python_decorator.py
[2026-06-13T11:51:28.465+0000] {processor.py:840} INFO - DAG(s) 'example_python_decorator' retrieved from /home/airflow/.local/lib/python3.12/site-packages/airflow/example_dags/example_python_decorator.py
[2026-06-13T11:51:28.496+0000] {logging_mixin.py:188} INFO - [2026-06-13T11:51:28.496+0000] {dag.py:3096} INFO - Sync 1 DAGs
[2026-06-13T11:51:28.510+0000] {logging_mixin.py:188} INFO - [2026-06-13T11:51:28.509+0000] {dag.py:3954} INFO - Setting next_dagrun for example_python_decorator to None, run_after=None
[2026-06-13T11:51:28.539+0000] {processor.py:183} INFO - Processing /home/airflow/.local/lib/python3.12/site-packages/airflow/example_dags/example_python_decorator.py took 0.098 seconds
[2026-06-13T11:51:59.518+0000] {processor.py:161} INFO - Started process (PID=1576) to work on /home/airflow/.local/lib/python3.12/site-packages/airflow/example_dags/example_python_decorator.py
[2026-06-13T11:51:59.520+0000] {processor.py:830} INFO - Processing file /home/airflow/.local/lib/python3.12/site-packages/airflow/example_dags/example_python_decorator.py for tasks to queue
[2026-06-13T11:51:59.523+0000] {logging_mixin.py:188} INFO - [2026-06-13T11:51:59.522+0000] {dagbag.py:545} INFO - Filling up the DagBag from /home/airflow/.local/lib/python3.12/site-packages/airflow/example_dags/example_python_decorator.py
[2026-06-13T11:51:59.537+0000] {processor.py:840} INFO - DAG(s) 'example_python_decorator' retrieved from /home/airflow/.local/lib/python3.12/site-packages/airflow/example_dags/example_python_decorator.py
[2026-06-13T11:51:59.564+0000] {logging_mixin.py:188} INFO - [2026-06-13T11:51:59.564+0000] {dag.py:3096} INFO - Sync 1 DAGs
[2026-06-13T11:51:59.578+0000] {logging_mixin.py:188} INFO - [2026-06-13T11:51:59.578+0000] {dag.py:3954} INFO - Setting next_dagrun for example_python_decorator to None, run_after=None
[2026-06-13T11:51:59.607+0000] {processor.py:183} INFO - Processing /home/airflow/.local/lib/python3.12/site-packages/airflow/example_dags/example_python_decorator.py took 0.094 seconds
[2026-06-13T11:52:30.915+0000] {processor.py:161} INFO - Started process (PID=1635) to work on /home/airflow/.local/lib/python3.12/site-packages/airflow/example_dags/example_python_decorator.py
[2026-06-13T11:52:30.917+0000] {processor.py:830} INFO - Processing file /home/airflow/.local/lib/python3.12/site-packages/airflow/example_dags/example_python_decorator.py for tasks to queue
[2026-06-13T11:52:30.920+0000] {logging_mixin.py:188} INFO - [2026-06-13T11:52:30.919+0000] {dagbag.py:545} INFO - Filling up the DagBag from /home/airflow/.local/lib/python3.12/site-packages/airflow/example_dags/example_python_decorator.py
[2026-06-13T11:52:30.935+0000] {processor.py:840} INFO - DAG(s) 'example_python_decorator' retrieved from /home/airflow/.local/lib/python3.12/site-packages/airflow/example_dags/example_python_decorator.py
[2026-06-13T11:52:30.963+0000] {logging_mixin.py:188} INFO - [2026-06-13T11:52:30.963+0000] {dag.py:3096} INFO - Sync 1 DAGs
[2026-06-13T11:52:30.978+0000] {logging_mixin.py:188} INFO - [2026-06-13T11:52:30.978+0000] {dag.py:3954} INFO - Setting next_dagrun for example_python_decorator to None, run_after=None
[2026-06-13T11:52:31.006+0000] {processor.py:183} INFO - Processing /home/airflow/.local/lib/python3.12/site-packages/airflow/example_dags/example_python_decorator.py took 0.097 seconds
[2026-06-13T11:53:01.582+0000] {processor.py:161} INFO - Started process (PID=1694) to work on /home/airflow/.local/lib/python3.12/site-packages/airflow/example_dags/example_python_decorator.py
[2026-06-13T11:53:01.583+0000] {processor.py:830} INFO - Processing file /home/airflow/.local/lib/python3.12/site-packages/airflow/example_dags/example_python_decorator.py for tasks to queue
[2026-06-13T11:53:01.586+0000] {logging_mixin.py:188} INFO - [2026-06-13T11:53:01.586+0000] {dagbag.py:545} INFO - Filling up the DagBag from /home/airflow/.local/lib/python3.12/site-packages/airflow/example_dags/example_python_decorator.py
[2026-06-13T11:53:01.600+0000] {processor.py:840} INFO - DAG(s) 'example_python_decorator' retrieved from /home/airflow/.local/lib/python3.12/site-packages/airflow/example_dags/example_python_decorator.py
[2026-06-13T11:53:01.627+0000] {logging_mixin.py:188} INFO - [2026-06-13T11:53:01.627+0000] {dag.py:3096} INFO - Sync 1 DAGs
[2026-06-13T11:53:01.642+0000] {logging_mixin.py:188} INFO - [2026-06-13T11:53:01.641+0000] {dag.py:3954} INFO - Setting next_dagrun for example_python_decorator to None, run_after=None
[2026-06-13T11:53:01.670+0000] {processor.py:183} INFO - Processing /home/airflow/.local/lib/python3.12/site-packages/airflow/example_dags/example_python_decorator.py took 0.095 seconds
[2026-06-13T11:53:31.918+0000] {processor.py:161} INFO - Started process (PID=1753) to work on /home/airflow/.local/lib/python3.12/site-packages/airflow/example_dags/example_python_decorator.py
[2026-06-13T11:53:31.919+0000] {processor.py:830} INFO - Processing file /home/airflow/.local/lib/python3.12/site-packages/airflow/example_dags/example_python_decorator.py for tasks to queue
[2026-06-13T11:53:31.922+0000] {logging_mixin.py:188} INFO - [2026-06-13T11:53:31.921+0000] {dagbag.py:545} INFO - Filling up the DagBag from /home/airflow/.local/lib/python3.12/site-packages/airflow/example_dags/example_python_decorator.py
[2026-06-13T11:53:31.935+0000] {processor.py:840} INFO - DAG(s) 'example_python_decorator' retrieved from /home/airflow/.local/lib/python3.12/site-packages/airflow/example_dags/example_python_decorator.py
[2026-06-13T11:53:31.962+0000] {logging_mixin.py:188} INFO - [2026-06-13T11:53:31.962+0000] {dag.py:3096} INFO - Sync 1 DAGs
[2026-06-13T11:53:31.976+0000] {logging_mixin.py:188} INFO - [2026-06-13T11:53:31.976+0000] {dag.py:3954} INFO - Setting next_dagrun for example_python_decorator to None, run_after=None
[2026-06-13T11:53:32.003+0000] {processor.py:183} INFO - Processing /home/airflow/.local/lib/python3.12/site-packages/airflow/example_dags/example_python_decorator.py took 0.091 seconds
[2026-06-13T11:54:02.598+0000] {processor.py:161} INFO - Started process (PID=1812) to work on /home/airflow/.local/lib/python3.12/site-packages/airflow/example_dags/example_python_decorator.py
[2026-06-13T11:54:02.599+0000] {processor.py:830} INFO - Processing file /home/airflow/.local/lib/python3.12/site-packages/airflow/example_dags/example_python_decorator.py for tasks to queue
[2026-06-13T11:54:02.602+0000] {logging_mixin.py:188} INFO - [2026-06-13T11:54:02.601+0000] {dagbag.py:545} INFO - Filling up the DagBag from /home/airflow/.local/lib/python3.12/site-packages/airflow/example_dags/example_python_decorator.py
[2026-06-13T11:54:02.616+0000] {processor.py:840} INFO - DAG(s) 'example_python_decorator' retrieved from /home/airflow/.local/lib/python3.12/site-packages/airflow/example_dags/example_python_decorator.py
[2026-06-13T11:54:02.645+0000] {logging_mixin.py:188} INFO - [2026-06-13T11:54:02.644+0000] {dag.py:3096} INFO - Sync 1 DAGs
[2026-06-13T11:54:02.658+0000] {logging_mixin.py:188} INFO - [2026-06-13T11:54:02.658+0000] {dag.py:3954} INFO - Setting next_dagrun for example_python_decorator to None, run_after=None
[2026-06-13T11:54:02.684+0000] {processor.py:183} INFO - Processing /home/airflow/.local/lib/python3.12/site-packages/airflow/example_dags/example_python_decorator.py took 0.092 seconds
[2026-06-13T11:54:34.926+0000] {processor.py:161} INFO - Started process (PID=1871) to work on /home/airflow/.local/lib/python3.12/site-packages/airflow/example_dags/example_python_decorator.py
[2026-06-13T11:54:34.927+0000] {processor.py:830} INFO - Processing file /home/airflow/.local/lib/python3.12/site-packages/airflow/example_dags/example_python_decorator.py for tasks to queue
[2026-06-13T11:54:34.930+0000] {logging_mixin.py:188} INFO - [2026-06-13T11:54:34.929+0000] {dagbag.py:545} INFO - Filling up the DagBag from /home/airflow/.local/lib/python3.12/site-packages/airflow/example_dags/example_python_decorator.py
[2026-06-13T11:54:34.944+0000] {processor.py:840} INFO - DAG(s) 'example_python_decorator' retrieved from /home/airflow/.local/lib/python3.12/site-packages/airflow/example_dags/example_python_decorator.py
[2026-06-13T11:54:34.969+0000] {logging_mixin.py:188} INFO - [2026-06-13T11:54:34.969+0000] {dag.py:3096} INFO - Sync 1 DAGs
[2026-06-13T11:54:34.983+0000] {logging_mixin.py:188} INFO - [2026-06-13T11:54:34.983+0000] {dag.py:3954} INFO - Setting next_dagrun for example_python_decorator to None, run_after=None
[2026-06-13T11:54:35.011+0000] {processor.py:183} INFO - Processing /home/airflow/.local/lib/python3.12/site-packages/airflow/example_dags/example_python_decorator.py took 0.091 seconds
[2026-06-13T11:55:06.280+0000] {processor.py:161} INFO - Started process (PID=1931) to work on /home/airflow/.local/lib/python3.12/site-packages/airflow/example_dags/example_python_decorator.py
[2026-06-13T11:55:06.282+0000] {processor.py:830} INFO - Processing file /home/airflow/.local/lib/python3.12/site-packages/airflow/example_dags/example_python_decorator.py for tasks to queue
[2026-06-13T11:55:06.285+0000] {logging_mixin.py:188} INFO - [2026-06-13T11:55:06.285+0000] {dagbag.py:545} INFO - Filling up the DagBag from /home/airflow/.local/lib/python3.12/site-packages/airflow/example_dags/example_python_decorator.py
[2026-06-13T11:55:06.300+0000] {processor.py:840} INFO - DAG(s) 'example_python_decorator' retrieved from /home/airflow/.local/lib/python3.12/site-packages/airflow/example_dags/example_python_decorator.py
[2026-06-13T11:55:06.468+0000] {logging_mixin.py:188} INFO - [2026-06-13T11:55:06.467+0000] {dag.py:3096} INFO - Sync 1 DAGs
[2026-06-13T11:55:06.481+0000] {logging_mixin.py:188} INFO - [2026-06-13T11:55:06.481+0000] {dag.py:3954} INFO - Setting next_dagrun for example_python_decorator to None, run_after=None
[2026-06-13T11:55:06.505+0000] {processor.py:183} INFO - Processing /home/airflow/.local/lib/python3.12/site-packages/airflow/example_dags/example_python_decorator.py took 0.232 seconds
[2026-06-13T11:55:37.346+0000] {processor.py:161} INFO - Started process (PID=1990) to work on /home/airflow/.local/lib/python3.12/site-packages/airflow/example_dags/example_python_decorator.py
[2026-06-13T11:55:37.348+0000] {processor.py:830} INFO - Processing file /home/airflow/.local/lib/python3.12/site-packages/airflow/example_dags/example_python_decorator.py for tasks to queue
[2026-06-13T11:55:37.351+0000] {logging_mixin.py:188} INFO - [2026-06-13T11:55:37.350+0000] {dagbag.py:545} INFO - Filling up the DagBag from /home/airflow/.local/lib/python3.12/site-packages/airflow/example_dags/example_python_decorator.py
[2026-06-13T11:55:37.368+0000] {processor.py:840} INFO - DAG(s) 'example_python_decorator' retrieved from /home/airflow/.local/lib/python3.12/site-packages/airflow/example_dags/example_python_decorator.py
[2026-06-13T11:55:37.400+0000] {logging_mixin.py:188} INFO - [2026-06-13T11:55:37.400+0000] {dag.py:3096} INFO - Sync 1 DAGs
[2026-06-13T11:55:37.418+0000] {logging_mixin.py:188} INFO - [2026-06-13T11:55:37.418+0000] {dag.py:3954} INFO - Setting next_dagrun for example_python_decorator to None, run_after=None
[2026-06-13T11:55:37.447+0000] {processor.py:183} INFO - Processing /home/airflow/.local/lib/python3.12/site-packages/airflow/example_dags/example_python_decorator.py took 0.108 seconds
[2026-06-13T11:57:51.072+0000] {processor.py:161} INFO - Started process (PID=2049) to work on /home/airflow/.local/lib/python3.12/site-packages/airflow/example_dags/example_python_decorator.py
[2026-06-13T11:57:51.074+0000] {processor.py:830} INFO - Processing file /home/airflow/.local/lib/python3.12/site-packages/airflow/example_dags/example_python_decorator.py for tasks to queue
[2026-06-13T11:57:51.077+0000] {logging_mixin.py:188} INFO - [2026-06-13T11:57:51.076+0000] {dagbag.py:545} INFO - Filling up the DagBag from /home/airflow/.local/lib/python3.12/site-packages/airflow/example_dags/example_python_decorator.py
[2026-06-13T11:57:51.090+0000] {processor.py:840} INFO - DAG(s) 'example_python_decorator' retrieved from /home/airflow/.local/lib/python3.12/site-packages/airflow/example_dags/example_python_decorator.py
[2026-06-13T11:57:51.121+0000] {logging_mixin.py:188} INFO - [2026-06-13T11:57:51.121+0000] {dag.py:3096} INFO - Sync 1 DAGs
[2026-06-13T11:57:51.137+0000] {logging_mixin.py:188} INFO - [2026-06-13T11:57:51.136+0000] {dag.py:3954} INFO - Setting next_dagrun for example_python_decorator to None, run_after=None
[2026-06-13T11:57:51.163+0000] {processor.py:183} INFO - Processing /home/airflow/.local/lib/python3.12/site-packages/airflow/example_dags/example_python_decorator.py took 0.098 seconds
[2026-06-13T11:58:21.938+0000] {processor.py:161} INFO - Started process (PID=2116) to work on /home/airflow/.local/lib/python3.12/site-packages/airflow/example_dags/example_python_decorator.py
[2026-06-13T11:58:21.940+0000] {processor.py:830} INFO - Processing file /home/airflow/.local/lib/python3.12/site-packages/airflow/example_dags/example_python_decorator.py for tasks to queue
[2026-06-13T11:58:21.943+0000] {logging_mixin.py:188} INFO - [2026-06-13T11:58:21.942+0000] {dagbag.py:545} INFO - Filling up the DagBag from /home/airflow/.local/lib/python3.12/site-packages/airflow/example_dags/example_python_decorator.py
[2026-06-13T11:58:21.957+0000] {processor.py:840} INFO - DAG(s) 'example_python_decorator' retrieved from /home/airflow/.local/lib/python3.12/site-packages/airflow/example_dags/example_python_decorator.py
[2026-06-13T11:58:21.984+0000] {logging_mixin.py:188} INFO - [2026-06-13T11:58:21.983+0000] {dag.py:3096} INFO - Sync 1 DAGs
[2026-06-13T11:58:21.997+0000] {logging_mixin.py:188} INFO - [2026-06-13T11:58:21.997+0000] {dag.py:3954} INFO - Setting next_dagrun for example_python_decorator to None, run_after=None
[2026-06-13T11:58:22.025+0000] {processor.py:183} INFO - Processing /home/airflow/.local/lib/python3.12/site-packages/airflow/example_dags/example_python_decorator.py took 0.094 seconds
[2026-06-13T11:58:52.532+0000] {processor.py:161} INFO - Started process (PID=2176) to work on /home/airflow/.local/lib/python3.12/site-packages/airflow/example_dags/example_python_decorator.py
[2026-06-13T11:58:52.534+0000] {processor.py:830} INFO - Processing file /home/airflow/.local/lib/python3.12/site-packages/airflow/example_dags/example_python_decorator.py for tasks to queue
[2026-06-13T11:58:52.537+0000] {logging_mixin.py:188} INFO - [2026-06-13T11:58:52.536+0000] {dagbag.py:545} INFO - Filling up the DagBag from /home/airflow/.local/lib/python3.12/site-packages/airflow/example_dags/example_python_decorator.py
[2026-06-13T11:58:52.552+0000] {processor.py:840} INFO - DAG(s) 'example_python_decorator' retrieved from /home/airflow/.local/lib/python3.12/site-packages/airflow/example_dags/example_python_decorator.py
[2026-06-13T11:58:52.582+0000] {logging_mixin.py:188} INFO - [2026-06-13T11:58:52.581+0000] {dag.py:3096} INFO - Sync 1 DAGs
[2026-06-13T11:58:52.596+0000] {logging_mixin.py:188} INFO - [2026-06-13T11:58:52.596+0000] {dag.py:3954} INFO - Setting next_dagrun for example_python_decorator to None, run_after=None
[2026-06-13T11:58:52.628+0000] {processor.py:183} INFO - Processing /home/airflow/.local/lib/python3.12/site-packages/airflow/example_dags/example_python_decorator.py took 0.102 seconds
[2026-06-13T11:59:23.068+0000] {processor.py:161} INFO - Started process (PID=2274) to work on /home/airflow/.local/lib/python3.12/site-packages/airflow/example_dags/example_python_decorator.py
[2026-06-13T11:59:23.070+0000] {processor.py:830} INFO - Processing file /home/airflow/.local/lib/python3.12/site-packages/airflow/example_dags/example_python_decorator.py for tasks to queue
[2026-06-13T11:59:23.073+0000] {logging_mixin.py:188} INFO - [2026-06-13T11:59:23.073+0000] {dagbag.py:545} INFO - Filling up the DagBag from /home/airflow/.local/lib/python3.12/site-packages/airflow/example_dags/example_python_decorator.py
[2026-06-13T11:59:23.089+0000] {processor.py:840} INFO - DAG(s) 'example_python_decorator' retrieved from /home/airflow/.local/lib/python3.12/site-packages/airflow/example_dags/example_python_decorator.py
[2026-06-13T11:59:23.119+0000] {logging_mixin.py:188} INFO - [2026-06-13T11:59:23.119+0000] {dag.py:3096} INFO - Sync 1 DAGs
[2026-06-13T11:59:23.133+0000] {logging_mixin.py:188} INFO - [2026-06-13T11:59:23.133+0000] {dag.py:3954} INFO - Setting next_dagrun for example_python_decorator to None, run_after=None
[2026-06-13T11:59:23.162+0000] {processor.py:183} INFO - Processing /home/airflow/.local/lib/python3.12/site-packages/airflow/example_dags/example_python_decorator.py took 0.105 seconds
[2026-06-13T11:59:53.289+0000] {processor.py:161} INFO - Started process (PID=2333) to work on /home/airflow/.local/lib/python3.12/site-packages/airflow/example_dags/example_python_decorator.py
[2026-06-13T11:59:53.291+0000] {processor.py:830} INFO - Processing file /home/airflow/.local/lib/python3.12/site-packages/airflow/example_dags/example_python_decorator.py for tasks to queue
[2026-06-13T11:59:53.294+0000] {logging_mixin.py:188} INFO - [2026-06-13T11:59:53.293+0000] {dagbag.py:545} INFO - Filling up the DagBag from /home/airflow/.local/lib/python3.12/site-packages/airflow/example_dags/example_python_decorator.py
[2026-06-13T11:59:53.308+0000] {processor.py:840} INFO - DAG(s) 'example_python_decorator' retrieved from /home/airflow/.local/lib/python3.12/site-packages/airflow/example_dags/example_python_decorator.py
[2026-06-13T11:59:53.335+0000] {logging_mixin.py:188} INFO - [2026-06-13T11:59:53.335+0000] {dag.py:3096} INFO - Sync 1 DAGs
[2026-06-13T11:59:53.350+0000] {logging_mixin.py:188} INFO - [2026-06-13T11:59:53.350+0000] {dag.py:3954} INFO - Setting next_dagrun for example_python_decorator to None, run_after=None
[2026-06-13T11:59:53.377+0000] {processor.py:183} INFO - Processing /home/airflow/.local/lib/python3.12/site-packages/airflow/example_dags/example_python_decorator.py took 0.098 seconds
[2026-06-13T12:00:24.084+0000] {processor.py:161} INFO - Started process (PID=2392) to work on /home/airflow/.local/lib/python3.12/site-packages/airflow/example_dags/example_python_decorator.py
[2026-06-13T12:00:24.085+0000] {processor.py:830} INFO - Processing file /home/airflow/.local/lib/python3.12/site-packages/airflow/example_dags/example_python_decorator.py for tasks to queue
[2026-06-13T12:00:24.089+0000] {logging_mixin.py:188} INFO - [2026-06-13T12:00:24.088+0000] {dagbag.py:545} INFO - Filling up the DagBag from /home/airflow/.local/lib/python3.12/site-packages/airflow/example_dags/example_python_decorator.py
[2026-06-13T12:00:24.105+0000] {processor.py:840} INFO - DAG(s) 'example_python_decorator' retrieved from /home/airflow/.local/lib/python3.12/site-packages/airflow/example_dags/example_python_decorator.py
[2026-06-13T12:00:24.137+0000] {logging_mixin.py:188} INFO - [2026-06-13T12:00:24.137+0000] {dag.py:3096} INFO - Sync 1 DAGs
[2026-06-13T12:00:24.153+0000] {logging_mixin.py:188} INFO - [2026-06-13T12:00:24.152+0000] {dag.py:3954} INFO - Setting next_dagrun for example_python_decorator to None, run_after=None
[2026-06-13T12:00:24.198+0000] {processor.py:183} INFO - Processing /home/airflow/.local/lib/python3.12/site-packages/airflow/example_dags/example_python_decorator.py took 0.125 seconds
[2026-06-13T12:00:54.899+0000] {processor.py:161} INFO - Started process (PID=2469) to work on /home/airflow/.local/lib/python3.12/site-packages/airflow/example_dags/example_python_decorator.py
[2026-06-13T12:00:54.900+0000] {processor.py:830} INFO - Processing file /home/airflow/.local/lib/python3.12/site-packages/airflow/example_dags/example_python_decorator.py for tasks to queue
[2026-06-13T12:00:54.903+0000] {logging_mixin.py:188} INFO - [2026-06-13T12:00:54.902+0000] {dagbag.py:545} INFO - Filling up the DagBag from /home/airflow/.local/lib/python3.12/site-packages/airflow/example_dags/example_python_decorator.py
[2026-06-13T12:00:54.917+0000] {processor.py:840} INFO - DAG(s) 'example_python_decorator' retrieved from /home/airflow/.local/lib/python3.12/site-packages/airflow/example_dags/example_python_decorator.py
[2026-06-13T12:00:54.946+0000] {logging_mixin.py:188} INFO - [2026-06-13T12:00:54.946+0000] {dag.py:3096} INFO - Sync 1 DAGs
[2026-06-13T12:00:54.959+0000] {logging_mixin.py:188} INFO - [2026-06-13T12:00:54.959+0000] {dag.py:3954} INFO - Setting next_dagrun for example_python_decorator to None, run_after=None
[2026-06-13T12:00:54.987+0000] {processor.py:183} INFO - Processing /home/airflow/.local/lib/python3.12/site-packages/airflow/example_dags/example_python_decorator.py took 0.099 seconds
[2026-06-13T12:01:25.579+0000] {processor.py:161} INFO - Started process (PID=2528) to work on /home/airflow/.local/lib/python3.12/site-packages/airflow/example_dags/example_python_decorator.py
[2026-06-13T12:01:25.580+0000] {processor.py:830} INFO - Processing file /home/airflow/.local/lib/python3.12/site-packages/airflow/example_dags/example_python_decorator.py for tasks to queue
[2026-06-13T12:01:25.584+0000] {logging_mixin.py:188} INFO - [2026-06-13T12:01:25.583+0000] {dagbag.py:545} INFO - Filling up the DagBag from /home/airflow/.local/lib/python3.12/site-packages/airflow/example_dags/example_python_decorator.py
[2026-06-13T12:01:25.599+0000] {processor.py:840} INFO - DAG(s) 'example_python_decorator' retrieved from /home/airflow/.local/lib/python3.12/site-packages/airflow/example_dags/example_python_decorator.py
[2026-06-13T12:01:25.630+0000] {logging_mixin.py:188} INFO - [2026-06-13T12:01:25.629+0000] {dag.py:3096} INFO - Sync 1 DAGs
[2026-06-13T12:01:25.645+0000] {logging_mixin.py:188} INFO - [2026-06-13T12:01:25.645+0000] {dag.py:3954} INFO - Setting next_dagrun for example_python_decorator to None, run_after=None
[2026-06-13T12:01:25.670+0000] {processor.py:183} INFO - Processing /home/airflow/.local/lib/python3.12/site-packages/airflow/example_dags/example_python_decorator.py took 0.101 seconds
[2026-06-13T12:01:56.078+0000] {processor.py:161} INFO - Started process (PID=2587) to work on /home/airflow/.local/lib/python3.12/site-packages/airflow/example_dags/example_python_decorator.py
[2026-06-13T12:01:56.080+0000] {processor.py:830} INFO - Processing file /home/airflow/.local/lib/python3.12/site-packages/airflow/example_dags/example_python_decorator.py for tasks to queue
[2026-06-13T12:01:56.083+0000] {logging_mixin.py:188} INFO - [2026-06-13T12:01:56.082+0000] {dagbag.py:545} INFO - Filling up the DagBag from /home/airflow/.local/lib/python3.12/site-packages/airflow/example_dags/example_python_decorator.py
[2026-06-13T12:01:56.098+0000] {processor.py:840} INFO - DAG(s) 'example_python_decorator' retrieved from /home/airflow/.local/lib/python3.12/site-packages/airflow/example_dags/example_python_decorator.py
[2026-06-13T12:01:56.130+0000] {logging_mixin.py:188} INFO - [2026-06-13T12:01:56.130+0000] {dag.py:3096} INFO - Sync 1 DAGs
[2026-06-13T12:01:56.147+0000] {logging_mixin.py:188} INFO - [2026-06-13T12:01:56.146+0000] {dag.py:3954} INFO - Setting next_dagrun for example_python_decorator to None, run_after=None
[2026-06-13T12:01:56.176+0000] {processor.py:183} INFO - Processing /home/airflow/.local/lib/python3.12/site-packages/airflow/example_dags/example_python_decorator.py took 0.108 seconds
[2026-06-13T12:02:26.716+0000] {processor.py:161} INFO - Started process (PID=2654) to work on /home/airflow/.local/lib/python3.12/site-packages/airflow/example_dags/example_python_decorator.py
[2026-06-13T12:02:26.718+0000] {processor.py:830} INFO - Processing file /home/airflow/.local/lib/python3.12/site-packages/airflow/example_dags/example_python_decorator.py for tasks to queue
[2026-06-13T12:02:26.721+0000] {logging_mixin.py:188} INFO - [2026-06-13T12:02:26.720+0000] {dagbag.py:545} INFO - Filling up the DagBag from /home/airflow/.local/lib/python3.12/site-packages/airflow/example_dags/example_python_decorator.py
[2026-06-13T12:02:26.736+0000] {processor.py:840} INFO - DAG(s) 'example_python_decorator' retrieved from /home/airflow/.local/lib/python3.12/site-packages/airflow/example_dags/example_python_decorator.py
[2026-06-13T12:02:26.766+0000] {logging_mixin.py:188} INFO - [2026-06-13T12:02:26.766+0000] {dag.py:3096} INFO - Sync 1 DAGs
[2026-06-13T12:02:26.781+0000] {logging_mixin.py:188} INFO - [2026-06-13T12:02:26.780+0000] {dag.py:3954} INFO - Setting next_dagrun for example_python_decorator to None, run_after=None
[2026-06-13T12:02:26.809+0000] {processor.py:183} INFO - Processing /home/airflow/.local/lib/python3.12/site-packages/airflow/example_dags/example_python_decorator.py took 0.105 seconds
[2026-06-13T12:02:57.078+0000] {processor.py:161} INFO - Started process (PID=2769) to work on /home/airflow/.local/lib/python3.12/site-packages/airflow/example_dags/example_python_decorator.py
[2026-06-13T12:02:57.080+0000] {processor.py:830} INFO - Processing file /home/airflow/.local/lib/python3.12/site-packages/airflow/example_dags/example_python_decorator.py for tasks to queue
[2026-06-13T12:02:57.083+0000] {logging_mixin.py:188} INFO - [2026-06-13T12:02:57.082+0000] {dagbag.py:545} INFO - Filling up the DagBag from /home/airflow/.local/lib/python3.12/site-packages/airflow/example_dags/example_python_decorator.py
[2026-06-13T12:02:57.098+0000] {processor.py:840} INFO - DAG(s) 'example_python_decorator' retrieved from /home/airflow/.local/lib/python3.12/site-packages/airflow/example_dags/example_python_decorator.py
[2026-06-13T12:02:57.126+0000] {logging_mixin.py:188} INFO - [2026-06-13T12:02:57.126+0000] {dag.py:3096} INFO - Sync 1 DAGs
[2026-06-13T12:02:57.141+0000] {logging_mixin.py:188} INFO - [2026-06-13T12:02:57.141+0000] {dag.py:3954} INFO - Setting next_dagrun for example_python_decorator to None, run_after=None
[2026-06-13T12:02:57.174+0000] {processor.py:183} INFO - Processing /home/airflow/.local/lib/python3.12/site-packages/airflow/example_dags/example_python_decorator.py took 0.107 seconds
[2026-06-13T12:03:27.255+0000] {processor.py:161} INFO - Started process (PID=2828) to work on /home/airflow/.local/lib/python3.12/site-packages/airflow/example_dags/example_python_decorator.py
[2026-06-13T12:03:27.256+0000] {processor.py:830} INFO - Processing file /home/airflow/.local/lib/python3.12/site-packages/airflow/example_dags/example_python_decorator.py for tasks to queue
[2026-06-13T12:03:27.259+0000] {logging_mixin.py:188} INFO - [2026-06-13T12:03:27.259+0000] {dagbag.py:545} INFO - Filling up the DagBag from /home/airflow/.local/lib/python3.12/site-packages/airflow/example_dags/example_python_decorator.py
[2026-06-13T12:03:27.274+0000] {processor.py:840} INFO - DAG(s) 'example_python_decorator' retrieved from /home/airflow/.local/lib/python3.12/site-packages/airflow/example_dags/example_python_decorator.py
[2026-06-13T12:03:27.304+0000] {logging_mixin.py:188} INFO - [2026-06-13T12:03:27.304+0000] {dag.py:3096} INFO - Sync 1 DAGs
[2026-06-13T12:03:27.319+0000] {logging_mixin.py:188} INFO - [2026-06-13T12:03:27.319+0000] {dag.py:3954} INFO - Setting next_dagrun for example_python_decorator to None, run_after=None
[2026-06-13T12:03:27.347+0000] {processor.py:183} INFO - Processing /home/airflow/.local/lib/python3.12/site-packages/airflow/example_dags/example_python_decorator.py took 0.103 seconds
[2026-06-13T12:03:57.914+0000] {processor.py:161} INFO - Started process (PID=2893) to work on /home/airflow/.local/lib/python3.12/site-packages/airflow/example_dags/example_python_decorator.py
[2026-06-13T12:03:57.916+0000] {processor.py:830} INFO - Processing file /home/airflow/.local/lib/python3.12/site-packages/airflow/example_dags/example_python_decorator.py for tasks to queue
[2026-06-13T12:03:57.919+0000] {logging_mixin.py:188} INFO - [2026-06-13T12:03:57.918+0000] {dagbag.py:545} INFO - Filling up the DagBag from /home/airflow/.local/lib/python3.12/site-packages/airflow/example_dags/example_python_decorator.py
[2026-06-13T12:03:57.939+0000] {processor.py:840} INFO - DAG(s) 'example_python_decorator' retrieved from /home/airflow/.local/lib/python3.12/site-packages/airflow/example_dags/example_python_decorator.py
[2026-06-13T12:03:57.974+0000] {logging_mixin.py:188} INFO - [2026-06-13T12:03:57.973+0000] {dag.py:3096} INFO - Sync 1 DAGs
[2026-06-13T12:03:57.990+0000] {logging_mixin.py:188} INFO - [2026-06-13T12:03:57.989+0000] {dag.py:3954} INFO - Setting next_dagrun for example_python_decorator to None, run_after=None
[2026-06-13T12:03:58.015+0000] {processor.py:183} INFO - Processing /home/airflow/.local/lib/python3.12/site-packages/airflow/example_dags/example_python_decorator.py took 0.111 seconds
[2026-06-13T12:04:28.741+0000] {processor.py:161} INFO - Started process (PID=2961) to work on /home/airflow/.local/lib/python3.12/site-packages/airflow/example_dags/example_python_decorator.py
[2026-06-13T12:04:28.742+0000] {processor.py:830} INFO - Processing file /home/airflow/.local/lib/python3.12/site-packages/airflow/example_dags/example_python_decorator.py for tasks to queue
[2026-06-13T12:04:28.746+0000] {logging_mixin.py:188} INFO - [2026-06-13T12:04:28.745+0000] {dagbag.py:545} INFO - Filling up the DagBag from /home/airflow/.local/lib/python3.12/site-packages/airflow/example_dags/example_python_decorator.py
[2026-06-13T12:04:28.760+0000] {processor.py:840} INFO - DAG(s) 'example_python_decorator' retrieved from /home/airflow/.local/lib/python3.12/site-packages/airflow/example_dags/example_python_decorator.py
[2026-06-13T12:04:28.786+0000] {logging_mixin.py:188} INFO - [2026-06-13T12:04:28.786+0000] {dag.py:3096} INFO - Sync 1 DAGs
[2026-06-13T12:04:28.800+0000] {logging_mixin.py:188} INFO - [2026-06-13T12:04:28.800+0000] {dag.py:3954} INFO - Setting next_dagrun for example_python_decorator to None, run_after=None
[2026-06-13T12:04:28.827+0000] {processor.py:183} INFO - Processing /home/airflow/.local/lib/python3.12/site-packages/airflow/example_dags/example_python_decorator.py took 0.097 seconds
[2026-06-13T12:04:59.212+0000] {processor.py:161} INFO - Started process (PID=3020) to work on /home/airflow/.local/lib/python3.12/site-packages/airflow/example_dags/example_python_decorator.py
[2026-06-13T12:04:59.214+0000] {processor.py:830} INFO - Processing file /home/airflow/.local/lib/python3.12/site-packages/airflow/example_dags/example_python_decorator.py for tasks to queue
[2026-06-13T12:04:59.217+0000] {logging_mixin.py:188} INFO - [2026-06-13T12:04:59.216+0000] {dagbag.py:545} INFO - Filling up the DagBag from /home/airflow/.local/lib/python3.12/site-packages/airflow/example_dags/example_python_decorator.py
[2026-06-13T12:04:59.230+0000] {processor.py:840} INFO - DAG(s) 'example_python_decorator' retrieved from /home/airflow/.local/lib/python3.12/site-packages/airflow/example_dags/example_python_decorator.py
[2026-06-13T12:04:59.258+0000] {logging_mixin.py:188} INFO - [2026-06-13T12:04:59.258+0000] {dag.py:3096} INFO - Sync 1 DAGs
[2026-06-13T12:04:59.272+0000] {logging_mixin.py:188} INFO - [2026-06-13T12:04:59.272+0000] {dag.py:3954} INFO - Setting next_dagrun for example_python_decorator to None, run_after=None
[2026-06-13T12:04:59.299+0000] {processor.py:183} INFO - Processing /home/airflow/.local/lib/python3.12/site-packages/airflow/example_dags/example_python_decorator.py took 0.097 seconds
[2026-06-13T12:05:29.457+0000] {processor.py:161} INFO - Started process (PID=3079) to work on /home/airflow/.local/lib/python3.12/site-packages/airflow/example_dags/example_python_decorator.py
[2026-06-13T12:05:29.458+0000] {processor.py:830} INFO - Processing file /home/airflow/.local/lib/python3.12/site-packages/airflow/example_dags/example_python_decorator.py for tasks to queue
[2026-06-13T12:05:29.460+0000] {logging_mixin.py:188} INFO - [2026-06-13T12:05:29.460+0000] {dagbag.py:545} INFO - Filling up the DagBag from /home/airflow/.local/lib/python3.12/site-packages/airflow/example_dags/example_python_decorator.py
[2026-06-13T12:05:29.473+0000] {processor.py:840} INFO - DAG(s) 'example_python_decorator' retrieved from /home/airflow/.local/lib/python3.12/site-packages/airflow/example_dags/example_python_decorator.py
[2026-06-13T12:05:29.500+0000] {logging_mixin.py:188} INFO - [2026-06-13T12:05:29.500+0000] {dag.py:3096} INFO - Sync 1 DAGs
[2026-06-13T12:05:29.515+0000] {logging_mixin.py:188} INFO - [2026-06-13T12:05:29.514+0000] {dag.py:3954} INFO - Setting next_dagrun for example_python_decorator to None, run_after=None
[2026-06-13T12:05:29.541+0000] {processor.py:183} INFO - Processing /home/airflow/.local/lib/python3.12/site-packages/airflow/example_dags/example_python_decorator.py took 0.094 seconds
[2026-06-13T12:06:00.059+0000] {processor.py:161} INFO - Started process (PID=3139) to work on /home/airflow/.local/lib/python3.12/site-packages/airflow/example_dags/example_python_decorator.py
[2026-06-13T12:06:00.061+0000] {processor.py:830} INFO - Processing file /home/airflow/.local/lib/python3.12/site-packages/airflow/example_dags/example_python_decorator.py for tasks to queue
[2026-06-13T12:06:00.064+0000] {logging_mixin.py:188} INFO - [2026-06-13T12:06:00.063+0000] {dagbag.py:545} INFO - Filling up the DagBag from /home/airflow/.local/lib/python3.12/site-packages/airflow/example_dags/example_python_decorator.py
[2026-06-13T12:06:00.078+0000] {processor.py:840} INFO - DAG(s) 'example_python_decorator' retrieved from /home/airflow/.local/lib/python3.12/site-packages/airflow/example_dags/example_python_decorator.py
[2026-06-13T12:06:00.104+0000] {logging_mixin.py:188} INFO - [2026-06-13T12:06:00.103+0000] {dag.py:3096} INFO - Sync 1 DAGs
[2026-06-13T12:06:00.119+0000] {logging_mixin.py:188} INFO - [2026-06-13T12:06:00.118+0000] {dag.py:3954} INFO - Setting next_dagrun for example_python_decorator to None, run_after=None
[2026-06-13T12:06:00.144+0000] {processor.py:183} INFO - Processing /home/airflow/.local/lib/python3.12/site-packages/airflow/example_dags/example_python_decorator.py took 0.096 seconds
[2026-06-13T12:06:30.265+0000] {processor.py:161} INFO - Started process (PID=3198) to work on /home/airflow/.local/lib/python3.12/site-packages/airflow/example_dags/example_python_decorator.py
[2026-06-13T12:06:30.267+0000] {processor.py:830} INFO - Processing file /home/airflow/.local/lib/python3.12/site-packages/airflow/example_dags/example_python_decorator.py for tasks to queue
[2026-06-13T12:06:30.270+0000] {logging_mixin.py:188} INFO - [2026-06-13T12:06:30.269+0000] {dagbag.py:545} INFO - Filling up the DagBag from /home/airflow/.local/lib/python3.12/site-packages/airflow/example_dags/example_python_decorator.py
[2026-06-13T12:06:30.283+0000] {processor.py:840} INFO - DAG(s) 'example_python_decorator' retrieved from /home/airflow/.local/lib/python3.12/site-packages/airflow/example_dags/example_python_decorator.py
[2026-06-13T12:06:30.311+0000] {logging_mixin.py:188} INFO - [2026-06-13T12:06:30.310+0000] {dag.py:3096} INFO - Sync 1 DAGs
[2026-06-13T12:06:30.327+0000] {logging_mixin.py:188} INFO - [2026-06-13T12:06:30.327+0000] {dag.py:3954} INFO - Setting next_dagrun for example_python_decorator to None, run_after=None
[2026-06-13T12:06:30.353+0000] {processor.py:183} INFO - Processing /home/airflow/.local/lib/python3.12/site-packages/airflow/example_dags/example_python_decorator.py took 0.097 seconds
[2026-06-13T12:07:00.782+0000] {processor.py:161} INFO - Started process (PID=3257) to work on /home/airflow/.local/lib/python3.12/site-packages/airflow/example_dags/example_python_decorator.py
[2026-06-13T12:07:00.784+0000] {processor.py:830} INFO - Processing file /home/airflow/.local/lib/python3.12/site-packages/airflow/example_dags/example_python_decorator.py for tasks to queue
[2026-06-13T12:07:00.788+0000] {logging_mixin.py:188} INFO - [2026-06-13T12:07:00.787+0000] {dagbag.py:545} INFO - Filling up the DagBag from /home/airflow/.local/lib/python3.12/site-packages/airflow/example_dags/example_python_decorator.py
[2026-06-13T12:07:00.801+0000] {processor.py:840} INFO - DAG(s) 'example_python_decorator' retrieved from /home/airflow/.local/lib/python3.12/site-packages/airflow/example_dags/example_python_decorator.py
[2026-06-13T12:07:00.829+0000] {logging_mixin.py:188} INFO - [2026-06-13T12:07:00.829+0000] {dag.py:3096} INFO - Sync 1 DAGs
[2026-06-13T12:07:00.846+0000] {logging_mixin.py:188} INFO - [2026-06-13T12:07:00.846+0000] {dag.py:3954} INFO - Setting next_dagrun for example_python_decorator to None, run_after=None
[2026-06-13T12:07:00.873+0000] {processor.py:183} INFO - Processing /home/airflow/.local/lib/python3.12/site-packages/airflow/example_dags/example_python_decorator.py took 0.099 seconds
[2026-06-13T12:07:31.795+0000] {processor.py:161} INFO - Started process (PID=3316) to work on /home/airflow/.local/lib/python3.12/site-packages/airflow/example_dags/example_python_decorator.py
[2026-06-13T12:07:31.797+0000] {processor.py:830} INFO - Processing file /home/airflow/.local/lib/python3.12/site-packages/airflow/example_dags/example_python_decorator.py for tasks to queue
[2026-06-13T12:07:31.800+0000] {logging_mixin.py:188} INFO - [2026-06-13T12:07:31.799+0000] {dagbag.py:545} INFO - Filling up the DagBag from /home/airflow/.local/lib/python3.12/site-packages/airflow/example_dags/example_python_decorator.py
[2026-06-13T12:07:31.812+0000] {processor.py:840} INFO - DAG(s) 'example_python_decorator' retrieved from /home/airflow/.local/lib/python3.12/site-packages/airflow/example_dags/example_python_decorator.py
[2026-06-13T12:07:31.840+0000] {logging_mixin.py:188} INFO - [2026-06-13T12:07:31.840+0000] {dag.py:3096} INFO - Sync 1 DAGs
[2026-06-13T12:07:31.854+0000] {logging_mixin.py:188} INFO - [2026-06-13T12:07:31.854+0000] {dag.py:3954} INFO - Setting next_dagrun for example_python_decorator to None, run_after=None
[2026-06-13T12:07:31.881+0000] {processor.py:183} INFO - Processing /home/airflow/.local/lib/python3.12/site-packages/airflow/example_dags/example_python_decorator.py took 0.096 seconds
[2026-06-13T12:08:02.836+0000] {processor.py:161} INFO - Started process (PID=3375) to work on /home/airflow/.local/lib/python3.12/site-packages/airflow/example_dags/example_python_decorator.py
[2026-06-13T12:08:02.838+0000] {processor.py:830} INFO - Processing file /home/airflow/.local/lib/python3.12/site-packages/airflow/example_dags/example_python_decorator.py for tasks to queue
[2026-06-13T12:08:02.841+0000] {logging_mixin.py:188} INFO - [2026-06-13T12:08:02.840+0000] {dagbag.py:545} INFO - Filling up the DagBag from /home/airflow/.local/lib/python3.12/site-packages/airflow/example_dags/example_python_decorator.py
[2026-06-13T12:08:02.854+0000] {processor.py:840} INFO - DAG(s) 'example_python_decorator' retrieved from /home/airflow/.local/lib/python3.12/site-packages/airflow/example_dags/example_python_decorator.py
[2026-06-13T12:08:02.881+0000] {logging_mixin.py:188} INFO - [2026-06-13T12:08:02.881+0000] {dag.py:3096} INFO - Sync 1 DAGs
[2026-06-13T12:08:02.894+0000] {logging_mixin.py:188} INFO - [2026-06-13T12:08:02.894+0000] {dag.py:3954} INFO - Setting next_dagrun for example_python_decorator to None, run_after=None
[2026-06-13T12:08:02.923+0000] {processor.py:183} INFO - Processing /home/airflow/.local/lib/python3.12/site-packages/airflow/example_dags/example_python_decorator.py took 0.097 seconds
[2026-06-13T12:08:33.263+0000] {processor.py:161} INFO - Started process (PID=3434) to work on /home/airflow/.local/lib/python3.12/site-packages/airflow/example_dags/example_python_decorator.py
[2026-06-13T12:08:33.264+0000] {processor.py:830} INFO - Processing file /home/airflow/.local/lib/python3.12/site-packages/airflow/example_dags/example_python_decorator.py for tasks to queue
[2026-06-13T12:08:33.267+0000] {logging_mixin.py:188} INFO - [2026-06-13T12:08:33.266+0000] {dagbag.py:545} INFO - Filling up the DagBag from /home/airflow/.local/lib/python3.12/site-packages/airflow/example_dags/example_python_decorator.py
[2026-06-13T12:08:33.283+0000] {processor.py:840} INFO - DAG(s) 'example_python_decorator' retrieved from /home/airflow/.local/lib/python3.12/site-packages/airflow/example_dags/example_python_decorator.py
[2026-06-13T12:08:33.313+0000] {logging_mixin.py:188} INFO - [2026-06-13T12:08:33.313+0000] {dag.py:3096} INFO - Sync 1 DAGs
[2026-06-13T12:08:33.330+0000] {logging_mixin.py:188} INFO - [2026-06-13T12:08:33.329+0000] {dag.py:3954} INFO - Setting next_dagrun for example_python_decorator to None, run_after=None
[2026-06-13T12:08:33.357+0000] {processor.py:183} INFO - Processing /home/airflow/.local/lib/python3.12/site-packages/airflow/example_dags/example_python_decorator.py took 0.105 seconds
[2026-06-13T12:09:03.978+0000] {processor.py:161} INFO - Started process (PID=3493) to work on /home/airflow/.local/lib/python3.12/site-packages/airflow/example_dags/example_python_decorator.py
[2026-06-13T12:09:03.980+0000] {processor.py:830} INFO - Processing file /home/airflow/.local/lib/python3.12/site-packages/airflow/example_dags/example_python_decorator.py for tasks to queue
[2026-06-13T12:09:03.983+0000] {logging_mixin.py:188} INFO - [2026-06-13T12:09:03.982+0000] {dagbag.py:545} INFO - Filling up the DagBag from /home/airflow/.local/lib/python3.12/site-packages/airflow/example_dags/example_python_decorator.py
[2026-06-13T12:09:04.002+0000] {processor.py:840} INFO - DAG(s) 'example_python_decorator' retrieved from /home/airflow/.local/lib/python3.12/site-packages/airflow/example_dags/example_python_decorator.py
[2026-06-13T12:09:04.037+0000] {logging_mixin.py:188} INFO - [2026-06-13T12:09:04.036+0000] {dag.py:3096} INFO - Sync 1 DAGs
[2026-06-13T12:09:04.063+0000] {logging_mixin.py:188} INFO - [2026-06-13T12:09:04.063+0000] {dag.py:3954} INFO - Setting next_dagrun for example_python_decorator to None, run_after=None
[2026-06-13T12:09:04.107+0000] {processor.py:183} INFO - Processing /home/airflow/.local/lib/python3.12/site-packages/airflow/example_dags/example_python_decorator.py took 0.142 seconds
[2026-06-13T12:09:34.193+0000] {processor.py:161} INFO - Started process (PID=3551) to work on /home/airflow/.local/lib/python3.12/site-packages/airflow/example_dags/example_python_decorator.py
[2026-06-13T12:09:34.195+0000] {processor.py:830} INFO - Processing file /home/airflow/.local/lib/python3.12/site-packages/airflow/example_dags/example_python_decorator.py for tasks to queue
[2026-06-13T12:09:34.197+0000] {logging_mixin.py:188} INFO - [2026-06-13T12:09:34.197+0000] {dagbag.py:545} INFO - Filling up the DagBag from /home/airflow/.local/lib/python3.12/site-packages/airflow/example_dags/example_python_decorator.py
[2026-06-13T12:09:34.214+0000] {processor.py:840} INFO - DAG(s) 'example_python_decorator' retrieved from /home/airflow/.local/lib/python3.12/site-packages/airflow/example_dags/example_python_decorator.py
[2026-06-13T12:09:34.243+0000] {logging_mixin.py:188} INFO - [2026-06-13T12:09:34.243+0000] {dag.py:3096} INFO - Sync 1 DAGs
[2026-06-13T12:09:34.258+0000] {logging_mixin.py:188} INFO - [2026-06-13T12:09:34.258+0000] {dag.py:3954} INFO - Setting next_dagrun for example_python_decorator to None, run_after=None
[2026-06-13T12:09:34.286+0000] {processor.py:183} INFO - Processing /home/airflow/.local/lib/python3.12/site-packages/airflow/example_dags/example_python_decorator.py took 0.107 seconds
[2026-06-13T12:10:04.406+0000] {processor.py:161} INFO - Started process (PID=3610) to work on /home/airflow/.local/lib/python3.12/site-packages/airflow/example_dags/example_python_decorator.py
[2026-06-13T12:10:04.409+0000] {processor.py:830} INFO - Processing file /home/airflow/.local/lib/python3.12/site-packages/airflow/example_dags/example_python_decorator.py for tasks to queue
[2026-06-13T12:10:04.412+0000] {logging_mixin.py:188} INFO - [2026-06-13T12:10:04.412+0000] {dagbag.py:545} INFO - Filling up the DagBag from /home/airflow/.local/lib/python3.12/site-packages/airflow/example_dags/example_python_decorator.py
[2026-06-13T12:10:04.429+0000] {processor.py:840} INFO - DAG(s) 'example_python_decorator' retrieved from /home/airflow/.local/lib/python3.12/site-packages/airflow/example_dags/example_python_decorator.py
[2026-06-13T12:10:04.457+0000] {logging_mixin.py:188} INFO - [2026-06-13T12:10:04.457+0000] {dag.py:3096} INFO - Sync 1 DAGs
[2026-06-13T12:10:04.472+0000] {logging_mixin.py:188} INFO - [2026-06-13T12:10:04.472+0000] {dag.py:3954} INFO - Setting next_dagrun for example_python_decorator to None, run_after=None
[2026-06-13T12:10:04.499+0000] {processor.py:183} INFO - Processing /home/airflow/.local/lib/python3.12/site-packages/airflow/example_dags/example_python_decorator.py took 0.103 seconds
[2026-06-13T12:14:41.039+0000] {processor.py:161} INFO - Started process (PID=3651) to work on /home/airflow/.local/lib/python3.12/site-packages/airflow/example_dags/example_python_decorator.py
[2026-06-13T12:14:41.041+0000] {processor.py:830} INFO - Processing file /home/airflow/.local/lib/python3.12/site-packages/airflow/example_dags/example_python_decorator.py for tasks to queue
[2026-06-13T12:14:41.043+0000] {logging_mixin.py:188} INFO - [2026-06-13T12:14:41.043+0000] {dagbag.py:545} INFO - Filling up the DagBag from /home/airflow/.local/lib/python3.12/site-packages/airflow/example_dags/example_python_decorator.py
[2026-06-13T12:14:41.057+0000] {processor.py:840} INFO - DAG(s) 'example_python_decorator' retrieved from /home/airflow/.local/lib/python3.12/site-packages/airflow/example_dags/example_python_decorator.py
[2026-06-13T12:14:41.087+0000] {logging_mixin.py:188} INFO - [2026-06-13T12:14:41.086+0000] {dag.py:3096} INFO - Sync 1 DAGs
[2026-06-13T12:14:41.102+0000] {logging_mixin.py:188} INFO - [2026-06-13T12:14:41.102+0000] {dag.py:3954} INFO - Setting next_dagrun for example_python_decorator to None, run_after=None
[2026-06-13T12:14:41.128+0000] {processor.py:183} INFO - Processing /home/airflow/.local/lib/python3.12/site-packages/airflow/example_dags/example_python_decorator.py took 0.099 seconds
[2026-06-13T12:15:11.738+0000] {processor.py:161} INFO - Started process (PID=3710) to work on /home/airflow/.local/lib/python3.12/site-packages/airflow/example_dags/example_python_decorator.py
[2026-06-13T12:15:11.740+0000] {processor.py:830} INFO - Processing file /home/airflow/.local/lib/python3.12/site-packages/airflow/example_dags/example_python_decorator.py for tasks to queue
[2026-06-13T12:15:11.742+0000] {logging_mixin.py:188} INFO - [2026-06-13T12:15:11.742+0000] {dagbag.py:545} INFO - Filling up the DagBag from /home/airflow/.local/lib/python3.12/site-packages/airflow/example_dags/example_python_decorator.py
[2026-06-13T12:15:11.755+0000] {processor.py:840} INFO - DAG(s) 'example_python_decorator' retrieved from /home/airflow/.local/lib/python3.12/site-packages/airflow/example_dags/example_python_decorator.py
[2026-06-13T12:15:11.783+0000] {logging_mixin.py:188} INFO - [2026-06-13T12:15:11.783+0000] {dag.py:3096} INFO - Sync 1 DAGs
[2026-06-13T12:15:11.797+0000] {logging_mixin.py:188} INFO - [2026-06-13T12:15:11.796+0000] {dag.py:3954} INFO - Setting next_dagrun for example_python_decorator to None, run_after=None
[2026-06-13T12:15:11.825+0000] {processor.py:183} INFO - Processing /home/airflow/.local/lib/python3.12/site-packages/airflow/example_dags/example_python_decorator.py took 0.096 seconds
[2026-06-13T12:15:42.371+0000] {processor.py:161} INFO - Started process (PID=3769) to work on /home/airflow/.local/lib/python3.12/site-packages/airflow/example_dags/example_python_decorator.py
[2026-06-13T12:15:42.373+0000] {processor.py:830} INFO - Processing file /home/airflow/.local/lib/python3.12/site-packages/airflow/example_dags/example_python_decorator.py for tasks to queue
[2026-06-13T12:15:42.375+0000] {logging_mixin.py:188} INFO - [2026-06-13T12:15:42.375+0000] {dagbag.py:545} INFO - Filling up the DagBag from /home/airflow/.local/lib/python3.12/site-packages/airflow/example_dags/example_python_decorator.py
[2026-06-13T12:15:42.391+0000] {processor.py:840} INFO - DAG(s) 'example_python_decorator' retrieved from /home/airflow/.local/lib/python3.12/site-packages/airflow/example_dags/example_python_decorator.py
[2026-06-13T12:15:42.422+0000] {logging_mixin.py:188} INFO - [2026-06-13T12:15:42.422+0000] {dag.py:3096} INFO - Sync 1 DAGs
[2026-06-13T12:15:42.438+0000] {logging_mixin.py:188} INFO - [2026-06-13T12:15:42.438+0000] {dag.py:3954} INFO - Setting next_dagrun for example_python_decorator to None, run_after=None
[2026-06-13T12:15:42.466+0000] {processor.py:183} INFO - Processing /home/airflow/.local/lib/python3.12/site-packages/airflow/example_dags/example_python_decorator.py took 0.105 seconds
[2026-06-13T12:16:12.600+0000] {processor.py:161} INFO - Started process (PID=3828) to work on /home/airflow/.local/lib/python3.12/site-packages/airflow/example_dags/example_python_decorator.py
[2026-06-13T12:16:12.602+0000] {processor.py:830} INFO - Processing file /home/airflow/.local/lib/python3.12/site-packages/airflow/example_dags/example_python_decorator.py for tasks to queue
[2026-06-13T12:16:12.605+0000] {logging_mixin.py:188} INFO - [2026-06-13T12:16:12.604+0000] {dagbag.py:545} INFO - Filling up the DagBag from /home/airflow/.local/lib/python3.12/site-packages/airflow/example_dags/example_python_decorator.py
[2026-06-13T12:16:12.620+0000] {processor.py:840} INFO - DAG(s) 'example_python_decorator' retrieved from /home/airflow/.local/lib/python3.12/site-packages/airflow/example_dags/example_python_decorator.py
[2026-06-13T12:16:12.651+0000] {logging_mixin.py:188} INFO - [2026-06-13T12:16:12.650+0000] {dag.py:3096} INFO - Sync 1 DAGs
[2026-06-13T12:16:12.668+0000] {logging_mixin.py:188} INFO - [2026-06-13T12:16:12.667+0000] {dag.py:3954} INFO - Setting next_dagrun for example_python_decorator to None, run_after=None
[2026-06-13T12:16:12.700+0000] {processor.py:183} INFO - Processing /home/airflow/.local/lib/python3.12/site-packages/airflow/example_dags/example_python_decorator.py took 0.111 seconds
[2026-06-13T12:16:42.954+0000] {processor.py:161} INFO - Started process (PID=3888) to work on /home/airflow/.local/lib/python3.12/site-packages/airflow/example_dags/example_python_decorator.py
[2026-06-13T12:16:42.956+0000] {processor.py:830} INFO - Processing file /home/airflow/.local/lib/python3.12/site-packages/airflow/example_dags/example_python_decorator.py for tasks to queue
[2026-06-13T12:16:42.959+0000] {logging_mixin.py:188} INFO - [2026-06-13T12:16:42.958+0000] {dagbag.py:545} INFO - Filling up the DagBag from /home/airflow/.local/lib/python3.12/site-packages/airflow/example_dags/example_python_decorator.py
[2026-06-13T12:16:42.974+0000] {processor.py:840} INFO - DAG(s) 'example_python_decorator' retrieved from /home/airflow/.local/lib/python3.12/site-packages/airflow/example_dags/example_python_decorator.py
[2026-06-13T12:16:43.002+0000] {logging_mixin.py:188} INFO - [2026-06-13T12:16:43.001+0000] {dag.py:3096} INFO - Sync 1 DAGs
[2026-06-13T12:16:43.017+0000] {logging_mixin.py:188} INFO - [2026-06-13T12:16:43.017+0000] {dag.py:3954} INFO - Setting next_dagrun for example_python_decorator to None, run_after=None
[2026-06-13T12:16:43.046+0000] {processor.py:183} INFO - Processing /home/airflow/.local/lib/python3.12/site-packages/airflow/example_dags/example_python_decorator.py took 0.105 seconds
[2026-06-13T12:17:13.299+0000] {processor.py:161} INFO - Started process (PID=3947) to work on /home/airflow/.local/lib/python3.12/site-packages/airflow/example_dags/example_python_decorator.py
[2026-06-13T12:17:13.300+0000] {processor.py:830} INFO - Processing file /home/airflow/.local/lib/python3.12/site-packages/airflow/example_dags/example_python_decorator.py for tasks to queue
[2026-06-13T12:17:13.303+0000] {logging_mixin.py:188} INFO - [2026-06-13T12:17:13.303+0000] {dagbag.py:545} INFO - Filling up the DagBag from /home/airflow/.local/lib/python3.12/site-packages/airflow/example_dags/example_python_decorator.py
[2026-06-13T12:17:13.316+0000] {processor.py:840} INFO - DAG(s) 'example_python_decorator' retrieved from /home/airflow/.local/lib/python3.12/site-packages/airflow/example_dags/example_python_decorator.py
[2026-06-13T12:17:13.343+0000] {logging_mixin.py:188} INFO - [2026-06-13T12:17:13.343+0000] {dag.py:3096} INFO - Sync 1 DAGs
[2026-06-13T12:17:13.357+0000] {logging_mixin.py:188} INFO - [2026-06-13T12:17:13.357+0000] {dag.py:3954} INFO - Setting next_dagrun for example_python_decorator to None, run_after=None
[2026-06-13T12:17:13.386+0000] {processor.py:183} INFO - Processing /home/airflow/.local/lib/python3.12/site-packages/airflow/example_dags/example_python_decorator.py took 0.097 seconds
[2026-06-13T12:17:44.212+0000] {processor.py:161} INFO - Started process (PID=4007) to work on /home/airflow/.local/lib/python3.12/site-packages/airflow/example_dags/example_python_decorator.py
[2026-06-13T12:17:44.213+0000] {processor.py:830} INFO - Processing file /home/airflow/.local/lib/python3.12/site-packages/airflow/example_dags/example_python_decorator.py for tasks to queue
[2026-06-13T12:17:44.216+0000] {logging_mixin.py:188} INFO - [2026-06-13T12:17:44.216+0000] {dagbag.py:545} INFO - Filling up the DagBag from /home/airflow/.local/lib/python3.12/site-packages/airflow/example_dags/example_python_decorator.py
[2026-06-13T12:17:44.230+0000] {processor.py:840} INFO - DAG(s) 'example_python_decorator' retrieved from /home/airflow/.local/lib/python3.12/site-packages/airflow/example_dags/example_python_decorator.py
[2026-06-13T12:17:44.261+0000] {logging_mixin.py:188} INFO - [2026-06-13T12:17:44.260+0000] {dag.py:3096} INFO - Sync 1 DAGs
[2026-06-13T12:17:44.275+0000] {logging_mixin.py:188} INFO - [2026-06-13T12:17:44.274+0000] {dag.py:3954} INFO - Setting next_dagrun for example_python_decorator to None, run_after=None
[2026-06-13T12:17:44.302+0000] {processor.py:183} INFO - Processing /home/airflow/.local/lib/python3.12/site-packages/airflow/example_dags/example_python_decorator.py took 0.100 seconds
[2026-06-13T12:18:14.596+0000] {processor.py:161} INFO - Started process (PID=4074) to work on /home/airflow/.local/lib/python3.12/site-packages/airflow/example_dags/example_python_decorator.py
[2026-06-13T12:18:14.597+0000] {processor.py:830} INFO - Processing file /home/airflow/.local/lib/python3.12/site-packages/airflow/example_dags/example_python_decorator.py for tasks to queue
[2026-06-13T12:18:14.600+0000] {logging_mixin.py:188} INFO - [2026-06-13T12:18:14.600+0000] {dagbag.py:545} INFO - Filling up the DagBag from /home/airflow/.local/lib/python3.12/site-packages/airflow/example_dags/example_python_decorator.py
[2026-06-13T12:18:14.613+0000] {processor.py:840} INFO - DAG(s) 'example_python_decorator' retrieved from /home/airflow/.local/lib/python3.12/site-packages/airflow/example_dags/example_python_decorator.py
[2026-06-13T12:18:14.641+0000] {logging_mixin.py:188} INFO - [2026-06-13T12:18:14.640+0000] {dag.py:3096} INFO - Sync 1 DAGs
[2026-06-13T12:18:14.655+0000] {logging_mixin.py:188} INFO - [2026-06-13T12:18:14.655+0000] {dag.py:3954} INFO - Setting next_dagrun for example_python_decorator to None, run_after=None
[2026-06-13T12:18:14.681+0000] {processor.py:183} INFO - Processing /home/airflow/.local/lib/python3.12/site-packages/airflow/example_dags/example_python_decorator.py took 0.096 seconds
[2026-06-13T12:19:02.108+0000] {processor.py:161} INFO - Started process (PID=100) to work on /home/airflow/.local/lib/python3.12/site-packages/airflow/example_dags/example_python_decorator.py
[2026-06-13T12:19:02.110+0000] {processor.py:830} INFO - Processing file /home/airflow/.local/lib/python3.12/site-packages/airflow/example_dags/example_python_decorator.py for tasks to queue
[2026-06-13T12:19:02.114+0000] {logging_mixin.py:188} INFO - [2026-06-13T12:19:02.114+0000] {dagbag.py:545} INFO - Filling up the DagBag from /home/airflow/.local/lib/python3.12/site-packages/airflow/example_dags/example_python_decorator.py
[2026-06-13T12:19:02.139+0000] {processor.py:840} INFO - DAG(s) 'example_python_decorator' retrieved from /home/airflow/.local/lib/python3.12/site-packages/airflow/example_dags/example_python_decorator.py
[2026-06-13T12:19:02.324+0000] {logging_mixin.py:188} INFO - [2026-06-13T12:19:02.323+0000] {dag.py:3096} INFO - Sync 1 DAGs
[2026-06-13T12:19:02.339+0000] {logging_mixin.py:188} INFO - [2026-06-13T12:19:02.338+0000] {dag.py:3954} INFO - Setting next_dagrun for example_python_decorator to None, run_after=None
[2026-06-13T12:19:02.378+0000] {processor.py:183} INFO - Processing /home/airflow/.local/lib/python3.12/site-packages/airflow/example_dags/example_python_decorator.py took 0.278 seconds
[2026-06-13T12:19:32.551+0000] {processor.py:161} INFO - Started process (PID=159) to work on /home/airflow/.local/lib/python3.12/site-packages/airflow/example_dags/example_python_decorator.py
[2026-06-13T12:19:32.553+0000] {processor.py:830} INFO - Processing file /home/airflow/.local/lib/python3.12/site-packages/airflow/example_dags/example_python_decorator.py for tasks to queue
[2026-06-13T12:19:32.555+0000] {logging_mixin.py:188} INFO - [2026-06-13T12:19:32.555+0000] {dagbag.py:545} INFO - Filling up the DagBag from /home/airflow/.local/lib/python3.12/site-packages/airflow/example_dags/example_python_decorator.py
[2026-06-13T12:19:32.569+0000] {processor.py:840} INFO - DAG(s) 'example_python_decorator' retrieved from /home/airflow/.local/lib/python3.12/site-packages/airflow/example_dags/example_python_decorator.py
[2026-06-13T12:19:32.598+0000] {logging_mixin.py:188} INFO - [2026-06-13T12:19:32.598+0000] {dag.py:3096} INFO - Sync 1 DAGs
[2026-06-13T12:19:32.612+0000] {logging_mixin.py:188} INFO - [2026-06-13T12:19:32.612+0000] {dag.py:3954} INFO - Setting next_dagrun for example_python_decorator to None, run_after=None
[2026-06-13T12:19:32.637+0000] {processor.py:183} INFO - Processing /home/airflow/.local/lib/python3.12/site-packages/airflow/example_dags/example_python_decorator.py took 0.092 seconds
[2026-06-13T12:20:03.646+0000] {processor.py:161} INFO - Started process (PID=219) to work on /home/airflow/.local/lib/python3.12/site-packages/airflow/example_dags/example_python_decorator.py
[2026-06-13T12:20:03.648+0000] {processor.py:830} INFO - Processing file /home/airflow/.local/lib/python3.12/site-packages/airflow/example_dags/example_python_decorator.py for tasks to queue
[2026-06-13T12:20:03.650+0000] {logging_mixin.py:188} INFO - [2026-06-13T12:20:03.650+0000] {dagbag.py:545} INFO - Filling up the DagBag from /home/airflow/.local/lib/python3.12/site-packages/airflow/example_dags/example_python_decorator.py
[2026-06-13T12:20:03.666+0000] {processor.py:840} INFO - DAG(s) 'example_python_decorator' retrieved from /home/airflow/.local/lib/python3.12/site-packages/airflow/example_dags/example_python_decorator.py
[2026-06-13T12:20:03.693+0000] {logging_mixin.py:188} INFO - [2026-06-13T12:20:03.693+0000] {dag.py:3096} INFO - Sync 1 DAGs
[2026-06-13T12:20:03.708+0000] {logging_mixin.py:188} INFO - [2026-06-13T12:20:03.708+0000] {dag.py:3954} INFO - Setting next_dagrun for example_python_decorator to None, run_after=None
[2026-06-13T12:20:03.738+0000] {processor.py:183} INFO - Processing /home/airflow/.local/lib/python3.12/site-packages/airflow/example_dags/example_python_decorator.py took 0.099 seconds
[2026-06-13T12:20:34.003+0000] {processor.py:161} INFO - Started process (PID=278) to work on /home/airflow/.local/lib/python3.12/site-packages/airflow/example_dags/example_python_decorator.py
[2026-06-13T12:20:34.005+0000] {processor.py:830} INFO - Processing file /home/airflow/.local/lib/python3.12/site-packages/airflow/example_dags/example_python_decorator.py for tasks to queue
[2026-06-13T12:20:34.007+0000] {logging_mixin.py:188} INFO - [2026-06-13T12:20:34.007+0000] {dagbag.py:545} INFO - Filling up the DagBag from /home/airflow/.local/lib/python3.12/site-packages/airflow/example_dags/example_python_decorator.py
[2026-06-13T12:20:34.021+0000] {processor.py:840} INFO - DAG(s) 'example_python_decorator' retrieved from /home/airflow/.local/lib/python3.12/site-packages/airflow/example_dags/example_python_decorator.py
[2026-06-13T12:20:34.050+0000] {logging_mixin.py:188} INFO - [2026-06-13T12:20:34.049+0000] {dag.py:3096} INFO - Sync 1 DAGs
[2026-06-13T12:20:34.063+0000] {logging_mixin.py:188} INFO - [2026-06-13T12:20:34.063+0000] {dag.py:3954} INFO - Setting next_dagrun for example_python_decorator to None, run_after=None
[2026-06-13T12:20:34.090+0000] {processor.py:183} INFO - Processing /home/airflow/.local/lib/python3.12/site-packages/airflow/example_dags/example_python_decorator.py took 0.093 seconds
[2026-06-13T12:21:04.692+0000] {processor.py:161} INFO - Started process (PID=337) to work on /home/airflow/.local/lib/python3.12/site-packages/airflow/example_dags/example_python_decorator.py
[2026-06-13T12:21:04.694+0000] {processor.py:830} INFO - Processing file /home/airflow/.local/lib/python3.12/site-packages/airflow/example_dags/example_python_decorator.py for tasks to queue
[2026-06-13T12:21:04.696+0000] {logging_mixin.py:188} INFO - [2026-06-13T12:21:04.696+0000] {dagbag.py:545} INFO - Filling up the DagBag from /home/airflow/.local/lib/python3.12/site-packages/airflow/example_dags/example_python_decorator.py
[2026-06-13T12:21:04.712+0000] {processor.py:840} INFO - DAG(s) 'example_python_decorator' retrieved from /home/airflow/.local/lib/python3.12/site-packages/airflow/example_dags/example_python_decorator.py
[2026-06-13T12:21:04.746+0000] {logging_mixin.py:188} INFO - [2026-06-13T12:21:04.746+0000] {dag.py:3096} INFO - Sync 1 DAGs
[2026-06-13T12:21:04.764+0000] {logging_mixin.py:188} INFO - [2026-06-13T12:21:04.764+0000] {dag.py:3954} INFO - Setting next_dagrun for example_python_decorator to None, run_after=None
[2026-06-13T12:21:04.794+0000] {processor.py:183} INFO - Processing /home/airflow/.local/lib/python3.12/site-packages/airflow/example_dags/example_python_decorator.py took 0.109 seconds
[2026-06-13T12:21:34.866+0000] {processor.py:161} INFO - Started process (PID=397) to work on /home/airflow/.local/lib/python3.12/site-packages/airflow/example_dags/example_python_decorator.py
[2026-06-13T12:21:34.868+0000] {processor.py:830} INFO - Processing file /home/airflow/.local/lib/python3.12/site-packages/airflow/example_dags/example_python_decorator.py for tasks to queue
[2026-06-13T12:21:34.871+0000] {logging_mixin.py:188} INFO - [2026-06-13T12:21:34.870+0000] {dagbag.py:545} INFO - Filling up the DagBag from /home/airflow/.local/lib/python3.12/site-packages/airflow/example_dags/example_python_decorator.py
[2026-06-13T12:21:34.885+0000] {processor.py:840} INFO - DAG(s) 'example_python_decorator' retrieved from /home/airflow/.local/lib/python3.12/site-packages/airflow/example_dags/example_python_decorator.py
[2026-06-13T12:21:34.914+0000] {logging_mixin.py:188} INFO - [2026-06-13T12:21:34.913+0000] {dag.py:3096} INFO - Sync 1 DAGs
[2026-06-13T12:21:34.929+0000] {logging_mixin.py:188} INFO - [2026-06-13T12:21:34.929+0000] {dag.py:3954} INFO - Setting next_dagrun for example_python_decorator to None, run_after=None
[2026-06-13T12:21:34.959+0000] {processor.py:183} INFO - Processing /home/airflow/.local/lib/python3.12/site-packages/airflow/example_dags/example_python_decorator.py took 0.099 seconds
[2026-06-13T12:22:05.032+0000] {processor.py:161} INFO - Started process (PID=456) to work on /home/airflow/.local/lib/python3.12/site-packages/airflow/example_dags/example_python_decorator.py
[2026-06-13T12:22:05.033+0000] {processor.py:830} INFO - Processing file /home/airflow/.local/lib/python3.12/site-packages/airflow/example_dags/example_python_decorator.py for tasks to queue
[2026-06-13T12:22:05.036+0000] {logging_mixin.py:188} INFO - [2026-06-13T12:22:05.035+0000] {dagbag.py:545} INFO - Filling up the DagBag from /home/airflow/.local/lib/python3.12/site-packages/airflow/example_dags/example_python_decorator.py
[2026-06-13T12:22:05.049+0000] {processor.py:840} INFO - DAG(s) 'example_python_decorator' retrieved from /home/airflow/.local/lib/python3.12/site-packages/airflow/example_dags/example_python_decorator.py
[2026-06-13T12:22:05.081+0000] {logging_mixin.py:188} INFO - [2026-06-13T12:22:05.080+0000] {dag.py:3096} INFO - Sync 1 DAGs
[2026-06-13T12:22:05.095+0000] {logging_mixin.py:188} INFO - [2026-06-13T12:22:05.095+0000] {dag.py:3954} INFO - Setting next_dagrun for example_python_decorator to None, run_after=None
[2026-06-13T12:22:05.120+0000] {processor.py:183} INFO - Processing /home/airflow/.local/lib/python3.12/site-packages/airflow/example_dags/example_python_decorator.py took 0.095 seconds
[2026-06-13T12:22:35.515+0000] {processor.py:161} INFO - Started process (PID=515) to work on /home/airflow/.local/lib/python3.12/site-packages/airflow/example_dags/example_python_decorator.py
[2026-06-13T12:22:35.517+0000] {processor.py:830} INFO - Processing file /home/airflow/.local/lib/python3.12/site-packages/airflow/example_dags/example_python_decorator.py for tasks to queue
[2026-06-13T12:22:35.519+0000] {logging_mixin.py:188} INFO - [2026-06-13T12:22:35.519+0000] {dagbag.py:545} INFO - Filling up the DagBag from /home/airflow/.local/lib/python3.12/site-packages/airflow/example_dags/example_python_decorator.py
[2026-06-13T12:22:35.534+0000] {processor.py:840} INFO - DAG(s) 'example_python_decorator' retrieved from /home/airflow/.local/lib/python3.12/site-packages/airflow/example_dags/example_python_decorator.py
[2026-06-13T12:22:35.562+0000] {logging_mixin.py:188} INFO - [2026-06-13T12:22:35.562+0000] {dag.py:3096} INFO - Sync 1 DAGs
[2026-06-13T12:22:35.576+0000] {logging_mixin.py:188} INFO - [2026-06-13T12:22:35.576+0000] {dag.py:3954} INFO - Setting next_dagrun for example_python_decorator to None, run_after=None
[2026-06-13T12:22:35.604+0000] {processor.py:183} INFO - Processing /home/airflow/.local/lib/python3.12/site-packages/airflow/example_dags/example_python_decorator.py took 0.095 seconds
[2026-06-13T12:23:05.702+0000] {processor.py:161} INFO - Started process (PID=574) to work on /home/airflow/.local/lib/python3.12/site-packages/airflow/example_dags/example_python_decorator.py
[2026-06-13T12:23:05.703+0000] {processor.py:830} INFO - Processing file /home/airflow/.local/lib/python3.12/site-packages/airflow/example_dags/example_python_decorator.py for tasks to queue
[2026-06-13T12:23:05.706+0000] {logging_mixin.py:188} INFO - [2026-06-13T12:23:05.706+0000] {dagbag.py:545} INFO - Filling up the DagBag from /home/airflow/.local/lib/python3.12/site-packages/airflow/example_dags/example_python_decorator.py
[2026-06-13T12:23:05.719+0000] {processor.py:840} INFO - DAG(s) 'example_python_decorator' retrieved from /home/airflow/.local/lib/python3.12/site-packages/airflow/example_dags/example_python_decorator.py
[2026-06-13T12:23:05.748+0000] {logging_mixin.py:188} INFO - [2026-06-13T12:23:05.748+0000] {dag.py:3096} INFO - Sync 1 DAGs
[2026-06-13T12:23:05.762+0000] {logging_mixin.py:188} INFO - [2026-06-13T12:23:05.761+0000] {dag.py:3954} INFO - Setting next_dagrun for example_python_decorator to None, run_after=None
[2026-06-13T12:23:05.787+0000] {processor.py:183} INFO - Processing /home/airflow/.local/lib/python3.12/site-packages/airflow/example_dags/example_python_decorator.py took 0.092 seconds
[2026-06-13T12:26:05.184+0000] {processor.py:161} INFO - Started process (PID=627) to work on /home/airflow/.local/lib/python3.12/site-packages/airflow/example_dags/example_python_decorator.py
[2026-06-13T12:26:05.186+0000] {processor.py:830} INFO - Processing file /home/airflow/.local/lib/python3.12/site-packages/airflow/example_dags/example_python_decorator.py for tasks to queue
[2026-06-13T12:26:05.189+0000] {logging_mixin.py:188} INFO - [2026-06-13T12:26:05.189+0000] {dagbag.py:545} INFO - Filling up the DagBag from /home/airflow/.local/lib/python3.12/site-packages/airflow/example_dags/example_python_decorator.py
[2026-06-13T12:26:05.203+0000] {processor.py:840} INFO - DAG(s) 'example_python_decorator' retrieved from /home/airflow/.local/lib/python3.12/site-packages/airflow/example_dags/example_python_decorator.py
[2026-06-13T12:26:05.239+0000] {logging_mixin.py:188} INFO - [2026-06-13T12:26:05.238+0000] {dag.py:3096} INFO - Sync 1 DAGs
[2026-06-13T12:26:05.256+0000] {logging_mixin.py:188} INFO - [2026-06-13T12:26:05.255+0000] {dag.py:3954} INFO - Setting next_dagrun for example_python_decorator to None, run_after=None
[2026-06-13T12:26:05.285+0000] {processor.py:183} INFO - Processing /home/airflow/.local/lib/python3.12/site-packages/airflow/example_dags/example_python_decorator.py took 0.107 seconds
[2026-06-13T12:26:36.691+0000] {processor.py:161} INFO - Started process (PID=686) to work on /home/airflow/.local/lib/python3.12/site-packages/airflow/example_dags/example_python_decorator.py
[2026-06-13T12:26:36.693+0000] {processor.py:830} INFO - Processing file /home/airflow/.local/lib/python3.12/site-packages/airflow/example_dags/example_python_decorator.py for tasks to queue
[2026-06-13T12:26:36.697+0000] {logging_mixin.py:188} INFO - [2026-06-13T12:26:36.696+0000] {dagbag.py:545} INFO - Filling up the DagBag from /home/airflow/.local/lib/python3.12/site-packages/airflow/example_dags/example_python_decorator.py
[2026-06-13T12:26:36.710+0000] {processor.py:840} INFO - DAG(s) 'example_python_decorator' retrieved from /home/airflow/.local/lib/python3.12/site-packages/airflow/example_dags/example_python_decorator.py
[2026-06-13T12:26:36.738+0000] {logging_mixin.py:188} INFO - [2026-06-13T12:26:36.738+0000] {dag.py:3096} INFO - Sync 1 DAGs
[2026-06-13T12:26:36.752+0000] {logging_mixin.py:188} INFO - [2026-06-13T12:26:36.751+0000] {dag.py:3954} INFO - Setting next_dagrun for example_python_decorator to None, run_after=None
[2026-06-13T12:26:36.779+0000] {processor.py:183} INFO - Processing /home/airflow/.local/lib/python3.12/site-packages/airflow/example_dags/example_python_decorator.py took 0.093 seconds
[2026-06-13T12:27:07.170+0000] {processor.py:161} INFO - Started process (PID=746) to work on /home/airflow/.local/lib/python3.12/site-packages/airflow/example_dags/example_python_decorator.py
[2026-06-13T12:27:07.172+0000] {processor.py:830} INFO - Processing file /home/airflow/.local/lib/python3.12/site-packages/airflow/example_dags/example_python_decorator.py for tasks to queue
[2026-06-13T12:27:07.175+0000] {logging_mixin.py:188} INFO - [2026-06-13T12:27:07.175+0000] {dagbag.py:545} INFO - Filling up the DagBag from /home/airflow/.local/lib/python3.12/site-packages/airflow/example_dags/example_python_decorator.py
[2026-06-13T12:27:07.191+0000] {processor.py:840} INFO - DAG(s) 'example_python_decorator' retrieved from /home/airflow/.local/lib/python3.12/site-packages/airflow/example_dags/example_python_decorator.py
[2026-06-13T12:27:07.222+0000] {logging_mixin.py:188} INFO - [2026-06-13T12:27:07.222+0000] {dag.py:3096} INFO - Sync 1 DAGs
[2026-06-13T12:27:07.237+0000] {logging_mixin.py:188} INFO - [2026-06-13T12:27:07.237+0000] {dag.py:3954} INFO - Setting next_dagrun for example_python_decorator to None, run_after=None
[2026-06-13T12:27:07.263+0000] {processor.py:183} INFO - Processing /home/airflow/.local/lib/python3.12/site-packages/airflow/example_dags/example_python_decorator.py took 0.100 seconds
[2026-06-13T12:27:37.569+0000] {processor.py:161} INFO - Started process (PID=805) to work on /home/airflow/.local/lib/python3.12/site-packages/airflow/example_dags/example_python_decorator.py
[2026-06-13T12:27:37.570+0000] {processor.py:830} INFO - Processing file /home/airflow/.local/lib/python3.12/site-packages/airflow/example_dags/example_python_decorator.py for tasks to queue
[2026-06-13T12:27:37.572+0000] {logging_mixin.py:188} INFO - [2026-06-13T12:27:37.572+0000] {dagbag.py:545} INFO - Filling up the DagBag from /home/airflow/.local/lib/python3.12/site-packages/airflow/example_dags/example_python_decorator.py
[2026-06-13T12:27:37.587+0000] {processor.py:840} INFO - DAG(s) 'example_python_decorator' retrieved from /home/airflow/.local/lib/python3.12/site-packages/airflow/example_dags/example_python_decorator.py
[2026-06-13T12:27:37.617+0000] {logging_mixin.py:188} INFO - [2026-06-13T12:27:37.616+0000] {dag.py:3096} INFO - Sync 1 DAGs
[2026-06-13T12:27:37.632+0000] {logging_mixin.py:188} INFO - [2026-06-13T12:27:37.632+0000] {dag.py:3954} INFO - Setting next_dagrun for example_python_decorator to None, run_after=None
[2026-06-13T12:27:37.661+0000] {processor.py:183} INFO - Processing /home/airflow/.local/lib/python3.12/site-packages/airflow/example_dags/example_python_decorator.py took 0.099 seconds
[2026-06-13T12:28:08.119+0000] {processor.py:161} INFO - Started process (PID=864) to work on /home/airflow/.local/lib/python3.12/site-packages/airflow/example_dags/example_python_decorator.py
[2026-06-13T12:28:08.120+0000] {processor.py:830} INFO - Processing file /home/airflow/.local/lib/python3.12/site-packages/airflow/example_dags/example_python_decorator.py for tasks to queue
[2026-06-13T12:28:08.123+0000] {logging_mixin.py:188} INFO - [2026-06-13T12:28:08.123+0000] {dagbag.py:545} INFO - Filling up the DagBag from /home/airflow/.local/lib/python3.12/site-packages/airflow/example_dags/example_python_decorator.py
[2026-06-13T12:28:08.138+0000] {processor.py:840} INFO - DAG(s) 'example_python_decorator' retrieved from /home/airflow/.local/lib/python3.12/site-packages/airflow/example_dags/example_python_decorator.py
[2026-06-13T12:28:08.167+0000] {logging_mixin.py:188} INFO - [2026-06-13T12:28:08.167+0000] {dag.py:3096} INFO - Sync 1 DAGs
[2026-06-13T12:28:08.182+0000] {logging_mixin.py:188} INFO - [2026-06-13T12:28:08.182+0000] {dag.py:3954} INFO - Setting next_dagrun for example_python_decorator to None, run_after=None
[2026-06-13T12:28:08.209+0000] {processor.py:183} INFO - Processing /home/airflow/.local/lib/python3.12/site-packages/airflow/example_dags/example_python_decorator.py took 0.096 seconds
[2026-06-13T12:28:38.382+0000] {processor.py:161} INFO - Started process (PID=924) to work on /home/airflow/.local/lib/python3.12/site-packages/airflow/example_dags/example_python_decorator.py
[2026-06-13T12:28:38.383+0000] {processor.py:830} INFO - Processing file /home/airflow/.local/lib/python3.12/site-packages/airflow/example_dags/example_python_decorator.py for tasks to queue
[2026-06-13T12:28:38.386+0000] {logging_mixin.py:188} INFO - [2026-06-13T12:28:38.386+0000] {dagbag.py:545} INFO - Filling up the DagBag from /home/airflow/.local/lib/python3.12/site-packages/airflow/example_dags/example_python_decorator.py
[2026-06-13T12:28:38.407+0000] {processor.py:840} INFO - DAG(s) 'example_python_decorator' retrieved from /home/airflow/.local/lib/python3.12/site-packages/airflow/example_dags/example_python_decorator.py
[2026-06-13T12:28:38.437+0000] {logging_mixin.py:188} INFO - [2026-06-13T12:28:38.437+0000] {dag.py:3096} INFO - Sync 1 DAGs
[2026-06-13T12:28:38.451+0000] {logging_mixin.py:188} INFO - [2026-06-13T12:28:38.451+0000] {dag.py:3954} INFO - Setting next_dagrun for example_python_decorator to None, run_after=None
[2026-06-13T12:28:38.477+0000] {processor.py:183} INFO - Processing /home/airflow/.local/lib/python3.12/site-packages/airflow/example_dags/example_python_decorator.py took 0.104 seconds
[2026-06-13T12:29:08.803+0000] {processor.py:161} INFO - Started process (PID=990) to work on /home/airflow/.local/lib/python3.12/site-packages/airflow/example_dags/example_python_decorator.py
[2026-06-13T12:29:08.805+0000] {processor.py:830} INFO - Processing file /home/airflow/.local/lib/python3.12/site-packages/airflow/example_dags/example_python_decorator.py for tasks to queue
[2026-06-13T12:29:08.808+0000] {logging_mixin.py:188} INFO - [2026-06-13T12:29:08.807+0000] {dagbag.py:545} INFO - Filling up the DagBag from /home/airflow/.local/lib/python3.12/site-packages/airflow/example_dags/example_python_decorator.py
[2026-06-13T12:29:08.822+0000] {processor.py:840} INFO - DAG(s) 'example_python_decorator' retrieved from /home/airflow/.local/lib/python3.12/site-packages/airflow/example_dags/example_python_decorator.py
[2026-06-13T12:29:08.851+0000] {logging_mixin.py:188} INFO - [2026-06-13T12:29:08.851+0000] {dag.py:3096} INFO - Sync 1 DAGs
[2026-06-13T12:29:08.866+0000] {logging_mixin.py:188} INFO - [2026-06-13T12:29:08.865+0000] {dag.py:3954} INFO - Setting next_dagrun for example_python_decorator to None, run_after=None
[2026-06-13T12:29:08.891+0000] {processor.py:183} INFO - Processing /home/airflow/.local/lib/python3.12/site-packages/airflow/example_dags/example_python_decorator.py took 0.094 seconds
[2026-06-13T12:29:39.238+0000] {processor.py:161} INFO - Started process (PID=1049) to work on /home/airflow/.local/lib/python3.12/site-packages/airflow/example_dags/example_python_decorator.py
[2026-06-13T12:29:39.239+0000] {processor.py:830} INFO - Processing file /home/airflow/.local/lib/python3.12/site-packages/airflow/example_dags/example_python_decorator.py for tasks to queue
[2026-06-13T12:29:39.242+0000] {logging_mixin.py:188} INFO - [2026-06-13T12:29:39.241+0000] {dagbag.py:545} INFO - Filling up the DagBag from /home/airflow/.local/lib/python3.12/site-packages/airflow/example_dags/example_python_decorator.py
[2026-06-13T12:29:39.258+0000] {processor.py:840} INFO - DAG(s) 'example_python_decorator' retrieved from /home/airflow/.local/lib/python3.12/site-packages/airflow/example_dags/example_python_decorator.py
[2026-06-13T12:29:39.292+0000] {logging_mixin.py:188} INFO - [2026-06-13T12:29:39.292+0000] {dag.py:3096} INFO - Sync 1 DAGs
[2026-06-13T12:29:39.307+0000] {logging_mixin.py:188} INFO - [2026-06-13T12:29:39.307+0000] {dag.py:3954} INFO - Setting next_dagrun for example_python_decorator to None, run_after=None
[2026-06-13T12:29:39.335+0000] {processor.py:183} INFO - Processing /home/airflow/.local/lib/python3.12/site-packages/airflow/example_dags/example_python_decorator.py took 0.104 seconds
[2026-06-13T12:30:10.617+0000] {processor.py:161} INFO - Started process (PID=1108) to work on /home/airflow/.local/lib/python3.12/site-packages/airflow/example_dags/example_python_decorator.py
[2026-06-13T12:30:10.619+0000] {processor.py:830} INFO - Processing file /home/airflow/.local/lib/python3.12/site-packages/airflow/example_dags/example_python_decorator.py for tasks to queue
[2026-06-13T12:30:10.622+0000] {logging_mixin.py:188} INFO - [2026-06-13T12:30:10.621+0000] {dagbag.py:545} INFO - Filling up the DagBag from /home/airflow/.local/lib/python3.12/site-packages/airflow/example_dags/example_python_decorator.py
[2026-06-13T12:30:10.636+0000] {processor.py:840} INFO - DAG(s) 'example_python_decorator' retrieved from /home/airflow/.local/lib/python3.12/site-packages/airflow/example_dags/example_python_decorator.py
[2026-06-13T12:30:10.666+0000] {logging_mixin.py:188} INFO - [2026-06-13T12:30:10.666+0000] {dag.py:3096} INFO - Sync 1 DAGs
[2026-06-13T12:30:10.680+0000] {logging_mixin.py:188} INFO - [2026-06-13T12:30:10.680+0000] {dag.py:3954} INFO - Setting next_dagrun for example_python_decorator to None, run_after=None
[2026-06-13T12:30:10.707+0000] {processor.py:183} INFO - Processing /home/airflow/.local/lib/python3.12/site-packages/airflow/example_dags/example_python_decorator.py took 0.096 seconds
[2026-06-13T12:30:41.451+0000] {processor.py:161} INFO - Started process (PID=1167) to work on /home/airflow/.local/lib/python3.12/site-packages/airflow/example_dags/example_python_decorator.py
[2026-06-13T12:30:41.453+0000] {processor.py:830} INFO - Processing file /home/airflow/.local/lib/python3.12/site-packages/airflow/example_dags/example_python_decorator.py for tasks to queue
[2026-06-13T12:30:41.456+0000] {logging_mixin.py:188} INFO - [2026-06-13T12:30:41.455+0000] {dagbag.py:545} INFO - Filling up the DagBag from /home/airflow/.local/lib/python3.12/site-packages/airflow/example_dags/example_python_decorator.py
[2026-06-13T12:30:41.471+0000] {processor.py:840} INFO - DAG(s) 'example_python_decorator' retrieved from /home/airflow/.local/lib/python3.12/site-packages/airflow/example_dags/example_python_decorator.py
[2026-06-13T12:30:41.499+0000] {logging_mixin.py:188} INFO - [2026-06-13T12:30:41.499+0000] {dag.py:3096} INFO - Sync 1 DAGs
[2026-06-13T12:30:41.514+0000] {logging_mixin.py:188} INFO - [2026-06-13T12:30:41.513+0000] {dag.py:3954} INFO - Setting next_dagrun for example_python_decorator to None, run_after=None
[2026-06-13T12:30:41.542+0000] {processor.py:183} INFO - Processing /home/airflow/.local/lib/python3.12/site-packages/airflow/example_dags/example_python_decorator.py took 0.097 seconds
[2026-06-13T12:31:11.787+0000] {processor.py:161} INFO - Started process (PID=1226) to work on /home/airflow/.local/lib/python3.12/site-packages/airflow/example_dags/example_python_decorator.py
[2026-06-13T12:31:11.789+0000] {processor.py:830} INFO - Processing file /home/airflow/.local/lib/python3.12/site-packages/airflow/example_dags/example_python_decorator.py for tasks to queue
[2026-06-13T12:31:11.792+0000] {logging_mixin.py:188} INFO - [2026-06-13T12:31:11.792+0000] {dagbag.py:545} INFO - Filling up the DagBag from /home/airflow/.local/lib/python3.12/site-packages/airflow/example_dags/example_python_decorator.py
[2026-06-13T12:31:11.807+0000] {processor.py:840} INFO - DAG(s) 'example_python_decorator' retrieved from /home/airflow/.local/lib/python3.12/site-packages/airflow/example_dags/example_python_decorator.py
[2026-06-13T12:31:11.835+0000] {logging_mixin.py:188} INFO - [2026-06-13T12:31:11.835+0000] {dag.py:3096} INFO - Sync 1 DAGs
[2026-06-13T12:31:11.848+0000] {logging_mixin.py:188} INFO - [2026-06-13T12:31:11.848+0000] {dag.py:3954} INFO - Setting next_dagrun for example_python_decorator to None, run_after=None
[2026-06-13T12:31:11.875+0000] {processor.py:183} INFO - Processing /home/airflow/.local/lib/python3.12/site-packages/airflow/example_dags/example_python_decorator.py took 0.094 seconds
[2026-06-13T16:08:24.772+0000] {processor.py:161} INFO - Started process (PID=1289) to work on /home/airflow/.local/lib/python3.12/site-packages/airflow/example_dags/example_python_decorator.py
[2026-06-13T16:08:24.774+0000] {processor.py:830} INFO - Processing file /home/airflow/.local/lib/python3.12/site-packages/airflow/example_dags/example_python_decorator.py for tasks to queue
[2026-06-13T16:08:24.776+0000] {logging_mixin.py:188} INFO - [2026-06-13T16:08:24.776+0000] {dagbag.py:545} INFO - Filling up the DagBag from /home/airflow/.local/lib/python3.12/site-packages/airflow/example_dags/example_python_decorator.py
[2026-06-13T16:08:24.791+0000] {processor.py:840} INFO - DAG(s) 'example_python_decorator' retrieved from /home/airflow/.local/lib/python3.12/site-packages/airflow/example_dags/example_python_decorator.py
[2026-06-13T16:08:24.820+0000] {logging_mixin.py:188} INFO - [2026-06-13T16:08:24.820+0000] {dag.py:3096} INFO - Sync 1 DAGs
[2026-06-13T16:08:24.835+0000] {logging_mixin.py:188} INFO - [2026-06-13T16:08:24.834+0000] {dag.py:3954} INFO - Setting next_dagrun for example_python_decorator to None, run_after=None
[2026-06-13T16:08:24.862+0000] {processor.py:183} INFO - Processing /home/airflow/.local/lib/python3.12/site-packages/airflow/example_dags/example_python_decorator.py took 0.097 seconds
