[2026-06-13T10:42:22.299+0000] {processor.py:161} INFO - Started process (PID=105) to work on /home/airflow/.local/lib/python3.12/site-packages/airflow/example_dags/example_branch_day_of_week_operator.py
[2026-06-13T10:42:22.301+0000] {processor.py:830} INFO - Processing file /home/airflow/.local/lib/python3.12/site-packages/airflow/example_dags/example_branch_day_of_week_operator.py for tasks to queue
[2026-06-13T10:42:22.305+0000] {logging_mixin.py:188} INFO - [2026-06-13T10:42:22.304+0000] {dagbag.py:545} INFO - Filling up the DagBag from /home/airflow/.local/lib/python3.12/site-packages/airflow/example_dags/example_branch_day_of_week_operator.py
[2026-06-13T10:42:22.318+0000] {processor.py:840} INFO - DAG(s) 'example_weekday_branch_operator' retrieved from /home/airflow/.local/lib/python3.12/site-packages/airflow/example_dags/example_branch_day_of_week_operator.py
[2026-06-13T10:42:22.478+0000] {logging_mixin.py:188} INFO - [2026-06-13T10:42:22.477+0000] {dag.py:3096} INFO - Sync 1 DAGs
[2026-06-13T10:42:22.504+0000] {logging_mixin.py:188} INFO - [2026-06-13T10:42:22.503+0000] {dag.py:3954} INFO - Setting next_dagrun for example_weekday_branch_operator to 2026-06-12 00:00:00+00:00, run_after=2026-06-13 00:00:00+00:00
[2026-06-13T10:42:22.537+0000] {processor.py:183} INFO - Processing /home/airflow/.local/lib/python3.12/site-packages/airflow/example_dags/example_branch_day_of_week_operator.py took 0.244 seconds
[2026-06-13T10:42:52.739+0000] {processor.py:161} INFO - Started process (PID=164) to work on /home/airflow/.local/lib/python3.12/site-packages/airflow/example_dags/example_branch_day_of_week_operator.py
[2026-06-13T10:42:52.741+0000] {processor.py:830} INFO - Processing file /home/airflow/.local/lib/python3.12/site-packages/airflow/example_dags/example_branch_day_of_week_operator.py for tasks to queue
[2026-06-13T10:42:52.744+0000] {logging_mixin.py:188} INFO - [2026-06-13T10:42:52.744+0000] {dagbag.py:545} INFO - Filling up the DagBag from /home/airflow/.local/lib/python3.12/site-packages/airflow/example_dags/example_branch_day_of_week_operator.py
[2026-06-13T10:42:52.753+0000] {processor.py:840} INFO - DAG(s) 'example_weekday_branch_operator' retrieved from /home/airflow/.local/lib/python3.12/site-packages/airflow/example_dags/example_branch_day_of_week_operator.py
[2026-06-13T10:42:52.781+0000] {logging_mixin.py:188} INFO - [2026-06-13T10:42:52.781+0000] {dag.py:3096} INFO - Sync 1 DAGs
[2026-06-13T10:42:52.807+0000] {logging_mixin.py:188} INFO - [2026-06-13T10:42:52.807+0000] {dag.py:3954} INFO - Setting next_dagrun for example_weekday_branch_operator to 2026-06-12 00:00:00+00:00, run_after=2026-06-13 00:00:00+00:00
[2026-06-13T10:42:52.837+0000] {processor.py:183} INFO - Processing /home/airflow/.local/lib/python3.12/site-packages/airflow/example_dags/example_branch_day_of_week_operator.py took 0.105 seconds
[2026-06-13T10:43:23.082+0000] {processor.py:161} INFO - Started process (PID=221) to work on /home/airflow/.local/lib/python3.12/site-packages/airflow/example_dags/example_branch_day_of_week_operator.py
[2026-06-13T10:43:23.084+0000] {processor.py:830} INFO - Processing file /home/airflow/.local/lib/python3.12/site-packages/airflow/example_dags/example_branch_day_of_week_operator.py for tasks to queue
[2026-06-13T10:43:23.088+0000] {logging_mixin.py:188} INFO - [2026-06-13T10:43:23.087+0000] {dagbag.py:545} INFO - Filling up the DagBag from /home/airflow/.local/lib/python3.12/site-packages/airflow/example_dags/example_branch_day_of_week_operator.py
[2026-06-13T10:43:23.096+0000] {processor.py:840} INFO - DAG(s) 'example_weekday_branch_operator' retrieved from /home/airflow/.local/lib/python3.12/site-packages/airflow/example_dags/example_branch_day_of_week_operator.py
[2026-06-13T10:43:23.122+0000] {logging_mixin.py:188} INFO - [2026-06-13T10:43:23.122+0000] {dag.py:3096} INFO - Sync 1 DAGs
[2026-06-13T10:43:23.148+0000] {logging_mixin.py:188} INFO - [2026-06-13T10:43:23.148+0000] {dag.py:3954} INFO - Setting next_dagrun for example_weekday_branch_operator to 2026-06-12 00:00:00+00:00, run_after=2026-06-13 00:00:00+00:00
[2026-06-13T10:43:23.177+0000] {processor.py:183} INFO - Processing /home/airflow/.local/lib/python3.12/site-packages/airflow/example_dags/example_branch_day_of_week_operator.py took 0.100 seconds
[2026-06-13T10:43:53.228+0000] {processor.py:161} INFO - Started process (PID=279) to work on /home/airflow/.local/lib/python3.12/site-packages/airflow/example_dags/example_branch_day_of_week_operator.py
[2026-06-13T10:43:53.231+0000] {processor.py:830} INFO - Processing file /home/airflow/.local/lib/python3.12/site-packages/airflow/example_dags/example_branch_day_of_week_operator.py for tasks to queue
[2026-06-13T10:43:53.233+0000] {logging_mixin.py:188} INFO - [2026-06-13T10:43:53.233+0000] {dagbag.py:545} INFO - Filling up the DagBag from /home/airflow/.local/lib/python3.12/site-packages/airflow/example_dags/example_branch_day_of_week_operator.py
[2026-06-13T10:43:53.241+0000] {processor.py:840} INFO - DAG(s) 'example_weekday_branch_operator' retrieved from /home/airflow/.local/lib/python3.12/site-packages/airflow/example_dags/example_branch_day_of_week_operator.py
[2026-06-13T10:43:53.268+0000] {logging_mixin.py:188} INFO - [2026-06-13T10:43:53.268+0000] {dag.py:3096} INFO - Sync 1 DAGs
[2026-06-13T10:43:53.294+0000] {logging_mixin.py:188} INFO - [2026-06-13T10:43:53.294+0000] {dag.py:3954} INFO - Setting next_dagrun for example_weekday_branch_operator to 2026-06-12 00:00:00+00:00, run_after=2026-06-13 00:00:00+00:00
[2026-06-13T10:43:53.319+0000] {processor.py:183} INFO - Processing /home/airflow/.local/lib/python3.12/site-packages/airflow/example_dags/example_branch_day_of_week_operator.py took 0.097 seconds
[2026-06-13T10:44:23.681+0000] {processor.py:161} INFO - Started process (PID=337) to work on /home/airflow/.local/lib/python3.12/site-packages/airflow/example_dags/example_branch_day_of_week_operator.py
[2026-06-13T10:44:23.683+0000] {processor.py:830} INFO - Processing file /home/airflow/.local/lib/python3.12/site-packages/airflow/example_dags/example_branch_day_of_week_operator.py for tasks to queue
[2026-06-13T10:44:23.686+0000] {logging_mixin.py:188} INFO - [2026-06-13T10:44:23.685+0000] {dagbag.py:545} INFO - Filling up the DagBag from /home/airflow/.local/lib/python3.12/site-packages/airflow/example_dags/example_branch_day_of_week_operator.py
[2026-06-13T10:44:23.694+0000] {processor.py:840} INFO - DAG(s) 'example_weekday_branch_operator' retrieved from /home/airflow/.local/lib/python3.12/site-packages/airflow/example_dags/example_branch_day_of_week_operator.py
[2026-06-13T10:44:23.722+0000] {logging_mixin.py:188} INFO - [2026-06-13T10:44:23.721+0000] {dag.py:3096} INFO - Sync 1 DAGs
[2026-06-13T10:44:23.749+0000] {logging_mixin.py:188} INFO - [2026-06-13T10:44:23.748+0000] {dag.py:3954} INFO - Setting next_dagrun for example_weekday_branch_operator to 2026-06-12 00:00:00+00:00, run_after=2026-06-13 00:00:00+00:00
[2026-06-13T10:44:23.778+0000] {processor.py:183} INFO - Processing /home/airflow/.local/lib/python3.12/site-packages/airflow/example_dags/example_branch_day_of_week_operator.py took 0.103 seconds
[2026-06-13T10:44:54.226+0000] {processor.py:161} INFO - Started process (PID=395) to work on /home/airflow/.local/lib/python3.12/site-packages/airflow/example_dags/example_branch_day_of_week_operator.py
[2026-06-13T10:44:54.228+0000] {processor.py:830} INFO - Processing file /home/airflow/.local/lib/python3.12/site-packages/airflow/example_dags/example_branch_day_of_week_operator.py for tasks to queue
[2026-06-13T10:44:54.231+0000] {logging_mixin.py:188} INFO - [2026-06-13T10:44:54.231+0000] {dagbag.py:545} INFO - Filling up the DagBag from /home/airflow/.local/lib/python3.12/site-packages/airflow/example_dags/example_branch_day_of_week_operator.py
[2026-06-13T10:44:54.243+0000] {processor.py:840} INFO - DAG(s) 'example_weekday_branch_operator' retrieved from /home/airflow/.local/lib/python3.12/site-packages/airflow/example_dags/example_branch_day_of_week_operator.py
[2026-06-13T10:44:54.274+0000] {logging_mixin.py:188} INFO - [2026-06-13T10:44:54.273+0000] {dag.py:3096} INFO - Sync 1 DAGs
[2026-06-13T10:44:54.308+0000] {logging_mixin.py:188} INFO - [2026-06-13T10:44:54.308+0000] {dag.py:3954} INFO - Setting next_dagrun for example_weekday_branch_operator to 2026-06-12 00:00:00+00:00, run_after=2026-06-13 00:00:00+00:00
[2026-06-13T10:44:54.339+0000] {processor.py:183} INFO - Processing /home/airflow/.local/lib/python3.12/site-packages/airflow/example_dags/example_branch_day_of_week_operator.py took 0.120 seconds
[2026-06-13T10:45:24.709+0000] {processor.py:161} INFO - Started process (PID=453) to work on /home/airflow/.local/lib/python3.12/site-packages/airflow/example_dags/example_branch_day_of_week_operator.py
[2026-06-13T10:45:24.711+0000] {processor.py:830} INFO - Processing file /home/airflow/.local/lib/python3.12/site-packages/airflow/example_dags/example_branch_day_of_week_operator.py for tasks to queue
[2026-06-13T10:45:24.713+0000] {logging_mixin.py:188} INFO - [2026-06-13T10:45:24.713+0000] {dagbag.py:545} INFO - Filling up the DagBag from /home/airflow/.local/lib/python3.12/site-packages/airflow/example_dags/example_branch_day_of_week_operator.py
[2026-06-13T10:45:24.722+0000] {processor.py:840} INFO - DAG(s) 'example_weekday_branch_operator' retrieved from /home/airflow/.local/lib/python3.12/site-packages/airflow/example_dags/example_branch_day_of_week_operator.py
[2026-06-13T10:45:24.750+0000] {logging_mixin.py:188} INFO - [2026-06-13T10:45:24.749+0000] {dag.py:3096} INFO - Sync 1 DAGs
[2026-06-13T10:45:24.775+0000] {logging_mixin.py:188} INFO - [2026-06-13T10:45:24.775+0000] {dag.py:3954} INFO - Setting next_dagrun for example_weekday_branch_operator to 2026-06-12 00:00:00+00:00, run_after=2026-06-13 00:00:00+00:00
[2026-06-13T10:45:24.804+0000] {processor.py:183} INFO - Processing /home/airflow/.local/lib/python3.12/site-packages/airflow/example_dags/example_branch_day_of_week_operator.py took 0.101 seconds
[2026-06-13T10:45:55.590+0000] {processor.py:161} INFO - Started process (PID=511) to work on /home/airflow/.local/lib/python3.12/site-packages/airflow/example_dags/example_branch_day_of_week_operator.py
[2026-06-13T10:45:55.592+0000] {processor.py:830} INFO - Processing file /home/airflow/.local/lib/python3.12/site-packages/airflow/example_dags/example_branch_day_of_week_operator.py for tasks to queue
[2026-06-13T10:45:55.595+0000] {logging_mixin.py:188} INFO - [2026-06-13T10:45:55.594+0000] {dagbag.py:545} INFO - Filling up the DagBag from /home/airflow/.local/lib/python3.12/site-packages/airflow/example_dags/example_branch_day_of_week_operator.py
[2026-06-13T10:45:55.610+0000] {processor.py:840} INFO - DAG(s) 'example_weekday_branch_operator' retrieved from /home/airflow/.local/lib/python3.12/site-packages/airflow/example_dags/example_branch_day_of_week_operator.py
[2026-06-13T10:45:55.659+0000] {logging_mixin.py:188} INFO - [2026-06-13T10:45:55.659+0000] {dag.py:3096} INFO - Sync 1 DAGs
[2026-06-13T10:45:55.714+0000] {logging_mixin.py:188} INFO - [2026-06-13T10:45:55.714+0000] {dag.py:3954} INFO - Setting next_dagrun for example_weekday_branch_operator to 2026-06-12 00:00:00+00:00, run_after=2026-06-13 00:00:00+00:00
[2026-06-13T10:45:55.747+0000] {processor.py:183} INFO - Processing /home/airflow/.local/lib/python3.12/site-packages/airflow/example_dags/example_branch_day_of_week_operator.py took 0.166 seconds
[2026-06-13T10:46:26.011+0000] {processor.py:161} INFO - Started process (PID=569) to work on /home/airflow/.local/lib/python3.12/site-packages/airflow/example_dags/example_branch_day_of_week_operator.py
[2026-06-13T10:46:26.012+0000] {processor.py:830} INFO - Processing file /home/airflow/.local/lib/python3.12/site-packages/airflow/example_dags/example_branch_day_of_week_operator.py for tasks to queue
[2026-06-13T10:46:26.016+0000] {logging_mixin.py:188} INFO - [2026-06-13T10:46:26.015+0000] {dagbag.py:545} INFO - Filling up the DagBag from /home/airflow/.local/lib/python3.12/site-packages/airflow/example_dags/example_branch_day_of_week_operator.py
[2026-06-13T10:46:26.026+0000] {processor.py:840} INFO - DAG(s) 'example_weekday_branch_operator' retrieved from /home/airflow/.local/lib/python3.12/site-packages/airflow/example_dags/example_branch_day_of_week_operator.py
[2026-06-13T10:46:26.055+0000] {logging_mixin.py:188} INFO - [2026-06-13T10:46:26.054+0000] {dag.py:3096} INFO - Sync 1 DAGs
[2026-06-13T10:46:26.079+0000] {logging_mixin.py:188} INFO - [2026-06-13T10:46:26.079+0000] {dag.py:3954} INFO - Setting next_dagrun for example_weekday_branch_operator to 2026-06-12 00:00:00+00:00, run_after=2026-06-13 00:00:00+00:00
[2026-06-13T10:46:26.108+0000] {processor.py:183} INFO - Processing /home/airflow/.local/lib/python3.12/site-packages/airflow/example_dags/example_branch_day_of_week_operator.py took 0.104 seconds
[2026-06-13T10:46:56.202+0000] {processor.py:161} INFO - Started process (PID=627) to work on /home/airflow/.local/lib/python3.12/site-packages/airflow/example_dags/example_branch_day_of_week_operator.py
[2026-06-13T10:46:56.203+0000] {processor.py:830} INFO - Processing file /home/airflow/.local/lib/python3.12/site-packages/airflow/example_dags/example_branch_day_of_week_operator.py for tasks to queue
[2026-06-13T10:46:56.207+0000] {logging_mixin.py:188} INFO - [2026-06-13T10:46:56.207+0000] {dagbag.py:545} INFO - Filling up the DagBag from /home/airflow/.local/lib/python3.12/site-packages/airflow/example_dags/example_branch_day_of_week_operator.py
[2026-06-13T10:46:56.215+0000] {processor.py:840} INFO - DAG(s) 'example_weekday_branch_operator' retrieved from /home/airflow/.local/lib/python3.12/site-packages/airflow/example_dags/example_branch_day_of_week_operator.py
[2026-06-13T10:46:56.241+0000] {logging_mixin.py:188} INFO - [2026-06-13T10:46:56.241+0000] {dag.py:3096} INFO - Sync 1 DAGs
[2026-06-13T10:46:56.268+0000] {logging_mixin.py:188} INFO - [2026-06-13T10:46:56.268+0000] {dag.py:3954} INFO - Setting next_dagrun for example_weekday_branch_operator to 2026-06-12 00:00:00+00:00, run_after=2026-06-13 00:00:00+00:00
[2026-06-13T10:46:56.295+0000] {processor.py:183} INFO - Processing /home/airflow/.local/lib/python3.12/site-packages/airflow/example_dags/example_branch_day_of_week_operator.py took 0.099 seconds
[2026-06-13T10:47:26.390+0000] {processor.py:161} INFO - Started process (PID=685) to work on /home/airflow/.local/lib/python3.12/site-packages/airflow/example_dags/example_branch_day_of_week_operator.py
[2026-06-13T10:47:26.391+0000] {processor.py:830} INFO - Processing file /home/airflow/.local/lib/python3.12/site-packages/airflow/example_dags/example_branch_day_of_week_operator.py for tasks to queue
[2026-06-13T10:47:26.394+0000] {logging_mixin.py:188} INFO - [2026-06-13T10:47:26.393+0000] {dagbag.py:545} INFO - Filling up the DagBag from /home/airflow/.local/lib/python3.12/site-packages/airflow/example_dags/example_branch_day_of_week_operator.py
[2026-06-13T10:47:26.402+0000] {processor.py:840} INFO - DAG(s) 'example_weekday_branch_operator' retrieved from /home/airflow/.local/lib/python3.12/site-packages/airflow/example_dags/example_branch_day_of_week_operator.py
[2026-06-13T10:47:26.430+0000] {logging_mixin.py:188} INFO - [2026-06-13T10:47:26.430+0000] {dag.py:3096} INFO - Sync 1 DAGs
[2026-06-13T10:47:26.457+0000] {logging_mixin.py:188} INFO - [2026-06-13T10:47:26.457+0000] {dag.py:3954} INFO - Setting next_dagrun for example_weekday_branch_operator to 2026-06-12 00:00:00+00:00, run_after=2026-06-13 00:00:00+00:00
[2026-06-13T10:47:26.482+0000] {processor.py:183} INFO - Processing /home/airflow/.local/lib/python3.12/site-packages/airflow/example_dags/example_branch_day_of_week_operator.py took 0.100 seconds
[2026-06-13T10:47:56.629+0000] {processor.py:161} INFO - Started process (PID=743) to work on /home/airflow/.local/lib/python3.12/site-packages/airflow/example_dags/example_branch_day_of_week_operator.py
[2026-06-13T10:47:56.631+0000] {processor.py:830} INFO - Processing file /home/airflow/.local/lib/python3.12/site-packages/airflow/example_dags/example_branch_day_of_week_operator.py for tasks to queue
[2026-06-13T10:47:56.634+0000] {logging_mixin.py:188} INFO - [2026-06-13T10:47:56.633+0000] {dagbag.py:545} INFO - Filling up the DagBag from /home/airflow/.local/lib/python3.12/site-packages/airflow/example_dags/example_branch_day_of_week_operator.py
[2026-06-13T10:47:56.644+0000] {processor.py:840} INFO - DAG(s) 'example_weekday_branch_operator' retrieved from /home/airflow/.local/lib/python3.12/site-packages/airflow/example_dags/example_branch_day_of_week_operator.py
[2026-06-13T10:47:56.673+0000] {logging_mixin.py:188} INFO - [2026-06-13T10:47:56.672+0000] {dag.py:3096} INFO - Sync 1 DAGs
[2026-06-13T10:47:56.702+0000] {logging_mixin.py:188} INFO - [2026-06-13T10:47:56.702+0000] {dag.py:3954} INFO - Setting next_dagrun for example_weekday_branch_operator to 2026-06-12 00:00:00+00:00, run_after=2026-06-13 00:00:00+00:00
[2026-06-13T10:47:56.731+0000] {processor.py:183} INFO - Processing /home/airflow/.local/lib/python3.12/site-packages/airflow/example_dags/example_branch_day_of_week_operator.py took 0.109 seconds
[2026-06-13T10:48:26.895+0000] {processor.py:161} INFO - Started process (PID=801) to work on /home/airflow/.local/lib/python3.12/site-packages/airflow/example_dags/example_branch_day_of_week_operator.py
[2026-06-13T10:48:26.896+0000] {processor.py:830} INFO - Processing file /home/airflow/.local/lib/python3.12/site-packages/airflow/example_dags/example_branch_day_of_week_operator.py for tasks to queue
[2026-06-13T10:48:26.899+0000] {logging_mixin.py:188} INFO - [2026-06-13T10:48:26.898+0000] {dagbag.py:545} INFO - Filling up the DagBag from /home/airflow/.local/lib/python3.12/site-packages/airflow/example_dags/example_branch_day_of_week_operator.py
[2026-06-13T10:48:26.907+0000] {processor.py:840} INFO - DAG(s) 'example_weekday_branch_operator' retrieved from /home/airflow/.local/lib/python3.12/site-packages/airflow/example_dags/example_branch_day_of_week_operator.py
[2026-06-13T10:48:26.936+0000] {logging_mixin.py:188} INFO - [2026-06-13T10:48:26.936+0000] {dag.py:3096} INFO - Sync 1 DAGs
[2026-06-13T10:48:26.964+0000] {logging_mixin.py:188} INFO - [2026-06-13T10:48:26.963+0000] {dag.py:3954} INFO - Setting next_dagrun for example_weekday_branch_operator to 2026-06-12 00:00:00+00:00, run_after=2026-06-13 00:00:00+00:00
[2026-06-13T10:48:26.986+0000] {processor.py:183} INFO - Processing /home/airflow/.local/lib/python3.12/site-packages/airflow/example_dags/example_branch_day_of_week_operator.py took 0.098 seconds
[2026-06-13T10:48:57.256+0000] {processor.py:161} INFO - Started process (PID=859) to work on /home/airflow/.local/lib/python3.12/site-packages/airflow/example_dags/example_branch_day_of_week_operator.py
[2026-06-13T10:48:57.258+0000] {processor.py:830} INFO - Processing file /home/airflow/.local/lib/python3.12/site-packages/airflow/example_dags/example_branch_day_of_week_operator.py for tasks to queue
[2026-06-13T10:48:57.260+0000] {logging_mixin.py:188} INFO - [2026-06-13T10:48:57.260+0000] {dagbag.py:545} INFO - Filling up the DagBag from /home/airflow/.local/lib/python3.12/site-packages/airflow/example_dags/example_branch_day_of_week_operator.py
[2026-06-13T10:48:57.268+0000] {processor.py:840} INFO - DAG(s) 'example_weekday_branch_operator' retrieved from /home/airflow/.local/lib/python3.12/site-packages/airflow/example_dags/example_branch_day_of_week_operator.py
[2026-06-13T10:48:57.295+0000] {logging_mixin.py:188} INFO - [2026-06-13T10:48:57.295+0000] {dag.py:3096} INFO - Sync 1 DAGs
[2026-06-13T10:48:57.319+0000] {logging_mixin.py:188} INFO - [2026-06-13T10:48:57.319+0000] {dag.py:3954} INFO - Setting next_dagrun for example_weekday_branch_operator to 2026-06-12 00:00:00+00:00, run_after=2026-06-13 00:00:00+00:00
[2026-06-13T10:48:57.346+0000] {processor.py:183} INFO - Processing /home/airflow/.local/lib/python3.12/site-packages/airflow/example_dags/example_branch_day_of_week_operator.py took 0.096 seconds
[2026-06-13T10:49:28.076+0000] {processor.py:161} INFO - Started process (PID=917) to work on /home/airflow/.local/lib/python3.12/site-packages/airflow/example_dags/example_branch_day_of_week_operator.py
[2026-06-13T10:49:28.078+0000] {processor.py:830} INFO - Processing file /home/airflow/.local/lib/python3.12/site-packages/airflow/example_dags/example_branch_day_of_week_operator.py for tasks to queue
[2026-06-13T10:49:28.080+0000] {logging_mixin.py:188} INFO - [2026-06-13T10:49:28.080+0000] {dagbag.py:545} INFO - Filling up the DagBag from /home/airflow/.local/lib/python3.12/site-packages/airflow/example_dags/example_branch_day_of_week_operator.py
[2026-06-13T10:49:28.089+0000] {processor.py:840} INFO - DAG(s) 'example_weekday_branch_operator' retrieved from /home/airflow/.local/lib/python3.12/site-packages/airflow/example_dags/example_branch_day_of_week_operator.py
[2026-06-13T10:49:28.115+0000] {logging_mixin.py:188} INFO - [2026-06-13T10:49:28.114+0000] {dag.py:3096} INFO - Sync 1 DAGs
[2026-06-13T10:49:28.141+0000] {logging_mixin.py:188} INFO - [2026-06-13T10:49:28.141+0000] {dag.py:3954} INFO - Setting next_dagrun for example_weekday_branch_operator to 2026-06-12 00:00:00+00:00, run_after=2026-06-13 00:00:00+00:00
[2026-06-13T10:49:28.166+0000] {processor.py:183} INFO - Processing /home/airflow/.local/lib/python3.12/site-packages/airflow/example_dags/example_branch_day_of_week_operator.py took 0.096 seconds
[2026-06-13T10:49:58.427+0000] {processor.py:161} INFO - Started process (PID=976) to work on /home/airflow/.local/lib/python3.12/site-packages/airflow/example_dags/example_branch_day_of_week_operator.py
[2026-06-13T10:49:58.429+0000] {processor.py:830} INFO - Processing file /home/airflow/.local/lib/python3.12/site-packages/airflow/example_dags/example_branch_day_of_week_operator.py for tasks to queue
[2026-06-13T10:49:58.431+0000] {logging_mixin.py:188} INFO - [2026-06-13T10:49:58.431+0000] {dagbag.py:545} INFO - Filling up the DagBag from /home/airflow/.local/lib/python3.12/site-packages/airflow/example_dags/example_branch_day_of_week_operator.py
[2026-06-13T10:49:58.441+0000] {processor.py:840} INFO - DAG(s) 'example_weekday_branch_operator' retrieved from /home/airflow/.local/lib/python3.12/site-packages/airflow/example_dags/example_branch_day_of_week_operator.py
[2026-06-13T10:49:58.468+0000] {logging_mixin.py:188} INFO - [2026-06-13T10:49:58.468+0000] {dag.py:3096} INFO - Sync 1 DAGs
[2026-06-13T10:49:58.495+0000] {logging_mixin.py:188} INFO - [2026-06-13T10:49:58.495+0000] {dag.py:3954} INFO - Setting next_dagrun for example_weekday_branch_operator to 2026-06-12 00:00:00+00:00, run_after=2026-06-13 00:00:00+00:00
[2026-06-13T10:49:58.523+0000] {processor.py:183} INFO - Processing /home/airflow/.local/lib/python3.12/site-packages/airflow/example_dags/example_branch_day_of_week_operator.py took 0.102 seconds
[2026-06-13T10:50:28.771+0000] {processor.py:161} INFO - Started process (PID=1034) to work on /home/airflow/.local/lib/python3.12/site-packages/airflow/example_dags/example_branch_day_of_week_operator.py
[2026-06-13T10:50:28.773+0000] {processor.py:830} INFO - Processing file /home/airflow/.local/lib/python3.12/site-packages/airflow/example_dags/example_branch_day_of_week_operator.py for tasks to queue
[2026-06-13T10:50:28.776+0000] {logging_mixin.py:188} INFO - [2026-06-13T10:50:28.775+0000] {dagbag.py:545} INFO - Filling up the DagBag from /home/airflow/.local/lib/python3.12/site-packages/airflow/example_dags/example_branch_day_of_week_operator.py
[2026-06-13T10:50:28.784+0000] {processor.py:840} INFO - DAG(s) 'example_weekday_branch_operator' retrieved from /home/airflow/.local/lib/python3.12/site-packages/airflow/example_dags/example_branch_day_of_week_operator.py
[2026-06-13T10:50:28.811+0000] {logging_mixin.py:188} INFO - [2026-06-13T10:50:28.811+0000] {dag.py:3096} INFO - Sync 1 DAGs
[2026-06-13T10:50:28.838+0000] {logging_mixin.py:188} INFO - [2026-06-13T10:50:28.838+0000] {dag.py:3954} INFO - Setting next_dagrun for example_weekday_branch_operator to 2026-06-12 00:00:00+00:00, run_after=2026-06-13 00:00:00+00:00
[2026-06-13T10:50:28.865+0000] {processor.py:183} INFO - Processing /home/airflow/.local/lib/python3.12/site-packages/airflow/example_dags/example_branch_day_of_week_operator.py took 0.100 seconds
[2026-06-13T10:50:59.091+0000] {processor.py:161} INFO - Started process (PID=1092) to work on /home/airflow/.local/lib/python3.12/site-packages/airflow/example_dags/example_branch_day_of_week_operator.py
[2026-06-13T10:50:59.093+0000] {processor.py:830} INFO - Processing file /home/airflow/.local/lib/python3.12/site-packages/airflow/example_dags/example_branch_day_of_week_operator.py for tasks to queue
[2026-06-13T10:50:59.096+0000] {logging_mixin.py:188} INFO - [2026-06-13T10:50:59.095+0000] {dagbag.py:545} INFO - Filling up the DagBag from /home/airflow/.local/lib/python3.12/site-packages/airflow/example_dags/example_branch_day_of_week_operator.py
[2026-06-13T10:50:59.105+0000] {processor.py:840} INFO - DAG(s) 'example_weekday_branch_operator' retrieved from /home/airflow/.local/lib/python3.12/site-packages/airflow/example_dags/example_branch_day_of_week_operator.py
[2026-06-13T10:50:59.131+0000] {logging_mixin.py:188} INFO - [2026-06-13T10:50:59.131+0000] {dag.py:3096} INFO - Sync 1 DAGs
[2026-06-13T10:50:59.157+0000] {logging_mixin.py:188} INFO - [2026-06-13T10:50:59.156+0000] {dag.py:3954} INFO - Setting next_dagrun for example_weekday_branch_operator to 2026-06-12 00:00:00+00:00, run_after=2026-06-13 00:00:00+00:00
[2026-06-13T10:50:59.184+0000] {processor.py:183} INFO - Processing /home/airflow/.local/lib/python3.12/site-packages/airflow/example_dags/example_branch_day_of_week_operator.py took 0.099 seconds
[2026-06-13T10:51:29.862+0000] {processor.py:161} INFO - Started process (PID=1150) to work on /home/airflow/.local/lib/python3.12/site-packages/airflow/example_dags/example_branch_day_of_week_operator.py
[2026-06-13T10:51:29.864+0000] {processor.py:830} INFO - Processing file /home/airflow/.local/lib/python3.12/site-packages/airflow/example_dags/example_branch_day_of_week_operator.py for tasks to queue
[2026-06-13T10:51:29.866+0000] {logging_mixin.py:188} INFO - [2026-06-13T10:51:29.866+0000] {dagbag.py:545} INFO - Filling up the DagBag from /home/airflow/.local/lib/python3.12/site-packages/airflow/example_dags/example_branch_day_of_week_operator.py
[2026-06-13T10:51:29.874+0000] {processor.py:840} INFO - DAG(s) 'example_weekday_branch_operator' retrieved from /home/airflow/.local/lib/python3.12/site-packages/airflow/example_dags/example_branch_day_of_week_operator.py
[2026-06-13T10:51:29.900+0000] {logging_mixin.py:188} INFO - [2026-06-13T10:51:29.900+0000] {dag.py:3096} INFO - Sync 1 DAGs
[2026-06-13T10:51:29.924+0000] {logging_mixin.py:188} INFO - [2026-06-13T10:51:29.924+0000] {dag.py:3954} INFO - Setting next_dagrun for example_weekday_branch_operator to 2026-06-12 00:00:00+00:00, run_after=2026-06-13 00:00:00+00:00
[2026-06-13T10:51:29.950+0000] {processor.py:183} INFO - Processing /home/airflow/.local/lib/python3.12/site-packages/airflow/example_dags/example_branch_day_of_week_operator.py took 0.094 seconds
[2026-06-13T10:52:00.876+0000] {processor.py:161} INFO - Started process (PID=1208) to work on /home/airflow/.local/lib/python3.12/site-packages/airflow/example_dags/example_branch_day_of_week_operator.py
[2026-06-13T10:52:00.878+0000] {processor.py:830} INFO - Processing file /home/airflow/.local/lib/python3.12/site-packages/airflow/example_dags/example_branch_day_of_week_operator.py for tasks to queue
[2026-06-13T10:52:00.881+0000] {logging_mixin.py:188} INFO - [2026-06-13T10:52:00.881+0000] {dagbag.py:545} INFO - Filling up the DagBag from /home/airflow/.local/lib/python3.12/site-packages/airflow/example_dags/example_branch_day_of_week_operator.py
[2026-06-13T10:52:00.890+0000] {processor.py:840} INFO - DAG(s) 'example_weekday_branch_operator' retrieved from /home/airflow/.local/lib/python3.12/site-packages/airflow/example_dags/example_branch_day_of_week_operator.py
[2026-06-13T10:52:00.918+0000] {logging_mixin.py:188} INFO - [2026-06-13T10:52:00.918+0000] {dag.py:3096} INFO - Sync 1 DAGs
[2026-06-13T10:52:00.948+0000] {logging_mixin.py:188} INFO - [2026-06-13T10:52:00.948+0000] {dag.py:3954} INFO - Setting next_dagrun for example_weekday_branch_operator to 2026-06-12 00:00:00+00:00, run_after=2026-06-13 00:00:00+00:00
[2026-06-13T10:52:00.982+0000] {processor.py:183} INFO - Processing /home/airflow/.local/lib/python3.12/site-packages/airflow/example_dags/example_branch_day_of_week_operator.py took 0.112 seconds
[2026-06-13T10:52:31.055+0000] {processor.py:161} INFO - Started process (PID=1266) to work on /home/airflow/.local/lib/python3.12/site-packages/airflow/example_dags/example_branch_day_of_week_operator.py
[2026-06-13T10:52:31.057+0000] {processor.py:830} INFO - Processing file /home/airflow/.local/lib/python3.12/site-packages/airflow/example_dags/example_branch_day_of_week_operator.py for tasks to queue
[2026-06-13T10:52:31.060+0000] {logging_mixin.py:188} INFO - [2026-06-13T10:52:31.060+0000] {dagbag.py:545} INFO - Filling up the DagBag from /home/airflow/.local/lib/python3.12/site-packages/airflow/example_dags/example_branch_day_of_week_operator.py
[2026-06-13T10:52:31.072+0000] {processor.py:840} INFO - DAG(s) 'example_weekday_branch_operator' retrieved from /home/airflow/.local/lib/python3.12/site-packages/airflow/example_dags/example_branch_day_of_week_operator.py
[2026-06-13T10:52:31.104+0000] {logging_mixin.py:188} INFO - [2026-06-13T10:52:31.103+0000] {dag.py:3096} INFO - Sync 1 DAGs
[2026-06-13T10:52:31.136+0000] {logging_mixin.py:188} INFO - [2026-06-13T10:52:31.136+0000] {dag.py:3954} INFO - Setting next_dagrun for example_weekday_branch_operator to 2026-06-12 00:00:00+00:00, run_after=2026-06-13 00:00:00+00:00
[2026-06-13T10:52:31.165+0000] {processor.py:183} INFO - Processing /home/airflow/.local/lib/python3.12/site-packages/airflow/example_dags/example_branch_day_of_week_operator.py took 0.116 seconds
[2026-06-13T10:53:01.705+0000] {processor.py:161} INFO - Started process (PID=1324) to work on /home/airflow/.local/lib/python3.12/site-packages/airflow/example_dags/example_branch_day_of_week_operator.py
[2026-06-13T10:53:01.706+0000] {processor.py:830} INFO - Processing file /home/airflow/.local/lib/python3.12/site-packages/airflow/example_dags/example_branch_day_of_week_operator.py for tasks to queue
[2026-06-13T10:53:01.709+0000] {logging_mixin.py:188} INFO - [2026-06-13T10:53:01.709+0000] {dagbag.py:545} INFO - Filling up the DagBag from /home/airflow/.local/lib/python3.12/site-packages/airflow/example_dags/example_branch_day_of_week_operator.py
[2026-06-13T10:53:01.717+0000] {processor.py:840} INFO - DAG(s) 'example_weekday_branch_operator' retrieved from /home/airflow/.local/lib/python3.12/site-packages/airflow/example_dags/example_branch_day_of_week_operator.py
[2026-06-13T10:53:01.746+0000] {logging_mixin.py:188} INFO - [2026-06-13T10:53:01.746+0000] {dag.py:3096} INFO - Sync 1 DAGs
[2026-06-13T10:53:01.773+0000] {logging_mixin.py:188} INFO - [2026-06-13T10:53:01.773+0000] {dag.py:3954} INFO - Setting next_dagrun for example_weekday_branch_operator to 2026-06-12 00:00:00+00:00, run_after=2026-06-13 00:00:00+00:00
[2026-06-13T10:53:01.800+0000] {processor.py:183} INFO - Processing /home/airflow/.local/lib/python3.12/site-packages/airflow/example_dags/example_branch_day_of_week_operator.py took 0.101 seconds
[2026-06-13T10:53:32.739+0000] {processor.py:161} INFO - Started process (PID=1383) to work on /home/airflow/.local/lib/python3.12/site-packages/airflow/example_dags/example_branch_day_of_week_operator.py
[2026-06-13T10:53:32.740+0000] {processor.py:830} INFO - Processing file /home/airflow/.local/lib/python3.12/site-packages/airflow/example_dags/example_branch_day_of_week_operator.py for tasks to queue
[2026-06-13T10:53:32.743+0000] {logging_mixin.py:188} INFO - [2026-06-13T10:53:32.743+0000] {dagbag.py:545} INFO - Filling up the DagBag from /home/airflow/.local/lib/python3.12/site-packages/airflow/example_dags/example_branch_day_of_week_operator.py
[2026-06-13T10:53:32.752+0000] {processor.py:840} INFO - DAG(s) 'example_weekday_branch_operator' retrieved from /home/airflow/.local/lib/python3.12/site-packages/airflow/example_dags/example_branch_day_of_week_operator.py
[2026-06-13T10:53:32.780+0000] {logging_mixin.py:188} INFO - [2026-06-13T10:53:32.780+0000] {dag.py:3096} INFO - Sync 1 DAGs
[2026-06-13T10:53:32.813+0000] {logging_mixin.py:188} INFO - [2026-06-13T10:53:32.812+0000] {dag.py:3954} INFO - Setting next_dagrun for example_weekday_branch_operator to 2026-06-12 00:00:00+00:00, run_after=2026-06-13 00:00:00+00:00
[2026-06-13T10:53:32.843+0000] {processor.py:183} INFO - Processing /home/airflow/.local/lib/python3.12/site-packages/airflow/example_dags/example_branch_day_of_week_operator.py took 0.111 seconds
[2026-06-13T10:54:03.436+0000] {processor.py:161} INFO - Started process (PID=1441) to work on /home/airflow/.local/lib/python3.12/site-packages/airflow/example_dags/example_branch_day_of_week_operator.py
[2026-06-13T10:54:03.438+0000] {processor.py:830} INFO - Processing file /home/airflow/.local/lib/python3.12/site-packages/airflow/example_dags/example_branch_day_of_week_operator.py for tasks to queue
[2026-06-13T10:54:03.441+0000] {logging_mixin.py:188} INFO - [2026-06-13T10:54:03.440+0000] {dagbag.py:545} INFO - Filling up the DagBag from /home/airflow/.local/lib/python3.12/site-packages/airflow/example_dags/example_branch_day_of_week_operator.py
[2026-06-13T10:54:03.450+0000] {processor.py:840} INFO - DAG(s) 'example_weekday_branch_operator' retrieved from /home/airflow/.local/lib/python3.12/site-packages/airflow/example_dags/example_branch_day_of_week_operator.py
[2026-06-13T10:54:03.479+0000] {logging_mixin.py:188} INFO - [2026-06-13T10:54:03.478+0000] {dag.py:3096} INFO - Sync 1 DAGs
[2026-06-13T10:54:03.506+0000] {logging_mixin.py:188} INFO - [2026-06-13T10:54:03.506+0000] {dag.py:3954} INFO - Setting next_dagrun for example_weekday_branch_operator to 2026-06-12 00:00:00+00:00, run_after=2026-06-13 00:00:00+00:00
[2026-06-13T10:54:03.531+0000] {processor.py:183} INFO - Processing /home/airflow/.local/lib/python3.12/site-packages/airflow/example_dags/example_branch_day_of_week_operator.py took 0.104 seconds
[2026-06-13T10:54:33.641+0000] {processor.py:161} INFO - Started process (PID=1499) to work on /home/airflow/.local/lib/python3.12/site-packages/airflow/example_dags/example_branch_day_of_week_operator.py
[2026-06-13T10:54:33.643+0000] {processor.py:830} INFO - Processing file /home/airflow/.local/lib/python3.12/site-packages/airflow/example_dags/example_branch_day_of_week_operator.py for tasks to queue
[2026-06-13T10:54:33.646+0000] {logging_mixin.py:188} INFO - [2026-06-13T10:54:33.646+0000] {dagbag.py:545} INFO - Filling up the DagBag from /home/airflow/.local/lib/python3.12/site-packages/airflow/example_dags/example_branch_day_of_week_operator.py
[2026-06-13T10:54:33.655+0000] {processor.py:840} INFO - DAG(s) 'example_weekday_branch_operator' retrieved from /home/airflow/.local/lib/python3.12/site-packages/airflow/example_dags/example_branch_day_of_week_operator.py
[2026-06-13T10:54:33.682+0000] {logging_mixin.py:188} INFO - [2026-06-13T10:54:33.682+0000] {dag.py:3096} INFO - Sync 1 DAGs
[2026-06-13T10:54:33.709+0000] {logging_mixin.py:188} INFO - [2026-06-13T10:54:33.709+0000] {dag.py:3954} INFO - Setting next_dagrun for example_weekday_branch_operator to 2026-06-12 00:00:00+00:00, run_after=2026-06-13 00:00:00+00:00
[2026-06-13T10:54:33.737+0000] {processor.py:183} INFO - Processing /home/airflow/.local/lib/python3.12/site-packages/airflow/example_dags/example_branch_day_of_week_operator.py took 0.102 seconds
[2026-06-13T10:55:59.650+0000] {processor.py:161} INFO - Started process (PID=106) to work on /home/airflow/.local/lib/python3.12/site-packages/airflow/example_dags/example_branch_day_of_week_operator.py
[2026-06-13T10:55:59.652+0000] {processor.py:830} INFO - Processing file /home/airflow/.local/lib/python3.12/site-packages/airflow/example_dags/example_branch_day_of_week_operator.py for tasks to queue
[2026-06-13T10:55:59.655+0000] {logging_mixin.py:188} INFO - [2026-06-13T10:55:59.654+0000] {dagbag.py:545} INFO - Filling up the DagBag from /home/airflow/.local/lib/python3.12/site-packages/airflow/example_dags/example_branch_day_of_week_operator.py
[2026-06-13T10:55:59.667+0000] {processor.py:840} INFO - DAG(s) 'example_weekday_branch_operator' retrieved from /home/airflow/.local/lib/python3.12/site-packages/airflow/example_dags/example_branch_day_of_week_operator.py
[2026-06-13T10:55:59.800+0000] {logging_mixin.py:188} INFO - [2026-06-13T10:55:59.800+0000] {dag.py:3096} INFO - Sync 1 DAGs
[2026-06-13T10:55:59.828+0000] {logging_mixin.py:188} INFO - [2026-06-13T10:55:59.827+0000] {dag.py:3954} INFO - Setting next_dagrun for example_weekday_branch_operator to 2026-06-12 00:00:00+00:00, run_after=2026-06-13 00:00:00+00:00
[2026-06-13T10:55:59.867+0000] {processor.py:183} INFO - Processing /home/airflow/.local/lib/python3.12/site-packages/airflow/example_dags/example_branch_day_of_week_operator.py took 0.224 seconds
[2026-06-13T10:56:30.110+0000] {processor.py:161} INFO - Started process (PID=165) to work on /home/airflow/.local/lib/python3.12/site-packages/airflow/example_dags/example_branch_day_of_week_operator.py
[2026-06-13T10:56:30.112+0000] {processor.py:830} INFO - Processing file /home/airflow/.local/lib/python3.12/site-packages/airflow/example_dags/example_branch_day_of_week_operator.py for tasks to queue
[2026-06-13T10:56:30.117+0000] {logging_mixin.py:188} INFO - [2026-06-13T10:56:30.116+0000] {dagbag.py:545} INFO - Filling up the DagBag from /home/airflow/.local/lib/python3.12/site-packages/airflow/example_dags/example_branch_day_of_week_operator.py
[2026-06-13T10:56:30.126+0000] {processor.py:840} INFO - DAG(s) 'example_weekday_branch_operator' retrieved from /home/airflow/.local/lib/python3.12/site-packages/airflow/example_dags/example_branch_day_of_week_operator.py
[2026-06-13T10:56:30.155+0000] {logging_mixin.py:188} INFO - [2026-06-13T10:56:30.154+0000] {dag.py:3096} INFO - Sync 1 DAGs
[2026-06-13T10:56:30.182+0000] {logging_mixin.py:188} INFO - [2026-06-13T10:56:30.182+0000] {dag.py:3954} INFO - Setting next_dagrun for example_weekday_branch_operator to 2026-06-12 00:00:00+00:00, run_after=2026-06-13 00:00:00+00:00
[2026-06-13T10:56:30.209+0000] {processor.py:183} INFO - Processing /home/airflow/.local/lib/python3.12/site-packages/airflow/example_dags/example_branch_day_of_week_operator.py took 0.105 seconds
[2026-06-13T10:57:00.358+0000] {processor.py:161} INFO - Started process (PID=224) to work on /home/airflow/.local/lib/python3.12/site-packages/airflow/example_dags/example_branch_day_of_week_operator.py
[2026-06-13T10:57:00.359+0000] {processor.py:830} INFO - Processing file /home/airflow/.local/lib/python3.12/site-packages/airflow/example_dags/example_branch_day_of_week_operator.py for tasks to queue
[2026-06-13T10:57:00.362+0000] {logging_mixin.py:188} INFO - [2026-06-13T10:57:00.361+0000] {dagbag.py:545} INFO - Filling up the DagBag from /home/airflow/.local/lib/python3.12/site-packages/airflow/example_dags/example_branch_day_of_week_operator.py
[2026-06-13T10:57:00.371+0000] {processor.py:840} INFO - DAG(s) 'example_weekday_branch_operator' retrieved from /home/airflow/.local/lib/python3.12/site-packages/airflow/example_dags/example_branch_day_of_week_operator.py
[2026-06-13T10:57:00.389+0000] {logging_mixin.py:188} INFO - [2026-06-13T10:57:00.388+0000] {dag.py:3096} INFO - Sync 1 DAGs
[2026-06-13T10:57:00.418+0000] {logging_mixin.py:188} INFO - [2026-06-13T10:57:00.418+0000] {dag.py:3954} INFO - Setting next_dagrun for example_weekday_branch_operator to 2026-06-12 00:00:00+00:00, run_after=2026-06-13 00:00:00+00:00
[2026-06-13T10:57:00.445+0000] {processor.py:183} INFO - Processing /home/airflow/.local/lib/python3.12/site-packages/airflow/example_dags/example_branch_day_of_week_operator.py took 0.094 seconds
[2026-06-13T10:57:31.316+0000] {processor.py:161} INFO - Started process (PID=284) to work on /home/airflow/.local/lib/python3.12/site-packages/airflow/example_dags/example_branch_day_of_week_operator.py
[2026-06-13T10:57:31.318+0000] {processor.py:830} INFO - Processing file /home/airflow/.local/lib/python3.12/site-packages/airflow/example_dags/example_branch_day_of_week_operator.py for tasks to queue
[2026-06-13T10:57:31.320+0000] {logging_mixin.py:188} INFO - [2026-06-13T10:57:31.320+0000] {dagbag.py:545} INFO - Filling up the DagBag from /home/airflow/.local/lib/python3.12/site-packages/airflow/example_dags/example_branch_day_of_week_operator.py
[2026-06-13T10:57:31.329+0000] {processor.py:840} INFO - DAG(s) 'example_weekday_branch_operator' retrieved from /home/airflow/.local/lib/python3.12/site-packages/airflow/example_dags/example_branch_day_of_week_operator.py
[2026-06-13T10:57:31.441+0000] {logging_mixin.py:188} INFO - [2026-06-13T10:57:31.441+0000] {dag.py:3096} INFO - Sync 1 DAGs
[2026-06-13T10:57:31.463+0000] {logging_mixin.py:188} INFO - [2026-06-13T10:57:31.463+0000] {dag.py:3954} INFO - Setting next_dagrun for example_weekday_branch_operator to 2026-06-12 00:00:00+00:00, run_after=2026-06-13 00:00:00+00:00
[2026-06-13T10:57:31.493+0000] {processor.py:183} INFO - Processing /home/airflow/.local/lib/python3.12/site-packages/airflow/example_dags/example_branch_day_of_week_operator.py took 0.183 seconds
[2026-06-13T10:58:02.114+0000] {processor.py:161} INFO - Started process (PID=343) to work on /home/airflow/.local/lib/python3.12/site-packages/airflow/example_dags/example_branch_day_of_week_operator.py
[2026-06-13T10:58:02.115+0000] {processor.py:830} INFO - Processing file /home/airflow/.local/lib/python3.12/site-packages/airflow/example_dags/example_branch_day_of_week_operator.py for tasks to queue
[2026-06-13T10:58:02.119+0000] {logging_mixin.py:188} INFO - [2026-06-13T10:58:02.118+0000] {dagbag.py:545} INFO - Filling up the DagBag from /home/airflow/.local/lib/python3.12/site-packages/airflow/example_dags/example_branch_day_of_week_operator.py
[2026-06-13T10:58:02.128+0000] {processor.py:840} INFO - DAG(s) 'example_weekday_branch_operator' retrieved from /home/airflow/.local/lib/python3.12/site-packages/airflow/example_dags/example_branch_day_of_week_operator.py
[2026-06-13T10:58:02.154+0000] {logging_mixin.py:188} INFO - [2026-06-13T10:58:02.154+0000] {dag.py:3096} INFO - Sync 1 DAGs
[2026-06-13T10:58:02.183+0000] {logging_mixin.py:188} INFO - [2026-06-13T10:58:02.183+0000] {dag.py:3954} INFO - Setting next_dagrun for example_weekday_branch_operator to 2026-06-12 00:00:00+00:00, run_after=2026-06-13 00:00:00+00:00
[2026-06-13T10:58:02.213+0000] {processor.py:183} INFO - Processing /home/airflow/.local/lib/python3.12/site-packages/airflow/example_dags/example_branch_day_of_week_operator.py took 0.106 seconds
[2026-06-13T10:58:32.388+0000] {processor.py:161} INFO - Started process (PID=402) to work on /home/airflow/.local/lib/python3.12/site-packages/airflow/example_dags/example_branch_day_of_week_operator.py
[2026-06-13T10:58:32.390+0000] {processor.py:830} INFO - Processing file /home/airflow/.local/lib/python3.12/site-packages/airflow/example_dags/example_branch_day_of_week_operator.py for tasks to queue
[2026-06-13T10:58:32.393+0000] {logging_mixin.py:188} INFO - [2026-06-13T10:58:32.392+0000] {dagbag.py:545} INFO - Filling up the DagBag from /home/airflow/.local/lib/python3.12/site-packages/airflow/example_dags/example_branch_day_of_week_operator.py
[2026-06-13T10:58:32.402+0000] {processor.py:840} INFO - DAG(s) 'example_weekday_branch_operator' retrieved from /home/airflow/.local/lib/python3.12/site-packages/airflow/example_dags/example_branch_day_of_week_operator.py
[2026-06-13T10:58:32.429+0000] {logging_mixin.py:188} INFO - [2026-06-13T10:58:32.429+0000] {dag.py:3096} INFO - Sync 1 DAGs
[2026-06-13T10:58:32.459+0000] {logging_mixin.py:188} INFO - [2026-06-13T10:58:32.459+0000] {dag.py:3954} INFO - Setting next_dagrun for example_weekday_branch_operator to 2026-06-12 00:00:00+00:00, run_after=2026-06-13 00:00:00+00:00
[2026-06-13T10:58:32.490+0000] {processor.py:183} INFO - Processing /home/airflow/.local/lib/python3.12/site-packages/airflow/example_dags/example_branch_day_of_week_operator.py took 0.108 seconds
[2026-06-13T10:59:02.946+0000] {processor.py:161} INFO - Started process (PID=461) to work on /home/airflow/.local/lib/python3.12/site-packages/airflow/example_dags/example_branch_day_of_week_operator.py
[2026-06-13T10:59:02.947+0000] {processor.py:830} INFO - Processing file /home/airflow/.local/lib/python3.12/site-packages/airflow/example_dags/example_branch_day_of_week_operator.py for tasks to queue
[2026-06-13T10:59:02.950+0000] {logging_mixin.py:188} INFO - [2026-06-13T10:59:02.950+0000] {dagbag.py:545} INFO - Filling up the DagBag from /home/airflow/.local/lib/python3.12/site-packages/airflow/example_dags/example_branch_day_of_week_operator.py
[2026-06-13T10:59:02.959+0000] {processor.py:840} INFO - DAG(s) 'example_weekday_branch_operator' retrieved from /home/airflow/.local/lib/python3.12/site-packages/airflow/example_dags/example_branch_day_of_week_operator.py
[2026-06-13T10:59:02.987+0000] {logging_mixin.py:188} INFO - [2026-06-13T10:59:02.987+0000] {dag.py:3096} INFO - Sync 1 DAGs
[2026-06-13T10:59:03.014+0000] {logging_mixin.py:188} INFO - [2026-06-13T10:59:03.014+0000] {dag.py:3954} INFO - Setting next_dagrun for example_weekday_branch_operator to 2026-06-12 00:00:00+00:00, run_after=2026-06-13 00:00:00+00:00
[2026-06-13T10:59:03.041+0000] {processor.py:183} INFO - Processing /home/airflow/.local/lib/python3.12/site-packages/airflow/example_dags/example_branch_day_of_week_operator.py took 0.102 seconds
[2026-06-13T10:59:33.185+0000] {processor.py:161} INFO - Started process (PID=520) to work on /home/airflow/.local/lib/python3.12/site-packages/airflow/example_dags/example_branch_day_of_week_operator.py
[2026-06-13T10:59:33.186+0000] {processor.py:830} INFO - Processing file /home/airflow/.local/lib/python3.12/site-packages/airflow/example_dags/example_branch_day_of_week_operator.py for tasks to queue
[2026-06-13T10:59:33.189+0000] {logging_mixin.py:188} INFO - [2026-06-13T10:59:33.189+0000] {dagbag.py:545} INFO - Filling up the DagBag from /home/airflow/.local/lib/python3.12/site-packages/airflow/example_dags/example_branch_day_of_week_operator.py
[2026-06-13T10:59:33.197+0000] {processor.py:840} INFO - DAG(s) 'example_weekday_branch_operator' retrieved from /home/airflow/.local/lib/python3.12/site-packages/airflow/example_dags/example_branch_day_of_week_operator.py
[2026-06-13T10:59:33.225+0000] {logging_mixin.py:188} INFO - [2026-06-13T10:59:33.225+0000] {dag.py:3096} INFO - Sync 1 DAGs
[2026-06-13T10:59:33.254+0000] {logging_mixin.py:188} INFO - [2026-06-13T10:59:33.254+0000] {dag.py:3954} INFO - Setting next_dagrun for example_weekday_branch_operator to 2026-06-12 00:00:00+00:00, run_after=2026-06-13 00:00:00+00:00
[2026-06-13T10:59:33.284+0000] {processor.py:183} INFO - Processing /home/airflow/.local/lib/python3.12/site-packages/airflow/example_dags/example_branch_day_of_week_operator.py took 0.105 seconds
[2026-06-13T11:00:03.410+0000] {processor.py:161} INFO - Started process (PID=579) to work on /home/airflow/.local/lib/python3.12/site-packages/airflow/example_dags/example_branch_day_of_week_operator.py
[2026-06-13T11:00:03.412+0000] {processor.py:830} INFO - Processing file /home/airflow/.local/lib/python3.12/site-packages/airflow/example_dags/example_branch_day_of_week_operator.py for tasks to queue
[2026-06-13T11:00:03.416+0000] {logging_mixin.py:188} INFO - [2026-06-13T11:00:03.415+0000] {dagbag.py:545} INFO - Filling up the DagBag from /home/airflow/.local/lib/python3.12/site-packages/airflow/example_dags/example_branch_day_of_week_operator.py
[2026-06-13T11:00:03.425+0000] {processor.py:840} INFO - DAG(s) 'example_weekday_branch_operator' retrieved from /home/airflow/.local/lib/python3.12/site-packages/airflow/example_dags/example_branch_day_of_week_operator.py
[2026-06-13T11:00:03.450+0000] {logging_mixin.py:188} INFO - [2026-06-13T11:00:03.450+0000] {dag.py:3096} INFO - Sync 1 DAGs
[2026-06-13T11:00:03.477+0000] {logging_mixin.py:188} INFO - [2026-06-13T11:00:03.477+0000] {dag.py:3954} INFO - Setting next_dagrun for example_weekday_branch_operator to 2026-06-12 00:00:00+00:00, run_after=2026-06-13 00:00:00+00:00
[2026-06-13T11:00:03.507+0000] {processor.py:183} INFO - Processing /home/airflow/.local/lib/python3.12/site-packages/airflow/example_dags/example_branch_day_of_week_operator.py took 0.102 seconds
[2026-06-13T11:00:33.763+0000] {processor.py:161} INFO - Started process (PID=638) to work on /home/airflow/.local/lib/python3.12/site-packages/airflow/example_dags/example_branch_day_of_week_operator.py
[2026-06-13T11:00:33.765+0000] {processor.py:830} INFO - Processing file /home/airflow/.local/lib/python3.12/site-packages/airflow/example_dags/example_branch_day_of_week_operator.py for tasks to queue
[2026-06-13T11:00:33.769+0000] {logging_mixin.py:188} INFO - [2026-06-13T11:00:33.768+0000] {dagbag.py:545} INFO - Filling up the DagBag from /home/airflow/.local/lib/python3.12/site-packages/airflow/example_dags/example_branch_day_of_week_operator.py
[2026-06-13T11:00:33.777+0000] {processor.py:840} INFO - DAG(s) 'example_weekday_branch_operator' retrieved from /home/airflow/.local/lib/python3.12/site-packages/airflow/example_dags/example_branch_day_of_week_operator.py
[2026-06-13T11:00:33.804+0000] {logging_mixin.py:188} INFO - [2026-06-13T11:00:33.803+0000] {dag.py:3096} INFO - Sync 1 DAGs
[2026-06-13T11:00:33.829+0000] {logging_mixin.py:188} INFO - [2026-06-13T11:00:33.829+0000] {dag.py:3954} INFO - Setting next_dagrun for example_weekday_branch_operator to 2026-06-12 00:00:00+00:00, run_after=2026-06-13 00:00:00+00:00
[2026-06-13T11:00:33.858+0000] {processor.py:183} INFO - Processing /home/airflow/.local/lib/python3.12/site-packages/airflow/example_dags/example_branch_day_of_week_operator.py took 0.100 seconds
[2026-06-13T11:01:04.034+0000] {processor.py:161} INFO - Started process (PID=697) to work on /home/airflow/.local/lib/python3.12/site-packages/airflow/example_dags/example_branch_day_of_week_operator.py
[2026-06-13T11:01:04.036+0000] {processor.py:830} INFO - Processing file /home/airflow/.local/lib/python3.12/site-packages/airflow/example_dags/example_branch_day_of_week_operator.py for tasks to queue
[2026-06-13T11:01:04.039+0000] {logging_mixin.py:188} INFO - [2026-06-13T11:01:04.039+0000] {dagbag.py:545} INFO - Filling up the DagBag from /home/airflow/.local/lib/python3.12/site-packages/airflow/example_dags/example_branch_day_of_week_operator.py
[2026-06-13T11:01:04.048+0000] {processor.py:840} INFO - DAG(s) 'example_weekday_branch_operator' retrieved from /home/airflow/.local/lib/python3.12/site-packages/airflow/example_dags/example_branch_day_of_week_operator.py
[2026-06-13T11:01:04.078+0000] {logging_mixin.py:188} INFO - [2026-06-13T11:01:04.078+0000] {dag.py:3096} INFO - Sync 1 DAGs
[2026-06-13T11:01:04.106+0000] {logging_mixin.py:188} INFO - [2026-06-13T11:01:04.105+0000] {dag.py:3954} INFO - Setting next_dagrun for example_weekday_branch_operator to 2026-06-12 00:00:00+00:00, run_after=2026-06-13 00:00:00+00:00
[2026-06-13T11:01:04.134+0000] {processor.py:183} INFO - Processing /home/airflow/.local/lib/python3.12/site-packages/airflow/example_dags/example_branch_day_of_week_operator.py took 0.106 seconds
[2026-06-13T11:01:34.568+0000] {processor.py:161} INFO - Started process (PID=756) to work on /home/airflow/.local/lib/python3.12/site-packages/airflow/example_dags/example_branch_day_of_week_operator.py
[2026-06-13T11:01:34.569+0000] {processor.py:830} INFO - Processing file /home/airflow/.local/lib/python3.12/site-packages/airflow/example_dags/example_branch_day_of_week_operator.py for tasks to queue
[2026-06-13T11:01:34.571+0000] {logging_mixin.py:188} INFO - [2026-06-13T11:01:34.571+0000] {dagbag.py:545} INFO - Filling up the DagBag from /home/airflow/.local/lib/python3.12/site-packages/airflow/example_dags/example_branch_day_of_week_operator.py
[2026-06-13T11:01:34.580+0000] {processor.py:840} INFO - DAG(s) 'example_weekday_branch_operator' retrieved from /home/airflow/.local/lib/python3.12/site-packages/airflow/example_dags/example_branch_day_of_week_operator.py
[2026-06-13T11:01:34.609+0000] {logging_mixin.py:188} INFO - [2026-06-13T11:01:34.608+0000] {dag.py:3096} INFO - Sync 1 DAGs
[2026-06-13T11:01:34.634+0000] {logging_mixin.py:188} INFO - [2026-06-13T11:01:34.634+0000] {dag.py:3954} INFO - Setting next_dagrun for example_weekday_branch_operator to 2026-06-12 00:00:00+00:00, run_after=2026-06-13 00:00:00+00:00
[2026-06-13T11:01:34.662+0000] {processor.py:183} INFO - Processing /home/airflow/.local/lib/python3.12/site-packages/airflow/example_dags/example_branch_day_of_week_operator.py took 0.100 seconds
[2026-06-13T11:02:05.230+0000] {processor.py:161} INFO - Started process (PID=815) to work on /home/airflow/.local/lib/python3.12/site-packages/airflow/example_dags/example_branch_day_of_week_operator.py
[2026-06-13T11:02:05.232+0000] {processor.py:830} INFO - Processing file /home/airflow/.local/lib/python3.12/site-packages/airflow/example_dags/example_branch_day_of_week_operator.py for tasks to queue
[2026-06-13T11:02:05.234+0000] {logging_mixin.py:188} INFO - [2026-06-13T11:02:05.234+0000] {dagbag.py:545} INFO - Filling up the DagBag from /home/airflow/.local/lib/python3.12/site-packages/airflow/example_dags/example_branch_day_of_week_operator.py
[2026-06-13T11:02:05.243+0000] {processor.py:840} INFO - DAG(s) 'example_weekday_branch_operator' retrieved from /home/airflow/.local/lib/python3.12/site-packages/airflow/example_dags/example_branch_day_of_week_operator.py
[2026-06-13T11:02:05.271+0000] {logging_mixin.py:188} INFO - [2026-06-13T11:02:05.270+0000] {dag.py:3096} INFO - Sync 1 DAGs
[2026-06-13T11:02:05.297+0000] {logging_mixin.py:188} INFO - [2026-06-13T11:02:05.297+0000] {dag.py:3954} INFO - Setting next_dagrun for example_weekday_branch_operator to 2026-06-12 00:00:00+00:00, run_after=2026-06-13 00:00:00+00:00
[2026-06-13T11:02:05.325+0000] {processor.py:183} INFO - Processing /home/airflow/.local/lib/python3.12/site-packages/airflow/example_dags/example_branch_day_of_week_operator.py took 0.101 seconds
[2026-06-13T11:02:36.327+0000] {processor.py:161} INFO - Started process (PID=874) to work on /home/airflow/.local/lib/python3.12/site-packages/airflow/example_dags/example_branch_day_of_week_operator.py
[2026-06-13T11:02:36.329+0000] {processor.py:830} INFO - Processing file /home/airflow/.local/lib/python3.12/site-packages/airflow/example_dags/example_branch_day_of_week_operator.py for tasks to queue
[2026-06-13T11:02:36.333+0000] {logging_mixin.py:188} INFO - [2026-06-13T11:02:36.332+0000] {dagbag.py:545} INFO - Filling up the DagBag from /home/airflow/.local/lib/python3.12/site-packages/airflow/example_dags/example_branch_day_of_week_operator.py
[2026-06-13T11:02:36.349+0000] {processor.py:840} INFO - DAG(s) 'example_weekday_branch_operator' retrieved from /home/airflow/.local/lib/python3.12/site-packages/airflow/example_dags/example_branch_day_of_week_operator.py
[2026-06-13T11:02:36.390+0000] {logging_mixin.py:188} INFO - [2026-06-13T11:02:36.390+0000] {dag.py:3096} INFO - Sync 1 DAGs
[2026-06-13T11:02:36.425+0000] {logging_mixin.py:188} INFO - [2026-06-13T11:02:36.424+0000] {dag.py:3954} INFO - Setting next_dagrun for example_weekday_branch_operator to 2026-06-12 00:00:00+00:00, run_after=2026-06-13 00:00:00+00:00
[2026-06-13T11:02:36.461+0000] {processor.py:183} INFO - Processing /home/airflow/.local/lib/python3.12/site-packages/airflow/example_dags/example_branch_day_of_week_operator.py took 0.146 seconds
[2026-06-13T11:03:06.784+0000] {processor.py:161} INFO - Started process (PID=933) to work on /home/airflow/.local/lib/python3.12/site-packages/airflow/example_dags/example_branch_day_of_week_operator.py
[2026-06-13T11:03:06.785+0000] {processor.py:830} INFO - Processing file /home/airflow/.local/lib/python3.12/site-packages/airflow/example_dags/example_branch_day_of_week_operator.py for tasks to queue
[2026-06-13T11:03:06.788+0000] {logging_mixin.py:188} INFO - [2026-06-13T11:03:06.787+0000] {dagbag.py:545} INFO - Filling up the DagBag from /home/airflow/.local/lib/python3.12/site-packages/airflow/example_dags/example_branch_day_of_week_operator.py
[2026-06-13T11:03:06.799+0000] {processor.py:840} INFO - DAG(s) 'example_weekday_branch_operator' retrieved from /home/airflow/.local/lib/python3.12/site-packages/airflow/example_dags/example_branch_day_of_week_operator.py
[2026-06-13T11:03:06.824+0000] {logging_mixin.py:188} INFO - [2026-06-13T11:03:06.824+0000] {dag.py:3096} INFO - Sync 1 DAGs
[2026-06-13T11:03:06.849+0000] {logging_mixin.py:188} INFO - [2026-06-13T11:03:06.849+0000] {dag.py:3954} INFO - Setting next_dagrun for example_weekday_branch_operator to 2026-06-12 00:00:00+00:00, run_after=2026-06-13 00:00:00+00:00
[2026-06-13T11:03:06.879+0000] {processor.py:183} INFO - Processing /home/airflow/.local/lib/python3.12/site-packages/airflow/example_dags/example_branch_day_of_week_operator.py took 0.101 seconds
[2026-06-13T11:03:37.162+0000] {processor.py:161} INFO - Started process (PID=992) to work on /home/airflow/.local/lib/python3.12/site-packages/airflow/example_dags/example_branch_day_of_week_operator.py
[2026-06-13T11:03:37.163+0000] {processor.py:830} INFO - Processing file /home/airflow/.local/lib/python3.12/site-packages/airflow/example_dags/example_branch_day_of_week_operator.py for tasks to queue
[2026-06-13T11:03:37.166+0000] {logging_mixin.py:188} INFO - [2026-06-13T11:03:37.166+0000] {dagbag.py:545} INFO - Filling up the DagBag from /home/airflow/.local/lib/python3.12/site-packages/airflow/example_dags/example_branch_day_of_week_operator.py
[2026-06-13T11:03:37.175+0000] {processor.py:840} INFO - DAG(s) 'example_weekday_branch_operator' retrieved from /home/airflow/.local/lib/python3.12/site-packages/airflow/example_dags/example_branch_day_of_week_operator.py
[2026-06-13T11:03:37.203+0000] {logging_mixin.py:188} INFO - [2026-06-13T11:03:37.203+0000] {dag.py:3096} INFO - Sync 1 DAGs
[2026-06-13T11:03:37.230+0000] {logging_mixin.py:188} INFO - [2026-06-13T11:03:37.230+0000] {dag.py:3954} INFO - Setting next_dagrun for example_weekday_branch_operator to 2026-06-12 00:00:00+00:00, run_after=2026-06-13 00:00:00+00:00
[2026-06-13T11:03:37.259+0000] {processor.py:183} INFO - Processing /home/airflow/.local/lib/python3.12/site-packages/airflow/example_dags/example_branch_day_of_week_operator.py took 0.103 seconds
[2026-06-13T11:04:07.491+0000] {processor.py:161} INFO - Started process (PID=1051) to work on /home/airflow/.local/lib/python3.12/site-packages/airflow/example_dags/example_branch_day_of_week_operator.py
[2026-06-13T11:04:07.493+0000] {processor.py:830} INFO - Processing file /home/airflow/.local/lib/python3.12/site-packages/airflow/example_dags/example_branch_day_of_week_operator.py for tasks to queue
[2026-06-13T11:04:07.496+0000] {logging_mixin.py:188} INFO - [2026-06-13T11:04:07.495+0000] {dagbag.py:545} INFO - Filling up the DagBag from /home/airflow/.local/lib/python3.12/site-packages/airflow/example_dags/example_branch_day_of_week_operator.py
[2026-06-13T11:04:07.504+0000] {processor.py:840} INFO - DAG(s) 'example_weekday_branch_operator' retrieved from /home/airflow/.local/lib/python3.12/site-packages/airflow/example_dags/example_branch_day_of_week_operator.py
[2026-06-13T11:04:07.533+0000] {logging_mixin.py:188} INFO - [2026-06-13T11:04:07.532+0000] {dag.py:3096} INFO - Sync 1 DAGs
[2026-06-13T11:04:07.558+0000] {logging_mixin.py:188} INFO - [2026-06-13T11:04:07.558+0000] {dag.py:3954} INFO - Setting next_dagrun for example_weekday_branch_operator to 2026-06-12 00:00:00+00:00, run_after=2026-06-13 00:00:00+00:00
[2026-06-13T11:04:07.585+0000] {processor.py:183} INFO - Processing /home/airflow/.local/lib/python3.12/site-packages/airflow/example_dags/example_branch_day_of_week_operator.py took 0.100 seconds
[2026-06-13T11:04:37.809+0000] {processor.py:161} INFO - Started process (PID=1110) to work on /home/airflow/.local/lib/python3.12/site-packages/airflow/example_dags/example_branch_day_of_week_operator.py
[2026-06-13T11:04:37.811+0000] {processor.py:830} INFO - Processing file /home/airflow/.local/lib/python3.12/site-packages/airflow/example_dags/example_branch_day_of_week_operator.py for tasks to queue
[2026-06-13T11:04:37.814+0000] {logging_mixin.py:188} INFO - [2026-06-13T11:04:37.813+0000] {dagbag.py:545} INFO - Filling up the DagBag from /home/airflow/.local/lib/python3.12/site-packages/airflow/example_dags/example_branch_day_of_week_operator.py
[2026-06-13T11:04:37.822+0000] {processor.py:840} INFO - DAG(s) 'example_weekday_branch_operator' retrieved from /home/airflow/.local/lib/python3.12/site-packages/airflow/example_dags/example_branch_day_of_week_operator.py
[2026-06-13T11:04:37.849+0000] {logging_mixin.py:188} INFO - [2026-06-13T11:04:37.848+0000] {dag.py:3096} INFO - Sync 1 DAGs
[2026-06-13T11:04:37.874+0000] {logging_mixin.py:188} INFO - [2026-06-13T11:04:37.874+0000] {dag.py:3954} INFO - Setting next_dagrun for example_weekday_branch_operator to 2026-06-12 00:00:00+00:00, run_after=2026-06-13 00:00:00+00:00
[2026-06-13T11:04:37.901+0000] {processor.py:183} INFO - Processing /home/airflow/.local/lib/python3.12/site-packages/airflow/example_dags/example_branch_day_of_week_operator.py took 0.098 seconds
[2026-06-13T11:05:08.433+0000] {processor.py:161} INFO - Started process (PID=1169) to work on /home/airflow/.local/lib/python3.12/site-packages/airflow/example_dags/example_branch_day_of_week_operator.py
[2026-06-13T11:05:08.436+0000] {processor.py:830} INFO - Processing file /home/airflow/.local/lib/python3.12/site-packages/airflow/example_dags/example_branch_day_of_week_operator.py for tasks to queue
[2026-06-13T11:05:08.439+0000] {logging_mixin.py:188} INFO - [2026-06-13T11:05:08.438+0000] {dagbag.py:545} INFO - Filling up the DagBag from /home/airflow/.local/lib/python3.12/site-packages/airflow/example_dags/example_branch_day_of_week_operator.py
[2026-06-13T11:05:08.447+0000] {processor.py:840} INFO - DAG(s) 'example_weekday_branch_operator' retrieved from /home/airflow/.local/lib/python3.12/site-packages/airflow/example_dags/example_branch_day_of_week_operator.py
[2026-06-13T11:05:08.475+0000] {logging_mixin.py:188} INFO - [2026-06-13T11:05:08.475+0000] {dag.py:3096} INFO - Sync 1 DAGs
[2026-06-13T11:05:08.501+0000] {logging_mixin.py:188} INFO - [2026-06-13T11:05:08.501+0000] {dag.py:3954} INFO - Setting next_dagrun for example_weekday_branch_operator to 2026-06-12 00:00:00+00:00, run_after=2026-06-13 00:00:00+00:00
[2026-06-13T11:05:08.542+0000] {processor.py:183} INFO - Processing /home/airflow/.local/lib/python3.12/site-packages/airflow/example_dags/example_branch_day_of_week_operator.py took 0.115 seconds
[2026-06-13T11:05:38.697+0000] {processor.py:161} INFO - Started process (PID=1229) to work on /home/airflow/.local/lib/python3.12/site-packages/airflow/example_dags/example_branch_day_of_week_operator.py
[2026-06-13T11:05:38.699+0000] {processor.py:830} INFO - Processing file /home/airflow/.local/lib/python3.12/site-packages/airflow/example_dags/example_branch_day_of_week_operator.py for tasks to queue
[2026-06-13T11:05:38.702+0000] {logging_mixin.py:188} INFO - [2026-06-13T11:05:38.701+0000] {dagbag.py:545} INFO - Filling up the DagBag from /home/airflow/.local/lib/python3.12/site-packages/airflow/example_dags/example_branch_day_of_week_operator.py
[2026-06-13T11:05:38.711+0000] {processor.py:840} INFO - DAG(s) 'example_weekday_branch_operator' retrieved from /home/airflow/.local/lib/python3.12/site-packages/airflow/example_dags/example_branch_day_of_week_operator.py
[2026-06-13T11:05:38.736+0000] {logging_mixin.py:188} INFO - [2026-06-13T11:05:38.736+0000] {dag.py:3096} INFO - Sync 1 DAGs
[2026-06-13T11:05:38.760+0000] {logging_mixin.py:188} INFO - [2026-06-13T11:05:38.760+0000] {dag.py:3954} INFO - Setting next_dagrun for example_weekday_branch_operator to 2026-06-12 00:00:00+00:00, run_after=2026-06-13 00:00:00+00:00
[2026-06-13T11:05:38.787+0000] {processor.py:183} INFO - Processing /home/airflow/.local/lib/python3.12/site-packages/airflow/example_dags/example_branch_day_of_week_operator.py took 0.096 seconds
[2026-06-13T11:06:09.159+0000] {processor.py:161} INFO - Started process (PID=1288) to work on /home/airflow/.local/lib/python3.12/site-packages/airflow/example_dags/example_branch_day_of_week_operator.py
[2026-06-13T11:06:09.161+0000] {processor.py:830} INFO - Processing file /home/airflow/.local/lib/python3.12/site-packages/airflow/example_dags/example_branch_day_of_week_operator.py for tasks to queue
[2026-06-13T11:06:09.165+0000] {logging_mixin.py:188} INFO - [2026-06-13T11:06:09.164+0000] {dagbag.py:545} INFO - Filling up the DagBag from /home/airflow/.local/lib/python3.12/site-packages/airflow/example_dags/example_branch_day_of_week_operator.py
[2026-06-13T11:06:09.173+0000] {processor.py:840} INFO - DAG(s) 'example_weekday_branch_operator' retrieved from /home/airflow/.local/lib/python3.12/site-packages/airflow/example_dags/example_branch_day_of_week_operator.py
[2026-06-13T11:06:09.200+0000] {logging_mixin.py:188} INFO - [2026-06-13T11:06:09.200+0000] {dag.py:3096} INFO - Sync 1 DAGs
[2026-06-13T11:06:09.227+0000] {logging_mixin.py:188} INFO - [2026-06-13T11:06:09.226+0000] {dag.py:3954} INFO - Setting next_dagrun for example_weekday_branch_operator to 2026-06-12 00:00:00+00:00, run_after=2026-06-13 00:00:00+00:00
[2026-06-13T11:06:09.255+0000] {processor.py:183} INFO - Processing /home/airflow/.local/lib/python3.12/site-packages/airflow/example_dags/example_branch_day_of_week_operator.py took 0.102 seconds
[2026-06-13T11:06:39.486+0000] {processor.py:161} INFO - Started process (PID=1347) to work on /home/airflow/.local/lib/python3.12/site-packages/airflow/example_dags/example_branch_day_of_week_operator.py
[2026-06-13T11:06:39.488+0000] {processor.py:830} INFO - Processing file /home/airflow/.local/lib/python3.12/site-packages/airflow/example_dags/example_branch_day_of_week_operator.py for tasks to queue
[2026-06-13T11:06:39.491+0000] {logging_mixin.py:188} INFO - [2026-06-13T11:06:39.491+0000] {dagbag.py:545} INFO - Filling up the DagBag from /home/airflow/.local/lib/python3.12/site-packages/airflow/example_dags/example_branch_day_of_week_operator.py
[2026-06-13T11:06:39.500+0000] {processor.py:840} INFO - DAG(s) 'example_weekday_branch_operator' retrieved from /home/airflow/.local/lib/python3.12/site-packages/airflow/example_dags/example_branch_day_of_week_operator.py
[2026-06-13T11:06:39.527+0000] {logging_mixin.py:188} INFO - [2026-06-13T11:06:39.527+0000] {dag.py:3096} INFO - Sync 1 DAGs
[2026-06-13T11:06:39.553+0000] {logging_mixin.py:188} INFO - [2026-06-13T11:06:39.553+0000] {dag.py:3954} INFO - Setting next_dagrun for example_weekday_branch_operator to 2026-06-12 00:00:00+00:00, run_after=2026-06-13 00:00:00+00:00
[2026-06-13T11:06:39.581+0000] {processor.py:183} INFO - Processing /home/airflow/.local/lib/python3.12/site-packages/airflow/example_dags/example_branch_day_of_week_operator.py took 0.101 seconds
[2026-06-13T11:07:10.064+0000] {processor.py:161} INFO - Started process (PID=1406) to work on /home/airflow/.local/lib/python3.12/site-packages/airflow/example_dags/example_branch_day_of_week_operator.py
[2026-06-13T11:07:10.066+0000] {processor.py:830} INFO - Processing file /home/airflow/.local/lib/python3.12/site-packages/airflow/example_dags/example_branch_day_of_week_operator.py for tasks to queue
[2026-06-13T11:07:10.068+0000] {logging_mixin.py:188} INFO - [2026-06-13T11:07:10.068+0000] {dagbag.py:545} INFO - Filling up the DagBag from /home/airflow/.local/lib/python3.12/site-packages/airflow/example_dags/example_branch_day_of_week_operator.py
[2026-06-13T11:07:10.076+0000] {processor.py:840} INFO - DAG(s) 'example_weekday_branch_operator' retrieved from /home/airflow/.local/lib/python3.12/site-packages/airflow/example_dags/example_branch_day_of_week_operator.py
[2026-06-13T11:07:10.103+0000] {logging_mixin.py:188} INFO - [2026-06-13T11:07:10.102+0000] {dag.py:3096} INFO - Sync 1 DAGs
[2026-06-13T11:07:10.128+0000] {logging_mixin.py:188} INFO - [2026-06-13T11:07:10.127+0000] {dag.py:3954} INFO - Setting next_dagrun for example_weekday_branch_operator to 2026-06-12 00:00:00+00:00, run_after=2026-06-13 00:00:00+00:00
[2026-06-13T11:07:10.153+0000] {processor.py:183} INFO - Processing /home/airflow/.local/lib/python3.12/site-packages/airflow/example_dags/example_branch_day_of_week_operator.py took 0.095 seconds
[2026-06-13T11:07:40.589+0000] {processor.py:161} INFO - Started process (PID=1465) to work on /home/airflow/.local/lib/python3.12/site-packages/airflow/example_dags/example_branch_day_of_week_operator.py
[2026-06-13T11:07:40.591+0000] {processor.py:830} INFO - Processing file /home/airflow/.local/lib/python3.12/site-packages/airflow/example_dags/example_branch_day_of_week_operator.py for tasks to queue
[2026-06-13T11:07:40.593+0000] {logging_mixin.py:188} INFO - [2026-06-13T11:07:40.593+0000] {dagbag.py:545} INFO - Filling up the DagBag from /home/airflow/.local/lib/python3.12/site-packages/airflow/example_dags/example_branch_day_of_week_operator.py
[2026-06-13T11:07:40.601+0000] {processor.py:840} INFO - DAG(s) 'example_weekday_branch_operator' retrieved from /home/airflow/.local/lib/python3.12/site-packages/airflow/example_dags/example_branch_day_of_week_operator.py
[2026-06-13T11:07:40.629+0000] {logging_mixin.py:188} INFO - [2026-06-13T11:07:40.628+0000] {dag.py:3096} INFO - Sync 1 DAGs
[2026-06-13T11:07:40.656+0000] {logging_mixin.py:188} INFO - [2026-06-13T11:07:40.656+0000] {dag.py:3954} INFO - Setting next_dagrun for example_weekday_branch_operator to 2026-06-12 00:00:00+00:00, run_after=2026-06-13 00:00:00+00:00
[2026-06-13T11:07:40.683+0000] {processor.py:183} INFO - Processing /home/airflow/.local/lib/python3.12/site-packages/airflow/example_dags/example_branch_day_of_week_operator.py took 0.100 seconds
[2026-06-13T11:08:12.025+0000] {processor.py:161} INFO - Started process (PID=1525) to work on /home/airflow/.local/lib/python3.12/site-packages/airflow/example_dags/example_branch_day_of_week_operator.py
[2026-06-13T11:08:12.026+0000] {processor.py:830} INFO - Processing file /home/airflow/.local/lib/python3.12/site-packages/airflow/example_dags/example_branch_day_of_week_operator.py for tasks to queue
[2026-06-13T11:08:12.030+0000] {logging_mixin.py:188} INFO - [2026-06-13T11:08:12.029+0000] {dagbag.py:545} INFO - Filling up the DagBag from /home/airflow/.local/lib/python3.12/site-packages/airflow/example_dags/example_branch_day_of_week_operator.py
[2026-06-13T11:08:12.041+0000] {processor.py:840} INFO - DAG(s) 'example_weekday_branch_operator' retrieved from /home/airflow/.local/lib/python3.12/site-packages/airflow/example_dags/example_branch_day_of_week_operator.py
[2026-06-13T11:08:12.070+0000] {logging_mixin.py:188} INFO - [2026-06-13T11:08:12.069+0000] {dag.py:3096} INFO - Sync 1 DAGs
[2026-06-13T11:08:12.097+0000] {logging_mixin.py:188} INFO - [2026-06-13T11:08:12.097+0000] {dag.py:3954} INFO - Setting next_dagrun for example_weekday_branch_operator to 2026-06-12 00:00:00+00:00, run_after=2026-06-13 00:00:00+00:00
[2026-06-13T11:08:12.126+0000] {processor.py:183} INFO - Processing /home/airflow/.local/lib/python3.12/site-packages/airflow/example_dags/example_branch_day_of_week_operator.py took 0.107 seconds
[2026-06-13T11:09:23.525+0000] {processor.py:161} INFO - Started process (PID=107) to work on /home/airflow/.local/lib/python3.12/site-packages/airflow/example_dags/example_branch_day_of_week_operator.py
[2026-06-13T11:09:23.526+0000] {processor.py:830} INFO - Processing file /home/airflow/.local/lib/python3.12/site-packages/airflow/example_dags/example_branch_day_of_week_operator.py for tasks to queue
[2026-06-13T11:09:23.530+0000] {logging_mixin.py:188} INFO - [2026-06-13T11:09:23.529+0000] {dagbag.py:545} INFO - Filling up the DagBag from /home/airflow/.local/lib/python3.12/site-packages/airflow/example_dags/example_branch_day_of_week_operator.py
[2026-06-13T11:09:23.542+0000] {processor.py:840} INFO - DAG(s) 'example_weekday_branch_operator' retrieved from /home/airflow/.local/lib/python3.12/site-packages/airflow/example_dags/example_branch_day_of_week_operator.py
[2026-06-13T11:09:23.710+0000] {logging_mixin.py:188} INFO - [2026-06-13T11:09:23.710+0000] {dag.py:3096} INFO - Sync 1 DAGs
[2026-06-13T11:09:23.736+0000] {logging_mixin.py:188} INFO - [2026-06-13T11:09:23.736+0000] {dag.py:3954} INFO - Setting next_dagrun for example_weekday_branch_operator to 2026-06-12 00:00:00+00:00, run_after=2026-06-13 00:00:00+00:00
[2026-06-13T11:09:23.769+0000] {processor.py:183} INFO - Processing /home/airflow/.local/lib/python3.12/site-packages/airflow/example_dags/example_branch_day_of_week_operator.py took 0.252 seconds
[2026-06-13T11:09:54.341+0000] {processor.py:161} INFO - Started process (PID=166) to work on /home/airflow/.local/lib/python3.12/site-packages/airflow/example_dags/example_branch_day_of_week_operator.py
[2026-06-13T11:09:54.343+0000] {processor.py:830} INFO - Processing file /home/airflow/.local/lib/python3.12/site-packages/airflow/example_dags/example_branch_day_of_week_operator.py for tasks to queue
[2026-06-13T11:09:54.348+0000] {logging_mixin.py:188} INFO - [2026-06-13T11:09:54.347+0000] {dagbag.py:545} INFO - Filling up the DagBag from /home/airflow/.local/lib/python3.12/site-packages/airflow/example_dags/example_branch_day_of_week_operator.py
[2026-06-13T11:09:54.366+0000] {processor.py:840} INFO - DAG(s) 'example_weekday_branch_operator' retrieved from /home/airflow/.local/lib/python3.12/site-packages/airflow/example_dags/example_branch_day_of_week_operator.py
[2026-06-13T11:09:54.404+0000] {logging_mixin.py:188} INFO - [2026-06-13T11:09:54.403+0000] {dag.py:3096} INFO - Sync 1 DAGs
[2026-06-13T11:09:54.442+0000] {logging_mixin.py:188} INFO - [2026-06-13T11:09:54.442+0000] {dag.py:3954} INFO - Setting next_dagrun for example_weekday_branch_operator to 2026-06-12 00:00:00+00:00, run_after=2026-06-13 00:00:00+00:00
[2026-06-13T11:09:54.476+0000] {processor.py:183} INFO - Processing /home/airflow/.local/lib/python3.12/site-packages/airflow/example_dags/example_branch_day_of_week_operator.py took 0.144 seconds
[2026-06-13T11:10:25.279+0000] {processor.py:161} INFO - Started process (PID=225) to work on /home/airflow/.local/lib/python3.12/site-packages/airflow/example_dags/example_branch_day_of_week_operator.py
[2026-06-13T11:10:25.281+0000] {processor.py:830} INFO - Processing file /home/airflow/.local/lib/python3.12/site-packages/airflow/example_dags/example_branch_day_of_week_operator.py for tasks to queue
[2026-06-13T11:10:25.284+0000] {logging_mixin.py:188} INFO - [2026-06-13T11:10:25.284+0000] {dagbag.py:545} INFO - Filling up the DagBag from /home/airflow/.local/lib/python3.12/site-packages/airflow/example_dags/example_branch_day_of_week_operator.py
[2026-06-13T11:10:25.293+0000] {processor.py:840} INFO - DAG(s) 'example_weekday_branch_operator' retrieved from /home/airflow/.local/lib/python3.12/site-packages/airflow/example_dags/example_branch_day_of_week_operator.py
[2026-06-13T11:10:25.323+0000] {logging_mixin.py:188} INFO - [2026-06-13T11:10:25.322+0000] {dag.py:3096} INFO - Sync 1 DAGs
[2026-06-13T11:10:25.349+0000] {logging_mixin.py:188} INFO - [2026-06-13T11:10:25.349+0000] {dag.py:3954} INFO - Setting next_dagrun for example_weekday_branch_operator to 2026-06-12 00:00:00+00:00, run_after=2026-06-13 00:00:00+00:00
[2026-06-13T11:10:25.377+0000] {processor.py:183} INFO - Processing /home/airflow/.local/lib/python3.12/site-packages/airflow/example_dags/example_branch_day_of_week_operator.py took 0.104 seconds
[2026-06-13T11:10:55.871+0000] {processor.py:161} INFO - Started process (PID=284) to work on /home/airflow/.local/lib/python3.12/site-packages/airflow/example_dags/example_branch_day_of_week_operator.py
[2026-06-13T11:10:55.873+0000] {processor.py:830} INFO - Processing file /home/airflow/.local/lib/python3.12/site-packages/airflow/example_dags/example_branch_day_of_week_operator.py for tasks to queue
[2026-06-13T11:10:55.877+0000] {logging_mixin.py:188} INFO - [2026-06-13T11:10:55.876+0000] {dagbag.py:545} INFO - Filling up the DagBag from /home/airflow/.local/lib/python3.12/site-packages/airflow/example_dags/example_branch_day_of_week_operator.py
[2026-06-13T11:10:55.885+0000] {processor.py:840} INFO - DAG(s) 'example_weekday_branch_operator' retrieved from /home/airflow/.local/lib/python3.12/site-packages/airflow/example_dags/example_branch_day_of_week_operator.py
[2026-06-13T11:10:55.914+0000] {logging_mixin.py:188} INFO - [2026-06-13T11:10:55.914+0000] {dag.py:3096} INFO - Sync 1 DAGs
[2026-06-13T11:10:55.940+0000] {logging_mixin.py:188} INFO - [2026-06-13T11:10:55.940+0000] {dag.py:3954} INFO - Setting next_dagrun for example_weekday_branch_operator to 2026-06-12 00:00:00+00:00, run_after=2026-06-13 00:00:00+00:00
[2026-06-13T11:10:55.968+0000] {processor.py:183} INFO - Processing /home/airflow/.local/lib/python3.12/site-packages/airflow/example_dags/example_branch_day_of_week_operator.py took 0.103 seconds
[2026-06-13T11:11:26.068+0000] {processor.py:161} INFO - Started process (PID=343) to work on /home/airflow/.local/lib/python3.12/site-packages/airflow/example_dags/example_branch_day_of_week_operator.py
[2026-06-13T11:11:26.070+0000] {processor.py:830} INFO - Processing file /home/airflow/.local/lib/python3.12/site-packages/airflow/example_dags/example_branch_day_of_week_operator.py for tasks to queue
[2026-06-13T11:11:26.072+0000] {logging_mixin.py:188} INFO - [2026-06-13T11:11:26.072+0000] {dagbag.py:545} INFO - Filling up the DagBag from /home/airflow/.local/lib/python3.12/site-packages/airflow/example_dags/example_branch_day_of_week_operator.py
[2026-06-13T11:11:26.081+0000] {processor.py:840} INFO - DAG(s) 'example_weekday_branch_operator' retrieved from /home/airflow/.local/lib/python3.12/site-packages/airflow/example_dags/example_branch_day_of_week_operator.py
[2026-06-13T11:11:26.110+0000] {logging_mixin.py:188} INFO - [2026-06-13T11:11:26.110+0000] {dag.py:3096} INFO - Sync 1 DAGs
[2026-06-13T11:11:26.137+0000] {logging_mixin.py:188} INFO - [2026-06-13T11:11:26.137+0000] {dag.py:3954} INFO - Setting next_dagrun for example_weekday_branch_operator to 2026-06-12 00:00:00+00:00, run_after=2026-06-13 00:00:00+00:00
[2026-06-13T11:11:26.163+0000] {processor.py:183} INFO - Processing /home/airflow/.local/lib/python3.12/site-packages/airflow/example_dags/example_branch_day_of_week_operator.py took 0.102 seconds
[2026-06-13T11:11:56.320+0000] {processor.py:161} INFO - Started process (PID=402) to work on /home/airflow/.local/lib/python3.12/site-packages/airflow/example_dags/example_branch_day_of_week_operator.py
[2026-06-13T11:11:56.322+0000] {processor.py:830} INFO - Processing file /home/airflow/.local/lib/python3.12/site-packages/airflow/example_dags/example_branch_day_of_week_operator.py for tasks to queue
[2026-06-13T11:11:56.326+0000] {logging_mixin.py:188} INFO - [2026-06-13T11:11:56.325+0000] {dagbag.py:545} INFO - Filling up the DagBag from /home/airflow/.local/lib/python3.12/site-packages/airflow/example_dags/example_branch_day_of_week_operator.py
[2026-06-13T11:11:56.337+0000] {processor.py:840} INFO - DAG(s) 'example_weekday_branch_operator' retrieved from /home/airflow/.local/lib/python3.12/site-packages/airflow/example_dags/example_branch_day_of_week_operator.py
[2026-06-13T11:11:56.367+0000] {logging_mixin.py:188} INFO - [2026-06-13T11:11:56.367+0000] {dag.py:3096} INFO - Sync 1 DAGs
[2026-06-13T11:11:56.394+0000] {logging_mixin.py:188} INFO - [2026-06-13T11:11:56.394+0000] {dag.py:3954} INFO - Setting next_dagrun for example_weekday_branch_operator to 2026-06-12 00:00:00+00:00, run_after=2026-06-13 00:00:00+00:00
[2026-06-13T11:11:56.424+0000] {processor.py:183} INFO - Processing /home/airflow/.local/lib/python3.12/site-packages/airflow/example_dags/example_branch_day_of_week_operator.py took 0.111 seconds
[2026-06-13T11:12:26.703+0000] {processor.py:161} INFO - Started process (PID=461) to work on /home/airflow/.local/lib/python3.12/site-packages/airflow/example_dags/example_branch_day_of_week_operator.py
[2026-06-13T11:12:26.705+0000] {processor.py:830} INFO - Processing file /home/airflow/.local/lib/python3.12/site-packages/airflow/example_dags/example_branch_day_of_week_operator.py for tasks to queue
[2026-06-13T11:12:26.710+0000] {logging_mixin.py:188} INFO - [2026-06-13T11:12:26.709+0000] {dagbag.py:545} INFO - Filling up the DagBag from /home/airflow/.local/lib/python3.12/site-packages/airflow/example_dags/example_branch_day_of_week_operator.py
[2026-06-13T11:12:26.724+0000] {processor.py:840} INFO - DAG(s) 'example_weekday_branch_operator' retrieved from /home/airflow/.local/lib/python3.12/site-packages/airflow/example_dags/example_branch_day_of_week_operator.py
[2026-06-13T11:12:26.769+0000] {logging_mixin.py:188} INFO - [2026-06-13T11:12:26.769+0000] {dag.py:3096} INFO - Sync 1 DAGs
[2026-06-13T11:12:26.817+0000] {logging_mixin.py:188} INFO - [2026-06-13T11:12:26.816+0000] {dag.py:3954} INFO - Setting next_dagrun for example_weekday_branch_operator to 2026-06-12 00:00:00+00:00, run_after=2026-06-13 00:00:00+00:00
[2026-06-13T11:12:26.864+0000] {processor.py:183} INFO - Processing /home/airflow/.local/lib/python3.12/site-packages/airflow/example_dags/example_branch_day_of_week_operator.py took 0.172 seconds
[2026-06-13T11:12:57.019+0000] {processor.py:161} INFO - Started process (PID=520) to work on /home/airflow/.local/lib/python3.12/site-packages/airflow/example_dags/example_branch_day_of_week_operator.py
[2026-06-13T11:12:57.020+0000] {processor.py:830} INFO - Processing file /home/airflow/.local/lib/python3.12/site-packages/airflow/example_dags/example_branch_day_of_week_operator.py for tasks to queue
[2026-06-13T11:12:57.023+0000] {logging_mixin.py:188} INFO - [2026-06-13T11:12:57.022+0000] {dagbag.py:545} INFO - Filling up the DagBag from /home/airflow/.local/lib/python3.12/site-packages/airflow/example_dags/example_branch_day_of_week_operator.py
[2026-06-13T11:12:57.032+0000] {processor.py:840} INFO - DAG(s) 'example_weekday_branch_operator' retrieved from /home/airflow/.local/lib/python3.12/site-packages/airflow/example_dags/example_branch_day_of_week_operator.py
[2026-06-13T11:12:57.061+0000] {logging_mixin.py:188} INFO - [2026-06-13T11:12:57.060+0000] {dag.py:3096} INFO - Sync 1 DAGs
[2026-06-13T11:12:57.088+0000] {logging_mixin.py:188} INFO - [2026-06-13T11:12:57.088+0000] {dag.py:3954} INFO - Setting next_dagrun for example_weekday_branch_operator to 2026-06-12 00:00:00+00:00, run_after=2026-06-13 00:00:00+00:00
[2026-06-13T11:12:57.114+0000] {processor.py:183} INFO - Processing /home/airflow/.local/lib/python3.12/site-packages/airflow/example_dags/example_branch_day_of_week_operator.py took 0.102 seconds
[2026-06-13T11:13:27.245+0000] {processor.py:161} INFO - Started process (PID=579) to work on /home/airflow/.local/lib/python3.12/site-packages/airflow/example_dags/example_branch_day_of_week_operator.py
[2026-06-13T11:13:27.246+0000] {processor.py:830} INFO - Processing file /home/airflow/.local/lib/python3.12/site-packages/airflow/example_dags/example_branch_day_of_week_operator.py for tasks to queue
[2026-06-13T11:13:27.250+0000] {logging_mixin.py:188} INFO - [2026-06-13T11:13:27.249+0000] {dagbag.py:545} INFO - Filling up the DagBag from /home/airflow/.local/lib/python3.12/site-packages/airflow/example_dags/example_branch_day_of_week_operator.py
[2026-06-13T11:13:27.259+0000] {processor.py:840} INFO - DAG(s) 'example_weekday_branch_operator' retrieved from /home/airflow/.local/lib/python3.12/site-packages/airflow/example_dags/example_branch_day_of_week_operator.py
[2026-06-13T11:13:27.287+0000] {logging_mixin.py:188} INFO - [2026-06-13T11:13:27.287+0000] {dag.py:3096} INFO - Sync 1 DAGs
[2026-06-13T11:13:27.314+0000] {logging_mixin.py:188} INFO - [2026-06-13T11:13:27.313+0000] {dag.py:3954} INFO - Setting next_dagrun for example_weekday_branch_operator to 2026-06-12 00:00:00+00:00, run_after=2026-06-13 00:00:00+00:00
[2026-06-13T11:13:27.340+0000] {processor.py:183} INFO - Processing /home/airflow/.local/lib/python3.12/site-packages/airflow/example_dags/example_branch_day_of_week_operator.py took 0.102 seconds
[2026-06-13T11:13:57.929+0000] {processor.py:161} INFO - Started process (PID=638) to work on /home/airflow/.local/lib/python3.12/site-packages/airflow/example_dags/example_branch_day_of_week_operator.py
[2026-06-13T11:13:57.930+0000] {processor.py:830} INFO - Processing file /home/airflow/.local/lib/python3.12/site-packages/airflow/example_dags/example_branch_day_of_week_operator.py for tasks to queue
[2026-06-13T11:13:57.934+0000] {logging_mixin.py:188} INFO - [2026-06-13T11:13:57.933+0000] {dagbag.py:545} INFO - Filling up the DagBag from /home/airflow/.local/lib/python3.12/site-packages/airflow/example_dags/example_branch_day_of_week_operator.py
[2026-06-13T11:13:57.942+0000] {processor.py:840} INFO - DAG(s) 'example_weekday_branch_operator' retrieved from /home/airflow/.local/lib/python3.12/site-packages/airflow/example_dags/example_branch_day_of_week_operator.py
[2026-06-13T11:13:57.969+0000] {logging_mixin.py:188} INFO - [2026-06-13T11:13:57.969+0000] {dag.py:3096} INFO - Sync 1 DAGs
[2026-06-13T11:13:57.994+0000] {logging_mixin.py:188} INFO - [2026-06-13T11:13:57.994+0000] {dag.py:3954} INFO - Setting next_dagrun for example_weekday_branch_operator to 2026-06-12 00:00:00+00:00, run_after=2026-06-13 00:00:00+00:00
[2026-06-13T11:13:58.022+0000] {processor.py:183} INFO - Processing /home/airflow/.local/lib/python3.12/site-packages/airflow/example_dags/example_branch_day_of_week_operator.py took 0.100 seconds
[2026-06-13T11:14:28.525+0000] {processor.py:161} INFO - Started process (PID=697) to work on /home/airflow/.local/lib/python3.12/site-packages/airflow/example_dags/example_branch_day_of_week_operator.py
[2026-06-13T11:14:28.527+0000] {processor.py:830} INFO - Processing file /home/airflow/.local/lib/python3.12/site-packages/airflow/example_dags/example_branch_day_of_week_operator.py for tasks to queue
[2026-06-13T11:14:28.530+0000] {logging_mixin.py:188} INFO - [2026-06-13T11:14:28.529+0000] {dagbag.py:545} INFO - Filling up the DagBag from /home/airflow/.local/lib/python3.12/site-packages/airflow/example_dags/example_branch_day_of_week_operator.py
[2026-06-13T11:14:28.540+0000] {processor.py:840} INFO - DAG(s) 'example_weekday_branch_operator' retrieved from /home/airflow/.local/lib/python3.12/site-packages/airflow/example_dags/example_branch_day_of_week_operator.py
[2026-06-13T11:14:28.568+0000] {logging_mixin.py:188} INFO - [2026-06-13T11:14:28.567+0000] {dag.py:3096} INFO - Sync 1 DAGs
[2026-06-13T11:14:28.594+0000] {logging_mixin.py:188} INFO - [2026-06-13T11:14:28.594+0000] {dag.py:3954} INFO - Setting next_dagrun for example_weekday_branch_operator to 2026-06-12 00:00:00+00:00, run_after=2026-06-13 00:00:00+00:00
[2026-06-13T11:14:28.621+0000] {processor.py:183} INFO - Processing /home/airflow/.local/lib/python3.12/site-packages/airflow/example_dags/example_branch_day_of_week_operator.py took 0.103 seconds
[2026-06-13T11:14:58.871+0000] {processor.py:161} INFO - Started process (PID=756) to work on /home/airflow/.local/lib/python3.12/site-packages/airflow/example_dags/example_branch_day_of_week_operator.py
[2026-06-13T11:14:58.873+0000] {processor.py:830} INFO - Processing file /home/airflow/.local/lib/python3.12/site-packages/airflow/example_dags/example_branch_day_of_week_operator.py for tasks to queue
[2026-06-13T11:14:58.876+0000] {logging_mixin.py:188} INFO - [2026-06-13T11:14:58.875+0000] {dagbag.py:545} INFO - Filling up the DagBag from /home/airflow/.local/lib/python3.12/site-packages/airflow/example_dags/example_branch_day_of_week_operator.py
[2026-06-13T11:14:58.885+0000] {processor.py:840} INFO - DAG(s) 'example_weekday_branch_operator' retrieved from /home/airflow/.local/lib/python3.12/site-packages/airflow/example_dags/example_branch_day_of_week_operator.py
[2026-06-13T11:14:58.911+0000] {logging_mixin.py:188} INFO - [2026-06-13T11:14:58.911+0000] {dag.py:3096} INFO - Sync 1 DAGs
[2026-06-13T11:14:58.936+0000] {logging_mixin.py:188} INFO - [2026-06-13T11:14:58.936+0000] {dag.py:3954} INFO - Setting next_dagrun for example_weekday_branch_operator to 2026-06-12 00:00:00+00:00, run_after=2026-06-13 00:00:00+00:00
[2026-06-13T11:14:58.971+0000] {processor.py:183} INFO - Processing /home/airflow/.local/lib/python3.12/site-packages/airflow/example_dags/example_branch_day_of_week_operator.py took 0.106 seconds
[2026-06-13T11:15:29.478+0000] {processor.py:161} INFO - Started process (PID=815) to work on /home/airflow/.local/lib/python3.12/site-packages/airflow/example_dags/example_branch_day_of_week_operator.py
[2026-06-13T11:15:29.479+0000] {processor.py:830} INFO - Processing file /home/airflow/.local/lib/python3.12/site-packages/airflow/example_dags/example_branch_day_of_week_operator.py for tasks to queue
[2026-06-13T11:15:29.482+0000] {logging_mixin.py:188} INFO - [2026-06-13T11:15:29.481+0000] {dagbag.py:545} INFO - Filling up the DagBag from /home/airflow/.local/lib/python3.12/site-packages/airflow/example_dags/example_branch_day_of_week_operator.py
[2026-06-13T11:15:29.492+0000] {processor.py:840} INFO - DAG(s) 'example_weekday_branch_operator' retrieved from /home/airflow/.local/lib/python3.12/site-packages/airflow/example_dags/example_branch_day_of_week_operator.py
[2026-06-13T11:15:29.522+0000] {logging_mixin.py:188} INFO - [2026-06-13T11:15:29.522+0000] {dag.py:3096} INFO - Sync 1 DAGs
[2026-06-13T11:15:29.549+0000] {logging_mixin.py:188} INFO - [2026-06-13T11:15:29.548+0000] {dag.py:3954} INFO - Setting next_dagrun for example_weekday_branch_operator to 2026-06-12 00:00:00+00:00, run_after=2026-06-13 00:00:00+00:00
[2026-06-13T11:15:29.581+0000] {processor.py:183} INFO - Processing /home/airflow/.local/lib/python3.12/site-packages/airflow/example_dags/example_branch_day_of_week_operator.py took 0.110 seconds
[2026-06-13T11:15:59.659+0000] {processor.py:161} INFO - Started process (PID=874) to work on /home/airflow/.local/lib/python3.12/site-packages/airflow/example_dags/example_branch_day_of_week_operator.py
[2026-06-13T11:15:59.661+0000] {processor.py:830} INFO - Processing file /home/airflow/.local/lib/python3.12/site-packages/airflow/example_dags/example_branch_day_of_week_operator.py for tasks to queue
[2026-06-13T11:15:59.664+0000] {logging_mixin.py:188} INFO - [2026-06-13T11:15:59.664+0000] {dagbag.py:545} INFO - Filling up the DagBag from /home/airflow/.local/lib/python3.12/site-packages/airflow/example_dags/example_branch_day_of_week_operator.py
[2026-06-13T11:15:59.674+0000] {processor.py:840} INFO - DAG(s) 'example_weekday_branch_operator' retrieved from /home/airflow/.local/lib/python3.12/site-packages/airflow/example_dags/example_branch_day_of_week_operator.py
[2026-06-13T11:15:59.705+0000] {logging_mixin.py:188} INFO - [2026-06-13T11:15:59.705+0000] {dag.py:3096} INFO - Sync 1 DAGs
[2026-06-13T11:15:59.733+0000] {logging_mixin.py:188} INFO - [2026-06-13T11:15:59.732+0000] {dag.py:3954} INFO - Setting next_dagrun for example_weekday_branch_operator to 2026-06-12 00:00:00+00:00, run_after=2026-06-13 00:00:00+00:00
[2026-06-13T11:15:59.758+0000] {processor.py:183} INFO - Processing /home/airflow/.local/lib/python3.12/site-packages/airflow/example_dags/example_branch_day_of_week_operator.py took 0.107 seconds
[2026-06-13T11:16:29.924+0000] {processor.py:161} INFO - Started process (PID=933) to work on /home/airflow/.local/lib/python3.12/site-packages/airflow/example_dags/example_branch_day_of_week_operator.py
[2026-06-13T11:16:29.925+0000] {processor.py:830} INFO - Processing file /home/airflow/.local/lib/python3.12/site-packages/airflow/example_dags/example_branch_day_of_week_operator.py for tasks to queue
[2026-06-13T11:16:29.928+0000] {logging_mixin.py:188} INFO - [2026-06-13T11:16:29.928+0000] {dagbag.py:545} INFO - Filling up the DagBag from /home/airflow/.local/lib/python3.12/site-packages/airflow/example_dags/example_branch_day_of_week_operator.py
[2026-06-13T11:16:29.936+0000] {processor.py:840} INFO - DAG(s) 'example_weekday_branch_operator' retrieved from /home/airflow/.local/lib/python3.12/site-packages/airflow/example_dags/example_branch_day_of_week_operator.py
[2026-06-13T11:16:29.962+0000] {logging_mixin.py:188} INFO - [2026-06-13T11:16:29.961+0000] {dag.py:3096} INFO - Sync 1 DAGs
[2026-06-13T11:16:29.987+0000] {logging_mixin.py:188} INFO - [2026-06-13T11:16:29.987+0000] {dag.py:3954} INFO - Setting next_dagrun for example_weekday_branch_operator to 2026-06-12 00:00:00+00:00, run_after=2026-06-13 00:00:00+00:00
[2026-06-13T11:16:30.013+0000] {processor.py:183} INFO - Processing /home/airflow/.local/lib/python3.12/site-packages/airflow/example_dags/example_branch_day_of_week_operator.py took 0.095 seconds
[2026-06-13T11:17:00.418+0000] {processor.py:161} INFO - Started process (PID=993) to work on /home/airflow/.local/lib/python3.12/site-packages/airflow/example_dags/example_branch_day_of_week_operator.py
[2026-06-13T11:17:00.420+0000] {processor.py:830} INFO - Processing file /home/airflow/.local/lib/python3.12/site-packages/airflow/example_dags/example_branch_day_of_week_operator.py for tasks to queue
[2026-06-13T11:17:00.423+0000] {logging_mixin.py:188} INFO - [2026-06-13T11:17:00.423+0000] {dagbag.py:545} INFO - Filling up the DagBag from /home/airflow/.local/lib/python3.12/site-packages/airflow/example_dags/example_branch_day_of_week_operator.py
[2026-06-13T11:17:00.433+0000] {processor.py:840} INFO - DAG(s) 'example_weekday_branch_operator' retrieved from /home/airflow/.local/lib/python3.12/site-packages/airflow/example_dags/example_branch_day_of_week_operator.py
[2026-06-13T11:17:00.466+0000] {logging_mixin.py:188} INFO - [2026-06-13T11:17:00.465+0000] {dag.py:3096} INFO - Sync 1 DAGs
[2026-06-13T11:17:00.495+0000] {logging_mixin.py:188} INFO - [2026-06-13T11:17:00.495+0000] {dag.py:3954} INFO - Setting next_dagrun for example_weekday_branch_operator to 2026-06-12 00:00:00+00:00, run_after=2026-06-13 00:00:00+00:00
[2026-06-13T11:17:00.526+0000] {processor.py:183} INFO - Processing /home/airflow/.local/lib/python3.12/site-packages/airflow/example_dags/example_branch_day_of_week_operator.py took 0.115 seconds
[2026-06-13T11:17:30.669+0000] {processor.py:161} INFO - Started process (PID=1052) to work on /home/airflow/.local/lib/python3.12/site-packages/airflow/example_dags/example_branch_day_of_week_operator.py
[2026-06-13T11:17:30.670+0000] {processor.py:830} INFO - Processing file /home/airflow/.local/lib/python3.12/site-packages/airflow/example_dags/example_branch_day_of_week_operator.py for tasks to queue
[2026-06-13T11:17:30.675+0000] {logging_mixin.py:188} INFO - [2026-06-13T11:17:30.673+0000] {dagbag.py:545} INFO - Filling up the DagBag from /home/airflow/.local/lib/python3.12/site-packages/airflow/example_dags/example_branch_day_of_week_operator.py
[2026-06-13T11:17:30.684+0000] {processor.py:840} INFO - DAG(s) 'example_weekday_branch_operator' retrieved from /home/airflow/.local/lib/python3.12/site-packages/airflow/example_dags/example_branch_day_of_week_operator.py
[2026-06-13T11:17:30.714+0000] {logging_mixin.py:188} INFO - [2026-06-13T11:17:30.714+0000] {dag.py:3096} INFO - Sync 1 DAGs
[2026-06-13T11:17:30.742+0000] {logging_mixin.py:188} INFO - [2026-06-13T11:17:30.742+0000] {dag.py:3954} INFO - Setting next_dagrun for example_weekday_branch_operator to 2026-06-12 00:00:00+00:00, run_after=2026-06-13 00:00:00+00:00
[2026-06-13T11:17:30.770+0000] {processor.py:183} INFO - Processing /home/airflow/.local/lib/python3.12/site-packages/airflow/example_dags/example_branch_day_of_week_operator.py took 0.108 seconds
[2026-06-13T11:18:00.953+0000] {processor.py:161} INFO - Started process (PID=1111) to work on /home/airflow/.local/lib/python3.12/site-packages/airflow/example_dags/example_branch_day_of_week_operator.py
[2026-06-13T11:18:00.955+0000] {processor.py:830} INFO - Processing file /home/airflow/.local/lib/python3.12/site-packages/airflow/example_dags/example_branch_day_of_week_operator.py for tasks to queue
[2026-06-13T11:18:00.957+0000] {logging_mixin.py:188} INFO - [2026-06-13T11:18:00.957+0000] {dagbag.py:545} INFO - Filling up the DagBag from /home/airflow/.local/lib/python3.12/site-packages/airflow/example_dags/example_branch_day_of_week_operator.py
[2026-06-13T11:18:00.966+0000] {processor.py:840} INFO - DAG(s) 'example_weekday_branch_operator' retrieved from /home/airflow/.local/lib/python3.12/site-packages/airflow/example_dags/example_branch_day_of_week_operator.py
[2026-06-13T11:18:00.994+0000] {logging_mixin.py:188} INFO - [2026-06-13T11:18:00.994+0000] {dag.py:3096} INFO - Sync 1 DAGs
[2026-06-13T11:18:01.020+0000] {logging_mixin.py:188} INFO - [2026-06-13T11:18:01.019+0000] {dag.py:3954} INFO - Setting next_dagrun for example_weekday_branch_operator to 2026-06-12 00:00:00+00:00, run_after=2026-06-13 00:00:00+00:00
[2026-06-13T11:18:01.045+0000] {processor.py:183} INFO - Processing /home/airflow/.local/lib/python3.12/site-packages/airflow/example_dags/example_branch_day_of_week_operator.py took 0.097 seconds
[2026-06-13T11:18:31.937+0000] {processor.py:161} INFO - Started process (PID=1170) to work on /home/airflow/.local/lib/python3.12/site-packages/airflow/example_dags/example_branch_day_of_week_operator.py
[2026-06-13T11:18:31.939+0000] {processor.py:830} INFO - Processing file /home/airflow/.local/lib/python3.12/site-packages/airflow/example_dags/example_branch_day_of_week_operator.py for tasks to queue
[2026-06-13T11:18:31.942+0000] {logging_mixin.py:188} INFO - [2026-06-13T11:18:31.941+0000] {dagbag.py:545} INFO - Filling up the DagBag from /home/airflow/.local/lib/python3.12/site-packages/airflow/example_dags/example_branch_day_of_week_operator.py
[2026-06-13T11:18:31.951+0000] {processor.py:840} INFO - DAG(s) 'example_weekday_branch_operator' retrieved from /home/airflow/.local/lib/python3.12/site-packages/airflow/example_dags/example_branch_day_of_week_operator.py
[2026-06-13T11:18:31.981+0000] {logging_mixin.py:188} INFO - [2026-06-13T11:18:31.980+0000] {dag.py:3096} INFO - Sync 1 DAGs
[2026-06-13T11:18:32.008+0000] {logging_mixin.py:188} INFO - [2026-06-13T11:18:32.008+0000] {dag.py:3954} INFO - Setting next_dagrun for example_weekday_branch_operator to 2026-06-12 00:00:00+00:00, run_after=2026-06-13 00:00:00+00:00
[2026-06-13T11:18:32.038+0000] {processor.py:183} INFO - Processing /home/airflow/.local/lib/python3.12/site-packages/airflow/example_dags/example_branch_day_of_week_operator.py took 0.107 seconds
[2026-06-13T11:48:57.056+0000] {processor.py:161} INFO - Started process (PID=1229) to work on /home/airflow/.local/lib/python3.12/site-packages/airflow/example_dags/example_branch_day_of_week_operator.py
[2026-06-13T11:48:57.059+0000] {processor.py:830} INFO - Processing file /home/airflow/.local/lib/python3.12/site-packages/airflow/example_dags/example_branch_day_of_week_operator.py for tasks to queue
[2026-06-13T11:48:57.063+0000] {logging_mixin.py:188} INFO - [2026-06-13T11:48:57.062+0000] {dagbag.py:545} INFO - Filling up the DagBag from /home/airflow/.local/lib/python3.12/site-packages/airflow/example_dags/example_branch_day_of_week_operator.py
[2026-06-13T11:48:57.079+0000] {processor.py:840} INFO - DAG(s) 'example_weekday_branch_operator' retrieved from /home/airflow/.local/lib/python3.12/site-packages/airflow/example_dags/example_branch_day_of_week_operator.py
[2026-06-13T11:48:57.116+0000] {logging_mixin.py:188} INFO - [2026-06-13T11:48:57.116+0000] {dag.py:3096} INFO - Sync 1 DAGs
[2026-06-13T11:48:57.160+0000] {logging_mixin.py:188} INFO - [2026-06-13T11:48:57.159+0000] {dag.py:3954} INFO - Setting next_dagrun for example_weekday_branch_operator to 2026-06-12 00:00:00+00:00, run_after=2026-06-13 00:00:00+00:00
[2026-06-13T11:48:57.209+0000] {processor.py:183} INFO - Processing /home/airflow/.local/lib/python3.12/site-packages/airflow/example_dags/example_branch_day_of_week_operator.py took 0.162 seconds
[2026-06-13T11:49:27.524+0000] {processor.py:161} INFO - Started process (PID=1288) to work on /home/airflow/.local/lib/python3.12/site-packages/airflow/example_dags/example_branch_day_of_week_operator.py
[2026-06-13T11:49:27.527+0000] {processor.py:830} INFO - Processing file /home/airflow/.local/lib/python3.12/site-packages/airflow/example_dags/example_branch_day_of_week_operator.py for tasks to queue
[2026-06-13T11:49:27.530+0000] {logging_mixin.py:188} INFO - [2026-06-13T11:49:27.529+0000] {dagbag.py:545} INFO - Filling up the DagBag from /home/airflow/.local/lib/python3.12/site-packages/airflow/example_dags/example_branch_day_of_week_operator.py
[2026-06-13T11:49:27.542+0000] {processor.py:840} INFO - DAG(s) 'example_weekday_branch_operator' retrieved from /home/airflow/.local/lib/python3.12/site-packages/airflow/example_dags/example_branch_day_of_week_operator.py
[2026-06-13T11:49:27.581+0000] {logging_mixin.py:188} INFO - [2026-06-13T11:49:27.580+0000] {dag.py:3096} INFO - Sync 1 DAGs
[2026-06-13T11:49:27.621+0000] {logging_mixin.py:188} INFO - [2026-06-13T11:49:27.621+0000] {dag.py:3954} INFO - Setting next_dagrun for example_weekday_branch_operator to 2026-06-12 00:00:00+00:00, run_after=2026-06-13 00:00:00+00:00
[2026-06-13T11:49:27.658+0000] {processor.py:183} INFO - Processing /home/airflow/.local/lib/python3.12/site-packages/airflow/example_dags/example_branch_day_of_week_operator.py took 0.143 seconds
[2026-06-13T11:49:58.160+0000] {processor.py:161} INFO - Started process (PID=1347) to work on /home/airflow/.local/lib/python3.12/site-packages/airflow/example_dags/example_branch_day_of_week_operator.py
[2026-06-13T11:49:58.162+0000] {processor.py:830} INFO - Processing file /home/airflow/.local/lib/python3.12/site-packages/airflow/example_dags/example_branch_day_of_week_operator.py for tasks to queue
[2026-06-13T11:49:58.165+0000] {logging_mixin.py:188} INFO - [2026-06-13T11:49:58.164+0000] {dagbag.py:545} INFO - Filling up the DagBag from /home/airflow/.local/lib/python3.12/site-packages/airflow/example_dags/example_branch_day_of_week_operator.py
[2026-06-13T11:49:58.173+0000] {processor.py:840} INFO - DAG(s) 'example_weekday_branch_operator' retrieved from /home/airflow/.local/lib/python3.12/site-packages/airflow/example_dags/example_branch_day_of_week_operator.py
[2026-06-13T11:49:58.201+0000] {logging_mixin.py:188} INFO - [2026-06-13T11:49:58.201+0000] {dag.py:3096} INFO - Sync 1 DAGs
[2026-06-13T11:49:58.225+0000] {logging_mixin.py:188} INFO - [2026-06-13T11:49:58.225+0000] {dag.py:3954} INFO - Setting next_dagrun for example_weekday_branch_operator to 2026-06-12 00:00:00+00:00, run_after=2026-06-13 00:00:00+00:00
[2026-06-13T11:49:58.251+0000] {processor.py:183} INFO - Processing /home/airflow/.local/lib/python3.12/site-packages/airflow/example_dags/example_branch_day_of_week_operator.py took 0.096 seconds
[2026-06-13T11:50:28.824+0000] {processor.py:161} INFO - Started process (PID=1406) to work on /home/airflow/.local/lib/python3.12/site-packages/airflow/example_dags/example_branch_day_of_week_operator.py
[2026-06-13T11:50:28.825+0000] {processor.py:830} INFO - Processing file /home/airflow/.local/lib/python3.12/site-packages/airflow/example_dags/example_branch_day_of_week_operator.py for tasks to queue
[2026-06-13T11:50:28.828+0000] {logging_mixin.py:188} INFO - [2026-06-13T11:50:28.827+0000] {dagbag.py:545} INFO - Filling up the DagBag from /home/airflow/.local/lib/python3.12/site-packages/airflow/example_dags/example_branch_day_of_week_operator.py
[2026-06-13T11:50:28.836+0000] {processor.py:840} INFO - DAG(s) 'example_weekday_branch_operator' retrieved from /home/airflow/.local/lib/python3.12/site-packages/airflow/example_dags/example_branch_day_of_week_operator.py
[2026-06-13T11:50:28.863+0000] {logging_mixin.py:188} INFO - [2026-06-13T11:50:28.863+0000] {dag.py:3096} INFO - Sync 1 DAGs
[2026-06-13T11:50:28.890+0000] {logging_mixin.py:188} INFO - [2026-06-13T11:50:28.890+0000] {dag.py:3954} INFO - Setting next_dagrun for example_weekday_branch_operator to 2026-06-12 00:00:00+00:00, run_after=2026-06-13 00:00:00+00:00
[2026-06-13T11:50:28.918+0000] {processor.py:183} INFO - Processing /home/airflow/.local/lib/python3.12/site-packages/airflow/example_dags/example_branch_day_of_week_operator.py took 0.101 seconds
[2026-06-13T11:50:59.543+0000] {processor.py:161} INFO - Started process (PID=1465) to work on /home/airflow/.local/lib/python3.12/site-packages/airflow/example_dags/example_branch_day_of_week_operator.py
[2026-06-13T11:50:59.544+0000] {processor.py:830} INFO - Processing file /home/airflow/.local/lib/python3.12/site-packages/airflow/example_dags/example_branch_day_of_week_operator.py for tasks to queue
[2026-06-13T11:50:59.547+0000] {logging_mixin.py:188} INFO - [2026-06-13T11:50:59.547+0000] {dagbag.py:545} INFO - Filling up the DagBag from /home/airflow/.local/lib/python3.12/site-packages/airflow/example_dags/example_branch_day_of_week_operator.py
[2026-06-13T11:50:59.557+0000] {processor.py:840} INFO - DAG(s) 'example_weekday_branch_operator' retrieved from /home/airflow/.local/lib/python3.12/site-packages/airflow/example_dags/example_branch_day_of_week_operator.py
[2026-06-13T11:50:59.589+0000] {logging_mixin.py:188} INFO - [2026-06-13T11:50:59.589+0000] {dag.py:3096} INFO - Sync 1 DAGs
[2026-06-13T11:50:59.618+0000] {logging_mixin.py:188} INFO - [2026-06-13T11:50:59.618+0000] {dag.py:3954} INFO - Setting next_dagrun for example_weekday_branch_operator to 2026-06-12 00:00:00+00:00, run_after=2026-06-13 00:00:00+00:00
[2026-06-13T11:50:59.649+0000] {processor.py:183} INFO - Processing /home/airflow/.local/lib/python3.12/site-packages/airflow/example_dags/example_branch_day_of_week_operator.py took 0.113 seconds
[2026-06-13T11:51:29.997+0000] {processor.py:161} INFO - Started process (PID=1524) to work on /home/airflow/.local/lib/python3.12/site-packages/airflow/example_dags/example_branch_day_of_week_operator.py
[2026-06-13T11:51:29.999+0000] {processor.py:830} INFO - Processing file /home/airflow/.local/lib/python3.12/site-packages/airflow/example_dags/example_branch_day_of_week_operator.py for tasks to queue
[2026-06-13T11:51:30.002+0000] {logging_mixin.py:188} INFO - [2026-06-13T11:51:30.002+0000] {dagbag.py:545} INFO - Filling up the DagBag from /home/airflow/.local/lib/python3.12/site-packages/airflow/example_dags/example_branch_day_of_week_operator.py
[2026-06-13T11:51:30.010+0000] {processor.py:840} INFO - DAG(s) 'example_weekday_branch_operator' retrieved from /home/airflow/.local/lib/python3.12/site-packages/airflow/example_dags/example_branch_day_of_week_operator.py
[2026-06-13T11:51:30.036+0000] {logging_mixin.py:188} INFO - [2026-06-13T11:51:30.036+0000] {dag.py:3096} INFO - Sync 1 DAGs
[2026-06-13T11:51:30.061+0000] {logging_mixin.py:188} INFO - [2026-06-13T11:51:30.060+0000] {dag.py:3954} INFO - Setting next_dagrun for example_weekday_branch_operator to 2026-06-12 00:00:00+00:00, run_after=2026-06-13 00:00:00+00:00
[2026-06-13T11:51:30.087+0000] {processor.py:183} INFO - Processing /home/airflow/.local/lib/python3.12/site-packages/airflow/example_dags/example_branch_day_of_week_operator.py took 0.095 seconds
[2026-06-13T11:52:01.109+0000] {processor.py:161} INFO - Started process (PID=1583) to work on /home/airflow/.local/lib/python3.12/site-packages/airflow/example_dags/example_branch_day_of_week_operator.py
[2026-06-13T11:52:01.111+0000] {processor.py:830} INFO - Processing file /home/airflow/.local/lib/python3.12/site-packages/airflow/example_dags/example_branch_day_of_week_operator.py for tasks to queue
[2026-06-13T11:52:01.114+0000] {logging_mixin.py:188} INFO - [2026-06-13T11:52:01.114+0000] {dagbag.py:545} INFO - Filling up the DagBag from /home/airflow/.local/lib/python3.12/site-packages/airflow/example_dags/example_branch_day_of_week_operator.py
[2026-06-13T11:52:01.122+0000] {processor.py:840} INFO - DAG(s) 'example_weekday_branch_operator' retrieved from /home/airflow/.local/lib/python3.12/site-packages/airflow/example_dags/example_branch_day_of_week_operator.py
[2026-06-13T11:52:01.148+0000] {logging_mixin.py:188} INFO - [2026-06-13T11:52:01.148+0000] {dag.py:3096} INFO - Sync 1 DAGs
[2026-06-13T11:52:01.173+0000] {logging_mixin.py:188} INFO - [2026-06-13T11:52:01.172+0000] {dag.py:3954} INFO - Setting next_dagrun for example_weekday_branch_operator to 2026-06-12 00:00:00+00:00, run_after=2026-06-13 00:00:00+00:00
[2026-06-13T11:52:01.196+0000] {processor.py:183} INFO - Processing /home/airflow/.local/lib/python3.12/site-packages/airflow/example_dags/example_branch_day_of_week_operator.py took 0.093 seconds
[2026-06-13T11:52:31.409+0000] {processor.py:161} INFO - Started process (PID=1642) to work on /home/airflow/.local/lib/python3.12/site-packages/airflow/example_dags/example_branch_day_of_week_operator.py
[2026-06-13T11:52:31.411+0000] {processor.py:830} INFO - Processing file /home/airflow/.local/lib/python3.12/site-packages/airflow/example_dags/example_branch_day_of_week_operator.py for tasks to queue
[2026-06-13T11:52:31.413+0000] {logging_mixin.py:188} INFO - [2026-06-13T11:52:31.413+0000] {dagbag.py:545} INFO - Filling up the DagBag from /home/airflow/.local/lib/python3.12/site-packages/airflow/example_dags/example_branch_day_of_week_operator.py
[2026-06-13T11:52:31.422+0000] {processor.py:840} INFO - DAG(s) 'example_weekday_branch_operator' retrieved from /home/airflow/.local/lib/python3.12/site-packages/airflow/example_dags/example_branch_day_of_week_operator.py
[2026-06-13T11:52:31.448+0000] {logging_mixin.py:188} INFO - [2026-06-13T11:52:31.448+0000] {dag.py:3096} INFO - Sync 1 DAGs
[2026-06-13T11:52:31.473+0000] {logging_mixin.py:188} INFO - [2026-06-13T11:52:31.473+0000] {dag.py:3954} INFO - Setting next_dagrun for example_weekday_branch_operator to 2026-06-12 00:00:00+00:00, run_after=2026-06-13 00:00:00+00:00
[2026-06-13T11:52:31.498+0000] {processor.py:183} INFO - Processing /home/airflow/.local/lib/python3.12/site-packages/airflow/example_dags/example_branch_day_of_week_operator.py took 0.095 seconds
[2026-06-13T11:53:02.386+0000] {processor.py:161} INFO - Started process (PID=1701) to work on /home/airflow/.local/lib/python3.12/site-packages/airflow/example_dags/example_branch_day_of_week_operator.py
[2026-06-13T11:53:02.388+0000] {processor.py:830} INFO - Processing file /home/airflow/.local/lib/python3.12/site-packages/airflow/example_dags/example_branch_day_of_week_operator.py for tasks to queue
[2026-06-13T11:53:02.391+0000] {logging_mixin.py:188} INFO - [2026-06-13T11:53:02.391+0000] {dagbag.py:545} INFO - Filling up the DagBag from /home/airflow/.local/lib/python3.12/site-packages/airflow/example_dags/example_branch_day_of_week_operator.py
[2026-06-13T11:53:02.399+0000] {processor.py:840} INFO - DAG(s) 'example_weekday_branch_operator' retrieved from /home/airflow/.local/lib/python3.12/site-packages/airflow/example_dags/example_branch_day_of_week_operator.py
[2026-06-13T11:53:02.428+0000] {logging_mixin.py:188} INFO - [2026-06-13T11:53:02.428+0000] {dag.py:3096} INFO - Sync 1 DAGs
[2026-06-13T11:53:02.455+0000] {logging_mixin.py:188} INFO - [2026-06-13T11:53:02.454+0000] {dag.py:3954} INFO - Setting next_dagrun for example_weekday_branch_operator to 2026-06-12 00:00:00+00:00, run_after=2026-06-13 00:00:00+00:00
[2026-06-13T11:53:02.622+0000] {processor.py:183} INFO - Processing /home/airflow/.local/lib/python3.12/site-packages/airflow/example_dags/example_branch_day_of_week_operator.py took 0.242 seconds
[2026-06-13T11:53:32.756+0000] {processor.py:161} INFO - Started process (PID=1760) to work on /home/airflow/.local/lib/python3.12/site-packages/airflow/example_dags/example_branch_day_of_week_operator.py
[2026-06-13T11:53:32.758+0000] {processor.py:830} INFO - Processing file /home/airflow/.local/lib/python3.12/site-packages/airflow/example_dags/example_branch_day_of_week_operator.py for tasks to queue
[2026-06-13T11:53:32.761+0000] {logging_mixin.py:188} INFO - [2026-06-13T11:53:32.760+0000] {dagbag.py:545} INFO - Filling up the DagBag from /home/airflow/.local/lib/python3.12/site-packages/airflow/example_dags/example_branch_day_of_week_operator.py
[2026-06-13T11:53:32.769+0000] {processor.py:840} INFO - DAG(s) 'example_weekday_branch_operator' retrieved from /home/airflow/.local/lib/python3.12/site-packages/airflow/example_dags/example_branch_day_of_week_operator.py
[2026-06-13T11:53:32.795+0000] {logging_mixin.py:188} INFO - [2026-06-13T11:53:32.795+0000] {dag.py:3096} INFO - Sync 1 DAGs
[2026-06-13T11:53:32.820+0000] {logging_mixin.py:188} INFO - [2026-06-13T11:53:32.820+0000] {dag.py:3954} INFO - Setting next_dagrun for example_weekday_branch_operator to 2026-06-12 00:00:00+00:00, run_after=2026-06-13 00:00:00+00:00
[2026-06-13T11:53:32.847+0000] {processor.py:183} INFO - Processing /home/airflow/.local/lib/python3.12/site-packages/airflow/example_dags/example_branch_day_of_week_operator.py took 0.097 seconds
[2026-06-13T11:54:03.291+0000] {processor.py:161} INFO - Started process (PID=1819) to work on /home/airflow/.local/lib/python3.12/site-packages/airflow/example_dags/example_branch_day_of_week_operator.py
[2026-06-13T11:54:03.292+0000] {processor.py:830} INFO - Processing file /home/airflow/.local/lib/python3.12/site-packages/airflow/example_dags/example_branch_day_of_week_operator.py for tasks to queue
[2026-06-13T11:54:03.296+0000] {logging_mixin.py:188} INFO - [2026-06-13T11:54:03.295+0000] {dagbag.py:545} INFO - Filling up the DagBag from /home/airflow/.local/lib/python3.12/site-packages/airflow/example_dags/example_branch_day_of_week_operator.py
[2026-06-13T11:54:03.304+0000] {processor.py:840} INFO - DAG(s) 'example_weekday_branch_operator' retrieved from /home/airflow/.local/lib/python3.12/site-packages/airflow/example_dags/example_branch_day_of_week_operator.py
[2026-06-13T11:54:03.332+0000] {logging_mixin.py:188} INFO - [2026-06-13T11:54:03.332+0000] {dag.py:3096} INFO - Sync 1 DAGs
[2026-06-13T11:54:03.358+0000] {logging_mixin.py:188} INFO - [2026-06-13T11:54:03.358+0000] {dag.py:3954} INFO - Setting next_dagrun for example_weekday_branch_operator to 2026-06-12 00:00:00+00:00, run_after=2026-06-13 00:00:00+00:00
[2026-06-13T11:54:03.384+0000] {processor.py:183} INFO - Processing /home/airflow/.local/lib/python3.12/site-packages/airflow/example_dags/example_branch_day_of_week_operator.py took 0.099 seconds
[2026-06-13T11:54:35.492+0000] {processor.py:161} INFO - Started process (PID=1878) to work on /home/airflow/.local/lib/python3.12/site-packages/airflow/example_dags/example_branch_day_of_week_operator.py
[2026-06-13T11:54:35.494+0000] {processor.py:830} INFO - Processing file /home/airflow/.local/lib/python3.12/site-packages/airflow/example_dags/example_branch_day_of_week_operator.py for tasks to queue
[2026-06-13T11:54:35.497+0000] {logging_mixin.py:188} INFO - [2026-06-13T11:54:35.497+0000] {dagbag.py:545} INFO - Filling up the DagBag from /home/airflow/.local/lib/python3.12/site-packages/airflow/example_dags/example_branch_day_of_week_operator.py
[2026-06-13T11:54:35.506+0000] {processor.py:840} INFO - DAG(s) 'example_weekday_branch_operator' retrieved from /home/airflow/.local/lib/python3.12/site-packages/airflow/example_dags/example_branch_day_of_week_operator.py
[2026-06-13T11:54:35.532+0000] {logging_mixin.py:188} INFO - [2026-06-13T11:54:35.532+0000] {dag.py:3096} INFO - Sync 1 DAGs
[2026-06-13T11:54:35.556+0000] {logging_mixin.py:188} INFO - [2026-06-13T11:54:35.555+0000] {dag.py:3954} INFO - Setting next_dagrun for example_weekday_branch_operator to 2026-06-12 00:00:00+00:00, run_after=2026-06-13 00:00:00+00:00
[2026-06-13T11:54:35.581+0000] {processor.py:183} INFO - Processing /home/airflow/.local/lib/python3.12/site-packages/airflow/example_dags/example_branch_day_of_week_operator.py took 0.098 seconds
[2026-06-13T11:55:07.349+0000] {processor.py:161} INFO - Started process (PID=1938) to work on /home/airflow/.local/lib/python3.12/site-packages/airflow/example_dags/example_branch_day_of_week_operator.py
[2026-06-13T11:55:07.350+0000] {processor.py:830} INFO - Processing file /home/airflow/.local/lib/python3.12/site-packages/airflow/example_dags/example_branch_day_of_week_operator.py for tasks to queue
[2026-06-13T11:55:07.353+0000] {logging_mixin.py:188} INFO - [2026-06-13T11:55:07.352+0000] {dagbag.py:545} INFO - Filling up the DagBag from /home/airflow/.local/lib/python3.12/site-packages/airflow/example_dags/example_branch_day_of_week_operator.py
[2026-06-13T11:55:07.361+0000] {processor.py:840} INFO - DAG(s) 'example_weekday_branch_operator' retrieved from /home/airflow/.local/lib/python3.12/site-packages/airflow/example_dags/example_branch_day_of_week_operator.py
[2026-06-13T11:55:07.537+0000] {logging_mixin.py:188} INFO - [2026-06-13T11:55:07.537+0000] {dag.py:3096} INFO - Sync 1 DAGs
[2026-06-13T11:55:07.560+0000] {logging_mixin.py:188} INFO - [2026-06-13T11:55:07.560+0000] {dag.py:3954} INFO - Setting next_dagrun for example_weekday_branch_operator to 2026-06-12 00:00:00+00:00, run_after=2026-06-13 00:00:00+00:00
[2026-06-13T11:55:07.586+0000] {processor.py:183} INFO - Processing /home/airflow/.local/lib/python3.12/site-packages/airflow/example_dags/example_branch_day_of_week_operator.py took 0.243 seconds
[2026-06-13T11:55:37.946+0000] {processor.py:161} INFO - Started process (PID=1997) to work on /home/airflow/.local/lib/python3.12/site-packages/airflow/example_dags/example_branch_day_of_week_operator.py
[2026-06-13T11:55:37.948+0000] {processor.py:830} INFO - Processing file /home/airflow/.local/lib/python3.12/site-packages/airflow/example_dags/example_branch_day_of_week_operator.py for tasks to queue
[2026-06-13T11:55:37.950+0000] {logging_mixin.py:188} INFO - [2026-06-13T11:55:37.949+0000] {dagbag.py:545} INFO - Filling up the DagBag from /home/airflow/.local/lib/python3.12/site-packages/airflow/example_dags/example_branch_day_of_week_operator.py
[2026-06-13T11:55:37.958+0000] {processor.py:840} INFO - DAG(s) 'example_weekday_branch_operator' retrieved from /home/airflow/.local/lib/python3.12/site-packages/airflow/example_dags/example_branch_day_of_week_operator.py
[2026-06-13T11:55:37.985+0000] {logging_mixin.py:188} INFO - [2026-06-13T11:55:37.985+0000] {dag.py:3096} INFO - Sync 1 DAGs
[2026-06-13T11:55:38.012+0000] {logging_mixin.py:188} INFO - [2026-06-13T11:55:38.011+0000] {dag.py:3954} INFO - Setting next_dagrun for example_weekday_branch_operator to 2026-06-12 00:00:00+00:00, run_after=2026-06-13 00:00:00+00:00
[2026-06-13T11:55:38.037+0000] {processor.py:183} INFO - Processing /home/airflow/.local/lib/python3.12/site-packages/airflow/example_dags/example_branch_day_of_week_operator.py took 0.096 seconds
[2026-06-13T11:57:51.573+0000] {processor.py:161} INFO - Started process (PID=2056) to work on /home/airflow/.local/lib/python3.12/site-packages/airflow/example_dags/example_branch_day_of_week_operator.py
[2026-06-13T11:57:51.575+0000] {processor.py:830} INFO - Processing file /home/airflow/.local/lib/python3.12/site-packages/airflow/example_dags/example_branch_day_of_week_operator.py for tasks to queue
[2026-06-13T11:57:51.579+0000] {logging_mixin.py:188} INFO - [2026-06-13T11:57:51.578+0000] {dagbag.py:545} INFO - Filling up the DagBag from /home/airflow/.local/lib/python3.12/site-packages/airflow/example_dags/example_branch_day_of_week_operator.py
[2026-06-13T11:57:51.587+0000] {processor.py:840} INFO - DAG(s) 'example_weekday_branch_operator' retrieved from /home/airflow/.local/lib/python3.12/site-packages/airflow/example_dags/example_branch_day_of_week_operator.py
[2026-06-13T11:57:51.613+0000] {logging_mixin.py:188} INFO - [2026-06-13T11:57:51.613+0000] {dag.py:3096} INFO - Sync 1 DAGs
[2026-06-13T11:57:51.638+0000] {logging_mixin.py:188} INFO - [2026-06-13T11:57:51.637+0000] {dag.py:3954} INFO - Setting next_dagrun for example_weekday_branch_operator to 2026-06-12 00:00:00+00:00, run_after=2026-06-13 00:00:00+00:00
[2026-06-13T11:57:51.664+0000] {processor.py:183} INFO - Processing /home/airflow/.local/lib/python3.12/site-packages/airflow/example_dags/example_branch_day_of_week_operator.py took 0.097 seconds
[2026-06-13T11:58:22.398+0000] {processor.py:161} INFO - Started process (PID=2123) to work on /home/airflow/.local/lib/python3.12/site-packages/airflow/example_dags/example_branch_day_of_week_operator.py
[2026-06-13T11:58:22.399+0000] {processor.py:830} INFO - Processing file /home/airflow/.local/lib/python3.12/site-packages/airflow/example_dags/example_branch_day_of_week_operator.py for tasks to queue
[2026-06-13T11:58:22.402+0000] {logging_mixin.py:188} INFO - [2026-06-13T11:58:22.402+0000] {dagbag.py:545} INFO - Filling up the DagBag from /home/airflow/.local/lib/python3.12/site-packages/airflow/example_dags/example_branch_day_of_week_operator.py
[2026-06-13T11:58:22.411+0000] {processor.py:840} INFO - DAG(s) 'example_weekday_branch_operator' retrieved from /home/airflow/.local/lib/python3.12/site-packages/airflow/example_dags/example_branch_day_of_week_operator.py
[2026-06-13T11:58:22.440+0000] {logging_mixin.py:188} INFO - [2026-06-13T11:58:22.440+0000] {dag.py:3096} INFO - Sync 1 DAGs
[2026-06-13T11:58:22.467+0000] {logging_mixin.py:188} INFO - [2026-06-13T11:58:22.466+0000] {dag.py:3954} INFO - Setting next_dagrun for example_weekday_branch_operator to 2026-06-12 00:00:00+00:00, run_after=2026-06-13 00:00:00+00:00
[2026-06-13T11:58:22.491+0000] {processor.py:183} INFO - Processing /home/airflow/.local/lib/python3.12/site-packages/airflow/example_dags/example_branch_day_of_week_operator.py took 0.100 seconds
[2026-06-13T11:58:52.995+0000] {processor.py:161} INFO - Started process (PID=2183) to work on /home/airflow/.local/lib/python3.12/site-packages/airflow/example_dags/example_branch_day_of_week_operator.py
[2026-06-13T11:58:52.997+0000] {processor.py:830} INFO - Processing file /home/airflow/.local/lib/python3.12/site-packages/airflow/example_dags/example_branch_day_of_week_operator.py for tasks to queue
[2026-06-13T11:58:53.000+0000] {logging_mixin.py:188} INFO - [2026-06-13T11:58:53.000+0000] {dagbag.py:545} INFO - Filling up the DagBag from /home/airflow/.local/lib/python3.12/site-packages/airflow/example_dags/example_branch_day_of_week_operator.py
[2026-06-13T11:58:53.009+0000] {processor.py:840} INFO - DAG(s) 'example_weekday_branch_operator' retrieved from /home/airflow/.local/lib/python3.12/site-packages/airflow/example_dags/example_branch_day_of_week_operator.py
[2026-06-13T11:58:53.040+0000] {logging_mixin.py:188} INFO - [2026-06-13T11:58:53.040+0000] {dag.py:3096} INFO - Sync 1 DAGs
[2026-06-13T11:58:53.067+0000] {logging_mixin.py:188} INFO - [2026-06-13T11:58:53.067+0000] {dag.py:3954} INFO - Setting next_dagrun for example_weekday_branch_operator to 2026-06-12 00:00:00+00:00, run_after=2026-06-13 00:00:00+00:00
[2026-06-13T11:58:53.095+0000] {processor.py:183} INFO - Processing /home/airflow/.local/lib/python3.12/site-packages/airflow/example_dags/example_branch_day_of_week_operator.py took 0.106 seconds
[2026-06-13T11:59:23.543+0000] {processor.py:161} INFO - Started process (PID=2281) to work on /home/airflow/.local/lib/python3.12/site-packages/airflow/example_dags/example_branch_day_of_week_operator.py
[2026-06-13T11:59:23.545+0000] {processor.py:830} INFO - Processing file /home/airflow/.local/lib/python3.12/site-packages/airflow/example_dags/example_branch_day_of_week_operator.py for tasks to queue
[2026-06-13T11:59:23.549+0000] {logging_mixin.py:188} INFO - [2026-06-13T11:59:23.548+0000] {dagbag.py:545} INFO - Filling up the DagBag from /home/airflow/.local/lib/python3.12/site-packages/airflow/example_dags/example_branch_day_of_week_operator.py
[2026-06-13T11:59:23.559+0000] {processor.py:840} INFO - DAG(s) 'example_weekday_branch_operator' retrieved from /home/airflow/.local/lib/python3.12/site-packages/airflow/example_dags/example_branch_day_of_week_operator.py
[2026-06-13T11:59:23.599+0000] {logging_mixin.py:188} INFO - [2026-06-13T11:59:23.598+0000] {dag.py:3096} INFO - Sync 1 DAGs
[2026-06-13T11:59:23.644+0000] {logging_mixin.py:188} INFO - [2026-06-13T11:59:23.644+0000] {dag.py:3954} INFO - Setting next_dagrun for example_weekday_branch_operator to 2026-06-12 00:00:00+00:00, run_after=2026-06-13 00:00:00+00:00
[2026-06-13T11:59:23.684+0000] {processor.py:183} INFO - Processing /home/airflow/.local/lib/python3.12/site-packages/airflow/example_dags/example_branch_day_of_week_operator.py took 0.155 seconds
[2026-06-13T11:59:53.875+0000] {processor.py:161} INFO - Started process (PID=2340) to work on /home/airflow/.local/lib/python3.12/site-packages/airflow/example_dags/example_branch_day_of_week_operator.py
[2026-06-13T11:59:53.877+0000] {processor.py:830} INFO - Processing file /home/airflow/.local/lib/python3.12/site-packages/airflow/example_dags/example_branch_day_of_week_operator.py for tasks to queue
[2026-06-13T11:59:53.880+0000] {logging_mixin.py:188} INFO - [2026-06-13T11:59:53.879+0000] {dagbag.py:545} INFO - Filling up the DagBag from /home/airflow/.local/lib/python3.12/site-packages/airflow/example_dags/example_branch_day_of_week_operator.py
[2026-06-13T11:59:53.889+0000] {processor.py:840} INFO - DAG(s) 'example_weekday_branch_operator' retrieved from /home/airflow/.local/lib/python3.12/site-packages/airflow/example_dags/example_branch_day_of_week_operator.py
[2026-06-13T11:59:53.918+0000] {logging_mixin.py:188} INFO - [2026-06-13T11:59:53.917+0000] {dag.py:3096} INFO - Sync 1 DAGs
[2026-06-13T11:59:53.945+0000] {logging_mixin.py:188} INFO - [2026-06-13T11:59:53.945+0000] {dag.py:3954} INFO - Setting next_dagrun for example_weekday_branch_operator to 2026-06-12 00:00:00+00:00, run_after=2026-06-13 00:00:00+00:00
[2026-06-13T11:59:53.970+0000] {processor.py:183} INFO - Processing /home/airflow/.local/lib/python3.12/site-packages/airflow/example_dags/example_branch_day_of_week_operator.py took 0.105 seconds
[2026-06-13T12:00:24.619+0000] {processor.py:161} INFO - Started process (PID=2399) to work on /home/airflow/.local/lib/python3.12/site-packages/airflow/example_dags/example_branch_day_of_week_operator.py
[2026-06-13T12:00:24.620+0000] {processor.py:830} INFO - Processing file /home/airflow/.local/lib/python3.12/site-packages/airflow/example_dags/example_branch_day_of_week_operator.py for tasks to queue
[2026-06-13T12:00:24.624+0000] {logging_mixin.py:188} INFO - [2026-06-13T12:00:24.623+0000] {dagbag.py:545} INFO - Filling up the DagBag from /home/airflow/.local/lib/python3.12/site-packages/airflow/example_dags/example_branch_day_of_week_operator.py
[2026-06-13T12:00:24.632+0000] {processor.py:840} INFO - DAG(s) 'example_weekday_branch_operator' retrieved from /home/airflow/.local/lib/python3.12/site-packages/airflow/example_dags/example_branch_day_of_week_operator.py
[2026-06-13T12:00:24.660+0000] {logging_mixin.py:188} INFO - [2026-06-13T12:00:24.660+0000] {dag.py:3096} INFO - Sync 1 DAGs
[2026-06-13T12:00:24.688+0000] {logging_mixin.py:188} INFO - [2026-06-13T12:00:24.688+0000] {dag.py:3954} INFO - Setting next_dagrun for example_weekday_branch_operator to 2026-06-12 00:00:00+00:00, run_after=2026-06-13 00:00:00+00:00
[2026-06-13T12:00:24.716+0000] {processor.py:183} INFO - Processing /home/airflow/.local/lib/python3.12/site-packages/airflow/example_dags/example_branch_day_of_week_operator.py took 0.108 seconds
[2026-06-13T12:00:55.380+0000] {processor.py:161} INFO - Started process (PID=2476) to work on /home/airflow/.local/lib/python3.12/site-packages/airflow/example_dags/example_branch_day_of_week_operator.py
[2026-06-13T12:00:55.382+0000] {processor.py:830} INFO - Processing file /home/airflow/.local/lib/python3.12/site-packages/airflow/example_dags/example_branch_day_of_week_operator.py for tasks to queue
[2026-06-13T12:00:55.384+0000] {logging_mixin.py:188} INFO - [2026-06-13T12:00:55.384+0000] {dagbag.py:545} INFO - Filling up the DagBag from /home/airflow/.local/lib/python3.12/site-packages/airflow/example_dags/example_branch_day_of_week_operator.py
[2026-06-13T12:00:55.393+0000] {processor.py:840} INFO - DAG(s) 'example_weekday_branch_operator' retrieved from /home/airflow/.local/lib/python3.12/site-packages/airflow/example_dags/example_branch_day_of_week_operator.py
[2026-06-13T12:00:55.422+0000] {logging_mixin.py:188} INFO - [2026-06-13T12:00:55.421+0000] {dag.py:3096} INFO - Sync 1 DAGs
[2026-06-13T12:00:55.450+0000] {logging_mixin.py:188} INFO - [2026-06-13T12:00:55.449+0000] {dag.py:3954} INFO - Setting next_dagrun for example_weekday_branch_operator to 2026-06-12 00:00:00+00:00, run_after=2026-06-13 00:00:00+00:00
[2026-06-13T12:00:55.479+0000] {processor.py:183} INFO - Processing /home/airflow/.local/lib/python3.12/site-packages/airflow/example_dags/example_branch_day_of_week_operator.py took 0.111 seconds
[2026-06-13T12:01:26.131+0000] {processor.py:161} INFO - Started process (PID=2535) to work on /home/airflow/.local/lib/python3.12/site-packages/airflow/example_dags/example_branch_day_of_week_operator.py
[2026-06-13T12:01:26.133+0000] {processor.py:830} INFO - Processing file /home/airflow/.local/lib/python3.12/site-packages/airflow/example_dags/example_branch_day_of_week_operator.py for tasks to queue
[2026-06-13T12:01:26.137+0000] {logging_mixin.py:188} INFO - [2026-06-13T12:01:26.136+0000] {dagbag.py:545} INFO - Filling up the DagBag from /home/airflow/.local/lib/python3.12/site-packages/airflow/example_dags/example_branch_day_of_week_operator.py
[2026-06-13T12:01:26.152+0000] {processor.py:840} INFO - DAG(s) 'example_weekday_branch_operator' retrieved from /home/airflow/.local/lib/python3.12/site-packages/airflow/example_dags/example_branch_day_of_week_operator.py
[2026-06-13T12:01:26.181+0000] {logging_mixin.py:188} INFO - [2026-06-13T12:01:26.181+0000] {dag.py:3096} INFO - Sync 1 DAGs
[2026-06-13T12:01:26.208+0000] {logging_mixin.py:188} INFO - [2026-06-13T12:01:26.208+0000] {dag.py:3954} INFO - Setting next_dagrun for example_weekday_branch_operator to 2026-06-12 00:00:00+00:00, run_after=2026-06-13 00:00:00+00:00
[2026-06-13T12:01:26.236+0000] {processor.py:183} INFO - Processing /home/airflow/.local/lib/python3.12/site-packages/airflow/example_dags/example_branch_day_of_week_operator.py took 0.117 seconds
[2026-06-13T12:01:56.575+0000] {processor.py:161} INFO - Started process (PID=2594) to work on /home/airflow/.local/lib/python3.12/site-packages/airflow/example_dags/example_branch_day_of_week_operator.py
[2026-06-13T12:01:56.577+0000] {processor.py:830} INFO - Processing file /home/airflow/.local/lib/python3.12/site-packages/airflow/example_dags/example_branch_day_of_week_operator.py for tasks to queue
[2026-06-13T12:01:56.580+0000] {logging_mixin.py:188} INFO - [2026-06-13T12:01:56.579+0000] {dagbag.py:545} INFO - Filling up the DagBag from /home/airflow/.local/lib/python3.12/site-packages/airflow/example_dags/example_branch_day_of_week_operator.py
[2026-06-13T12:01:56.589+0000] {processor.py:840} INFO - DAG(s) 'example_weekday_branch_operator' retrieved from /home/airflow/.local/lib/python3.12/site-packages/airflow/example_dags/example_branch_day_of_week_operator.py
[2026-06-13T12:01:56.616+0000] {logging_mixin.py:188} INFO - [2026-06-13T12:01:56.615+0000] {dag.py:3096} INFO - Sync 1 DAGs
[2026-06-13T12:01:56.644+0000] {logging_mixin.py:188} INFO - [2026-06-13T12:01:56.643+0000] {dag.py:3954} INFO - Setting next_dagrun for example_weekday_branch_operator to 2026-06-12 00:00:00+00:00, run_after=2026-06-13 00:00:00+00:00
[2026-06-13T12:01:56.675+0000] {processor.py:183} INFO - Processing /home/airflow/.local/lib/python3.12/site-packages/airflow/example_dags/example_branch_day_of_week_operator.py took 0.110 seconds
[2026-06-13T12:02:27.245+0000] {processor.py:161} INFO - Started process (PID=2661) to work on /home/airflow/.local/lib/python3.12/site-packages/airflow/example_dags/example_branch_day_of_week_operator.py
[2026-06-13T12:02:27.246+0000] {processor.py:830} INFO - Processing file /home/airflow/.local/lib/python3.12/site-packages/airflow/example_dags/example_branch_day_of_week_operator.py for tasks to queue
[2026-06-13T12:02:27.249+0000] {logging_mixin.py:188} INFO - [2026-06-13T12:02:27.249+0000] {dagbag.py:545} INFO - Filling up the DagBag from /home/airflow/.local/lib/python3.12/site-packages/airflow/example_dags/example_branch_day_of_week_operator.py
[2026-06-13T12:02:27.258+0000] {processor.py:840} INFO - DAG(s) 'example_weekday_branch_operator' retrieved from /home/airflow/.local/lib/python3.12/site-packages/airflow/example_dags/example_branch_day_of_week_operator.py
[2026-06-13T12:02:27.286+0000] {logging_mixin.py:188} INFO - [2026-06-13T12:02:27.286+0000] {dag.py:3096} INFO - Sync 1 DAGs
[2026-06-13T12:02:27.315+0000] {logging_mixin.py:188} INFO - [2026-06-13T12:02:27.315+0000] {dag.py:3954} INFO - Setting next_dagrun for example_weekday_branch_operator to 2026-06-12 00:00:00+00:00, run_after=2026-06-13 00:00:00+00:00
[2026-06-13T12:02:27.344+0000] {processor.py:183} INFO - Processing /home/airflow/.local/lib/python3.12/site-packages/airflow/example_dags/example_branch_day_of_week_operator.py took 0.110 seconds
[2026-06-13T12:02:57.582+0000] {processor.py:161} INFO - Started process (PID=2776) to work on /home/airflow/.local/lib/python3.12/site-packages/airflow/example_dags/example_branch_day_of_week_operator.py
[2026-06-13T12:02:57.584+0000] {processor.py:830} INFO - Processing file /home/airflow/.local/lib/python3.12/site-packages/airflow/example_dags/example_branch_day_of_week_operator.py for tasks to queue
[2026-06-13T12:02:57.587+0000] {logging_mixin.py:188} INFO - [2026-06-13T12:02:57.587+0000] {dagbag.py:545} INFO - Filling up the DagBag from /home/airflow/.local/lib/python3.12/site-packages/airflow/example_dags/example_branch_day_of_week_operator.py
[2026-06-13T12:02:57.595+0000] {processor.py:840} INFO - DAG(s) 'example_weekday_branch_operator' retrieved from /home/airflow/.local/lib/python3.12/site-packages/airflow/example_dags/example_branch_day_of_week_operator.py
[2026-06-13T12:02:57.626+0000] {logging_mixin.py:188} INFO - [2026-06-13T12:02:57.625+0000] {dag.py:3096} INFO - Sync 1 DAGs
[2026-06-13T12:02:57.653+0000] {logging_mixin.py:188} INFO - [2026-06-13T12:02:57.653+0000] {dag.py:3954} INFO - Setting next_dagrun for example_weekday_branch_operator to 2026-06-12 00:00:00+00:00, run_after=2026-06-13 00:00:00+00:00
[2026-06-13T12:02:57.683+0000] {processor.py:183} INFO - Processing /home/airflow/.local/lib/python3.12/site-packages/airflow/example_dags/example_branch_day_of_week_operator.py took 0.112 seconds
[2026-06-13T12:03:27.781+0000] {processor.py:161} INFO - Started process (PID=2835) to work on /home/airflow/.local/lib/python3.12/site-packages/airflow/example_dags/example_branch_day_of_week_operator.py
[2026-06-13T12:03:27.782+0000] {processor.py:830} INFO - Processing file /home/airflow/.local/lib/python3.12/site-packages/airflow/example_dags/example_branch_day_of_week_operator.py for tasks to queue
[2026-06-13T12:03:27.785+0000] {logging_mixin.py:188} INFO - [2026-06-13T12:03:27.784+0000] {dagbag.py:545} INFO - Filling up the DagBag from /home/airflow/.local/lib/python3.12/site-packages/airflow/example_dags/example_branch_day_of_week_operator.py
[2026-06-13T12:03:27.793+0000] {processor.py:840} INFO - DAG(s) 'example_weekday_branch_operator' retrieved from /home/airflow/.local/lib/python3.12/site-packages/airflow/example_dags/example_branch_day_of_week_operator.py
[2026-06-13T12:03:27.819+0000] {logging_mixin.py:188} INFO - [2026-06-13T12:03:27.819+0000] {dag.py:3096} INFO - Sync 1 DAGs
[2026-06-13T12:03:27.845+0000] {logging_mixin.py:188} INFO - [2026-06-13T12:03:27.844+0000] {dag.py:3954} INFO - Setting next_dagrun for example_weekday_branch_operator to 2026-06-12 00:00:00+00:00, run_after=2026-06-13 00:00:00+00:00
[2026-06-13T12:03:27.873+0000] {processor.py:183} INFO - Processing /home/airflow/.local/lib/python3.12/site-packages/airflow/example_dags/example_branch_day_of_week_operator.py took 0.103 seconds
[2026-06-13T12:03:58.435+0000] {processor.py:161} INFO - Started process (PID=2909) to work on /home/airflow/.local/lib/python3.12/site-packages/airflow/example_dags/example_branch_day_of_week_operator.py
[2026-06-13T12:03:58.437+0000] {processor.py:830} INFO - Processing file /home/airflow/.local/lib/python3.12/site-packages/airflow/example_dags/example_branch_day_of_week_operator.py for tasks to queue
[2026-06-13T12:03:58.439+0000] {logging_mixin.py:188} INFO - [2026-06-13T12:03:58.439+0000] {dagbag.py:545} INFO - Filling up the DagBag from /home/airflow/.local/lib/python3.12/site-packages/airflow/example_dags/example_branch_day_of_week_operator.py
[2026-06-13T12:03:58.447+0000] {processor.py:840} INFO - DAG(s) 'example_weekday_branch_operator' retrieved from /home/airflow/.local/lib/python3.12/site-packages/airflow/example_dags/example_branch_day_of_week_operator.py
[2026-06-13T12:03:58.472+0000] {logging_mixin.py:188} INFO - [2026-06-13T12:03:58.472+0000] {dag.py:3096} INFO - Sync 1 DAGs
[2026-06-13T12:03:58.498+0000] {logging_mixin.py:188} INFO - [2026-06-13T12:03:58.498+0000] {dag.py:3954} INFO - Setting next_dagrun for example_weekday_branch_operator to 2026-06-12 00:00:00+00:00, run_after=2026-06-13 00:00:00+00:00
[2026-06-13T12:03:58.525+0000] {processor.py:183} INFO - Processing /home/airflow/.local/lib/python3.12/site-packages/airflow/example_dags/example_branch_day_of_week_operator.py took 0.101 seconds
[2026-06-13T12:04:29.204+0000] {processor.py:161} INFO - Started process (PID=2968) to work on /home/airflow/.local/lib/python3.12/site-packages/airflow/example_dags/example_branch_day_of_week_operator.py
[2026-06-13T12:04:29.206+0000] {processor.py:830} INFO - Processing file /home/airflow/.local/lib/python3.12/site-packages/airflow/example_dags/example_branch_day_of_week_operator.py for tasks to queue
[2026-06-13T12:04:29.209+0000] {logging_mixin.py:188} INFO - [2026-06-13T12:04:29.208+0000] {dagbag.py:545} INFO - Filling up the DagBag from /home/airflow/.local/lib/python3.12/site-packages/airflow/example_dags/example_branch_day_of_week_operator.py
[2026-06-13T12:04:29.217+0000] {processor.py:840} INFO - DAG(s) 'example_weekday_branch_operator' retrieved from /home/airflow/.local/lib/python3.12/site-packages/airflow/example_dags/example_branch_day_of_week_operator.py
[2026-06-13T12:04:29.244+0000] {logging_mixin.py:188} INFO - [2026-06-13T12:04:29.244+0000] {dag.py:3096} INFO - Sync 1 DAGs
[2026-06-13T12:04:29.270+0000] {logging_mixin.py:188} INFO - [2026-06-13T12:04:29.270+0000] {dag.py:3954} INFO - Setting next_dagrun for example_weekday_branch_operator to 2026-06-12 00:00:00+00:00, run_after=2026-06-13 00:00:00+00:00
[2026-06-13T12:04:29.296+0000] {processor.py:183} INFO - Processing /home/airflow/.local/lib/python3.12/site-packages/airflow/example_dags/example_branch_day_of_week_operator.py took 0.103 seconds
[2026-06-13T12:04:59.662+0000] {processor.py:161} INFO - Started process (PID=3027) to work on /home/airflow/.local/lib/python3.12/site-packages/airflow/example_dags/example_branch_day_of_week_operator.py
[2026-06-13T12:04:59.663+0000] {processor.py:830} INFO - Processing file /home/airflow/.local/lib/python3.12/site-packages/airflow/example_dags/example_branch_day_of_week_operator.py for tasks to queue
[2026-06-13T12:04:59.666+0000] {logging_mixin.py:188} INFO - [2026-06-13T12:04:59.665+0000] {dagbag.py:545} INFO - Filling up the DagBag from /home/airflow/.local/lib/python3.12/site-packages/airflow/example_dags/example_branch_day_of_week_operator.py
[2026-06-13T12:04:59.674+0000] {processor.py:840} INFO - DAG(s) 'example_weekday_branch_operator' retrieved from /home/airflow/.local/lib/python3.12/site-packages/airflow/example_dags/example_branch_day_of_week_operator.py
[2026-06-13T12:04:59.701+0000] {logging_mixin.py:188} INFO - [2026-06-13T12:04:59.701+0000] {dag.py:3096} INFO - Sync 1 DAGs
[2026-06-13T12:04:59.727+0000] {logging_mixin.py:188} INFO - [2026-06-13T12:04:59.727+0000] {dag.py:3954} INFO - Setting next_dagrun for example_weekday_branch_operator to 2026-06-12 00:00:00+00:00, run_after=2026-06-13 00:00:00+00:00
[2026-06-13T12:04:59.753+0000] {processor.py:183} INFO - Processing /home/airflow/.local/lib/python3.12/site-packages/airflow/example_dags/example_branch_day_of_week_operator.py took 0.101 seconds
[2026-06-13T12:05:29.898+0000] {processor.py:161} INFO - Started process (PID=3086) to work on /home/airflow/.local/lib/python3.12/site-packages/airflow/example_dags/example_branch_day_of_week_operator.py
[2026-06-13T12:05:29.900+0000] {processor.py:830} INFO - Processing file /home/airflow/.local/lib/python3.12/site-packages/airflow/example_dags/example_branch_day_of_week_operator.py for tasks to queue
[2026-06-13T12:05:29.903+0000] {logging_mixin.py:188} INFO - [2026-06-13T12:05:29.903+0000] {dagbag.py:545} INFO - Filling up the DagBag from /home/airflow/.local/lib/python3.12/site-packages/airflow/example_dags/example_branch_day_of_week_operator.py
[2026-06-13T12:05:29.911+0000] {processor.py:840} INFO - DAG(s) 'example_weekday_branch_operator' retrieved from /home/airflow/.local/lib/python3.12/site-packages/airflow/example_dags/example_branch_day_of_week_operator.py
[2026-06-13T12:05:29.937+0000] {logging_mixin.py:188} INFO - [2026-06-13T12:05:29.937+0000] {dag.py:3096} INFO - Sync 1 DAGs
[2026-06-13T12:05:29.961+0000] {logging_mixin.py:188} INFO - [2026-06-13T12:05:29.961+0000] {dag.py:3954} INFO - Setting next_dagrun for example_weekday_branch_operator to 2026-06-12 00:00:00+00:00, run_after=2026-06-13 00:00:00+00:00
[2026-06-13T12:05:29.988+0000] {processor.py:183} INFO - Processing /home/airflow/.local/lib/python3.12/site-packages/airflow/example_dags/example_branch_day_of_week_operator.py took 0.100 seconds
[2026-06-13T12:06:00.503+0000] {processor.py:161} INFO - Started process (PID=3146) to work on /home/airflow/.local/lib/python3.12/site-packages/airflow/example_dags/example_branch_day_of_week_operator.py
[2026-06-13T12:06:00.505+0000] {processor.py:830} INFO - Processing file /home/airflow/.local/lib/python3.12/site-packages/airflow/example_dags/example_branch_day_of_week_operator.py for tasks to queue
[2026-06-13T12:06:00.507+0000] {logging_mixin.py:188} INFO - [2026-06-13T12:06:00.507+0000] {dagbag.py:545} INFO - Filling up the DagBag from /home/airflow/.local/lib/python3.12/site-packages/airflow/example_dags/example_branch_day_of_week_operator.py
[2026-06-13T12:06:00.515+0000] {processor.py:840} INFO - DAG(s) 'example_weekday_branch_operator' retrieved from /home/airflow/.local/lib/python3.12/site-packages/airflow/example_dags/example_branch_day_of_week_operator.py
[2026-06-13T12:06:00.544+0000] {logging_mixin.py:188} INFO - [2026-06-13T12:06:00.544+0000] {dag.py:3096} INFO - Sync 1 DAGs
[2026-06-13T12:06:00.571+0000] {logging_mixin.py:188} INFO - [2026-06-13T12:06:00.571+0000] {dag.py:3954} INFO - Setting next_dagrun for example_weekday_branch_operator to 2026-06-12 00:00:00+00:00, run_after=2026-06-13 00:00:00+00:00
[2026-06-13T12:06:00.599+0000] {processor.py:183} INFO - Processing /home/airflow/.local/lib/python3.12/site-packages/airflow/example_dags/example_branch_day_of_week_operator.py took 0.105 seconds
[2026-06-13T12:06:30.768+0000] {processor.py:161} INFO - Started process (PID=3205) to work on /home/airflow/.local/lib/python3.12/site-packages/airflow/example_dags/example_branch_day_of_week_operator.py
[2026-06-13T12:06:30.769+0000] {processor.py:830} INFO - Processing file /home/airflow/.local/lib/python3.12/site-packages/airflow/example_dags/example_branch_day_of_week_operator.py for tasks to queue
[2026-06-13T12:06:30.772+0000] {logging_mixin.py:188} INFO - [2026-06-13T12:06:30.771+0000] {dagbag.py:545} INFO - Filling up the DagBag from /home/airflow/.local/lib/python3.12/site-packages/airflow/example_dags/example_branch_day_of_week_operator.py
[2026-06-13T12:06:30.780+0000] {processor.py:840} INFO - DAG(s) 'example_weekday_branch_operator' retrieved from /home/airflow/.local/lib/python3.12/site-packages/airflow/example_dags/example_branch_day_of_week_operator.py
[2026-06-13T12:06:30.805+0000] {logging_mixin.py:188} INFO - [2026-06-13T12:06:30.805+0000] {dag.py:3096} INFO - Sync 1 DAGs
[2026-06-13T12:06:30.830+0000] {logging_mixin.py:188} INFO - [2026-06-13T12:06:30.830+0000] {dag.py:3954} INFO - Setting next_dagrun for example_weekday_branch_operator to 2026-06-12 00:00:00+00:00, run_after=2026-06-13 00:00:00+00:00
[2026-06-13T12:06:30.853+0000] {processor.py:183} INFO - Processing /home/airflow/.local/lib/python3.12/site-packages/airflow/example_dags/example_branch_day_of_week_operator.py took 0.096 seconds
[2026-06-13T12:07:01.508+0000] {processor.py:161} INFO - Started process (PID=3264) to work on /home/airflow/.local/lib/python3.12/site-packages/airflow/example_dags/example_branch_day_of_week_operator.py
[2026-06-13T12:07:01.510+0000] {processor.py:830} INFO - Processing file /home/airflow/.local/lib/python3.12/site-packages/airflow/example_dags/example_branch_day_of_week_operator.py for tasks to queue
[2026-06-13T12:07:01.513+0000] {logging_mixin.py:188} INFO - [2026-06-13T12:07:01.512+0000] {dagbag.py:545} INFO - Filling up the DagBag from /home/airflow/.local/lib/python3.12/site-packages/airflow/example_dags/example_branch_day_of_week_operator.py
[2026-06-13T12:07:01.522+0000] {processor.py:840} INFO - DAG(s) 'example_weekday_branch_operator' retrieved from /home/airflow/.local/lib/python3.12/site-packages/airflow/example_dags/example_branch_day_of_week_operator.py
[2026-06-13T12:07:01.548+0000] {logging_mixin.py:188} INFO - [2026-06-13T12:07:01.548+0000] {dag.py:3096} INFO - Sync 1 DAGs
[2026-06-13T12:07:01.575+0000] {logging_mixin.py:188} INFO - [2026-06-13T12:07:01.575+0000] {dag.py:3954} INFO - Setting next_dagrun for example_weekday_branch_operator to 2026-06-12 00:00:00+00:00, run_after=2026-06-13 00:00:00+00:00
[2026-06-13T12:07:01.606+0000] {processor.py:183} INFO - Processing /home/airflow/.local/lib/python3.12/site-packages/airflow/example_dags/example_branch_day_of_week_operator.py took 0.108 seconds
[2026-06-13T12:07:32.513+0000] {processor.py:161} INFO - Started process (PID=3323) to work on /home/airflow/.local/lib/python3.12/site-packages/airflow/example_dags/example_branch_day_of_week_operator.py
[2026-06-13T12:07:32.514+0000] {processor.py:830} INFO - Processing file /home/airflow/.local/lib/python3.12/site-packages/airflow/example_dags/example_branch_day_of_week_operator.py for tasks to queue
[2026-06-13T12:07:32.517+0000] {logging_mixin.py:188} INFO - [2026-06-13T12:07:32.517+0000] {dagbag.py:545} INFO - Filling up the DagBag from /home/airflow/.local/lib/python3.12/site-packages/airflow/example_dags/example_branch_day_of_week_operator.py
[2026-06-13T12:07:32.526+0000] {processor.py:840} INFO - DAG(s) 'example_weekday_branch_operator' retrieved from /home/airflow/.local/lib/python3.12/site-packages/airflow/example_dags/example_branch_day_of_week_operator.py
[2026-06-13T12:07:32.551+0000] {logging_mixin.py:188} INFO - [2026-06-13T12:07:32.551+0000] {dag.py:3096} INFO - Sync 1 DAGs
[2026-06-13T12:07:32.576+0000] {logging_mixin.py:188} INFO - [2026-06-13T12:07:32.576+0000] {dag.py:3954} INFO - Setting next_dagrun for example_weekday_branch_operator to 2026-06-12 00:00:00+00:00, run_after=2026-06-13 00:00:00+00:00
[2026-06-13T12:07:32.608+0000] {processor.py:183} INFO - Processing /home/airflow/.local/lib/python3.12/site-packages/airflow/example_dags/example_branch_day_of_week_operator.py took 0.105 seconds
[2026-06-13T12:08:03.537+0000] {processor.py:161} INFO - Started process (PID=3382) to work on /home/airflow/.local/lib/python3.12/site-packages/airflow/example_dags/example_branch_day_of_week_operator.py
[2026-06-13T12:08:03.539+0000] {processor.py:830} INFO - Processing file /home/airflow/.local/lib/python3.12/site-packages/airflow/example_dags/example_branch_day_of_week_operator.py for tasks to queue
[2026-06-13T12:08:03.542+0000] {logging_mixin.py:188} INFO - [2026-06-13T12:08:03.541+0000] {dagbag.py:545} INFO - Filling up the DagBag from /home/airflow/.local/lib/python3.12/site-packages/airflow/example_dags/example_branch_day_of_week_operator.py
[2026-06-13T12:08:03.551+0000] {processor.py:840} INFO - DAG(s) 'example_weekday_branch_operator' retrieved from /home/airflow/.local/lib/python3.12/site-packages/airflow/example_dags/example_branch_day_of_week_operator.py
[2026-06-13T12:08:03.577+0000] {logging_mixin.py:188} INFO - [2026-06-13T12:08:03.577+0000] {dag.py:3096} INFO - Sync 1 DAGs
[2026-06-13T12:08:03.602+0000] {logging_mixin.py:188} INFO - [2026-06-13T12:08:03.602+0000] {dag.py:3954} INFO - Setting next_dagrun for example_weekday_branch_operator to 2026-06-12 00:00:00+00:00, run_after=2026-06-13 00:00:00+00:00
[2026-06-13T12:08:03.630+0000] {processor.py:183} INFO - Processing /home/airflow/.local/lib/python3.12/site-packages/airflow/example_dags/example_branch_day_of_week_operator.py took 0.104 seconds
[2026-06-13T12:08:33.733+0000] {processor.py:161} INFO - Started process (PID=3441) to work on /home/airflow/.local/lib/python3.12/site-packages/airflow/example_dags/example_branch_day_of_week_operator.py
[2026-06-13T12:08:33.735+0000] {processor.py:830} INFO - Processing file /home/airflow/.local/lib/python3.12/site-packages/airflow/example_dags/example_branch_day_of_week_operator.py for tasks to queue
[2026-06-13T12:08:33.738+0000] {logging_mixin.py:188} INFO - [2026-06-13T12:08:33.738+0000] {dagbag.py:545} INFO - Filling up the DagBag from /home/airflow/.local/lib/python3.12/site-packages/airflow/example_dags/example_branch_day_of_week_operator.py
[2026-06-13T12:08:33.748+0000] {processor.py:840} INFO - DAG(s) 'example_weekday_branch_operator' retrieved from /home/airflow/.local/lib/python3.12/site-packages/airflow/example_dags/example_branch_day_of_week_operator.py
[2026-06-13T12:08:33.777+0000] {logging_mixin.py:188} INFO - [2026-06-13T12:08:33.777+0000] {dag.py:3096} INFO - Sync 1 DAGs
[2026-06-13T12:08:33.804+0000] {logging_mixin.py:188} INFO - [2026-06-13T12:08:33.804+0000] {dag.py:3954} INFO - Setting next_dagrun for example_weekday_branch_operator to 2026-06-12 00:00:00+00:00, run_after=2026-06-13 00:00:00+00:00
[2026-06-13T12:08:33.833+0000] {processor.py:183} INFO - Processing /home/airflow/.local/lib/python3.12/site-packages/airflow/example_dags/example_branch_day_of_week_operator.py took 0.112 seconds
[2026-06-13T12:09:04.797+0000] {processor.py:161} INFO - Started process (PID=3500) to work on /home/airflow/.local/lib/python3.12/site-packages/airflow/example_dags/example_branch_day_of_week_operator.py
[2026-06-13T12:09:04.799+0000] {processor.py:830} INFO - Processing file /home/airflow/.local/lib/python3.12/site-packages/airflow/example_dags/example_branch_day_of_week_operator.py for tasks to queue
[2026-06-13T12:09:04.802+0000] {logging_mixin.py:188} INFO - [2026-06-13T12:09:04.801+0000] {dagbag.py:545} INFO - Filling up the DagBag from /home/airflow/.local/lib/python3.12/site-packages/airflow/example_dags/example_branch_day_of_week_operator.py
[2026-06-13T12:09:04.810+0000] {processor.py:840} INFO - DAG(s) 'example_weekday_branch_operator' retrieved from /home/airflow/.local/lib/python3.12/site-packages/airflow/example_dags/example_branch_day_of_week_operator.py
[2026-06-13T12:09:04.837+0000] {logging_mixin.py:188} INFO - [2026-06-13T12:09:04.837+0000] {dag.py:3096} INFO - Sync 1 DAGs
[2026-06-13T12:09:04.862+0000] {logging_mixin.py:188} INFO - [2026-06-13T12:09:04.862+0000] {dag.py:3954} INFO - Setting next_dagrun for example_weekday_branch_operator to 2026-06-12 00:00:00+00:00, run_after=2026-06-13 00:00:00+00:00
[2026-06-13T12:09:04.888+0000] {processor.py:183} INFO - Processing /home/airflow/.local/lib/python3.12/site-packages/airflow/example_dags/example_branch_day_of_week_operator.py took 0.101 seconds
[2026-06-13T12:09:35.088+0000] {processor.py:161} INFO - Started process (PID=3559) to work on /home/airflow/.local/lib/python3.12/site-packages/airflow/example_dags/example_branch_day_of_week_operator.py
[2026-06-13T12:09:35.089+0000] {processor.py:830} INFO - Processing file /home/airflow/.local/lib/python3.12/site-packages/airflow/example_dags/example_branch_day_of_week_operator.py for tasks to queue
[2026-06-13T12:09:35.093+0000] {logging_mixin.py:188} INFO - [2026-06-13T12:09:35.092+0000] {dagbag.py:545} INFO - Filling up the DagBag from /home/airflow/.local/lib/python3.12/site-packages/airflow/example_dags/example_branch_day_of_week_operator.py
[2026-06-13T12:09:35.101+0000] {processor.py:840} INFO - DAG(s) 'example_weekday_branch_operator' retrieved from /home/airflow/.local/lib/python3.12/site-packages/airflow/example_dags/example_branch_day_of_week_operator.py
[2026-06-13T12:09:35.129+0000] {logging_mixin.py:188} INFO - [2026-06-13T12:09:35.129+0000] {dag.py:3096} INFO - Sync 1 DAGs
[2026-06-13T12:09:35.154+0000] {logging_mixin.py:188} INFO - [2026-06-13T12:09:35.153+0000] {dag.py:3954} INFO - Setting next_dagrun for example_weekday_branch_operator to 2026-06-12 00:00:00+00:00, run_after=2026-06-13 00:00:00+00:00
[2026-06-13T12:09:35.180+0000] {processor.py:183} INFO - Processing /home/airflow/.local/lib/python3.12/site-packages/airflow/example_dags/example_branch_day_of_week_operator.py took 0.103 seconds
[2026-06-13T12:10:05.313+0000] {processor.py:161} INFO - Started process (PID=3618) to work on /home/airflow/.local/lib/python3.12/site-packages/airflow/example_dags/example_branch_day_of_week_operator.py
[2026-06-13T12:10:05.314+0000] {processor.py:830} INFO - Processing file /home/airflow/.local/lib/python3.12/site-packages/airflow/example_dags/example_branch_day_of_week_operator.py for tasks to queue
[2026-06-13T12:10:05.318+0000] {logging_mixin.py:188} INFO - [2026-06-13T12:10:05.317+0000] {dagbag.py:545} INFO - Filling up the DagBag from /home/airflow/.local/lib/python3.12/site-packages/airflow/example_dags/example_branch_day_of_week_operator.py
[2026-06-13T12:10:05.326+0000] {processor.py:840} INFO - DAG(s) 'example_weekday_branch_operator' retrieved from /home/airflow/.local/lib/python3.12/site-packages/airflow/example_dags/example_branch_day_of_week_operator.py
[2026-06-13T12:14:37.585+0000] {logging_mixin.py:188} INFO - [2026-06-13T12:14:37.584+0000] {dag.py:3096} INFO - Sync 1 DAGs
[2026-06-13T12:14:37.611+0000] {logging_mixin.py:188} INFO - [2026-06-13T12:14:37.610+0000] {dag.py:3954} INFO - Setting next_dagrun for example_weekday_branch_operator to 2026-06-12 00:00:00+00:00, run_after=2026-06-13 00:00:00+00:00
[2026-06-13T12:14:37.636+0000] {processor.py:183} INFO - Processing /home/airflow/.local/lib/python3.12/site-packages/airflow/example_dags/example_branch_day_of_week_operator.py took 0.103 seconds
[2026-06-13T12:15:07.975+0000] {processor.py:161} INFO - Started process (PID=3677) to work on /home/airflow/.local/lib/python3.12/site-packages/airflow/example_dags/example_branch_day_of_week_operator.py
[2026-06-13T12:15:07.976+0000] {processor.py:830} INFO - Processing file /home/airflow/.local/lib/python3.12/site-packages/airflow/example_dags/example_branch_day_of_week_operator.py for tasks to queue
[2026-06-13T12:15:07.980+0000] {logging_mixin.py:188} INFO - [2026-06-13T12:15:07.979+0000] {dagbag.py:545} INFO - Filling up the DagBag from /home/airflow/.local/lib/python3.12/site-packages/airflow/example_dags/example_branch_day_of_week_operator.py
[2026-06-13T12:15:07.989+0000] {processor.py:840} INFO - DAG(s) 'example_weekday_branch_operator' retrieved from /home/airflow/.local/lib/python3.12/site-packages/airflow/example_dags/example_branch_day_of_week_operator.py
[2026-06-13T12:15:08.019+0000] {logging_mixin.py:188} INFO - [2026-06-13T12:15:08.019+0000] {dag.py:3096} INFO - Sync 1 DAGs
[2026-06-13T12:15:08.048+0000] {logging_mixin.py:188} INFO - [2026-06-13T12:15:08.048+0000] {dag.py:3954} INFO - Setting next_dagrun for example_weekday_branch_operator to 2026-06-12 00:00:00+00:00, run_after=2026-06-13 00:00:00+00:00
[2026-06-13T12:15:08.075+0000] {processor.py:183} INFO - Processing /home/airflow/.local/lib/python3.12/site-packages/airflow/example_dags/example_branch_day_of_week_operator.py took 0.112 seconds
[2026-06-13T12:15:38.796+0000] {processor.py:161} INFO - Started process (PID=3738) to work on /home/airflow/.local/lib/python3.12/site-packages/airflow/example_dags/example_branch_day_of_week_operator.py
[2026-06-13T12:15:38.798+0000] {processor.py:830} INFO - Processing file /home/airflow/.local/lib/python3.12/site-packages/airflow/example_dags/example_branch_day_of_week_operator.py for tasks to queue
[2026-06-13T12:15:38.801+0000] {logging_mixin.py:188} INFO - [2026-06-13T12:15:38.801+0000] {dagbag.py:545} INFO - Filling up the DagBag from /home/airflow/.local/lib/python3.12/site-packages/airflow/example_dags/example_branch_day_of_week_operator.py
[2026-06-13T12:15:38.810+0000] {processor.py:840} INFO - DAG(s) 'example_weekday_branch_operator' retrieved from /home/airflow/.local/lib/python3.12/site-packages/airflow/example_dags/example_branch_day_of_week_operator.py
[2026-06-13T12:15:38.838+0000] {logging_mixin.py:188} INFO - [2026-06-13T12:15:38.838+0000] {dag.py:3096} INFO - Sync 1 DAGs
[2026-06-13T12:15:38.862+0000] {logging_mixin.py:188} INFO - [2026-06-13T12:15:38.862+0000] {dag.py:3954} INFO - Setting next_dagrun for example_weekday_branch_operator to 2026-06-12 00:00:00+00:00, run_after=2026-06-13 00:00:00+00:00
[2026-06-13T12:15:38.889+0000] {processor.py:183} INFO - Processing /home/airflow/.local/lib/python3.12/site-packages/airflow/example_dags/example_branch_day_of_week_operator.py took 0.103 seconds
[2026-06-13T12:16:09.433+0000] {processor.py:161} INFO - Started process (PID=3797) to work on /home/airflow/.local/lib/python3.12/site-packages/airflow/example_dags/example_branch_day_of_week_operator.py
[2026-06-13T12:16:09.435+0000] {processor.py:830} INFO - Processing file /home/airflow/.local/lib/python3.12/site-packages/airflow/example_dags/example_branch_day_of_week_operator.py for tasks to queue
[2026-06-13T12:16:09.438+0000] {logging_mixin.py:188} INFO - [2026-06-13T12:16:09.437+0000] {dagbag.py:545} INFO - Filling up the DagBag from /home/airflow/.local/lib/python3.12/site-packages/airflow/example_dags/example_branch_day_of_week_operator.py
[2026-06-13T12:16:09.446+0000] {processor.py:840} INFO - DAG(s) 'example_weekday_branch_operator' retrieved from /home/airflow/.local/lib/python3.12/site-packages/airflow/example_dags/example_branch_day_of_week_operator.py
[2026-06-13T12:16:09.471+0000] {logging_mixin.py:188} INFO - [2026-06-13T12:16:09.471+0000] {dag.py:3096} INFO - Sync 1 DAGs
[2026-06-13T12:16:09.496+0000] {logging_mixin.py:188} INFO - [2026-06-13T12:16:09.495+0000] {dag.py:3954} INFO - Setting next_dagrun for example_weekday_branch_operator to 2026-06-12 00:00:00+00:00, run_after=2026-06-13 00:00:00+00:00
[2026-06-13T12:16:09.521+0000] {processor.py:183} INFO - Processing /home/airflow/.local/lib/python3.12/site-packages/airflow/example_dags/example_branch_day_of_week_operator.py took 0.099 seconds
[2026-06-13T12:16:40.337+0000] {processor.py:161} INFO - Started process (PID=3857) to work on /home/airflow/.local/lib/python3.12/site-packages/airflow/example_dags/example_branch_day_of_week_operator.py
[2026-06-13T12:16:40.338+0000] {processor.py:830} INFO - Processing file /home/airflow/.local/lib/python3.12/site-packages/airflow/example_dags/example_branch_day_of_week_operator.py for tasks to queue
[2026-06-13T12:16:40.341+0000] {logging_mixin.py:188} INFO - [2026-06-13T12:16:40.341+0000] {dagbag.py:545} INFO - Filling up the DagBag from /home/airflow/.local/lib/python3.12/site-packages/airflow/example_dags/example_branch_day_of_week_operator.py
[2026-06-13T12:16:40.350+0000] {processor.py:840} INFO - DAG(s) 'example_weekday_branch_operator' retrieved from /home/airflow/.local/lib/python3.12/site-packages/airflow/example_dags/example_branch_day_of_week_operator.py
[2026-06-13T12:16:40.379+0000] {logging_mixin.py:188} INFO - [2026-06-13T12:16:40.378+0000] {dag.py:3096} INFO - Sync 1 DAGs
[2026-06-13T12:16:40.404+0000] {logging_mixin.py:188} INFO - [2026-06-13T12:16:40.404+0000] {dag.py:3954} INFO - Setting next_dagrun for example_weekday_branch_operator to 2026-06-12 00:00:00+00:00, run_after=2026-06-13 00:00:00+00:00
[2026-06-13T12:16:40.432+0000] {processor.py:183} INFO - Processing /home/airflow/.local/lib/python3.12/site-packages/airflow/example_dags/example_branch_day_of_week_operator.py took 0.105 seconds
[2026-06-13T12:17:10.617+0000] {processor.py:161} INFO - Started process (PID=3916) to work on /home/airflow/.local/lib/python3.12/site-packages/airflow/example_dags/example_branch_day_of_week_operator.py
[2026-06-13T12:17:10.619+0000] {processor.py:830} INFO - Processing file /home/airflow/.local/lib/python3.12/site-packages/airflow/example_dags/example_branch_day_of_week_operator.py for tasks to queue
[2026-06-13T12:17:10.622+0000] {logging_mixin.py:188} INFO - [2026-06-13T12:17:10.622+0000] {dagbag.py:545} INFO - Filling up the DagBag from /home/airflow/.local/lib/python3.12/site-packages/airflow/example_dags/example_branch_day_of_week_operator.py
[2026-06-13T12:17:10.630+0000] {processor.py:840} INFO - DAG(s) 'example_weekday_branch_operator' retrieved from /home/airflow/.local/lib/python3.12/site-packages/airflow/example_dags/example_branch_day_of_week_operator.py
[2026-06-13T12:17:10.659+0000] {logging_mixin.py:188} INFO - [2026-06-13T12:17:10.658+0000] {dag.py:3096} INFO - Sync 1 DAGs
[2026-06-13T12:17:10.687+0000] {logging_mixin.py:188} INFO - [2026-06-13T12:17:10.686+0000] {dag.py:3954} INFO - Setting next_dagrun for example_weekday_branch_operator to 2026-06-12 00:00:00+00:00, run_after=2026-06-13 00:00:00+00:00
[2026-06-13T12:17:10.715+0000] {processor.py:183} INFO - Processing /home/airflow/.local/lib/python3.12/site-packages/airflow/example_dags/example_branch_day_of_week_operator.py took 0.108 seconds
[2026-06-13T12:17:40.938+0000] {processor.py:161} INFO - Started process (PID=3976) to work on /home/airflow/.local/lib/python3.12/site-packages/airflow/example_dags/example_branch_day_of_week_operator.py
[2026-06-13T12:17:40.940+0000] {processor.py:830} INFO - Processing file /home/airflow/.local/lib/python3.12/site-packages/airflow/example_dags/example_branch_day_of_week_operator.py for tasks to queue
[2026-06-13T12:17:40.942+0000] {logging_mixin.py:188} INFO - [2026-06-13T12:17:40.942+0000] {dagbag.py:545} INFO - Filling up the DagBag from /home/airflow/.local/lib/python3.12/site-packages/airflow/example_dags/example_branch_day_of_week_operator.py
[2026-06-13T12:17:40.951+0000] {processor.py:840} INFO - DAG(s) 'example_weekday_branch_operator' retrieved from /home/airflow/.local/lib/python3.12/site-packages/airflow/example_dags/example_branch_day_of_week_operator.py
[2026-06-13T12:17:40.979+0000] {logging_mixin.py:188} INFO - [2026-06-13T12:17:40.979+0000] {dag.py:3096} INFO - Sync 1 DAGs
[2026-06-13T12:17:41.006+0000] {logging_mixin.py:188} INFO - [2026-06-13T12:17:41.006+0000] {dag.py:3954} INFO - Setting next_dagrun for example_weekday_branch_operator to 2026-06-12 00:00:00+00:00, run_after=2026-06-13 00:00:00+00:00
[2026-06-13T12:17:41.033+0000] {processor.py:183} INFO - Processing /home/airflow/.local/lib/python3.12/site-packages/airflow/example_dags/example_branch_day_of_week_operator.py took 0.105 seconds
[2026-06-13T12:18:11.134+0000] {processor.py:161} INFO - Started process (PID=4043) to work on /home/airflow/.local/lib/python3.12/site-packages/airflow/example_dags/example_branch_day_of_week_operator.py
[2026-06-13T12:18:11.136+0000] {processor.py:830} INFO - Processing file /home/airflow/.local/lib/python3.12/site-packages/airflow/example_dags/example_branch_day_of_week_operator.py for tasks to queue
[2026-06-13T12:18:11.140+0000] {logging_mixin.py:188} INFO - [2026-06-13T12:18:11.139+0000] {dagbag.py:545} INFO - Filling up the DagBag from /home/airflow/.local/lib/python3.12/site-packages/airflow/example_dags/example_branch_day_of_week_operator.py
[2026-06-13T12:18:11.149+0000] {processor.py:840} INFO - DAG(s) 'example_weekday_branch_operator' retrieved from /home/airflow/.local/lib/python3.12/site-packages/airflow/example_dags/example_branch_day_of_week_operator.py
[2026-06-13T12:18:11.178+0000] {logging_mixin.py:188} INFO - [2026-06-13T12:18:11.177+0000] {dag.py:3096} INFO - Sync 1 DAGs
[2026-06-13T12:18:11.204+0000] {logging_mixin.py:188} INFO - [2026-06-13T12:18:11.204+0000] {dag.py:3954} INFO - Setting next_dagrun for example_weekday_branch_operator to 2026-06-12 00:00:00+00:00, run_after=2026-06-13 00:00:00+00:00
[2026-06-13T12:18:11.233+0000] {processor.py:183} INFO - Processing /home/airflow/.local/lib/python3.12/site-packages/airflow/example_dags/example_branch_day_of_week_operator.py took 0.109 seconds
[2026-06-13T12:19:03.543+0000] {processor.py:161} INFO - Started process (PID=107) to work on /home/airflow/.local/lib/python3.12/site-packages/airflow/example_dags/example_branch_day_of_week_operator.py
[2026-06-13T12:19:03.545+0000] {processor.py:830} INFO - Processing file /home/airflow/.local/lib/python3.12/site-packages/airflow/example_dags/example_branch_day_of_week_operator.py for tasks to queue
[2026-06-13T12:19:03.548+0000] {logging_mixin.py:188} INFO - [2026-06-13T12:19:03.547+0000] {dagbag.py:545} INFO - Filling up the DagBag from /home/airflow/.local/lib/python3.12/site-packages/airflow/example_dags/example_branch_day_of_week_operator.py
[2026-06-13T12:19:03.561+0000] {processor.py:840} INFO - DAG(s) 'example_weekday_branch_operator' retrieved from /home/airflow/.local/lib/python3.12/site-packages/airflow/example_dags/example_branch_day_of_week_operator.py
[2026-06-13T12:19:03.712+0000] {logging_mixin.py:188} INFO - [2026-06-13T12:19:03.711+0000] {dag.py:3096} INFO - Sync 1 DAGs
[2026-06-13T12:19:03.742+0000] {logging_mixin.py:188} INFO - [2026-06-13T12:19:03.742+0000] {dag.py:3954} INFO - Setting next_dagrun for example_weekday_branch_operator to 2026-06-12 00:00:00+00:00, run_after=2026-06-13 00:00:00+00:00
[2026-06-13T12:19:03.774+0000] {processor.py:183} INFO - Processing /home/airflow/.local/lib/python3.12/site-packages/airflow/example_dags/example_branch_day_of_week_operator.py took 0.238 seconds
[2026-06-13T12:19:34.197+0000] {processor.py:161} INFO - Started process (PID=166) to work on /home/airflow/.local/lib/python3.12/site-packages/airflow/example_dags/example_branch_day_of_week_operator.py
[2026-06-13T12:19:34.199+0000] {processor.py:830} INFO - Processing file /home/airflow/.local/lib/python3.12/site-packages/airflow/example_dags/example_branch_day_of_week_operator.py for tasks to queue
[2026-06-13T12:19:34.202+0000] {logging_mixin.py:188} INFO - [2026-06-13T12:19:34.201+0000] {dagbag.py:545} INFO - Filling up the DagBag from /home/airflow/.local/lib/python3.12/site-packages/airflow/example_dags/example_branch_day_of_week_operator.py
[2026-06-13T12:19:34.211+0000] {processor.py:840} INFO - DAG(s) 'example_weekday_branch_operator' retrieved from /home/airflow/.local/lib/python3.12/site-packages/airflow/example_dags/example_branch_day_of_week_operator.py
[2026-06-13T12:19:34.239+0000] {logging_mixin.py:188} INFO - [2026-06-13T12:19:34.239+0000] {dag.py:3096} INFO - Sync 1 DAGs
[2026-06-13T12:19:34.264+0000] {logging_mixin.py:188} INFO - [2026-06-13T12:19:34.264+0000] {dag.py:3954} INFO - Setting next_dagrun for example_weekday_branch_operator to 2026-06-12 00:00:00+00:00, run_after=2026-06-13 00:00:00+00:00
[2026-06-13T12:19:34.295+0000] {processor.py:183} INFO - Processing /home/airflow/.local/lib/python3.12/site-packages/airflow/example_dags/example_branch_day_of_week_operator.py took 0.104 seconds
[2026-06-13T12:20:05.186+0000] {processor.py:161} INFO - Started process (PID=226) to work on /home/airflow/.local/lib/python3.12/site-packages/airflow/example_dags/example_branch_day_of_week_operator.py
[2026-06-13T12:20:05.188+0000] {processor.py:830} INFO - Processing file /home/airflow/.local/lib/python3.12/site-packages/airflow/example_dags/example_branch_day_of_week_operator.py for tasks to queue
[2026-06-13T12:20:05.191+0000] {logging_mixin.py:188} INFO - [2026-06-13T12:20:05.190+0000] {dagbag.py:545} INFO - Filling up the DagBag from /home/airflow/.local/lib/python3.12/site-packages/airflow/example_dags/example_branch_day_of_week_operator.py
[2026-06-13T12:20:05.200+0000] {processor.py:840} INFO - DAG(s) 'example_weekday_branch_operator' retrieved from /home/airflow/.local/lib/python3.12/site-packages/airflow/example_dags/example_branch_day_of_week_operator.py
[2026-06-13T12:20:05.230+0000] {logging_mixin.py:188} INFO - [2026-06-13T12:20:05.230+0000] {dag.py:3096} INFO - Sync 1 DAGs
[2026-06-13T12:20:05.257+0000] {logging_mixin.py:188} INFO - [2026-06-13T12:20:05.257+0000] {dag.py:3954} INFO - Setting next_dagrun for example_weekday_branch_operator to 2026-06-12 00:00:00+00:00, run_after=2026-06-13 00:00:00+00:00
[2026-06-13T12:20:05.285+0000] {processor.py:183} INFO - Processing /home/airflow/.local/lib/python3.12/site-packages/airflow/example_dags/example_branch_day_of_week_operator.py took 0.105 seconds
[2026-06-13T12:20:35.455+0000] {processor.py:161} INFO - Started process (PID=285) to work on /home/airflow/.local/lib/python3.12/site-packages/airflow/example_dags/example_branch_day_of_week_operator.py
[2026-06-13T12:20:35.457+0000] {processor.py:830} INFO - Processing file /home/airflow/.local/lib/python3.12/site-packages/airflow/example_dags/example_branch_day_of_week_operator.py for tasks to queue
[2026-06-13T12:20:35.460+0000] {logging_mixin.py:188} INFO - [2026-06-13T12:20:35.460+0000] {dagbag.py:545} INFO - Filling up the DagBag from /home/airflow/.local/lib/python3.12/site-packages/airflow/example_dags/example_branch_day_of_week_operator.py
[2026-06-13T12:20:35.471+0000] {processor.py:840} INFO - DAG(s) 'example_weekday_branch_operator' retrieved from /home/airflow/.local/lib/python3.12/site-packages/airflow/example_dags/example_branch_day_of_week_operator.py
[2026-06-13T12:20:35.502+0000] {logging_mixin.py:188} INFO - [2026-06-13T12:20:35.502+0000] {dag.py:3096} INFO - Sync 1 DAGs
[2026-06-13T12:20:35.529+0000] {logging_mixin.py:188} INFO - [2026-06-13T12:20:35.529+0000] {dag.py:3954} INFO - Setting next_dagrun for example_weekday_branch_operator to 2026-06-12 00:00:00+00:00, run_after=2026-06-13 00:00:00+00:00
[2026-06-13T12:20:35.555+0000] {processor.py:183} INFO - Processing /home/airflow/.local/lib/python3.12/site-packages/airflow/example_dags/example_branch_day_of_week_operator.py took 0.106 seconds
[2026-06-13T12:21:06.268+0000] {processor.py:161} INFO - Started process (PID=344) to work on /home/airflow/.local/lib/python3.12/site-packages/airflow/example_dags/example_branch_day_of_week_operator.py
[2026-06-13T12:21:06.270+0000] {processor.py:830} INFO - Processing file /home/airflow/.local/lib/python3.12/site-packages/airflow/example_dags/example_branch_day_of_week_operator.py for tasks to queue
[2026-06-13T12:21:06.273+0000] {logging_mixin.py:188} INFO - [2026-06-13T12:21:06.272+0000] {dagbag.py:545} INFO - Filling up the DagBag from /home/airflow/.local/lib/python3.12/site-packages/airflow/example_dags/example_branch_day_of_week_operator.py
[2026-06-13T12:21:06.281+0000] {processor.py:840} INFO - DAG(s) 'example_weekday_branch_operator' retrieved from /home/airflow/.local/lib/python3.12/site-packages/airflow/example_dags/example_branch_day_of_week_operator.py
[2026-06-13T12:21:06.311+0000] {logging_mixin.py:188} INFO - [2026-06-13T12:21:06.311+0000] {dag.py:3096} INFO - Sync 1 DAGs
[2026-06-13T12:21:06.337+0000] {logging_mixin.py:188} INFO - [2026-06-13T12:21:06.337+0000] {dag.py:3954} INFO - Setting next_dagrun for example_weekday_branch_operator to 2026-06-12 00:00:00+00:00, run_after=2026-06-13 00:00:00+00:00
[2026-06-13T12:21:06.366+0000] {processor.py:183} INFO - Processing /home/airflow/.local/lib/python3.12/site-packages/airflow/example_dags/example_branch_day_of_week_operator.py took 0.104 seconds
[2026-06-13T12:21:36.493+0000] {processor.py:161} INFO - Started process (PID=404) to work on /home/airflow/.local/lib/python3.12/site-packages/airflow/example_dags/example_branch_day_of_week_operator.py
[2026-06-13T12:21:36.495+0000] {processor.py:830} INFO - Processing file /home/airflow/.local/lib/python3.12/site-packages/airflow/example_dags/example_branch_day_of_week_operator.py for tasks to queue
[2026-06-13T12:21:36.499+0000] {logging_mixin.py:188} INFO - [2026-06-13T12:21:36.498+0000] {dagbag.py:545} INFO - Filling up the DagBag from /home/airflow/.local/lib/python3.12/site-packages/airflow/example_dags/example_branch_day_of_week_operator.py
[2026-06-13T12:21:36.510+0000] {processor.py:840} INFO - DAG(s) 'example_weekday_branch_operator' retrieved from /home/airflow/.local/lib/python3.12/site-packages/airflow/example_dags/example_branch_day_of_week_operator.py
[2026-06-13T12:21:36.538+0000] {logging_mixin.py:188} INFO - [2026-06-13T12:21:36.538+0000] {dag.py:3096} INFO - Sync 1 DAGs
[2026-06-13T12:21:36.567+0000] {logging_mixin.py:188} INFO - [2026-06-13T12:21:36.567+0000] {dag.py:3954} INFO - Setting next_dagrun for example_weekday_branch_operator to 2026-06-12 00:00:00+00:00, run_after=2026-06-13 00:00:00+00:00
[2026-06-13T12:21:36.595+0000] {processor.py:183} INFO - Processing /home/airflow/.local/lib/python3.12/site-packages/airflow/example_dags/example_branch_day_of_week_operator.py took 0.109 seconds
[2026-06-13T12:22:07.629+0000] {processor.py:161} INFO - Started process (PID=463) to work on /home/airflow/.local/lib/python3.12/site-packages/airflow/example_dags/example_branch_day_of_week_operator.py
[2026-06-13T12:22:07.631+0000] {processor.py:830} INFO - Processing file /home/airflow/.local/lib/python3.12/site-packages/airflow/example_dags/example_branch_day_of_week_operator.py for tasks to queue
[2026-06-13T12:22:07.634+0000] {logging_mixin.py:188} INFO - [2026-06-13T12:22:07.633+0000] {dagbag.py:545} INFO - Filling up the DagBag from /home/airflow/.local/lib/python3.12/site-packages/airflow/example_dags/example_branch_day_of_week_operator.py
[2026-06-13T12:22:07.642+0000] {processor.py:840} INFO - DAG(s) 'example_weekday_branch_operator' retrieved from /home/airflow/.local/lib/python3.12/site-packages/airflow/example_dags/example_branch_day_of_week_operator.py
[2026-06-13T12:22:07.667+0000] {logging_mixin.py:188} INFO - [2026-06-13T12:22:07.666+0000] {dag.py:3096} INFO - Sync 1 DAGs
[2026-06-13T12:22:07.691+0000] {logging_mixin.py:188} INFO - [2026-06-13T12:22:07.690+0000] {dag.py:3954} INFO - Setting next_dagrun for example_weekday_branch_operator to 2026-06-12 00:00:00+00:00, run_after=2026-06-13 00:00:00+00:00
[2026-06-13T12:22:07.715+0000] {processor.py:183} INFO - Processing /home/airflow/.local/lib/python3.12/site-packages/airflow/example_dags/example_branch_day_of_week_operator.py took 0.092 seconds
[2026-06-13T12:22:38.097+0000] {processor.py:161} INFO - Started process (PID=522) to work on /home/airflow/.local/lib/python3.12/site-packages/airflow/example_dags/example_branch_day_of_week_operator.py
[2026-06-13T12:22:38.099+0000] {processor.py:830} INFO - Processing file /home/airflow/.local/lib/python3.12/site-packages/airflow/example_dags/example_branch_day_of_week_operator.py for tasks to queue
[2026-06-13T12:22:38.101+0000] {logging_mixin.py:188} INFO - [2026-06-13T12:22:38.101+0000] {dagbag.py:545} INFO - Filling up the DagBag from /home/airflow/.local/lib/python3.12/site-packages/airflow/example_dags/example_branch_day_of_week_operator.py
[2026-06-13T12:22:38.110+0000] {processor.py:840} INFO - DAG(s) 'example_weekday_branch_operator' retrieved from /home/airflow/.local/lib/python3.12/site-packages/airflow/example_dags/example_branch_day_of_week_operator.py
[2026-06-13T12:22:38.135+0000] {logging_mixin.py:188} INFO - [2026-06-13T12:22:38.135+0000] {dag.py:3096} INFO - Sync 1 DAGs
[2026-06-13T12:22:38.160+0000] {logging_mixin.py:188} INFO - [2026-06-13T12:22:38.159+0000] {dag.py:3954} INFO - Setting next_dagrun for example_weekday_branch_operator to 2026-06-12 00:00:00+00:00, run_after=2026-06-13 00:00:00+00:00
[2026-06-13T12:22:38.185+0000] {processor.py:183} INFO - Processing /home/airflow/.local/lib/python3.12/site-packages/airflow/example_dags/example_branch_day_of_week_operator.py took 0.094 seconds
[2026-06-13T12:23:08.278+0000] {processor.py:161} INFO - Started process (PID=581) to work on /home/airflow/.local/lib/python3.12/site-packages/airflow/example_dags/example_branch_day_of_week_operator.py
[2026-06-13T12:23:08.279+0000] {processor.py:830} INFO - Processing file /home/airflow/.local/lib/python3.12/site-packages/airflow/example_dags/example_branch_day_of_week_operator.py for tasks to queue
[2026-06-13T12:23:08.282+0000] {logging_mixin.py:188} INFO - [2026-06-13T12:23:08.282+0000] {dagbag.py:545} INFO - Filling up the DagBag from /home/airflow/.local/lib/python3.12/site-packages/airflow/example_dags/example_branch_day_of_week_operator.py
[2026-06-13T12:23:08.290+0000] {processor.py:840} INFO - DAG(s) 'example_weekday_branch_operator' retrieved from /home/airflow/.local/lib/python3.12/site-packages/airflow/example_dags/example_branch_day_of_week_operator.py
[2026-06-13T12:23:08.317+0000] {logging_mixin.py:188} INFO - [2026-06-13T12:23:08.316+0000] {dag.py:3096} INFO - Sync 1 DAGs
[2026-06-13T12:23:08.341+0000] {logging_mixin.py:188} INFO - [2026-06-13T12:23:08.341+0000] {dag.py:3954} INFO - Setting next_dagrun for example_weekday_branch_operator to 2026-06-12 00:00:00+00:00, run_after=2026-06-13 00:00:00+00:00
[2026-06-13T12:23:08.366+0000] {processor.py:183} INFO - Processing /home/airflow/.local/lib/python3.12/site-packages/airflow/example_dags/example_branch_day_of_week_operator.py took 0.094 seconds
[2026-06-13T12:26:05.702+0000] {processor.py:161} INFO - Started process (PID=634) to work on /home/airflow/.local/lib/python3.12/site-packages/airflow/example_dags/example_branch_day_of_week_operator.py
[2026-06-13T12:26:05.704+0000] {processor.py:830} INFO - Processing file /home/airflow/.local/lib/python3.12/site-packages/airflow/example_dags/example_branch_day_of_week_operator.py for tasks to queue
[2026-06-13T12:26:05.707+0000] {logging_mixin.py:188} INFO - [2026-06-13T12:26:05.706+0000] {dagbag.py:545} INFO - Filling up the DagBag from /home/airflow/.local/lib/python3.12/site-packages/airflow/example_dags/example_branch_day_of_week_operator.py
[2026-06-13T12:26:05.716+0000] {processor.py:840} INFO - DAG(s) 'example_weekday_branch_operator' retrieved from /home/airflow/.local/lib/python3.12/site-packages/airflow/example_dags/example_branch_day_of_week_operator.py
[2026-06-13T12:26:05.743+0000] {logging_mixin.py:188} INFO - [2026-06-13T12:26:05.743+0000] {dag.py:3096} INFO - Sync 1 DAGs
[2026-06-13T12:26:05.767+0000] {logging_mixin.py:188} INFO - [2026-06-13T12:26:05.766+0000] {dag.py:3954} INFO - Setting next_dagrun for example_weekday_branch_operator to 2026-06-12 00:00:00+00:00, run_after=2026-06-13 00:00:00+00:00
[2026-06-13T12:26:05.793+0000] {processor.py:183} INFO - Processing /home/airflow/.local/lib/python3.12/site-packages/airflow/example_dags/example_branch_day_of_week_operator.py took 0.097 seconds
[2026-06-13T12:26:37.226+0000] {processor.py:161} INFO - Started process (PID=693) to work on /home/airflow/.local/lib/python3.12/site-packages/airflow/example_dags/example_branch_day_of_week_operator.py
[2026-06-13T12:26:37.228+0000] {processor.py:830} INFO - Processing file /home/airflow/.local/lib/python3.12/site-packages/airflow/example_dags/example_branch_day_of_week_operator.py for tasks to queue
[2026-06-13T12:26:37.232+0000] {logging_mixin.py:188} INFO - [2026-06-13T12:26:37.231+0000] {dagbag.py:545} INFO - Filling up the DagBag from /home/airflow/.local/lib/python3.12/site-packages/airflow/example_dags/example_branch_day_of_week_operator.py
[2026-06-13T12:26:37.240+0000] {processor.py:840} INFO - DAG(s) 'example_weekday_branch_operator' retrieved from /home/airflow/.local/lib/python3.12/site-packages/airflow/example_dags/example_branch_day_of_week_operator.py
[2026-06-13T12:26:37.268+0000] {logging_mixin.py:188} INFO - [2026-06-13T12:26:37.268+0000] {dag.py:3096} INFO - Sync 1 DAGs
[2026-06-13T12:26:37.295+0000] {logging_mixin.py:188} INFO - [2026-06-13T12:26:37.295+0000] {dag.py:3954} INFO - Setting next_dagrun for example_weekday_branch_operator to 2026-06-12 00:00:00+00:00, run_after=2026-06-13 00:00:00+00:00
[2026-06-13T12:26:37.323+0000] {processor.py:183} INFO - Processing /home/airflow/.local/lib/python3.12/site-packages/airflow/example_dags/example_branch_day_of_week_operator.py took 0.103 seconds
[2026-06-13T12:27:07.633+0000] {processor.py:161} INFO - Started process (PID=753) to work on /home/airflow/.local/lib/python3.12/site-packages/airflow/example_dags/example_branch_day_of_week_operator.py
[2026-06-13T12:27:07.636+0000] {processor.py:830} INFO - Processing file /home/airflow/.local/lib/python3.12/site-packages/airflow/example_dags/example_branch_day_of_week_operator.py for tasks to queue
[2026-06-13T12:27:07.638+0000] {logging_mixin.py:188} INFO - [2026-06-13T12:27:07.638+0000] {dagbag.py:545} INFO - Filling up the DagBag from /home/airflow/.local/lib/python3.12/site-packages/airflow/example_dags/example_branch_day_of_week_operator.py
[2026-06-13T12:27:07.648+0000] {processor.py:840} INFO - DAG(s) 'example_weekday_branch_operator' retrieved from /home/airflow/.local/lib/python3.12/site-packages/airflow/example_dags/example_branch_day_of_week_operator.py
[2026-06-13T12:27:07.678+0000] {logging_mixin.py:188} INFO - [2026-06-13T12:27:07.678+0000] {dag.py:3096} INFO - Sync 1 DAGs
[2026-06-13T12:27:07.707+0000] {logging_mixin.py:188} INFO - [2026-06-13T12:27:07.706+0000] {dag.py:3954} INFO - Setting next_dagrun for example_weekday_branch_operator to 2026-06-12 00:00:00+00:00, run_after=2026-06-13 00:00:00+00:00
[2026-06-13T12:27:07.732+0000] {processor.py:183} INFO - Processing /home/airflow/.local/lib/python3.12/site-packages/airflow/example_dags/example_branch_day_of_week_operator.py took 0.107 seconds
[2026-06-13T12:27:38.079+0000] {processor.py:161} INFO - Started process (PID=812) to work on /home/airflow/.local/lib/python3.12/site-packages/airflow/example_dags/example_branch_day_of_week_operator.py
[2026-06-13T12:27:38.080+0000] {processor.py:830} INFO - Processing file /home/airflow/.local/lib/python3.12/site-packages/airflow/example_dags/example_branch_day_of_week_operator.py for tasks to queue
[2026-06-13T12:27:38.083+0000] {logging_mixin.py:188} INFO - [2026-06-13T12:27:38.083+0000] {dagbag.py:545} INFO - Filling up the DagBag from /home/airflow/.local/lib/python3.12/site-packages/airflow/example_dags/example_branch_day_of_week_operator.py
[2026-06-13T12:27:38.092+0000] {processor.py:840} INFO - DAG(s) 'example_weekday_branch_operator' retrieved from /home/airflow/.local/lib/python3.12/site-packages/airflow/example_dags/example_branch_day_of_week_operator.py
[2026-06-13T12:27:38.120+0000] {logging_mixin.py:188} INFO - [2026-06-13T12:27:38.119+0000] {dag.py:3096} INFO - Sync 1 DAGs
[2026-06-13T12:27:38.150+0000] {logging_mixin.py:188} INFO - [2026-06-13T12:27:38.150+0000] {dag.py:3954} INFO - Setting next_dagrun for example_weekday_branch_operator to 2026-06-12 00:00:00+00:00, run_after=2026-06-13 00:00:00+00:00
[2026-06-13T12:27:38.179+0000] {processor.py:183} INFO - Processing /home/airflow/.local/lib/python3.12/site-packages/airflow/example_dags/example_branch_day_of_week_operator.py took 0.107 seconds
[2026-06-13T12:28:08.826+0000] {processor.py:161} INFO - Started process (PID=877) to work on /home/airflow/.local/lib/python3.12/site-packages/airflow/example_dags/example_branch_day_of_week_operator.py
[2026-06-13T12:28:08.828+0000] {processor.py:830} INFO - Processing file /home/airflow/.local/lib/python3.12/site-packages/airflow/example_dags/example_branch_day_of_week_operator.py for tasks to queue
[2026-06-13T12:28:08.832+0000] {logging_mixin.py:188} INFO - [2026-06-13T12:28:08.832+0000] {dagbag.py:545} INFO - Filling up the DagBag from /home/airflow/.local/lib/python3.12/site-packages/airflow/example_dags/example_branch_day_of_week_operator.py
[2026-06-13T12:28:08.840+0000] {processor.py:840} INFO - DAG(s) 'example_weekday_branch_operator' retrieved from /home/airflow/.local/lib/python3.12/site-packages/airflow/example_dags/example_branch_day_of_week_operator.py
[2026-06-13T12:28:08.869+0000] {logging_mixin.py:188} INFO - [2026-06-13T12:28:08.868+0000] {dag.py:3096} INFO - Sync 1 DAGs
[2026-06-13T12:28:08.895+0000] {logging_mixin.py:188} INFO - [2026-06-13T12:28:08.895+0000] {dag.py:3954} INFO - Setting next_dagrun for example_weekday_branch_operator to 2026-06-12 00:00:00+00:00, run_after=2026-06-13 00:00:00+00:00
[2026-06-13T12:28:08.924+0000] {processor.py:183} INFO - Processing /home/airflow/.local/lib/python3.12/site-packages/airflow/example_dags/example_branch_day_of_week_operator.py took 0.104 seconds
[2026-06-13T12:28:39.036+0000] {processor.py:161} INFO - Started process (PID=937) to work on /home/airflow/.local/lib/python3.12/site-packages/airflow/example_dags/example_branch_day_of_week_operator.py
[2026-06-13T12:28:39.038+0000] {processor.py:830} INFO - Processing file /home/airflow/.local/lib/python3.12/site-packages/airflow/example_dags/example_branch_day_of_week_operator.py for tasks to queue
[2026-06-13T12:28:39.041+0000] {logging_mixin.py:188} INFO - [2026-06-13T12:28:39.041+0000] {dagbag.py:545} INFO - Filling up the DagBag from /home/airflow/.local/lib/python3.12/site-packages/airflow/example_dags/example_branch_day_of_week_operator.py
[2026-06-13T12:28:39.050+0000] {processor.py:840} INFO - DAG(s) 'example_weekday_branch_operator' retrieved from /home/airflow/.local/lib/python3.12/site-packages/airflow/example_dags/example_branch_day_of_week_operator.py
[2026-06-13T12:28:39.079+0000] {logging_mixin.py:188} INFO - [2026-06-13T12:28:39.078+0000] {dag.py:3096} INFO - Sync 1 DAGs
[2026-06-13T12:28:39.105+0000] {logging_mixin.py:188} INFO - [2026-06-13T12:28:39.105+0000] {dag.py:3954} INFO - Setting next_dagrun for example_weekday_branch_operator to 2026-06-12 00:00:00+00:00, run_after=2026-06-13 00:00:00+00:00
[2026-06-13T12:28:39.131+0000] {processor.py:183} INFO - Processing /home/airflow/.local/lib/python3.12/site-packages/airflow/example_dags/example_branch_day_of_week_operator.py took 0.102 seconds
[2026-06-13T12:29:09.320+0000] {processor.py:161} INFO - Started process (PID=997) to work on /home/airflow/.local/lib/python3.12/site-packages/airflow/example_dags/example_branch_day_of_week_operator.py
[2026-06-13T12:29:09.321+0000] {processor.py:830} INFO - Processing file /home/airflow/.local/lib/python3.12/site-packages/airflow/example_dags/example_branch_day_of_week_operator.py for tasks to queue
[2026-06-13T12:29:09.325+0000] {logging_mixin.py:188} INFO - [2026-06-13T12:29:09.324+0000] {dagbag.py:545} INFO - Filling up the DagBag from /home/airflow/.local/lib/python3.12/site-packages/airflow/example_dags/example_branch_day_of_week_operator.py
[2026-06-13T12:29:09.333+0000] {processor.py:840} INFO - DAG(s) 'example_weekday_branch_operator' retrieved from /home/airflow/.local/lib/python3.12/site-packages/airflow/example_dags/example_branch_day_of_week_operator.py
[2026-06-13T12:29:09.360+0000] {logging_mixin.py:188} INFO - [2026-06-13T12:29:09.360+0000] {dag.py:3096} INFO - Sync 1 DAGs
[2026-06-13T12:29:09.387+0000] {logging_mixin.py:188} INFO - [2026-06-13T12:29:09.386+0000] {dag.py:3954} INFO - Setting next_dagrun for example_weekday_branch_operator to 2026-06-12 00:00:00+00:00, run_after=2026-06-13 00:00:00+00:00
[2026-06-13T12:29:09.416+0000] {processor.py:183} INFO - Processing /home/airflow/.local/lib/python3.12/site-packages/airflow/example_dags/example_branch_day_of_week_operator.py took 0.102 seconds
[2026-06-13T12:29:39.809+0000] {processor.py:161} INFO - Started process (PID=1056) to work on /home/airflow/.local/lib/python3.12/site-packages/airflow/example_dags/example_branch_day_of_week_operator.py
[2026-06-13T12:29:39.812+0000] {processor.py:830} INFO - Processing file /home/airflow/.local/lib/python3.12/site-packages/airflow/example_dags/example_branch_day_of_week_operator.py for tasks to queue
[2026-06-13T12:29:39.816+0000] {logging_mixin.py:188} INFO - [2026-06-13T12:29:39.815+0000] {dagbag.py:545} INFO - Filling up the DagBag from /home/airflow/.local/lib/python3.12/site-packages/airflow/example_dags/example_branch_day_of_week_operator.py
[2026-06-13T12:29:39.838+0000] {processor.py:840} INFO - DAG(s) 'example_weekday_branch_operator' retrieved from /home/airflow/.local/lib/python3.12/site-packages/airflow/example_dags/example_branch_day_of_week_operator.py
[2026-06-13T12:29:39.883+0000] {logging_mixin.py:188} INFO - [2026-06-13T12:29:39.882+0000] {dag.py:3096} INFO - Sync 1 DAGs
[2026-06-13T12:29:39.942+0000] {logging_mixin.py:188} INFO - [2026-06-13T12:29:39.942+0000] {dag.py:3954} INFO - Setting next_dagrun for example_weekday_branch_operator to 2026-06-12 00:00:00+00:00, run_after=2026-06-13 00:00:00+00:00
[2026-06-13T12:29:39.985+0000] {processor.py:183} INFO - Processing /home/airflow/.local/lib/python3.12/site-packages/airflow/example_dags/example_branch_day_of_week_operator.py took 0.188 seconds
[2026-06-13T12:30:11.051+0000] {processor.py:161} INFO - Started process (PID=1115) to work on /home/airflow/.local/lib/python3.12/site-packages/airflow/example_dags/example_branch_day_of_week_operator.py
[2026-06-13T12:30:11.053+0000] {processor.py:830} INFO - Processing file /home/airflow/.local/lib/python3.12/site-packages/airflow/example_dags/example_branch_day_of_week_operator.py for tasks to queue
[2026-06-13T12:30:11.056+0000] {logging_mixin.py:188} INFO - [2026-06-13T12:30:11.056+0000] {dagbag.py:545} INFO - Filling up the DagBag from /home/airflow/.local/lib/python3.12/site-packages/airflow/example_dags/example_branch_day_of_week_operator.py
[2026-06-13T12:30:11.064+0000] {processor.py:840} INFO - DAG(s) 'example_weekday_branch_operator' retrieved from /home/airflow/.local/lib/python3.12/site-packages/airflow/example_dags/example_branch_day_of_week_operator.py
[2026-06-13T12:30:11.094+0000] {logging_mixin.py:188} INFO - [2026-06-13T12:30:11.094+0000] {dag.py:3096} INFO - Sync 1 DAGs
[2026-06-13T12:30:11.119+0000] {logging_mixin.py:188} INFO - [2026-06-13T12:30:11.119+0000] {dag.py:3954} INFO - Setting next_dagrun for example_weekday_branch_operator to 2026-06-12 00:00:00+00:00, run_after=2026-06-13 00:00:00+00:00
[2026-06-13T12:30:11.145+0000] {processor.py:183} INFO - Processing /home/airflow/.local/lib/python3.12/site-packages/airflow/example_dags/example_branch_day_of_week_operator.py took 0.100 seconds
[2026-06-13T12:30:41.953+0000] {processor.py:161} INFO - Started process (PID=1174) to work on /home/airflow/.local/lib/python3.12/site-packages/airflow/example_dags/example_branch_day_of_week_operator.py
[2026-06-13T12:30:41.954+0000] {processor.py:830} INFO - Processing file /home/airflow/.local/lib/python3.12/site-packages/airflow/example_dags/example_branch_day_of_week_operator.py for tasks to queue
[2026-06-13T12:30:41.958+0000] {logging_mixin.py:188} INFO - [2026-06-13T12:30:41.957+0000] {dagbag.py:545} INFO - Filling up the DagBag from /home/airflow/.local/lib/python3.12/site-packages/airflow/example_dags/example_branch_day_of_week_operator.py
[2026-06-13T12:30:41.967+0000] {processor.py:840} INFO - DAG(s) 'example_weekday_branch_operator' retrieved from /home/airflow/.local/lib/python3.12/site-packages/airflow/example_dags/example_branch_day_of_week_operator.py
[2026-06-13T12:30:42.003+0000] {logging_mixin.py:188} INFO - [2026-06-13T12:30:42.003+0000] {dag.py:3096} INFO - Sync 1 DAGs
[2026-06-13T12:30:42.034+0000] {logging_mixin.py:188} INFO - [2026-06-13T12:30:42.034+0000] {dag.py:3954} INFO - Setting next_dagrun for example_weekday_branch_operator to 2026-06-12 00:00:00+00:00, run_after=2026-06-13 00:00:00+00:00
[2026-06-13T12:30:42.061+0000] {processor.py:183} INFO - Processing /home/airflow/.local/lib/python3.12/site-packages/airflow/example_dags/example_branch_day_of_week_operator.py took 0.115 seconds
[2026-06-13T12:31:12.523+0000] {processor.py:161} INFO - Started process (PID=1233) to work on /home/airflow/.local/lib/python3.12/site-packages/airflow/example_dags/example_branch_day_of_week_operator.py
[2026-06-13T12:31:12.525+0000] {processor.py:830} INFO - Processing file /home/airflow/.local/lib/python3.12/site-packages/airflow/example_dags/example_branch_day_of_week_operator.py for tasks to queue
[2026-06-13T12:31:12.527+0000] {logging_mixin.py:188} INFO - [2026-06-13T12:31:12.527+0000] {dagbag.py:545} INFO - Filling up the DagBag from /home/airflow/.local/lib/python3.12/site-packages/airflow/example_dags/example_branch_day_of_week_operator.py
[2026-06-13T12:31:12.536+0000] {processor.py:840} INFO - DAG(s) 'example_weekday_branch_operator' retrieved from /home/airflow/.local/lib/python3.12/site-packages/airflow/example_dags/example_branch_day_of_week_operator.py
[2026-06-13T12:31:12.561+0000] {logging_mixin.py:188} INFO - [2026-06-13T12:31:12.561+0000] {dag.py:3096} INFO - Sync 1 DAGs
[2026-06-13T12:31:12.588+0000] {logging_mixin.py:188} INFO - [2026-06-13T12:31:12.587+0000] {dag.py:3954} INFO - Setting next_dagrun for example_weekday_branch_operator to 2026-06-12 00:00:00+00:00, run_after=2026-06-13 00:00:00+00:00
[2026-06-13T12:31:12.615+0000] {processor.py:183} INFO - Processing /home/airflow/.local/lib/python3.12/site-packages/airflow/example_dags/example_branch_day_of_week_operator.py took 0.098 seconds
[2026-06-13T16:08:25.338+0000] {processor.py:161} INFO - Started process (PID=1296) to work on /home/airflow/.local/lib/python3.12/site-packages/airflow/example_dags/example_branch_day_of_week_operator.py
[2026-06-13T16:08:25.340+0000] {processor.py:830} INFO - Processing file /home/airflow/.local/lib/python3.12/site-packages/airflow/example_dags/example_branch_day_of_week_operator.py for tasks to queue
[2026-06-13T16:08:25.346+0000] {logging_mixin.py:188} INFO - [2026-06-13T16:08:25.346+0000] {dagbag.py:545} INFO - Filling up the DagBag from /home/airflow/.local/lib/python3.12/site-packages/airflow/example_dags/example_branch_day_of_week_operator.py
[2026-06-13T16:08:25.363+0000] {processor.py:840} INFO - DAG(s) 'example_weekday_branch_operator' retrieved from /home/airflow/.local/lib/python3.12/site-packages/airflow/example_dags/example_branch_day_of_week_operator.py
[2026-06-13T16:08:25.402+0000] {logging_mixin.py:188} INFO - [2026-06-13T16:08:25.401+0000] {dag.py:3096} INFO - Sync 1 DAGs
[2026-06-13T16:08:25.437+0000] {logging_mixin.py:188} INFO - [2026-06-13T16:08:25.436+0000] {dag.py:3954} INFO - Setting next_dagrun for example_weekday_branch_operator to 2026-06-12 00:00:00+00:00, run_after=2026-06-13 00:00:00+00:00
[2026-06-13T16:08:25.513+0000] {processor.py:183} INFO - Processing /home/airflow/.local/lib/python3.12/site-packages/airflow/example_dags/example_branch_day_of_week_operator.py took 0.188 seconds
