[2026-06-13T10:42:17.995+0000] {processor.py:161} INFO - Started process (PID=73) to work on /home/airflow/.local/lib/python3.12/site-packages/airflow/example_dags/example_trigger_target_dag.py
[2026-06-13T10:42:17.997+0000] {processor.py:830} INFO - Processing file /home/airflow/.local/lib/python3.12/site-packages/airflow/example_dags/example_trigger_target_dag.py for tasks to queue
[2026-06-13T10:42:18.000+0000] {logging_mixin.py:188} INFO - [2026-06-13T10:42:17.999+0000] {dagbag.py:545} INFO - Filling up the DagBag from /home/airflow/.local/lib/python3.12/site-packages/airflow/example_dags/example_trigger_target_dag.py
[2026-06-13T10:42:18.011+0000] {processor.py:840} INFO - DAG(s) 'example_trigger_target_dag' retrieved from /home/airflow/.local/lib/python3.12/site-packages/airflow/example_dags/example_trigger_target_dag.py
[2026-06-13T10:42:18.168+0000] {logging_mixin.py:188} INFO - [2026-06-13T10:42:18.168+0000] {dag.py:3096} INFO - Sync 1 DAGs
[2026-06-13T10:42:18.184+0000] {logging_mixin.py:188} INFO - [2026-06-13T10:42:18.183+0000] {dag.py:3954} INFO - Setting next_dagrun for example_trigger_target_dag to None, run_after=None
[2026-06-13T10:42:18.218+0000] {processor.py:183} INFO - Processing /home/airflow/.local/lib/python3.12/site-packages/airflow/example_dags/example_trigger_target_dag.py took 0.229 seconds
[2026-06-13T10:42:48.382+0000] {processor.py:161} INFO - Started process (PID=131) to work on /home/airflow/.local/lib/python3.12/site-packages/airflow/example_dags/example_trigger_target_dag.py
[2026-06-13T10:42:48.384+0000] {processor.py:830} INFO - Processing file /home/airflow/.local/lib/python3.12/site-packages/airflow/example_dags/example_trigger_target_dag.py for tasks to queue
[2026-06-13T10:42:48.387+0000] {logging_mixin.py:188} INFO - [2026-06-13T10:42:48.386+0000] {dagbag.py:545} INFO - Filling up the DagBag from /home/airflow/.local/lib/python3.12/site-packages/airflow/example_dags/example_trigger_target_dag.py
[2026-06-13T10:42:48.394+0000] {processor.py:840} INFO - DAG(s) 'example_trigger_target_dag' retrieved from /home/airflow/.local/lib/python3.12/site-packages/airflow/example_dags/example_trigger_target_dag.py
[2026-06-13T10:42:48.419+0000] {logging_mixin.py:188} INFO - [2026-06-13T10:42:48.418+0000] {dag.py:3096} INFO - Sync 1 DAGs
[2026-06-13T10:42:48.432+0000] {logging_mixin.py:188} INFO - [2026-06-13T10:42:48.432+0000] {dag.py:3954} INFO - Setting next_dagrun for example_trigger_target_dag to None, run_after=None
[2026-06-13T10:42:48.455+0000] {processor.py:183} INFO - Processing /home/airflow/.local/lib/python3.12/site-packages/airflow/example_dags/example_trigger_target_dag.py took 0.079 seconds
[2026-06-13T10:43:18.865+0000] {processor.py:161} INFO - Started process (PID=189) to work on /home/airflow/.local/lib/python3.12/site-packages/airflow/example_dags/example_trigger_target_dag.py
[2026-06-13T10:43:18.866+0000] {processor.py:830} INFO - Processing file /home/airflow/.local/lib/python3.12/site-packages/airflow/example_dags/example_trigger_target_dag.py for tasks to queue
[2026-06-13T10:43:18.868+0000] {logging_mixin.py:188} INFO - [2026-06-13T10:43:18.868+0000] {dagbag.py:545} INFO - Filling up the DagBag from /home/airflow/.local/lib/python3.12/site-packages/airflow/example_dags/example_trigger_target_dag.py
[2026-06-13T10:43:18.875+0000] {processor.py:840} INFO - DAG(s) 'example_trigger_target_dag' retrieved from /home/airflow/.local/lib/python3.12/site-packages/airflow/example_dags/example_trigger_target_dag.py
[2026-06-13T10:43:18.900+0000] {logging_mixin.py:188} INFO - [2026-06-13T10:43:18.900+0000] {dag.py:3096} INFO - Sync 1 DAGs
[2026-06-13T10:43:18.915+0000] {logging_mixin.py:188} INFO - [2026-06-13T10:43:18.914+0000] {dag.py:3954} INFO - Setting next_dagrun for example_trigger_target_dag to None, run_after=None
[2026-06-13T10:43:18.941+0000] {processor.py:183} INFO - Processing /home/airflow/.local/lib/python3.12/site-packages/airflow/example_dags/example_trigger_target_dag.py took 0.082 seconds
[2026-06-13T10:43:49.370+0000] {processor.py:161} INFO - Started process (PID=253) to work on /home/airflow/.local/lib/python3.12/site-packages/airflow/example_dags/example_trigger_target_dag.py
[2026-06-13T10:43:49.372+0000] {processor.py:830} INFO - Processing file /home/airflow/.local/lib/python3.12/site-packages/airflow/example_dags/example_trigger_target_dag.py for tasks to queue
[2026-06-13T10:43:49.376+0000] {logging_mixin.py:188} INFO - [2026-06-13T10:43:49.375+0000] {dagbag.py:545} INFO - Filling up the DagBag from /home/airflow/.local/lib/python3.12/site-packages/airflow/example_dags/example_trigger_target_dag.py
[2026-06-13T10:43:49.383+0000] {processor.py:840} INFO - DAG(s) 'example_trigger_target_dag' retrieved from /home/airflow/.local/lib/python3.12/site-packages/airflow/example_dags/example_trigger_target_dag.py
[2026-06-13T10:43:49.408+0000] {logging_mixin.py:188} INFO - [2026-06-13T10:43:49.407+0000] {dag.py:3096} INFO - Sync 1 DAGs
[2026-06-13T10:43:49.422+0000] {logging_mixin.py:188} INFO - [2026-06-13T10:43:49.422+0000] {dag.py:3954} INFO - Setting next_dagrun for example_trigger_target_dag to None, run_after=None
[2026-06-13T10:43:49.450+0000] {processor.py:183} INFO - Processing /home/airflow/.local/lib/python3.12/site-packages/airflow/example_dags/example_trigger_target_dag.py took 0.087 seconds
[2026-06-13T10:44:20.470+0000] {processor.py:161} INFO - Started process (PID=311) to work on /home/airflow/.local/lib/python3.12/site-packages/airflow/example_dags/example_trigger_target_dag.py
[2026-06-13T10:44:20.472+0000] {processor.py:830} INFO - Processing file /home/airflow/.local/lib/python3.12/site-packages/airflow/example_dags/example_trigger_target_dag.py for tasks to queue
[2026-06-13T10:44:20.474+0000] {logging_mixin.py:188} INFO - [2026-06-13T10:44:20.474+0000] {dagbag.py:545} INFO - Filling up the DagBag from /home/airflow/.local/lib/python3.12/site-packages/airflow/example_dags/example_trigger_target_dag.py
[2026-06-13T10:44:20.482+0000] {processor.py:840} INFO - DAG(s) 'example_trigger_target_dag' retrieved from /home/airflow/.local/lib/python3.12/site-packages/airflow/example_dags/example_trigger_target_dag.py
[2026-06-13T10:44:20.509+0000] {logging_mixin.py:188} INFO - [2026-06-13T10:44:20.508+0000] {dag.py:3096} INFO - Sync 1 DAGs
[2026-06-13T10:44:20.524+0000] {logging_mixin.py:188} INFO - [2026-06-13T10:44:20.524+0000] {dag.py:3954} INFO - Setting next_dagrun for example_trigger_target_dag to None, run_after=None
[2026-06-13T10:44:20.554+0000] {processor.py:183} INFO - Processing /home/airflow/.local/lib/python3.12/site-packages/airflow/example_dags/example_trigger_target_dag.py took 0.091 seconds
[2026-06-13T10:44:50.945+0000] {processor.py:161} INFO - Started process (PID=369) to work on /home/airflow/.local/lib/python3.12/site-packages/airflow/example_dags/example_trigger_target_dag.py
[2026-06-13T10:44:50.947+0000] {processor.py:830} INFO - Processing file /home/airflow/.local/lib/python3.12/site-packages/airflow/example_dags/example_trigger_target_dag.py for tasks to queue
[2026-06-13T10:44:50.950+0000] {logging_mixin.py:188} INFO - [2026-06-13T10:44:50.950+0000] {dagbag.py:545} INFO - Filling up the DagBag from /home/airflow/.local/lib/python3.12/site-packages/airflow/example_dags/example_trigger_target_dag.py
[2026-06-13T10:44:50.960+0000] {processor.py:840} INFO - DAG(s) 'example_trigger_target_dag' retrieved from /home/airflow/.local/lib/python3.12/site-packages/airflow/example_dags/example_trigger_target_dag.py
[2026-06-13T10:44:50.997+0000] {logging_mixin.py:188} INFO - [2026-06-13T10:44:50.996+0000] {dag.py:3096} INFO - Sync 1 DAGs
[2026-06-13T10:44:51.017+0000] {logging_mixin.py:188} INFO - [2026-06-13T10:44:51.017+0000] {dag.py:3954} INFO - Setting next_dagrun for example_trigger_target_dag to None, run_after=None
[2026-06-13T10:44:51.055+0000] {processor.py:183} INFO - Processing /home/airflow/.local/lib/python3.12/site-packages/airflow/example_dags/example_trigger_target_dag.py took 0.118 seconds
[2026-06-13T10:45:21.737+0000] {processor.py:161} INFO - Started process (PID=427) to work on /home/airflow/.local/lib/python3.12/site-packages/airflow/example_dags/example_trigger_target_dag.py
[2026-06-13T10:45:21.738+0000] {processor.py:830} INFO - Processing file /home/airflow/.local/lib/python3.12/site-packages/airflow/example_dags/example_trigger_target_dag.py for tasks to queue
[2026-06-13T10:45:21.741+0000] {logging_mixin.py:188} INFO - [2026-06-13T10:45:21.740+0000] {dagbag.py:545} INFO - Filling up the DagBag from /home/airflow/.local/lib/python3.12/site-packages/airflow/example_dags/example_trigger_target_dag.py
[2026-06-13T10:45:21.750+0000] {processor.py:840} INFO - DAG(s) 'example_trigger_target_dag' retrieved from /home/airflow/.local/lib/python3.12/site-packages/airflow/example_dags/example_trigger_target_dag.py
[2026-06-13T10:45:21.777+0000] {logging_mixin.py:188} INFO - [2026-06-13T10:45:21.776+0000] {dag.py:3096} INFO - Sync 1 DAGs
[2026-06-13T10:45:21.791+0000] {logging_mixin.py:188} INFO - [2026-06-13T10:45:21.791+0000] {dag.py:3954} INFO - Setting next_dagrun for example_trigger_target_dag to None, run_after=None
[2026-06-13T10:45:21.820+0000] {processor.py:183} INFO - Processing /home/airflow/.local/lib/python3.12/site-packages/airflow/example_dags/example_trigger_target_dag.py took 0.090 seconds
[2026-06-13T10:45:52.238+0000] {processor.py:161} INFO - Started process (PID=485) to work on /home/airflow/.local/lib/python3.12/site-packages/airflow/example_dags/example_trigger_target_dag.py
[2026-06-13T10:45:52.240+0000] {processor.py:830} INFO - Processing file /home/airflow/.local/lib/python3.12/site-packages/airflow/example_dags/example_trigger_target_dag.py for tasks to queue
[2026-06-13T10:45:52.242+0000] {logging_mixin.py:188} INFO - [2026-06-13T10:45:52.242+0000] {dagbag.py:545} INFO - Filling up the DagBag from /home/airflow/.local/lib/python3.12/site-packages/airflow/example_dags/example_trigger_target_dag.py
[2026-06-13T10:45:52.249+0000] {processor.py:840} INFO - DAG(s) 'example_trigger_target_dag' retrieved from /home/airflow/.local/lib/python3.12/site-packages/airflow/example_dags/example_trigger_target_dag.py
[2026-06-13T10:45:52.274+0000] {logging_mixin.py:188} INFO - [2026-06-13T10:45:52.274+0000] {dag.py:3096} INFO - Sync 1 DAGs
[2026-06-13T10:45:52.289+0000] {logging_mixin.py:188} INFO - [2026-06-13T10:45:52.289+0000] {dag.py:3954} INFO - Setting next_dagrun for example_trigger_target_dag to None, run_after=None
[2026-06-13T10:45:52.316+0000] {processor.py:183} INFO - Processing /home/airflow/.local/lib/python3.12/site-packages/airflow/example_dags/example_trigger_target_dag.py took 0.085 seconds
[2026-06-13T10:46:22.534+0000] {processor.py:161} INFO - Started process (PID=543) to work on /home/airflow/.local/lib/python3.12/site-packages/airflow/example_dags/example_trigger_target_dag.py
[2026-06-13T10:46:22.536+0000] {processor.py:830} INFO - Processing file /home/airflow/.local/lib/python3.12/site-packages/airflow/example_dags/example_trigger_target_dag.py for tasks to queue
[2026-06-13T10:46:22.539+0000] {logging_mixin.py:188} INFO - [2026-06-13T10:46:22.538+0000] {dagbag.py:545} INFO - Filling up the DagBag from /home/airflow/.local/lib/python3.12/site-packages/airflow/example_dags/example_trigger_target_dag.py
[2026-06-13T10:46:22.545+0000] {processor.py:840} INFO - DAG(s) 'example_trigger_target_dag' retrieved from /home/airflow/.local/lib/python3.12/site-packages/airflow/example_dags/example_trigger_target_dag.py
[2026-06-13T10:46:22.570+0000] {logging_mixin.py:188} INFO - [2026-06-13T10:46:22.570+0000] {dag.py:3096} INFO - Sync 1 DAGs
[2026-06-13T10:46:22.586+0000] {logging_mixin.py:188} INFO - [2026-06-13T10:46:22.585+0000] {dag.py:3954} INFO - Setting next_dagrun for example_trigger_target_dag to None, run_after=None
[2026-06-13T10:46:22.611+0000] {processor.py:183} INFO - Processing /home/airflow/.local/lib/python3.12/site-packages/airflow/example_dags/example_trigger_target_dag.py took 0.083 seconds
[2026-06-13T10:46:52.787+0000] {processor.py:161} INFO - Started process (PID=601) to work on /home/airflow/.local/lib/python3.12/site-packages/airflow/example_dags/example_trigger_target_dag.py
[2026-06-13T10:46:52.789+0000] {processor.py:830} INFO - Processing file /home/airflow/.local/lib/python3.12/site-packages/airflow/example_dags/example_trigger_target_dag.py for tasks to queue
[2026-06-13T10:46:52.792+0000] {logging_mixin.py:188} INFO - [2026-06-13T10:46:52.791+0000] {dagbag.py:545} INFO - Filling up the DagBag from /home/airflow/.local/lib/python3.12/site-packages/airflow/example_dags/example_trigger_target_dag.py
[2026-06-13T10:46:52.799+0000] {processor.py:840} INFO - DAG(s) 'example_trigger_target_dag' retrieved from /home/airflow/.local/lib/python3.12/site-packages/airflow/example_dags/example_trigger_target_dag.py
[2026-06-13T10:46:52.822+0000] {logging_mixin.py:188} INFO - [2026-06-13T10:46:52.822+0000] {dag.py:3096} INFO - Sync 1 DAGs
[2026-06-13T10:46:52.835+0000] {logging_mixin.py:188} INFO - [2026-06-13T10:46:52.835+0000] {dag.py:3954} INFO - Setting next_dagrun for example_trigger_target_dag to None, run_after=None
[2026-06-13T10:46:52.862+0000] {processor.py:183} INFO - Processing /home/airflow/.local/lib/python3.12/site-packages/airflow/example_dags/example_trigger_target_dag.py took 0.081 seconds
[2026-06-13T10:47:23.041+0000] {processor.py:161} INFO - Started process (PID=659) to work on /home/airflow/.local/lib/python3.12/site-packages/airflow/example_dags/example_trigger_target_dag.py
[2026-06-13T10:47:23.043+0000] {processor.py:830} INFO - Processing file /home/airflow/.local/lib/python3.12/site-packages/airflow/example_dags/example_trigger_target_dag.py for tasks to queue
[2026-06-13T10:47:23.046+0000] {logging_mixin.py:188} INFO - [2026-06-13T10:47:23.045+0000] {dagbag.py:545} INFO - Filling up the DagBag from /home/airflow/.local/lib/python3.12/site-packages/airflow/example_dags/example_trigger_target_dag.py
[2026-06-13T10:47:23.053+0000] {processor.py:840} INFO - DAG(s) 'example_trigger_target_dag' retrieved from /home/airflow/.local/lib/python3.12/site-packages/airflow/example_dags/example_trigger_target_dag.py
[2026-06-13T10:47:23.081+0000] {logging_mixin.py:188} INFO - [2026-06-13T10:47:23.081+0000] {dag.py:3096} INFO - Sync 1 DAGs
[2026-06-13T10:47:23.095+0000] {logging_mixin.py:188} INFO - [2026-06-13T10:47:23.095+0000] {dag.py:3954} INFO - Setting next_dagrun for example_trigger_target_dag to None, run_after=None
[2026-06-13T10:47:23.122+0000] {processor.py:183} INFO - Processing /home/airflow/.local/lib/python3.12/site-packages/airflow/example_dags/example_trigger_target_dag.py took 0.087 seconds
[2026-06-13T10:47:53.293+0000] {processor.py:161} INFO - Started process (PID=717) to work on /home/airflow/.local/lib/python3.12/site-packages/airflow/example_dags/example_trigger_target_dag.py
[2026-06-13T10:47:53.294+0000] {processor.py:830} INFO - Processing file /home/airflow/.local/lib/python3.12/site-packages/airflow/example_dags/example_trigger_target_dag.py for tasks to queue
[2026-06-13T10:47:53.297+0000] {logging_mixin.py:188} INFO - [2026-06-13T10:47:53.296+0000] {dagbag.py:545} INFO - Filling up the DagBag from /home/airflow/.local/lib/python3.12/site-packages/airflow/example_dags/example_trigger_target_dag.py
[2026-06-13T10:47:53.304+0000] {processor.py:840} INFO - DAG(s) 'example_trigger_target_dag' retrieved from /home/airflow/.local/lib/python3.12/site-packages/airflow/example_dags/example_trigger_target_dag.py
[2026-06-13T10:47:53.327+0000] {logging_mixin.py:188} INFO - [2026-06-13T10:47:53.327+0000] {dag.py:3096} INFO - Sync 1 DAGs
[2026-06-13T10:47:53.340+0000] {logging_mixin.py:188} INFO - [2026-06-13T10:47:53.340+0000] {dag.py:3954} INFO - Setting next_dagrun for example_trigger_target_dag to None, run_after=None
[2026-06-13T10:47:53.367+0000] {processor.py:183} INFO - Processing /home/airflow/.local/lib/python3.12/site-packages/airflow/example_dags/example_trigger_target_dag.py took 0.080 seconds
[2026-06-13T10:48:23.534+0000] {processor.py:161} INFO - Started process (PID=775) to work on /home/airflow/.local/lib/python3.12/site-packages/airflow/example_dags/example_trigger_target_dag.py
[2026-06-13T10:48:23.535+0000] {processor.py:830} INFO - Processing file /home/airflow/.local/lib/python3.12/site-packages/airflow/example_dags/example_trigger_target_dag.py for tasks to queue
[2026-06-13T10:48:23.539+0000] {logging_mixin.py:188} INFO - [2026-06-13T10:48:23.538+0000] {dagbag.py:545} INFO - Filling up the DagBag from /home/airflow/.local/lib/python3.12/site-packages/airflow/example_dags/example_trigger_target_dag.py
[2026-06-13T10:48:23.545+0000] {processor.py:840} INFO - DAG(s) 'example_trigger_target_dag' retrieved from /home/airflow/.local/lib/python3.12/site-packages/airflow/example_dags/example_trigger_target_dag.py
[2026-06-13T10:48:23.571+0000] {logging_mixin.py:188} INFO - [2026-06-13T10:48:23.571+0000] {dag.py:3096} INFO - Sync 1 DAGs
[2026-06-13T10:48:23.586+0000] {logging_mixin.py:188} INFO - [2026-06-13T10:48:23.585+0000] {dag.py:3954} INFO - Setting next_dagrun for example_trigger_target_dag to None, run_after=None
[2026-06-13T10:48:23.614+0000] {processor.py:183} INFO - Processing /home/airflow/.local/lib/python3.12/site-packages/airflow/example_dags/example_trigger_target_dag.py took 0.087 seconds
[2026-06-13T10:48:53.924+0000] {processor.py:161} INFO - Started process (PID=833) to work on /home/airflow/.local/lib/python3.12/site-packages/airflow/example_dags/example_trigger_target_dag.py
[2026-06-13T10:48:53.925+0000] {processor.py:830} INFO - Processing file /home/airflow/.local/lib/python3.12/site-packages/airflow/example_dags/example_trigger_target_dag.py for tasks to queue
[2026-06-13T10:48:53.928+0000] {logging_mixin.py:188} INFO - [2026-06-13T10:48:53.928+0000] {dagbag.py:545} INFO - Filling up the DagBag from /home/airflow/.local/lib/python3.12/site-packages/airflow/example_dags/example_trigger_target_dag.py
[2026-06-13T10:48:53.935+0000] {processor.py:840} INFO - DAG(s) 'example_trigger_target_dag' retrieved from /home/airflow/.local/lib/python3.12/site-packages/airflow/example_dags/example_trigger_target_dag.py
[2026-06-13T10:48:53.958+0000] {logging_mixin.py:188} INFO - [2026-06-13T10:48:53.957+0000] {dag.py:3096} INFO - Sync 1 DAGs
[2026-06-13T10:48:53.972+0000] {logging_mixin.py:188} INFO - [2026-06-13T10:48:53.972+0000] {dag.py:3954} INFO - Setting next_dagrun for example_trigger_target_dag to None, run_after=None
[2026-06-13T10:48:53.998+0000] {processor.py:183} INFO - Processing /home/airflow/.local/lib/python3.12/site-packages/airflow/example_dags/example_trigger_target_dag.py took 0.081 seconds
[2026-06-13T10:49:24.962+0000] {processor.py:161} INFO - Started process (PID=891) to work on /home/airflow/.local/lib/python3.12/site-packages/airflow/example_dags/example_trigger_target_dag.py
[2026-06-13T10:49:24.964+0000] {processor.py:830} INFO - Processing file /home/airflow/.local/lib/python3.12/site-packages/airflow/example_dags/example_trigger_target_dag.py for tasks to queue
[2026-06-13T10:49:24.967+0000] {logging_mixin.py:188} INFO - [2026-06-13T10:49:24.966+0000] {dagbag.py:545} INFO - Filling up the DagBag from /home/airflow/.local/lib/python3.12/site-packages/airflow/example_dags/example_trigger_target_dag.py
[2026-06-13T10:49:24.974+0000] {processor.py:840} INFO - DAG(s) 'example_trigger_target_dag' retrieved from /home/airflow/.local/lib/python3.12/site-packages/airflow/example_dags/example_trigger_target_dag.py
[2026-06-13T10:49:25.000+0000] {logging_mixin.py:188} INFO - [2026-06-13T10:49:25.000+0000] {dag.py:3096} INFO - Sync 1 DAGs
[2026-06-13T10:49:25.016+0000] {logging_mixin.py:188} INFO - [2026-06-13T10:49:25.016+0000] {dag.py:3954} INFO - Setting next_dagrun for example_trigger_target_dag to None, run_after=None
[2026-06-13T10:49:25.043+0000] {processor.py:183} INFO - Processing /home/airflow/.local/lib/python3.12/site-packages/airflow/example_dags/example_trigger_target_dag.py took 0.087 seconds
[2026-06-13T10:49:55.435+0000] {processor.py:161} INFO - Started process (PID=950) to work on /home/airflow/.local/lib/python3.12/site-packages/airflow/example_dags/example_trigger_target_dag.py
[2026-06-13T10:49:55.437+0000] {processor.py:830} INFO - Processing file /home/airflow/.local/lib/python3.12/site-packages/airflow/example_dags/example_trigger_target_dag.py for tasks to queue
[2026-06-13T10:49:55.441+0000] {logging_mixin.py:188} INFO - [2026-06-13T10:49:55.441+0000] {dagbag.py:545} INFO - Filling up the DagBag from /home/airflow/.local/lib/python3.12/site-packages/airflow/example_dags/example_trigger_target_dag.py
[2026-06-13T10:49:55.449+0000] {processor.py:840} INFO - DAG(s) 'example_trigger_target_dag' retrieved from /home/airflow/.local/lib/python3.12/site-packages/airflow/example_dags/example_trigger_target_dag.py
[2026-06-13T10:49:55.474+0000] {logging_mixin.py:188} INFO - [2026-06-13T10:49:55.473+0000] {dag.py:3096} INFO - Sync 1 DAGs
[2026-06-13T10:49:55.488+0000] {logging_mixin.py:188} INFO - [2026-06-13T10:49:55.487+0000] {dag.py:3954} INFO - Setting next_dagrun for example_trigger_target_dag to None, run_after=None
[2026-06-13T10:49:55.517+0000] {processor.py:183} INFO - Processing /home/airflow/.local/lib/python3.12/site-packages/airflow/example_dags/example_trigger_target_dag.py took 0.088 seconds
[2026-06-13T10:50:25.769+0000] {processor.py:161} INFO - Started process (PID=1008) to work on /home/airflow/.local/lib/python3.12/site-packages/airflow/example_dags/example_trigger_target_dag.py
[2026-06-13T10:50:25.772+0000] {processor.py:830} INFO - Processing file /home/airflow/.local/lib/python3.12/site-packages/airflow/example_dags/example_trigger_target_dag.py for tasks to queue
[2026-06-13T10:50:25.776+0000] {logging_mixin.py:188} INFO - [2026-06-13T10:50:25.775+0000] {dagbag.py:545} INFO - Filling up the DagBag from /home/airflow/.local/lib/python3.12/site-packages/airflow/example_dags/example_trigger_target_dag.py
[2026-06-13T10:50:25.787+0000] {processor.py:840} INFO - DAG(s) 'example_trigger_target_dag' retrieved from /home/airflow/.local/lib/python3.12/site-packages/airflow/example_dags/example_trigger_target_dag.py
[2026-06-13T10:50:25.832+0000] {logging_mixin.py:188} INFO - [2026-06-13T10:50:25.831+0000] {dag.py:3096} INFO - Sync 1 DAGs
[2026-06-13T10:50:25.863+0000] {logging_mixin.py:188} INFO - [2026-06-13T10:50:25.862+0000] {dag.py:3954} INFO - Setting next_dagrun for example_trigger_target_dag to None, run_after=None
[2026-06-13T10:50:25.904+0000] {processor.py:183} INFO - Processing /home/airflow/.local/lib/python3.12/site-packages/airflow/example_dags/example_trigger_target_dag.py took 0.144 seconds
[2026-06-13T10:50:56.033+0000] {processor.py:161} INFO - Started process (PID=1066) to work on /home/airflow/.local/lib/python3.12/site-packages/airflow/example_dags/example_trigger_target_dag.py
[2026-06-13T10:50:56.034+0000] {processor.py:830} INFO - Processing file /home/airflow/.local/lib/python3.12/site-packages/airflow/example_dags/example_trigger_target_dag.py for tasks to queue
[2026-06-13T10:50:56.037+0000] {logging_mixin.py:188} INFO - [2026-06-13T10:50:56.036+0000] {dagbag.py:545} INFO - Filling up the DagBag from /home/airflow/.local/lib/python3.12/site-packages/airflow/example_dags/example_trigger_target_dag.py
[2026-06-13T10:50:56.044+0000] {processor.py:840} INFO - DAG(s) 'example_trigger_target_dag' retrieved from /home/airflow/.local/lib/python3.12/site-packages/airflow/example_dags/example_trigger_target_dag.py
[2026-06-13T10:50:56.072+0000] {logging_mixin.py:188} INFO - [2026-06-13T10:50:56.071+0000] {dag.py:3096} INFO - Sync 1 DAGs
[2026-06-13T10:50:56.085+0000] {logging_mixin.py:188} INFO - [2026-06-13T10:50:56.085+0000] {dag.py:3954} INFO - Setting next_dagrun for example_trigger_target_dag to None, run_after=None
[2026-06-13T10:50:56.111+0000] {processor.py:183} INFO - Processing /home/airflow/.local/lib/python3.12/site-packages/airflow/example_dags/example_trigger_target_dag.py took 0.085 seconds
[2026-06-13T10:51:26.312+0000] {processor.py:161} INFO - Started process (PID=1123) to work on /home/airflow/.local/lib/python3.12/site-packages/airflow/example_dags/example_trigger_target_dag.py
[2026-06-13T10:51:26.314+0000] {processor.py:830} INFO - Processing file /home/airflow/.local/lib/python3.12/site-packages/airflow/example_dags/example_trigger_target_dag.py for tasks to queue
[2026-06-13T10:51:26.316+0000] {logging_mixin.py:188} INFO - [2026-06-13T10:51:26.316+0000] {dagbag.py:545} INFO - Filling up the DagBag from /home/airflow/.local/lib/python3.12/site-packages/airflow/example_dags/example_trigger_target_dag.py
[2026-06-13T10:51:26.323+0000] {processor.py:840} INFO - DAG(s) 'example_trigger_target_dag' retrieved from /home/airflow/.local/lib/python3.12/site-packages/airflow/example_dags/example_trigger_target_dag.py
[2026-06-13T10:51:26.348+0000] {logging_mixin.py:188} INFO - [2026-06-13T10:51:26.347+0000] {dag.py:3096} INFO - Sync 1 DAGs
[2026-06-13T10:51:26.363+0000] {logging_mixin.py:188} INFO - [2026-06-13T10:51:26.363+0000] {dag.py:3954} INFO - Setting next_dagrun for example_trigger_target_dag to None, run_after=None
[2026-06-13T10:51:26.393+0000] {processor.py:183} INFO - Processing /home/airflow/.local/lib/python3.12/site-packages/airflow/example_dags/example_trigger_target_dag.py took 0.087 seconds
[2026-06-13T10:51:56.502+0000] {processor.py:161} INFO - Started process (PID=1181) to work on /home/airflow/.local/lib/python3.12/site-packages/airflow/example_dags/example_trigger_target_dag.py
[2026-06-13T10:51:56.504+0000] {processor.py:830} INFO - Processing file /home/airflow/.local/lib/python3.12/site-packages/airflow/example_dags/example_trigger_target_dag.py for tasks to queue
[2026-06-13T10:51:56.507+0000] {logging_mixin.py:188} INFO - [2026-06-13T10:51:56.507+0000] {dagbag.py:545} INFO - Filling up the DagBag from /home/airflow/.local/lib/python3.12/site-packages/airflow/example_dags/example_trigger_target_dag.py
[2026-06-13T10:51:56.514+0000] {processor.py:840} INFO - DAG(s) 'example_trigger_target_dag' retrieved from /home/airflow/.local/lib/python3.12/site-packages/airflow/example_dags/example_trigger_target_dag.py
[2026-06-13T10:51:56.539+0000] {logging_mixin.py:188} INFO - [2026-06-13T10:51:56.539+0000] {dag.py:3096} INFO - Sync 1 DAGs
[2026-06-13T10:51:56.554+0000] {logging_mixin.py:188} INFO - [2026-06-13T10:51:56.553+0000] {dag.py:3954} INFO - Setting next_dagrun for example_trigger_target_dag to None, run_after=None
[2026-06-13T10:51:56.580+0000] {processor.py:183} INFO - Processing /home/airflow/.local/lib/python3.12/site-packages/airflow/example_dags/example_trigger_target_dag.py took 0.084 seconds
[2026-06-13T10:52:26.757+0000] {processor.py:161} INFO - Started process (PID=1239) to work on /home/airflow/.local/lib/python3.12/site-packages/airflow/example_dags/example_trigger_target_dag.py
[2026-06-13T10:52:26.759+0000] {processor.py:830} INFO - Processing file /home/airflow/.local/lib/python3.12/site-packages/airflow/example_dags/example_trigger_target_dag.py for tasks to queue
[2026-06-13T10:52:26.762+0000] {logging_mixin.py:188} INFO - [2026-06-13T10:52:26.761+0000] {dagbag.py:545} INFO - Filling up the DagBag from /home/airflow/.local/lib/python3.12/site-packages/airflow/example_dags/example_trigger_target_dag.py
[2026-06-13T10:52:26.769+0000] {processor.py:840} INFO - DAG(s) 'example_trigger_target_dag' retrieved from /home/airflow/.local/lib/python3.12/site-packages/airflow/example_dags/example_trigger_target_dag.py
[2026-06-13T10:52:26.797+0000] {logging_mixin.py:188} INFO - [2026-06-13T10:52:26.797+0000] {dag.py:3096} INFO - Sync 1 DAGs
[2026-06-13T10:52:26.812+0000] {logging_mixin.py:188} INFO - [2026-06-13T10:52:26.812+0000] {dag.py:3954} INFO - Setting next_dagrun for example_trigger_target_dag to None, run_after=None
[2026-06-13T10:52:26.839+0000] {processor.py:183} INFO - Processing /home/airflow/.local/lib/python3.12/site-packages/airflow/example_dags/example_trigger_target_dag.py took 0.088 seconds
[2026-06-13T10:52:57.020+0000] {processor.py:161} INFO - Started process (PID=1297) to work on /home/airflow/.local/lib/python3.12/site-packages/airflow/example_dags/example_trigger_target_dag.py
[2026-06-13T10:52:57.022+0000] {processor.py:830} INFO - Processing file /home/airflow/.local/lib/python3.12/site-packages/airflow/example_dags/example_trigger_target_dag.py for tasks to queue
[2026-06-13T10:52:57.026+0000] {logging_mixin.py:188} INFO - [2026-06-13T10:52:57.025+0000] {dagbag.py:545} INFO - Filling up the DagBag from /home/airflow/.local/lib/python3.12/site-packages/airflow/example_dags/example_trigger_target_dag.py
[2026-06-13T10:52:57.036+0000] {processor.py:840} INFO - DAG(s) 'example_trigger_target_dag' retrieved from /home/airflow/.local/lib/python3.12/site-packages/airflow/example_dags/example_trigger_target_dag.py
[2026-06-13T10:52:57.064+0000] {logging_mixin.py:188} INFO - [2026-06-13T10:52:57.064+0000] {dag.py:3096} INFO - Sync 1 DAGs
[2026-06-13T10:52:57.079+0000] {logging_mixin.py:188} INFO - [2026-06-13T10:52:57.079+0000] {dag.py:3954} INFO - Setting next_dagrun for example_trigger_target_dag to None, run_after=None
[2026-06-13T10:52:57.116+0000] {processor.py:183} INFO - Processing /home/airflow/.local/lib/python3.12/site-packages/airflow/example_dags/example_trigger_target_dag.py took 0.103 seconds
[2026-06-13T10:53:27.430+0000] {processor.py:161} INFO - Started process (PID=1356) to work on /home/airflow/.local/lib/python3.12/site-packages/airflow/example_dags/example_trigger_target_dag.py
[2026-06-13T10:53:27.432+0000] {processor.py:830} INFO - Processing file /home/airflow/.local/lib/python3.12/site-packages/airflow/example_dags/example_trigger_target_dag.py for tasks to queue
[2026-06-13T10:53:27.435+0000] {logging_mixin.py:188} INFO - [2026-06-13T10:53:27.434+0000] {dagbag.py:545} INFO - Filling up the DagBag from /home/airflow/.local/lib/python3.12/site-packages/airflow/example_dags/example_trigger_target_dag.py
[2026-06-13T10:53:27.442+0000] {processor.py:840} INFO - DAG(s) 'example_trigger_target_dag' retrieved from /home/airflow/.local/lib/python3.12/site-packages/airflow/example_dags/example_trigger_target_dag.py
[2026-06-13T10:53:27.477+0000] {logging_mixin.py:188} INFO - [2026-06-13T10:53:27.477+0000] {dag.py:3096} INFO - Sync 1 DAGs
[2026-06-13T10:53:27.499+0000] {logging_mixin.py:188} INFO - [2026-06-13T10:53:27.499+0000] {dag.py:3954} INFO - Setting next_dagrun for example_trigger_target_dag to None, run_after=None
[2026-06-13T10:53:27.528+0000] {processor.py:183} INFO - Processing /home/airflow/.local/lib/python3.12/site-packages/airflow/example_dags/example_trigger_target_dag.py took 0.104 seconds
[2026-06-13T10:53:57.924+0000] {processor.py:161} INFO - Started process (PID=1414) to work on /home/airflow/.local/lib/python3.12/site-packages/airflow/example_dags/example_trigger_target_dag.py
[2026-06-13T10:53:57.926+0000] {processor.py:830} INFO - Processing file /home/airflow/.local/lib/python3.12/site-packages/airflow/example_dags/example_trigger_target_dag.py for tasks to queue
[2026-06-13T10:53:57.929+0000] {logging_mixin.py:188} INFO - [2026-06-13T10:53:57.929+0000] {dagbag.py:545} INFO - Filling up the DagBag from /home/airflow/.local/lib/python3.12/site-packages/airflow/example_dags/example_trigger_target_dag.py
[2026-06-13T10:53:57.938+0000] {processor.py:840} INFO - DAG(s) 'example_trigger_target_dag' retrieved from /home/airflow/.local/lib/python3.12/site-packages/airflow/example_dags/example_trigger_target_dag.py
[2026-06-13T10:53:57.973+0000] {logging_mixin.py:188} INFO - [2026-06-13T10:53:57.972+0000] {dag.py:3096} INFO - Sync 1 DAGs
[2026-06-13T10:53:58.000+0000] {logging_mixin.py:188} INFO - [2026-06-13T10:53:57.999+0000] {dag.py:3954} INFO - Setting next_dagrun for example_trigger_target_dag to None, run_after=None
[2026-06-13T10:53:58.058+0000] {processor.py:183} INFO - Processing /home/airflow/.local/lib/python3.12/site-packages/airflow/example_dags/example_trigger_target_dag.py took 0.145 seconds
[2026-06-13T10:54:28.226+0000] {processor.py:161} INFO - Started process (PID=1472) to work on /home/airflow/.local/lib/python3.12/site-packages/airflow/example_dags/example_trigger_target_dag.py
[2026-06-13T10:54:28.228+0000] {processor.py:830} INFO - Processing file /home/airflow/.local/lib/python3.12/site-packages/airflow/example_dags/example_trigger_target_dag.py for tasks to queue
[2026-06-13T10:54:28.230+0000] {logging_mixin.py:188} INFO - [2026-06-13T10:54:28.230+0000] {dagbag.py:545} INFO - Filling up the DagBag from /home/airflow/.local/lib/python3.12/site-packages/airflow/example_dags/example_trigger_target_dag.py
[2026-06-13T10:54:28.238+0000] {processor.py:840} INFO - DAG(s) 'example_trigger_target_dag' retrieved from /home/airflow/.local/lib/python3.12/site-packages/airflow/example_dags/example_trigger_target_dag.py
[2026-06-13T10:54:28.266+0000] {logging_mixin.py:188} INFO - [2026-06-13T10:54:28.265+0000] {dag.py:3096} INFO - Sync 1 DAGs
[2026-06-13T10:54:28.283+0000] {logging_mixin.py:188} INFO - [2026-06-13T10:54:28.282+0000] {dag.py:3954} INFO - Setting next_dagrun for example_trigger_target_dag to None, run_after=None
[2026-06-13T10:54:28.310+0000] {processor.py:183} INFO - Processing /home/airflow/.local/lib/python3.12/site-packages/airflow/example_dags/example_trigger_target_dag.py took 0.090 seconds
[2026-06-13T10:54:58.559+0000] {processor.py:161} INFO - Started process (PID=1530) to work on /home/airflow/.local/lib/python3.12/site-packages/airflow/example_dags/example_trigger_target_dag.py
[2026-06-13T10:54:58.561+0000] {processor.py:830} INFO - Processing file /home/airflow/.local/lib/python3.12/site-packages/airflow/example_dags/example_trigger_target_dag.py for tasks to queue
[2026-06-13T10:54:58.564+0000] {logging_mixin.py:188} INFO - [2026-06-13T10:54:58.563+0000] {dagbag.py:545} INFO - Filling up the DagBag from /home/airflow/.local/lib/python3.12/site-packages/airflow/example_dags/example_trigger_target_dag.py
[2026-06-13T10:54:58.571+0000] {processor.py:840} INFO - DAG(s) 'example_trigger_target_dag' retrieved from /home/airflow/.local/lib/python3.12/site-packages/airflow/example_dags/example_trigger_target_dag.py
[2026-06-13T10:54:58.600+0000] {logging_mixin.py:188} INFO - [2026-06-13T10:54:58.599+0000] {dag.py:3096} INFO - Sync 1 DAGs
[2026-06-13T10:54:58.615+0000] {logging_mixin.py:188} INFO - [2026-06-13T10:54:58.614+0000] {dag.py:3954} INFO - Setting next_dagrun for example_trigger_target_dag to None, run_after=None
[2026-06-13T10:54:58.644+0000] {processor.py:183} INFO - Processing /home/airflow/.local/lib/python3.12/site-packages/airflow/example_dags/example_trigger_target_dag.py took 0.091 seconds
[2026-06-13T10:55:54.994+0000] {processor.py:161} INFO - Started process (PID=74) to work on /home/airflow/.local/lib/python3.12/site-packages/airflow/example_dags/example_trigger_target_dag.py
[2026-06-13T10:55:54.996+0000] {processor.py:830} INFO - Processing file /home/airflow/.local/lib/python3.12/site-packages/airflow/example_dags/example_trigger_target_dag.py for tasks to queue
[2026-06-13T10:55:55.001+0000] {logging_mixin.py:188} INFO - [2026-06-13T10:55:55.000+0000] {dagbag.py:545} INFO - Filling up the DagBag from /home/airflow/.local/lib/python3.12/site-packages/airflow/example_dags/example_trigger_target_dag.py
[2026-06-13T10:55:55.016+0000] {processor.py:840} INFO - DAG(s) 'example_trigger_target_dag' retrieved from /home/airflow/.local/lib/python3.12/site-packages/airflow/example_dags/example_trigger_target_dag.py
[2026-06-13T10:55:55.038+0000] {logging_mixin.py:188} INFO - [2026-06-13T10:55:55.037+0000] {dag.py:3096} INFO - Sync 1 DAGs
[2026-06-13T10:55:55.061+0000] {logging_mixin.py:188} INFO - [2026-06-13T10:55:55.061+0000] {dag.py:3954} INFO - Setting next_dagrun for example_trigger_target_dag to None, run_after=None
[2026-06-13T10:55:55.094+0000] {processor.py:183} INFO - Processing /home/airflow/.local/lib/python3.12/site-packages/airflow/example_dags/example_trigger_target_dag.py took 0.110 seconds
[2026-06-13T10:56:25.634+0000] {processor.py:161} INFO - Started process (PID=133) to work on /home/airflow/.local/lib/python3.12/site-packages/airflow/example_dags/example_trigger_target_dag.py
[2026-06-13T10:56:25.636+0000] {processor.py:830} INFO - Processing file /home/airflow/.local/lib/python3.12/site-packages/airflow/example_dags/example_trigger_target_dag.py for tasks to queue
[2026-06-13T10:56:25.639+0000] {logging_mixin.py:188} INFO - [2026-06-13T10:56:25.638+0000] {dagbag.py:545} INFO - Filling up the DagBag from /home/airflow/.local/lib/python3.12/site-packages/airflow/example_dags/example_trigger_target_dag.py
[2026-06-13T10:56:25.646+0000] {processor.py:840} INFO - DAG(s) 'example_trigger_target_dag' retrieved from /home/airflow/.local/lib/python3.12/site-packages/airflow/example_dags/example_trigger_target_dag.py
[2026-06-13T10:56:25.767+0000] {logging_mixin.py:188} INFO - [2026-06-13T10:56:25.767+0000] {dag.py:3096} INFO - Sync 1 DAGs
[2026-06-13T10:56:25.780+0000] {logging_mixin.py:188} INFO - [2026-06-13T10:56:25.780+0000] {dag.py:3954} INFO - Setting next_dagrun for example_trigger_target_dag to None, run_after=None
[2026-06-13T10:56:25.823+0000] {processor.py:183} INFO - Processing /home/airflow/.local/lib/python3.12/site-packages/airflow/example_dags/example_trigger_target_dag.py took 0.194 seconds
[2026-06-13T10:56:56.066+0000] {processor.py:161} INFO - Started process (PID=192) to work on /home/airflow/.local/lib/python3.12/site-packages/airflow/example_dags/example_trigger_target_dag.py
[2026-06-13T10:56:56.068+0000] {processor.py:830} INFO - Processing file /home/airflow/.local/lib/python3.12/site-packages/airflow/example_dags/example_trigger_target_dag.py for tasks to queue
[2026-06-13T10:56:56.072+0000] {logging_mixin.py:188} INFO - [2026-06-13T10:56:56.071+0000] {dagbag.py:545} INFO - Filling up the DagBag from /home/airflow/.local/lib/python3.12/site-packages/airflow/example_dags/example_trigger_target_dag.py
[2026-06-13T10:56:56.083+0000] {processor.py:840} INFO - DAG(s) 'example_trigger_target_dag' retrieved from /home/airflow/.local/lib/python3.12/site-packages/airflow/example_dags/example_trigger_target_dag.py
[2026-06-13T10:56:56.112+0000] {logging_mixin.py:188} INFO - [2026-06-13T10:56:56.112+0000] {dag.py:3096} INFO - Sync 1 DAGs
[2026-06-13T10:56:56.136+0000] {logging_mixin.py:188} INFO - [2026-06-13T10:56:56.135+0000] {dag.py:3954} INFO - Setting next_dagrun for example_trigger_target_dag to None, run_after=None
[2026-06-13T10:56:56.175+0000] {processor.py:183} INFO - Processing /home/airflow/.local/lib/python3.12/site-packages/airflow/example_dags/example_trigger_target_dag.py took 0.121 seconds
[2026-06-13T10:57:27.207+0000] {processor.py:161} INFO - Started process (PID=251) to work on /home/airflow/.local/lib/python3.12/site-packages/airflow/example_dags/example_trigger_target_dag.py
[2026-06-13T10:57:27.208+0000] {processor.py:830} INFO - Processing file /home/airflow/.local/lib/python3.12/site-packages/airflow/example_dags/example_trigger_target_dag.py for tasks to queue
[2026-06-13T10:57:27.211+0000] {logging_mixin.py:188} INFO - [2026-06-13T10:57:27.210+0000] {dagbag.py:545} INFO - Filling up the DagBag from /home/airflow/.local/lib/python3.12/site-packages/airflow/example_dags/example_trigger_target_dag.py
[2026-06-13T10:57:27.218+0000] {processor.py:840} INFO - DAG(s) 'example_trigger_target_dag' retrieved from /home/airflow/.local/lib/python3.12/site-packages/airflow/example_dags/example_trigger_target_dag.py
[2026-06-13T10:57:27.342+0000] {logging_mixin.py:188} INFO - [2026-06-13T10:57:27.342+0000] {dag.py:3096} INFO - Sync 1 DAGs
[2026-06-13T10:57:27.355+0000] {logging_mixin.py:188} INFO - [2026-06-13T10:57:27.355+0000] {dag.py:3954} INFO - Setting next_dagrun for example_trigger_target_dag to None, run_after=None
[2026-06-13T10:57:27.384+0000] {processor.py:183} INFO - Processing /home/airflow/.local/lib/python3.12/site-packages/airflow/example_dags/example_trigger_target_dag.py took 0.184 seconds
[2026-06-13T10:57:57.570+0000] {processor.py:161} INFO - Started process (PID=311) to work on /home/airflow/.local/lib/python3.12/site-packages/airflow/example_dags/example_trigger_target_dag.py
[2026-06-13T10:57:57.572+0000] {processor.py:830} INFO - Processing file /home/airflow/.local/lib/python3.12/site-packages/airflow/example_dags/example_trigger_target_dag.py for tasks to queue
[2026-06-13T10:57:57.576+0000] {logging_mixin.py:188} INFO - [2026-06-13T10:57:57.575+0000] {dagbag.py:545} INFO - Filling up the DagBag from /home/airflow/.local/lib/python3.12/site-packages/airflow/example_dags/example_trigger_target_dag.py
[2026-06-13T10:57:57.584+0000] {processor.py:840} INFO - DAG(s) 'example_trigger_target_dag' retrieved from /home/airflow/.local/lib/python3.12/site-packages/airflow/example_dags/example_trigger_target_dag.py
[2026-06-13T10:57:57.611+0000] {logging_mixin.py:188} INFO - [2026-06-13T10:57:57.610+0000] {dag.py:3096} INFO - Sync 1 DAGs
[2026-06-13T10:57:57.625+0000] {logging_mixin.py:188} INFO - [2026-06-13T10:57:57.625+0000] {dag.py:3954} INFO - Setting next_dagrun for example_trigger_target_dag to None, run_after=None
[2026-06-13T10:57:57.654+0000] {processor.py:183} INFO - Processing /home/airflow/.local/lib/python3.12/site-packages/airflow/example_dags/example_trigger_target_dag.py took 0.090 seconds
[2026-06-13T10:58:27.975+0000] {processor.py:161} INFO - Started process (PID=370) to work on /home/airflow/.local/lib/python3.12/site-packages/airflow/example_dags/example_trigger_target_dag.py
[2026-06-13T10:58:27.977+0000] {processor.py:830} INFO - Processing file /home/airflow/.local/lib/python3.12/site-packages/airflow/example_dags/example_trigger_target_dag.py for tasks to queue
[2026-06-13T10:58:27.979+0000] {logging_mixin.py:188} INFO - [2026-06-13T10:58:27.979+0000] {dagbag.py:545} INFO - Filling up the DagBag from /home/airflow/.local/lib/python3.12/site-packages/airflow/example_dags/example_trigger_target_dag.py
[2026-06-13T10:58:27.987+0000] {processor.py:840} INFO - DAG(s) 'example_trigger_target_dag' retrieved from /home/airflow/.local/lib/python3.12/site-packages/airflow/example_dags/example_trigger_target_dag.py
[2026-06-13T10:58:28.013+0000] {logging_mixin.py:188} INFO - [2026-06-13T10:58:28.013+0000] {dag.py:3096} INFO - Sync 1 DAGs
[2026-06-13T10:58:28.027+0000] {logging_mixin.py:188} INFO - [2026-06-13T10:58:28.027+0000] {dag.py:3954} INFO - Setting next_dagrun for example_trigger_target_dag to None, run_after=None
[2026-06-13T10:58:28.055+0000] {processor.py:183} INFO - Processing /home/airflow/.local/lib/python3.12/site-packages/airflow/example_dags/example_trigger_target_dag.py took 0.086 seconds
[2026-06-13T10:58:58.860+0000] {processor.py:161} INFO - Started process (PID=435) to work on /home/airflow/.local/lib/python3.12/site-packages/airflow/example_dags/example_trigger_target_dag.py
[2026-06-13T10:58:58.861+0000] {processor.py:830} INFO - Processing file /home/airflow/.local/lib/python3.12/site-packages/airflow/example_dags/example_trigger_target_dag.py for tasks to queue
[2026-06-13T10:58:58.864+0000] {logging_mixin.py:188} INFO - [2026-06-13T10:58:58.863+0000] {dagbag.py:545} INFO - Filling up the DagBag from /home/airflow/.local/lib/python3.12/site-packages/airflow/example_dags/example_trigger_target_dag.py
[2026-06-13T10:58:58.871+0000] {processor.py:840} INFO - DAG(s) 'example_trigger_target_dag' retrieved from /home/airflow/.local/lib/python3.12/site-packages/airflow/example_dags/example_trigger_target_dag.py
[2026-06-13T10:58:58.898+0000] {logging_mixin.py:188} INFO - [2026-06-13T10:58:58.898+0000] {dag.py:3096} INFO - Sync 1 DAGs
[2026-06-13T10:58:58.912+0000] {logging_mixin.py:188} INFO - [2026-06-13T10:58:58.911+0000] {dag.py:3954} INFO - Setting next_dagrun for example_trigger_target_dag to None, run_after=None
[2026-06-13T10:58:58.938+0000] {processor.py:183} INFO - Processing /home/airflow/.local/lib/python3.12/site-packages/airflow/example_dags/example_trigger_target_dag.py took 0.085 seconds
[2026-06-13T10:59:29.168+0000] {processor.py:161} INFO - Started process (PID=494) to work on /home/airflow/.local/lib/python3.12/site-packages/airflow/example_dags/example_trigger_target_dag.py
[2026-06-13T10:59:29.170+0000] {processor.py:830} INFO - Processing file /home/airflow/.local/lib/python3.12/site-packages/airflow/example_dags/example_trigger_target_dag.py for tasks to queue
[2026-06-13T10:59:29.172+0000] {logging_mixin.py:188} INFO - [2026-06-13T10:59:29.172+0000] {dagbag.py:545} INFO - Filling up the DagBag from /home/airflow/.local/lib/python3.12/site-packages/airflow/example_dags/example_trigger_target_dag.py
[2026-06-13T10:59:29.180+0000] {processor.py:840} INFO - DAG(s) 'example_trigger_target_dag' retrieved from /home/airflow/.local/lib/python3.12/site-packages/airflow/example_dags/example_trigger_target_dag.py
[2026-06-13T10:59:29.206+0000] {logging_mixin.py:188} INFO - [2026-06-13T10:59:29.205+0000] {dag.py:3096} INFO - Sync 1 DAGs
[2026-06-13T10:59:29.221+0000] {logging_mixin.py:188} INFO - [2026-06-13T10:59:29.221+0000] {dag.py:3954} INFO - Setting next_dagrun for example_trigger_target_dag to None, run_after=None
[2026-06-13T10:59:29.250+0000] {processor.py:183} INFO - Processing /home/airflow/.local/lib/python3.12/site-packages/airflow/example_dags/example_trigger_target_dag.py took 0.089 seconds
[2026-06-13T10:59:59.389+0000] {processor.py:161} INFO - Started process (PID=553) to work on /home/airflow/.local/lib/python3.12/site-packages/airflow/example_dags/example_trigger_target_dag.py
[2026-06-13T10:59:59.391+0000] {processor.py:830} INFO - Processing file /home/airflow/.local/lib/python3.12/site-packages/airflow/example_dags/example_trigger_target_dag.py for tasks to queue
[2026-06-13T10:59:59.394+0000] {logging_mixin.py:188} INFO - [2026-06-13T10:59:59.393+0000] {dagbag.py:545} INFO - Filling up the DagBag from /home/airflow/.local/lib/python3.12/site-packages/airflow/example_dags/example_trigger_target_dag.py
[2026-06-13T10:59:59.402+0000] {processor.py:840} INFO - DAG(s) 'example_trigger_target_dag' retrieved from /home/airflow/.local/lib/python3.12/site-packages/airflow/example_dags/example_trigger_target_dag.py
[2026-06-13T10:59:59.429+0000] {logging_mixin.py:188} INFO - [2026-06-13T10:59:59.429+0000] {dag.py:3096} INFO - Sync 1 DAGs
[2026-06-13T10:59:59.444+0000] {logging_mixin.py:188} INFO - [2026-06-13T10:59:59.443+0000] {dag.py:3954} INFO - Setting next_dagrun for example_trigger_target_dag to None, run_after=None
[2026-06-13T10:59:59.471+0000] {processor.py:183} INFO - Processing /home/airflow/.local/lib/python3.12/site-packages/airflow/example_dags/example_trigger_target_dag.py took 0.088 seconds
[2026-06-13T11:00:29.755+0000] {processor.py:161} INFO - Started process (PID=612) to work on /home/airflow/.local/lib/python3.12/site-packages/airflow/example_dags/example_trigger_target_dag.py
[2026-06-13T11:00:29.757+0000] {processor.py:830} INFO - Processing file /home/airflow/.local/lib/python3.12/site-packages/airflow/example_dags/example_trigger_target_dag.py for tasks to queue
[2026-06-13T11:00:29.760+0000] {logging_mixin.py:188} INFO - [2026-06-13T11:00:29.759+0000] {dagbag.py:545} INFO - Filling up the DagBag from /home/airflow/.local/lib/python3.12/site-packages/airflow/example_dags/example_trigger_target_dag.py
[2026-06-13T11:00:29.766+0000] {processor.py:840} INFO - DAG(s) 'example_trigger_target_dag' retrieved from /home/airflow/.local/lib/python3.12/site-packages/airflow/example_dags/example_trigger_target_dag.py
[2026-06-13T11:00:29.793+0000] {logging_mixin.py:188} INFO - [2026-06-13T11:00:29.793+0000] {dag.py:3096} INFO - Sync 1 DAGs
[2026-06-13T11:00:29.806+0000] {logging_mixin.py:188} INFO - [2026-06-13T11:00:29.806+0000] {dag.py:3954} INFO - Setting next_dagrun for example_trigger_target_dag to None, run_after=None
[2026-06-13T11:00:29.833+0000] {processor.py:183} INFO - Processing /home/airflow/.local/lib/python3.12/site-packages/airflow/example_dags/example_trigger_target_dag.py took 0.084 seconds
[2026-06-13T11:01:00.049+0000] {processor.py:161} INFO - Started process (PID=671) to work on /home/airflow/.local/lib/python3.12/site-packages/airflow/example_dags/example_trigger_target_dag.py
[2026-06-13T11:01:00.051+0000] {processor.py:830} INFO - Processing file /home/airflow/.local/lib/python3.12/site-packages/airflow/example_dags/example_trigger_target_dag.py for tasks to queue
[2026-06-13T11:01:00.054+0000] {logging_mixin.py:188} INFO - [2026-06-13T11:01:00.054+0000] {dagbag.py:545} INFO - Filling up the DagBag from /home/airflow/.local/lib/python3.12/site-packages/airflow/example_dags/example_trigger_target_dag.py
[2026-06-13T11:01:00.062+0000] {processor.py:840} INFO - DAG(s) 'example_trigger_target_dag' retrieved from /home/airflow/.local/lib/python3.12/site-packages/airflow/example_dags/example_trigger_target_dag.py
[2026-06-13T11:01:00.088+0000] {logging_mixin.py:188} INFO - [2026-06-13T11:01:00.087+0000] {dag.py:3096} INFO - Sync 1 DAGs
[2026-06-13T11:01:00.101+0000] {logging_mixin.py:188} INFO - [2026-06-13T11:01:00.101+0000] {dag.py:3954} INFO - Setting next_dagrun for example_trigger_target_dag to None, run_after=None
[2026-06-13T11:01:00.128+0000] {processor.py:183} INFO - Processing /home/airflow/.local/lib/python3.12/site-packages/airflow/example_dags/example_trigger_target_dag.py took 0.085 seconds
[2026-06-13T11:01:30.563+0000] {processor.py:161} INFO - Started process (PID=730) to work on /home/airflow/.local/lib/python3.12/site-packages/airflow/example_dags/example_trigger_target_dag.py
[2026-06-13T11:01:30.564+0000] {processor.py:830} INFO - Processing file /home/airflow/.local/lib/python3.12/site-packages/airflow/example_dags/example_trigger_target_dag.py for tasks to queue
[2026-06-13T11:01:30.567+0000] {logging_mixin.py:188} INFO - [2026-06-13T11:01:30.567+0000] {dagbag.py:545} INFO - Filling up the DagBag from /home/airflow/.local/lib/python3.12/site-packages/airflow/example_dags/example_trigger_target_dag.py
[2026-06-13T11:01:30.574+0000] {processor.py:840} INFO - DAG(s) 'example_trigger_target_dag' retrieved from /home/airflow/.local/lib/python3.12/site-packages/airflow/example_dags/example_trigger_target_dag.py
[2026-06-13T11:01:30.600+0000] {logging_mixin.py:188} INFO - [2026-06-13T11:01:30.599+0000] {dag.py:3096} INFO - Sync 1 DAGs
[2026-06-13T11:01:30.613+0000] {logging_mixin.py:188} INFO - [2026-06-13T11:01:30.613+0000] {dag.py:3954} INFO - Setting next_dagrun for example_trigger_target_dag to None, run_after=None
[2026-06-13T11:01:30.643+0000] {processor.py:183} INFO - Processing /home/airflow/.local/lib/python3.12/site-packages/airflow/example_dags/example_trigger_target_dag.py took 0.086 seconds
[2026-06-13T11:02:01.014+0000] {processor.py:161} INFO - Started process (PID=789) to work on /home/airflow/.local/lib/python3.12/site-packages/airflow/example_dags/example_trigger_target_dag.py
[2026-06-13T11:02:01.015+0000] {processor.py:830} INFO - Processing file /home/airflow/.local/lib/python3.12/site-packages/airflow/example_dags/example_trigger_target_dag.py for tasks to queue
[2026-06-13T11:02:01.018+0000] {logging_mixin.py:188} INFO - [2026-06-13T11:02:01.017+0000] {dagbag.py:545} INFO - Filling up the DagBag from /home/airflow/.local/lib/python3.12/site-packages/airflow/example_dags/example_trigger_target_dag.py
[2026-06-13T11:02:01.025+0000] {processor.py:840} INFO - DAG(s) 'example_trigger_target_dag' retrieved from /home/airflow/.local/lib/python3.12/site-packages/airflow/example_dags/example_trigger_target_dag.py
[2026-06-13T11:02:01.053+0000] {logging_mixin.py:188} INFO - [2026-06-13T11:02:01.052+0000] {dag.py:3096} INFO - Sync 1 DAGs
[2026-06-13T11:02:01.068+0000] {logging_mixin.py:188} INFO - [2026-06-13T11:02:01.068+0000] {dag.py:3954} INFO - Setting next_dagrun for example_trigger_target_dag to None, run_after=None
[2026-06-13T11:02:01.097+0000] {processor.py:183} INFO - Processing /home/airflow/.local/lib/python3.12/site-packages/airflow/example_dags/example_trigger_target_dag.py took 0.090 seconds
[2026-06-13T11:02:32.164+0000] {processor.py:161} INFO - Started process (PID=848) to work on /home/airflow/.local/lib/python3.12/site-packages/airflow/example_dags/example_trigger_target_dag.py
[2026-06-13T11:02:32.166+0000] {processor.py:830} INFO - Processing file /home/airflow/.local/lib/python3.12/site-packages/airflow/example_dags/example_trigger_target_dag.py for tasks to queue
[2026-06-13T11:02:32.169+0000] {logging_mixin.py:188} INFO - [2026-06-13T11:02:32.168+0000] {dagbag.py:545} INFO - Filling up the DagBag from /home/airflow/.local/lib/python3.12/site-packages/airflow/example_dags/example_trigger_target_dag.py
[2026-06-13T11:02:32.176+0000] {processor.py:840} INFO - DAG(s) 'example_trigger_target_dag' retrieved from /home/airflow/.local/lib/python3.12/site-packages/airflow/example_dags/example_trigger_target_dag.py
[2026-06-13T11:02:32.203+0000] {logging_mixin.py:188} INFO - [2026-06-13T11:02:32.202+0000] {dag.py:3096} INFO - Sync 1 DAGs
[2026-06-13T11:02:32.217+0000] {logging_mixin.py:188} INFO - [2026-06-13T11:02:32.217+0000] {dag.py:3954} INFO - Setting next_dagrun for example_trigger_target_dag to None, run_after=None
[2026-06-13T11:02:32.243+0000] {processor.py:183} INFO - Processing /home/airflow/.local/lib/python3.12/site-packages/airflow/example_dags/example_trigger_target_dag.py took 0.086 seconds
[2026-06-13T11:03:02.559+0000] {processor.py:161} INFO - Started process (PID=907) to work on /home/airflow/.local/lib/python3.12/site-packages/airflow/example_dags/example_trigger_target_dag.py
[2026-06-13T11:03:02.562+0000] {processor.py:830} INFO - Processing file /home/airflow/.local/lib/python3.12/site-packages/airflow/example_dags/example_trigger_target_dag.py for tasks to queue
[2026-06-13T11:03:02.565+0000] {logging_mixin.py:188} INFO - [2026-06-13T11:03:02.565+0000] {dagbag.py:545} INFO - Filling up the DagBag from /home/airflow/.local/lib/python3.12/site-packages/airflow/example_dags/example_trigger_target_dag.py
[2026-06-13T11:03:02.573+0000] {processor.py:840} INFO - DAG(s) 'example_trigger_target_dag' retrieved from /home/airflow/.local/lib/python3.12/site-packages/airflow/example_dags/example_trigger_target_dag.py
[2026-06-13T11:03:02.601+0000] {logging_mixin.py:188} INFO - [2026-06-13T11:03:02.601+0000] {dag.py:3096} INFO - Sync 1 DAGs
[2026-06-13T11:03:02.616+0000] {logging_mixin.py:188} INFO - [2026-06-13T11:03:02.616+0000] {dag.py:3954} INFO - Setting next_dagrun for example_trigger_target_dag to None, run_after=None
[2026-06-13T11:03:02.648+0000] {processor.py:183} INFO - Processing /home/airflow/.local/lib/python3.12/site-packages/airflow/example_dags/example_trigger_target_dag.py took 0.095 seconds
[2026-06-13T11:03:32.963+0000] {processor.py:161} INFO - Started process (PID=966) to work on /home/airflow/.local/lib/python3.12/site-packages/airflow/example_dags/example_trigger_target_dag.py
[2026-06-13T11:03:32.965+0000] {processor.py:830} INFO - Processing file /home/airflow/.local/lib/python3.12/site-packages/airflow/example_dags/example_trigger_target_dag.py for tasks to queue
[2026-06-13T11:03:32.968+0000] {logging_mixin.py:188} INFO - [2026-06-13T11:03:32.967+0000] {dagbag.py:545} INFO - Filling up the DagBag from /home/airflow/.local/lib/python3.12/site-packages/airflow/example_dags/example_trigger_target_dag.py
[2026-06-13T11:03:32.975+0000] {processor.py:840} INFO - DAG(s) 'example_trigger_target_dag' retrieved from /home/airflow/.local/lib/python3.12/site-packages/airflow/example_dags/example_trigger_target_dag.py
[2026-06-13T11:03:33.001+0000] {logging_mixin.py:188} INFO - [2026-06-13T11:03:33.000+0000] {dag.py:3096} INFO - Sync 1 DAGs
[2026-06-13T11:03:33.015+0000] {logging_mixin.py:188} INFO - [2026-06-13T11:03:33.015+0000] {dag.py:3954} INFO - Setting next_dagrun for example_trigger_target_dag to None, run_after=None
[2026-06-13T11:03:33.043+0000] {processor.py:183} INFO - Processing /home/airflow/.local/lib/python3.12/site-packages/airflow/example_dags/example_trigger_target_dag.py took 0.085 seconds
[2026-06-13T11:04:03.211+0000] {processor.py:161} INFO - Started process (PID=1024) to work on /home/airflow/.local/lib/python3.12/site-packages/airflow/example_dags/example_trigger_target_dag.py
[2026-06-13T11:04:03.213+0000] {processor.py:830} INFO - Processing file /home/airflow/.local/lib/python3.12/site-packages/airflow/example_dags/example_trigger_target_dag.py for tasks to queue
[2026-06-13T11:04:03.216+0000] {logging_mixin.py:188} INFO - [2026-06-13T11:04:03.215+0000] {dagbag.py:545} INFO - Filling up the DagBag from /home/airflow/.local/lib/python3.12/site-packages/airflow/example_dags/example_trigger_target_dag.py
[2026-06-13T11:04:03.223+0000] {processor.py:840} INFO - DAG(s) 'example_trigger_target_dag' retrieved from /home/airflow/.local/lib/python3.12/site-packages/airflow/example_dags/example_trigger_target_dag.py
[2026-06-13T11:04:03.250+0000] {logging_mixin.py:188} INFO - [2026-06-13T11:04:03.250+0000] {dag.py:3096} INFO - Sync 1 DAGs
[2026-06-13T11:04:03.266+0000] {logging_mixin.py:188} INFO - [2026-06-13T11:04:03.266+0000] {dag.py:3954} INFO - Setting next_dagrun for example_trigger_target_dag to None, run_after=None
[2026-06-13T11:04:03.296+0000] {processor.py:183} INFO - Processing /home/airflow/.local/lib/python3.12/site-packages/airflow/example_dags/example_trigger_target_dag.py took 0.091 seconds
[2026-06-13T11:04:33.607+0000] {processor.py:161} INFO - Started process (PID=1083) to work on /home/airflow/.local/lib/python3.12/site-packages/airflow/example_dags/example_trigger_target_dag.py
[2026-06-13T11:04:33.608+0000] {processor.py:830} INFO - Processing file /home/airflow/.local/lib/python3.12/site-packages/airflow/example_dags/example_trigger_target_dag.py for tasks to queue
[2026-06-13T11:04:33.612+0000] {logging_mixin.py:188} INFO - [2026-06-13T11:04:33.611+0000] {dagbag.py:545} INFO - Filling up the DagBag from /home/airflow/.local/lib/python3.12/site-packages/airflow/example_dags/example_trigger_target_dag.py
[2026-06-13T11:04:33.618+0000] {processor.py:840} INFO - DAG(s) 'example_trigger_target_dag' retrieved from /home/airflow/.local/lib/python3.12/site-packages/airflow/example_dags/example_trigger_target_dag.py
[2026-06-13T11:04:33.644+0000] {logging_mixin.py:188} INFO - [2026-06-13T11:04:33.644+0000] {dag.py:3096} INFO - Sync 1 DAGs
[2026-06-13T11:04:33.659+0000] {logging_mixin.py:188} INFO - [2026-06-13T11:04:33.658+0000] {dag.py:3954} INFO - Setting next_dagrun for example_trigger_target_dag to None, run_after=None
[2026-06-13T11:04:33.688+0000] {processor.py:183} INFO - Processing /home/airflow/.local/lib/python3.12/site-packages/airflow/example_dags/example_trigger_target_dag.py took 0.087 seconds
[2026-06-13T11:05:03.858+0000] {processor.py:161} INFO - Started process (PID=1142) to work on /home/airflow/.local/lib/python3.12/site-packages/airflow/example_dags/example_trigger_target_dag.py
[2026-06-13T11:05:03.860+0000] {processor.py:830} INFO - Processing file /home/airflow/.local/lib/python3.12/site-packages/airflow/example_dags/example_trigger_target_dag.py for tasks to queue
[2026-06-13T11:05:03.862+0000] {logging_mixin.py:188} INFO - [2026-06-13T11:05:03.862+0000] {dagbag.py:545} INFO - Filling up the DagBag from /home/airflow/.local/lib/python3.12/site-packages/airflow/example_dags/example_trigger_target_dag.py
[2026-06-13T11:05:03.869+0000] {processor.py:840} INFO - DAG(s) 'example_trigger_target_dag' retrieved from /home/airflow/.local/lib/python3.12/site-packages/airflow/example_dags/example_trigger_target_dag.py
[2026-06-13T11:05:03.896+0000] {logging_mixin.py:188} INFO - [2026-06-13T11:05:03.896+0000] {dag.py:3096} INFO - Sync 1 DAGs
[2026-06-13T11:05:03.911+0000] {logging_mixin.py:188} INFO - [2026-06-13T11:05:03.911+0000] {dag.py:3954} INFO - Setting next_dagrun for example_trigger_target_dag to None, run_after=None
[2026-06-13T11:05:03.939+0000] {processor.py:183} INFO - Processing /home/airflow/.local/lib/python3.12/site-packages/airflow/example_dags/example_trigger_target_dag.py took 0.087 seconds
[2026-06-13T11:05:34.145+0000] {processor.py:161} INFO - Started process (PID=1202) to work on /home/airflow/.local/lib/python3.12/site-packages/airflow/example_dags/example_trigger_target_dag.py
[2026-06-13T11:05:34.147+0000] {processor.py:830} INFO - Processing file /home/airflow/.local/lib/python3.12/site-packages/airflow/example_dags/example_trigger_target_dag.py for tasks to queue
[2026-06-13T11:05:34.150+0000] {logging_mixin.py:188} INFO - [2026-06-13T11:05:34.150+0000] {dagbag.py:545} INFO - Filling up the DagBag from /home/airflow/.local/lib/python3.12/site-packages/airflow/example_dags/example_trigger_target_dag.py
[2026-06-13T11:05:34.159+0000] {processor.py:840} INFO - DAG(s) 'example_trigger_target_dag' retrieved from /home/airflow/.local/lib/python3.12/site-packages/airflow/example_dags/example_trigger_target_dag.py
[2026-06-13T11:05:34.188+0000] {logging_mixin.py:188} INFO - [2026-06-13T11:05:34.187+0000] {dag.py:3096} INFO - Sync 1 DAGs
[2026-06-13T11:05:34.201+0000] {logging_mixin.py:188} INFO - [2026-06-13T11:05:34.201+0000] {dag.py:3954} INFO - Setting next_dagrun for example_trigger_target_dag to None, run_after=None
[2026-06-13T11:05:34.231+0000] {processor.py:183} INFO - Processing /home/airflow/.local/lib/python3.12/site-packages/airflow/example_dags/example_trigger_target_dag.py took 0.094 seconds
[2026-06-13T11:06:04.891+0000] {processor.py:161} INFO - Started process (PID=1261) to work on /home/airflow/.local/lib/python3.12/site-packages/airflow/example_dags/example_trigger_target_dag.py
[2026-06-13T11:06:04.892+0000] {processor.py:830} INFO - Processing file /home/airflow/.local/lib/python3.12/site-packages/airflow/example_dags/example_trigger_target_dag.py for tasks to queue
[2026-06-13T11:06:04.895+0000] {logging_mixin.py:188} INFO - [2026-06-13T11:06:04.894+0000] {dagbag.py:545} INFO - Filling up the DagBag from /home/airflow/.local/lib/python3.12/site-packages/airflow/example_dags/example_trigger_target_dag.py
[2026-06-13T11:06:04.902+0000] {processor.py:840} INFO - DAG(s) 'example_trigger_target_dag' retrieved from /home/airflow/.local/lib/python3.12/site-packages/airflow/example_dags/example_trigger_target_dag.py
[2026-06-13T11:06:04.928+0000] {logging_mixin.py:188} INFO - [2026-06-13T11:06:04.927+0000] {dag.py:3096} INFO - Sync 1 DAGs
[2026-06-13T11:06:04.944+0000] {logging_mixin.py:188} INFO - [2026-06-13T11:06:04.944+0000] {dag.py:3954} INFO - Setting next_dagrun for example_trigger_target_dag to None, run_after=None
[2026-06-13T11:06:04.976+0000] {processor.py:183} INFO - Processing /home/airflow/.local/lib/python3.12/site-packages/airflow/example_dags/example_trigger_target_dag.py took 0.091 seconds
[2026-06-13T11:06:35.302+0000] {processor.py:161} INFO - Started process (PID=1320) to work on /home/airflow/.local/lib/python3.12/site-packages/airflow/example_dags/example_trigger_target_dag.py
[2026-06-13T11:06:35.304+0000] {processor.py:830} INFO - Processing file /home/airflow/.local/lib/python3.12/site-packages/airflow/example_dags/example_trigger_target_dag.py for tasks to queue
[2026-06-13T11:06:35.306+0000] {logging_mixin.py:188} INFO - [2026-06-13T11:06:35.306+0000] {dagbag.py:545} INFO - Filling up the DagBag from /home/airflow/.local/lib/python3.12/site-packages/airflow/example_dags/example_trigger_target_dag.py
[2026-06-13T11:06:35.313+0000] {processor.py:840} INFO - DAG(s) 'example_trigger_target_dag' retrieved from /home/airflow/.local/lib/python3.12/site-packages/airflow/example_dags/example_trigger_target_dag.py
[2026-06-13T11:06:35.342+0000] {logging_mixin.py:188} INFO - [2026-06-13T11:06:35.342+0000] {dag.py:3096} INFO - Sync 1 DAGs
[2026-06-13T11:06:35.359+0000] {logging_mixin.py:188} INFO - [2026-06-13T11:06:35.358+0000] {dag.py:3954} INFO - Setting next_dagrun for example_trigger_target_dag to None, run_after=None
[2026-06-13T11:06:35.385+0000] {processor.py:183} INFO - Processing /home/airflow/.local/lib/python3.12/site-packages/airflow/example_dags/example_trigger_target_dag.py took 0.089 seconds
[2026-06-13T11:07:05.940+0000] {processor.py:161} INFO - Started process (PID=1379) to work on /home/airflow/.local/lib/python3.12/site-packages/airflow/example_dags/example_trigger_target_dag.py
[2026-06-13T11:07:05.943+0000] {processor.py:830} INFO - Processing file /home/airflow/.local/lib/python3.12/site-packages/airflow/example_dags/example_trigger_target_dag.py for tasks to queue
[2026-06-13T11:07:05.945+0000] {logging_mixin.py:188} INFO - [2026-06-13T11:07:05.945+0000] {dagbag.py:545} INFO - Filling up the DagBag from /home/airflow/.local/lib/python3.12/site-packages/airflow/example_dags/example_trigger_target_dag.py
[2026-06-13T11:07:05.952+0000] {processor.py:840} INFO - DAG(s) 'example_trigger_target_dag' retrieved from /home/airflow/.local/lib/python3.12/site-packages/airflow/example_dags/example_trigger_target_dag.py
[2026-06-13T11:07:05.978+0000] {logging_mixin.py:188} INFO - [2026-06-13T11:07:05.977+0000] {dag.py:3096} INFO - Sync 1 DAGs
[2026-06-13T11:07:05.992+0000] {logging_mixin.py:188} INFO - [2026-06-13T11:07:05.992+0000] {dag.py:3954} INFO - Setting next_dagrun for example_trigger_target_dag to None, run_after=None
[2026-06-13T11:07:06.020+0000] {processor.py:183} INFO - Processing /home/airflow/.local/lib/python3.12/site-packages/airflow/example_dags/example_trigger_target_dag.py took 0.086 seconds
[2026-06-13T11:07:36.287+0000] {processor.py:161} INFO - Started process (PID=1438) to work on /home/airflow/.local/lib/python3.12/site-packages/airflow/example_dags/example_trigger_target_dag.py
[2026-06-13T11:07:36.288+0000] {processor.py:830} INFO - Processing file /home/airflow/.local/lib/python3.12/site-packages/airflow/example_dags/example_trigger_target_dag.py for tasks to queue
[2026-06-13T11:07:36.296+0000] {logging_mixin.py:188} INFO - [2026-06-13T11:07:36.296+0000] {dagbag.py:545} INFO - Filling up the DagBag from /home/airflow/.local/lib/python3.12/site-packages/airflow/example_dags/example_trigger_target_dag.py
[2026-06-13T11:07:36.304+0000] {processor.py:840} INFO - DAG(s) 'example_trigger_target_dag' retrieved from /home/airflow/.local/lib/python3.12/site-packages/airflow/example_dags/example_trigger_target_dag.py
[2026-06-13T11:07:36.327+0000] {logging_mixin.py:188} INFO - [2026-06-13T11:07:36.327+0000] {dag.py:3096} INFO - Sync 1 DAGs
[2026-06-13T11:07:36.341+0000] {logging_mixin.py:188} INFO - [2026-06-13T11:07:36.341+0000] {dag.py:3954} INFO - Setting next_dagrun for example_trigger_target_dag to None, run_after=None
[2026-06-13T11:07:36.368+0000] {processor.py:183} INFO - Processing /home/airflow/.local/lib/python3.12/site-packages/airflow/example_dags/example_trigger_target_dag.py took 0.087 seconds
[2026-06-13T11:08:06.858+0000] {processor.py:161} INFO - Started process (PID=1498) to work on /home/airflow/.local/lib/python3.12/site-packages/airflow/example_dags/example_trigger_target_dag.py
[2026-06-13T11:08:06.859+0000] {processor.py:830} INFO - Processing file /home/airflow/.local/lib/python3.12/site-packages/airflow/example_dags/example_trigger_target_dag.py for tasks to queue
[2026-06-13T11:08:06.862+0000] {logging_mixin.py:188} INFO - [2026-06-13T11:08:06.862+0000] {dagbag.py:545} INFO - Filling up the DagBag from /home/airflow/.local/lib/python3.12/site-packages/airflow/example_dags/example_trigger_target_dag.py
[2026-06-13T11:08:06.869+0000] {processor.py:840} INFO - DAG(s) 'example_trigger_target_dag' retrieved from /home/airflow/.local/lib/python3.12/site-packages/airflow/example_dags/example_trigger_target_dag.py
[2026-06-13T11:08:06.895+0000] {logging_mixin.py:188} INFO - [2026-06-13T11:08:06.895+0000] {dag.py:3096} INFO - Sync 1 DAGs
[2026-06-13T11:08:06.909+0000] {logging_mixin.py:188} INFO - [2026-06-13T11:08:06.909+0000] {dag.py:3954} INFO - Setting next_dagrun for example_trigger_target_dag to None, run_after=None
[2026-06-13T11:08:06.938+0000] {processor.py:183} INFO - Processing /home/airflow/.local/lib/python3.12/site-packages/airflow/example_dags/example_trigger_target_dag.py took 0.086 seconds
[2026-06-13T11:09:18.451+0000] {processor.py:161} INFO - Started process (PID=75) to work on /home/airflow/.local/lib/python3.12/site-packages/airflow/example_dags/example_trigger_target_dag.py
[2026-06-13T11:09:18.454+0000] {processor.py:830} INFO - Processing file /home/airflow/.local/lib/python3.12/site-packages/airflow/example_dags/example_trigger_target_dag.py for tasks to queue
[2026-06-13T11:09:18.458+0000] {logging_mixin.py:188} INFO - [2026-06-13T11:09:18.457+0000] {dagbag.py:545} INFO - Filling up the DagBag from /home/airflow/.local/lib/python3.12/site-packages/airflow/example_dags/example_trigger_target_dag.py
[2026-06-13T11:09:18.471+0000] {processor.py:840} INFO - DAG(s) 'example_trigger_target_dag' retrieved from /home/airflow/.local/lib/python3.12/site-packages/airflow/example_dags/example_trigger_target_dag.py
[2026-06-13T11:09:18.641+0000] {logging_mixin.py:188} INFO - [2026-06-13T11:09:18.640+0000] {dag.py:3096} INFO - Sync 1 DAGs
[2026-06-13T11:09:18.657+0000] {logging_mixin.py:188} INFO - [2026-06-13T11:09:18.657+0000] {dag.py:3954} INFO - Setting next_dagrun for example_trigger_target_dag to None, run_after=None
[2026-06-13T11:09:18.693+0000] {processor.py:183} INFO - Processing /home/airflow/.local/lib/python3.12/site-packages/airflow/example_dags/example_trigger_target_dag.py took 0.250 seconds
[2026-06-13T11:09:48.806+0000] {processor.py:161} INFO - Started process (PID=134) to work on /home/airflow/.local/lib/python3.12/site-packages/airflow/example_dags/example_trigger_target_dag.py
[2026-06-13T11:09:48.808+0000] {processor.py:830} INFO - Processing file /home/airflow/.local/lib/python3.12/site-packages/airflow/example_dags/example_trigger_target_dag.py for tasks to queue
[2026-06-13T11:09:48.811+0000] {logging_mixin.py:188} INFO - [2026-06-13T11:09:48.810+0000] {dagbag.py:545} INFO - Filling up the DagBag from /home/airflow/.local/lib/python3.12/site-packages/airflow/example_dags/example_trigger_target_dag.py
[2026-06-13T11:09:48.818+0000] {processor.py:840} INFO - DAG(s) 'example_trigger_target_dag' retrieved from /home/airflow/.local/lib/python3.12/site-packages/airflow/example_dags/example_trigger_target_dag.py
[2026-06-13T11:09:48.846+0000] {logging_mixin.py:188} INFO - [2026-06-13T11:09:48.846+0000] {dag.py:3096} INFO - Sync 1 DAGs
[2026-06-13T11:09:48.862+0000] {logging_mixin.py:188} INFO - [2026-06-13T11:09:48.862+0000] {dag.py:3954} INFO - Setting next_dagrun for example_trigger_target_dag to None, run_after=None
[2026-06-13T11:09:48.892+0000] {processor.py:183} INFO - Processing /home/airflow/.local/lib/python3.12/site-packages/airflow/example_dags/example_trigger_target_dag.py took 0.094 seconds
[2026-06-13T11:10:19.337+0000] {processor.py:161} INFO - Started process (PID=199) to work on /home/airflow/.local/lib/python3.12/site-packages/airflow/example_dags/example_trigger_target_dag.py
[2026-06-13T11:10:19.339+0000] {processor.py:830} INFO - Processing file /home/airflow/.local/lib/python3.12/site-packages/airflow/example_dags/example_trigger_target_dag.py for tasks to queue
[2026-06-13T11:10:19.343+0000] {logging_mixin.py:188} INFO - [2026-06-13T11:10:19.342+0000] {dagbag.py:545} INFO - Filling up the DagBag from /home/airflow/.local/lib/python3.12/site-packages/airflow/example_dags/example_trigger_target_dag.py
[2026-06-13T11:10:19.349+0000] {processor.py:840} INFO - DAG(s) 'example_trigger_target_dag' retrieved from /home/airflow/.local/lib/python3.12/site-packages/airflow/example_dags/example_trigger_target_dag.py
[2026-06-13T11:10:19.375+0000] {logging_mixin.py:188} INFO - [2026-06-13T11:10:19.375+0000] {dag.py:3096} INFO - Sync 1 DAGs
[2026-06-13T11:10:19.389+0000] {logging_mixin.py:188} INFO - [2026-06-13T11:10:19.389+0000] {dag.py:3954} INFO - Setting next_dagrun for example_trigger_target_dag to None, run_after=None
[2026-06-13T11:10:19.416+0000] {processor.py:183} INFO - Processing /home/airflow/.local/lib/python3.12/site-packages/airflow/example_dags/example_trigger_target_dag.py took 0.085 seconds
[2026-06-13T11:10:49.932+0000] {processor.py:161} INFO - Started process (PID=258) to work on /home/airflow/.local/lib/python3.12/site-packages/airflow/example_dags/example_trigger_target_dag.py
[2026-06-13T11:10:49.934+0000] {processor.py:830} INFO - Processing file /home/airflow/.local/lib/python3.12/site-packages/airflow/example_dags/example_trigger_target_dag.py for tasks to queue
[2026-06-13T11:10:49.938+0000] {logging_mixin.py:188} INFO - [2026-06-13T11:10:49.937+0000] {dagbag.py:545} INFO - Filling up the DagBag from /home/airflow/.local/lib/python3.12/site-packages/airflow/example_dags/example_trigger_target_dag.py
[2026-06-13T11:10:49.947+0000] {processor.py:840} INFO - DAG(s) 'example_trigger_target_dag' retrieved from /home/airflow/.local/lib/python3.12/site-packages/airflow/example_dags/example_trigger_target_dag.py
[2026-06-13T11:10:49.971+0000] {logging_mixin.py:188} INFO - [2026-06-13T11:10:49.971+0000] {dag.py:3096} INFO - Sync 1 DAGs
[2026-06-13T11:10:49.986+0000] {logging_mixin.py:188} INFO - [2026-06-13T11:10:49.986+0000] {dag.py:3954} INFO - Setting next_dagrun for example_trigger_target_dag to None, run_after=None
[2026-06-13T11:10:50.012+0000] {processor.py:183} INFO - Processing /home/airflow/.local/lib/python3.12/site-packages/airflow/example_dags/example_trigger_target_dag.py took 0.087 seconds
[2026-06-13T11:11:20.895+0000] {processor.py:161} INFO - Started process (PID=317) to work on /home/airflow/.local/lib/python3.12/site-packages/airflow/example_dags/example_trigger_target_dag.py
[2026-06-13T11:11:20.896+0000] {processor.py:830} INFO - Processing file /home/airflow/.local/lib/python3.12/site-packages/airflow/example_dags/example_trigger_target_dag.py for tasks to queue
[2026-06-13T11:11:20.899+0000] {logging_mixin.py:188} INFO - [2026-06-13T11:11:20.899+0000] {dagbag.py:545} INFO - Filling up the DagBag from /home/airflow/.local/lib/python3.12/site-packages/airflow/example_dags/example_trigger_target_dag.py
[2026-06-13T11:11:20.906+0000] {processor.py:840} INFO - DAG(s) 'example_trigger_target_dag' retrieved from /home/airflow/.local/lib/python3.12/site-packages/airflow/example_dags/example_trigger_target_dag.py
[2026-06-13T11:11:20.931+0000] {logging_mixin.py:188} INFO - [2026-06-13T11:11:20.930+0000] {dag.py:3096} INFO - Sync 1 DAGs
[2026-06-13T11:11:20.946+0000] {logging_mixin.py:188} INFO - [2026-06-13T11:11:20.945+0000] {dag.py:3954} INFO - Setting next_dagrun for example_trigger_target_dag to None, run_after=None
[2026-06-13T11:11:20.969+0000] {processor.py:183} INFO - Processing /home/airflow/.local/lib/python3.12/site-packages/airflow/example_dags/example_trigger_target_dag.py took 0.081 seconds
[2026-06-13T11:11:51.484+0000] {processor.py:161} INFO - Started process (PID=376) to work on /home/airflow/.local/lib/python3.12/site-packages/airflow/example_dags/example_trigger_target_dag.py
[2026-06-13T11:11:51.486+0000] {processor.py:830} INFO - Processing file /home/airflow/.local/lib/python3.12/site-packages/airflow/example_dags/example_trigger_target_dag.py for tasks to queue
[2026-06-13T11:11:51.488+0000] {logging_mixin.py:188} INFO - [2026-06-13T11:11:51.488+0000] {dagbag.py:545} INFO - Filling up the DagBag from /home/airflow/.local/lib/python3.12/site-packages/airflow/example_dags/example_trigger_target_dag.py
[2026-06-13T11:11:51.496+0000] {processor.py:840} INFO - DAG(s) 'example_trigger_target_dag' retrieved from /home/airflow/.local/lib/python3.12/site-packages/airflow/example_dags/example_trigger_target_dag.py
[2026-06-13T11:11:51.523+0000] {logging_mixin.py:188} INFO - [2026-06-13T11:11:51.522+0000] {dag.py:3096} INFO - Sync 1 DAGs
[2026-06-13T11:11:51.537+0000] {logging_mixin.py:188} INFO - [2026-06-13T11:11:51.537+0000] {dag.py:3954} INFO - Setting next_dagrun for example_trigger_target_dag to None, run_after=None
[2026-06-13T11:11:51.565+0000] {processor.py:183} INFO - Processing /home/airflow/.local/lib/python3.12/site-packages/airflow/example_dags/example_trigger_target_dag.py took 0.087 seconds
[2026-06-13T11:12:21.736+0000] {processor.py:161} INFO - Started process (PID=435) to work on /home/airflow/.local/lib/python3.12/site-packages/airflow/example_dags/example_trigger_target_dag.py
[2026-06-13T11:12:21.737+0000] {processor.py:830} INFO - Processing file /home/airflow/.local/lib/python3.12/site-packages/airflow/example_dags/example_trigger_target_dag.py for tasks to queue
[2026-06-13T11:12:21.740+0000] {logging_mixin.py:188} INFO - [2026-06-13T11:12:21.739+0000] {dagbag.py:545} INFO - Filling up the DagBag from /home/airflow/.local/lib/python3.12/site-packages/airflow/example_dags/example_trigger_target_dag.py
[2026-06-13T11:12:21.746+0000] {processor.py:840} INFO - DAG(s) 'example_trigger_target_dag' retrieved from /home/airflow/.local/lib/python3.12/site-packages/airflow/example_dags/example_trigger_target_dag.py
[2026-06-13T11:12:21.771+0000] {logging_mixin.py:188} INFO - [2026-06-13T11:12:21.771+0000] {dag.py:3096} INFO - Sync 1 DAGs
[2026-06-13T11:12:21.786+0000] {logging_mixin.py:188} INFO - [2026-06-13T11:12:21.785+0000] {dag.py:3954} INFO - Setting next_dagrun for example_trigger_target_dag to None, run_after=None
[2026-06-13T11:12:21.815+0000] {processor.py:183} INFO - Processing /home/airflow/.local/lib/python3.12/site-packages/airflow/example_dags/example_trigger_target_dag.py took 0.085 seconds
[2026-06-13T11:12:52.018+0000] {processor.py:161} INFO - Started process (PID=494) to work on /home/airflow/.local/lib/python3.12/site-packages/airflow/example_dags/example_trigger_target_dag.py
[2026-06-13T11:12:52.020+0000] {processor.py:830} INFO - Processing file /home/airflow/.local/lib/python3.12/site-packages/airflow/example_dags/example_trigger_target_dag.py for tasks to queue
[2026-06-13T11:12:52.023+0000] {logging_mixin.py:188} INFO - [2026-06-13T11:12:52.022+0000] {dagbag.py:545} INFO - Filling up the DagBag from /home/airflow/.local/lib/python3.12/site-packages/airflow/example_dags/example_trigger_target_dag.py
[2026-06-13T11:12:52.030+0000] {processor.py:840} INFO - DAG(s) 'example_trigger_target_dag' retrieved from /home/airflow/.local/lib/python3.12/site-packages/airflow/example_dags/example_trigger_target_dag.py
[2026-06-13T11:12:52.056+0000] {logging_mixin.py:188} INFO - [2026-06-13T11:12:52.056+0000] {dag.py:3096} INFO - Sync 1 DAGs
[2026-06-13T11:12:52.071+0000] {logging_mixin.py:188} INFO - [2026-06-13T11:12:52.071+0000] {dag.py:3954} INFO - Setting next_dagrun for example_trigger_target_dag to None, run_after=None
[2026-06-13T11:12:52.098+0000] {processor.py:183} INFO - Processing /home/airflow/.local/lib/python3.12/site-packages/airflow/example_dags/example_trigger_target_dag.py took 0.086 seconds
[2026-06-13T11:13:22.338+0000] {processor.py:161} INFO - Started process (PID=553) to work on /home/airflow/.local/lib/python3.12/site-packages/airflow/example_dags/example_trigger_target_dag.py
[2026-06-13T11:13:22.340+0000] {processor.py:830} INFO - Processing file /home/airflow/.local/lib/python3.12/site-packages/airflow/example_dags/example_trigger_target_dag.py for tasks to queue
[2026-06-13T11:13:22.343+0000] {logging_mixin.py:188} INFO - [2026-06-13T11:13:22.342+0000] {dagbag.py:545} INFO - Filling up the DagBag from /home/airflow/.local/lib/python3.12/site-packages/airflow/example_dags/example_trigger_target_dag.py
[2026-06-13T11:13:22.350+0000] {processor.py:840} INFO - DAG(s) 'example_trigger_target_dag' retrieved from /home/airflow/.local/lib/python3.12/site-packages/airflow/example_dags/example_trigger_target_dag.py
[2026-06-13T11:13:22.375+0000] {logging_mixin.py:188} INFO - [2026-06-13T11:13:22.375+0000] {dag.py:3096} INFO - Sync 1 DAGs
[2026-06-13T11:13:22.391+0000] {logging_mixin.py:188} INFO - [2026-06-13T11:13:22.390+0000] {dag.py:3954} INFO - Setting next_dagrun for example_trigger_target_dag to None, run_after=None
[2026-06-13T11:13:22.420+0000] {processor.py:183} INFO - Processing /home/airflow/.local/lib/python3.12/site-packages/airflow/example_dags/example_trigger_target_dag.py took 0.088 seconds
[2026-06-13T11:13:52.834+0000] {processor.py:161} INFO - Started process (PID=612) to work on /home/airflow/.local/lib/python3.12/site-packages/airflow/example_dags/example_trigger_target_dag.py
[2026-06-13T11:13:52.836+0000] {processor.py:830} INFO - Processing file /home/airflow/.local/lib/python3.12/site-packages/airflow/example_dags/example_trigger_target_dag.py for tasks to queue
[2026-06-13T11:13:52.839+0000] {logging_mixin.py:188} INFO - [2026-06-13T11:13:52.838+0000] {dagbag.py:545} INFO - Filling up the DagBag from /home/airflow/.local/lib/python3.12/site-packages/airflow/example_dags/example_trigger_target_dag.py
[2026-06-13T11:13:52.846+0000] {processor.py:840} INFO - DAG(s) 'example_trigger_target_dag' retrieved from /home/airflow/.local/lib/python3.12/site-packages/airflow/example_dags/example_trigger_target_dag.py
[2026-06-13T11:13:52.871+0000] {logging_mixin.py:188} INFO - [2026-06-13T11:13:52.871+0000] {dag.py:3096} INFO - Sync 1 DAGs
[2026-06-13T11:13:52.885+0000] {logging_mixin.py:188} INFO - [2026-06-13T11:13:52.885+0000] {dag.py:3954} INFO - Setting next_dagrun for example_trigger_target_dag to None, run_after=None
[2026-06-13T11:13:52.912+0000] {processor.py:183} INFO - Processing /home/airflow/.local/lib/python3.12/site-packages/airflow/example_dags/example_trigger_target_dag.py took 0.085 seconds
[2026-06-13T11:14:23.323+0000] {processor.py:161} INFO - Started process (PID=671) to work on /home/airflow/.local/lib/python3.12/site-packages/airflow/example_dags/example_trigger_target_dag.py
[2026-06-13T11:14:23.325+0000] {processor.py:830} INFO - Processing file /home/airflow/.local/lib/python3.12/site-packages/airflow/example_dags/example_trigger_target_dag.py for tasks to queue
[2026-06-13T11:14:23.328+0000] {logging_mixin.py:188} INFO - [2026-06-13T11:14:23.327+0000] {dagbag.py:545} INFO - Filling up the DagBag from /home/airflow/.local/lib/python3.12/site-packages/airflow/example_dags/example_trigger_target_dag.py
[2026-06-13T11:14:23.336+0000] {processor.py:840} INFO - DAG(s) 'example_trigger_target_dag' retrieved from /home/airflow/.local/lib/python3.12/site-packages/airflow/example_dags/example_trigger_target_dag.py
[2026-06-13T11:14:23.363+0000] {logging_mixin.py:188} INFO - [2026-06-13T11:14:23.363+0000] {dag.py:3096} INFO - Sync 1 DAGs
[2026-06-13T11:14:23.380+0000] {logging_mixin.py:188} INFO - [2026-06-13T11:14:23.379+0000] {dag.py:3954} INFO - Setting next_dagrun for example_trigger_target_dag to None, run_after=None
[2026-06-13T11:14:23.410+0000] {processor.py:183} INFO - Processing /home/airflow/.local/lib/python3.12/site-packages/airflow/example_dags/example_trigger_target_dag.py took 0.095 seconds
[2026-06-13T11:14:53.774+0000] {processor.py:161} INFO - Started process (PID=730) to work on /home/airflow/.local/lib/python3.12/site-packages/airflow/example_dags/example_trigger_target_dag.py
[2026-06-13T11:14:53.775+0000] {processor.py:830} INFO - Processing file /home/airflow/.local/lib/python3.12/site-packages/airflow/example_dags/example_trigger_target_dag.py for tasks to queue
[2026-06-13T11:14:53.778+0000] {logging_mixin.py:188} INFO - [2026-06-13T11:14:53.778+0000] {dagbag.py:545} INFO - Filling up the DagBag from /home/airflow/.local/lib/python3.12/site-packages/airflow/example_dags/example_trigger_target_dag.py
[2026-06-13T11:14:53.786+0000] {processor.py:840} INFO - DAG(s) 'example_trigger_target_dag' retrieved from /home/airflow/.local/lib/python3.12/site-packages/airflow/example_dags/example_trigger_target_dag.py
[2026-06-13T11:14:53.813+0000] {logging_mixin.py:188} INFO - [2026-06-13T11:14:53.813+0000] {dag.py:3096} INFO - Sync 1 DAGs
[2026-06-13T11:14:53.828+0000] {logging_mixin.py:188} INFO - [2026-06-13T11:14:53.828+0000] {dag.py:3954} INFO - Setting next_dagrun for example_trigger_target_dag to None, run_after=None
[2026-06-13T11:14:53.856+0000] {processor.py:183} INFO - Processing /home/airflow/.local/lib/python3.12/site-packages/airflow/example_dags/example_trigger_target_dag.py took 0.089 seconds
[2026-06-13T11:15:24.836+0000] {processor.py:161} INFO - Started process (PID=789) to work on /home/airflow/.local/lib/python3.12/site-packages/airflow/example_dags/example_trigger_target_dag.py
[2026-06-13T11:15:24.837+0000] {processor.py:830} INFO - Processing file /home/airflow/.local/lib/python3.12/site-packages/airflow/example_dags/example_trigger_target_dag.py for tasks to queue
[2026-06-13T11:15:24.839+0000] {logging_mixin.py:188} INFO - [2026-06-13T11:15:24.839+0000] {dagbag.py:545} INFO - Filling up the DagBag from /home/airflow/.local/lib/python3.12/site-packages/airflow/example_dags/example_trigger_target_dag.py
[2026-06-13T11:15:24.846+0000] {processor.py:840} INFO - DAG(s) 'example_trigger_target_dag' retrieved from /home/airflow/.local/lib/python3.12/site-packages/airflow/example_dags/example_trigger_target_dag.py
[2026-06-13T11:15:24.872+0000] {logging_mixin.py:188} INFO - [2026-06-13T11:15:24.872+0000] {dag.py:3096} INFO - Sync 1 DAGs
[2026-06-13T11:15:24.887+0000] {logging_mixin.py:188} INFO - [2026-06-13T11:15:24.886+0000] {dag.py:3954} INFO - Setting next_dagrun for example_trigger_target_dag to None, run_after=None
[2026-06-13T11:15:24.914+0000] {processor.py:183} INFO - Processing /home/airflow/.local/lib/python3.12/site-packages/airflow/example_dags/example_trigger_target_dag.py took 0.085 seconds
[2026-06-13T11:15:55.561+0000] {processor.py:161} INFO - Started process (PID=848) to work on /home/airflow/.local/lib/python3.12/site-packages/airflow/example_dags/example_trigger_target_dag.py
[2026-06-13T11:15:55.563+0000] {processor.py:830} INFO - Processing file /home/airflow/.local/lib/python3.12/site-packages/airflow/example_dags/example_trigger_target_dag.py for tasks to queue
[2026-06-13T11:15:55.565+0000] {logging_mixin.py:188} INFO - [2026-06-13T11:15:55.565+0000] {dagbag.py:545} INFO - Filling up the DagBag from /home/airflow/.local/lib/python3.12/site-packages/airflow/example_dags/example_trigger_target_dag.py
[2026-06-13T11:15:55.572+0000] {processor.py:840} INFO - DAG(s) 'example_trigger_target_dag' retrieved from /home/airflow/.local/lib/python3.12/site-packages/airflow/example_dags/example_trigger_target_dag.py
[2026-06-13T11:15:55.599+0000] {logging_mixin.py:188} INFO - [2026-06-13T11:15:55.599+0000] {dag.py:3096} INFO - Sync 1 DAGs
[2026-06-13T11:15:55.614+0000] {logging_mixin.py:188} INFO - [2026-06-13T11:15:55.613+0000] {dag.py:3954} INFO - Setting next_dagrun for example_trigger_target_dag to None, run_after=None
[2026-06-13T11:15:55.640+0000] {processor.py:183} INFO - Processing /home/airflow/.local/lib/python3.12/site-packages/airflow/example_dags/example_trigger_target_dag.py took 0.085 seconds
[2026-06-13T11:16:26.762+0000] {processor.py:161} INFO - Started process (PID=907) to work on /home/airflow/.local/lib/python3.12/site-packages/airflow/example_dags/example_trigger_target_dag.py
[2026-06-13T11:16:26.763+0000] {processor.py:830} INFO - Processing file /home/airflow/.local/lib/python3.12/site-packages/airflow/example_dags/example_trigger_target_dag.py for tasks to queue
[2026-06-13T11:16:26.766+0000] {logging_mixin.py:188} INFO - [2026-06-13T11:16:26.765+0000] {dagbag.py:545} INFO - Filling up the DagBag from /home/airflow/.local/lib/python3.12/site-packages/airflow/example_dags/example_trigger_target_dag.py
[2026-06-13T11:16:26.773+0000] {processor.py:840} INFO - DAG(s) 'example_trigger_target_dag' retrieved from /home/airflow/.local/lib/python3.12/site-packages/airflow/example_dags/example_trigger_target_dag.py
[2026-06-13T11:16:26.800+0000] {logging_mixin.py:188} INFO - [2026-06-13T11:16:26.799+0000] {dag.py:3096} INFO - Sync 1 DAGs
[2026-06-13T11:16:26.816+0000] {logging_mixin.py:188} INFO - [2026-06-13T11:16:26.816+0000] {dag.py:3954} INFO - Setting next_dagrun for example_trigger_target_dag to None, run_after=None
[2026-06-13T11:16:26.847+0000] {processor.py:183} INFO - Processing /home/airflow/.local/lib/python3.12/site-packages/airflow/example_dags/example_trigger_target_dag.py took 0.092 seconds
[2026-06-13T11:16:57.231+0000] {processor.py:161} INFO - Started process (PID=967) to work on /home/airflow/.local/lib/python3.12/site-packages/airflow/example_dags/example_trigger_target_dag.py
[2026-06-13T11:16:57.233+0000] {processor.py:830} INFO - Processing file /home/airflow/.local/lib/python3.12/site-packages/airflow/example_dags/example_trigger_target_dag.py for tasks to queue
[2026-06-13T11:16:57.236+0000] {logging_mixin.py:188} INFO - [2026-06-13T11:16:57.236+0000] {dagbag.py:545} INFO - Filling up the DagBag from /home/airflow/.local/lib/python3.12/site-packages/airflow/example_dags/example_trigger_target_dag.py
[2026-06-13T11:16:57.245+0000] {processor.py:840} INFO - DAG(s) 'example_trigger_target_dag' retrieved from /home/airflow/.local/lib/python3.12/site-packages/airflow/example_dags/example_trigger_target_dag.py
[2026-06-13T11:16:57.277+0000] {logging_mixin.py:188} INFO - [2026-06-13T11:16:57.276+0000] {dag.py:3096} INFO - Sync 1 DAGs
[2026-06-13T11:16:57.293+0000] {logging_mixin.py:188} INFO - [2026-06-13T11:16:57.293+0000] {dag.py:3954} INFO - Setting next_dagrun for example_trigger_target_dag to None, run_after=None
[2026-06-13T11:16:57.326+0000] {processor.py:183} INFO - Processing /home/airflow/.local/lib/python3.12/site-packages/airflow/example_dags/example_trigger_target_dag.py took 0.101 seconds
[2026-06-13T11:17:27.696+0000] {processor.py:161} INFO - Started process (PID=1026) to work on /home/airflow/.local/lib/python3.12/site-packages/airflow/example_dags/example_trigger_target_dag.py
[2026-06-13T11:17:27.698+0000] {processor.py:830} INFO - Processing file /home/airflow/.local/lib/python3.12/site-packages/airflow/example_dags/example_trigger_target_dag.py for tasks to queue
[2026-06-13T11:17:27.701+0000] {logging_mixin.py:188} INFO - [2026-06-13T11:17:27.700+0000] {dagbag.py:545} INFO - Filling up the DagBag from /home/airflow/.local/lib/python3.12/site-packages/airflow/example_dags/example_trigger_target_dag.py
[2026-06-13T11:17:27.707+0000] {processor.py:840} INFO - DAG(s) 'example_trigger_target_dag' retrieved from /home/airflow/.local/lib/python3.12/site-packages/airflow/example_dags/example_trigger_target_dag.py
[2026-06-13T11:17:27.733+0000] {logging_mixin.py:188} INFO - [2026-06-13T11:17:27.733+0000] {dag.py:3096} INFO - Sync 1 DAGs
[2026-06-13T11:17:27.748+0000] {logging_mixin.py:188} INFO - [2026-06-13T11:17:27.748+0000] {dag.py:3954} INFO - Setting next_dagrun for example_trigger_target_dag to None, run_after=None
[2026-06-13T11:17:27.775+0000] {processor.py:183} INFO - Processing /home/airflow/.local/lib/python3.12/site-packages/airflow/example_dags/example_trigger_target_dag.py took 0.085 seconds
[2026-06-13T11:17:57.977+0000] {processor.py:161} INFO - Started process (PID=1085) to work on /home/airflow/.local/lib/python3.12/site-packages/airflow/example_dags/example_trigger_target_dag.py
[2026-06-13T11:17:57.978+0000] {processor.py:830} INFO - Processing file /home/airflow/.local/lib/python3.12/site-packages/airflow/example_dags/example_trigger_target_dag.py for tasks to queue
[2026-06-13T11:17:57.981+0000] {logging_mixin.py:188} INFO - [2026-06-13T11:17:57.980+0000] {dagbag.py:545} INFO - Filling up the DagBag from /home/airflow/.local/lib/python3.12/site-packages/airflow/example_dags/example_trigger_target_dag.py
[2026-06-13T11:17:57.988+0000] {processor.py:840} INFO - DAG(s) 'example_trigger_target_dag' retrieved from /home/airflow/.local/lib/python3.12/site-packages/airflow/example_dags/example_trigger_target_dag.py
[2026-06-13T11:17:58.015+0000] {logging_mixin.py:188} INFO - [2026-06-13T11:17:58.014+0000] {dag.py:3096} INFO - Sync 1 DAGs
[2026-06-13T11:17:58.028+0000] {logging_mixin.py:188} INFO - [2026-06-13T11:17:58.028+0000] {dag.py:3954} INFO - Setting next_dagrun for example_trigger_target_dag to None, run_after=None
[2026-06-13T11:17:58.054+0000] {processor.py:183} INFO - Processing /home/airflow/.local/lib/python3.12/site-packages/airflow/example_dags/example_trigger_target_dag.py took 0.083 seconds
[2026-06-13T11:18:28.623+0000] {processor.py:161} INFO - Started process (PID=1143) to work on /home/airflow/.local/lib/python3.12/site-packages/airflow/example_dags/example_trigger_target_dag.py
[2026-06-13T11:18:28.625+0000] {processor.py:830} INFO - Processing file /home/airflow/.local/lib/python3.12/site-packages/airflow/example_dags/example_trigger_target_dag.py for tasks to queue
[2026-06-13T11:18:28.628+0000] {logging_mixin.py:188} INFO - [2026-06-13T11:18:28.627+0000] {dagbag.py:545} INFO - Filling up the DagBag from /home/airflow/.local/lib/python3.12/site-packages/airflow/example_dags/example_trigger_target_dag.py
[2026-06-13T11:18:28.637+0000] {processor.py:840} INFO - DAG(s) 'example_trigger_target_dag' retrieved from /home/airflow/.local/lib/python3.12/site-packages/airflow/example_dags/example_trigger_target_dag.py
[2026-06-13T11:18:28.666+0000] {logging_mixin.py:188} INFO - [2026-06-13T11:18:28.666+0000] {dag.py:3096} INFO - Sync 1 DAGs
[2026-06-13T11:18:28.681+0000] {logging_mixin.py:188} INFO - [2026-06-13T11:18:28.681+0000] {dag.py:3954} INFO - Setting next_dagrun for example_trigger_target_dag to None, run_after=None
[2026-06-13T11:18:28.714+0000] {processor.py:183} INFO - Processing /home/airflow/.local/lib/python3.12/site-packages/airflow/example_dags/example_trigger_target_dag.py took 0.099 seconds
[2026-06-13T11:48:53.022+0000] {processor.py:161} INFO - Started process (PID=1203) to work on /home/airflow/.local/lib/python3.12/site-packages/airflow/example_dags/example_trigger_target_dag.py
[2026-06-13T11:48:53.024+0000] {processor.py:830} INFO - Processing file /home/airflow/.local/lib/python3.12/site-packages/airflow/example_dags/example_trigger_target_dag.py for tasks to queue
[2026-06-13T11:48:53.029+0000] {logging_mixin.py:188} INFO - [2026-06-13T11:48:53.028+0000] {dagbag.py:545} INFO - Filling up the DagBag from /home/airflow/.local/lib/python3.12/site-packages/airflow/example_dags/example_trigger_target_dag.py
[2026-06-13T11:48:53.039+0000] {processor.py:840} INFO - DAG(s) 'example_trigger_target_dag' retrieved from /home/airflow/.local/lib/python3.12/site-packages/airflow/example_dags/example_trigger_target_dag.py
[2026-06-13T11:48:53.076+0000] {logging_mixin.py:188} INFO - [2026-06-13T11:48:53.075+0000] {dag.py:3096} INFO - Sync 1 DAGs
[2026-06-13T11:48:53.098+0000] {logging_mixin.py:188} INFO - [2026-06-13T11:48:53.097+0000] {dag.py:3954} INFO - Setting next_dagrun for example_trigger_target_dag to None, run_after=None
[2026-06-13T11:48:53.144+0000] {processor.py:183} INFO - Processing /home/airflow/.local/lib/python3.12/site-packages/airflow/example_dags/example_trigger_target_dag.py took 0.132 seconds
[2026-06-13T11:49:23.802+0000] {processor.py:161} INFO - Started process (PID=1262) to work on /home/airflow/.local/lib/python3.12/site-packages/airflow/example_dags/example_trigger_target_dag.py
[2026-06-13T11:49:23.804+0000] {processor.py:830} INFO - Processing file /home/airflow/.local/lib/python3.12/site-packages/airflow/example_dags/example_trigger_target_dag.py for tasks to queue
[2026-06-13T11:49:23.807+0000] {logging_mixin.py:188} INFO - [2026-06-13T11:49:23.806+0000] {dagbag.py:545} INFO - Filling up the DagBag from /home/airflow/.local/lib/python3.12/site-packages/airflow/example_dags/example_trigger_target_dag.py
[2026-06-13T11:49:23.815+0000] {processor.py:840} INFO - DAG(s) 'example_trigger_target_dag' retrieved from /home/airflow/.local/lib/python3.12/site-packages/airflow/example_dags/example_trigger_target_dag.py
[2026-06-13T11:49:23.843+0000] {logging_mixin.py:188} INFO - [2026-06-13T11:49:23.843+0000] {dag.py:3096} INFO - Sync 1 DAGs
[2026-06-13T11:49:23.860+0000] {logging_mixin.py:188} INFO - [2026-06-13T11:49:23.859+0000] {dag.py:3954} INFO - Setting next_dagrun for example_trigger_target_dag to None, run_after=None
[2026-06-13T11:49:23.889+0000] {processor.py:183} INFO - Processing /home/airflow/.local/lib/python3.12/site-packages/airflow/example_dags/example_trigger_target_dag.py took 0.094 seconds
[2026-06-13T11:49:54.331+0000] {processor.py:161} INFO - Started process (PID=1321) to work on /home/airflow/.local/lib/python3.12/site-packages/airflow/example_dags/example_trigger_target_dag.py
[2026-06-13T11:49:54.333+0000] {processor.py:830} INFO - Processing file /home/airflow/.local/lib/python3.12/site-packages/airflow/example_dags/example_trigger_target_dag.py for tasks to queue
[2026-06-13T11:49:54.335+0000] {logging_mixin.py:188} INFO - [2026-06-13T11:49:54.335+0000] {dagbag.py:545} INFO - Filling up the DagBag from /home/airflow/.local/lib/python3.12/site-packages/airflow/example_dags/example_trigger_target_dag.py
[2026-06-13T11:49:54.344+0000] {processor.py:840} INFO - DAG(s) 'example_trigger_target_dag' retrieved from /home/airflow/.local/lib/python3.12/site-packages/airflow/example_dags/example_trigger_target_dag.py
[2026-06-13T11:49:54.372+0000] {logging_mixin.py:188} INFO - [2026-06-13T11:49:54.371+0000] {dag.py:3096} INFO - Sync 1 DAGs
[2026-06-13T11:49:54.386+0000] {logging_mixin.py:188} INFO - [2026-06-13T11:49:54.386+0000] {dag.py:3954} INFO - Setting next_dagrun for example_trigger_target_dag to None, run_after=None
[2026-06-13T11:49:54.414+0000] {processor.py:183} INFO - Processing /home/airflow/.local/lib/python3.12/site-packages/airflow/example_dags/example_trigger_target_dag.py took 0.091 seconds
[2026-06-13T11:50:24.931+0000] {processor.py:161} INFO - Started process (PID=1380) to work on /home/airflow/.local/lib/python3.12/site-packages/airflow/example_dags/example_trigger_target_dag.py
[2026-06-13T11:50:24.933+0000] {processor.py:830} INFO - Processing file /home/airflow/.local/lib/python3.12/site-packages/airflow/example_dags/example_trigger_target_dag.py for tasks to queue
[2026-06-13T11:50:24.936+0000] {logging_mixin.py:188} INFO - [2026-06-13T11:50:24.936+0000] {dagbag.py:545} INFO - Filling up the DagBag from /home/airflow/.local/lib/python3.12/site-packages/airflow/example_dags/example_trigger_target_dag.py
[2026-06-13T11:50:24.943+0000] {processor.py:840} INFO - DAG(s) 'example_trigger_target_dag' retrieved from /home/airflow/.local/lib/python3.12/site-packages/airflow/example_dags/example_trigger_target_dag.py
[2026-06-13T11:50:24.970+0000] {logging_mixin.py:188} INFO - [2026-06-13T11:50:24.969+0000] {dag.py:3096} INFO - Sync 1 DAGs
[2026-06-13T11:50:24.985+0000] {logging_mixin.py:188} INFO - [2026-06-13T11:50:24.985+0000] {dag.py:3954} INFO - Setting next_dagrun for example_trigger_target_dag to None, run_after=None
[2026-06-13T11:50:25.015+0000] {processor.py:183} INFO - Processing /home/airflow/.local/lib/python3.12/site-packages/airflow/example_dags/example_trigger_target_dag.py took 0.091 seconds
[2026-06-13T11:50:55.665+0000] {processor.py:161} INFO - Started process (PID=1439) to work on /home/airflow/.local/lib/python3.12/site-packages/airflow/example_dags/example_trigger_target_dag.py
[2026-06-13T11:50:55.666+0000] {processor.py:830} INFO - Processing file /home/airflow/.local/lib/python3.12/site-packages/airflow/example_dags/example_trigger_target_dag.py for tasks to queue
[2026-06-13T11:50:55.669+0000] {logging_mixin.py:188} INFO - [2026-06-13T11:50:55.669+0000] {dagbag.py:545} INFO - Filling up the DagBag from /home/airflow/.local/lib/python3.12/site-packages/airflow/example_dags/example_trigger_target_dag.py
[2026-06-13T11:50:55.677+0000] {processor.py:840} INFO - DAG(s) 'example_trigger_target_dag' retrieved from /home/airflow/.local/lib/python3.12/site-packages/airflow/example_dags/example_trigger_target_dag.py
[2026-06-13T11:50:55.704+0000] {logging_mixin.py:188} INFO - [2026-06-13T11:50:55.704+0000] {dag.py:3096} INFO - Sync 1 DAGs
[2026-06-13T11:50:55.720+0000] {logging_mixin.py:188} INFO - [2026-06-13T11:50:55.719+0000] {dag.py:3954} INFO - Setting next_dagrun for example_trigger_target_dag to None, run_after=None
[2026-06-13T11:50:55.747+0000] {processor.py:183} INFO - Processing /home/airflow/.local/lib/python3.12/site-packages/airflow/example_dags/example_trigger_target_dag.py took 0.088 seconds
[2026-06-13T11:51:26.217+0000] {processor.py:161} INFO - Started process (PID=1498) to work on /home/airflow/.local/lib/python3.12/site-packages/airflow/example_dags/example_trigger_target_dag.py
[2026-06-13T11:51:26.219+0000] {processor.py:830} INFO - Processing file /home/airflow/.local/lib/python3.12/site-packages/airflow/example_dags/example_trigger_target_dag.py for tasks to queue
[2026-06-13T11:51:26.221+0000] {logging_mixin.py:188} INFO - [2026-06-13T11:51:26.221+0000] {dagbag.py:545} INFO - Filling up the DagBag from /home/airflow/.local/lib/python3.12/site-packages/airflow/example_dags/example_trigger_target_dag.py
[2026-06-13T11:51:26.229+0000] {processor.py:840} INFO - DAG(s) 'example_trigger_target_dag' retrieved from /home/airflow/.local/lib/python3.12/site-packages/airflow/example_dags/example_trigger_target_dag.py
[2026-06-13T11:51:26.254+0000] {logging_mixin.py:188} INFO - [2026-06-13T11:51:26.254+0000] {dag.py:3096} INFO - Sync 1 DAGs
[2026-06-13T11:51:26.270+0000] {logging_mixin.py:188} INFO - [2026-06-13T11:51:26.270+0000] {dag.py:3954} INFO - Setting next_dagrun for example_trigger_target_dag to None, run_after=None
[2026-06-13T11:51:26.297+0000] {processor.py:183} INFO - Processing /home/airflow/.local/lib/python3.12/site-packages/airflow/example_dags/example_trigger_target_dag.py took 0.086 seconds
[2026-06-13T11:51:57.681+0000] {processor.py:161} INFO - Started process (PID=1557) to work on /home/airflow/.local/lib/python3.12/site-packages/airflow/example_dags/example_trigger_target_dag.py
[2026-06-13T11:51:57.682+0000] {processor.py:830} INFO - Processing file /home/airflow/.local/lib/python3.12/site-packages/airflow/example_dags/example_trigger_target_dag.py for tasks to queue
[2026-06-13T11:51:57.685+0000] {logging_mixin.py:188} INFO - [2026-06-13T11:51:57.685+0000] {dagbag.py:545} INFO - Filling up the DagBag from /home/airflow/.local/lib/python3.12/site-packages/airflow/example_dags/example_trigger_target_dag.py
[2026-06-13T11:51:57.693+0000] {processor.py:840} INFO - DAG(s) 'example_trigger_target_dag' retrieved from /home/airflow/.local/lib/python3.12/site-packages/airflow/example_dags/example_trigger_target_dag.py
[2026-06-13T11:51:57.726+0000] {logging_mixin.py:188} INFO - [2026-06-13T11:51:57.726+0000] {dag.py:3096} INFO - Sync 1 DAGs
[2026-06-13T11:51:57.740+0000] {logging_mixin.py:188} INFO - [2026-06-13T11:51:57.739+0000] {dag.py:3954} INFO - Setting next_dagrun for example_trigger_target_dag to None, run_after=None
[2026-06-13T11:51:57.766+0000] {processor.py:183} INFO - Processing /home/airflow/.local/lib/python3.12/site-packages/airflow/example_dags/example_trigger_target_dag.py took 0.090 seconds
[2026-06-13T11:52:29.084+0000] {processor.py:161} INFO - Started process (PID=1616) to work on /home/airflow/.local/lib/python3.12/site-packages/airflow/example_dags/example_trigger_target_dag.py
[2026-06-13T11:52:29.086+0000] {processor.py:830} INFO - Processing file /home/airflow/.local/lib/python3.12/site-packages/airflow/example_dags/example_trigger_target_dag.py for tasks to queue
[2026-06-13T11:52:29.089+0000] {logging_mixin.py:188} INFO - [2026-06-13T11:52:29.088+0000] {dagbag.py:545} INFO - Filling up the DagBag from /home/airflow/.local/lib/python3.12/site-packages/airflow/example_dags/example_trigger_target_dag.py
[2026-06-13T11:52:29.095+0000] {processor.py:840} INFO - DAG(s) 'example_trigger_target_dag' retrieved from /home/airflow/.local/lib/python3.12/site-packages/airflow/example_dags/example_trigger_target_dag.py
[2026-06-13T11:52:29.122+0000] {logging_mixin.py:188} INFO - [2026-06-13T11:52:29.121+0000] {dag.py:3096} INFO - Sync 1 DAGs
[2026-06-13T11:52:29.135+0000] {logging_mixin.py:188} INFO - [2026-06-13T11:52:29.134+0000] {dag.py:3954} INFO - Setting next_dagrun for example_trigger_target_dag to None, run_after=None
[2026-06-13T11:52:29.162+0000] {processor.py:183} INFO - Processing /home/airflow/.local/lib/python3.12/site-packages/airflow/example_dags/example_trigger_target_dag.py took 0.085 seconds
[2026-06-13T11:52:59.725+0000] {processor.py:161} INFO - Started process (PID=1675) to work on /home/airflow/.local/lib/python3.12/site-packages/airflow/example_dags/example_trigger_target_dag.py
[2026-06-13T11:52:59.727+0000] {processor.py:830} INFO - Processing file /home/airflow/.local/lib/python3.12/site-packages/airflow/example_dags/example_trigger_target_dag.py for tasks to queue
[2026-06-13T11:52:59.730+0000] {logging_mixin.py:188} INFO - [2026-06-13T11:52:59.729+0000] {dagbag.py:545} INFO - Filling up the DagBag from /home/airflow/.local/lib/python3.12/site-packages/airflow/example_dags/example_trigger_target_dag.py
[2026-06-13T11:52:59.737+0000] {processor.py:840} INFO - DAG(s) 'example_trigger_target_dag' retrieved from /home/airflow/.local/lib/python3.12/site-packages/airflow/example_dags/example_trigger_target_dag.py
[2026-06-13T11:52:59.762+0000] {logging_mixin.py:188} INFO - [2026-06-13T11:52:59.762+0000] {dag.py:3096} INFO - Sync 1 DAGs
[2026-06-13T11:52:59.777+0000] {logging_mixin.py:188} INFO - [2026-06-13T11:52:59.776+0000] {dag.py:3954} INFO - Setting next_dagrun for example_trigger_target_dag to None, run_after=None
[2026-06-13T11:52:59.805+0000] {processor.py:183} INFO - Processing /home/airflow/.local/lib/python3.12/site-packages/airflow/example_dags/example_trigger_target_dag.py took 0.086 seconds
[2026-06-13T11:53:30.416+0000] {processor.py:161} INFO - Started process (PID=1734) to work on /home/airflow/.local/lib/python3.12/site-packages/airflow/example_dags/example_trigger_target_dag.py
[2026-06-13T11:53:30.418+0000] {processor.py:830} INFO - Processing file /home/airflow/.local/lib/python3.12/site-packages/airflow/example_dags/example_trigger_target_dag.py for tasks to queue
[2026-06-13T11:53:30.421+0000] {logging_mixin.py:188} INFO - [2026-06-13T11:53:30.420+0000] {dagbag.py:545} INFO - Filling up the DagBag from /home/airflow/.local/lib/python3.12/site-packages/airflow/example_dags/example_trigger_target_dag.py
[2026-06-13T11:53:30.428+0000] {processor.py:840} INFO - DAG(s) 'example_trigger_target_dag' retrieved from /home/airflow/.local/lib/python3.12/site-packages/airflow/example_dags/example_trigger_target_dag.py
[2026-06-13T11:53:30.455+0000] {logging_mixin.py:188} INFO - [2026-06-13T11:53:30.455+0000] {dag.py:3096} INFO - Sync 1 DAGs
[2026-06-13T11:53:30.470+0000] {logging_mixin.py:188} INFO - [2026-06-13T11:53:30.470+0000] {dag.py:3954} INFO - Setting next_dagrun for example_trigger_target_dag to None, run_after=None
[2026-06-13T11:53:30.498+0000] {processor.py:183} INFO - Processing /home/airflow/.local/lib/python3.12/site-packages/airflow/example_dags/example_trigger_target_dag.py took 0.088 seconds
[2026-06-13T11:54:00.906+0000] {processor.py:161} INFO - Started process (PID=1793) to work on /home/airflow/.local/lib/python3.12/site-packages/airflow/example_dags/example_trigger_target_dag.py
[2026-06-13T11:54:00.908+0000] {processor.py:830} INFO - Processing file /home/airflow/.local/lib/python3.12/site-packages/airflow/example_dags/example_trigger_target_dag.py for tasks to queue
[2026-06-13T11:54:00.911+0000] {logging_mixin.py:188} INFO - [2026-06-13T11:54:00.911+0000] {dagbag.py:545} INFO - Filling up the DagBag from /home/airflow/.local/lib/python3.12/site-packages/airflow/example_dags/example_trigger_target_dag.py
[2026-06-13T11:54:00.919+0000] {processor.py:840} INFO - DAG(s) 'example_trigger_target_dag' retrieved from /home/airflow/.local/lib/python3.12/site-packages/airflow/example_dags/example_trigger_target_dag.py
[2026-06-13T11:54:00.946+0000] {logging_mixin.py:188} INFO - [2026-06-13T11:54:00.945+0000] {dag.py:3096} INFO - Sync 1 DAGs
[2026-06-13T11:54:00.961+0000] {logging_mixin.py:188} INFO - [2026-06-13T11:54:00.961+0000] {dag.py:3954} INFO - Setting next_dagrun for example_trigger_target_dag to None, run_after=None
[2026-06-13T11:54:00.990+0000] {processor.py:183} INFO - Processing /home/airflow/.local/lib/python3.12/site-packages/airflow/example_dags/example_trigger_target_dag.py took 0.092 seconds
[2026-06-13T11:54:32.580+0000] {processor.py:161} INFO - Started process (PID=1852) to work on /home/airflow/.local/lib/python3.12/site-packages/airflow/example_dags/example_trigger_target_dag.py
[2026-06-13T11:54:32.581+0000] {processor.py:830} INFO - Processing file /home/airflow/.local/lib/python3.12/site-packages/airflow/example_dags/example_trigger_target_dag.py for tasks to queue
[2026-06-13T11:54:32.584+0000] {logging_mixin.py:188} INFO - [2026-06-13T11:54:32.584+0000] {dagbag.py:545} INFO - Filling up the DagBag from /home/airflow/.local/lib/python3.12/site-packages/airflow/example_dags/example_trigger_target_dag.py
[2026-06-13T11:54:32.591+0000] {processor.py:840} INFO - DAG(s) 'example_trigger_target_dag' retrieved from /home/airflow/.local/lib/python3.12/site-packages/airflow/example_dags/example_trigger_target_dag.py
[2026-06-13T11:54:32.615+0000] {logging_mixin.py:188} INFO - [2026-06-13T11:54:32.615+0000] {dag.py:3096} INFO - Sync 1 DAGs
[2026-06-13T11:54:32.759+0000] {logging_mixin.py:188} INFO - [2026-06-13T11:54:32.759+0000] {dag.py:3954} INFO - Setting next_dagrun for example_trigger_target_dag to None, run_after=None
[2026-06-13T11:54:32.786+0000] {processor.py:183} INFO - Processing /home/airflow/.local/lib/python3.12/site-packages/airflow/example_dags/example_trigger_target_dag.py took 0.212 seconds
[2026-06-13T11:55:03.480+0000] {processor.py:161} INFO - Started process (PID=1912) to work on /home/airflow/.local/lib/python3.12/site-packages/airflow/example_dags/example_trigger_target_dag.py
[2026-06-13T11:55:03.482+0000] {processor.py:830} INFO - Processing file /home/airflow/.local/lib/python3.12/site-packages/airflow/example_dags/example_trigger_target_dag.py for tasks to queue
[2026-06-13T11:55:03.485+0000] {logging_mixin.py:188} INFO - [2026-06-13T11:55:03.484+0000] {dagbag.py:545} INFO - Filling up the DagBag from /home/airflow/.local/lib/python3.12/site-packages/airflow/example_dags/example_trigger_target_dag.py
[2026-06-13T11:55:03.492+0000] {processor.py:840} INFO - DAG(s) 'example_trigger_target_dag' retrieved from /home/airflow/.local/lib/python3.12/site-packages/airflow/example_dags/example_trigger_target_dag.py
[2026-06-13T11:55:03.518+0000] {logging_mixin.py:188} INFO - [2026-06-13T11:55:03.517+0000] {dag.py:3096} INFO - Sync 1 DAGs
[2026-06-13T11:55:03.531+0000] {logging_mixin.py:188} INFO - [2026-06-13T11:55:03.531+0000] {dag.py:3954} INFO - Setting next_dagrun for example_trigger_target_dag to None, run_after=None
[2026-06-13T11:55:03.567+0000] {processor.py:183} INFO - Processing /home/airflow/.local/lib/python3.12/site-packages/airflow/example_dags/example_trigger_target_dag.py took 0.093 seconds
[2026-06-13T11:55:33.665+0000] {processor.py:161} INFO - Started process (PID=1971) to work on /home/airflow/.local/lib/python3.12/site-packages/airflow/example_dags/example_trigger_target_dag.py
[2026-06-13T11:55:33.667+0000] {processor.py:830} INFO - Processing file /home/airflow/.local/lib/python3.12/site-packages/airflow/example_dags/example_trigger_target_dag.py for tasks to queue
[2026-06-13T11:55:33.670+0000] {logging_mixin.py:188} INFO - [2026-06-13T11:55:33.669+0000] {dagbag.py:545} INFO - Filling up the DagBag from /home/airflow/.local/lib/python3.12/site-packages/airflow/example_dags/example_trigger_target_dag.py
[2026-06-13T11:55:33.677+0000] {processor.py:840} INFO - DAG(s) 'example_trigger_target_dag' retrieved from /home/airflow/.local/lib/python3.12/site-packages/airflow/example_dags/example_trigger_target_dag.py
[2026-06-13T11:55:33.703+0000] {logging_mixin.py:188} INFO - [2026-06-13T11:55:33.703+0000] {dag.py:3096} INFO - Sync 1 DAGs
[2026-06-13T11:55:33.718+0000] {logging_mixin.py:188} INFO - [2026-06-13T11:55:33.717+0000] {dag.py:3954} INFO - Setting next_dagrun for example_trigger_target_dag to None, run_after=None
[2026-06-13T11:55:33.747+0000] {processor.py:183} INFO - Processing /home/airflow/.local/lib/python3.12/site-packages/airflow/example_dags/example_trigger_target_dag.py took 0.087 seconds
[2026-06-13T11:57:49.812+0000] {processor.py:161} INFO - Started process (PID=2030) to work on /home/airflow/.local/lib/python3.12/site-packages/airflow/example_dags/example_trigger_target_dag.py
[2026-06-13T11:57:49.814+0000] {processor.py:830} INFO - Processing file /home/airflow/.local/lib/python3.12/site-packages/airflow/example_dags/example_trigger_target_dag.py for tasks to queue
[2026-06-13T11:57:49.817+0000] {logging_mixin.py:188} INFO - [2026-06-13T11:57:49.817+0000] {dagbag.py:545} INFO - Filling up the DagBag from /home/airflow/.local/lib/python3.12/site-packages/airflow/example_dags/example_trigger_target_dag.py
[2026-06-13T11:57:49.824+0000] {processor.py:840} INFO - DAG(s) 'example_trigger_target_dag' retrieved from /home/airflow/.local/lib/python3.12/site-packages/airflow/example_dags/example_trigger_target_dag.py
[2026-06-13T11:57:49.850+0000] {logging_mixin.py:188} INFO - [2026-06-13T11:57:49.850+0000] {dag.py:3096} INFO - Sync 1 DAGs
[2026-06-13T11:57:49.865+0000] {logging_mixin.py:188} INFO - [2026-06-13T11:57:49.864+0000] {dag.py:3954} INFO - Setting next_dagrun for example_trigger_target_dag to None, run_after=None
[2026-06-13T11:57:49.894+0000] {processor.py:183} INFO - Processing /home/airflow/.local/lib/python3.12/site-packages/airflow/example_dags/example_trigger_target_dag.py took 0.089 seconds
[2026-06-13T11:58:20.402+0000] {processor.py:161} INFO - Started process (PID=2097) to work on /home/airflow/.local/lib/python3.12/site-packages/airflow/example_dags/example_trigger_target_dag.py
[2026-06-13T11:58:20.404+0000] {processor.py:830} INFO - Processing file /home/airflow/.local/lib/python3.12/site-packages/airflow/example_dags/example_trigger_target_dag.py for tasks to queue
[2026-06-13T11:58:20.408+0000] {logging_mixin.py:188} INFO - [2026-06-13T11:58:20.407+0000] {dagbag.py:545} INFO - Filling up the DagBag from /home/airflow/.local/lib/python3.12/site-packages/airflow/example_dags/example_trigger_target_dag.py
[2026-06-13T11:58:20.416+0000] {processor.py:840} INFO - DAG(s) 'example_trigger_target_dag' retrieved from /home/airflow/.local/lib/python3.12/site-packages/airflow/example_dags/example_trigger_target_dag.py
[2026-06-13T11:58:20.448+0000] {logging_mixin.py:188} INFO - [2026-06-13T11:58:20.447+0000] {dag.py:3096} INFO - Sync 1 DAGs
[2026-06-13T11:58:20.467+0000] {logging_mixin.py:188} INFO - [2026-06-13T11:58:20.467+0000] {dag.py:3954} INFO - Setting next_dagrun for example_trigger_target_dag to None, run_after=None
[2026-06-13T11:58:20.496+0000] {processor.py:183} INFO - Processing /home/airflow/.local/lib/python3.12/site-packages/airflow/example_dags/example_trigger_target_dag.py took 0.105 seconds
[2026-06-13T11:58:50.958+0000] {processor.py:161} INFO - Started process (PID=2157) to work on /home/airflow/.local/lib/python3.12/site-packages/airflow/example_dags/example_trigger_target_dag.py
[2026-06-13T11:58:50.959+0000] {processor.py:830} INFO - Processing file /home/airflow/.local/lib/python3.12/site-packages/airflow/example_dags/example_trigger_target_dag.py for tasks to queue
[2026-06-13T11:58:50.962+0000] {logging_mixin.py:188} INFO - [2026-06-13T11:58:50.962+0000] {dagbag.py:545} INFO - Filling up the DagBag from /home/airflow/.local/lib/python3.12/site-packages/airflow/example_dags/example_trigger_target_dag.py
[2026-06-13T11:58:50.969+0000] {processor.py:840} INFO - DAG(s) 'example_trigger_target_dag' retrieved from /home/airflow/.local/lib/python3.12/site-packages/airflow/example_dags/example_trigger_target_dag.py
[2026-06-13T11:58:50.994+0000] {logging_mixin.py:188} INFO - [2026-06-13T11:58:50.994+0000] {dag.py:3096} INFO - Sync 1 DAGs
[2026-06-13T11:58:51.007+0000] {logging_mixin.py:188} INFO - [2026-06-13T11:58:51.007+0000] {dag.py:3954} INFO - Setting next_dagrun for example_trigger_target_dag to None, run_after=None
[2026-06-13T11:58:51.033+0000] {processor.py:183} INFO - Processing /home/airflow/.local/lib/python3.12/site-packages/airflow/example_dags/example_trigger_target_dag.py took 0.083 seconds
[2026-06-13T11:59:21.690+0000] {processor.py:161} INFO - Started process (PID=2255) to work on /home/airflow/.local/lib/python3.12/site-packages/airflow/example_dags/example_trigger_target_dag.py
[2026-06-13T11:59:21.692+0000] {processor.py:830} INFO - Processing file /home/airflow/.local/lib/python3.12/site-packages/airflow/example_dags/example_trigger_target_dag.py for tasks to queue
[2026-06-13T11:59:21.695+0000] {logging_mixin.py:188} INFO - [2026-06-13T11:59:21.694+0000] {dagbag.py:545} INFO - Filling up the DagBag from /home/airflow/.local/lib/python3.12/site-packages/airflow/example_dags/example_trigger_target_dag.py
[2026-06-13T11:59:21.701+0000] {processor.py:840} INFO - DAG(s) 'example_trigger_target_dag' retrieved from /home/airflow/.local/lib/python3.12/site-packages/airflow/example_dags/example_trigger_target_dag.py
[2026-06-13T11:59:21.727+0000] {logging_mixin.py:188} INFO - [2026-06-13T11:59:21.727+0000] {dag.py:3096} INFO - Sync 1 DAGs
[2026-06-13T11:59:21.742+0000] {logging_mixin.py:188} INFO - [2026-06-13T11:59:21.741+0000] {dag.py:3954} INFO - Setting next_dagrun for example_trigger_target_dag to None, run_after=None
[2026-06-13T11:59:21.770+0000] {processor.py:183} INFO - Processing /home/airflow/.local/lib/python3.12/site-packages/airflow/example_dags/example_trigger_target_dag.py took 0.090 seconds
[2026-06-13T11:59:51.971+0000] {processor.py:161} INFO - Started process (PID=2314) to work on /home/airflow/.local/lib/python3.12/site-packages/airflow/example_dags/example_trigger_target_dag.py
[2026-06-13T11:59:51.973+0000] {processor.py:830} INFO - Processing file /home/airflow/.local/lib/python3.12/site-packages/airflow/example_dags/example_trigger_target_dag.py for tasks to queue
[2026-06-13T11:59:51.976+0000] {logging_mixin.py:188} INFO - [2026-06-13T11:59:51.975+0000] {dagbag.py:545} INFO - Filling up the DagBag from /home/airflow/.local/lib/python3.12/site-packages/airflow/example_dags/example_trigger_target_dag.py
[2026-06-13T11:59:51.983+0000] {processor.py:840} INFO - DAG(s) 'example_trigger_target_dag' retrieved from /home/airflow/.local/lib/python3.12/site-packages/airflow/example_dags/example_trigger_target_dag.py
[2026-06-13T11:59:52.008+0000] {logging_mixin.py:188} INFO - [2026-06-13T11:59:52.008+0000] {dag.py:3096} INFO - Sync 1 DAGs
[2026-06-13T11:59:52.025+0000] {logging_mixin.py:188} INFO - [2026-06-13T11:59:52.025+0000] {dag.py:3954} INFO - Setting next_dagrun for example_trigger_target_dag to None, run_after=None
[2026-06-13T11:59:52.051+0000] {processor.py:183} INFO - Processing /home/airflow/.local/lib/python3.12/site-packages/airflow/example_dags/example_trigger_target_dag.py took 0.091 seconds
[2026-06-13T12:00:22.520+0000] {processor.py:161} INFO - Started process (PID=2373) to work on /home/airflow/.local/lib/python3.12/site-packages/airflow/example_dags/example_trigger_target_dag.py
[2026-06-13T12:00:22.522+0000] {processor.py:830} INFO - Processing file /home/airflow/.local/lib/python3.12/site-packages/airflow/example_dags/example_trigger_target_dag.py for tasks to queue
[2026-06-13T12:00:22.525+0000] {logging_mixin.py:188} INFO - [2026-06-13T12:00:22.525+0000] {dagbag.py:545} INFO - Filling up the DagBag from /home/airflow/.local/lib/python3.12/site-packages/airflow/example_dags/example_trigger_target_dag.py
[2026-06-13T12:00:22.532+0000] {processor.py:840} INFO - DAG(s) 'example_trigger_target_dag' retrieved from /home/airflow/.local/lib/python3.12/site-packages/airflow/example_dags/example_trigger_target_dag.py
[2026-06-13T12:00:22.559+0000] {logging_mixin.py:188} INFO - [2026-06-13T12:00:22.559+0000] {dag.py:3096} INFO - Sync 1 DAGs
[2026-06-13T12:00:22.573+0000] {logging_mixin.py:188} INFO - [2026-06-13T12:00:22.573+0000] {dag.py:3954} INFO - Setting next_dagrun for example_trigger_target_dag to None, run_after=None
[2026-06-13T12:00:22.604+0000] {processor.py:183} INFO - Processing /home/airflow/.local/lib/python3.12/site-packages/airflow/example_dags/example_trigger_target_dag.py took 0.095 seconds
[2026-06-13T12:00:53.073+0000] {processor.py:161} INFO - Started process (PID=2450) to work on /home/airflow/.local/lib/python3.12/site-packages/airflow/example_dags/example_trigger_target_dag.py
[2026-06-13T12:00:53.075+0000] {processor.py:830} INFO - Processing file /home/airflow/.local/lib/python3.12/site-packages/airflow/example_dags/example_trigger_target_dag.py for tasks to queue
[2026-06-13T12:00:53.078+0000] {logging_mixin.py:188} INFO - [2026-06-13T12:00:53.077+0000] {dagbag.py:545} INFO - Filling up the DagBag from /home/airflow/.local/lib/python3.12/site-packages/airflow/example_dags/example_trigger_target_dag.py
[2026-06-13T12:00:53.086+0000] {processor.py:840} INFO - DAG(s) 'example_trigger_target_dag' retrieved from /home/airflow/.local/lib/python3.12/site-packages/airflow/example_dags/example_trigger_target_dag.py
[2026-06-13T12:00:53.113+0000] {logging_mixin.py:188} INFO - [2026-06-13T12:00:53.113+0000] {dag.py:3096} INFO - Sync 1 DAGs
[2026-06-13T12:00:53.129+0000] {logging_mixin.py:188} INFO - [2026-06-13T12:00:53.129+0000] {dag.py:3954} INFO - Setting next_dagrun for example_trigger_target_dag to None, run_after=None
[2026-06-13T12:00:53.161+0000] {processor.py:183} INFO - Processing /home/airflow/.local/lib/python3.12/site-packages/airflow/example_dags/example_trigger_target_dag.py took 0.097 seconds
[2026-06-13T12:01:24.196+0000] {processor.py:161} INFO - Started process (PID=2509) to work on /home/airflow/.local/lib/python3.12/site-packages/airflow/example_dags/example_trigger_target_dag.py
[2026-06-13T12:01:24.197+0000] {processor.py:830} INFO - Processing file /home/airflow/.local/lib/python3.12/site-packages/airflow/example_dags/example_trigger_target_dag.py for tasks to queue
[2026-06-13T12:01:24.201+0000] {logging_mixin.py:188} INFO - [2026-06-13T12:01:24.200+0000] {dagbag.py:545} INFO - Filling up the DagBag from /home/airflow/.local/lib/python3.12/site-packages/airflow/example_dags/example_trigger_target_dag.py
[2026-06-13T12:01:24.207+0000] {processor.py:840} INFO - DAG(s) 'example_trigger_target_dag' retrieved from /home/airflow/.local/lib/python3.12/site-packages/airflow/example_dags/example_trigger_target_dag.py
[2026-06-13T12:01:24.233+0000] {logging_mixin.py:188} INFO - [2026-06-13T12:01:24.233+0000] {dag.py:3096} INFO - Sync 1 DAGs
[2026-06-13T12:01:24.247+0000] {logging_mixin.py:188} INFO - [2026-06-13T12:01:24.247+0000] {dag.py:3954} INFO - Setting next_dagrun for example_trigger_target_dag to None, run_after=None
[2026-06-13T12:01:24.273+0000] {processor.py:183} INFO - Processing /home/airflow/.local/lib/python3.12/site-packages/airflow/example_dags/example_trigger_target_dag.py took 0.088 seconds
[2026-06-13T12:01:54.462+0000] {processor.py:161} INFO - Started process (PID=2568) to work on /home/airflow/.local/lib/python3.12/site-packages/airflow/example_dags/example_trigger_target_dag.py
[2026-06-13T12:01:54.463+0000] {processor.py:830} INFO - Processing file /home/airflow/.local/lib/python3.12/site-packages/airflow/example_dags/example_trigger_target_dag.py for tasks to queue
[2026-06-13T12:01:54.466+0000] {logging_mixin.py:188} INFO - [2026-06-13T12:01:54.466+0000] {dagbag.py:545} INFO - Filling up the DagBag from /home/airflow/.local/lib/python3.12/site-packages/airflow/example_dags/example_trigger_target_dag.py
[2026-06-13T12:01:54.473+0000] {processor.py:840} INFO - DAG(s) 'example_trigger_target_dag' retrieved from /home/airflow/.local/lib/python3.12/site-packages/airflow/example_dags/example_trigger_target_dag.py
[2026-06-13T12:01:54.498+0000] {logging_mixin.py:188} INFO - [2026-06-13T12:01:54.497+0000] {dag.py:3096} INFO - Sync 1 DAGs
[2026-06-13T12:01:54.512+0000] {logging_mixin.py:188} INFO - [2026-06-13T12:01:54.511+0000] {dag.py:3954} INFO - Setting next_dagrun for example_trigger_target_dag to None, run_after=None
[2026-06-13T12:01:54.538+0000] {processor.py:183} INFO - Processing /home/airflow/.local/lib/python3.12/site-packages/airflow/example_dags/example_trigger_target_dag.py took 0.086 seconds
[2026-06-13T12:02:25.080+0000] {processor.py:161} INFO - Started process (PID=2635) to work on /home/airflow/.local/lib/python3.12/site-packages/airflow/example_dags/example_trigger_target_dag.py
[2026-06-13T12:02:25.081+0000] {processor.py:830} INFO - Processing file /home/airflow/.local/lib/python3.12/site-packages/airflow/example_dags/example_trigger_target_dag.py for tasks to queue
[2026-06-13T12:02:25.084+0000] {logging_mixin.py:188} INFO - [2026-06-13T12:02:25.084+0000] {dagbag.py:545} INFO - Filling up the DagBag from /home/airflow/.local/lib/python3.12/site-packages/airflow/example_dags/example_trigger_target_dag.py
[2026-06-13T12:02:25.091+0000] {processor.py:840} INFO - DAG(s) 'example_trigger_target_dag' retrieved from /home/airflow/.local/lib/python3.12/site-packages/airflow/example_dags/example_trigger_target_dag.py
[2026-06-13T12:02:25.119+0000] {logging_mixin.py:188} INFO - [2026-06-13T12:02:25.119+0000] {dag.py:3096} INFO - Sync 1 DAGs
[2026-06-13T12:02:25.137+0000] {logging_mixin.py:188} INFO - [2026-06-13T12:02:25.137+0000] {dag.py:3954} INFO - Setting next_dagrun for example_trigger_target_dag to None, run_after=None
[2026-06-13T12:02:25.165+0000] {processor.py:183} INFO - Processing /home/airflow/.local/lib/python3.12/site-packages/airflow/example_dags/example_trigger_target_dag.py took 0.096 seconds
[2026-06-13T12:02:55.453+0000] {processor.py:161} INFO - Started process (PID=2750) to work on /home/airflow/.local/lib/python3.12/site-packages/airflow/example_dags/example_trigger_target_dag.py
[2026-06-13T12:02:55.455+0000] {processor.py:830} INFO - Processing file /home/airflow/.local/lib/python3.12/site-packages/airflow/example_dags/example_trigger_target_dag.py for tasks to queue
[2026-06-13T12:02:55.458+0000] {logging_mixin.py:188} INFO - [2026-06-13T12:02:55.458+0000] {dagbag.py:545} INFO - Filling up the DagBag from /home/airflow/.local/lib/python3.12/site-packages/airflow/example_dags/example_trigger_target_dag.py
[2026-06-13T12:02:55.465+0000] {processor.py:840} INFO - DAG(s) 'example_trigger_target_dag' retrieved from /home/airflow/.local/lib/python3.12/site-packages/airflow/example_dags/example_trigger_target_dag.py
[2026-06-13T12:02:55.489+0000] {logging_mixin.py:188} INFO - [2026-06-13T12:02:55.489+0000] {dag.py:3096} INFO - Sync 1 DAGs
[2026-06-13T12:02:55.504+0000] {logging_mixin.py:188} INFO - [2026-06-13T12:02:55.504+0000] {dag.py:3954} INFO - Setting next_dagrun for example_trigger_target_dag to None, run_after=None
[2026-06-13T12:02:55.532+0000] {processor.py:183} INFO - Processing /home/airflow/.local/lib/python3.12/site-packages/airflow/example_dags/example_trigger_target_dag.py took 0.089 seconds
[2026-06-13T12:03:25.845+0000] {processor.py:161} INFO - Started process (PID=2809) to work on /home/airflow/.local/lib/python3.12/site-packages/airflow/example_dags/example_trigger_target_dag.py
[2026-06-13T12:03:25.846+0000] {processor.py:830} INFO - Processing file /home/airflow/.local/lib/python3.12/site-packages/airflow/example_dags/example_trigger_target_dag.py for tasks to queue
[2026-06-13T12:03:25.849+0000] {logging_mixin.py:188} INFO - [2026-06-13T12:03:25.849+0000] {dagbag.py:545} INFO - Filling up the DagBag from /home/airflow/.local/lib/python3.12/site-packages/airflow/example_dags/example_trigger_target_dag.py
[2026-06-13T12:03:25.856+0000] {processor.py:840} INFO - DAG(s) 'example_trigger_target_dag' retrieved from /home/airflow/.local/lib/python3.12/site-packages/airflow/example_dags/example_trigger_target_dag.py
[2026-06-13T12:03:25.882+0000] {logging_mixin.py:188} INFO - [2026-06-13T12:03:25.881+0000] {dag.py:3096} INFO - Sync 1 DAGs
[2026-06-13T12:03:25.897+0000] {logging_mixin.py:188} INFO - [2026-06-13T12:03:25.896+0000] {dag.py:3954} INFO - Setting next_dagrun for example_trigger_target_dag to None, run_after=None
[2026-06-13T12:03:25.923+0000] {processor.py:183} INFO - Processing /home/airflow/.local/lib/python3.12/site-packages/airflow/example_dags/example_trigger_target_dag.py took 0.089 seconds
[2026-06-13T12:03:56.590+0000] {processor.py:161} INFO - Started process (PID=2868) to work on /home/airflow/.local/lib/python3.12/site-packages/airflow/example_dags/example_trigger_target_dag.py
[2026-06-13T12:03:56.591+0000] {processor.py:830} INFO - Processing file /home/airflow/.local/lib/python3.12/site-packages/airflow/example_dags/example_trigger_target_dag.py for tasks to queue
[2026-06-13T12:03:56.594+0000] {logging_mixin.py:188} INFO - [2026-06-13T12:03:56.594+0000] {dagbag.py:545} INFO - Filling up the DagBag from /home/airflow/.local/lib/python3.12/site-packages/airflow/example_dags/example_trigger_target_dag.py
[2026-06-13T12:03:56.601+0000] {processor.py:840} INFO - DAG(s) 'example_trigger_target_dag' retrieved from /home/airflow/.local/lib/python3.12/site-packages/airflow/example_dags/example_trigger_target_dag.py
[2026-06-13T12:03:56.626+0000] {logging_mixin.py:188} INFO - [2026-06-13T12:03:56.626+0000] {dag.py:3096} INFO - Sync 1 DAGs
[2026-06-13T12:03:56.641+0000] {logging_mixin.py:188} INFO - [2026-06-13T12:03:56.641+0000] {dag.py:3954} INFO - Setting next_dagrun for example_trigger_target_dag to None, run_after=None
[2026-06-13T12:03:56.668+0000] {processor.py:183} INFO - Processing /home/airflow/.local/lib/python3.12/site-packages/airflow/example_dags/example_trigger_target_dag.py took 0.089 seconds
[2026-06-13T12:04:27.130+0000] {processor.py:161} INFO - Started process (PID=2942) to work on /home/airflow/.local/lib/python3.12/site-packages/airflow/example_dags/example_trigger_target_dag.py
[2026-06-13T12:04:27.131+0000] {processor.py:830} INFO - Processing file /home/airflow/.local/lib/python3.12/site-packages/airflow/example_dags/example_trigger_target_dag.py for tasks to queue
[2026-06-13T12:04:27.134+0000] {logging_mixin.py:188} INFO - [2026-06-13T12:04:27.134+0000] {dagbag.py:545} INFO - Filling up the DagBag from /home/airflow/.local/lib/python3.12/site-packages/airflow/example_dags/example_trigger_target_dag.py
[2026-06-13T12:04:27.141+0000] {processor.py:840} INFO - DAG(s) 'example_trigger_target_dag' retrieved from /home/airflow/.local/lib/python3.12/site-packages/airflow/example_dags/example_trigger_target_dag.py
[2026-06-13T12:04:27.168+0000] {logging_mixin.py:188} INFO - [2026-06-13T12:04:27.167+0000] {dag.py:3096} INFO - Sync 1 DAGs
[2026-06-13T12:04:27.182+0000] {logging_mixin.py:188} INFO - [2026-06-13T12:04:27.182+0000] {dag.py:3954} INFO - Setting next_dagrun for example_trigger_target_dag to None, run_after=None
[2026-06-13T12:04:27.212+0000] {processor.py:183} INFO - Processing /home/airflow/.local/lib/python3.12/site-packages/airflow/example_dags/example_trigger_target_dag.py took 0.092 seconds
[2026-06-13T12:04:57.664+0000] {processor.py:161} INFO - Started process (PID=3001) to work on /home/airflow/.local/lib/python3.12/site-packages/airflow/example_dags/example_trigger_target_dag.py
[2026-06-13T12:04:57.666+0000] {processor.py:830} INFO - Processing file /home/airflow/.local/lib/python3.12/site-packages/airflow/example_dags/example_trigger_target_dag.py for tasks to queue
[2026-06-13T12:04:57.669+0000] {logging_mixin.py:188} INFO - [2026-06-13T12:04:57.669+0000] {dagbag.py:545} INFO - Filling up the DagBag from /home/airflow/.local/lib/python3.12/site-packages/airflow/example_dags/example_trigger_target_dag.py
[2026-06-13T12:04:57.676+0000] {processor.py:840} INFO - DAG(s) 'example_trigger_target_dag' retrieved from /home/airflow/.local/lib/python3.12/site-packages/airflow/example_dags/example_trigger_target_dag.py
[2026-06-13T12:04:57.705+0000] {logging_mixin.py:188} INFO - [2026-06-13T12:04:57.704+0000] {dag.py:3096} INFO - Sync 1 DAGs
[2026-06-13T12:04:57.719+0000] {logging_mixin.py:188} INFO - [2026-06-13T12:04:57.719+0000] {dag.py:3954} INFO - Setting next_dagrun for example_trigger_target_dag to None, run_after=None
[2026-06-13T12:04:57.747+0000] {processor.py:183} INFO - Processing /home/airflow/.local/lib/python3.12/site-packages/airflow/example_dags/example_trigger_target_dag.py took 0.093 seconds
[2026-06-13T12:05:27.882+0000] {processor.py:161} INFO - Started process (PID=3060) to work on /home/airflow/.local/lib/python3.12/site-packages/airflow/example_dags/example_trigger_target_dag.py
[2026-06-13T12:05:27.884+0000] {processor.py:830} INFO - Processing file /home/airflow/.local/lib/python3.12/site-packages/airflow/example_dags/example_trigger_target_dag.py for tasks to queue
[2026-06-13T12:05:27.887+0000] {logging_mixin.py:188} INFO - [2026-06-13T12:05:27.886+0000] {dagbag.py:545} INFO - Filling up the DagBag from /home/airflow/.local/lib/python3.12/site-packages/airflow/example_dags/example_trigger_target_dag.py
[2026-06-13T12:05:27.894+0000] {processor.py:840} INFO - DAG(s) 'example_trigger_target_dag' retrieved from /home/airflow/.local/lib/python3.12/site-packages/airflow/example_dags/example_trigger_target_dag.py
[2026-06-13T12:05:27.920+0000] {logging_mixin.py:188} INFO - [2026-06-13T12:05:27.920+0000] {dag.py:3096} INFO - Sync 1 DAGs
[2026-06-13T12:05:27.934+0000] {logging_mixin.py:188} INFO - [2026-06-13T12:05:27.934+0000] {dag.py:3954} INFO - Setting next_dagrun for example_trigger_target_dag to None, run_after=None
[2026-06-13T12:05:27.965+0000] {processor.py:183} INFO - Processing /home/airflow/.local/lib/python3.12/site-packages/airflow/example_dags/example_trigger_target_dag.py took 0.093 seconds
[2026-06-13T12:05:58.518+0000] {processor.py:161} INFO - Started process (PID=3120) to work on /home/airflow/.local/lib/python3.12/site-packages/airflow/example_dags/example_trigger_target_dag.py
[2026-06-13T12:05:58.519+0000] {processor.py:830} INFO - Processing file /home/airflow/.local/lib/python3.12/site-packages/airflow/example_dags/example_trigger_target_dag.py for tasks to queue
[2026-06-13T12:05:58.522+0000] {logging_mixin.py:188} INFO - [2026-06-13T12:05:58.521+0000] {dagbag.py:545} INFO - Filling up the DagBag from /home/airflow/.local/lib/python3.12/site-packages/airflow/example_dags/example_trigger_target_dag.py
[2026-06-13T12:05:58.528+0000] {processor.py:840} INFO - DAG(s) 'example_trigger_target_dag' retrieved from /home/airflow/.local/lib/python3.12/site-packages/airflow/example_dags/example_trigger_target_dag.py
[2026-06-13T12:05:58.553+0000] {logging_mixin.py:188} INFO - [2026-06-13T12:05:58.553+0000] {dag.py:3096} INFO - Sync 1 DAGs
[2026-06-13T12:05:58.569+0000] {logging_mixin.py:188} INFO - [2026-06-13T12:05:58.568+0000] {dag.py:3954} INFO - Setting next_dagrun for example_trigger_target_dag to None, run_after=None
[2026-06-13T12:05:58.598+0000] {processor.py:183} INFO - Processing /home/airflow/.local/lib/python3.12/site-packages/airflow/example_dags/example_trigger_target_dag.py took 0.090 seconds
[2026-06-13T12:06:28.670+0000] {processor.py:161} INFO - Started process (PID=3179) to work on /home/airflow/.local/lib/python3.12/site-packages/airflow/example_dags/example_trigger_target_dag.py
[2026-06-13T12:06:28.672+0000] {processor.py:830} INFO - Processing file /home/airflow/.local/lib/python3.12/site-packages/airflow/example_dags/example_trigger_target_dag.py for tasks to queue
[2026-06-13T12:06:28.674+0000] {logging_mixin.py:188} INFO - [2026-06-13T12:06:28.673+0000] {dagbag.py:545} INFO - Filling up the DagBag from /home/airflow/.local/lib/python3.12/site-packages/airflow/example_dags/example_trigger_target_dag.py
[2026-06-13T12:06:28.680+0000] {processor.py:840} INFO - DAG(s) 'example_trigger_target_dag' retrieved from /home/airflow/.local/lib/python3.12/site-packages/airflow/example_dags/example_trigger_target_dag.py
[2026-06-13T12:06:28.704+0000] {logging_mixin.py:188} INFO - [2026-06-13T12:06:28.703+0000] {dag.py:3096} INFO - Sync 1 DAGs
[2026-06-13T12:06:28.718+0000] {logging_mixin.py:188} INFO - [2026-06-13T12:06:28.717+0000] {dag.py:3954} INFO - Setting next_dagrun for example_trigger_target_dag to None, run_after=None
[2026-06-13T12:06:28.745+0000] {processor.py:183} INFO - Processing /home/airflow/.local/lib/python3.12/site-packages/airflow/example_dags/example_trigger_target_dag.py took 0.085 seconds
[2026-06-13T12:06:58.916+0000] {processor.py:161} INFO - Started process (PID=3237) to work on /home/airflow/.local/lib/python3.12/site-packages/airflow/example_dags/example_trigger_target_dag.py
[2026-06-13T12:06:58.918+0000] {processor.py:830} INFO - Processing file /home/airflow/.local/lib/python3.12/site-packages/airflow/example_dags/example_trigger_target_dag.py for tasks to queue
[2026-06-13T12:06:58.921+0000] {logging_mixin.py:188} INFO - [2026-06-13T12:06:58.921+0000] {dagbag.py:545} INFO - Filling up the DagBag from /home/airflow/.local/lib/python3.12/site-packages/airflow/example_dags/example_trigger_target_dag.py
[2026-06-13T12:06:58.927+0000] {processor.py:840} INFO - DAG(s) 'example_trigger_target_dag' retrieved from /home/airflow/.local/lib/python3.12/site-packages/airflow/example_dags/example_trigger_target_dag.py
[2026-06-13T12:06:58.951+0000] {logging_mixin.py:188} INFO - [2026-06-13T12:06:58.951+0000] {dag.py:3096} INFO - Sync 1 DAGs
[2026-06-13T12:06:58.966+0000] {logging_mixin.py:188} INFO - [2026-06-13T12:06:58.966+0000] {dag.py:3954} INFO - Setting next_dagrun for example_trigger_target_dag to None, run_after=None
[2026-06-13T12:06:58.993+0000] {processor.py:183} INFO - Processing /home/airflow/.local/lib/python3.12/site-packages/airflow/example_dags/example_trigger_target_dag.py took 0.086 seconds
[2026-06-13T12:07:29.408+0000] {processor.py:161} INFO - Started process (PID=3296) to work on /home/airflow/.local/lib/python3.12/site-packages/airflow/example_dags/example_trigger_target_dag.py
[2026-06-13T12:07:29.409+0000] {processor.py:830} INFO - Processing file /home/airflow/.local/lib/python3.12/site-packages/airflow/example_dags/example_trigger_target_dag.py for tasks to queue
[2026-06-13T12:07:29.411+0000] {logging_mixin.py:188} INFO - [2026-06-13T12:07:29.411+0000] {dagbag.py:545} INFO - Filling up the DagBag from /home/airflow/.local/lib/python3.12/site-packages/airflow/example_dags/example_trigger_target_dag.py
[2026-06-13T12:07:29.418+0000] {processor.py:840} INFO - DAG(s) 'example_trigger_target_dag' retrieved from /home/airflow/.local/lib/python3.12/site-packages/airflow/example_dags/example_trigger_target_dag.py
[2026-06-13T12:07:29.443+0000] {logging_mixin.py:188} INFO - [2026-06-13T12:07:29.443+0000] {dag.py:3096} INFO - Sync 1 DAGs
[2026-06-13T12:07:29.457+0000] {logging_mixin.py:188} INFO - [2026-06-13T12:07:29.456+0000] {dag.py:3954} INFO - Setting next_dagrun for example_trigger_target_dag to None, run_after=None
[2026-06-13T12:07:29.484+0000] {processor.py:183} INFO - Processing /home/airflow/.local/lib/python3.12/site-packages/airflow/example_dags/example_trigger_target_dag.py took 0.086 seconds
[2026-06-13T12:08:00.523+0000] {processor.py:161} INFO - Started process (PID=3356) to work on /home/airflow/.local/lib/python3.12/site-packages/airflow/example_dags/example_trigger_target_dag.py
[2026-06-13T12:08:00.525+0000] {processor.py:830} INFO - Processing file /home/airflow/.local/lib/python3.12/site-packages/airflow/example_dags/example_trigger_target_dag.py for tasks to queue
[2026-06-13T12:08:00.528+0000] {logging_mixin.py:188} INFO - [2026-06-13T12:08:00.528+0000] {dagbag.py:545} INFO - Filling up the DagBag from /home/airflow/.local/lib/python3.12/site-packages/airflow/example_dags/example_trigger_target_dag.py
[2026-06-13T12:08:00.535+0000] {processor.py:840} INFO - DAG(s) 'example_trigger_target_dag' retrieved from /home/airflow/.local/lib/python3.12/site-packages/airflow/example_dags/example_trigger_target_dag.py
[2026-06-13T12:08:00.560+0000] {logging_mixin.py:188} INFO - [2026-06-13T12:08:00.560+0000] {dag.py:3096} INFO - Sync 1 DAGs
[2026-06-13T12:08:00.574+0000] {logging_mixin.py:188} INFO - [2026-06-13T12:08:00.574+0000] {dag.py:3954} INFO - Setting next_dagrun for example_trigger_target_dag to None, run_after=None
[2026-06-13T12:08:00.599+0000] {processor.py:183} INFO - Processing /home/airflow/.local/lib/python3.12/site-packages/airflow/example_dags/example_trigger_target_dag.py took 0.086 seconds
[2026-06-13T12:08:30.878+0000] {processor.py:161} INFO - Started process (PID=3415) to work on /home/airflow/.local/lib/python3.12/site-packages/airflow/example_dags/example_trigger_target_dag.py
[2026-06-13T12:08:30.879+0000] {processor.py:830} INFO - Processing file /home/airflow/.local/lib/python3.12/site-packages/airflow/example_dags/example_trigger_target_dag.py for tasks to queue
[2026-06-13T12:08:30.882+0000] {logging_mixin.py:188} INFO - [2026-06-13T12:08:30.881+0000] {dagbag.py:545} INFO - Filling up the DagBag from /home/airflow/.local/lib/python3.12/site-packages/airflow/example_dags/example_trigger_target_dag.py
[2026-06-13T12:08:30.888+0000] {processor.py:840} INFO - DAG(s) 'example_trigger_target_dag' retrieved from /home/airflow/.local/lib/python3.12/site-packages/airflow/example_dags/example_trigger_target_dag.py
[2026-06-13T12:08:30.915+0000] {logging_mixin.py:188} INFO - [2026-06-13T12:08:30.915+0000] {dag.py:3096} INFO - Sync 1 DAGs
[2026-06-13T12:08:30.929+0000] {logging_mixin.py:188} INFO - [2026-06-13T12:08:30.929+0000] {dag.py:3954} INFO - Setting next_dagrun for example_trigger_target_dag to None, run_after=None
[2026-06-13T12:08:30.956+0000] {processor.py:183} INFO - Processing /home/airflow/.local/lib/python3.12/site-packages/airflow/example_dags/example_trigger_target_dag.py took 0.088 seconds
[2026-06-13T12:09:01.274+0000] {processor.py:161} INFO - Started process (PID=3474) to work on /home/airflow/.local/lib/python3.12/site-packages/airflow/example_dags/example_trigger_target_dag.py
[2026-06-13T12:09:01.276+0000] {processor.py:830} INFO - Processing file /home/airflow/.local/lib/python3.12/site-packages/airflow/example_dags/example_trigger_target_dag.py for tasks to queue
[2026-06-13T12:09:01.280+0000] {logging_mixin.py:188} INFO - [2026-06-13T12:09:01.279+0000] {dagbag.py:545} INFO - Filling up the DagBag from /home/airflow/.local/lib/python3.12/site-packages/airflow/example_dags/example_trigger_target_dag.py
[2026-06-13T12:09:01.286+0000] {processor.py:840} INFO - DAG(s) 'example_trigger_target_dag' retrieved from /home/airflow/.local/lib/python3.12/site-packages/airflow/example_dags/example_trigger_target_dag.py
[2026-06-13T12:09:01.313+0000] {logging_mixin.py:188} INFO - [2026-06-13T12:09:01.313+0000] {dag.py:3096} INFO - Sync 1 DAGs
[2026-06-13T12:09:01.327+0000] {logging_mixin.py:188} INFO - [2026-06-13T12:09:01.326+0000] {dag.py:3954} INFO - Setting next_dagrun for example_trigger_target_dag to None, run_after=None
[2026-06-13T12:09:01.352+0000] {processor.py:183} INFO - Processing /home/airflow/.local/lib/python3.12/site-packages/airflow/example_dags/example_trigger_target_dag.py took 0.088 seconds
[2026-06-13T12:09:31.804+0000] {processor.py:161} INFO - Started process (PID=3533) to work on /home/airflow/.local/lib/python3.12/site-packages/airflow/example_dags/example_trigger_target_dag.py
[2026-06-13T12:09:31.805+0000] {processor.py:830} INFO - Processing file /home/airflow/.local/lib/python3.12/site-packages/airflow/example_dags/example_trigger_target_dag.py for tasks to queue
[2026-06-13T12:09:31.809+0000] {logging_mixin.py:188} INFO - [2026-06-13T12:09:31.808+0000] {dagbag.py:545} INFO - Filling up the DagBag from /home/airflow/.local/lib/python3.12/site-packages/airflow/example_dags/example_trigger_target_dag.py
[2026-06-13T12:09:31.815+0000] {processor.py:840} INFO - DAG(s) 'example_trigger_target_dag' retrieved from /home/airflow/.local/lib/python3.12/site-packages/airflow/example_dags/example_trigger_target_dag.py
[2026-06-13T12:09:31.842+0000] {logging_mixin.py:188} INFO - [2026-06-13T12:09:31.841+0000] {dag.py:3096} INFO - Sync 1 DAGs
[2026-06-13T12:09:31.858+0000] {logging_mixin.py:188} INFO - [2026-06-13T12:09:31.858+0000] {dag.py:3954} INFO - Setting next_dagrun for example_trigger_target_dag to None, run_after=None
[2026-06-13T12:09:31.884+0000] {processor.py:183} INFO - Processing /home/airflow/.local/lib/python3.12/site-packages/airflow/example_dags/example_trigger_target_dag.py took 0.091 seconds
[2026-06-13T12:10:02.922+0000] {processor.py:161} INFO - Started process (PID=3592) to work on /home/airflow/.local/lib/python3.12/site-packages/airflow/example_dags/example_trigger_target_dag.py
[2026-06-13T12:10:02.923+0000] {processor.py:830} INFO - Processing file /home/airflow/.local/lib/python3.12/site-packages/airflow/example_dags/example_trigger_target_dag.py for tasks to queue
[2026-06-13T12:10:02.925+0000] {logging_mixin.py:188} INFO - [2026-06-13T12:10:02.925+0000] {dagbag.py:545} INFO - Filling up the DagBag from /home/airflow/.local/lib/python3.12/site-packages/airflow/example_dags/example_trigger_target_dag.py
[2026-06-13T12:10:02.933+0000] {processor.py:840} INFO - DAG(s) 'example_trigger_target_dag' retrieved from /home/airflow/.local/lib/python3.12/site-packages/airflow/example_dags/example_trigger_target_dag.py
[2026-06-13T12:10:02.960+0000] {logging_mixin.py:188} INFO - [2026-06-13T12:10:02.960+0000] {dag.py:3096} INFO - Sync 1 DAGs
[2026-06-13T12:10:02.977+0000] {logging_mixin.py:188} INFO - [2026-06-13T12:10:02.976+0000] {dag.py:3954} INFO - Setting next_dagrun for example_trigger_target_dag to None, run_after=None
[2026-06-13T12:10:03.002+0000] {processor.py:183} INFO - Processing /home/airflow/.local/lib/python3.12/site-packages/airflow/example_dags/example_trigger_target_dag.py took 0.091 seconds
[2026-06-13T12:14:39.163+0000] {processor.py:161} INFO - Started process (PID=3632) to work on /home/airflow/.local/lib/python3.12/site-packages/airflow/example_dags/example_trigger_target_dag.py
[2026-06-13T12:14:39.165+0000] {processor.py:830} INFO - Processing file /home/airflow/.local/lib/python3.12/site-packages/airflow/example_dags/example_trigger_target_dag.py for tasks to queue
[2026-06-13T12:14:39.168+0000] {logging_mixin.py:188} INFO - [2026-06-13T12:14:39.168+0000] {dagbag.py:545} INFO - Filling up the DagBag from /home/airflow/.local/lib/python3.12/site-packages/airflow/example_dags/example_trigger_target_dag.py
[2026-06-13T12:14:39.177+0000] {processor.py:840} INFO - DAG(s) 'example_trigger_target_dag' retrieved from /home/airflow/.local/lib/python3.12/site-packages/airflow/example_dags/example_trigger_target_dag.py
[2026-06-13T12:14:39.205+0000] {logging_mixin.py:188} INFO - [2026-06-13T12:14:39.205+0000] {dag.py:3096} INFO - Sync 1 DAGs
[2026-06-13T12:14:39.219+0000] {logging_mixin.py:188} INFO - [2026-06-13T12:14:39.218+0000] {dag.py:3954} INFO - Setting next_dagrun for example_trigger_target_dag to None, run_after=None
[2026-06-13T12:14:39.247+0000] {processor.py:183} INFO - Processing /home/airflow/.local/lib/python3.12/site-packages/airflow/example_dags/example_trigger_target_dag.py took 0.097 seconds
[2026-06-13T12:15:10.383+0000] {processor.py:161} INFO - Started process (PID=3691) to work on /home/airflow/.local/lib/python3.12/site-packages/airflow/example_dags/example_trigger_target_dag.py
[2026-06-13T12:15:10.385+0000] {processor.py:830} INFO - Processing file /home/airflow/.local/lib/python3.12/site-packages/airflow/example_dags/example_trigger_target_dag.py for tasks to queue
[2026-06-13T12:15:10.388+0000] {logging_mixin.py:188} INFO - [2026-06-13T12:15:10.388+0000] {dagbag.py:545} INFO - Filling up the DagBag from /home/airflow/.local/lib/python3.12/site-packages/airflow/example_dags/example_trigger_target_dag.py
[2026-06-13T12:15:10.394+0000] {processor.py:840} INFO - DAG(s) 'example_trigger_target_dag' retrieved from /home/airflow/.local/lib/python3.12/site-packages/airflow/example_dags/example_trigger_target_dag.py
[2026-06-13T12:15:10.421+0000] {logging_mixin.py:188} INFO - [2026-06-13T12:15:10.421+0000] {dag.py:3096} INFO - Sync 1 DAGs
[2026-06-13T12:15:10.436+0000] {logging_mixin.py:188} INFO - [2026-06-13T12:15:10.435+0000] {dag.py:3954} INFO - Setting next_dagrun for example_trigger_target_dag to None, run_after=None
[2026-06-13T12:15:10.464+0000] {processor.py:183} INFO - Processing /home/airflow/.local/lib/python3.12/site-packages/airflow/example_dags/example_trigger_target_dag.py took 0.091 seconds
[2026-06-13T12:15:40.984+0000] {processor.py:161} INFO - Started process (PID=3750) to work on /home/airflow/.local/lib/python3.12/site-packages/airflow/example_dags/example_trigger_target_dag.py
[2026-06-13T12:15:40.985+0000] {processor.py:830} INFO - Processing file /home/airflow/.local/lib/python3.12/site-packages/airflow/example_dags/example_trigger_target_dag.py for tasks to queue
[2026-06-13T12:15:40.988+0000] {logging_mixin.py:188} INFO - [2026-06-13T12:15:40.987+0000] {dagbag.py:545} INFO - Filling up the DagBag from /home/airflow/.local/lib/python3.12/site-packages/airflow/example_dags/example_trigger_target_dag.py
[2026-06-13T12:15:40.996+0000] {processor.py:840} INFO - DAG(s) 'example_trigger_target_dag' retrieved from /home/airflow/.local/lib/python3.12/site-packages/airflow/example_dags/example_trigger_target_dag.py
[2026-06-13T12:15:41.022+0000] {logging_mixin.py:188} INFO - [2026-06-13T12:15:41.022+0000] {dag.py:3096} INFO - Sync 1 DAGs
[2026-06-13T12:15:41.035+0000] {logging_mixin.py:188} INFO - [2026-06-13T12:15:41.035+0000] {dag.py:3954} INFO - Setting next_dagrun for example_trigger_target_dag to None, run_after=None
[2026-06-13T12:15:41.065+0000] {processor.py:183} INFO - Processing /home/airflow/.local/lib/python3.12/site-packages/airflow/example_dags/example_trigger_target_dag.py took 0.091 seconds
[2026-06-13T12:16:11.275+0000] {processor.py:161} INFO - Started process (PID=3809) to work on /home/airflow/.local/lib/python3.12/site-packages/airflow/example_dags/example_trigger_target_dag.py
[2026-06-13T12:16:11.277+0000] {processor.py:830} INFO - Processing file /home/airflow/.local/lib/python3.12/site-packages/airflow/example_dags/example_trigger_target_dag.py for tasks to queue
[2026-06-13T12:16:11.279+0000] {logging_mixin.py:188} INFO - [2026-06-13T12:16:11.279+0000] {dagbag.py:545} INFO - Filling up the DagBag from /home/airflow/.local/lib/python3.12/site-packages/airflow/example_dags/example_trigger_target_dag.py
[2026-06-13T12:16:11.286+0000] {processor.py:840} INFO - DAG(s) 'example_trigger_target_dag' retrieved from /home/airflow/.local/lib/python3.12/site-packages/airflow/example_dags/example_trigger_target_dag.py
[2026-06-13T12:16:11.311+0000] {logging_mixin.py:188} INFO - [2026-06-13T12:16:11.311+0000] {dag.py:3096} INFO - Sync 1 DAGs
[2026-06-13T12:16:11.326+0000] {logging_mixin.py:188} INFO - [2026-06-13T12:16:11.326+0000] {dag.py:3954} INFO - Setting next_dagrun for example_trigger_target_dag to None, run_after=None
[2026-06-13T12:16:11.353+0000] {processor.py:183} INFO - Processing /home/airflow/.local/lib/python3.12/site-packages/airflow/example_dags/example_trigger_target_dag.py took 0.088 seconds
[2026-06-13T12:16:41.569+0000] {processor.py:161} INFO - Started process (PID=3869) to work on /home/airflow/.local/lib/python3.12/site-packages/airflow/example_dags/example_trigger_target_dag.py
[2026-06-13T12:16:41.571+0000] {processor.py:830} INFO - Processing file /home/airflow/.local/lib/python3.12/site-packages/airflow/example_dags/example_trigger_target_dag.py for tasks to queue
[2026-06-13T12:16:41.574+0000] {logging_mixin.py:188} INFO - [2026-06-13T12:16:41.574+0000] {dagbag.py:545} INFO - Filling up the DagBag from /home/airflow/.local/lib/python3.12/site-packages/airflow/example_dags/example_trigger_target_dag.py
[2026-06-13T12:16:41.581+0000] {processor.py:840} INFO - DAG(s) 'example_trigger_target_dag' retrieved from /home/airflow/.local/lib/python3.12/site-packages/airflow/example_dags/example_trigger_target_dag.py
[2026-06-13T12:16:41.607+0000] {logging_mixin.py:188} INFO - [2026-06-13T12:16:41.606+0000] {dag.py:3096} INFO - Sync 1 DAGs
[2026-06-13T12:16:41.621+0000] {logging_mixin.py:188} INFO - [2026-06-13T12:16:41.621+0000] {dag.py:3954} INFO - Setting next_dagrun for example_trigger_target_dag to None, run_after=None
[2026-06-13T12:16:41.648+0000] {processor.py:183} INFO - Processing /home/airflow/.local/lib/python3.12/site-packages/airflow/example_dags/example_trigger_target_dag.py took 0.089 seconds
[2026-06-13T12:17:11.933+0000] {processor.py:161} INFO - Started process (PID=3928) to work on /home/airflow/.local/lib/python3.12/site-packages/airflow/example_dags/example_trigger_target_dag.py
[2026-06-13T12:17:11.935+0000] {processor.py:830} INFO - Processing file /home/airflow/.local/lib/python3.12/site-packages/airflow/example_dags/example_trigger_target_dag.py for tasks to queue
[2026-06-13T12:17:11.938+0000] {logging_mixin.py:188} INFO - [2026-06-13T12:17:11.937+0000] {dagbag.py:545} INFO - Filling up the DagBag from /home/airflow/.local/lib/python3.12/site-packages/airflow/example_dags/example_trigger_target_dag.py
[2026-06-13T12:17:11.945+0000] {processor.py:840} INFO - DAG(s) 'example_trigger_target_dag' retrieved from /home/airflow/.local/lib/python3.12/site-packages/airflow/example_dags/example_trigger_target_dag.py
[2026-06-13T12:17:11.970+0000] {logging_mixin.py:188} INFO - [2026-06-13T12:17:11.970+0000] {dag.py:3096} INFO - Sync 1 DAGs
[2026-06-13T12:17:11.985+0000] {logging_mixin.py:188} INFO - [2026-06-13T12:17:11.985+0000] {dag.py:3954} INFO - Setting next_dagrun for example_trigger_target_dag to None, run_after=None
[2026-06-13T12:17:12.013+0000] {processor.py:183} INFO - Processing /home/airflow/.local/lib/python3.12/site-packages/airflow/example_dags/example_trigger_target_dag.py took 0.091 seconds
[2026-06-13T12:17:42.852+0000] {processor.py:161} INFO - Started process (PID=3988) to work on /home/airflow/.local/lib/python3.12/site-packages/airflow/example_dags/example_trigger_target_dag.py
[2026-06-13T12:17:42.854+0000] {processor.py:830} INFO - Processing file /home/airflow/.local/lib/python3.12/site-packages/airflow/example_dags/example_trigger_target_dag.py for tasks to queue
[2026-06-13T12:17:42.858+0000] {logging_mixin.py:188} INFO - [2026-06-13T12:17:42.857+0000] {dagbag.py:545} INFO - Filling up the DagBag from /home/airflow/.local/lib/python3.12/site-packages/airflow/example_dags/example_trigger_target_dag.py
[2026-06-13T12:17:42.867+0000] {processor.py:840} INFO - DAG(s) 'example_trigger_target_dag' retrieved from /home/airflow/.local/lib/python3.12/site-packages/airflow/example_dags/example_trigger_target_dag.py
[2026-06-13T12:17:42.902+0000] {logging_mixin.py:188} INFO - [2026-06-13T12:17:42.901+0000] {dag.py:3096} INFO - Sync 1 DAGs
[2026-06-13T12:17:42.926+0000] {logging_mixin.py:188} INFO - [2026-06-13T12:17:42.925+0000] {dag.py:3954} INFO - Setting next_dagrun for example_trigger_target_dag to None, run_after=None
[2026-06-13T12:17:42.966+0000] {processor.py:183} INFO - Processing /home/airflow/.local/lib/python3.12/site-packages/airflow/example_dags/example_trigger_target_dag.py took 0.130 seconds
[2026-06-13T12:18:13.293+0000] {processor.py:161} INFO - Started process (PID=4055) to work on /home/airflow/.local/lib/python3.12/site-packages/airflow/example_dags/example_trigger_target_dag.py
[2026-06-13T12:18:13.294+0000] {processor.py:830} INFO - Processing file /home/airflow/.local/lib/python3.12/site-packages/airflow/example_dags/example_trigger_target_dag.py for tasks to queue
[2026-06-13T12:18:13.297+0000] {logging_mixin.py:188} INFO - [2026-06-13T12:18:13.296+0000] {dagbag.py:545} INFO - Filling up the DagBag from /home/airflow/.local/lib/python3.12/site-packages/airflow/example_dags/example_trigger_target_dag.py
[2026-06-13T12:18:13.303+0000] {processor.py:840} INFO - DAG(s) 'example_trigger_target_dag' retrieved from /home/airflow/.local/lib/python3.12/site-packages/airflow/example_dags/example_trigger_target_dag.py
[2026-06-13T12:18:13.329+0000] {logging_mixin.py:188} INFO - [2026-06-13T12:18:13.329+0000] {dag.py:3096} INFO - Sync 1 DAGs
[2026-06-13T12:18:13.344+0000] {logging_mixin.py:188} INFO - [2026-06-13T12:18:13.343+0000] {dag.py:3954} INFO - Setting next_dagrun for example_trigger_target_dag to None, run_after=None
[2026-06-13T12:18:13.372+0000] {processor.py:183} INFO - Processing /home/airflow/.local/lib/python3.12/site-packages/airflow/example_dags/example_trigger_target_dag.py took 0.088 seconds
[2026-06-13T12:18:59.225+0000] {processor.py:161} INFO - Started process (PID=75) to work on /home/airflow/.local/lib/python3.12/site-packages/airflow/example_dags/example_trigger_target_dag.py
[2026-06-13T12:18:59.227+0000] {processor.py:830} INFO - Processing file /home/airflow/.local/lib/python3.12/site-packages/airflow/example_dags/example_trigger_target_dag.py for tasks to queue
[2026-06-13T12:18:59.231+0000] {logging_mixin.py:188} INFO - [2026-06-13T12:18:59.231+0000] {dagbag.py:545} INFO - Filling up the DagBag from /home/airflow/.local/lib/python3.12/site-packages/airflow/example_dags/example_trigger_target_dag.py
[2026-06-13T12:18:59.246+0000] {processor.py:840} INFO - DAG(s) 'example_trigger_target_dag' retrieved from /home/airflow/.local/lib/python3.12/site-packages/airflow/example_dags/example_trigger_target_dag.py
[2026-06-13T12:18:59.269+0000] {logging_mixin.py:188} INFO - [2026-06-13T12:18:59.268+0000] {dag.py:3096} INFO - Sync 1 DAGs
[2026-06-13T12:18:59.292+0000] {logging_mixin.py:188} INFO - [2026-06-13T12:18:59.292+0000] {dag.py:3954} INFO - Setting next_dagrun for example_trigger_target_dag to None, run_after=None
[2026-06-13T12:18:59.327+0000] {processor.py:183} INFO - Processing /home/airflow/.local/lib/python3.12/site-packages/airflow/example_dags/example_trigger_target_dag.py took 0.112 seconds
[2026-06-13T12:19:29.972+0000] {processor.py:161} INFO - Started process (PID=134) to work on /home/airflow/.local/lib/python3.12/site-packages/airflow/example_dags/example_trigger_target_dag.py
[2026-06-13T12:19:29.974+0000] {processor.py:830} INFO - Processing file /home/airflow/.local/lib/python3.12/site-packages/airflow/example_dags/example_trigger_target_dag.py for tasks to queue
[2026-06-13T12:19:29.977+0000] {logging_mixin.py:188} INFO - [2026-06-13T12:19:29.977+0000] {dagbag.py:545} INFO - Filling up the DagBag from /home/airflow/.local/lib/python3.12/site-packages/airflow/example_dags/example_trigger_target_dag.py
[2026-06-13T12:19:29.986+0000] {processor.py:840} INFO - DAG(s) 'example_trigger_target_dag' retrieved from /home/airflow/.local/lib/python3.12/site-packages/airflow/example_dags/example_trigger_target_dag.py
[2026-06-13T12:19:30.105+0000] {logging_mixin.py:188} INFO - [2026-06-13T12:19:30.104+0000] {dag.py:3096} INFO - Sync 1 DAGs
[2026-06-13T12:19:30.117+0000] {logging_mixin.py:188} INFO - [2026-06-13T12:19:30.117+0000] {dag.py:3954} INFO - Setting next_dagrun for example_trigger_target_dag to None, run_after=None
[2026-06-13T12:19:30.147+0000] {processor.py:183} INFO - Processing /home/airflow/.local/lib/python3.12/site-packages/airflow/example_dags/example_trigger_target_dag.py took 0.181 seconds
[2026-06-13T12:20:00.195+0000] {processor.py:161} INFO - Started process (PID=193) to work on /home/airflow/.local/lib/python3.12/site-packages/airflow/example_dags/example_trigger_target_dag.py
[2026-06-13T12:20:00.197+0000] {processor.py:830} INFO - Processing file /home/airflow/.local/lib/python3.12/site-packages/airflow/example_dags/example_trigger_target_dag.py for tasks to queue
[2026-06-13T12:20:00.199+0000] {logging_mixin.py:188} INFO - [2026-06-13T12:20:00.199+0000] {dagbag.py:545} INFO - Filling up the DagBag from /home/airflow/.local/lib/python3.12/site-packages/airflow/example_dags/example_trigger_target_dag.py
[2026-06-13T12:20:00.207+0000] {processor.py:840} INFO - DAG(s) 'example_trigger_target_dag' retrieved from /home/airflow/.local/lib/python3.12/site-packages/airflow/example_dags/example_trigger_target_dag.py
[2026-06-13T12:20:00.231+0000] {logging_mixin.py:188} INFO - [2026-06-13T12:20:00.230+0000] {dag.py:3096} INFO - Sync 1 DAGs
[2026-06-13T12:20:00.246+0000] {logging_mixin.py:188} INFO - [2026-06-13T12:20:00.246+0000] {dag.py:3954} INFO - Setting next_dagrun for example_trigger_target_dag to None, run_after=None
[2026-06-13T12:20:00.273+0000] {processor.py:183} INFO - Processing /home/airflow/.local/lib/python3.12/site-packages/airflow/example_dags/example_trigger_target_dag.py took 0.085 seconds
[2026-06-13T12:20:30.504+0000] {processor.py:161} INFO - Started process (PID=253) to work on /home/airflow/.local/lib/python3.12/site-packages/airflow/example_dags/example_trigger_target_dag.py
[2026-06-13T12:20:30.506+0000] {processor.py:830} INFO - Processing file /home/airflow/.local/lib/python3.12/site-packages/airflow/example_dags/example_trigger_target_dag.py for tasks to queue
[2026-06-13T12:20:30.509+0000] {logging_mixin.py:188} INFO - [2026-06-13T12:20:30.509+0000] {dagbag.py:545} INFO - Filling up the DagBag from /home/airflow/.local/lib/python3.12/site-packages/airflow/example_dags/example_trigger_target_dag.py
[2026-06-13T12:20:30.517+0000] {processor.py:840} INFO - DAG(s) 'example_trigger_target_dag' retrieved from /home/airflow/.local/lib/python3.12/site-packages/airflow/example_dags/example_trigger_target_dag.py
[2026-06-13T12:20:30.544+0000] {logging_mixin.py:188} INFO - [2026-06-13T12:20:30.544+0000] {dag.py:3096} INFO - Sync 1 DAGs
[2026-06-13T12:20:30.559+0000] {logging_mixin.py:188} INFO - [2026-06-13T12:20:30.559+0000] {dag.py:3954} INFO - Setting next_dagrun for example_trigger_target_dag to None, run_after=None
[2026-06-13T12:20:30.586+0000] {processor.py:183} INFO - Processing /home/airflow/.local/lib/python3.12/site-packages/airflow/example_dags/example_trigger_target_dag.py took 0.088 seconds
[2026-06-13T12:21:00.916+0000] {processor.py:161} INFO - Started process (PID=312) to work on /home/airflow/.local/lib/python3.12/site-packages/airflow/example_dags/example_trigger_target_dag.py
[2026-06-13T12:21:00.918+0000] {processor.py:830} INFO - Processing file /home/airflow/.local/lib/python3.12/site-packages/airflow/example_dags/example_trigger_target_dag.py for tasks to queue
[2026-06-13T12:21:00.921+0000] {logging_mixin.py:188} INFO - [2026-06-13T12:21:00.921+0000] {dagbag.py:545} INFO - Filling up the DagBag from /home/airflow/.local/lib/python3.12/site-packages/airflow/example_dags/example_trigger_target_dag.py
[2026-06-13T12:21:00.928+0000] {processor.py:840} INFO - DAG(s) 'example_trigger_target_dag' retrieved from /home/airflow/.local/lib/python3.12/site-packages/airflow/example_dags/example_trigger_target_dag.py
[2026-06-13T12:21:00.954+0000] {logging_mixin.py:188} INFO - [2026-06-13T12:21:00.953+0000] {dag.py:3096} INFO - Sync 1 DAGs
[2026-06-13T12:21:00.969+0000] {logging_mixin.py:188} INFO - [2026-06-13T12:21:00.969+0000] {dag.py:3954} INFO - Setting next_dagrun for example_trigger_target_dag to None, run_after=None
[2026-06-13T12:21:00.994+0000] {processor.py:183} INFO - Processing /home/airflow/.local/lib/python3.12/site-packages/airflow/example_dags/example_trigger_target_dag.py took 0.083 seconds
[2026-06-13T12:21:31.203+0000] {processor.py:161} INFO - Started process (PID=371) to work on /home/airflow/.local/lib/python3.12/site-packages/airflow/example_dags/example_trigger_target_dag.py
[2026-06-13T12:21:31.205+0000] {processor.py:830} INFO - Processing file /home/airflow/.local/lib/python3.12/site-packages/airflow/example_dags/example_trigger_target_dag.py for tasks to queue
[2026-06-13T12:21:31.207+0000] {logging_mixin.py:188} INFO - [2026-06-13T12:21:31.207+0000] {dagbag.py:545} INFO - Filling up the DagBag from /home/airflow/.local/lib/python3.12/site-packages/airflow/example_dags/example_trigger_target_dag.py
[2026-06-13T12:21:31.214+0000] {processor.py:840} INFO - DAG(s) 'example_trigger_target_dag' retrieved from /home/airflow/.local/lib/python3.12/site-packages/airflow/example_dags/example_trigger_target_dag.py
[2026-06-13T12:21:31.240+0000] {logging_mixin.py:188} INFO - [2026-06-13T12:21:31.240+0000] {dag.py:3096} INFO - Sync 1 DAGs
[2026-06-13T12:21:31.255+0000] {logging_mixin.py:188} INFO - [2026-06-13T12:21:31.254+0000] {dag.py:3954} INFO - Setting next_dagrun for example_trigger_target_dag to None, run_after=None
[2026-06-13T12:21:31.280+0000] {processor.py:183} INFO - Processing /home/airflow/.local/lib/python3.12/site-packages/airflow/example_dags/example_trigger_target_dag.py took 0.083 seconds
[2026-06-13T12:22:01.561+0000] {processor.py:161} INFO - Started process (PID=431) to work on /home/airflow/.local/lib/python3.12/site-packages/airflow/example_dags/example_trigger_target_dag.py
[2026-06-13T12:22:01.562+0000] {processor.py:830} INFO - Processing file /home/airflow/.local/lib/python3.12/site-packages/airflow/example_dags/example_trigger_target_dag.py for tasks to queue
[2026-06-13T12:22:01.565+0000] {logging_mixin.py:188} INFO - [2026-06-13T12:22:01.565+0000] {dagbag.py:545} INFO - Filling up the DagBag from /home/airflow/.local/lib/python3.12/site-packages/airflow/example_dags/example_trigger_target_dag.py
[2026-06-13T12:22:01.572+0000] {processor.py:840} INFO - DAG(s) 'example_trigger_target_dag' retrieved from /home/airflow/.local/lib/python3.12/site-packages/airflow/example_dags/example_trigger_target_dag.py
[2026-06-13T12:22:01.597+0000] {logging_mixin.py:188} INFO - [2026-06-13T12:22:01.596+0000] {dag.py:3096} INFO - Sync 1 DAGs
[2026-06-13T12:22:01.611+0000] {logging_mixin.py:188} INFO - [2026-06-13T12:22:01.611+0000] {dag.py:3954} INFO - Setting next_dagrun for example_trigger_target_dag to None, run_after=None
[2026-06-13T12:22:01.641+0000] {processor.py:183} INFO - Processing /home/airflow/.local/lib/python3.12/site-packages/airflow/example_dags/example_trigger_target_dag.py took 0.087 seconds
[2026-06-13T12:22:31.914+0000] {processor.py:161} INFO - Started process (PID=490) to work on /home/airflow/.local/lib/python3.12/site-packages/airflow/example_dags/example_trigger_target_dag.py
[2026-06-13T12:22:31.916+0000] {processor.py:830} INFO - Processing file /home/airflow/.local/lib/python3.12/site-packages/airflow/example_dags/example_trigger_target_dag.py for tasks to queue
[2026-06-13T12:22:31.920+0000] {logging_mixin.py:188} INFO - [2026-06-13T12:22:31.919+0000] {dagbag.py:545} INFO - Filling up the DagBag from /home/airflow/.local/lib/python3.12/site-packages/airflow/example_dags/example_trigger_target_dag.py
[2026-06-13T12:22:31.927+0000] {processor.py:840} INFO - DAG(s) 'example_trigger_target_dag' retrieved from /home/airflow/.local/lib/python3.12/site-packages/airflow/example_dags/example_trigger_target_dag.py
[2026-06-13T12:22:31.953+0000] {logging_mixin.py:188} INFO - [2026-06-13T12:22:31.952+0000] {dag.py:3096} INFO - Sync 1 DAGs
[2026-06-13T12:22:31.967+0000] {logging_mixin.py:188} INFO - [2026-06-13T12:22:31.967+0000] {dag.py:3954} INFO - Setting next_dagrun for example_trigger_target_dag to None, run_after=None
[2026-06-13T12:22:31.993+0000] {processor.py:183} INFO - Processing /home/airflow/.local/lib/python3.12/site-packages/airflow/example_dags/example_trigger_target_dag.py took 0.085 seconds
[2026-06-13T12:23:02.149+0000] {processor.py:161} INFO - Started process (PID=549) to work on /home/airflow/.local/lib/python3.12/site-packages/airflow/example_dags/example_trigger_target_dag.py
[2026-06-13T12:23:02.151+0000] {processor.py:830} INFO - Processing file /home/airflow/.local/lib/python3.12/site-packages/airflow/example_dags/example_trigger_target_dag.py for tasks to queue
[2026-06-13T12:23:02.154+0000] {logging_mixin.py:188} INFO - [2026-06-13T12:23:02.154+0000] {dagbag.py:545} INFO - Filling up the DagBag from /home/airflow/.local/lib/python3.12/site-packages/airflow/example_dags/example_trigger_target_dag.py
[2026-06-13T12:23:02.161+0000] {processor.py:840} INFO - DAG(s) 'example_trigger_target_dag' retrieved from /home/airflow/.local/lib/python3.12/site-packages/airflow/example_dags/example_trigger_target_dag.py
[2026-06-13T12:23:02.186+0000] {logging_mixin.py:188} INFO - [2026-06-13T12:23:02.186+0000] {dag.py:3096} INFO - Sync 1 DAGs
[2026-06-13T12:23:02.201+0000] {logging_mixin.py:188} INFO - [2026-06-13T12:23:02.201+0000] {dag.py:3954} INFO - Setting next_dagrun for example_trigger_target_dag to None, run_after=None
[2026-06-13T12:23:02.227+0000] {processor.py:183} INFO - Processing /home/airflow/.local/lib/python3.12/site-packages/airflow/example_dags/example_trigger_target_dag.py took 0.084 seconds
[2026-06-13T12:26:03.715+0000] {processor.py:161} INFO - Started process (PID=608) to work on /home/airflow/.local/lib/python3.12/site-packages/airflow/example_dags/example_trigger_target_dag.py
[2026-06-13T12:26:03.717+0000] {processor.py:830} INFO - Processing file /home/airflow/.local/lib/python3.12/site-packages/airflow/example_dags/example_trigger_target_dag.py for tasks to queue
[2026-06-13T12:26:03.719+0000] {logging_mixin.py:188} INFO - [2026-06-13T12:26:03.719+0000] {dagbag.py:545} INFO - Filling up the DagBag from /home/airflow/.local/lib/python3.12/site-packages/airflow/example_dags/example_trigger_target_dag.py
[2026-06-13T12:26:03.726+0000] {processor.py:840} INFO - DAG(s) 'example_trigger_target_dag' retrieved from /home/airflow/.local/lib/python3.12/site-packages/airflow/example_dags/example_trigger_target_dag.py
[2026-06-13T12:26:03.758+0000] {logging_mixin.py:188} INFO - [2026-06-13T12:26:03.757+0000] {dag.py:3096} INFO - Sync 1 DAGs
[2026-06-13T12:26:03.773+0000] {logging_mixin.py:188} INFO - [2026-06-13T12:26:03.773+0000] {dag.py:3954} INFO - Setting next_dagrun for example_trigger_target_dag to None, run_after=None
[2026-06-13T12:26:03.800+0000] {processor.py:183} INFO - Processing /home/airflow/.local/lib/python3.12/site-packages/airflow/example_dags/example_trigger_target_dag.py took 0.091 seconds
[2026-06-13T12:26:34.938+0000] {processor.py:161} INFO - Started process (PID=667) to work on /home/airflow/.local/lib/python3.12/site-packages/airflow/example_dags/example_trigger_target_dag.py
[2026-06-13T12:26:34.940+0000] {processor.py:830} INFO - Processing file /home/airflow/.local/lib/python3.12/site-packages/airflow/example_dags/example_trigger_target_dag.py for tasks to queue
[2026-06-13T12:26:34.943+0000] {logging_mixin.py:188} INFO - [2026-06-13T12:26:34.943+0000] {dagbag.py:545} INFO - Filling up the DagBag from /home/airflow/.local/lib/python3.12/site-packages/airflow/example_dags/example_trigger_target_dag.py
[2026-06-13T12:26:34.951+0000] {processor.py:840} INFO - DAG(s) 'example_trigger_target_dag' retrieved from /home/airflow/.local/lib/python3.12/site-packages/airflow/example_dags/example_trigger_target_dag.py
[2026-06-13T12:26:34.975+0000] {logging_mixin.py:188} INFO - [2026-06-13T12:26:34.974+0000] {dag.py:3096} INFO - Sync 1 DAGs
[2026-06-13T12:26:34.990+0000] {logging_mixin.py:188} INFO - [2026-06-13T12:26:34.990+0000] {dag.py:3954} INFO - Setting next_dagrun for example_trigger_target_dag to None, run_after=None
[2026-06-13T12:26:35.018+0000] {processor.py:183} INFO - Processing /home/airflow/.local/lib/python3.12/site-packages/airflow/example_dags/example_trigger_target_dag.py took 0.087 seconds
[2026-06-13T12:27:05.772+0000] {processor.py:161} INFO - Started process (PID=727) to work on /home/airflow/.local/lib/python3.12/site-packages/airflow/example_dags/example_trigger_target_dag.py
[2026-06-13T12:27:05.774+0000] {processor.py:830} INFO - Processing file /home/airflow/.local/lib/python3.12/site-packages/airflow/example_dags/example_trigger_target_dag.py for tasks to queue
[2026-06-13T12:27:05.777+0000] {logging_mixin.py:188} INFO - [2026-06-13T12:27:05.776+0000] {dagbag.py:545} INFO - Filling up the DagBag from /home/airflow/.local/lib/python3.12/site-packages/airflow/example_dags/example_trigger_target_dag.py
[2026-06-13T12:27:05.784+0000] {processor.py:840} INFO - DAG(s) 'example_trigger_target_dag' retrieved from /home/airflow/.local/lib/python3.12/site-packages/airflow/example_dags/example_trigger_target_dag.py
[2026-06-13T12:27:05.811+0000] {logging_mixin.py:188} INFO - [2026-06-13T12:27:05.811+0000] {dag.py:3096} INFO - Sync 1 DAGs
[2026-06-13T12:27:05.832+0000] {logging_mixin.py:188} INFO - [2026-06-13T12:27:05.832+0000] {dag.py:3954} INFO - Setting next_dagrun for example_trigger_target_dag to None, run_after=None
[2026-06-13T12:27:05.860+0000] {processor.py:183} INFO - Processing /home/airflow/.local/lib/python3.12/site-packages/airflow/example_dags/example_trigger_target_dag.py took 0.094 seconds
[2026-06-13T12:27:36.247+0000] {processor.py:161} INFO - Started process (PID=786) to work on /home/airflow/.local/lib/python3.12/site-packages/airflow/example_dags/example_trigger_target_dag.py
[2026-06-13T12:27:36.249+0000] {processor.py:830} INFO - Processing file /home/airflow/.local/lib/python3.12/site-packages/airflow/example_dags/example_trigger_target_dag.py for tasks to queue
[2026-06-13T12:27:36.251+0000] {logging_mixin.py:188} INFO - [2026-06-13T12:27:36.251+0000] {dagbag.py:545} INFO - Filling up the DagBag from /home/airflow/.local/lib/python3.12/site-packages/airflow/example_dags/example_trigger_target_dag.py
[2026-06-13T12:27:36.258+0000] {processor.py:840} INFO - DAG(s) 'example_trigger_target_dag' retrieved from /home/airflow/.local/lib/python3.12/site-packages/airflow/example_dags/example_trigger_target_dag.py
[2026-06-13T12:27:36.284+0000] {logging_mixin.py:188} INFO - [2026-06-13T12:27:36.284+0000] {dag.py:3096} INFO - Sync 1 DAGs
[2026-06-13T12:27:36.299+0000] {logging_mixin.py:188} INFO - [2026-06-13T12:27:36.299+0000] {dag.py:3954} INFO - Setting next_dagrun for example_trigger_target_dag to None, run_after=None
[2026-06-13T12:27:36.327+0000] {processor.py:183} INFO - Processing /home/airflow/.local/lib/python3.12/site-packages/airflow/example_dags/example_trigger_target_dag.py took 0.086 seconds
[2026-06-13T12:28:06.690+0000] {processor.py:161} INFO - Started process (PID=845) to work on /home/airflow/.local/lib/python3.12/site-packages/airflow/example_dags/example_trigger_target_dag.py
[2026-06-13T12:28:06.692+0000] {processor.py:830} INFO - Processing file /home/airflow/.local/lib/python3.12/site-packages/airflow/example_dags/example_trigger_target_dag.py for tasks to queue
[2026-06-13T12:28:06.695+0000] {logging_mixin.py:188} INFO - [2026-06-13T12:28:06.695+0000] {dagbag.py:545} INFO - Filling up the DagBag from /home/airflow/.local/lib/python3.12/site-packages/airflow/example_dags/example_trigger_target_dag.py
[2026-06-13T12:28:06.703+0000] {processor.py:840} INFO - DAG(s) 'example_trigger_target_dag' retrieved from /home/airflow/.local/lib/python3.12/site-packages/airflow/example_dags/example_trigger_target_dag.py
[2026-06-13T12:28:06.730+0000] {logging_mixin.py:188} INFO - [2026-06-13T12:28:06.729+0000] {dag.py:3096} INFO - Sync 1 DAGs
[2026-06-13T12:28:06.745+0000] {logging_mixin.py:188} INFO - [2026-06-13T12:28:06.744+0000] {dag.py:3954} INFO - Setting next_dagrun for example_trigger_target_dag to None, run_after=None
[2026-06-13T12:28:06.771+0000] {processor.py:183} INFO - Processing /home/airflow/.local/lib/python3.12/site-packages/airflow/example_dags/example_trigger_target_dag.py took 0.087 seconds
[2026-06-13T12:28:37.081+0000] {processor.py:161} INFO - Started process (PID=904) to work on /home/airflow/.local/lib/python3.12/site-packages/airflow/example_dags/example_trigger_target_dag.py
[2026-06-13T12:28:37.082+0000] {processor.py:830} INFO - Processing file /home/airflow/.local/lib/python3.12/site-packages/airflow/example_dags/example_trigger_target_dag.py for tasks to queue
[2026-06-13T12:28:37.085+0000] {logging_mixin.py:188} INFO - [2026-06-13T12:28:37.084+0000] {dagbag.py:545} INFO - Filling up the DagBag from /home/airflow/.local/lib/python3.12/site-packages/airflow/example_dags/example_trigger_target_dag.py
[2026-06-13T12:28:37.093+0000] {processor.py:840} INFO - DAG(s) 'example_trigger_target_dag' retrieved from /home/airflow/.local/lib/python3.12/site-packages/airflow/example_dags/example_trigger_target_dag.py
[2026-06-13T12:28:37.119+0000] {logging_mixin.py:188} INFO - [2026-06-13T12:28:37.119+0000] {dag.py:3096} INFO - Sync 1 DAGs
[2026-06-13T12:28:37.135+0000] {logging_mixin.py:188} INFO - [2026-06-13T12:28:37.134+0000] {dag.py:3954} INFO - Setting next_dagrun for example_trigger_target_dag to None, run_after=None
[2026-06-13T12:28:37.164+0000] {processor.py:183} INFO - Processing /home/airflow/.local/lib/python3.12/site-packages/airflow/example_dags/example_trigger_target_dag.py took 0.090 seconds
[2026-06-13T12:29:07.473+0000] {processor.py:161} INFO - Started process (PID=964) to work on /home/airflow/.local/lib/python3.12/site-packages/airflow/example_dags/example_trigger_target_dag.py
[2026-06-13T12:29:07.475+0000] {processor.py:830} INFO - Processing file /home/airflow/.local/lib/python3.12/site-packages/airflow/example_dags/example_trigger_target_dag.py for tasks to queue
[2026-06-13T12:29:07.478+0000] {logging_mixin.py:188} INFO - [2026-06-13T12:29:07.477+0000] {dagbag.py:545} INFO - Filling up the DagBag from /home/airflow/.local/lib/python3.12/site-packages/airflow/example_dags/example_trigger_target_dag.py
[2026-06-13T12:29:07.485+0000] {processor.py:840} INFO - DAG(s) 'example_trigger_target_dag' retrieved from /home/airflow/.local/lib/python3.12/site-packages/airflow/example_dags/example_trigger_target_dag.py
[2026-06-13T12:29:07.512+0000] {logging_mixin.py:188} INFO - [2026-06-13T12:29:07.511+0000] {dag.py:3096} INFO - Sync 1 DAGs
[2026-06-13T12:29:07.526+0000] {logging_mixin.py:188} INFO - [2026-06-13T12:29:07.526+0000] {dag.py:3954} INFO - Setting next_dagrun for example_trigger_target_dag to None, run_after=None
[2026-06-13T12:29:07.554+0000] {processor.py:183} INFO - Processing /home/airflow/.local/lib/python3.12/site-packages/airflow/example_dags/example_trigger_target_dag.py took 0.088 seconds
[2026-06-13T12:29:37.927+0000] {processor.py:161} INFO - Started process (PID=1024) to work on /home/airflow/.local/lib/python3.12/site-packages/airflow/example_dags/example_trigger_target_dag.py
[2026-06-13T12:29:37.928+0000] {processor.py:830} INFO - Processing file /home/airflow/.local/lib/python3.12/site-packages/airflow/example_dags/example_trigger_target_dag.py for tasks to queue
[2026-06-13T12:29:37.931+0000] {logging_mixin.py:188} INFO - [2026-06-13T12:29:37.930+0000] {dagbag.py:545} INFO - Filling up the DagBag from /home/airflow/.local/lib/python3.12/site-packages/airflow/example_dags/example_trigger_target_dag.py
[2026-06-13T12:29:37.938+0000] {processor.py:840} INFO - DAG(s) 'example_trigger_target_dag' retrieved from /home/airflow/.local/lib/python3.12/site-packages/airflow/example_dags/example_trigger_target_dag.py
[2026-06-13T12:29:37.962+0000] {logging_mixin.py:188} INFO - [2026-06-13T12:29:37.962+0000] {dag.py:3096} INFO - Sync 1 DAGs
[2026-06-13T12:29:37.978+0000] {logging_mixin.py:188} INFO - [2026-06-13T12:29:37.978+0000] {dag.py:3954} INFO - Setting next_dagrun for example_trigger_target_dag to None, run_after=None
[2026-06-13T12:29:38.005+0000] {processor.py:183} INFO - Processing /home/airflow/.local/lib/python3.12/site-packages/airflow/example_dags/example_trigger_target_dag.py took 0.084 seconds
[2026-06-13T12:30:09.109+0000] {processor.py:161} INFO - Started process (PID=1089) to work on /home/airflow/.local/lib/python3.12/site-packages/airflow/example_dags/example_trigger_target_dag.py
[2026-06-13T12:30:09.111+0000] {processor.py:830} INFO - Processing file /home/airflow/.local/lib/python3.12/site-packages/airflow/example_dags/example_trigger_target_dag.py for tasks to queue
[2026-06-13T12:30:09.114+0000] {logging_mixin.py:188} INFO - [2026-06-13T12:30:09.114+0000] {dagbag.py:545} INFO - Filling up the DagBag from /home/airflow/.local/lib/python3.12/site-packages/airflow/example_dags/example_trigger_target_dag.py
[2026-06-13T12:30:09.123+0000] {processor.py:840} INFO - DAG(s) 'example_trigger_target_dag' retrieved from /home/airflow/.local/lib/python3.12/site-packages/airflow/example_dags/example_trigger_target_dag.py
[2026-06-13T12:30:09.148+0000] {logging_mixin.py:188} INFO - [2026-06-13T12:30:09.148+0000] {dag.py:3096} INFO - Sync 1 DAGs
[2026-06-13T12:30:09.164+0000] {logging_mixin.py:188} INFO - [2026-06-13T12:30:09.163+0000] {dag.py:3954} INFO - Setting next_dagrun for example_trigger_target_dag to None, run_after=None
[2026-06-13T12:30:09.192+0000] {processor.py:183} INFO - Processing /home/airflow/.local/lib/python3.12/site-packages/airflow/example_dags/example_trigger_target_dag.py took 0.089 seconds
[2026-06-13T12:30:39.827+0000] {processor.py:161} INFO - Started process (PID=1148) to work on /home/airflow/.local/lib/python3.12/site-packages/airflow/example_dags/example_trigger_target_dag.py
[2026-06-13T12:30:39.829+0000] {processor.py:830} INFO - Processing file /home/airflow/.local/lib/python3.12/site-packages/airflow/example_dags/example_trigger_target_dag.py for tasks to queue
[2026-06-13T12:30:39.832+0000] {logging_mixin.py:188} INFO - [2026-06-13T12:30:39.831+0000] {dagbag.py:545} INFO - Filling up the DagBag from /home/airflow/.local/lib/python3.12/site-packages/airflow/example_dags/example_trigger_target_dag.py
[2026-06-13T12:30:39.843+0000] {processor.py:840} INFO - DAG(s) 'example_trigger_target_dag' retrieved from /home/airflow/.local/lib/python3.12/site-packages/airflow/example_dags/example_trigger_target_dag.py
[2026-06-13T12:30:39.879+0000] {logging_mixin.py:188} INFO - [2026-06-13T12:30:39.879+0000] {dag.py:3096} INFO - Sync 1 DAGs
[2026-06-13T12:30:39.900+0000] {logging_mixin.py:188} INFO - [2026-06-13T12:30:39.900+0000] {dag.py:3954} INFO - Setting next_dagrun for example_trigger_target_dag to None, run_after=None
[2026-06-13T12:30:39.935+0000] {processor.py:183} INFO - Processing /home/airflow/.local/lib/python3.12/site-packages/airflow/example_dags/example_trigger_target_dag.py took 0.118 seconds
[2026-06-13T12:31:10.284+0000] {processor.py:161} INFO - Started process (PID=1207) to work on /home/airflow/.local/lib/python3.12/site-packages/airflow/example_dags/example_trigger_target_dag.py
[2026-06-13T12:31:10.286+0000] {processor.py:830} INFO - Processing file /home/airflow/.local/lib/python3.12/site-packages/airflow/example_dags/example_trigger_target_dag.py for tasks to queue
[2026-06-13T12:31:10.289+0000] {logging_mixin.py:188} INFO - [2026-06-13T12:31:10.288+0000] {dagbag.py:545} INFO - Filling up the DagBag from /home/airflow/.local/lib/python3.12/site-packages/airflow/example_dags/example_trigger_target_dag.py
[2026-06-13T12:31:10.298+0000] {processor.py:840} INFO - DAG(s) 'example_trigger_target_dag' retrieved from /home/airflow/.local/lib/python3.12/site-packages/airflow/example_dags/example_trigger_target_dag.py
[2026-06-13T12:31:10.323+0000] {logging_mixin.py:188} INFO - [2026-06-13T12:31:10.323+0000] {dag.py:3096} INFO - Sync 1 DAGs
[2026-06-13T12:31:10.337+0000] {logging_mixin.py:188} INFO - [2026-06-13T12:31:10.336+0000] {dag.py:3954} INFO - Setting next_dagrun for example_trigger_target_dag to None, run_after=None
[2026-06-13T12:31:10.363+0000] {processor.py:183} INFO - Processing /home/airflow/.local/lib/python3.12/site-packages/airflow/example_dags/example_trigger_target_dag.py took 0.086 seconds
[2026-06-13T16:08:01.076+0000] {processor.py:161} INFO - Started process (PID=1266) to work on /home/airflow/.local/lib/python3.12/site-packages/airflow/example_dags/example_trigger_target_dag.py
[2026-06-13T16:08:01.078+0000] {processor.py:830} INFO - Processing file /home/airflow/.local/lib/python3.12/site-packages/airflow/example_dags/example_trigger_target_dag.py for tasks to queue
[2026-06-13T16:08:01.084+0000] {logging_mixin.py:188} INFO - [2026-06-13T16:08:01.083+0000] {dagbag.py:545} INFO - Filling up the DagBag from /home/airflow/.local/lib/python3.12/site-packages/airflow/example_dags/example_trigger_target_dag.py
[2026-06-13T16:08:01.097+0000] {processor.py:840} INFO - DAG(s) 'example_trigger_target_dag' retrieved from /home/airflow/.local/lib/python3.12/site-packages/airflow/example_dags/example_trigger_target_dag.py
[2026-06-13T16:08:01.137+0000] {logging_mixin.py:188} INFO - [2026-06-13T16:08:01.136+0000] {dag.py:3096} INFO - Sync 1 DAGs
[2026-06-13T16:08:01.158+0000] {logging_mixin.py:188} INFO - [2026-06-13T16:08:01.157+0000] {dag.py:3954} INFO - Setting next_dagrun for example_trigger_target_dag to None, run_after=None
[2026-06-13T16:08:01.191+0000] {processor.py:183} INFO - Processing /home/airflow/.local/lib/python3.12/site-packages/airflow/example_dags/example_trigger_target_dag.py took 0.125 seconds
[2026-06-13T16:08:32.793+0000] {processor.py:161} INFO - Started process (PID=1322) to work on /home/airflow/.local/lib/python3.12/site-packages/airflow/example_dags/example_trigger_target_dag.py
[2026-06-13T16:08:32.796+0000] {processor.py:830} INFO - Processing file /home/airflow/.local/lib/python3.12/site-packages/airflow/example_dags/example_trigger_target_dag.py for tasks to queue
[2026-06-13T16:08:32.802+0000] {logging_mixin.py:188} INFO - [2026-06-13T16:08:32.801+0000] {dagbag.py:545} INFO - Filling up the DagBag from /home/airflow/.local/lib/python3.12/site-packages/airflow/example_dags/example_trigger_target_dag.py
[2026-06-13T16:08:32.825+0000] {processor.py:840} INFO - DAG(s) 'example_trigger_target_dag' retrieved from /home/airflow/.local/lib/python3.12/site-packages/airflow/example_dags/example_trigger_target_dag.py
[2026-06-13T16:08:32.873+0000] {logging_mixin.py:188} INFO - [2026-06-13T16:08:32.872+0000] {dag.py:3096} INFO - Sync 1 DAGs
[2026-06-13T16:08:32.899+0000] {logging_mixin.py:188} INFO - [2026-06-13T16:08:32.898+0000] {dag.py:3954} INFO - Setting next_dagrun for example_trigger_target_dag to None, run_after=None
[2026-06-13T16:08:32.952+0000] {processor.py:183} INFO - Processing /home/airflow/.local/lib/python3.12/site-packages/airflow/example_dags/example_trigger_target_dag.py took 0.172 seconds
