[2026-06-13T10:42:19.484+0000] {processor.py:161} INFO - Started process (PID=88) to work on /home/airflow/.local/lib/python3.12/site-packages/airflow/example_dags/example_task_group_decorator.py
[2026-06-13T10:42:19.486+0000] {processor.py:830} INFO - Processing file /home/airflow/.local/lib/python3.12/site-packages/airflow/example_dags/example_task_group_decorator.py for tasks to queue
[2026-06-13T10:42:19.489+0000] {logging_mixin.py:188} INFO - [2026-06-13T10:42:19.488+0000] {dagbag.py:545} INFO - Filling up the DagBag from /home/airflow/.local/lib/python3.12/site-packages/airflow/example_dags/example_task_group_decorator.py
[2026-06-13T10:42:19.509+0000] {processor.py:840} INFO - DAG(s) 'example_task_group_decorator' retrieved from /home/airflow/.local/lib/python3.12/site-packages/airflow/example_dags/example_task_group_decorator.py
[2026-06-13T10:42:19.680+0000] {logging_mixin.py:188} INFO - [2026-06-13T10:42:19.679+0000] {dag.py:3096} INFO - Sync 1 DAGs
[2026-06-13T10:42:19.706+0000] {logging_mixin.py:188} INFO - [2026-06-13T10:42:19.706+0000] {dag.py:3954} INFO - Setting next_dagrun for example_task_group_decorator to 2026-06-12 00:00:00+00:00, run_after=2026-06-13 00:00:00+00:00
[2026-06-13T10:42:19.745+0000] {processor.py:183} INFO - Processing /home/airflow/.local/lib/python3.12/site-packages/airflow/example_dags/example_task_group_decorator.py took 0.268 seconds
[2026-06-13T10:42:50.059+0000] {processor.py:161} INFO - Started process (PID=146) to work on /home/airflow/.local/lib/python3.12/site-packages/airflow/example_dags/example_task_group_decorator.py
[2026-06-13T10:42:50.062+0000] {processor.py:830} INFO - Processing file /home/airflow/.local/lib/python3.12/site-packages/airflow/example_dags/example_task_group_decorator.py for tasks to queue
[2026-06-13T10:42:50.064+0000] {logging_mixin.py:188} INFO - [2026-06-13T10:42:50.064+0000] {dagbag.py:545} INFO - Filling up the DagBag from /home/airflow/.local/lib/python3.12/site-packages/airflow/example_dags/example_task_group_decorator.py
[2026-06-13T10:42:50.083+0000] {processor.py:840} INFO - DAG(s) 'example_task_group_decorator' retrieved from /home/airflow/.local/lib/python3.12/site-packages/airflow/example_dags/example_task_group_decorator.py
[2026-06-13T10:42:50.110+0000] {logging_mixin.py:188} INFO - [2026-06-13T10:42:50.110+0000] {dag.py:3096} INFO - Sync 1 DAGs
[2026-06-13T10:42:50.135+0000] {logging_mixin.py:188} INFO - [2026-06-13T10:42:50.135+0000] {dag.py:3954} INFO - Setting next_dagrun for example_task_group_decorator to 2026-06-12 00:00:00+00:00, run_after=2026-06-13 00:00:00+00:00
[2026-06-13T10:42:50.159+0000] {processor.py:183} INFO - Processing /home/airflow/.local/lib/python3.12/site-packages/airflow/example_dags/example_task_group_decorator.py took 0.106 seconds
[2026-06-13T10:43:20.683+0000] {processor.py:161} INFO - Started process (PID=204) to work on /home/airflow/.local/lib/python3.12/site-packages/airflow/example_dags/example_task_group_decorator.py
[2026-06-13T10:43:20.685+0000] {processor.py:830} INFO - Processing file /home/airflow/.local/lib/python3.12/site-packages/airflow/example_dags/example_task_group_decorator.py for tasks to queue
[2026-06-13T10:43:20.689+0000] {logging_mixin.py:188} INFO - [2026-06-13T10:43:20.688+0000] {dagbag.py:545} INFO - Filling up the DagBag from /home/airflow/.local/lib/python3.12/site-packages/airflow/example_dags/example_task_group_decorator.py
[2026-06-13T10:43:20.704+0000] {processor.py:840} INFO - DAG(s) 'example_task_group_decorator' retrieved from /home/airflow/.local/lib/python3.12/site-packages/airflow/example_dags/example_task_group_decorator.py
[2026-06-13T10:43:20.738+0000] {logging_mixin.py:188} INFO - [2026-06-13T10:43:20.737+0000] {dag.py:3096} INFO - Sync 1 DAGs
[2026-06-13T10:43:20.762+0000] {logging_mixin.py:188} INFO - [2026-06-13T10:43:20.762+0000] {dag.py:3954} INFO - Setting next_dagrun for example_task_group_decorator to 2026-06-12 00:00:00+00:00, run_after=2026-06-13 00:00:00+00:00
[2026-06-13T10:43:20.793+0000] {processor.py:183} INFO - Processing /home/airflow/.local/lib/python3.12/site-packages/airflow/example_dags/example_task_group_decorator.py took 0.116 seconds
[2026-06-13T10:43:51.078+0000] {processor.py:161} INFO - Started process (PID=262) to work on /home/airflow/.local/lib/python3.12/site-packages/airflow/example_dags/example_task_group_decorator.py
[2026-06-13T10:43:51.080+0000] {processor.py:830} INFO - Processing file /home/airflow/.local/lib/python3.12/site-packages/airflow/example_dags/example_task_group_decorator.py for tasks to queue
[2026-06-13T10:43:51.085+0000] {logging_mixin.py:188} INFO - [2026-06-13T10:43:51.084+0000] {dagbag.py:545} INFO - Filling up the DagBag from /home/airflow/.local/lib/python3.12/site-packages/airflow/example_dags/example_task_group_decorator.py
[2026-06-13T10:43:51.100+0000] {processor.py:840} INFO - DAG(s) 'example_task_group_decorator' retrieved from /home/airflow/.local/lib/python3.12/site-packages/airflow/example_dags/example_task_group_decorator.py
[2026-06-13T10:43:51.132+0000] {logging_mixin.py:188} INFO - [2026-06-13T10:43:51.132+0000] {dag.py:3096} INFO - Sync 1 DAGs
[2026-06-13T10:43:51.158+0000] {logging_mixin.py:188} INFO - [2026-06-13T10:43:51.157+0000] {dag.py:3954} INFO - Setting next_dagrun for example_task_group_decorator to 2026-06-12 00:00:00+00:00, run_after=2026-06-13 00:00:00+00:00
[2026-06-13T10:43:51.185+0000] {processor.py:183} INFO - Processing /home/airflow/.local/lib/python3.12/site-packages/airflow/example_dags/example_task_group_decorator.py took 0.114 seconds
[2026-06-13T10:44:21.349+0000] {processor.py:161} INFO - Started process (PID=320) to work on /home/airflow/.local/lib/python3.12/site-packages/airflow/example_dags/example_task_group_decorator.py
[2026-06-13T10:44:21.350+0000] {processor.py:830} INFO - Processing file /home/airflow/.local/lib/python3.12/site-packages/airflow/example_dags/example_task_group_decorator.py for tasks to queue
[2026-06-13T10:44:21.353+0000] {logging_mixin.py:188} INFO - [2026-06-13T10:44:21.352+0000] {dagbag.py:545} INFO - Filling up the DagBag from /home/airflow/.local/lib/python3.12/site-packages/airflow/example_dags/example_task_group_decorator.py
[2026-06-13T10:44:21.370+0000] {processor.py:840} INFO - DAG(s) 'example_task_group_decorator' retrieved from /home/airflow/.local/lib/python3.12/site-packages/airflow/example_dags/example_task_group_decorator.py
[2026-06-13T10:44:21.401+0000] {logging_mixin.py:188} INFO - [2026-06-13T10:44:21.401+0000] {dag.py:3096} INFO - Sync 1 DAGs
[2026-06-13T10:44:21.427+0000] {logging_mixin.py:188} INFO - [2026-06-13T10:44:21.427+0000] {dag.py:3954} INFO - Setting next_dagrun for example_task_group_decorator to 2026-06-12 00:00:00+00:00, run_after=2026-06-13 00:00:00+00:00
[2026-06-13T10:44:21.454+0000] {processor.py:183} INFO - Processing /home/airflow/.local/lib/python3.12/site-packages/airflow/example_dags/example_task_group_decorator.py took 0.112 seconds
[2026-06-13T10:44:51.947+0000] {processor.py:161} INFO - Started process (PID=378) to work on /home/airflow/.local/lib/python3.12/site-packages/airflow/example_dags/example_task_group_decorator.py
[2026-06-13T10:44:51.949+0000] {processor.py:830} INFO - Processing file /home/airflow/.local/lib/python3.12/site-packages/airflow/example_dags/example_task_group_decorator.py for tasks to queue
[2026-06-13T10:44:51.952+0000] {logging_mixin.py:188} INFO - [2026-06-13T10:44:51.951+0000] {dagbag.py:545} INFO - Filling up the DagBag from /home/airflow/.local/lib/python3.12/site-packages/airflow/example_dags/example_task_group_decorator.py
[2026-06-13T10:44:51.970+0000] {processor.py:840} INFO - DAG(s) 'example_task_group_decorator' retrieved from /home/airflow/.local/lib/python3.12/site-packages/airflow/example_dags/example_task_group_decorator.py
[2026-06-13T10:44:52.006+0000] {logging_mixin.py:188} INFO - [2026-06-13T10:44:52.005+0000] {dag.py:3096} INFO - Sync 1 DAGs
[2026-06-13T10:44:52.035+0000] {logging_mixin.py:188} INFO - [2026-06-13T10:44:52.035+0000] {dag.py:3954} INFO - Setting next_dagrun for example_task_group_decorator to 2026-06-12 00:00:00+00:00, run_after=2026-06-13 00:00:00+00:00
[2026-06-13T10:44:52.062+0000] {processor.py:183} INFO - Processing /home/airflow/.local/lib/python3.12/site-packages/airflow/example_dags/example_task_group_decorator.py took 0.122 seconds
[2026-06-13T10:45:22.339+0000] {processor.py:161} INFO - Started process (PID=436) to work on /home/airflow/.local/lib/python3.12/site-packages/airflow/example_dags/example_task_group_decorator.py
[2026-06-13T10:45:22.341+0000] {processor.py:830} INFO - Processing file /home/airflow/.local/lib/python3.12/site-packages/airflow/example_dags/example_task_group_decorator.py for tasks to queue
[2026-06-13T10:45:22.344+0000] {logging_mixin.py:188} INFO - [2026-06-13T10:45:22.344+0000] {dagbag.py:545} INFO - Filling up the DagBag from /home/airflow/.local/lib/python3.12/site-packages/airflow/example_dags/example_task_group_decorator.py
[2026-06-13T10:45:22.362+0000] {processor.py:840} INFO - DAG(s) 'example_task_group_decorator' retrieved from /home/airflow/.local/lib/python3.12/site-packages/airflow/example_dags/example_task_group_decorator.py
[2026-06-13T10:45:22.399+0000] {logging_mixin.py:188} INFO - [2026-06-13T10:45:22.398+0000] {dag.py:3096} INFO - Sync 1 DAGs
[2026-06-13T10:45:22.425+0000] {logging_mixin.py:188} INFO - [2026-06-13T10:45:22.425+0000] {dag.py:3954} INFO - Setting next_dagrun for example_task_group_decorator to 2026-06-12 00:00:00+00:00, run_after=2026-06-13 00:00:00+00:00
[2026-06-13T10:45:22.453+0000] {processor.py:183} INFO - Processing /home/airflow/.local/lib/python3.12/site-packages/airflow/example_dags/example_task_group_decorator.py took 0.119 seconds
[2026-06-13T10:45:53.131+0000] {processor.py:161} INFO - Started process (PID=494) to work on /home/airflow/.local/lib/python3.12/site-packages/airflow/example_dags/example_task_group_decorator.py
[2026-06-13T10:45:53.133+0000] {processor.py:830} INFO - Processing file /home/airflow/.local/lib/python3.12/site-packages/airflow/example_dags/example_task_group_decorator.py for tasks to queue
[2026-06-13T10:45:53.136+0000] {logging_mixin.py:188} INFO - [2026-06-13T10:45:53.136+0000] {dagbag.py:545} INFO - Filling up the DagBag from /home/airflow/.local/lib/python3.12/site-packages/airflow/example_dags/example_task_group_decorator.py
[2026-06-13T10:45:53.153+0000] {processor.py:840} INFO - DAG(s) 'example_task_group_decorator' retrieved from /home/airflow/.local/lib/python3.12/site-packages/airflow/example_dags/example_task_group_decorator.py
[2026-06-13T10:45:53.186+0000] {logging_mixin.py:188} INFO - [2026-06-13T10:45:53.186+0000] {dag.py:3096} INFO - Sync 1 DAGs
[2026-06-13T10:45:53.219+0000] {logging_mixin.py:188} INFO - [2026-06-13T10:45:53.219+0000] {dag.py:3954} INFO - Setting next_dagrun for example_task_group_decorator to 2026-06-12 00:00:00+00:00, run_after=2026-06-13 00:00:00+00:00
[2026-06-13T10:45:53.245+0000] {processor.py:183} INFO - Processing /home/airflow/.local/lib/python3.12/site-packages/airflow/example_dags/example_task_group_decorator.py took 0.120 seconds
[2026-06-13T10:46:24.285+0000] {processor.py:161} INFO - Started process (PID=552) to work on /home/airflow/.local/lib/python3.12/site-packages/airflow/example_dags/example_task_group_decorator.py
[2026-06-13T10:46:24.287+0000] {processor.py:830} INFO - Processing file /home/airflow/.local/lib/python3.12/site-packages/airflow/example_dags/example_task_group_decorator.py for tasks to queue
[2026-06-13T10:46:24.290+0000] {logging_mixin.py:188} INFO - [2026-06-13T10:46:24.289+0000] {dagbag.py:545} INFO - Filling up the DagBag from /home/airflow/.local/lib/python3.12/site-packages/airflow/example_dags/example_task_group_decorator.py
[2026-06-13T10:46:24.304+0000] {processor.py:840} INFO - DAG(s) 'example_task_group_decorator' retrieved from /home/airflow/.local/lib/python3.12/site-packages/airflow/example_dags/example_task_group_decorator.py
[2026-06-13T10:46:24.334+0000] {logging_mixin.py:188} INFO - [2026-06-13T10:46:24.333+0000] {dag.py:3096} INFO - Sync 1 DAGs
[2026-06-13T10:46:24.357+0000] {logging_mixin.py:188} INFO - [2026-06-13T10:46:24.357+0000] {dag.py:3954} INFO - Setting next_dagrun for example_task_group_decorator to 2026-06-12 00:00:00+00:00, run_after=2026-06-13 00:00:00+00:00
[2026-06-13T10:46:24.389+0000] {processor.py:183} INFO - Processing /home/airflow/.local/lib/python3.12/site-packages/airflow/example_dags/example_task_group_decorator.py took 0.109 seconds
[2026-06-13T10:46:54.479+0000] {processor.py:161} INFO - Started process (PID=610) to work on /home/airflow/.local/lib/python3.12/site-packages/airflow/example_dags/example_task_group_decorator.py
[2026-06-13T10:46:54.481+0000] {processor.py:830} INFO - Processing file /home/airflow/.local/lib/python3.12/site-packages/airflow/example_dags/example_task_group_decorator.py for tasks to queue
[2026-06-13T10:46:54.483+0000] {logging_mixin.py:188} INFO - [2026-06-13T10:46:54.483+0000] {dagbag.py:545} INFO - Filling up the DagBag from /home/airflow/.local/lib/python3.12/site-packages/airflow/example_dags/example_task_group_decorator.py
[2026-06-13T10:46:54.497+0000] {processor.py:840} INFO - DAG(s) 'example_task_group_decorator' retrieved from /home/airflow/.local/lib/python3.12/site-packages/airflow/example_dags/example_task_group_decorator.py
[2026-06-13T10:46:54.525+0000] {logging_mixin.py:188} INFO - [2026-06-13T10:46:54.525+0000] {dag.py:3096} INFO - Sync 1 DAGs
[2026-06-13T10:46:54.549+0000] {logging_mixin.py:188} INFO - [2026-06-13T10:46:54.549+0000] {dag.py:3954} INFO - Setting next_dagrun for example_task_group_decorator to 2026-06-12 00:00:00+00:00, run_after=2026-06-13 00:00:00+00:00
[2026-06-13T10:46:54.584+0000] {processor.py:183} INFO - Processing /home/airflow/.local/lib/python3.12/site-packages/airflow/example_dags/example_task_group_decorator.py took 0.111 seconds
[2026-06-13T10:47:24.656+0000] {processor.py:161} INFO - Started process (PID=668) to work on /home/airflow/.local/lib/python3.12/site-packages/airflow/example_dags/example_task_group_decorator.py
[2026-06-13T10:47:24.658+0000] {processor.py:830} INFO - Processing file /home/airflow/.local/lib/python3.12/site-packages/airflow/example_dags/example_task_group_decorator.py for tasks to queue
[2026-06-13T10:47:24.662+0000] {logging_mixin.py:188} INFO - [2026-06-13T10:47:24.662+0000] {dagbag.py:545} INFO - Filling up the DagBag from /home/airflow/.local/lib/python3.12/site-packages/airflow/example_dags/example_task_group_decorator.py
[2026-06-13T10:47:24.677+0000] {processor.py:840} INFO - DAG(s) 'example_task_group_decorator' retrieved from /home/airflow/.local/lib/python3.12/site-packages/airflow/example_dags/example_task_group_decorator.py
[2026-06-13T10:47:24.706+0000] {logging_mixin.py:188} INFO - [2026-06-13T10:47:24.705+0000] {dag.py:3096} INFO - Sync 1 DAGs
[2026-06-13T10:47:24.733+0000] {logging_mixin.py:188} INFO - [2026-06-13T10:47:24.733+0000] {dag.py:3954} INFO - Setting next_dagrun for example_task_group_decorator to 2026-06-12 00:00:00+00:00, run_after=2026-06-13 00:00:00+00:00
[2026-06-13T10:47:24.760+0000] {processor.py:183} INFO - Processing /home/airflow/.local/lib/python3.12/site-packages/airflow/example_dags/example_task_group_decorator.py took 0.110 seconds
[2026-06-13T10:47:54.888+0000] {processor.py:161} INFO - Started process (PID=726) to work on /home/airflow/.local/lib/python3.12/site-packages/airflow/example_dags/example_task_group_decorator.py
[2026-06-13T10:47:54.890+0000] {processor.py:830} INFO - Processing file /home/airflow/.local/lib/python3.12/site-packages/airflow/example_dags/example_task_group_decorator.py for tasks to queue
[2026-06-13T10:47:54.892+0000] {logging_mixin.py:188} INFO - [2026-06-13T10:47:54.892+0000] {dagbag.py:545} INFO - Filling up the DagBag from /home/airflow/.local/lib/python3.12/site-packages/airflow/example_dags/example_task_group_decorator.py
[2026-06-13T10:47:54.906+0000] {processor.py:840} INFO - DAG(s) 'example_task_group_decorator' retrieved from /home/airflow/.local/lib/python3.12/site-packages/airflow/example_dags/example_task_group_decorator.py
[2026-06-13T10:47:54.937+0000] {logging_mixin.py:188} INFO - [2026-06-13T10:47:54.937+0000] {dag.py:3096} INFO - Sync 1 DAGs
[2026-06-13T10:47:54.965+0000] {logging_mixin.py:188} INFO - [2026-06-13T10:47:54.965+0000] {dag.py:3954} INFO - Setting next_dagrun for example_task_group_decorator to 2026-06-12 00:00:00+00:00, run_after=2026-06-13 00:00:00+00:00
[2026-06-13T10:47:55.000+0000] {processor.py:183} INFO - Processing /home/airflow/.local/lib/python3.12/site-packages/airflow/example_dags/example_task_group_decorator.py took 0.118 seconds
[2026-06-13T10:48:25.153+0000] {processor.py:161} INFO - Started process (PID=784) to work on /home/airflow/.local/lib/python3.12/site-packages/airflow/example_dags/example_task_group_decorator.py
[2026-06-13T10:48:25.154+0000] {processor.py:830} INFO - Processing file /home/airflow/.local/lib/python3.12/site-packages/airflow/example_dags/example_task_group_decorator.py for tasks to queue
[2026-06-13T10:48:25.157+0000] {logging_mixin.py:188} INFO - [2026-06-13T10:48:25.156+0000] {dagbag.py:545} INFO - Filling up the DagBag from /home/airflow/.local/lib/python3.12/site-packages/airflow/example_dags/example_task_group_decorator.py
[2026-06-13T10:48:25.170+0000] {processor.py:840} INFO - DAG(s) 'example_task_group_decorator' retrieved from /home/airflow/.local/lib/python3.12/site-packages/airflow/example_dags/example_task_group_decorator.py
[2026-06-13T10:48:25.200+0000] {logging_mixin.py:188} INFO - [2026-06-13T10:48:25.200+0000] {dag.py:3096} INFO - Sync 1 DAGs
[2026-06-13T10:48:25.225+0000] {logging_mixin.py:188} INFO - [2026-06-13T10:48:25.225+0000] {dag.py:3954} INFO - Setting next_dagrun for example_task_group_decorator to 2026-06-12 00:00:00+00:00, run_after=2026-06-13 00:00:00+00:00
[2026-06-13T10:48:25.260+0000] {processor.py:183} INFO - Processing /home/airflow/.local/lib/python3.12/site-packages/airflow/example_dags/example_task_group_decorator.py took 0.113 seconds
[2026-06-13T10:48:55.523+0000] {processor.py:161} INFO - Started process (PID=842) to work on /home/airflow/.local/lib/python3.12/site-packages/airflow/example_dags/example_task_group_decorator.py
[2026-06-13T10:48:55.525+0000] {processor.py:830} INFO - Processing file /home/airflow/.local/lib/python3.12/site-packages/airflow/example_dags/example_task_group_decorator.py for tasks to queue
[2026-06-13T10:48:55.527+0000] {logging_mixin.py:188} INFO - [2026-06-13T10:48:55.527+0000] {dagbag.py:545} INFO - Filling up the DagBag from /home/airflow/.local/lib/python3.12/site-packages/airflow/example_dags/example_task_group_decorator.py
[2026-06-13T10:48:55.541+0000] {processor.py:840} INFO - DAG(s) 'example_task_group_decorator' retrieved from /home/airflow/.local/lib/python3.12/site-packages/airflow/example_dags/example_task_group_decorator.py
[2026-06-13T10:48:55.572+0000] {logging_mixin.py:188} INFO - [2026-06-13T10:48:55.571+0000] {dag.py:3096} INFO - Sync 1 DAGs
[2026-06-13T10:48:55.597+0000] {logging_mixin.py:188} INFO - [2026-06-13T10:48:55.597+0000] {dag.py:3954} INFO - Setting next_dagrun for example_task_group_decorator to 2026-06-12 00:00:00+00:00, run_after=2026-06-13 00:00:00+00:00
[2026-06-13T10:48:55.629+0000] {processor.py:183} INFO - Processing /home/airflow/.local/lib/python3.12/site-packages/airflow/example_dags/example_task_group_decorator.py took 0.112 seconds
[2026-06-13T10:49:26.618+0000] {processor.py:161} INFO - Started process (PID=900) to work on /home/airflow/.local/lib/python3.12/site-packages/airflow/example_dags/example_task_group_decorator.py
[2026-06-13T10:49:26.620+0000] {processor.py:830} INFO - Processing file /home/airflow/.local/lib/python3.12/site-packages/airflow/example_dags/example_task_group_decorator.py for tasks to queue
[2026-06-13T10:49:26.623+0000] {logging_mixin.py:188} INFO - [2026-06-13T10:49:26.623+0000] {dagbag.py:545} INFO - Filling up the DagBag from /home/airflow/.local/lib/python3.12/site-packages/airflow/example_dags/example_task_group_decorator.py
[2026-06-13T10:49:26.642+0000] {processor.py:840} INFO - DAG(s) 'example_task_group_decorator' retrieved from /home/airflow/.local/lib/python3.12/site-packages/airflow/example_dags/example_task_group_decorator.py
[2026-06-13T10:49:26.677+0000] {logging_mixin.py:188} INFO - [2026-06-13T10:49:26.677+0000] {dag.py:3096} INFO - Sync 1 DAGs
[2026-06-13T10:49:26.706+0000] {logging_mixin.py:188} INFO - [2026-06-13T10:49:26.706+0000] {dag.py:3954} INFO - Setting next_dagrun for example_task_group_decorator to 2026-06-12 00:00:00+00:00, run_after=2026-06-13 00:00:00+00:00
[2026-06-13T10:49:26.734+0000] {processor.py:183} INFO - Processing /home/airflow/.local/lib/python3.12/site-packages/airflow/example_dags/example_task_group_decorator.py took 0.124 seconds
[2026-06-13T10:49:57.139+0000] {processor.py:161} INFO - Started process (PID=959) to work on /home/airflow/.local/lib/python3.12/site-packages/airflow/example_dags/example_task_group_decorator.py
[2026-06-13T10:49:57.141+0000] {processor.py:830} INFO - Processing file /home/airflow/.local/lib/python3.12/site-packages/airflow/example_dags/example_task_group_decorator.py for tasks to queue
[2026-06-13T10:49:57.144+0000] {logging_mixin.py:188} INFO - [2026-06-13T10:49:57.143+0000] {dagbag.py:545} INFO - Filling up the DagBag from /home/airflow/.local/lib/python3.12/site-packages/airflow/example_dags/example_task_group_decorator.py
[2026-06-13T10:49:57.158+0000] {processor.py:840} INFO - DAG(s) 'example_task_group_decorator' retrieved from /home/airflow/.local/lib/python3.12/site-packages/airflow/example_dags/example_task_group_decorator.py
[2026-06-13T10:49:57.188+0000] {logging_mixin.py:188} INFO - [2026-06-13T10:49:57.188+0000] {dag.py:3096} INFO - Sync 1 DAGs
[2026-06-13T10:49:57.214+0000] {logging_mixin.py:188} INFO - [2026-06-13T10:49:57.214+0000] {dag.py:3954} INFO - Setting next_dagrun for example_task_group_decorator to 2026-06-12 00:00:00+00:00, run_after=2026-06-13 00:00:00+00:00
[2026-06-13T10:49:57.245+0000] {processor.py:183} INFO - Processing /home/airflow/.local/lib/python3.12/site-packages/airflow/example_dags/example_task_group_decorator.py took 0.112 seconds
[2026-06-13T10:50:27.510+0000] {processor.py:161} INFO - Started process (PID=1017) to work on /home/airflow/.local/lib/python3.12/site-packages/airflow/example_dags/example_task_group_decorator.py
[2026-06-13T10:50:27.513+0000] {processor.py:830} INFO - Processing file /home/airflow/.local/lib/python3.12/site-packages/airflow/example_dags/example_task_group_decorator.py for tasks to queue
[2026-06-13T10:50:27.516+0000] {logging_mixin.py:188} INFO - [2026-06-13T10:50:27.515+0000] {dagbag.py:545} INFO - Filling up the DagBag from /home/airflow/.local/lib/python3.12/site-packages/airflow/example_dags/example_task_group_decorator.py
[2026-06-13T10:50:27.530+0000] {processor.py:840} INFO - DAG(s) 'example_task_group_decorator' retrieved from /home/airflow/.local/lib/python3.12/site-packages/airflow/example_dags/example_task_group_decorator.py
[2026-06-13T10:50:27.560+0000] {logging_mixin.py:188} INFO - [2026-06-13T10:50:27.560+0000] {dag.py:3096} INFO - Sync 1 DAGs
[2026-06-13T10:50:27.585+0000] {logging_mixin.py:188} INFO - [2026-06-13T10:50:27.585+0000] {dag.py:3954} INFO - Setting next_dagrun for example_task_group_decorator to 2026-06-12 00:00:00+00:00, run_after=2026-06-13 00:00:00+00:00
[2026-06-13T10:50:27.617+0000] {processor.py:183} INFO - Processing /home/airflow/.local/lib/python3.12/site-packages/airflow/example_dags/example_task_group_decorator.py took 0.113 seconds
[2026-06-13T10:50:57.842+0000] {processor.py:161} INFO - Started process (PID=1075) to work on /home/airflow/.local/lib/python3.12/site-packages/airflow/example_dags/example_task_group_decorator.py
[2026-06-13T10:50:57.844+0000] {processor.py:830} INFO - Processing file /home/airflow/.local/lib/python3.12/site-packages/airflow/example_dags/example_task_group_decorator.py for tasks to queue
[2026-06-13T10:50:57.847+0000] {logging_mixin.py:188} INFO - [2026-06-13T10:50:57.846+0000] {dagbag.py:545} INFO - Filling up the DagBag from /home/airflow/.local/lib/python3.12/site-packages/airflow/example_dags/example_task_group_decorator.py
[2026-06-13T10:50:57.862+0000] {processor.py:840} INFO - DAG(s) 'example_task_group_decorator' retrieved from /home/airflow/.local/lib/python3.12/site-packages/airflow/example_dags/example_task_group_decorator.py
[2026-06-13T10:50:57.892+0000] {logging_mixin.py:188} INFO - [2026-06-13T10:50:57.892+0000] {dag.py:3096} INFO - Sync 1 DAGs
[2026-06-13T10:50:57.935+0000] {logging_mixin.py:188} INFO - [2026-06-13T10:50:57.935+0000] {dag.py:3954} INFO - Setting next_dagrun for example_task_group_decorator to 2026-06-12 00:00:00+00:00, run_after=2026-06-13 00:00:00+00:00
[2026-06-13T10:50:57.969+0000] {processor.py:183} INFO - Processing /home/airflow/.local/lib/python3.12/site-packages/airflow/example_dags/example_task_group_decorator.py took 0.133 seconds
[2026-06-13T10:51:28.656+0000] {processor.py:161} INFO - Started process (PID=1133) to work on /home/airflow/.local/lib/python3.12/site-packages/airflow/example_dags/example_task_group_decorator.py
[2026-06-13T10:51:28.658+0000] {processor.py:830} INFO - Processing file /home/airflow/.local/lib/python3.12/site-packages/airflow/example_dags/example_task_group_decorator.py for tasks to queue
[2026-06-13T10:51:28.661+0000] {logging_mixin.py:188} INFO - [2026-06-13T10:51:28.660+0000] {dagbag.py:545} INFO - Filling up the DagBag from /home/airflow/.local/lib/python3.12/site-packages/airflow/example_dags/example_task_group_decorator.py
[2026-06-13T10:51:28.676+0000] {processor.py:840} INFO - DAG(s) 'example_task_group_decorator' retrieved from /home/airflow/.local/lib/python3.12/site-packages/airflow/example_dags/example_task_group_decorator.py
[2026-06-13T10:51:28.707+0000] {logging_mixin.py:188} INFO - [2026-06-13T10:51:28.706+0000] {dag.py:3096} INFO - Sync 1 DAGs
[2026-06-13T10:51:28.733+0000] {logging_mixin.py:188} INFO - [2026-06-13T10:51:28.733+0000] {dag.py:3954} INFO - Setting next_dagrun for example_task_group_decorator to 2026-06-12 00:00:00+00:00, run_after=2026-06-13 00:00:00+00:00
[2026-06-13T10:51:28.757+0000] {processor.py:183} INFO - Processing /home/airflow/.local/lib/python3.12/site-packages/airflow/example_dags/example_task_group_decorator.py took 0.107 seconds
[2026-06-13T10:51:59.341+0000] {processor.py:161} INFO - Started process (PID=1191) to work on /home/airflow/.local/lib/python3.12/site-packages/airflow/example_dags/example_task_group_decorator.py
[2026-06-13T10:51:59.343+0000] {processor.py:830} INFO - Processing file /home/airflow/.local/lib/python3.12/site-packages/airflow/example_dags/example_task_group_decorator.py for tasks to queue
[2026-06-13T10:51:59.346+0000] {logging_mixin.py:188} INFO - [2026-06-13T10:51:59.345+0000] {dagbag.py:545} INFO - Filling up the DagBag from /home/airflow/.local/lib/python3.12/site-packages/airflow/example_dags/example_task_group_decorator.py
[2026-06-13T10:51:59.361+0000] {processor.py:840} INFO - DAG(s) 'example_task_group_decorator' retrieved from /home/airflow/.local/lib/python3.12/site-packages/airflow/example_dags/example_task_group_decorator.py
[2026-06-13T10:51:59.394+0000] {logging_mixin.py:188} INFO - [2026-06-13T10:51:59.394+0000] {dag.py:3096} INFO - Sync 1 DAGs
[2026-06-13T10:51:59.420+0000] {logging_mixin.py:188} INFO - [2026-06-13T10:51:59.420+0000] {dag.py:3954} INFO - Setting next_dagrun for example_task_group_decorator to 2026-06-12 00:00:00+00:00, run_after=2026-06-13 00:00:00+00:00
[2026-06-13T10:51:59.451+0000] {processor.py:183} INFO - Processing /home/airflow/.local/lib/python3.12/site-packages/airflow/example_dags/example_task_group_decorator.py took 0.116 seconds
[2026-06-13T10:52:29.716+0000] {processor.py:161} INFO - Started process (PID=1249) to work on /home/airflow/.local/lib/python3.12/site-packages/airflow/example_dags/example_task_group_decorator.py
[2026-06-13T10:52:29.717+0000] {processor.py:830} INFO - Processing file /home/airflow/.local/lib/python3.12/site-packages/airflow/example_dags/example_task_group_decorator.py for tasks to queue
[2026-06-13T10:52:29.720+0000] {logging_mixin.py:188} INFO - [2026-06-13T10:52:29.720+0000] {dagbag.py:545} INFO - Filling up the DagBag from /home/airflow/.local/lib/python3.12/site-packages/airflow/example_dags/example_task_group_decorator.py
[2026-06-13T10:52:29.735+0000] {processor.py:840} INFO - DAG(s) 'example_task_group_decorator' retrieved from /home/airflow/.local/lib/python3.12/site-packages/airflow/example_dags/example_task_group_decorator.py
[2026-06-13T10:52:29.766+0000] {logging_mixin.py:188} INFO - [2026-06-13T10:52:29.766+0000] {dag.py:3096} INFO - Sync 1 DAGs
[2026-06-13T10:52:29.790+0000] {logging_mixin.py:188} INFO - [2026-06-13T10:52:29.790+0000] {dag.py:3954} INFO - Setting next_dagrun for example_task_group_decorator to 2026-06-12 00:00:00+00:00, run_after=2026-06-13 00:00:00+00:00
[2026-06-13T10:52:29.817+0000] {processor.py:183} INFO - Processing /home/airflow/.local/lib/python3.12/site-packages/airflow/example_dags/example_task_group_decorator.py took 0.107 seconds
[2026-06-13T10:53:00.447+0000] {processor.py:161} INFO - Started process (PID=1307) to work on /home/airflow/.local/lib/python3.12/site-packages/airflow/example_dags/example_task_group_decorator.py
[2026-06-13T10:53:00.449+0000] {processor.py:830} INFO - Processing file /home/airflow/.local/lib/python3.12/site-packages/airflow/example_dags/example_task_group_decorator.py for tasks to queue
[2026-06-13T10:53:00.452+0000] {logging_mixin.py:188} INFO - [2026-06-13T10:53:00.451+0000] {dagbag.py:545} INFO - Filling up the DagBag from /home/airflow/.local/lib/python3.12/site-packages/airflow/example_dags/example_task_group_decorator.py
[2026-06-13T10:53:00.465+0000] {processor.py:840} INFO - DAG(s) 'example_task_group_decorator' retrieved from /home/airflow/.local/lib/python3.12/site-packages/airflow/example_dags/example_task_group_decorator.py
[2026-06-13T10:53:00.496+0000] {logging_mixin.py:188} INFO - [2026-06-13T10:53:00.496+0000] {dag.py:3096} INFO - Sync 1 DAGs
[2026-06-13T10:53:00.521+0000] {logging_mixin.py:188} INFO - [2026-06-13T10:53:00.520+0000] {dag.py:3954} INFO - Setting next_dagrun for example_task_group_decorator to 2026-06-12 00:00:00+00:00, run_after=2026-06-13 00:00:00+00:00
[2026-06-13T10:53:00.553+0000] {processor.py:183} INFO - Processing /home/airflow/.local/lib/python3.12/site-packages/airflow/example_dags/example_task_group_decorator.py took 0.115 seconds
[2026-06-13T10:53:31.309+0000] {processor.py:161} INFO - Started process (PID=1366) to work on /home/airflow/.local/lib/python3.12/site-packages/airflow/example_dags/example_task_group_decorator.py
[2026-06-13T10:53:31.310+0000] {processor.py:830} INFO - Processing file /home/airflow/.local/lib/python3.12/site-packages/airflow/example_dags/example_task_group_decorator.py for tasks to queue
[2026-06-13T10:53:31.313+0000] {logging_mixin.py:188} INFO - [2026-06-13T10:53:31.313+0000] {dagbag.py:545} INFO - Filling up the DagBag from /home/airflow/.local/lib/python3.12/site-packages/airflow/example_dags/example_task_group_decorator.py
[2026-06-13T10:53:31.331+0000] {processor.py:840} INFO - DAG(s) 'example_task_group_decorator' retrieved from /home/airflow/.local/lib/python3.12/site-packages/airflow/example_dags/example_task_group_decorator.py
[2026-06-13T10:53:31.393+0000] {logging_mixin.py:188} INFO - [2026-06-13T10:53:31.393+0000] {dag.py:3096} INFO - Sync 1 DAGs
[2026-06-13T10:53:31.430+0000] {logging_mixin.py:188} INFO - [2026-06-13T10:53:31.429+0000] {dag.py:3954} INFO - Setting next_dagrun for example_task_group_decorator to 2026-06-12 00:00:00+00:00, run_after=2026-06-13 00:00:00+00:00
[2026-06-13T10:53:31.465+0000] {processor.py:183} INFO - Processing /home/airflow/.local/lib/python3.12/site-packages/airflow/example_dags/example_task_group_decorator.py took 0.164 seconds
[2026-06-13T10:54:01.836+0000] {processor.py:161} INFO - Started process (PID=1424) to work on /home/airflow/.local/lib/python3.12/site-packages/airflow/example_dags/example_task_group_decorator.py
[2026-06-13T10:54:01.838+0000] {processor.py:830} INFO - Processing file /home/airflow/.local/lib/python3.12/site-packages/airflow/example_dags/example_task_group_decorator.py for tasks to queue
[2026-06-13T10:54:01.841+0000] {logging_mixin.py:188} INFO - [2026-06-13T10:54:01.841+0000] {dagbag.py:545} INFO - Filling up the DagBag from /home/airflow/.local/lib/python3.12/site-packages/airflow/example_dags/example_task_group_decorator.py
[2026-06-13T10:54:01.856+0000] {processor.py:840} INFO - DAG(s) 'example_task_group_decorator' retrieved from /home/airflow/.local/lib/python3.12/site-packages/airflow/example_dags/example_task_group_decorator.py
[2026-06-13T10:54:01.889+0000] {logging_mixin.py:188} INFO - [2026-06-13T10:54:01.889+0000] {dag.py:3096} INFO - Sync 1 DAGs
[2026-06-13T10:54:01.915+0000] {logging_mixin.py:188} INFO - [2026-06-13T10:54:01.915+0000] {dag.py:3954} INFO - Setting next_dagrun for example_task_group_decorator to 2026-06-12 00:00:00+00:00, run_after=2026-06-13 00:00:00+00:00
[2026-06-13T10:54:01.946+0000] {processor.py:183} INFO - Processing /home/airflow/.local/lib/python3.12/site-packages/airflow/example_dags/example_task_group_decorator.py took 0.116 seconds
[2026-06-13T10:54:32.030+0000] {processor.py:161} INFO - Started process (PID=1482) to work on /home/airflow/.local/lib/python3.12/site-packages/airflow/example_dags/example_task_group_decorator.py
[2026-06-13T10:54:32.031+0000] {processor.py:830} INFO - Processing file /home/airflow/.local/lib/python3.12/site-packages/airflow/example_dags/example_task_group_decorator.py for tasks to queue
[2026-06-13T10:54:32.034+0000] {logging_mixin.py:188} INFO - [2026-06-13T10:54:32.033+0000] {dagbag.py:545} INFO - Filling up the DagBag from /home/airflow/.local/lib/python3.12/site-packages/airflow/example_dags/example_task_group_decorator.py
[2026-06-13T10:54:32.049+0000] {processor.py:840} INFO - DAG(s) 'example_task_group_decorator' retrieved from /home/airflow/.local/lib/python3.12/site-packages/airflow/example_dags/example_task_group_decorator.py
[2026-06-13T10:54:32.084+0000] {logging_mixin.py:188} INFO - [2026-06-13T10:54:32.083+0000] {dag.py:3096} INFO - Sync 1 DAGs
[2026-06-13T10:54:32.115+0000] {logging_mixin.py:188} INFO - [2026-06-13T10:54:32.115+0000] {dag.py:3954} INFO - Setting next_dagrun for example_task_group_decorator to 2026-06-12 00:00:00+00:00, run_after=2026-06-13 00:00:00+00:00
[2026-06-13T10:54:32.146+0000] {processor.py:183} INFO - Processing /home/airflow/.local/lib/python3.12/site-packages/airflow/example_dags/example_task_group_decorator.py took 0.122 seconds
[2026-06-13T10:55:56.223+0000] {processor.py:161} INFO - Started process (PID=83) to work on /home/airflow/.local/lib/python3.12/site-packages/airflow/example_dags/example_task_group_decorator.py
[2026-06-13T10:55:56.225+0000] {processor.py:830} INFO - Processing file /home/airflow/.local/lib/python3.12/site-packages/airflow/example_dags/example_task_group_decorator.py for tasks to queue
[2026-06-13T10:55:56.230+0000] {logging_mixin.py:188} INFO - [2026-06-13T10:55:56.229+0000] {dagbag.py:545} INFO - Filling up the DagBag from /home/airflow/.local/lib/python3.12/site-packages/airflow/example_dags/example_task_group_decorator.py
[2026-06-13T10:55:56.272+0000] {processor.py:840} INFO - DAG(s) 'example_task_group_decorator' retrieved from /home/airflow/.local/lib/python3.12/site-packages/airflow/example_dags/example_task_group_decorator.py
[2026-06-13T10:55:56.474+0000] {logging_mixin.py:188} INFO - [2026-06-13T10:55:56.474+0000] {dag.py:3096} INFO - Sync 1 DAGs
[2026-06-13T10:55:56.510+0000] {logging_mixin.py:188} INFO - [2026-06-13T10:55:56.510+0000] {dag.py:3954} INFO - Setting next_dagrun for example_task_group_decorator to 2026-06-12 00:00:00+00:00, run_after=2026-06-13 00:00:00+00:00
[2026-06-13T10:55:56.551+0000] {processor.py:183} INFO - Processing /home/airflow/.local/lib/python3.12/site-packages/airflow/example_dags/example_task_group_decorator.py took 0.343 seconds
[2026-06-13T10:56:26.813+0000] {processor.py:161} INFO - Started process (PID=142) to work on /home/airflow/.local/lib/python3.12/site-packages/airflow/example_dags/example_task_group_decorator.py
[2026-06-13T10:56:26.815+0000] {processor.py:830} INFO - Processing file /home/airflow/.local/lib/python3.12/site-packages/airflow/example_dags/example_task_group_decorator.py for tasks to queue
[2026-06-13T10:56:26.818+0000] {logging_mixin.py:188} INFO - [2026-06-13T10:56:26.817+0000] {dagbag.py:545} INFO - Filling up the DagBag from /home/airflow/.local/lib/python3.12/site-packages/airflow/example_dags/example_task_group_decorator.py
[2026-06-13T10:56:26.832+0000] {processor.py:840} INFO - DAG(s) 'example_task_group_decorator' retrieved from /home/airflow/.local/lib/python3.12/site-packages/airflow/example_dags/example_task_group_decorator.py
[2026-06-13T10:56:26.864+0000] {logging_mixin.py:188} INFO - [2026-06-13T10:56:26.863+0000] {dag.py:3096} INFO - Sync 1 DAGs
[2026-06-13T10:56:26.889+0000] {logging_mixin.py:188} INFO - [2026-06-13T10:56:26.889+0000] {dag.py:3954} INFO - Setting next_dagrun for example_task_group_decorator to 2026-06-12 00:00:00+00:00, run_after=2026-06-13 00:00:00+00:00
[2026-06-13T10:56:26.918+0000] {processor.py:183} INFO - Processing /home/airflow/.local/lib/python3.12/site-packages/airflow/example_dags/example_task_group_decorator.py took 0.111 seconds
[2026-06-13T10:56:57.138+0000] {processor.py:161} INFO - Started process (PID=201) to work on /home/airflow/.local/lib/python3.12/site-packages/airflow/example_dags/example_task_group_decorator.py
[2026-06-13T10:56:57.139+0000] {processor.py:830} INFO - Processing file /home/airflow/.local/lib/python3.12/site-packages/airflow/example_dags/example_task_group_decorator.py for tasks to queue
[2026-06-13T10:56:57.143+0000] {logging_mixin.py:188} INFO - [2026-06-13T10:56:57.142+0000] {dagbag.py:545} INFO - Filling up the DagBag from /home/airflow/.local/lib/python3.12/site-packages/airflow/example_dags/example_task_group_decorator.py
[2026-06-13T10:56:57.159+0000] {processor.py:840} INFO - DAG(s) 'example_task_group_decorator' retrieved from /home/airflow/.local/lib/python3.12/site-packages/airflow/example_dags/example_task_group_decorator.py
[2026-06-13T10:56:57.179+0000] {logging_mixin.py:188} INFO - [2026-06-13T10:56:57.178+0000] {dag.py:3096} INFO - Sync 1 DAGs
[2026-06-13T10:56:57.204+0000] {logging_mixin.py:188} INFO - [2026-06-13T10:56:57.204+0000] {dag.py:3954} INFO - Setting next_dagrun for example_task_group_decorator to 2026-06-12 00:00:00+00:00, run_after=2026-06-13 00:00:00+00:00
[2026-06-13T10:56:57.231+0000] {processor.py:183} INFO - Processing /home/airflow/.local/lib/python3.12/site-packages/airflow/example_dags/example_task_group_decorator.py took 0.100 seconds
[2026-06-13T10:57:28.259+0000] {processor.py:161} INFO - Started process (PID=267) to work on /home/airflow/.local/lib/python3.12/site-packages/airflow/example_dags/example_task_group_decorator.py
[2026-06-13T10:57:28.261+0000] {processor.py:830} INFO - Processing file /home/airflow/.local/lib/python3.12/site-packages/airflow/example_dags/example_task_group_decorator.py for tasks to queue
[2026-06-13T10:57:28.265+0000] {logging_mixin.py:188} INFO - [2026-06-13T10:57:28.264+0000] {dagbag.py:545} INFO - Filling up the DagBag from /home/airflow/.local/lib/python3.12/site-packages/airflow/example_dags/example_task_group_decorator.py
[2026-06-13T10:57:28.284+0000] {processor.py:840} INFO - DAG(s) 'example_task_group_decorator' retrieved from /home/airflow/.local/lib/python3.12/site-packages/airflow/example_dags/example_task_group_decorator.py
[2026-06-13T10:57:28.431+0000] {logging_mixin.py:188} INFO - [2026-06-13T10:57:28.430+0000] {dag.py:3096} INFO - Sync 1 DAGs
[2026-06-13T10:57:28.453+0000] {logging_mixin.py:188} INFO - [2026-06-13T10:57:28.453+0000] {dag.py:3954} INFO - Setting next_dagrun for example_task_group_decorator to 2026-06-12 00:00:00+00:00, run_after=2026-06-13 00:00:00+00:00
[2026-06-13T10:57:28.484+0000] {processor.py:183} INFO - Processing /home/airflow/.local/lib/python3.12/site-packages/airflow/example_dags/example_task_group_decorator.py took 0.232 seconds
[2026-06-13T10:57:59.411+0000] {processor.py:161} INFO - Started process (PID=326) to work on /home/airflow/.local/lib/python3.12/site-packages/airflow/example_dags/example_task_group_decorator.py
[2026-06-13T10:57:59.412+0000] {processor.py:830} INFO - Processing file /home/airflow/.local/lib/python3.12/site-packages/airflow/example_dags/example_task_group_decorator.py for tasks to queue
[2026-06-13T10:57:59.415+0000] {logging_mixin.py:188} INFO - [2026-06-13T10:57:59.415+0000] {dagbag.py:545} INFO - Filling up the DagBag from /home/airflow/.local/lib/python3.12/site-packages/airflow/example_dags/example_task_group_decorator.py
[2026-06-13T10:57:59.430+0000] {processor.py:840} INFO - DAG(s) 'example_task_group_decorator' retrieved from /home/airflow/.local/lib/python3.12/site-packages/airflow/example_dags/example_task_group_decorator.py
[2026-06-13T10:57:59.463+0000] {logging_mixin.py:188} INFO - [2026-06-13T10:57:59.462+0000] {dag.py:3096} INFO - Sync 1 DAGs
[2026-06-13T10:57:59.487+0000] {logging_mixin.py:188} INFO - [2026-06-13T10:57:59.486+0000] {dag.py:3954} INFO - Setting next_dagrun for example_task_group_decorator to 2026-06-12 00:00:00+00:00, run_after=2026-06-13 00:00:00+00:00
[2026-06-13T10:57:59.515+0000] {processor.py:183} INFO - Processing /home/airflow/.local/lib/python3.12/site-packages/airflow/example_dags/example_task_group_decorator.py took 0.110 seconds
[2026-06-13T10:58:29.633+0000] {processor.py:161} INFO - Started process (PID=385) to work on /home/airflow/.local/lib/python3.12/site-packages/airflow/example_dags/example_task_group_decorator.py
[2026-06-13T10:58:29.635+0000] {processor.py:830} INFO - Processing file /home/airflow/.local/lib/python3.12/site-packages/airflow/example_dags/example_task_group_decorator.py for tasks to queue
[2026-06-13T10:58:29.637+0000] {logging_mixin.py:188} INFO - [2026-06-13T10:58:29.637+0000] {dagbag.py:545} INFO - Filling up the DagBag from /home/airflow/.local/lib/python3.12/site-packages/airflow/example_dags/example_task_group_decorator.py
[2026-06-13T10:58:29.652+0000] {processor.py:840} INFO - DAG(s) 'example_task_group_decorator' retrieved from /home/airflow/.local/lib/python3.12/site-packages/airflow/example_dags/example_task_group_decorator.py
[2026-06-13T10:58:29.682+0000] {logging_mixin.py:188} INFO - [2026-06-13T10:58:29.682+0000] {dag.py:3096} INFO - Sync 1 DAGs
[2026-06-13T10:58:29.708+0000] {logging_mixin.py:188} INFO - [2026-06-13T10:58:29.708+0000] {dag.py:3954} INFO - Setting next_dagrun for example_task_group_decorator to 2026-06-12 00:00:00+00:00, run_after=2026-06-13 00:00:00+00:00
[2026-06-13T10:58:29.733+0000] {processor.py:183} INFO - Processing /home/airflow/.local/lib/python3.12/site-packages/airflow/example_dags/example_task_group_decorator.py took 0.106 seconds
[2026-06-13T10:59:00.429+0000] {processor.py:161} INFO - Started process (PID=444) to work on /home/airflow/.local/lib/python3.12/site-packages/airflow/example_dags/example_task_group_decorator.py
[2026-06-13T10:59:00.430+0000] {processor.py:830} INFO - Processing file /home/airflow/.local/lib/python3.12/site-packages/airflow/example_dags/example_task_group_decorator.py for tasks to queue
[2026-06-13T10:59:00.433+0000] {logging_mixin.py:188} INFO - [2026-06-13T10:59:00.433+0000] {dagbag.py:545} INFO - Filling up the DagBag from /home/airflow/.local/lib/python3.12/site-packages/airflow/example_dags/example_task_group_decorator.py
[2026-06-13T10:59:00.449+0000] {processor.py:840} INFO - DAG(s) 'example_task_group_decorator' retrieved from /home/airflow/.local/lib/python3.12/site-packages/airflow/example_dags/example_task_group_decorator.py
[2026-06-13T10:59:00.483+0000] {logging_mixin.py:188} INFO - [2026-06-13T10:59:00.483+0000] {dag.py:3096} INFO - Sync 1 DAGs
[2026-06-13T10:59:00.514+0000] {logging_mixin.py:188} INFO - [2026-06-13T10:59:00.513+0000] {dag.py:3954} INFO - Setting next_dagrun for example_task_group_decorator to 2026-06-12 00:00:00+00:00, run_after=2026-06-13 00:00:00+00:00
[2026-06-13T10:59:00.543+0000] {processor.py:183} INFO - Processing /home/airflow/.local/lib/python3.12/site-packages/airflow/example_dags/example_task_group_decorator.py took 0.121 seconds
[2026-06-13T10:59:30.742+0000] {processor.py:161} INFO - Started process (PID=503) to work on /home/airflow/.local/lib/python3.12/site-packages/airflow/example_dags/example_task_group_decorator.py
[2026-06-13T10:59:30.743+0000] {processor.py:830} INFO - Processing file /home/airflow/.local/lib/python3.12/site-packages/airflow/example_dags/example_task_group_decorator.py for tasks to queue
[2026-06-13T10:59:30.746+0000] {logging_mixin.py:188} INFO - [2026-06-13T10:59:30.745+0000] {dagbag.py:545} INFO - Filling up the DagBag from /home/airflow/.local/lib/python3.12/site-packages/airflow/example_dags/example_task_group_decorator.py
[2026-06-13T10:59:30.759+0000] {processor.py:840} INFO - DAG(s) 'example_task_group_decorator' retrieved from /home/airflow/.local/lib/python3.12/site-packages/airflow/example_dags/example_task_group_decorator.py
[2026-06-13T10:59:30.789+0000] {logging_mixin.py:188} INFO - [2026-06-13T10:59:30.788+0000] {dag.py:3096} INFO - Sync 1 DAGs
[2026-06-13T10:59:30.815+0000] {logging_mixin.py:188} INFO - [2026-06-13T10:59:30.815+0000] {dag.py:3954} INFO - Setting next_dagrun for example_task_group_decorator to 2026-06-12 00:00:00+00:00, run_after=2026-06-13 00:00:00+00:00
[2026-06-13T10:59:30.844+0000] {processor.py:183} INFO - Processing /home/airflow/.local/lib/python3.12/site-packages/airflow/example_dags/example_task_group_decorator.py took 0.108 seconds
[2026-06-13T11:00:00.965+0000] {processor.py:161} INFO - Started process (PID=562) to work on /home/airflow/.local/lib/python3.12/site-packages/airflow/example_dags/example_task_group_decorator.py
[2026-06-13T11:00:00.967+0000] {processor.py:830} INFO - Processing file /home/airflow/.local/lib/python3.12/site-packages/airflow/example_dags/example_task_group_decorator.py for tasks to queue
[2026-06-13T11:00:00.969+0000] {logging_mixin.py:188} INFO - [2026-06-13T11:00:00.969+0000] {dagbag.py:545} INFO - Filling up the DagBag from /home/airflow/.local/lib/python3.12/site-packages/airflow/example_dags/example_task_group_decorator.py
[2026-06-13T11:00:00.984+0000] {processor.py:840} INFO - DAG(s) 'example_task_group_decorator' retrieved from /home/airflow/.local/lib/python3.12/site-packages/airflow/example_dags/example_task_group_decorator.py
[2026-06-13T11:00:01.012+0000] {logging_mixin.py:188} INFO - [2026-06-13T11:00:01.012+0000] {dag.py:3096} INFO - Sync 1 DAGs
[2026-06-13T11:00:01.039+0000] {logging_mixin.py:188} INFO - [2026-06-13T11:00:01.039+0000] {dag.py:3954} INFO - Setting next_dagrun for example_task_group_decorator to 2026-06-12 00:00:00+00:00, run_after=2026-06-13 00:00:00+00:00
[2026-06-13T11:00:01.065+0000] {processor.py:183} INFO - Processing /home/airflow/.local/lib/python3.12/site-packages/airflow/example_dags/example_task_group_decorator.py took 0.106 seconds
[2026-06-13T11:00:31.325+0000] {processor.py:161} INFO - Started process (PID=621) to work on /home/airflow/.local/lib/python3.12/site-packages/airflow/example_dags/example_task_group_decorator.py
[2026-06-13T11:00:31.326+0000] {processor.py:830} INFO - Processing file /home/airflow/.local/lib/python3.12/site-packages/airflow/example_dags/example_task_group_decorator.py for tasks to queue
[2026-06-13T11:00:31.329+0000] {logging_mixin.py:188} INFO - [2026-06-13T11:00:31.329+0000] {dagbag.py:545} INFO - Filling up the DagBag from /home/airflow/.local/lib/python3.12/site-packages/airflow/example_dags/example_task_group_decorator.py
[2026-06-13T11:00:31.345+0000] {processor.py:840} INFO - DAG(s) 'example_task_group_decorator' retrieved from /home/airflow/.local/lib/python3.12/site-packages/airflow/example_dags/example_task_group_decorator.py
[2026-06-13T11:00:31.376+0000] {logging_mixin.py:188} INFO - [2026-06-13T11:00:31.376+0000] {dag.py:3096} INFO - Sync 1 DAGs
[2026-06-13T11:00:31.404+0000] {logging_mixin.py:188} INFO - [2026-06-13T11:00:31.404+0000] {dag.py:3954} INFO - Setting next_dagrun for example_task_group_decorator to 2026-06-12 00:00:00+00:00, run_after=2026-06-13 00:00:00+00:00
[2026-06-13T11:00:31.431+0000] {processor.py:183} INFO - Processing /home/airflow/.local/lib/python3.12/site-packages/airflow/example_dags/example_task_group_decorator.py took 0.113 seconds
[2026-06-13T11:01:01.619+0000] {processor.py:161} INFO - Started process (PID=680) to work on /home/airflow/.local/lib/python3.12/site-packages/airflow/example_dags/example_task_group_decorator.py
[2026-06-13T11:01:01.621+0000] {processor.py:830} INFO - Processing file /home/airflow/.local/lib/python3.12/site-packages/airflow/example_dags/example_task_group_decorator.py for tasks to queue
[2026-06-13T11:01:01.624+0000] {logging_mixin.py:188} INFO - [2026-06-13T11:01:01.623+0000] {dagbag.py:545} INFO - Filling up the DagBag from /home/airflow/.local/lib/python3.12/site-packages/airflow/example_dags/example_task_group_decorator.py
[2026-06-13T11:01:01.638+0000] {processor.py:840} INFO - DAG(s) 'example_task_group_decorator' retrieved from /home/airflow/.local/lib/python3.12/site-packages/airflow/example_dags/example_task_group_decorator.py
[2026-06-13T11:01:01.669+0000] {logging_mixin.py:188} INFO - [2026-06-13T11:01:01.669+0000] {dag.py:3096} INFO - Sync 1 DAGs
[2026-06-13T11:01:01.694+0000] {logging_mixin.py:188} INFO - [2026-06-13T11:01:01.694+0000] {dag.py:3954} INFO - Setting next_dagrun for example_task_group_decorator to 2026-06-12 00:00:00+00:00, run_after=2026-06-13 00:00:00+00:00
[2026-06-13T11:01:01.720+0000] {processor.py:183} INFO - Processing /home/airflow/.local/lib/python3.12/site-packages/airflow/example_dags/example_task_group_decorator.py took 0.108 seconds
[2026-06-13T11:01:32.141+0000] {processor.py:161} INFO - Started process (PID=739) to work on /home/airflow/.local/lib/python3.12/site-packages/airflow/example_dags/example_task_group_decorator.py
[2026-06-13T11:01:32.142+0000] {processor.py:830} INFO - Processing file /home/airflow/.local/lib/python3.12/site-packages/airflow/example_dags/example_task_group_decorator.py for tasks to queue
[2026-06-13T11:01:32.145+0000] {logging_mixin.py:188} INFO - [2026-06-13T11:01:32.145+0000] {dagbag.py:545} INFO - Filling up the DagBag from /home/airflow/.local/lib/python3.12/site-packages/airflow/example_dags/example_task_group_decorator.py
[2026-06-13T11:01:32.159+0000] {processor.py:840} INFO - DAG(s) 'example_task_group_decorator' retrieved from /home/airflow/.local/lib/python3.12/site-packages/airflow/example_dags/example_task_group_decorator.py
[2026-06-13T11:01:32.189+0000] {logging_mixin.py:188} INFO - [2026-06-13T11:01:32.188+0000] {dag.py:3096} INFO - Sync 1 DAGs
[2026-06-13T11:01:32.213+0000] {logging_mixin.py:188} INFO - [2026-06-13T11:01:32.212+0000] {dag.py:3954} INFO - Setting next_dagrun for example_task_group_decorator to 2026-06-12 00:00:00+00:00, run_after=2026-06-13 00:00:00+00:00
[2026-06-13T11:01:32.239+0000] {processor.py:183} INFO - Processing /home/airflow/.local/lib/python3.12/site-packages/airflow/example_dags/example_task_group_decorator.py took 0.104 seconds
[2026-06-13T11:02:02.801+0000] {processor.py:161} INFO - Started process (PID=798) to work on /home/airflow/.local/lib/python3.12/site-packages/airflow/example_dags/example_task_group_decorator.py
[2026-06-13T11:02:02.802+0000] {processor.py:830} INFO - Processing file /home/airflow/.local/lib/python3.12/site-packages/airflow/example_dags/example_task_group_decorator.py for tasks to queue
[2026-06-13T11:02:02.805+0000] {logging_mixin.py:188} INFO - [2026-06-13T11:02:02.805+0000] {dagbag.py:545} INFO - Filling up the DagBag from /home/airflow/.local/lib/python3.12/site-packages/airflow/example_dags/example_task_group_decorator.py
[2026-06-13T11:02:02.820+0000] {processor.py:840} INFO - DAG(s) 'example_task_group_decorator' retrieved from /home/airflow/.local/lib/python3.12/site-packages/airflow/example_dags/example_task_group_decorator.py
[2026-06-13T11:02:02.850+0000] {logging_mixin.py:188} INFO - [2026-06-13T11:02:02.849+0000] {dag.py:3096} INFO - Sync 1 DAGs
[2026-06-13T11:02:02.874+0000] {logging_mixin.py:188} INFO - [2026-06-13T11:02:02.874+0000] {dag.py:3954} INFO - Setting next_dagrun for example_task_group_decorator to 2026-06-12 00:00:00+00:00, run_after=2026-06-13 00:00:00+00:00
[2026-06-13T11:02:02.899+0000] {processor.py:183} INFO - Processing /home/airflow/.local/lib/python3.12/site-packages/airflow/example_dags/example_task_group_decorator.py took 0.104 seconds
[2026-06-13T11:02:33.788+0000] {processor.py:161} INFO - Started process (PID=857) to work on /home/airflow/.local/lib/python3.12/site-packages/airflow/example_dags/example_task_group_decorator.py
[2026-06-13T11:02:33.789+0000] {processor.py:830} INFO - Processing file /home/airflow/.local/lib/python3.12/site-packages/airflow/example_dags/example_task_group_decorator.py for tasks to queue
[2026-06-13T11:02:33.792+0000] {logging_mixin.py:188} INFO - [2026-06-13T11:02:33.791+0000] {dagbag.py:545} INFO - Filling up the DagBag from /home/airflow/.local/lib/python3.12/site-packages/airflow/example_dags/example_task_group_decorator.py
[2026-06-13T11:02:33.813+0000] {processor.py:840} INFO - DAG(s) 'example_task_group_decorator' retrieved from /home/airflow/.local/lib/python3.12/site-packages/airflow/example_dags/example_task_group_decorator.py
[2026-06-13T11:02:33.851+0000] {logging_mixin.py:188} INFO - [2026-06-13T11:02:33.851+0000] {dag.py:3096} INFO - Sync 1 DAGs
[2026-06-13T11:02:33.877+0000] {logging_mixin.py:188} INFO - [2026-06-13T11:02:33.876+0000] {dag.py:3954} INFO - Setting next_dagrun for example_task_group_decorator to 2026-06-12 00:00:00+00:00, run_after=2026-06-13 00:00:00+00:00
[2026-06-13T11:02:33.905+0000] {processor.py:183} INFO - Processing /home/airflow/.local/lib/python3.12/site-packages/airflow/example_dags/example_task_group_decorator.py took 0.123 seconds
[2026-06-13T11:03:04.139+0000] {processor.py:161} INFO - Started process (PID=916) to work on /home/airflow/.local/lib/python3.12/site-packages/airflow/example_dags/example_task_group_decorator.py
[2026-06-13T11:03:04.141+0000] {processor.py:830} INFO - Processing file /home/airflow/.local/lib/python3.12/site-packages/airflow/example_dags/example_task_group_decorator.py for tasks to queue
[2026-06-13T11:03:04.144+0000] {logging_mixin.py:188} INFO - [2026-06-13T11:03:04.143+0000] {dagbag.py:545} INFO - Filling up the DagBag from /home/airflow/.local/lib/python3.12/site-packages/airflow/example_dags/example_task_group_decorator.py
[2026-06-13T11:03:04.159+0000] {processor.py:840} INFO - DAG(s) 'example_task_group_decorator' retrieved from /home/airflow/.local/lib/python3.12/site-packages/airflow/example_dags/example_task_group_decorator.py
[2026-06-13T11:03:04.190+0000] {logging_mixin.py:188} INFO - [2026-06-13T11:03:04.189+0000] {dag.py:3096} INFO - Sync 1 DAGs
[2026-06-13T11:03:04.215+0000] {logging_mixin.py:188} INFO - [2026-06-13T11:03:04.215+0000] {dag.py:3954} INFO - Setting next_dagrun for example_task_group_decorator to 2026-06-12 00:00:00+00:00, run_after=2026-06-13 00:00:00+00:00
[2026-06-13T11:03:04.243+0000] {processor.py:183} INFO - Processing /home/airflow/.local/lib/python3.12/site-packages/airflow/example_dags/example_task_group_decorator.py took 0.111 seconds
[2026-06-13T11:03:34.829+0000] {processor.py:161} INFO - Started process (PID=975) to work on /home/airflow/.local/lib/python3.12/site-packages/airflow/example_dags/example_task_group_decorator.py
[2026-06-13T11:03:34.831+0000] {processor.py:830} INFO - Processing file /home/airflow/.local/lib/python3.12/site-packages/airflow/example_dags/example_task_group_decorator.py for tasks to queue
[2026-06-13T11:03:34.834+0000] {logging_mixin.py:188} INFO - [2026-06-13T11:03:34.833+0000] {dagbag.py:545} INFO - Filling up the DagBag from /home/airflow/.local/lib/python3.12/site-packages/airflow/example_dags/example_task_group_decorator.py
[2026-06-13T11:03:34.850+0000] {processor.py:840} INFO - DAG(s) 'example_task_group_decorator' retrieved from /home/airflow/.local/lib/python3.12/site-packages/airflow/example_dags/example_task_group_decorator.py
[2026-06-13T11:03:34.883+0000] {logging_mixin.py:188} INFO - [2026-06-13T11:03:34.882+0000] {dag.py:3096} INFO - Sync 1 DAGs
[2026-06-13T11:03:34.907+0000] {logging_mixin.py:188} INFO - [2026-06-13T11:03:34.907+0000] {dag.py:3954} INFO - Setting next_dagrun for example_task_group_decorator to 2026-06-12 00:00:00+00:00, run_after=2026-06-13 00:00:00+00:00
[2026-06-13T11:03:34.935+0000] {processor.py:183} INFO - Processing /home/airflow/.local/lib/python3.12/site-packages/airflow/example_dags/example_task_group_decorator.py took 0.112 seconds
[2026-06-13T11:04:05.033+0000] {processor.py:161} INFO - Started process (PID=1034) to work on /home/airflow/.local/lib/python3.12/site-packages/airflow/example_dags/example_task_group_decorator.py
[2026-06-13T11:04:05.035+0000] {processor.py:830} INFO - Processing file /home/airflow/.local/lib/python3.12/site-packages/airflow/example_dags/example_task_group_decorator.py for tasks to queue
[2026-06-13T11:04:05.038+0000] {logging_mixin.py:188} INFO - [2026-06-13T11:04:05.037+0000] {dagbag.py:545} INFO - Filling up the DagBag from /home/airflow/.local/lib/python3.12/site-packages/airflow/example_dags/example_task_group_decorator.py
[2026-06-13T11:04:05.053+0000] {processor.py:840} INFO - DAG(s) 'example_task_group_decorator' retrieved from /home/airflow/.local/lib/python3.12/site-packages/airflow/example_dags/example_task_group_decorator.py
[2026-06-13T11:04:05.082+0000] {logging_mixin.py:188} INFO - [2026-06-13T11:04:05.081+0000] {dag.py:3096} INFO - Sync 1 DAGs
[2026-06-13T11:04:05.106+0000] {logging_mixin.py:188} INFO - [2026-06-13T11:04:05.106+0000] {dag.py:3954} INFO - Setting next_dagrun for example_task_group_decorator to 2026-06-12 00:00:00+00:00, run_after=2026-06-13 00:00:00+00:00
[2026-06-13T11:04:05.134+0000] {processor.py:183} INFO - Processing /home/airflow/.local/lib/python3.12/site-packages/airflow/example_dags/example_task_group_decorator.py took 0.107 seconds
[2026-06-13T11:04:35.469+0000] {processor.py:161} INFO - Started process (PID=1093) to work on /home/airflow/.local/lib/python3.12/site-packages/airflow/example_dags/example_task_group_decorator.py
[2026-06-13T11:04:35.471+0000] {processor.py:830} INFO - Processing file /home/airflow/.local/lib/python3.12/site-packages/airflow/example_dags/example_task_group_decorator.py for tasks to queue
[2026-06-13T11:04:35.473+0000] {logging_mixin.py:188} INFO - [2026-06-13T11:04:35.473+0000] {dagbag.py:545} INFO - Filling up the DagBag from /home/airflow/.local/lib/python3.12/site-packages/airflow/example_dags/example_task_group_decorator.py
[2026-06-13T11:04:35.488+0000] {processor.py:840} INFO - DAG(s) 'example_task_group_decorator' retrieved from /home/airflow/.local/lib/python3.12/site-packages/airflow/example_dags/example_task_group_decorator.py
[2026-06-13T11:04:35.520+0000] {logging_mixin.py:188} INFO - [2026-06-13T11:04:35.520+0000] {dag.py:3096} INFO - Sync 1 DAGs
[2026-06-13T11:04:35.546+0000] {logging_mixin.py:188} INFO - [2026-06-13T11:04:35.545+0000] {dag.py:3954} INFO - Setting next_dagrun for example_task_group_decorator to 2026-06-12 00:00:00+00:00, run_after=2026-06-13 00:00:00+00:00
[2026-06-13T11:04:35.572+0000] {processor.py:183} INFO - Processing /home/airflow/.local/lib/python3.12/site-packages/airflow/example_dags/example_task_group_decorator.py took 0.110 seconds
[2026-06-13T11:05:05.838+0000] {processor.py:161} INFO - Started process (PID=1152) to work on /home/airflow/.local/lib/python3.12/site-packages/airflow/example_dags/example_task_group_decorator.py
[2026-06-13T11:05:05.840+0000] {processor.py:830} INFO - Processing file /home/airflow/.local/lib/python3.12/site-packages/airflow/example_dags/example_task_group_decorator.py for tasks to queue
[2026-06-13T11:05:05.844+0000] {logging_mixin.py:188} INFO - [2026-06-13T11:05:05.843+0000] {dagbag.py:545} INFO - Filling up the DagBag from /home/airflow/.local/lib/python3.12/site-packages/airflow/example_dags/example_task_group_decorator.py
[2026-06-13T11:05:05.859+0000] {processor.py:840} INFO - DAG(s) 'example_task_group_decorator' retrieved from /home/airflow/.local/lib/python3.12/site-packages/airflow/example_dags/example_task_group_decorator.py
[2026-06-13T11:05:05.889+0000] {logging_mixin.py:188} INFO - [2026-06-13T11:05:05.889+0000] {dag.py:3096} INFO - Sync 1 DAGs
[2026-06-13T11:05:05.914+0000] {logging_mixin.py:188} INFO - [2026-06-13T11:05:05.914+0000] {dag.py:3954} INFO - Setting next_dagrun for example_task_group_decorator to 2026-06-12 00:00:00+00:00, run_after=2026-06-13 00:00:00+00:00
[2026-06-13T11:05:05.942+0000] {processor.py:183} INFO - Processing /home/airflow/.local/lib/python3.12/site-packages/airflow/example_dags/example_task_group_decorator.py took 0.110 seconds
[2026-06-13T11:05:36.044+0000] {processor.py:161} INFO - Started process (PID=1212) to work on /home/airflow/.local/lib/python3.12/site-packages/airflow/example_dags/example_task_group_decorator.py
[2026-06-13T11:05:36.046+0000] {processor.py:830} INFO - Processing file /home/airflow/.local/lib/python3.12/site-packages/airflow/example_dags/example_task_group_decorator.py for tasks to queue
[2026-06-13T11:05:36.049+0000] {logging_mixin.py:188} INFO - [2026-06-13T11:05:36.049+0000] {dagbag.py:545} INFO - Filling up the DagBag from /home/airflow/.local/lib/python3.12/site-packages/airflow/example_dags/example_task_group_decorator.py
[2026-06-13T11:05:36.070+0000] {processor.py:840} INFO - DAG(s) 'example_task_group_decorator' retrieved from /home/airflow/.local/lib/python3.12/site-packages/airflow/example_dags/example_task_group_decorator.py
[2026-06-13T11:05:36.103+0000] {logging_mixin.py:188} INFO - [2026-06-13T11:05:36.103+0000] {dag.py:3096} INFO - Sync 1 DAGs
[2026-06-13T11:05:36.135+0000] {logging_mixin.py:188} INFO - [2026-06-13T11:05:36.135+0000] {dag.py:3954} INFO - Setting next_dagrun for example_task_group_decorator to 2026-06-12 00:00:00+00:00, run_after=2026-06-13 00:00:00+00:00
[2026-06-13T11:05:36.166+0000] {processor.py:183} INFO - Processing /home/airflow/.local/lib/python3.12/site-packages/airflow/example_dags/example_task_group_decorator.py took 0.128 seconds
[2026-06-13T11:06:06.569+0000] {processor.py:161} INFO - Started process (PID=1271) to work on /home/airflow/.local/lib/python3.12/site-packages/airflow/example_dags/example_task_group_decorator.py
[2026-06-13T11:06:06.571+0000] {processor.py:830} INFO - Processing file /home/airflow/.local/lib/python3.12/site-packages/airflow/example_dags/example_task_group_decorator.py for tasks to queue
[2026-06-13T11:06:06.574+0000] {logging_mixin.py:188} INFO - [2026-06-13T11:06:06.574+0000] {dagbag.py:545} INFO - Filling up the DagBag from /home/airflow/.local/lib/python3.12/site-packages/airflow/example_dags/example_task_group_decorator.py
[2026-06-13T11:06:06.596+0000] {processor.py:840} INFO - DAG(s) 'example_task_group_decorator' retrieved from /home/airflow/.local/lib/python3.12/site-packages/airflow/example_dags/example_task_group_decorator.py
[2026-06-13T11:06:06.632+0000] {logging_mixin.py:188} INFO - [2026-06-13T11:06:06.632+0000] {dag.py:3096} INFO - Sync 1 DAGs
[2026-06-13T11:06:06.661+0000] {logging_mixin.py:188} INFO - [2026-06-13T11:06:06.661+0000] {dag.py:3954} INFO - Setting next_dagrun for example_task_group_decorator to 2026-06-12 00:00:00+00:00, run_after=2026-06-13 00:00:00+00:00
[2026-06-13T11:06:06.690+0000] {processor.py:183} INFO - Processing /home/airflow/.local/lib/python3.12/site-packages/airflow/example_dags/example_task_group_decorator.py took 0.128 seconds
[2026-06-13T11:06:36.934+0000] {processor.py:161} INFO - Started process (PID=1330) to work on /home/airflow/.local/lib/python3.12/site-packages/airflow/example_dags/example_task_group_decorator.py
[2026-06-13T11:06:36.935+0000] {processor.py:830} INFO - Processing file /home/airflow/.local/lib/python3.12/site-packages/airflow/example_dags/example_task_group_decorator.py for tasks to queue
[2026-06-13T11:06:36.938+0000] {logging_mixin.py:188} INFO - [2026-06-13T11:06:36.938+0000] {dagbag.py:545} INFO - Filling up the DagBag from /home/airflow/.local/lib/python3.12/site-packages/airflow/example_dags/example_task_group_decorator.py
[2026-06-13T11:06:36.954+0000] {processor.py:840} INFO - DAG(s) 'example_task_group_decorator' retrieved from /home/airflow/.local/lib/python3.12/site-packages/airflow/example_dags/example_task_group_decorator.py
[2026-06-13T11:06:36.984+0000] {logging_mixin.py:188} INFO - [2026-06-13T11:06:36.983+0000] {dag.py:3096} INFO - Sync 1 DAGs
[2026-06-13T11:06:37.009+0000] {logging_mixin.py:188} INFO - [2026-06-13T11:06:37.009+0000] {dag.py:3954} INFO - Setting next_dagrun for example_task_group_decorator to 2026-06-12 00:00:00+00:00, run_after=2026-06-13 00:00:00+00:00
[2026-06-13T11:06:37.033+0000] {processor.py:183} INFO - Processing /home/airflow/.local/lib/python3.12/site-packages/airflow/example_dags/example_task_group_decorator.py took 0.105 seconds
[2026-06-13T11:07:07.642+0000] {processor.py:161} INFO - Started process (PID=1389) to work on /home/airflow/.local/lib/python3.12/site-packages/airflow/example_dags/example_task_group_decorator.py
[2026-06-13T11:07:07.644+0000] {processor.py:830} INFO - Processing file /home/airflow/.local/lib/python3.12/site-packages/airflow/example_dags/example_task_group_decorator.py for tasks to queue
[2026-06-13T11:07:07.647+0000] {logging_mixin.py:188} INFO - [2026-06-13T11:07:07.647+0000] {dagbag.py:545} INFO - Filling up the DagBag from /home/airflow/.local/lib/python3.12/site-packages/airflow/example_dags/example_task_group_decorator.py
[2026-06-13T11:07:07.661+0000] {processor.py:840} INFO - DAG(s) 'example_task_group_decorator' retrieved from /home/airflow/.local/lib/python3.12/site-packages/airflow/example_dags/example_task_group_decorator.py
[2026-06-13T11:07:07.692+0000] {logging_mixin.py:188} INFO - [2026-06-13T11:07:07.692+0000] {dag.py:3096} INFO - Sync 1 DAGs
[2026-06-13T11:07:07.717+0000] {logging_mixin.py:188} INFO - [2026-06-13T11:07:07.717+0000] {dag.py:3954} INFO - Setting next_dagrun for example_task_group_decorator to 2026-06-12 00:00:00+00:00, run_after=2026-06-13 00:00:00+00:00
[2026-06-13T11:07:07.747+0000] {processor.py:183} INFO - Processing /home/airflow/.local/lib/python3.12/site-packages/airflow/example_dags/example_task_group_decorator.py took 0.111 seconds
[2026-06-13T11:07:38.101+0000] {processor.py:161} INFO - Started process (PID=1448) to work on /home/airflow/.local/lib/python3.12/site-packages/airflow/example_dags/example_task_group_decorator.py
[2026-06-13T11:07:38.102+0000] {processor.py:830} INFO - Processing file /home/airflow/.local/lib/python3.12/site-packages/airflow/example_dags/example_task_group_decorator.py for tasks to queue
[2026-06-13T11:07:38.105+0000] {logging_mixin.py:188} INFO - [2026-06-13T11:07:38.105+0000] {dagbag.py:545} INFO - Filling up the DagBag from /home/airflow/.local/lib/python3.12/site-packages/airflow/example_dags/example_task_group_decorator.py
[2026-06-13T11:07:38.121+0000] {processor.py:840} INFO - DAG(s) 'example_task_group_decorator' retrieved from /home/airflow/.local/lib/python3.12/site-packages/airflow/example_dags/example_task_group_decorator.py
[2026-06-13T11:07:38.157+0000] {logging_mixin.py:188} INFO - [2026-06-13T11:07:38.157+0000] {dag.py:3096} INFO - Sync 1 DAGs
[2026-06-13T11:07:38.187+0000] {logging_mixin.py:188} INFO - [2026-06-13T11:07:38.186+0000] {dag.py:3954} INFO - Setting next_dagrun for example_task_group_decorator to 2026-06-12 00:00:00+00:00, run_after=2026-06-13 00:00:00+00:00
[2026-06-13T11:07:38.217+0000] {processor.py:183} INFO - Processing /home/airflow/.local/lib/python3.12/site-packages/airflow/example_dags/example_task_group_decorator.py took 0.122 seconds
[2026-06-13T11:08:08.594+0000] {processor.py:161} INFO - Started process (PID=1508) to work on /home/airflow/.local/lib/python3.12/site-packages/airflow/example_dags/example_task_group_decorator.py
[2026-06-13T11:08:08.596+0000] {processor.py:830} INFO - Processing file /home/airflow/.local/lib/python3.12/site-packages/airflow/example_dags/example_task_group_decorator.py for tasks to queue
[2026-06-13T11:08:08.599+0000] {logging_mixin.py:188} INFO - [2026-06-13T11:08:08.599+0000] {dagbag.py:545} INFO - Filling up the DagBag from /home/airflow/.local/lib/python3.12/site-packages/airflow/example_dags/example_task_group_decorator.py
[2026-06-13T11:08:08.616+0000] {processor.py:840} INFO - DAG(s) 'example_task_group_decorator' retrieved from /home/airflow/.local/lib/python3.12/site-packages/airflow/example_dags/example_task_group_decorator.py
[2026-06-13T11:08:08.666+0000] {logging_mixin.py:188} INFO - [2026-06-13T11:08:08.666+0000] {dag.py:3096} INFO - Sync 1 DAGs
[2026-06-13T11:08:08.741+0000] {logging_mixin.py:188} INFO - [2026-06-13T11:08:08.740+0000] {dag.py:3954} INFO - Setting next_dagrun for example_task_group_decorator to 2026-06-12 00:00:00+00:00, run_after=2026-06-13 00:00:00+00:00
[2026-06-13T11:08:08.787+0000] {processor.py:183} INFO - Processing /home/airflow/.local/lib/python3.12/site-packages/airflow/example_dags/example_task_group_decorator.py took 0.201 seconds
[2026-06-13T11:09:20.491+0000] {processor.py:161} INFO - Started process (PID=90) to work on /home/airflow/.local/lib/python3.12/site-packages/airflow/example_dags/example_task_group_decorator.py
[2026-06-13T11:09:20.494+0000] {processor.py:830} INFO - Processing file /home/airflow/.local/lib/python3.12/site-packages/airflow/example_dags/example_task_group_decorator.py for tasks to queue
[2026-06-13T11:09:20.497+0000] {logging_mixin.py:188} INFO - [2026-06-13T11:09:20.496+0000] {dagbag.py:545} INFO - Filling up the DagBag from /home/airflow/.local/lib/python3.12/site-packages/airflow/example_dags/example_task_group_decorator.py
[2026-06-13T11:09:20.522+0000] {processor.py:840} INFO - DAG(s) 'example_task_group_decorator' retrieved from /home/airflow/.local/lib/python3.12/site-packages/airflow/example_dags/example_task_group_decorator.py
[2026-06-13T11:09:20.692+0000] {logging_mixin.py:188} INFO - [2026-06-13T11:09:20.691+0000] {dag.py:3096} INFO - Sync 1 DAGs
[2026-06-13T11:09:20.723+0000] {logging_mixin.py:188} INFO - [2026-06-13T11:09:20.723+0000] {dag.py:3954} INFO - Setting next_dagrun for example_task_group_decorator to 2026-06-12 00:00:00+00:00, run_after=2026-06-13 00:00:00+00:00
[2026-06-13T11:09:20.770+0000] {processor.py:183} INFO - Processing /home/airflow/.local/lib/python3.12/site-packages/airflow/example_dags/example_task_group_decorator.py took 0.287 seconds
[2026-06-13T11:09:51.452+0000] {processor.py:161} INFO - Started process (PID=149) to work on /home/airflow/.local/lib/python3.12/site-packages/airflow/example_dags/example_task_group_decorator.py
[2026-06-13T11:09:51.453+0000] {processor.py:830} INFO - Processing file /home/airflow/.local/lib/python3.12/site-packages/airflow/example_dags/example_task_group_decorator.py for tasks to queue
[2026-06-13T11:09:51.456+0000] {logging_mixin.py:188} INFO - [2026-06-13T11:09:51.455+0000] {dagbag.py:545} INFO - Filling up the DagBag from /home/airflow/.local/lib/python3.12/site-packages/airflow/example_dags/example_task_group_decorator.py
[2026-06-13T11:09:51.473+0000] {processor.py:840} INFO - DAG(s) 'example_task_group_decorator' retrieved from /home/airflow/.local/lib/python3.12/site-packages/airflow/example_dags/example_task_group_decorator.py
[2026-06-13T11:09:51.504+0000] {logging_mixin.py:188} INFO - [2026-06-13T11:09:51.504+0000] {dag.py:3096} INFO - Sync 1 DAGs
[2026-06-13T11:09:51.534+0000] {logging_mixin.py:188} INFO - [2026-06-13T11:09:51.533+0000] {dag.py:3954} INFO - Setting next_dagrun for example_task_group_decorator to 2026-06-12 00:00:00+00:00, run_after=2026-06-13 00:00:00+00:00
[2026-06-13T11:09:51.561+0000] {processor.py:183} INFO - Processing /home/airflow/.local/lib/python3.12/site-packages/airflow/example_dags/example_task_group_decorator.py took 0.115 seconds
[2026-06-13T11:10:21.969+0000] {processor.py:161} INFO - Started process (PID=208) to work on /home/airflow/.local/lib/python3.12/site-packages/airflow/example_dags/example_task_group_decorator.py
[2026-06-13T11:10:21.970+0000] {processor.py:830} INFO - Processing file /home/airflow/.local/lib/python3.12/site-packages/airflow/example_dags/example_task_group_decorator.py for tasks to queue
[2026-06-13T11:10:21.973+0000] {logging_mixin.py:188} INFO - [2026-06-13T11:10:21.973+0000] {dagbag.py:545} INFO - Filling up the DagBag from /home/airflow/.local/lib/python3.12/site-packages/airflow/example_dags/example_task_group_decorator.py
[2026-06-13T11:10:21.988+0000] {processor.py:840} INFO - DAG(s) 'example_task_group_decorator' retrieved from /home/airflow/.local/lib/python3.12/site-packages/airflow/example_dags/example_task_group_decorator.py
[2026-06-13T11:10:22.019+0000] {logging_mixin.py:188} INFO - [2026-06-13T11:10:22.018+0000] {dag.py:3096} INFO - Sync 1 DAGs
[2026-06-13T11:10:22.046+0000] {logging_mixin.py:188} INFO - [2026-06-13T11:10:22.046+0000] {dag.py:3954} INFO - Setting next_dagrun for example_task_group_decorator to 2026-06-12 00:00:00+00:00, run_after=2026-06-13 00:00:00+00:00
[2026-06-13T11:10:22.076+0000] {processor.py:183} INFO - Processing /home/airflow/.local/lib/python3.12/site-packages/airflow/example_dags/example_task_group_decorator.py took 0.114 seconds
[2026-06-13T11:10:52.543+0000] {processor.py:161} INFO - Started process (PID=267) to work on /home/airflow/.local/lib/python3.12/site-packages/airflow/example_dags/example_task_group_decorator.py
[2026-06-13T11:10:52.545+0000] {processor.py:830} INFO - Processing file /home/airflow/.local/lib/python3.12/site-packages/airflow/example_dags/example_task_group_decorator.py for tasks to queue
[2026-06-13T11:10:52.548+0000] {logging_mixin.py:188} INFO - [2026-06-13T11:10:52.548+0000] {dagbag.py:545} INFO - Filling up the DagBag from /home/airflow/.local/lib/python3.12/site-packages/airflow/example_dags/example_task_group_decorator.py
[2026-06-13T11:10:52.563+0000] {processor.py:840} INFO - DAG(s) 'example_task_group_decorator' retrieved from /home/airflow/.local/lib/python3.12/site-packages/airflow/example_dags/example_task_group_decorator.py
[2026-06-13T11:10:52.594+0000] {logging_mixin.py:188} INFO - [2026-06-13T11:10:52.593+0000] {dag.py:3096} INFO - Sync 1 DAGs
[2026-06-13T11:10:52.620+0000] {logging_mixin.py:188} INFO - [2026-06-13T11:10:52.620+0000] {dag.py:3954} INFO - Setting next_dagrun for example_task_group_decorator to 2026-06-12 00:00:00+00:00, run_after=2026-06-13 00:00:00+00:00
[2026-06-13T11:10:52.647+0000] {processor.py:183} INFO - Processing /home/airflow/.local/lib/python3.12/site-packages/airflow/example_dags/example_task_group_decorator.py took 0.110 seconds
[2026-06-13T11:11:22.835+0000] {processor.py:161} INFO - Started process (PID=326) to work on /home/airflow/.local/lib/python3.12/site-packages/airflow/example_dags/example_task_group_decorator.py
[2026-06-13T11:11:22.836+0000] {processor.py:830} INFO - Processing file /home/airflow/.local/lib/python3.12/site-packages/airflow/example_dags/example_task_group_decorator.py for tasks to queue
[2026-06-13T11:11:22.839+0000] {logging_mixin.py:188} INFO - [2026-06-13T11:11:22.839+0000] {dagbag.py:545} INFO - Filling up the DagBag from /home/airflow/.local/lib/python3.12/site-packages/airflow/example_dags/example_task_group_decorator.py
[2026-06-13T11:11:22.854+0000] {processor.py:840} INFO - DAG(s) 'example_task_group_decorator' retrieved from /home/airflow/.local/lib/python3.12/site-packages/airflow/example_dags/example_task_group_decorator.py
[2026-06-13T11:11:22.885+0000] {logging_mixin.py:188} INFO - [2026-06-13T11:11:22.884+0000] {dag.py:3096} INFO - Sync 1 DAGs
[2026-06-13T11:11:22.910+0000] {logging_mixin.py:188} INFO - [2026-06-13T11:11:22.910+0000] {dag.py:3954} INFO - Setting next_dagrun for example_task_group_decorator to 2026-06-12 00:00:00+00:00, run_after=2026-06-13 00:00:00+00:00
[2026-06-13T11:11:22.938+0000] {processor.py:183} INFO - Processing /home/airflow/.local/lib/python3.12/site-packages/airflow/example_dags/example_task_group_decorator.py took 0.110 seconds
[2026-06-13T11:11:53.098+0000] {processor.py:161} INFO - Started process (PID=385) to work on /home/airflow/.local/lib/python3.12/site-packages/airflow/example_dags/example_task_group_decorator.py
[2026-06-13T11:11:53.099+0000] {processor.py:830} INFO - Processing file /home/airflow/.local/lib/python3.12/site-packages/airflow/example_dags/example_task_group_decorator.py for tasks to queue
[2026-06-13T11:11:53.102+0000] {logging_mixin.py:188} INFO - [2026-06-13T11:11:53.101+0000] {dagbag.py:545} INFO - Filling up the DagBag from /home/airflow/.local/lib/python3.12/site-packages/airflow/example_dags/example_task_group_decorator.py
[2026-06-13T11:11:53.119+0000] {processor.py:840} INFO - DAG(s) 'example_task_group_decorator' retrieved from /home/airflow/.local/lib/python3.12/site-packages/airflow/example_dags/example_task_group_decorator.py
[2026-06-13T11:11:53.151+0000] {logging_mixin.py:188} INFO - [2026-06-13T11:11:53.151+0000] {dag.py:3096} INFO - Sync 1 DAGs
[2026-06-13T11:11:53.179+0000] {logging_mixin.py:188} INFO - [2026-06-13T11:11:53.178+0000] {dag.py:3954} INFO - Setting next_dagrun for example_task_group_decorator to 2026-06-12 00:00:00+00:00, run_after=2026-06-13 00:00:00+00:00
[2026-06-13T11:11:53.207+0000] {processor.py:183} INFO - Processing /home/airflow/.local/lib/python3.12/site-packages/airflow/example_dags/example_task_group_decorator.py took 0.115 seconds
[2026-06-13T11:12:23.495+0000] {processor.py:161} INFO - Started process (PID=444) to work on /home/airflow/.local/lib/python3.12/site-packages/airflow/example_dags/example_task_group_decorator.py
[2026-06-13T11:12:23.497+0000] {processor.py:830} INFO - Processing file /home/airflow/.local/lib/python3.12/site-packages/airflow/example_dags/example_task_group_decorator.py for tasks to queue
[2026-06-13T11:12:23.499+0000] {logging_mixin.py:188} INFO - [2026-06-13T11:12:23.499+0000] {dagbag.py:545} INFO - Filling up the DagBag from /home/airflow/.local/lib/python3.12/site-packages/airflow/example_dags/example_task_group_decorator.py
[2026-06-13T11:12:23.516+0000] {processor.py:840} INFO - DAG(s) 'example_task_group_decorator' retrieved from /home/airflow/.local/lib/python3.12/site-packages/airflow/example_dags/example_task_group_decorator.py
[2026-06-13T11:12:23.549+0000] {logging_mixin.py:188} INFO - [2026-06-13T11:12:23.549+0000] {dag.py:3096} INFO - Sync 1 DAGs
[2026-06-13T11:12:23.574+0000] {logging_mixin.py:188} INFO - [2026-06-13T11:12:23.574+0000] {dag.py:3954} INFO - Setting next_dagrun for example_task_group_decorator to 2026-06-12 00:00:00+00:00, run_after=2026-06-13 00:00:00+00:00
[2026-06-13T11:12:23.601+0000] {processor.py:183} INFO - Processing /home/airflow/.local/lib/python3.12/site-packages/airflow/example_dags/example_task_group_decorator.py took 0.112 seconds
[2026-06-13T11:12:53.821+0000] {processor.py:161} INFO - Started process (PID=503) to work on /home/airflow/.local/lib/python3.12/site-packages/airflow/example_dags/example_task_group_decorator.py
[2026-06-13T11:12:53.824+0000] {processor.py:830} INFO - Processing file /home/airflow/.local/lib/python3.12/site-packages/airflow/example_dags/example_task_group_decorator.py for tasks to queue
[2026-06-13T11:12:53.826+0000] {logging_mixin.py:188} INFO - [2026-06-13T11:12:53.826+0000] {dagbag.py:545} INFO - Filling up the DagBag from /home/airflow/.local/lib/python3.12/site-packages/airflow/example_dags/example_task_group_decorator.py
[2026-06-13T11:12:53.843+0000] {processor.py:840} INFO - DAG(s) 'example_task_group_decorator' retrieved from /home/airflow/.local/lib/python3.12/site-packages/airflow/example_dags/example_task_group_decorator.py
[2026-06-13T11:12:53.875+0000] {logging_mixin.py:188} INFO - [2026-06-13T11:12:53.875+0000] {dag.py:3096} INFO - Sync 1 DAGs
[2026-06-13T11:12:53.899+0000] {logging_mixin.py:188} INFO - [2026-06-13T11:12:53.899+0000] {dag.py:3954} INFO - Setting next_dagrun for example_task_group_decorator to 2026-06-12 00:00:00+00:00, run_after=2026-06-13 00:00:00+00:00
[2026-06-13T11:12:53.927+0000] {processor.py:183} INFO - Processing /home/airflow/.local/lib/python3.12/site-packages/airflow/example_dags/example_task_group_decorator.py took 0.112 seconds
[2026-06-13T11:13:23.995+0000] {processor.py:161} INFO - Started process (PID=562) to work on /home/airflow/.local/lib/python3.12/site-packages/airflow/example_dags/example_task_group_decorator.py
[2026-06-13T11:13:23.997+0000] {processor.py:830} INFO - Processing file /home/airflow/.local/lib/python3.12/site-packages/airflow/example_dags/example_task_group_decorator.py for tasks to queue
[2026-06-13T11:13:24.000+0000] {logging_mixin.py:188} INFO - [2026-06-13T11:13:23.999+0000] {dagbag.py:545} INFO - Filling up the DagBag from /home/airflow/.local/lib/python3.12/site-packages/airflow/example_dags/example_task_group_decorator.py
[2026-06-13T11:13:24.014+0000] {processor.py:840} INFO - DAG(s) 'example_task_group_decorator' retrieved from /home/airflow/.local/lib/python3.12/site-packages/airflow/example_dags/example_task_group_decorator.py
[2026-06-13T11:13:24.050+0000] {logging_mixin.py:188} INFO - [2026-06-13T11:13:24.050+0000] {dag.py:3096} INFO - Sync 1 DAGs
[2026-06-13T11:13:24.075+0000] {logging_mixin.py:188} INFO - [2026-06-13T11:13:24.074+0000] {dag.py:3954} INFO - Setting next_dagrun for example_task_group_decorator to 2026-06-12 00:00:00+00:00, run_after=2026-06-13 00:00:00+00:00
[2026-06-13T11:13:24.101+0000] {processor.py:183} INFO - Processing /home/airflow/.local/lib/python3.12/site-packages/airflow/example_dags/example_task_group_decorator.py took 0.113 seconds
[2026-06-13T11:13:54.469+0000] {processor.py:161} INFO - Started process (PID=621) to work on /home/airflow/.local/lib/python3.12/site-packages/airflow/example_dags/example_task_group_decorator.py
[2026-06-13T11:13:54.471+0000] {processor.py:830} INFO - Processing file /home/airflow/.local/lib/python3.12/site-packages/airflow/example_dags/example_task_group_decorator.py for tasks to queue
[2026-06-13T11:13:54.473+0000] {logging_mixin.py:188} INFO - [2026-06-13T11:13:54.473+0000] {dagbag.py:545} INFO - Filling up the DagBag from /home/airflow/.local/lib/python3.12/site-packages/airflow/example_dags/example_task_group_decorator.py
[2026-06-13T11:13:54.488+0000] {processor.py:840} INFO - DAG(s) 'example_task_group_decorator' retrieved from /home/airflow/.local/lib/python3.12/site-packages/airflow/example_dags/example_task_group_decorator.py
[2026-06-13T11:13:54.518+0000] {logging_mixin.py:188} INFO - [2026-06-13T11:13:54.518+0000] {dag.py:3096} INFO - Sync 1 DAGs
[2026-06-13T11:13:54.544+0000] {logging_mixin.py:188} INFO - [2026-06-13T11:13:54.544+0000] {dag.py:3954} INFO - Setting next_dagrun for example_task_group_decorator to 2026-06-12 00:00:00+00:00, run_after=2026-06-13 00:00:00+00:00
[2026-06-13T11:13:54.571+0000] {processor.py:183} INFO - Processing /home/airflow/.local/lib/python3.12/site-packages/airflow/example_dags/example_task_group_decorator.py took 0.109 seconds
[2026-06-13T11:14:25.224+0000] {processor.py:161} INFO - Started process (PID=680) to work on /home/airflow/.local/lib/python3.12/site-packages/airflow/example_dags/example_task_group_decorator.py
[2026-06-13T11:14:25.226+0000] {processor.py:830} INFO - Processing file /home/airflow/.local/lib/python3.12/site-packages/airflow/example_dags/example_task_group_decorator.py for tasks to queue
[2026-06-13T11:14:25.229+0000] {logging_mixin.py:188} INFO - [2026-06-13T11:14:25.228+0000] {dagbag.py:545} INFO - Filling up the DagBag from /home/airflow/.local/lib/python3.12/site-packages/airflow/example_dags/example_task_group_decorator.py
[2026-06-13T11:14:25.255+0000] {processor.py:840} INFO - DAG(s) 'example_task_group_decorator' retrieved from /home/airflow/.local/lib/python3.12/site-packages/airflow/example_dags/example_task_group_decorator.py
[2026-06-13T11:14:25.285+0000] {logging_mixin.py:188} INFO - [2026-06-13T11:14:25.285+0000] {dag.py:3096} INFO - Sync 1 DAGs
[2026-06-13T11:14:25.313+0000] {logging_mixin.py:188} INFO - [2026-06-13T11:14:25.312+0000] {dag.py:3954} INFO - Setting next_dagrun for example_task_group_decorator to 2026-06-12 00:00:00+00:00, run_after=2026-06-13 00:00:00+00:00
[2026-06-13T11:14:25.342+0000] {processor.py:183} INFO - Processing /home/airflow/.local/lib/python3.12/site-packages/airflow/example_dags/example_task_group_decorator.py took 0.126 seconds
[2026-06-13T11:14:55.537+0000] {processor.py:161} INFO - Started process (PID=739) to work on /home/airflow/.local/lib/python3.12/site-packages/airflow/example_dags/example_task_group_decorator.py
[2026-06-13T11:14:55.539+0000] {processor.py:830} INFO - Processing file /home/airflow/.local/lib/python3.12/site-packages/airflow/example_dags/example_task_group_decorator.py for tasks to queue
[2026-06-13T11:14:55.541+0000] {logging_mixin.py:188} INFO - [2026-06-13T11:14:55.541+0000] {dagbag.py:545} INFO - Filling up the DagBag from /home/airflow/.local/lib/python3.12/site-packages/airflow/example_dags/example_task_group_decorator.py
[2026-06-13T11:14:55.558+0000] {processor.py:840} INFO - DAG(s) 'example_task_group_decorator' retrieved from /home/airflow/.local/lib/python3.12/site-packages/airflow/example_dags/example_task_group_decorator.py
[2026-06-13T11:14:55.591+0000] {logging_mixin.py:188} INFO - [2026-06-13T11:14:55.591+0000] {dag.py:3096} INFO - Sync 1 DAGs
[2026-06-13T11:14:55.618+0000] {logging_mixin.py:188} INFO - [2026-06-13T11:14:55.618+0000] {dag.py:3954} INFO - Setting next_dagrun for example_task_group_decorator to 2026-06-12 00:00:00+00:00, run_after=2026-06-13 00:00:00+00:00
[2026-06-13T11:14:55.647+0000] {processor.py:183} INFO - Processing /home/airflow/.local/lib/python3.12/site-packages/airflow/example_dags/example_task_group_decorator.py took 0.115 seconds
[2026-06-13T11:15:25.695+0000] {processor.py:161} INFO - Started process (PID=798) to work on /home/airflow/.local/lib/python3.12/site-packages/airflow/example_dags/example_task_group_decorator.py
[2026-06-13T11:15:25.697+0000] {processor.py:830} INFO - Processing file /home/airflow/.local/lib/python3.12/site-packages/airflow/example_dags/example_task_group_decorator.py for tasks to queue
[2026-06-13T11:15:25.700+0000] {logging_mixin.py:188} INFO - [2026-06-13T11:15:25.700+0000] {dagbag.py:545} INFO - Filling up the DagBag from /home/airflow/.local/lib/python3.12/site-packages/airflow/example_dags/example_task_group_decorator.py
[2026-06-13T11:15:25.715+0000] {processor.py:840} INFO - DAG(s) 'example_task_group_decorator' retrieved from /home/airflow/.local/lib/python3.12/site-packages/airflow/example_dags/example_task_group_decorator.py
[2026-06-13T11:15:25.745+0000] {logging_mixin.py:188} INFO - [2026-06-13T11:15:25.745+0000] {dag.py:3096} INFO - Sync 1 DAGs
[2026-06-13T11:15:25.769+0000] {logging_mixin.py:188} INFO - [2026-06-13T11:15:25.769+0000] {dag.py:3954} INFO - Setting next_dagrun for example_task_group_decorator to 2026-06-12 00:00:00+00:00, run_after=2026-06-13 00:00:00+00:00
[2026-06-13T11:15:25.795+0000] {processor.py:183} INFO - Processing /home/airflow/.local/lib/python3.12/site-packages/airflow/example_dags/example_task_group_decorator.py took 0.106 seconds
[2026-06-13T11:15:56.191+0000] {processor.py:161} INFO - Started process (PID=857) to work on /home/airflow/.local/lib/python3.12/site-packages/airflow/example_dags/example_task_group_decorator.py
[2026-06-13T11:15:56.193+0000] {processor.py:830} INFO - Processing file /home/airflow/.local/lib/python3.12/site-packages/airflow/example_dags/example_task_group_decorator.py for tasks to queue
[2026-06-13T11:15:56.195+0000] {logging_mixin.py:188} INFO - [2026-06-13T11:15:56.195+0000] {dagbag.py:545} INFO - Filling up the DagBag from /home/airflow/.local/lib/python3.12/site-packages/airflow/example_dags/example_task_group_decorator.py
[2026-06-13T11:15:56.212+0000] {processor.py:840} INFO - DAG(s) 'example_task_group_decorator' retrieved from /home/airflow/.local/lib/python3.12/site-packages/airflow/example_dags/example_task_group_decorator.py
[2026-06-13T11:15:56.243+0000] {logging_mixin.py:188} INFO - [2026-06-13T11:15:56.242+0000] {dag.py:3096} INFO - Sync 1 DAGs
[2026-06-13T11:15:56.274+0000] {logging_mixin.py:188} INFO - [2026-06-13T11:15:56.274+0000] {dag.py:3954} INFO - Setting next_dagrun for example_task_group_decorator to 2026-06-12 00:00:00+00:00, run_after=2026-06-13 00:00:00+00:00
[2026-06-13T11:15:56.301+0000] {processor.py:183} INFO - Processing /home/airflow/.local/lib/python3.12/site-packages/airflow/example_dags/example_task_group_decorator.py took 0.116 seconds
[2026-06-13T11:16:27.727+0000] {processor.py:161} INFO - Started process (PID=916) to work on /home/airflow/.local/lib/python3.12/site-packages/airflow/example_dags/example_task_group_decorator.py
[2026-06-13T11:16:27.729+0000] {processor.py:830} INFO - Processing file /home/airflow/.local/lib/python3.12/site-packages/airflow/example_dags/example_task_group_decorator.py for tasks to queue
[2026-06-13T11:16:27.732+0000] {logging_mixin.py:188} INFO - [2026-06-13T11:16:27.731+0000] {dagbag.py:545} INFO - Filling up the DagBag from /home/airflow/.local/lib/python3.12/site-packages/airflow/example_dags/example_task_group_decorator.py
[2026-06-13T11:16:27.746+0000] {processor.py:840} INFO - DAG(s) 'example_task_group_decorator' retrieved from /home/airflow/.local/lib/python3.12/site-packages/airflow/example_dags/example_task_group_decorator.py
[2026-06-13T11:16:27.776+0000] {logging_mixin.py:188} INFO - [2026-06-13T11:16:27.776+0000] {dag.py:3096} INFO - Sync 1 DAGs
[2026-06-13T11:16:27.800+0000] {logging_mixin.py:188} INFO - [2026-06-13T11:16:27.799+0000] {dag.py:3954} INFO - Setting next_dagrun for example_task_group_decorator to 2026-06-12 00:00:00+00:00, run_after=2026-06-13 00:00:00+00:00
[2026-06-13T11:16:27.825+0000] {processor.py:183} INFO - Processing /home/airflow/.local/lib/python3.12/site-packages/airflow/example_dags/example_task_group_decorator.py took 0.107 seconds
[2026-06-13T11:16:57.954+0000] {processor.py:161} INFO - Started process (PID=976) to work on /home/airflow/.local/lib/python3.12/site-packages/airflow/example_dags/example_task_group_decorator.py
[2026-06-13T11:16:57.955+0000] {processor.py:830} INFO - Processing file /home/airflow/.local/lib/python3.12/site-packages/airflow/example_dags/example_task_group_decorator.py for tasks to queue
[2026-06-13T11:16:57.959+0000] {logging_mixin.py:188} INFO - [2026-06-13T11:16:57.958+0000] {dagbag.py:545} INFO - Filling up the DagBag from /home/airflow/.local/lib/python3.12/site-packages/airflow/example_dags/example_task_group_decorator.py
[2026-06-13T11:16:57.978+0000] {processor.py:840} INFO - DAG(s) 'example_task_group_decorator' retrieved from /home/airflow/.local/lib/python3.12/site-packages/airflow/example_dags/example_task_group_decorator.py
[2026-06-13T11:16:58.011+0000] {logging_mixin.py:188} INFO - [2026-06-13T11:16:58.010+0000] {dag.py:3096} INFO - Sync 1 DAGs
[2026-06-13T11:16:58.040+0000] {logging_mixin.py:188} INFO - [2026-06-13T11:16:58.040+0000] {dag.py:3954} INFO - Setting next_dagrun for example_task_group_decorator to 2026-06-12 00:00:00+00:00, run_after=2026-06-13 00:00:00+00:00
[2026-06-13T11:16:58.070+0000] {processor.py:183} INFO - Processing /home/airflow/.local/lib/python3.12/site-packages/airflow/example_dags/example_task_group_decorator.py took 0.124 seconds
[2026-06-13T11:17:28.307+0000] {processor.py:161} INFO - Started process (PID=1035) to work on /home/airflow/.local/lib/python3.12/site-packages/airflow/example_dags/example_task_group_decorator.py
[2026-06-13T11:17:28.308+0000] {processor.py:830} INFO - Processing file /home/airflow/.local/lib/python3.12/site-packages/airflow/example_dags/example_task_group_decorator.py for tasks to queue
[2026-06-13T11:17:28.310+0000] {logging_mixin.py:188} INFO - [2026-06-13T11:17:28.310+0000] {dagbag.py:545} INFO - Filling up the DagBag from /home/airflow/.local/lib/python3.12/site-packages/airflow/example_dags/example_task_group_decorator.py
[2026-06-13T11:17:28.324+0000] {processor.py:840} INFO - DAG(s) 'example_task_group_decorator' retrieved from /home/airflow/.local/lib/python3.12/site-packages/airflow/example_dags/example_task_group_decorator.py
[2026-06-13T11:17:28.354+0000] {logging_mixin.py:188} INFO - [2026-06-13T11:17:28.354+0000] {dag.py:3096} INFO - Sync 1 DAGs
[2026-06-13T11:17:28.378+0000] {logging_mixin.py:188} INFO - [2026-06-13T11:17:28.378+0000] {dag.py:3954} INFO - Setting next_dagrun for example_task_group_decorator to 2026-06-12 00:00:00+00:00, run_after=2026-06-13 00:00:00+00:00
[2026-06-13T11:17:28.403+0000] {processor.py:183} INFO - Processing /home/airflow/.local/lib/python3.12/site-packages/airflow/example_dags/example_task_group_decorator.py took 0.102 seconds
[2026-06-13T11:17:58.778+0000] {processor.py:161} INFO - Started process (PID=1094) to work on /home/airflow/.local/lib/python3.12/site-packages/airflow/example_dags/example_task_group_decorator.py
[2026-06-13T11:17:58.780+0000] {processor.py:830} INFO - Processing file /home/airflow/.local/lib/python3.12/site-packages/airflow/example_dags/example_task_group_decorator.py for tasks to queue
[2026-06-13T11:17:58.783+0000] {logging_mixin.py:188} INFO - [2026-06-13T11:17:58.782+0000] {dagbag.py:545} INFO - Filling up the DagBag from /home/airflow/.local/lib/python3.12/site-packages/airflow/example_dags/example_task_group_decorator.py
[2026-06-13T11:17:58.798+0000] {processor.py:840} INFO - DAG(s) 'example_task_group_decorator' retrieved from /home/airflow/.local/lib/python3.12/site-packages/airflow/example_dags/example_task_group_decorator.py
[2026-06-13T11:17:58.831+0000] {logging_mixin.py:188} INFO - [2026-06-13T11:17:58.830+0000] {dag.py:3096} INFO - Sync 1 DAGs
[2026-06-13T11:17:58.857+0000] {logging_mixin.py:188} INFO - [2026-06-13T11:17:58.857+0000] {dag.py:3954} INFO - Setting next_dagrun for example_task_group_decorator to 2026-06-12 00:00:00+00:00, run_after=2026-06-13 00:00:00+00:00
[2026-06-13T11:17:58.887+0000] {processor.py:183} INFO - Processing /home/airflow/.local/lib/python3.12/site-packages/airflow/example_dags/example_task_group_decorator.py took 0.115 seconds
[2026-06-13T11:18:29.604+0000] {processor.py:161} INFO - Started process (PID=1153) to work on /home/airflow/.local/lib/python3.12/site-packages/airflow/example_dags/example_task_group_decorator.py
[2026-06-13T11:18:29.606+0000] {processor.py:830} INFO - Processing file /home/airflow/.local/lib/python3.12/site-packages/airflow/example_dags/example_task_group_decorator.py for tasks to queue
[2026-06-13T11:18:29.609+0000] {logging_mixin.py:188} INFO - [2026-06-13T11:18:29.609+0000] {dagbag.py:545} INFO - Filling up the DagBag from /home/airflow/.local/lib/python3.12/site-packages/airflow/example_dags/example_task_group_decorator.py
[2026-06-13T11:18:29.624+0000] {processor.py:840} INFO - DAG(s) 'example_task_group_decorator' retrieved from /home/airflow/.local/lib/python3.12/site-packages/airflow/example_dags/example_task_group_decorator.py
[2026-06-13T11:18:29.656+0000] {logging_mixin.py:188} INFO - [2026-06-13T11:18:29.656+0000] {dag.py:3096} INFO - Sync 1 DAGs
[2026-06-13T11:18:29.684+0000] {logging_mixin.py:188} INFO - [2026-06-13T11:18:29.684+0000] {dag.py:3954} INFO - Setting next_dagrun for example_task_group_decorator to 2026-06-12 00:00:00+00:00, run_after=2026-06-13 00:00:00+00:00
[2026-06-13T11:18:29.713+0000] {processor.py:183} INFO - Processing /home/airflow/.local/lib/python3.12/site-packages/airflow/example_dags/example_task_group_decorator.py took 0.116 seconds
[2026-06-13T11:48:54.025+0000] {processor.py:161} INFO - Started process (PID=1212) to work on /home/airflow/.local/lib/python3.12/site-packages/airflow/example_dags/example_task_group_decorator.py
[2026-06-13T11:48:54.031+0000] {processor.py:830} INFO - Processing file /home/airflow/.local/lib/python3.12/site-packages/airflow/example_dags/example_task_group_decorator.py for tasks to queue
[2026-06-13T11:48:54.035+0000] {logging_mixin.py:188} INFO - [2026-06-13T11:48:54.034+0000] {dagbag.py:545} INFO - Filling up the DagBag from /home/airflow/.local/lib/python3.12/site-packages/airflow/example_dags/example_task_group_decorator.py
[2026-06-13T11:48:54.063+0000] {processor.py:840} INFO - DAG(s) 'example_task_group_decorator' retrieved from /home/airflow/.local/lib/python3.12/site-packages/airflow/example_dags/example_task_group_decorator.py
[2026-06-13T11:48:54.106+0000] {logging_mixin.py:188} INFO - [2026-06-13T11:48:54.105+0000] {dag.py:3096} INFO - Sync 1 DAGs
[2026-06-13T11:48:54.160+0000] {logging_mixin.py:188} INFO - [2026-06-13T11:48:54.159+0000] {dag.py:3954} INFO - Setting next_dagrun for example_task_group_decorator to 2026-06-12 00:00:00+00:00, run_after=2026-06-13 00:00:00+00:00
[2026-06-13T11:48:54.234+0000] {processor.py:183} INFO - Processing /home/airflow/.local/lib/python3.12/site-packages/airflow/example_dags/example_task_group_decorator.py took 0.222 seconds
[2026-06-13T11:49:24.415+0000] {processor.py:161} INFO - Started process (PID=1271) to work on /home/airflow/.local/lib/python3.12/site-packages/airflow/example_dags/example_task_group_decorator.py
[2026-06-13T11:49:24.417+0000] {processor.py:830} INFO - Processing file /home/airflow/.local/lib/python3.12/site-packages/airflow/example_dags/example_task_group_decorator.py for tasks to queue
[2026-06-13T11:49:24.419+0000] {logging_mixin.py:188} INFO - [2026-06-13T11:49:24.419+0000] {dagbag.py:545} INFO - Filling up the DagBag from /home/airflow/.local/lib/python3.12/site-packages/airflow/example_dags/example_task_group_decorator.py
[2026-06-13T11:49:24.435+0000] {processor.py:840} INFO - DAG(s) 'example_task_group_decorator' retrieved from /home/airflow/.local/lib/python3.12/site-packages/airflow/example_dags/example_task_group_decorator.py
[2026-06-13T11:49:24.467+0000] {logging_mixin.py:188} INFO - [2026-06-13T11:49:24.466+0000] {dag.py:3096} INFO - Sync 1 DAGs
[2026-06-13T11:49:24.492+0000] {logging_mixin.py:188} INFO - [2026-06-13T11:49:24.491+0000] {dag.py:3954} INFO - Setting next_dagrun for example_task_group_decorator to 2026-06-12 00:00:00+00:00, run_after=2026-06-13 00:00:00+00:00
[2026-06-13T11:49:24.523+0000] {processor.py:183} INFO - Processing /home/airflow/.local/lib/python3.12/site-packages/airflow/example_dags/example_task_group_decorator.py took 0.116 seconds
[2026-06-13T11:49:54.939+0000] {processor.py:161} INFO - Started process (PID=1330) to work on /home/airflow/.local/lib/python3.12/site-packages/airflow/example_dags/example_task_group_decorator.py
[2026-06-13T11:49:54.941+0000] {processor.py:830} INFO - Processing file /home/airflow/.local/lib/python3.12/site-packages/airflow/example_dags/example_task_group_decorator.py for tasks to queue
[2026-06-13T11:49:54.943+0000] {logging_mixin.py:188} INFO - [2026-06-13T11:49:54.943+0000] {dagbag.py:545} INFO - Filling up the DagBag from /home/airflow/.local/lib/python3.12/site-packages/airflow/example_dags/example_task_group_decorator.py
[2026-06-13T11:49:54.958+0000] {processor.py:840} INFO - DAG(s) 'example_task_group_decorator' retrieved from /home/airflow/.local/lib/python3.12/site-packages/airflow/example_dags/example_task_group_decorator.py
[2026-06-13T11:49:54.994+0000] {logging_mixin.py:188} INFO - [2026-06-13T11:49:54.994+0000] {dag.py:3096} INFO - Sync 1 DAGs
[2026-06-13T11:49:55.026+0000] {logging_mixin.py:188} INFO - [2026-06-13T11:49:55.026+0000] {dag.py:3954} INFO - Setting next_dagrun for example_task_group_decorator to 2026-06-12 00:00:00+00:00, run_after=2026-06-13 00:00:00+00:00
[2026-06-13T11:49:55.063+0000] {processor.py:183} INFO - Processing /home/airflow/.local/lib/python3.12/site-packages/airflow/example_dags/example_task_group_decorator.py took 0.130 seconds
[2026-06-13T11:50:25.642+0000] {processor.py:161} INFO - Started process (PID=1389) to work on /home/airflow/.local/lib/python3.12/site-packages/airflow/example_dags/example_task_group_decorator.py
[2026-06-13T11:50:25.644+0000] {processor.py:830} INFO - Processing file /home/airflow/.local/lib/python3.12/site-packages/airflow/example_dags/example_task_group_decorator.py for tasks to queue
[2026-06-13T11:50:25.647+0000] {logging_mixin.py:188} INFO - [2026-06-13T11:50:25.646+0000] {dagbag.py:545} INFO - Filling up the DagBag from /home/airflow/.local/lib/python3.12/site-packages/airflow/example_dags/example_task_group_decorator.py
[2026-06-13T11:50:25.662+0000] {processor.py:840} INFO - DAG(s) 'example_task_group_decorator' retrieved from /home/airflow/.local/lib/python3.12/site-packages/airflow/example_dags/example_task_group_decorator.py
[2026-06-13T11:50:25.694+0000] {logging_mixin.py:188} INFO - [2026-06-13T11:50:25.694+0000] {dag.py:3096} INFO - Sync 1 DAGs
[2026-06-13T11:50:25.720+0000] {logging_mixin.py:188} INFO - [2026-06-13T11:50:25.720+0000] {dag.py:3954} INFO - Setting next_dagrun for example_task_group_decorator to 2026-06-12 00:00:00+00:00, run_after=2026-06-13 00:00:00+00:00
[2026-06-13T11:50:25.750+0000] {processor.py:183} INFO - Processing /home/airflow/.local/lib/python3.12/site-packages/airflow/example_dags/example_task_group_decorator.py took 0.114 seconds
[2026-06-13T11:50:56.293+0000] {processor.py:161} INFO - Started process (PID=1448) to work on /home/airflow/.local/lib/python3.12/site-packages/airflow/example_dags/example_task_group_decorator.py
[2026-06-13T11:50:56.295+0000] {processor.py:830} INFO - Processing file /home/airflow/.local/lib/python3.12/site-packages/airflow/example_dags/example_task_group_decorator.py for tasks to queue
[2026-06-13T11:50:56.297+0000] {logging_mixin.py:188} INFO - [2026-06-13T11:50:56.297+0000] {dagbag.py:545} INFO - Filling up the DagBag from /home/airflow/.local/lib/python3.12/site-packages/airflow/example_dags/example_task_group_decorator.py
[2026-06-13T11:50:56.313+0000] {processor.py:840} INFO - DAG(s) 'example_task_group_decorator' retrieved from /home/airflow/.local/lib/python3.12/site-packages/airflow/example_dags/example_task_group_decorator.py
[2026-06-13T11:50:56.346+0000] {logging_mixin.py:188} INFO - [2026-06-13T11:50:56.345+0000] {dag.py:3096} INFO - Sync 1 DAGs
[2026-06-13T11:50:56.373+0000] {logging_mixin.py:188} INFO - [2026-06-13T11:50:56.373+0000] {dag.py:3954} INFO - Setting next_dagrun for example_task_group_decorator to 2026-06-12 00:00:00+00:00, run_after=2026-06-13 00:00:00+00:00
[2026-06-13T11:50:56.401+0000] {processor.py:183} INFO - Processing /home/airflow/.local/lib/python3.12/site-packages/airflow/example_dags/example_task_group_decorator.py took 0.113 seconds
[2026-06-13T11:51:26.794+0000] {processor.py:161} INFO - Started process (PID=1507) to work on /home/airflow/.local/lib/python3.12/site-packages/airflow/example_dags/example_task_group_decorator.py
[2026-06-13T11:51:26.795+0000] {processor.py:830} INFO - Processing file /home/airflow/.local/lib/python3.12/site-packages/airflow/example_dags/example_task_group_decorator.py for tasks to queue
[2026-06-13T11:51:26.798+0000] {logging_mixin.py:188} INFO - [2026-06-13T11:51:26.798+0000] {dagbag.py:545} INFO - Filling up the DagBag from /home/airflow/.local/lib/python3.12/site-packages/airflow/example_dags/example_task_group_decorator.py
[2026-06-13T11:51:26.813+0000] {processor.py:840} INFO - DAG(s) 'example_task_group_decorator' retrieved from /home/airflow/.local/lib/python3.12/site-packages/airflow/example_dags/example_task_group_decorator.py
[2026-06-13T11:51:26.847+0000] {logging_mixin.py:188} INFO - [2026-06-13T11:51:26.847+0000] {dag.py:3096} INFO - Sync 1 DAGs
[2026-06-13T11:51:26.873+0000] {logging_mixin.py:188} INFO - [2026-06-13T11:51:26.873+0000] {dag.py:3954} INFO - Setting next_dagrun for example_task_group_decorator to 2026-06-12 00:00:00+00:00, run_after=2026-06-13 00:00:00+00:00
[2026-06-13T11:51:26.901+0000] {processor.py:183} INFO - Processing /home/airflow/.local/lib/python3.12/site-packages/airflow/example_dags/example_task_group_decorator.py took 0.113 seconds
[2026-06-13T11:51:58.552+0000] {processor.py:161} INFO - Started process (PID=1566) to work on /home/airflow/.local/lib/python3.12/site-packages/airflow/example_dags/example_task_group_decorator.py
[2026-06-13T11:51:58.553+0000] {processor.py:830} INFO - Processing file /home/airflow/.local/lib/python3.12/site-packages/airflow/example_dags/example_task_group_decorator.py for tasks to queue
[2026-06-13T11:51:58.556+0000] {logging_mixin.py:188} INFO - [2026-06-13T11:51:58.555+0000] {dagbag.py:545} INFO - Filling up the DagBag from /home/airflow/.local/lib/python3.12/site-packages/airflow/example_dags/example_task_group_decorator.py
[2026-06-13T11:51:58.570+0000] {processor.py:840} INFO - DAG(s) 'example_task_group_decorator' retrieved from /home/airflow/.local/lib/python3.12/site-packages/airflow/example_dags/example_task_group_decorator.py
[2026-06-13T11:51:58.602+0000] {logging_mixin.py:188} INFO - [2026-06-13T11:51:58.601+0000] {dag.py:3096} INFO - Sync 1 DAGs
[2026-06-13T11:51:58.626+0000] {logging_mixin.py:188} INFO - [2026-06-13T11:51:58.626+0000] {dag.py:3954} INFO - Setting next_dagrun for example_task_group_decorator to 2026-06-12 00:00:00+00:00, run_after=2026-06-13 00:00:00+00:00
[2026-06-13T11:51:58.653+0000] {processor.py:183} INFO - Processing /home/airflow/.local/lib/python3.12/site-packages/airflow/example_dags/example_task_group_decorator.py took 0.107 seconds
[2026-06-13T11:52:29.893+0000] {processor.py:161} INFO - Started process (PID=1625) to work on /home/airflow/.local/lib/python3.12/site-packages/airflow/example_dags/example_task_group_decorator.py
[2026-06-13T11:52:29.895+0000] {processor.py:830} INFO - Processing file /home/airflow/.local/lib/python3.12/site-packages/airflow/example_dags/example_task_group_decorator.py for tasks to queue
[2026-06-13T11:52:29.898+0000] {logging_mixin.py:188} INFO - [2026-06-13T11:52:29.897+0000] {dagbag.py:545} INFO - Filling up the DagBag from /home/airflow/.local/lib/python3.12/site-packages/airflow/example_dags/example_task_group_decorator.py
[2026-06-13T11:52:29.914+0000] {processor.py:840} INFO - DAG(s) 'example_task_group_decorator' retrieved from /home/airflow/.local/lib/python3.12/site-packages/airflow/example_dags/example_task_group_decorator.py
[2026-06-13T11:52:29.948+0000] {logging_mixin.py:188} INFO - [2026-06-13T11:52:29.948+0000] {dag.py:3096} INFO - Sync 1 DAGs
[2026-06-13T11:52:29.977+0000] {logging_mixin.py:188} INFO - [2026-06-13T11:52:29.977+0000] {dag.py:3954} INFO - Setting next_dagrun for example_task_group_decorator to 2026-06-12 00:00:00+00:00, run_after=2026-06-13 00:00:00+00:00
[2026-06-13T11:52:30.144+0000] {processor.py:183} INFO - Processing /home/airflow/.local/lib/python3.12/site-packages/airflow/example_dags/example_task_group_decorator.py took 0.257 seconds
[2026-06-13T11:53:00.575+0000] {processor.py:161} INFO - Started process (PID=1684) to work on /home/airflow/.local/lib/python3.12/site-packages/airflow/example_dags/example_task_group_decorator.py
[2026-06-13T11:53:00.577+0000] {processor.py:830} INFO - Processing file /home/airflow/.local/lib/python3.12/site-packages/airflow/example_dags/example_task_group_decorator.py for tasks to queue
[2026-06-13T11:53:00.580+0000] {logging_mixin.py:188} INFO - [2026-06-13T11:53:00.579+0000] {dagbag.py:545} INFO - Filling up the DagBag from /home/airflow/.local/lib/python3.12/site-packages/airflow/example_dags/example_task_group_decorator.py
[2026-06-13T11:53:00.595+0000] {processor.py:840} INFO - DAG(s) 'example_task_group_decorator' retrieved from /home/airflow/.local/lib/python3.12/site-packages/airflow/example_dags/example_task_group_decorator.py
[2026-06-13T11:53:00.626+0000] {logging_mixin.py:188} INFO - [2026-06-13T11:53:00.626+0000] {dag.py:3096} INFO - Sync 1 DAGs
[2026-06-13T11:53:00.653+0000] {logging_mixin.py:188} INFO - [2026-06-13T11:53:00.652+0000] {dag.py:3954} INFO - Setting next_dagrun for example_task_group_decorator to 2026-06-12 00:00:00+00:00, run_after=2026-06-13 00:00:00+00:00
[2026-06-13T11:53:00.679+0000] {processor.py:183} INFO - Processing /home/airflow/.local/lib/python3.12/site-packages/airflow/example_dags/example_task_group_decorator.py took 0.110 seconds
[2026-06-13T11:53:31.240+0000] {processor.py:161} INFO - Started process (PID=1743) to work on /home/airflow/.local/lib/python3.12/site-packages/airflow/example_dags/example_task_group_decorator.py
[2026-06-13T11:53:31.241+0000] {processor.py:830} INFO - Processing file /home/airflow/.local/lib/python3.12/site-packages/airflow/example_dags/example_task_group_decorator.py for tasks to queue
[2026-06-13T11:53:31.244+0000] {logging_mixin.py:188} INFO - [2026-06-13T11:53:31.244+0000] {dagbag.py:545} INFO - Filling up the DagBag from /home/airflow/.local/lib/python3.12/site-packages/airflow/example_dags/example_task_group_decorator.py
[2026-06-13T11:53:31.260+0000] {processor.py:840} INFO - DAG(s) 'example_task_group_decorator' retrieved from /home/airflow/.local/lib/python3.12/site-packages/airflow/example_dags/example_task_group_decorator.py
[2026-06-13T11:53:31.289+0000] {logging_mixin.py:188} INFO - [2026-06-13T11:53:31.289+0000] {dag.py:3096} INFO - Sync 1 DAGs
[2026-06-13T11:53:31.315+0000] {logging_mixin.py:188} INFO - [2026-06-13T11:53:31.315+0000] {dag.py:3954} INFO - Setting next_dagrun for example_task_group_decorator to 2026-06-12 00:00:00+00:00, run_after=2026-06-13 00:00:00+00:00
[2026-06-13T11:53:31.341+0000] {processor.py:183} INFO - Processing /home/airflow/.local/lib/python3.12/site-packages/airflow/example_dags/example_task_group_decorator.py took 0.107 seconds
[2026-06-13T11:54:01.769+0000] {processor.py:161} INFO - Started process (PID=1802) to work on /home/airflow/.local/lib/python3.12/site-packages/airflow/example_dags/example_task_group_decorator.py
[2026-06-13T11:54:01.770+0000] {processor.py:830} INFO - Processing file /home/airflow/.local/lib/python3.12/site-packages/airflow/example_dags/example_task_group_decorator.py for tasks to queue
[2026-06-13T11:54:01.773+0000] {logging_mixin.py:188} INFO - [2026-06-13T11:54:01.773+0000] {dagbag.py:545} INFO - Filling up the DagBag from /home/airflow/.local/lib/python3.12/site-packages/airflow/example_dags/example_task_group_decorator.py
[2026-06-13T11:54:01.789+0000] {processor.py:840} INFO - DAG(s) 'example_task_group_decorator' retrieved from /home/airflow/.local/lib/python3.12/site-packages/airflow/example_dags/example_task_group_decorator.py
[2026-06-13T11:54:01.820+0000] {logging_mixin.py:188} INFO - [2026-06-13T11:54:01.819+0000] {dag.py:3096} INFO - Sync 1 DAGs
[2026-06-13T11:54:01.847+0000] {logging_mixin.py:188} INFO - [2026-06-13T11:54:01.847+0000] {dag.py:3954} INFO - Setting next_dagrun for example_task_group_decorator to 2026-06-12 00:00:00+00:00, run_after=2026-06-13 00:00:00+00:00
[2026-06-13T11:54:01.874+0000] {processor.py:183} INFO - Processing /home/airflow/.local/lib/python3.12/site-packages/airflow/example_dags/example_task_group_decorator.py took 0.112 seconds
[2026-06-13T11:54:34.238+0000] {processor.py:161} INFO - Started process (PID=1861) to work on /home/airflow/.local/lib/python3.12/site-packages/airflow/example_dags/example_task_group_decorator.py
[2026-06-13T11:54:34.240+0000] {processor.py:830} INFO - Processing file /home/airflow/.local/lib/python3.12/site-packages/airflow/example_dags/example_task_group_decorator.py for tasks to queue
[2026-06-13T11:54:34.243+0000] {logging_mixin.py:188} INFO - [2026-06-13T11:54:34.242+0000] {dagbag.py:545} INFO - Filling up the DagBag from /home/airflow/.local/lib/python3.12/site-packages/airflow/example_dags/example_task_group_decorator.py
[2026-06-13T11:54:34.257+0000] {processor.py:840} INFO - DAG(s) 'example_task_group_decorator' retrieved from /home/airflow/.local/lib/python3.12/site-packages/airflow/example_dags/example_task_group_decorator.py
[2026-06-13T11:54:34.422+0000] {logging_mixin.py:188} INFO - [2026-06-13T11:54:34.422+0000] {dag.py:3096} INFO - Sync 1 DAGs
[2026-06-13T11:54:34.442+0000] {logging_mixin.py:188} INFO - [2026-06-13T11:54:34.442+0000] {dag.py:3954} INFO - Setting next_dagrun for example_task_group_decorator to 2026-06-12 00:00:00+00:00, run_after=2026-06-13 00:00:00+00:00
[2026-06-13T11:54:34.465+0000] {processor.py:183} INFO - Processing /home/airflow/.local/lib/python3.12/site-packages/airflow/example_dags/example_task_group_decorator.py took 0.233 seconds
[2026-06-13T11:55:04.536+0000] {processor.py:161} INFO - Started process (PID=1921) to work on /home/airflow/.local/lib/python3.12/site-packages/airflow/example_dags/example_task_group_decorator.py
[2026-06-13T11:55:04.538+0000] {processor.py:830} INFO - Processing file /home/airflow/.local/lib/python3.12/site-packages/airflow/example_dags/example_task_group_decorator.py for tasks to queue
[2026-06-13T11:55:04.541+0000] {logging_mixin.py:188} INFO - [2026-06-13T11:55:04.541+0000] {dagbag.py:545} INFO - Filling up the DagBag from /home/airflow/.local/lib/python3.12/site-packages/airflow/example_dags/example_task_group_decorator.py
[2026-06-13T11:55:04.558+0000] {processor.py:840} INFO - DAG(s) 'example_task_group_decorator' retrieved from /home/airflow/.local/lib/python3.12/site-packages/airflow/example_dags/example_task_group_decorator.py
[2026-06-13T11:55:04.593+0000] {logging_mixin.py:188} INFO - [2026-06-13T11:55:04.593+0000] {dag.py:3096} INFO - Sync 1 DAGs
[2026-06-13T11:55:04.759+0000] {logging_mixin.py:188} INFO - [2026-06-13T11:55:04.758+0000] {dag.py:3954} INFO - Setting next_dagrun for example_task_group_decorator to 2026-06-12 00:00:00+00:00, run_after=2026-06-13 00:00:00+00:00
[2026-06-13T11:55:04.784+0000] {processor.py:183} INFO - Processing /home/airflow/.local/lib/python3.12/site-packages/airflow/example_dags/example_task_group_decorator.py took 0.254 seconds
[2026-06-13T11:55:35.586+0000] {processor.py:161} INFO - Started process (PID=1980) to work on /home/airflow/.local/lib/python3.12/site-packages/airflow/example_dags/example_task_group_decorator.py
[2026-06-13T11:55:35.588+0000] {processor.py:830} INFO - Processing file /home/airflow/.local/lib/python3.12/site-packages/airflow/example_dags/example_task_group_decorator.py for tasks to queue
[2026-06-13T11:55:35.592+0000] {logging_mixin.py:188} INFO - [2026-06-13T11:55:35.591+0000] {dagbag.py:545} INFO - Filling up the DagBag from /home/airflow/.local/lib/python3.12/site-packages/airflow/example_dags/example_task_group_decorator.py
[2026-06-13T11:55:35.608+0000] {processor.py:840} INFO - DAG(s) 'example_task_group_decorator' retrieved from /home/airflow/.local/lib/python3.12/site-packages/airflow/example_dags/example_task_group_decorator.py
[2026-06-13T11:55:35.637+0000] {logging_mixin.py:188} INFO - [2026-06-13T11:55:35.637+0000] {dag.py:3096} INFO - Sync 1 DAGs
[2026-06-13T11:55:35.661+0000] {logging_mixin.py:188} INFO - [2026-06-13T11:55:35.661+0000] {dag.py:3954} INFO - Setting next_dagrun for example_task_group_decorator to 2026-06-12 00:00:00+00:00, run_after=2026-06-13 00:00:00+00:00
[2026-06-13T11:55:35.689+0000] {processor.py:183} INFO - Processing /home/airflow/.local/lib/python3.12/site-packages/airflow/example_dags/example_task_group_decorator.py took 0.109 seconds
[2026-06-13T11:57:50.408+0000] {processor.py:161} INFO - Started process (PID=2039) to work on /home/airflow/.local/lib/python3.12/site-packages/airflow/example_dags/example_task_group_decorator.py
[2026-06-13T11:57:50.410+0000] {processor.py:830} INFO - Processing file /home/airflow/.local/lib/python3.12/site-packages/airflow/example_dags/example_task_group_decorator.py for tasks to queue
[2026-06-13T11:57:50.412+0000] {logging_mixin.py:188} INFO - [2026-06-13T11:57:50.412+0000] {dagbag.py:545} INFO - Filling up the DagBag from /home/airflow/.local/lib/python3.12/site-packages/airflow/example_dags/example_task_group_decorator.py
[2026-06-13T11:57:50.427+0000] {processor.py:840} INFO - DAG(s) 'example_task_group_decorator' retrieved from /home/airflow/.local/lib/python3.12/site-packages/airflow/example_dags/example_task_group_decorator.py
[2026-06-13T11:57:50.457+0000] {logging_mixin.py:188} INFO - [2026-06-13T11:57:50.457+0000] {dag.py:3096} INFO - Sync 1 DAGs
[2026-06-13T11:57:50.482+0000] {logging_mixin.py:188} INFO - [2026-06-13T11:57:50.482+0000] {dag.py:3954} INFO - Setting next_dagrun for example_task_group_decorator to 2026-06-12 00:00:00+00:00, run_after=2026-06-13 00:00:00+00:00
[2026-06-13T11:57:50.509+0000] {processor.py:183} INFO - Processing /home/airflow/.local/lib/python3.12/site-packages/airflow/example_dags/example_task_group_decorator.py took 0.107 seconds
[2026-06-13T11:58:21.125+0000] {processor.py:161} INFO - Started process (PID=2106) to work on /home/airflow/.local/lib/python3.12/site-packages/airflow/example_dags/example_task_group_decorator.py
[2026-06-13T11:58:21.127+0000] {processor.py:830} INFO - Processing file /home/airflow/.local/lib/python3.12/site-packages/airflow/example_dags/example_task_group_decorator.py for tasks to queue
[2026-06-13T11:58:21.129+0000] {logging_mixin.py:188} INFO - [2026-06-13T11:58:21.129+0000] {dagbag.py:545} INFO - Filling up the DagBag from /home/airflow/.local/lib/python3.12/site-packages/airflow/example_dags/example_task_group_decorator.py
[2026-06-13T11:58:21.146+0000] {processor.py:840} INFO - DAG(s) 'example_task_group_decorator' retrieved from /home/airflow/.local/lib/python3.12/site-packages/airflow/example_dags/example_task_group_decorator.py
[2026-06-13T11:58:21.178+0000] {logging_mixin.py:188} INFO - [2026-06-13T11:58:21.178+0000] {dag.py:3096} INFO - Sync 1 DAGs
[2026-06-13T11:58:21.203+0000] {logging_mixin.py:188} INFO - [2026-06-13T11:58:21.203+0000] {dag.py:3954} INFO - Setting next_dagrun for example_task_group_decorator to 2026-06-12 00:00:00+00:00, run_after=2026-06-13 00:00:00+00:00
[2026-06-13T11:58:21.229+0000] {processor.py:183} INFO - Processing /home/airflow/.local/lib/python3.12/site-packages/airflow/example_dags/example_task_group_decorator.py took 0.112 seconds
[2026-06-13T11:58:51.755+0000] {processor.py:161} INFO - Started process (PID=2166) to work on /home/airflow/.local/lib/python3.12/site-packages/airflow/example_dags/example_task_group_decorator.py
[2026-06-13T11:58:51.757+0000] {processor.py:830} INFO - Processing file /home/airflow/.local/lib/python3.12/site-packages/airflow/example_dags/example_task_group_decorator.py for tasks to queue
[2026-06-13T11:58:51.760+0000] {logging_mixin.py:188} INFO - [2026-06-13T11:58:51.760+0000] {dagbag.py:545} INFO - Filling up the DagBag from /home/airflow/.local/lib/python3.12/site-packages/airflow/example_dags/example_task_group_decorator.py
[2026-06-13T11:58:51.774+0000] {processor.py:840} INFO - DAG(s) 'example_task_group_decorator' retrieved from /home/airflow/.local/lib/python3.12/site-packages/airflow/example_dags/example_task_group_decorator.py
[2026-06-13T11:58:51.805+0000] {logging_mixin.py:188} INFO - [2026-06-13T11:58:51.804+0000] {dag.py:3096} INFO - Sync 1 DAGs
[2026-06-13T11:58:51.829+0000] {logging_mixin.py:188} INFO - [2026-06-13T11:58:51.829+0000] {dag.py:3954} INFO - Setting next_dagrun for example_task_group_decorator to 2026-06-12 00:00:00+00:00, run_after=2026-06-13 00:00:00+00:00
[2026-06-13T11:58:51.858+0000] {processor.py:183} INFO - Processing /home/airflow/.local/lib/python3.12/site-packages/airflow/example_dags/example_task_group_decorator.py took 0.110 seconds
[2026-06-13T11:59:22.379+0000] {processor.py:161} INFO - Started process (PID=2264) to work on /home/airflow/.local/lib/python3.12/site-packages/airflow/example_dags/example_task_group_decorator.py
[2026-06-13T11:59:22.380+0000] {processor.py:830} INFO - Processing file /home/airflow/.local/lib/python3.12/site-packages/airflow/example_dags/example_task_group_decorator.py for tasks to queue
[2026-06-13T11:59:22.383+0000] {logging_mixin.py:188} INFO - [2026-06-13T11:59:22.383+0000] {dagbag.py:545} INFO - Filling up the DagBag from /home/airflow/.local/lib/python3.12/site-packages/airflow/example_dags/example_task_group_decorator.py
[2026-06-13T11:59:22.397+0000] {processor.py:840} INFO - DAG(s) 'example_task_group_decorator' retrieved from /home/airflow/.local/lib/python3.12/site-packages/airflow/example_dags/example_task_group_decorator.py
[2026-06-13T11:59:22.427+0000] {logging_mixin.py:188} INFO - [2026-06-13T11:59:22.426+0000] {dag.py:3096} INFO - Sync 1 DAGs
[2026-06-13T11:59:22.452+0000] {logging_mixin.py:188} INFO - [2026-06-13T11:59:22.452+0000] {dag.py:3954} INFO - Setting next_dagrun for example_task_group_decorator to 2026-06-12 00:00:00+00:00, run_after=2026-06-13 00:00:00+00:00
[2026-06-13T11:59:22.478+0000] {processor.py:183} INFO - Processing /home/airflow/.local/lib/python3.12/site-packages/airflow/example_dags/example_task_group_decorator.py took 0.110 seconds
[2026-06-13T11:59:52.580+0000] {processor.py:161} INFO - Started process (PID=2323) to work on /home/airflow/.local/lib/python3.12/site-packages/airflow/example_dags/example_task_group_decorator.py
[2026-06-13T11:59:52.582+0000] {processor.py:830} INFO - Processing file /home/airflow/.local/lib/python3.12/site-packages/airflow/example_dags/example_task_group_decorator.py for tasks to queue
[2026-06-13T11:59:52.584+0000] {logging_mixin.py:188} INFO - [2026-06-13T11:59:52.584+0000] {dagbag.py:545} INFO - Filling up the DagBag from /home/airflow/.local/lib/python3.12/site-packages/airflow/example_dags/example_task_group_decorator.py
[2026-06-13T11:59:52.599+0000] {processor.py:840} INFO - DAG(s) 'example_task_group_decorator' retrieved from /home/airflow/.local/lib/python3.12/site-packages/airflow/example_dags/example_task_group_decorator.py
[2026-06-13T11:59:52.628+0000] {logging_mixin.py:188} INFO - [2026-06-13T11:59:52.628+0000] {dag.py:3096} INFO - Sync 1 DAGs
[2026-06-13T11:59:52.653+0000] {logging_mixin.py:188} INFO - [2026-06-13T11:59:52.653+0000] {dag.py:3954} INFO - Setting next_dagrun for example_task_group_decorator to 2026-06-12 00:00:00+00:00, run_after=2026-06-13 00:00:00+00:00
[2026-06-13T11:59:52.680+0000] {processor.py:183} INFO - Processing /home/airflow/.local/lib/python3.12/site-packages/airflow/example_dags/example_task_group_decorator.py took 0.110 seconds
[2026-06-13T12:00:23.142+0000] {processor.py:161} INFO - Started process (PID=2382) to work on /home/airflow/.local/lib/python3.12/site-packages/airflow/example_dags/example_task_group_decorator.py
[2026-06-13T12:00:23.144+0000] {processor.py:830} INFO - Processing file /home/airflow/.local/lib/python3.12/site-packages/airflow/example_dags/example_task_group_decorator.py for tasks to queue
[2026-06-13T12:00:23.147+0000] {logging_mixin.py:188} INFO - [2026-06-13T12:00:23.146+0000] {dagbag.py:545} INFO - Filling up the DagBag from /home/airflow/.local/lib/python3.12/site-packages/airflow/example_dags/example_task_group_decorator.py
[2026-06-13T12:00:23.162+0000] {processor.py:840} INFO - DAG(s) 'example_task_group_decorator' retrieved from /home/airflow/.local/lib/python3.12/site-packages/airflow/example_dags/example_task_group_decorator.py
[2026-06-13T12:00:23.193+0000] {logging_mixin.py:188} INFO - [2026-06-13T12:00:23.192+0000] {dag.py:3096} INFO - Sync 1 DAGs
[2026-06-13T12:00:23.217+0000] {logging_mixin.py:188} INFO - [2026-06-13T12:00:23.217+0000] {dag.py:3954} INFO - Setting next_dagrun for example_task_group_decorator to 2026-06-12 00:00:00+00:00, run_after=2026-06-13 00:00:00+00:00
[2026-06-13T12:00:23.247+0000] {processor.py:183} INFO - Processing /home/airflow/.local/lib/python3.12/site-packages/airflow/example_dags/example_task_group_decorator.py took 0.116 seconds
[2026-06-13T12:00:53.882+0000] {processor.py:161} INFO - Started process (PID=2459) to work on /home/airflow/.local/lib/python3.12/site-packages/airflow/example_dags/example_task_group_decorator.py
[2026-06-13T12:00:53.883+0000] {processor.py:830} INFO - Processing file /home/airflow/.local/lib/python3.12/site-packages/airflow/example_dags/example_task_group_decorator.py for tasks to queue
[2026-06-13T12:00:53.886+0000] {logging_mixin.py:188} INFO - [2026-06-13T12:00:53.886+0000] {dagbag.py:545} INFO - Filling up the DagBag from /home/airflow/.local/lib/python3.12/site-packages/airflow/example_dags/example_task_group_decorator.py
[2026-06-13T12:00:53.901+0000] {processor.py:840} INFO - DAG(s) 'example_task_group_decorator' retrieved from /home/airflow/.local/lib/python3.12/site-packages/airflow/example_dags/example_task_group_decorator.py
[2026-06-13T12:00:53.934+0000] {logging_mixin.py:188} INFO - [2026-06-13T12:00:53.934+0000] {dag.py:3096} INFO - Sync 1 DAGs
[2026-06-13T12:00:53.960+0000] {logging_mixin.py:188} INFO - [2026-06-13T12:00:53.959+0000] {dag.py:3954} INFO - Setting next_dagrun for example_task_group_decorator to 2026-06-12 00:00:00+00:00, run_after=2026-06-13 00:00:00+00:00
[2026-06-13T12:00:53.985+0000] {processor.py:183} INFO - Processing /home/airflow/.local/lib/python3.12/site-packages/airflow/example_dags/example_task_group_decorator.py took 0.117 seconds
[2026-06-13T12:01:24.815+0000] {processor.py:161} INFO - Started process (PID=2518) to work on /home/airflow/.local/lib/python3.12/site-packages/airflow/example_dags/example_task_group_decorator.py
[2026-06-13T12:01:24.816+0000] {processor.py:830} INFO - Processing file /home/airflow/.local/lib/python3.12/site-packages/airflow/example_dags/example_task_group_decorator.py for tasks to queue
[2026-06-13T12:01:24.819+0000] {logging_mixin.py:188} INFO - [2026-06-13T12:01:24.818+0000] {dagbag.py:545} INFO - Filling up the DagBag from /home/airflow/.local/lib/python3.12/site-packages/airflow/example_dags/example_task_group_decorator.py
[2026-06-13T12:01:24.832+0000] {processor.py:840} INFO - DAG(s) 'example_task_group_decorator' retrieved from /home/airflow/.local/lib/python3.12/site-packages/airflow/example_dags/example_task_group_decorator.py
[2026-06-13T12:01:24.863+0000] {logging_mixin.py:188} INFO - [2026-06-13T12:01:24.863+0000] {dag.py:3096} INFO - Sync 1 DAGs
[2026-06-13T12:01:24.895+0000] {logging_mixin.py:188} INFO - [2026-06-13T12:01:24.895+0000] {dag.py:3954} INFO - Setting next_dagrun for example_task_group_decorator to 2026-06-12 00:00:00+00:00, run_after=2026-06-13 00:00:00+00:00
[2026-06-13T12:01:24.921+0000] {processor.py:183} INFO - Processing /home/airflow/.local/lib/python3.12/site-packages/airflow/example_dags/example_task_group_decorator.py took 0.117 seconds
[2026-06-13T12:01:55.137+0000] {processor.py:161} INFO - Started process (PID=2577) to work on /home/airflow/.local/lib/python3.12/site-packages/airflow/example_dags/example_task_group_decorator.py
[2026-06-13T12:01:55.139+0000] {processor.py:830} INFO - Processing file /home/airflow/.local/lib/python3.12/site-packages/airflow/example_dags/example_task_group_decorator.py for tasks to queue
[2026-06-13T12:01:55.143+0000] {logging_mixin.py:188} INFO - [2026-06-13T12:01:55.142+0000] {dagbag.py:545} INFO - Filling up the DagBag from /home/airflow/.local/lib/python3.12/site-packages/airflow/example_dags/example_task_group_decorator.py
[2026-06-13T12:01:55.163+0000] {processor.py:840} INFO - DAG(s) 'example_task_group_decorator' retrieved from /home/airflow/.local/lib/python3.12/site-packages/airflow/example_dags/example_task_group_decorator.py
[2026-06-13T12:01:55.208+0000] {logging_mixin.py:188} INFO - [2026-06-13T12:01:55.207+0000] {dag.py:3096} INFO - Sync 1 DAGs
[2026-06-13T12:01:55.238+0000] {logging_mixin.py:188} INFO - [2026-06-13T12:01:55.238+0000] {dag.py:3954} INFO - Setting next_dagrun for example_task_group_decorator to 2026-06-12 00:00:00+00:00, run_after=2026-06-13 00:00:00+00:00
[2026-06-13T12:01:55.266+0000] {processor.py:183} INFO - Processing /home/airflow/.local/lib/python3.12/site-packages/airflow/example_dags/example_task_group_decorator.py took 0.144 seconds
[2026-06-13T12:02:25.887+0000] {processor.py:161} INFO - Started process (PID=2644) to work on /home/airflow/.local/lib/python3.12/site-packages/airflow/example_dags/example_task_group_decorator.py
[2026-06-13T12:02:25.889+0000] {processor.py:830} INFO - Processing file /home/airflow/.local/lib/python3.12/site-packages/airflow/example_dags/example_task_group_decorator.py for tasks to queue
[2026-06-13T12:02:25.893+0000] {logging_mixin.py:188} INFO - [2026-06-13T12:02:25.892+0000] {dagbag.py:545} INFO - Filling up the DagBag from /home/airflow/.local/lib/python3.12/site-packages/airflow/example_dags/example_task_group_decorator.py
[2026-06-13T12:02:25.912+0000] {processor.py:840} INFO - DAG(s) 'example_task_group_decorator' retrieved from /home/airflow/.local/lib/python3.12/site-packages/airflow/example_dags/example_task_group_decorator.py
[2026-06-13T12:02:25.971+0000] {logging_mixin.py:188} INFO - [2026-06-13T12:02:25.970+0000] {dag.py:3096} INFO - Sync 1 DAGs
[2026-06-13T12:02:26.009+0000] {logging_mixin.py:188} INFO - [2026-06-13T12:02:26.008+0000] {dag.py:3954} INFO - Setting next_dagrun for example_task_group_decorator to 2026-06-12 00:00:00+00:00, run_after=2026-06-13 00:00:00+00:00
[2026-06-13T12:02:26.041+0000] {processor.py:183} INFO - Processing /home/airflow/.local/lib/python3.12/site-packages/airflow/example_dags/example_task_group_decorator.py took 0.165 seconds
[2026-06-13T12:02:56.374+0000] {processor.py:161} INFO - Started process (PID=2759) to work on /home/airflow/.local/lib/python3.12/site-packages/airflow/example_dags/example_task_group_decorator.py
[2026-06-13T12:02:56.376+0000] {processor.py:830} INFO - Processing file /home/airflow/.local/lib/python3.12/site-packages/airflow/example_dags/example_task_group_decorator.py for tasks to queue
[2026-06-13T12:02:56.379+0000] {logging_mixin.py:188} INFO - [2026-06-13T12:02:56.379+0000] {dagbag.py:545} INFO - Filling up the DagBag from /home/airflow/.local/lib/python3.12/site-packages/airflow/example_dags/example_task_group_decorator.py
[2026-06-13T12:02:56.393+0000] {processor.py:840} INFO - DAG(s) 'example_task_group_decorator' retrieved from /home/airflow/.local/lib/python3.12/site-packages/airflow/example_dags/example_task_group_decorator.py
[2026-06-13T12:02:56.424+0000] {logging_mixin.py:188} INFO - [2026-06-13T12:02:56.424+0000] {dag.py:3096} INFO - Sync 1 DAGs
[2026-06-13T12:02:56.451+0000] {logging_mixin.py:188} INFO - [2026-06-13T12:02:56.450+0000] {dag.py:3954} INFO - Setting next_dagrun for example_task_group_decorator to 2026-06-12 00:00:00+00:00, run_after=2026-06-13 00:00:00+00:00
[2026-06-13T12:02:56.478+0000] {processor.py:183} INFO - Processing /home/airflow/.local/lib/python3.12/site-packages/airflow/example_dags/example_task_group_decorator.py took 0.114 seconds
[2026-06-13T12:03:26.533+0000] {processor.py:161} INFO - Started process (PID=2818) to work on /home/airflow/.local/lib/python3.12/site-packages/airflow/example_dags/example_task_group_decorator.py
[2026-06-13T12:03:26.535+0000] {processor.py:830} INFO - Processing file /home/airflow/.local/lib/python3.12/site-packages/airflow/example_dags/example_task_group_decorator.py for tasks to queue
[2026-06-13T12:03:26.538+0000] {logging_mixin.py:188} INFO - [2026-06-13T12:03:26.538+0000] {dagbag.py:545} INFO - Filling up the DagBag from /home/airflow/.local/lib/python3.12/site-packages/airflow/example_dags/example_task_group_decorator.py
[2026-06-13T12:03:26.553+0000] {processor.py:840} INFO - DAG(s) 'example_task_group_decorator' retrieved from /home/airflow/.local/lib/python3.12/site-packages/airflow/example_dags/example_task_group_decorator.py
[2026-06-13T12:03:26.584+0000] {logging_mixin.py:188} INFO - [2026-06-13T12:03:26.584+0000] {dag.py:3096} INFO - Sync 1 DAGs
[2026-06-13T12:03:26.609+0000] {logging_mixin.py:188} INFO - [2026-06-13T12:03:26.608+0000] {dag.py:3954} INFO - Setting next_dagrun for example_task_group_decorator to 2026-06-12 00:00:00+00:00, run_after=2026-06-13 00:00:00+00:00
[2026-06-13T12:03:26.635+0000] {processor.py:183} INFO - Processing /home/airflow/.local/lib/python3.12/site-packages/airflow/example_dags/example_task_group_decorator.py took 0.112 seconds
[2026-06-13T12:03:57.210+0000] {processor.py:161} INFO - Started process (PID=2877) to work on /home/airflow/.local/lib/python3.12/site-packages/airflow/example_dags/example_task_group_decorator.py
[2026-06-13T12:03:57.212+0000] {processor.py:830} INFO - Processing file /home/airflow/.local/lib/python3.12/site-packages/airflow/example_dags/example_task_group_decorator.py for tasks to queue
[2026-06-13T12:03:57.214+0000] {logging_mixin.py:188} INFO - [2026-06-13T12:03:57.214+0000] {dagbag.py:545} INFO - Filling up the DagBag from /home/airflow/.local/lib/python3.12/site-packages/airflow/example_dags/example_task_group_decorator.py
[2026-06-13T12:03:57.229+0000] {processor.py:840} INFO - DAG(s) 'example_task_group_decorator' retrieved from /home/airflow/.local/lib/python3.12/site-packages/airflow/example_dags/example_task_group_decorator.py
[2026-06-13T12:03:57.258+0000] {logging_mixin.py:188} INFO - [2026-06-13T12:03:57.258+0000] {dag.py:3096} INFO - Sync 1 DAGs
[2026-06-13T12:03:57.281+0000] {logging_mixin.py:188} INFO - [2026-06-13T12:03:57.281+0000] {dag.py:3954} INFO - Setting next_dagrun for example_task_group_decorator to 2026-06-12 00:00:00+00:00, run_after=2026-06-13 00:00:00+00:00
[2026-06-13T12:03:57.307+0000] {processor.py:183} INFO - Processing /home/airflow/.local/lib/python3.12/site-packages/airflow/example_dags/example_task_group_decorator.py took 0.106 seconds
[2026-06-13T12:04:28.040+0000] {processor.py:161} INFO - Started process (PID=2951) to work on /home/airflow/.local/lib/python3.12/site-packages/airflow/example_dags/example_task_group_decorator.py
[2026-06-13T12:04:28.042+0000] {processor.py:830} INFO - Processing file /home/airflow/.local/lib/python3.12/site-packages/airflow/example_dags/example_task_group_decorator.py for tasks to queue
[2026-06-13T12:04:28.045+0000] {logging_mixin.py:188} INFO - [2026-06-13T12:04:28.045+0000] {dagbag.py:545} INFO - Filling up the DagBag from /home/airflow/.local/lib/python3.12/site-packages/airflow/example_dags/example_task_group_decorator.py
[2026-06-13T12:04:28.061+0000] {processor.py:840} INFO - DAG(s) 'example_task_group_decorator' retrieved from /home/airflow/.local/lib/python3.12/site-packages/airflow/example_dags/example_task_group_decorator.py
[2026-06-13T12:04:28.092+0000] {logging_mixin.py:188} INFO - [2026-06-13T12:04:28.091+0000] {dag.py:3096} INFO - Sync 1 DAGs
[2026-06-13T12:04:28.118+0000] {logging_mixin.py:188} INFO - [2026-06-13T12:04:28.118+0000] {dag.py:3954} INFO - Setting next_dagrun for example_task_group_decorator to 2026-06-12 00:00:00+00:00, run_after=2026-06-13 00:00:00+00:00
[2026-06-13T12:04:28.144+0000] {processor.py:183} INFO - Processing /home/airflow/.local/lib/python3.12/site-packages/airflow/example_dags/example_task_group_decorator.py took 0.115 seconds
[2026-06-13T12:04:58.532+0000] {processor.py:161} INFO - Started process (PID=3010) to work on /home/airflow/.local/lib/python3.12/site-packages/airflow/example_dags/example_task_group_decorator.py
[2026-06-13T12:04:58.534+0000] {processor.py:830} INFO - Processing file /home/airflow/.local/lib/python3.12/site-packages/airflow/example_dags/example_task_group_decorator.py for tasks to queue
[2026-06-13T12:04:58.537+0000] {logging_mixin.py:188} INFO - [2026-06-13T12:04:58.536+0000] {dagbag.py:545} INFO - Filling up the DagBag from /home/airflow/.local/lib/python3.12/site-packages/airflow/example_dags/example_task_group_decorator.py
[2026-06-13T12:04:58.550+0000] {processor.py:840} INFO - DAG(s) 'example_task_group_decorator' retrieved from /home/airflow/.local/lib/python3.12/site-packages/airflow/example_dags/example_task_group_decorator.py
[2026-06-13T12:04:58.578+0000] {logging_mixin.py:188} INFO - [2026-06-13T12:04:58.577+0000] {dag.py:3096} INFO - Sync 1 DAGs
[2026-06-13T12:04:58.602+0000] {logging_mixin.py:188} INFO - [2026-06-13T12:04:58.602+0000] {dag.py:3954} INFO - Setting next_dagrun for example_task_group_decorator to 2026-06-12 00:00:00+00:00, run_after=2026-06-13 00:00:00+00:00
[2026-06-13T12:04:58.628+0000] {processor.py:183} INFO - Processing /home/airflow/.local/lib/python3.12/site-packages/airflow/example_dags/example_task_group_decorator.py took 0.107 seconds
[2026-06-13T12:05:28.753+0000] {processor.py:161} INFO - Started process (PID=3069) to work on /home/airflow/.local/lib/python3.12/site-packages/airflow/example_dags/example_task_group_decorator.py
[2026-06-13T12:05:28.755+0000] {processor.py:830} INFO - Processing file /home/airflow/.local/lib/python3.12/site-packages/airflow/example_dags/example_task_group_decorator.py for tasks to queue
[2026-06-13T12:05:28.758+0000] {logging_mixin.py:188} INFO - [2026-06-13T12:05:28.757+0000] {dagbag.py:545} INFO - Filling up the DagBag from /home/airflow/.local/lib/python3.12/site-packages/airflow/example_dags/example_task_group_decorator.py
[2026-06-13T12:05:28.772+0000] {processor.py:840} INFO - DAG(s) 'example_task_group_decorator' retrieved from /home/airflow/.local/lib/python3.12/site-packages/airflow/example_dags/example_task_group_decorator.py
[2026-06-13T12:05:28.799+0000] {logging_mixin.py:188} INFO - [2026-06-13T12:05:28.799+0000] {dag.py:3096} INFO - Sync 1 DAGs
[2026-06-13T12:05:28.823+0000] {logging_mixin.py:188} INFO - [2026-06-13T12:05:28.823+0000] {dag.py:3954} INFO - Setting next_dagrun for example_task_group_decorator to 2026-06-12 00:00:00+00:00, run_after=2026-06-13 00:00:00+00:00
[2026-06-13T12:05:28.849+0000] {processor.py:183} INFO - Processing /home/airflow/.local/lib/python3.12/site-packages/airflow/example_dags/example_task_group_decorator.py took 0.107 seconds
[2026-06-13T12:05:59.369+0000] {processor.py:161} INFO - Started process (PID=3129) to work on /home/airflow/.local/lib/python3.12/site-packages/airflow/example_dags/example_task_group_decorator.py
[2026-06-13T12:05:59.371+0000] {processor.py:830} INFO - Processing file /home/airflow/.local/lib/python3.12/site-packages/airflow/example_dags/example_task_group_decorator.py for tasks to queue
[2026-06-13T12:05:59.374+0000] {logging_mixin.py:188} INFO - [2026-06-13T12:05:59.373+0000] {dagbag.py:545} INFO - Filling up the DagBag from /home/airflow/.local/lib/python3.12/site-packages/airflow/example_dags/example_task_group_decorator.py
[2026-06-13T12:05:59.388+0000] {processor.py:840} INFO - DAG(s) 'example_task_group_decorator' retrieved from /home/airflow/.local/lib/python3.12/site-packages/airflow/example_dags/example_task_group_decorator.py
[2026-06-13T12:05:59.416+0000] {logging_mixin.py:188} INFO - [2026-06-13T12:05:59.416+0000] {dag.py:3096} INFO - Sync 1 DAGs
[2026-06-13T12:05:59.441+0000] {logging_mixin.py:188} INFO - [2026-06-13T12:05:59.441+0000] {dag.py:3954} INFO - Setting next_dagrun for example_task_group_decorator to 2026-06-12 00:00:00+00:00, run_after=2026-06-13 00:00:00+00:00
[2026-06-13T12:05:59.468+0000] {processor.py:183} INFO - Processing /home/airflow/.local/lib/python3.12/site-packages/airflow/example_dags/example_task_group_decorator.py took 0.109 seconds
[2026-06-13T12:06:29.560+0000] {processor.py:161} INFO - Started process (PID=3188) to work on /home/airflow/.local/lib/python3.12/site-packages/airflow/example_dags/example_task_group_decorator.py
[2026-06-13T12:06:29.562+0000] {processor.py:830} INFO - Processing file /home/airflow/.local/lib/python3.12/site-packages/airflow/example_dags/example_task_group_decorator.py for tasks to queue
[2026-06-13T12:06:29.566+0000] {logging_mixin.py:188} INFO - [2026-06-13T12:06:29.565+0000] {dagbag.py:545} INFO - Filling up the DagBag from /home/airflow/.local/lib/python3.12/site-packages/airflow/example_dags/example_task_group_decorator.py
[2026-06-13T12:06:29.580+0000] {processor.py:840} INFO - DAG(s) 'example_task_group_decorator' retrieved from /home/airflow/.local/lib/python3.12/site-packages/airflow/example_dags/example_task_group_decorator.py
[2026-06-13T12:06:29.612+0000] {logging_mixin.py:188} INFO - [2026-06-13T12:06:29.612+0000] {dag.py:3096} INFO - Sync 1 DAGs
[2026-06-13T12:06:29.637+0000] {logging_mixin.py:188} INFO - [2026-06-13T12:06:29.637+0000] {dag.py:3954} INFO - Setting next_dagrun for example_task_group_decorator to 2026-06-12 00:00:00+00:00, run_after=2026-06-13 00:00:00+00:00
[2026-06-13T12:06:29.662+0000] {processor.py:183} INFO - Processing /home/airflow/.local/lib/python3.12/site-packages/airflow/example_dags/example_task_group_decorator.py took 0.112 seconds
[2026-06-13T12:06:59.745+0000] {processor.py:161} INFO - Started process (PID=3247) to work on /home/airflow/.local/lib/python3.12/site-packages/airflow/example_dags/example_task_group_decorator.py
[2026-06-13T12:06:59.747+0000] {processor.py:830} INFO - Processing file /home/airflow/.local/lib/python3.12/site-packages/airflow/example_dags/example_task_group_decorator.py for tasks to queue
[2026-06-13T12:06:59.750+0000] {logging_mixin.py:188} INFO - [2026-06-13T12:06:59.749+0000] {dagbag.py:545} INFO - Filling up the DagBag from /home/airflow/.local/lib/python3.12/site-packages/airflow/example_dags/example_task_group_decorator.py
[2026-06-13T12:06:59.765+0000] {processor.py:840} INFO - DAG(s) 'example_task_group_decorator' retrieved from /home/airflow/.local/lib/python3.12/site-packages/airflow/example_dags/example_task_group_decorator.py
[2026-06-13T12:06:59.796+0000] {logging_mixin.py:188} INFO - [2026-06-13T12:06:59.795+0000] {dag.py:3096} INFO - Sync 1 DAGs
[2026-06-13T12:06:59.821+0000] {logging_mixin.py:188} INFO - [2026-06-13T12:06:59.821+0000] {dag.py:3954} INFO - Setting next_dagrun for example_task_group_decorator to 2026-06-12 00:00:00+00:00, run_after=2026-06-13 00:00:00+00:00
[2026-06-13T12:06:59.847+0000] {processor.py:183} INFO - Processing /home/airflow/.local/lib/python3.12/site-packages/airflow/example_dags/example_task_group_decorator.py took 0.114 seconds
[2026-06-13T12:07:30.076+0000] {processor.py:161} INFO - Started process (PID=3306) to work on /home/airflow/.local/lib/python3.12/site-packages/airflow/example_dags/example_task_group_decorator.py
[2026-06-13T12:07:30.078+0000] {processor.py:830} INFO - Processing file /home/airflow/.local/lib/python3.12/site-packages/airflow/example_dags/example_task_group_decorator.py for tasks to queue
[2026-06-13T12:07:30.081+0000] {logging_mixin.py:188} INFO - [2026-06-13T12:07:30.081+0000] {dagbag.py:545} INFO - Filling up the DagBag from /home/airflow/.local/lib/python3.12/site-packages/airflow/example_dags/example_task_group_decorator.py
[2026-06-13T12:07:30.097+0000] {processor.py:840} INFO - DAG(s) 'example_task_group_decorator' retrieved from /home/airflow/.local/lib/python3.12/site-packages/airflow/example_dags/example_task_group_decorator.py
[2026-06-13T12:07:30.127+0000] {logging_mixin.py:188} INFO - [2026-06-13T12:07:30.127+0000] {dag.py:3096} INFO - Sync 1 DAGs
[2026-06-13T12:07:30.151+0000] {logging_mixin.py:188} INFO - [2026-06-13T12:07:30.151+0000] {dag.py:3954} INFO - Setting next_dagrun for example_task_group_decorator to 2026-06-12 00:00:00+00:00, run_after=2026-06-13 00:00:00+00:00
[2026-06-13T12:07:30.178+0000] {processor.py:183} INFO - Processing /home/airflow/.local/lib/python3.12/site-packages/airflow/example_dags/example_task_group_decorator.py took 0.112 seconds
[2026-06-13T12:08:01.133+0000] {processor.py:161} INFO - Started process (PID=3365) to work on /home/airflow/.local/lib/python3.12/site-packages/airflow/example_dags/example_task_group_decorator.py
[2026-06-13T12:08:01.135+0000] {processor.py:830} INFO - Processing file /home/airflow/.local/lib/python3.12/site-packages/airflow/example_dags/example_task_group_decorator.py for tasks to queue
[2026-06-13T12:08:01.137+0000] {logging_mixin.py:188} INFO - [2026-06-13T12:08:01.137+0000] {dagbag.py:545} INFO - Filling up the DagBag from /home/airflow/.local/lib/python3.12/site-packages/airflow/example_dags/example_task_group_decorator.py
[2026-06-13T12:08:01.151+0000] {processor.py:840} INFO - DAG(s) 'example_task_group_decorator' retrieved from /home/airflow/.local/lib/python3.12/site-packages/airflow/example_dags/example_task_group_decorator.py
[2026-06-13T12:08:01.182+0000] {logging_mixin.py:188} INFO - [2026-06-13T12:08:01.182+0000] {dag.py:3096} INFO - Sync 1 DAGs
[2026-06-13T12:08:01.208+0000] {logging_mixin.py:188} INFO - [2026-06-13T12:08:01.208+0000] {dag.py:3954} INFO - Setting next_dagrun for example_task_group_decorator to 2026-06-12 00:00:00+00:00, run_after=2026-06-13 00:00:00+00:00
[2026-06-13T12:08:01.233+0000] {processor.py:183} INFO - Processing /home/airflow/.local/lib/python3.12/site-packages/airflow/example_dags/example_task_group_decorator.py took 0.110 seconds
[2026-06-13T12:08:31.527+0000] {processor.py:161} INFO - Started process (PID=3424) to work on /home/airflow/.local/lib/python3.12/site-packages/airflow/example_dags/example_task_group_decorator.py
[2026-06-13T12:08:31.529+0000] {processor.py:830} INFO - Processing file /home/airflow/.local/lib/python3.12/site-packages/airflow/example_dags/example_task_group_decorator.py for tasks to queue
[2026-06-13T12:08:31.532+0000] {logging_mixin.py:188} INFO - [2026-06-13T12:08:31.531+0000] {dagbag.py:545} INFO - Filling up the DagBag from /home/airflow/.local/lib/python3.12/site-packages/airflow/example_dags/example_task_group_decorator.py
[2026-06-13T12:08:31.547+0000] {processor.py:840} INFO - DAG(s) 'example_task_group_decorator' retrieved from /home/airflow/.local/lib/python3.12/site-packages/airflow/example_dags/example_task_group_decorator.py
[2026-06-13T12:08:31.580+0000] {logging_mixin.py:188} INFO - [2026-06-13T12:08:31.580+0000] {dag.py:3096} INFO - Sync 1 DAGs
[2026-06-13T12:08:31.607+0000] {logging_mixin.py:188} INFO - [2026-06-13T12:08:31.607+0000] {dag.py:3954} INFO - Setting next_dagrun for example_task_group_decorator to 2026-06-12 00:00:00+00:00, run_after=2026-06-13 00:00:00+00:00
[2026-06-13T12:08:31.635+0000] {processor.py:183} INFO - Processing /home/airflow/.local/lib/python3.12/site-packages/airflow/example_dags/example_task_group_decorator.py took 0.119 seconds
[2026-06-13T12:09:02.182+0000] {processor.py:161} INFO - Started process (PID=3483) to work on /home/airflow/.local/lib/python3.12/site-packages/airflow/example_dags/example_task_group_decorator.py
[2026-06-13T12:09:02.184+0000] {processor.py:830} INFO - Processing file /home/airflow/.local/lib/python3.12/site-packages/airflow/example_dags/example_task_group_decorator.py for tasks to queue
[2026-06-13T12:09:02.186+0000] {logging_mixin.py:188} INFO - [2026-06-13T12:09:02.186+0000] {dagbag.py:545} INFO - Filling up the DagBag from /home/airflow/.local/lib/python3.12/site-packages/airflow/example_dags/example_task_group_decorator.py
[2026-06-13T12:09:02.201+0000] {processor.py:840} INFO - DAG(s) 'example_task_group_decorator' retrieved from /home/airflow/.local/lib/python3.12/site-packages/airflow/example_dags/example_task_group_decorator.py
[2026-06-13T12:09:02.231+0000] {logging_mixin.py:188} INFO - [2026-06-13T12:09:02.230+0000] {dag.py:3096} INFO - Sync 1 DAGs
[2026-06-13T12:09:02.255+0000] {logging_mixin.py:188} INFO - [2026-06-13T12:09:02.255+0000] {dag.py:3954} INFO - Setting next_dagrun for example_task_group_decorator to 2026-06-12 00:00:00+00:00, run_after=2026-06-13 00:00:00+00:00
[2026-06-13T12:09:02.280+0000] {processor.py:183} INFO - Processing /home/airflow/.local/lib/python3.12/site-packages/airflow/example_dags/example_task_group_decorator.py took 0.107 seconds
[2026-06-13T12:09:32.424+0000] {processor.py:161} INFO - Started process (PID=3542) to work on /home/airflow/.local/lib/python3.12/site-packages/airflow/example_dags/example_task_group_decorator.py
[2026-06-13T12:09:32.425+0000] {processor.py:830} INFO - Processing file /home/airflow/.local/lib/python3.12/site-packages/airflow/example_dags/example_task_group_decorator.py for tasks to queue
[2026-06-13T12:09:32.428+0000] {logging_mixin.py:188} INFO - [2026-06-13T12:09:32.428+0000] {dagbag.py:545} INFO - Filling up the DagBag from /home/airflow/.local/lib/python3.12/site-packages/airflow/example_dags/example_task_group_decorator.py
[2026-06-13T12:09:32.441+0000] {processor.py:840} INFO - DAG(s) 'example_task_group_decorator' retrieved from /home/airflow/.local/lib/python3.12/site-packages/airflow/example_dags/example_task_group_decorator.py
[2026-06-13T12:09:32.471+0000] {logging_mixin.py:188} INFO - [2026-06-13T12:09:32.470+0000] {dag.py:3096} INFO - Sync 1 DAGs
[2026-06-13T12:09:32.494+0000] {logging_mixin.py:188} INFO - [2026-06-13T12:09:32.494+0000] {dag.py:3954} INFO - Setting next_dagrun for example_task_group_decorator to 2026-06-12 00:00:00+00:00, run_after=2026-06-13 00:00:00+00:00
[2026-06-13T12:09:32.521+0000] {processor.py:183} INFO - Processing /home/airflow/.local/lib/python3.12/site-packages/airflow/example_dags/example_task_group_decorator.py took 0.107 seconds
[2026-06-13T12:10:03.638+0000] {processor.py:161} INFO - Started process (PID=3601) to work on /home/airflow/.local/lib/python3.12/site-packages/airflow/example_dags/example_task_group_decorator.py
[2026-06-13T12:10:03.639+0000] {processor.py:830} INFO - Processing file /home/airflow/.local/lib/python3.12/site-packages/airflow/example_dags/example_task_group_decorator.py for tasks to queue
[2026-06-13T12:10:03.642+0000] {logging_mixin.py:188} INFO - [2026-06-13T12:10:03.641+0000] {dagbag.py:545} INFO - Filling up the DagBag from /home/airflow/.local/lib/python3.12/site-packages/airflow/example_dags/example_task_group_decorator.py
[2026-06-13T12:10:03.661+0000] {processor.py:840} INFO - DAG(s) 'example_task_group_decorator' retrieved from /home/airflow/.local/lib/python3.12/site-packages/airflow/example_dags/example_task_group_decorator.py
[2026-06-13T12:10:03.696+0000] {logging_mixin.py:188} INFO - [2026-06-13T12:10:03.696+0000] {dag.py:3096} INFO - Sync 1 DAGs
[2026-06-13T12:10:03.723+0000] {logging_mixin.py:188} INFO - [2026-06-13T12:10:03.723+0000] {dag.py:3954} INFO - Setting next_dagrun for example_task_group_decorator to 2026-06-12 00:00:00+00:00, run_after=2026-06-13 00:00:00+00:00
[2026-06-13T12:10:03.751+0000] {processor.py:183} INFO - Processing /home/airflow/.local/lib/python3.12/site-packages/airflow/example_dags/example_task_group_decorator.py took 0.125 seconds
[2026-06-13T12:14:40.145+0000] {processor.py:161} INFO - Started process (PID=3641) to work on /home/airflow/.local/lib/python3.12/site-packages/airflow/example_dags/example_task_group_decorator.py
[2026-06-13T12:14:40.148+0000] {processor.py:830} INFO - Processing file /home/airflow/.local/lib/python3.12/site-packages/airflow/example_dags/example_task_group_decorator.py for tasks to queue
[2026-06-13T12:14:40.152+0000] {logging_mixin.py:188} INFO - [2026-06-13T12:14:40.151+0000] {dagbag.py:545} INFO - Filling up the DagBag from /home/airflow/.local/lib/python3.12/site-packages/airflow/example_dags/example_task_group_decorator.py
[2026-06-13T12:14:40.195+0000] {processor.py:840} INFO - DAG(s) 'example_task_group_decorator' retrieved from /home/airflow/.local/lib/python3.12/site-packages/airflow/example_dags/example_task_group_decorator.py
[2026-06-13T12:14:40.246+0000] {logging_mixin.py:188} INFO - [2026-06-13T12:14:40.246+0000] {dag.py:3096} INFO - Sync 1 DAGs
[2026-06-13T12:14:40.278+0000] {logging_mixin.py:188} INFO - [2026-06-13T12:14:40.277+0000] {dag.py:3954} INFO - Setting next_dagrun for example_task_group_decorator to 2026-06-12 00:00:00+00:00, run_after=2026-06-13 00:00:00+00:00
[2026-06-13T12:14:40.308+0000] {processor.py:183} INFO - Processing /home/airflow/.local/lib/python3.12/site-packages/airflow/example_dags/example_task_group_decorator.py took 0.193 seconds
[2026-06-13T12:15:11.063+0000] {processor.py:161} INFO - Started process (PID=3700) to work on /home/airflow/.local/lib/python3.12/site-packages/airflow/example_dags/example_task_group_decorator.py
[2026-06-13T12:15:11.064+0000] {processor.py:830} INFO - Processing file /home/airflow/.local/lib/python3.12/site-packages/airflow/example_dags/example_task_group_decorator.py for tasks to queue
[2026-06-13T12:15:11.067+0000] {logging_mixin.py:188} INFO - [2026-06-13T12:15:11.067+0000] {dagbag.py:545} INFO - Filling up the DagBag from /home/airflow/.local/lib/python3.12/site-packages/airflow/example_dags/example_task_group_decorator.py
[2026-06-13T12:15:11.082+0000] {processor.py:840} INFO - DAG(s) 'example_task_group_decorator' retrieved from /home/airflow/.local/lib/python3.12/site-packages/airflow/example_dags/example_task_group_decorator.py
[2026-06-13T12:15:11.113+0000] {logging_mixin.py:188} INFO - [2026-06-13T12:15:11.113+0000] {dag.py:3096} INFO - Sync 1 DAGs
[2026-06-13T12:15:11.137+0000] {logging_mixin.py:188} INFO - [2026-06-13T12:15:11.137+0000] {dag.py:3954} INFO - Setting next_dagrun for example_task_group_decorator to 2026-06-12 00:00:00+00:00, run_after=2026-06-13 00:00:00+00:00
[2026-06-13T12:15:11.162+0000] {processor.py:183} INFO - Processing /home/airflow/.local/lib/python3.12/site-packages/airflow/example_dags/example_task_group_decorator.py took 0.109 seconds
[2026-06-13T12:15:41.656+0000] {processor.py:161} INFO - Started process (PID=3759) to work on /home/airflow/.local/lib/python3.12/site-packages/airflow/example_dags/example_task_group_decorator.py
[2026-06-13T12:15:41.657+0000] {processor.py:830} INFO - Processing file /home/airflow/.local/lib/python3.12/site-packages/airflow/example_dags/example_task_group_decorator.py for tasks to queue
[2026-06-13T12:15:41.660+0000] {logging_mixin.py:188} INFO - [2026-06-13T12:15:41.660+0000] {dagbag.py:545} INFO - Filling up the DagBag from /home/airflow/.local/lib/python3.12/site-packages/airflow/example_dags/example_task_group_decorator.py
[2026-06-13T12:15:41.676+0000] {processor.py:840} INFO - DAG(s) 'example_task_group_decorator' retrieved from /home/airflow/.local/lib/python3.12/site-packages/airflow/example_dags/example_task_group_decorator.py
[2026-06-13T12:15:41.708+0000] {logging_mixin.py:188} INFO - [2026-06-13T12:15:41.708+0000] {dag.py:3096} INFO - Sync 1 DAGs
[2026-06-13T12:15:41.733+0000] {logging_mixin.py:188} INFO - [2026-06-13T12:15:41.733+0000] {dag.py:3954} INFO - Setting next_dagrun for example_task_group_decorator to 2026-06-12 00:00:00+00:00, run_after=2026-06-13 00:00:00+00:00
[2026-06-13T12:15:41.762+0000] {processor.py:183} INFO - Processing /home/airflow/.local/lib/python3.12/site-packages/airflow/example_dags/example_task_group_decorator.py took 0.117 seconds
[2026-06-13T12:16:11.903+0000] {processor.py:161} INFO - Started process (PID=3818) to work on /home/airflow/.local/lib/python3.12/site-packages/airflow/example_dags/example_task_group_decorator.py
[2026-06-13T12:16:11.905+0000] {processor.py:830} INFO - Processing file /home/airflow/.local/lib/python3.12/site-packages/airflow/example_dags/example_task_group_decorator.py for tasks to queue
[2026-06-13T12:16:11.909+0000] {logging_mixin.py:188} INFO - [2026-06-13T12:16:11.908+0000] {dagbag.py:545} INFO - Filling up the DagBag from /home/airflow/.local/lib/python3.12/site-packages/airflow/example_dags/example_task_group_decorator.py
[2026-06-13T12:16:11.925+0000] {processor.py:840} INFO - DAG(s) 'example_task_group_decorator' retrieved from /home/airflow/.local/lib/python3.12/site-packages/airflow/example_dags/example_task_group_decorator.py
[2026-06-13T12:16:11.954+0000] {logging_mixin.py:188} INFO - [2026-06-13T12:16:11.954+0000] {dag.py:3096} INFO - Sync 1 DAGs
[2026-06-13T12:16:11.979+0000] {logging_mixin.py:188} INFO - [2026-06-13T12:16:11.979+0000] {dag.py:3954} INFO - Setting next_dagrun for example_task_group_decorator to 2026-06-12 00:00:00+00:00, run_after=2026-06-13 00:00:00+00:00
[2026-06-13T12:16:12.004+0000] {processor.py:183} INFO - Processing /home/airflow/.local/lib/python3.12/site-packages/airflow/example_dags/example_task_group_decorator.py took 0.111 seconds
[2026-06-13T12:16:42.182+0000] {processor.py:161} INFO - Started process (PID=3878) to work on /home/airflow/.local/lib/python3.12/site-packages/airflow/example_dags/example_task_group_decorator.py
[2026-06-13T12:16:42.183+0000] {processor.py:830} INFO - Processing file /home/airflow/.local/lib/python3.12/site-packages/airflow/example_dags/example_task_group_decorator.py for tasks to queue
[2026-06-13T12:16:42.186+0000] {logging_mixin.py:188} INFO - [2026-06-13T12:16:42.186+0000] {dagbag.py:545} INFO - Filling up the DagBag from /home/airflow/.local/lib/python3.12/site-packages/airflow/example_dags/example_task_group_decorator.py
[2026-06-13T12:16:42.200+0000] {processor.py:840} INFO - DAG(s) 'example_task_group_decorator' retrieved from /home/airflow/.local/lib/python3.12/site-packages/airflow/example_dags/example_task_group_decorator.py
[2026-06-13T12:16:42.229+0000] {logging_mixin.py:188} INFO - [2026-06-13T12:16:42.229+0000] {dag.py:3096} INFO - Sync 1 DAGs
[2026-06-13T12:16:42.256+0000] {logging_mixin.py:188} INFO - [2026-06-13T12:16:42.255+0000] {dag.py:3954} INFO - Setting next_dagrun for example_task_group_decorator to 2026-06-12 00:00:00+00:00, run_after=2026-06-13 00:00:00+00:00
[2026-06-13T12:16:42.286+0000] {processor.py:183} INFO - Processing /home/airflow/.local/lib/python3.12/site-packages/airflow/example_dags/example_task_group_decorator.py took 0.114 seconds
[2026-06-13T12:17:12.544+0000] {processor.py:161} INFO - Started process (PID=3937) to work on /home/airflow/.local/lib/python3.12/site-packages/airflow/example_dags/example_task_group_decorator.py
[2026-06-13T12:17:12.546+0000] {processor.py:830} INFO - Processing file /home/airflow/.local/lib/python3.12/site-packages/airflow/example_dags/example_task_group_decorator.py for tasks to queue
[2026-06-13T12:17:12.549+0000] {logging_mixin.py:188} INFO - [2026-06-13T12:17:12.548+0000] {dagbag.py:545} INFO - Filling up the DagBag from /home/airflow/.local/lib/python3.12/site-packages/airflow/example_dags/example_task_group_decorator.py
[2026-06-13T12:17:12.563+0000] {processor.py:840} INFO - DAG(s) 'example_task_group_decorator' retrieved from /home/airflow/.local/lib/python3.12/site-packages/airflow/example_dags/example_task_group_decorator.py
[2026-06-13T12:17:12.595+0000] {logging_mixin.py:188} INFO - [2026-06-13T12:17:12.594+0000] {dag.py:3096} INFO - Sync 1 DAGs
[2026-06-13T12:17:12.624+0000] {logging_mixin.py:188} INFO - [2026-06-13T12:17:12.624+0000] {dag.py:3954} INFO - Setting next_dagrun for example_task_group_decorator to 2026-06-12 00:00:00+00:00, run_after=2026-06-13 00:00:00+00:00
[2026-06-13T12:17:12.654+0000] {processor.py:183} INFO - Processing /home/airflow/.local/lib/python3.12/site-packages/airflow/example_dags/example_task_group_decorator.py took 0.120 seconds
[2026-06-13T12:17:43.526+0000] {processor.py:161} INFO - Started process (PID=3997) to work on /home/airflow/.local/lib/python3.12/site-packages/airflow/example_dags/example_task_group_decorator.py
[2026-06-13T12:17:43.527+0000] {processor.py:830} INFO - Processing file /home/airflow/.local/lib/python3.12/site-packages/airflow/example_dags/example_task_group_decorator.py for tasks to queue
[2026-06-13T12:17:43.531+0000] {logging_mixin.py:188} INFO - [2026-06-13T12:17:43.530+0000] {dagbag.py:545} INFO - Filling up the DagBag from /home/airflow/.local/lib/python3.12/site-packages/airflow/example_dags/example_task_group_decorator.py
[2026-06-13T12:17:43.548+0000] {processor.py:840} INFO - DAG(s) 'example_task_group_decorator' retrieved from /home/airflow/.local/lib/python3.12/site-packages/airflow/example_dags/example_task_group_decorator.py
[2026-06-13T12:17:43.583+0000] {logging_mixin.py:188} INFO - [2026-06-13T12:17:43.582+0000] {dag.py:3096} INFO - Sync 1 DAGs
[2026-06-13T12:17:43.609+0000] {logging_mixin.py:188} INFO - [2026-06-13T12:17:43.609+0000] {dag.py:3954} INFO - Setting next_dagrun for example_task_group_decorator to 2026-06-12 00:00:00+00:00, run_after=2026-06-13 00:00:00+00:00
[2026-06-13T12:17:43.637+0000] {processor.py:183} INFO - Processing /home/airflow/.local/lib/python3.12/site-packages/airflow/example_dags/example_task_group_decorator.py took 0.123 seconds
[2026-06-13T12:18:13.895+0000] {processor.py:161} INFO - Started process (PID=4064) to work on /home/airflow/.local/lib/python3.12/site-packages/airflow/example_dags/example_task_group_decorator.py
[2026-06-13T12:18:13.897+0000] {processor.py:830} INFO - Processing file /home/airflow/.local/lib/python3.12/site-packages/airflow/example_dags/example_task_group_decorator.py for tasks to queue
[2026-06-13T12:18:13.900+0000] {logging_mixin.py:188} INFO - [2026-06-13T12:18:13.900+0000] {dagbag.py:545} INFO - Filling up the DagBag from /home/airflow/.local/lib/python3.12/site-packages/airflow/example_dags/example_task_group_decorator.py
[2026-06-13T12:18:13.915+0000] {processor.py:840} INFO - DAG(s) 'example_task_group_decorator' retrieved from /home/airflow/.local/lib/python3.12/site-packages/airflow/example_dags/example_task_group_decorator.py
[2026-06-13T12:18:13.947+0000] {logging_mixin.py:188} INFO - [2026-06-13T12:18:13.946+0000] {dag.py:3096} INFO - Sync 1 DAGs
[2026-06-13T12:18:13.971+0000] {logging_mixin.py:188} INFO - [2026-06-13T12:18:13.971+0000] {dag.py:3954} INFO - Setting next_dagrun for example_task_group_decorator to 2026-06-12 00:00:00+00:00, run_after=2026-06-13 00:00:00+00:00
[2026-06-13T12:18:13.999+0000] {processor.py:183} INFO - Processing /home/airflow/.local/lib/python3.12/site-packages/airflow/example_dags/example_task_group_decorator.py took 0.114 seconds
[2026-06-13T12:19:00.643+0000] {processor.py:161} INFO - Started process (PID=84) to work on /home/airflow/.local/lib/python3.12/site-packages/airflow/example_dags/example_task_group_decorator.py
[2026-06-13T12:19:00.645+0000] {processor.py:830} INFO - Processing file /home/airflow/.local/lib/python3.12/site-packages/airflow/example_dags/example_task_group_decorator.py for tasks to queue
[2026-06-13T12:19:00.649+0000] {logging_mixin.py:188} INFO - [2026-06-13T12:19:00.648+0000] {dagbag.py:545} INFO - Filling up the DagBag from /home/airflow/.local/lib/python3.12/site-packages/airflow/example_dags/example_task_group_decorator.py
[2026-06-13T12:19:00.678+0000] {processor.py:840} INFO - DAG(s) 'example_task_group_decorator' retrieved from /home/airflow/.local/lib/python3.12/site-packages/airflow/example_dags/example_task_group_decorator.py
[2026-06-13T12:19:00.862+0000] {logging_mixin.py:188} INFO - [2026-06-13T12:19:00.862+0000] {dag.py:3096} INFO - Sync 1 DAGs
[2026-06-13T12:19:00.895+0000] {logging_mixin.py:188} INFO - [2026-06-13T12:19:00.894+0000] {dag.py:3954} INFO - Setting next_dagrun for example_task_group_decorator to 2026-06-12 00:00:00+00:00, run_after=2026-06-13 00:00:00+00:00
[2026-06-13T12:19:00.936+0000] {processor.py:183} INFO - Processing /home/airflow/.local/lib/python3.12/site-packages/airflow/example_dags/example_task_group_decorator.py took 0.304 seconds
[2026-06-13T12:19:31.682+0000] {processor.py:161} INFO - Started process (PID=143) to work on /home/airflow/.local/lib/python3.12/site-packages/airflow/example_dags/example_task_group_decorator.py
[2026-06-13T12:19:31.684+0000] {processor.py:830} INFO - Processing file /home/airflow/.local/lib/python3.12/site-packages/airflow/example_dags/example_task_group_decorator.py for tasks to queue
[2026-06-13T12:19:31.687+0000] {logging_mixin.py:188} INFO - [2026-06-13T12:19:31.687+0000] {dagbag.py:545} INFO - Filling up the DagBag from /home/airflow/.local/lib/python3.12/site-packages/airflow/example_dags/example_task_group_decorator.py
[2026-06-13T12:19:31.701+0000] {processor.py:840} INFO - DAG(s) 'example_task_group_decorator' retrieved from /home/airflow/.local/lib/python3.12/site-packages/airflow/example_dags/example_task_group_decorator.py
[2026-06-13T12:19:31.732+0000] {logging_mixin.py:188} INFO - [2026-06-13T12:19:31.732+0000] {dag.py:3096} INFO - Sync 1 DAGs
[2026-06-13T12:19:31.759+0000] {logging_mixin.py:188} INFO - [2026-06-13T12:19:31.759+0000] {dag.py:3954} INFO - Setting next_dagrun for example_task_group_decorator to 2026-06-12 00:00:00+00:00, run_after=2026-06-13 00:00:00+00:00
[2026-06-13T12:19:31.791+0000] {processor.py:183} INFO - Processing /home/airflow/.local/lib/python3.12/site-packages/airflow/example_dags/example_task_group_decorator.py took 0.115 seconds
[2026-06-13T12:20:02.818+0000] {processor.py:161} INFO - Started process (PID=209) to work on /home/airflow/.local/lib/python3.12/site-packages/airflow/example_dags/example_task_group_decorator.py
[2026-06-13T12:20:02.820+0000] {processor.py:830} INFO - Processing file /home/airflow/.local/lib/python3.12/site-packages/airflow/example_dags/example_task_group_decorator.py for tasks to queue
[2026-06-13T12:20:02.823+0000] {logging_mixin.py:188} INFO - [2026-06-13T12:20:02.823+0000] {dagbag.py:545} INFO - Filling up the DagBag from /home/airflow/.local/lib/python3.12/site-packages/airflow/example_dags/example_task_group_decorator.py
[2026-06-13T12:20:02.837+0000] {processor.py:840} INFO - DAG(s) 'example_task_group_decorator' retrieved from /home/airflow/.local/lib/python3.12/site-packages/airflow/example_dags/example_task_group_decorator.py
[2026-06-13T12:20:02.874+0000] {logging_mixin.py:188} INFO - [2026-06-13T12:20:02.873+0000] {dag.py:3096} INFO - Sync 1 DAGs
[2026-06-13T12:20:02.908+0000] {logging_mixin.py:188} INFO - [2026-06-13T12:20:02.908+0000] {dag.py:3954} INFO - Setting next_dagrun for example_task_group_decorator to 2026-06-12 00:00:00+00:00, run_after=2026-06-13 00:00:00+00:00
[2026-06-13T12:20:02.946+0000] {processor.py:183} INFO - Processing /home/airflow/.local/lib/python3.12/site-packages/airflow/example_dags/example_task_group_decorator.py took 0.135 seconds
[2026-06-13T12:20:33.195+0000] {processor.py:161} INFO - Started process (PID=268) to work on /home/airflow/.local/lib/python3.12/site-packages/airflow/example_dags/example_task_group_decorator.py
[2026-06-13T12:20:33.197+0000] {processor.py:830} INFO - Processing file /home/airflow/.local/lib/python3.12/site-packages/airflow/example_dags/example_task_group_decorator.py for tasks to queue
[2026-06-13T12:20:33.200+0000] {logging_mixin.py:188} INFO - [2026-06-13T12:20:33.200+0000] {dagbag.py:545} INFO - Filling up the DagBag from /home/airflow/.local/lib/python3.12/site-packages/airflow/example_dags/example_task_group_decorator.py
[2026-06-13T12:20:33.213+0000] {processor.py:840} INFO - DAG(s) 'example_task_group_decorator' retrieved from /home/airflow/.local/lib/python3.12/site-packages/airflow/example_dags/example_task_group_decorator.py
[2026-06-13T12:20:33.243+0000] {logging_mixin.py:188} INFO - [2026-06-13T12:20:33.243+0000] {dag.py:3096} INFO - Sync 1 DAGs
[2026-06-13T12:20:33.270+0000] {logging_mixin.py:188} INFO - [2026-06-13T12:20:33.270+0000] {dag.py:3954} INFO - Setting next_dagrun for example_task_group_decorator to 2026-06-12 00:00:00+00:00, run_after=2026-06-13 00:00:00+00:00
[2026-06-13T12:20:33.299+0000] {processor.py:183} INFO - Processing /home/airflow/.local/lib/python3.12/site-packages/airflow/example_dags/example_task_group_decorator.py took 0.110 seconds
[2026-06-13T12:21:03.638+0000] {processor.py:161} INFO - Started process (PID=327) to work on /home/airflow/.local/lib/python3.12/site-packages/airflow/example_dags/example_task_group_decorator.py
[2026-06-13T12:21:03.640+0000] {processor.py:830} INFO - Processing file /home/airflow/.local/lib/python3.12/site-packages/airflow/example_dags/example_task_group_decorator.py for tasks to queue
[2026-06-13T12:21:03.643+0000] {logging_mixin.py:188} INFO - [2026-06-13T12:21:03.642+0000] {dagbag.py:545} INFO - Filling up the DagBag from /home/airflow/.local/lib/python3.12/site-packages/airflow/example_dags/example_task_group_decorator.py
[2026-06-13T12:21:03.660+0000] {processor.py:840} INFO - DAG(s) 'example_task_group_decorator' retrieved from /home/airflow/.local/lib/python3.12/site-packages/airflow/example_dags/example_task_group_decorator.py
[2026-06-13T12:21:03.701+0000] {logging_mixin.py:188} INFO - [2026-06-13T12:21:03.700+0000] {dag.py:3096} INFO - Sync 1 DAGs
[2026-06-13T12:21:03.733+0000] {logging_mixin.py:188} INFO - [2026-06-13T12:21:03.733+0000] {dag.py:3954} INFO - Setting next_dagrun for example_task_group_decorator to 2026-06-12 00:00:00+00:00, run_after=2026-06-13 00:00:00+00:00
[2026-06-13T12:21:03.776+0000] {processor.py:183} INFO - Processing /home/airflow/.local/lib/python3.12/site-packages/airflow/example_dags/example_task_group_decorator.py took 0.146 seconds
[2026-06-13T12:21:33.875+0000] {processor.py:161} INFO - Started process (PID=387) to work on /home/airflow/.local/lib/python3.12/site-packages/airflow/example_dags/example_task_group_decorator.py
[2026-06-13T12:21:33.876+0000] {processor.py:830} INFO - Processing file /home/airflow/.local/lib/python3.12/site-packages/airflow/example_dags/example_task_group_decorator.py for tasks to queue
[2026-06-13T12:21:33.879+0000] {logging_mixin.py:188} INFO - [2026-06-13T12:21:33.878+0000] {dagbag.py:545} INFO - Filling up the DagBag from /home/airflow/.local/lib/python3.12/site-packages/airflow/example_dags/example_task_group_decorator.py
[2026-06-13T12:21:33.892+0000] {processor.py:840} INFO - DAG(s) 'example_task_group_decorator' retrieved from /home/airflow/.local/lib/python3.12/site-packages/airflow/example_dags/example_task_group_decorator.py
[2026-06-13T12:21:33.923+0000] {logging_mixin.py:188} INFO - [2026-06-13T12:21:33.923+0000] {dag.py:3096} INFO - Sync 1 DAGs
[2026-06-13T12:21:33.950+0000] {logging_mixin.py:188} INFO - [2026-06-13T12:21:33.950+0000] {dag.py:3954} INFO - Setting next_dagrun for example_task_group_decorator to 2026-06-12 00:00:00+00:00, run_after=2026-06-13 00:00:00+00:00
[2026-06-13T12:21:33.980+0000] {processor.py:183} INFO - Processing /home/airflow/.local/lib/python3.12/site-packages/airflow/example_dags/example_task_group_decorator.py took 0.112 seconds
[2026-06-13T12:22:04.215+0000] {processor.py:161} INFO - Started process (PID=446) to work on /home/airflow/.local/lib/python3.12/site-packages/airflow/example_dags/example_task_group_decorator.py
[2026-06-13T12:22:04.216+0000] {processor.py:830} INFO - Processing file /home/airflow/.local/lib/python3.12/site-packages/airflow/example_dags/example_task_group_decorator.py for tasks to queue
[2026-06-13T12:22:04.219+0000] {logging_mixin.py:188} INFO - [2026-06-13T12:22:04.219+0000] {dagbag.py:545} INFO - Filling up the DagBag from /home/airflow/.local/lib/python3.12/site-packages/airflow/example_dags/example_task_group_decorator.py
[2026-06-13T12:22:04.233+0000] {processor.py:840} INFO - DAG(s) 'example_task_group_decorator' retrieved from /home/airflow/.local/lib/python3.12/site-packages/airflow/example_dags/example_task_group_decorator.py
[2026-06-13T12:22:04.263+0000] {logging_mixin.py:188} INFO - [2026-06-13T12:22:04.262+0000] {dag.py:3096} INFO - Sync 1 DAGs
[2026-06-13T12:22:04.287+0000] {logging_mixin.py:188} INFO - [2026-06-13T12:22:04.287+0000] {dag.py:3954} INFO - Setting next_dagrun for example_task_group_decorator to 2026-06-12 00:00:00+00:00, run_after=2026-06-13 00:00:00+00:00
[2026-06-13T12:22:04.319+0000] {processor.py:183} INFO - Processing /home/airflow/.local/lib/python3.12/site-packages/airflow/example_dags/example_task_group_decorator.py took 0.110 seconds
[2026-06-13T12:22:34.634+0000] {processor.py:161} INFO - Started process (PID=505) to work on /home/airflow/.local/lib/python3.12/site-packages/airflow/example_dags/example_task_group_decorator.py
[2026-06-13T12:22:34.635+0000] {processor.py:830} INFO - Processing file /home/airflow/.local/lib/python3.12/site-packages/airflow/example_dags/example_task_group_decorator.py for tasks to queue
[2026-06-13T12:22:34.638+0000] {logging_mixin.py:188} INFO - [2026-06-13T12:22:34.638+0000] {dagbag.py:545} INFO - Filling up the DagBag from /home/airflow/.local/lib/python3.12/site-packages/airflow/example_dags/example_task_group_decorator.py
[2026-06-13T12:22:34.652+0000] {processor.py:840} INFO - DAG(s) 'example_task_group_decorator' retrieved from /home/airflow/.local/lib/python3.12/site-packages/airflow/example_dags/example_task_group_decorator.py
[2026-06-13T12:22:34.683+0000] {logging_mixin.py:188} INFO - [2026-06-13T12:22:34.682+0000] {dag.py:3096} INFO - Sync 1 DAGs
[2026-06-13T12:22:34.710+0000] {logging_mixin.py:188} INFO - [2026-06-13T12:22:34.710+0000] {dag.py:3954} INFO - Setting next_dagrun for example_task_group_decorator to 2026-06-12 00:00:00+00:00, run_after=2026-06-13 00:00:00+00:00
[2026-06-13T12:22:34.747+0000] {processor.py:183} INFO - Processing /home/airflow/.local/lib/python3.12/site-packages/airflow/example_dags/example_task_group_decorator.py took 0.120 seconds
[2026-06-13T12:23:04.829+0000] {processor.py:161} INFO - Started process (PID=564) to work on /home/airflow/.local/lib/python3.12/site-packages/airflow/example_dags/example_task_group_decorator.py
[2026-06-13T12:23:04.831+0000] {processor.py:830} INFO - Processing file /home/airflow/.local/lib/python3.12/site-packages/airflow/example_dags/example_task_group_decorator.py for tasks to queue
[2026-06-13T12:23:04.834+0000] {logging_mixin.py:188} INFO - [2026-06-13T12:23:04.833+0000] {dagbag.py:545} INFO - Filling up the DagBag from /home/airflow/.local/lib/python3.12/site-packages/airflow/example_dags/example_task_group_decorator.py
[2026-06-13T12:23:04.848+0000] {processor.py:840} INFO - DAG(s) 'example_task_group_decorator' retrieved from /home/airflow/.local/lib/python3.12/site-packages/airflow/example_dags/example_task_group_decorator.py
[2026-06-13T12:23:04.880+0000] {logging_mixin.py:188} INFO - [2026-06-13T12:23:04.880+0000] {dag.py:3096} INFO - Sync 1 DAGs
[2026-06-13T12:23:04.907+0000] {logging_mixin.py:188} INFO - [2026-06-13T12:23:04.906+0000] {dag.py:3954} INFO - Setting next_dagrun for example_task_group_decorator to 2026-06-12 00:00:00+00:00, run_after=2026-06-13 00:00:00+00:00
[2026-06-13T12:23:04.944+0000] {processor.py:183} INFO - Processing /home/airflow/.local/lib/python3.12/site-packages/airflow/example_dags/example_task_group_decorator.py took 0.120 seconds
[2026-06-13T12:26:04.386+0000] {processor.py:161} INFO - Started process (PID=617) to work on /home/airflow/.local/lib/python3.12/site-packages/airflow/example_dags/example_task_group_decorator.py
[2026-06-13T12:26:04.388+0000] {processor.py:830} INFO - Processing file /home/airflow/.local/lib/python3.12/site-packages/airflow/example_dags/example_task_group_decorator.py for tasks to queue
[2026-06-13T12:26:04.393+0000] {logging_mixin.py:188} INFO - [2026-06-13T12:26:04.392+0000] {dagbag.py:545} INFO - Filling up the DagBag from /home/airflow/.local/lib/python3.12/site-packages/airflow/example_dags/example_task_group_decorator.py
[2026-06-13T12:26:04.438+0000] {processor.py:840} INFO - DAG(s) 'example_task_group_decorator' retrieved from /home/airflow/.local/lib/python3.12/site-packages/airflow/example_dags/example_task_group_decorator.py
[2026-06-13T12:26:04.499+0000] {logging_mixin.py:188} INFO - [2026-06-13T12:26:04.499+0000] {dag.py:3096} INFO - Sync 1 DAGs
[2026-06-13T12:26:04.532+0000] {logging_mixin.py:188} INFO - [2026-06-13T12:26:04.532+0000] {dag.py:3954} INFO - Setting next_dagrun for example_task_group_decorator to 2026-06-12 00:00:00+00:00, run_after=2026-06-13 00:00:00+00:00
[2026-06-13T12:26:04.560+0000] {processor.py:183} INFO - Processing /home/airflow/.local/lib/python3.12/site-packages/airflow/example_dags/example_task_group_decorator.py took 0.187 seconds
[2026-06-13T12:26:35.825+0000] {processor.py:161} INFO - Started process (PID=676) to work on /home/airflow/.local/lib/python3.12/site-packages/airflow/example_dags/example_task_group_decorator.py
[2026-06-13T12:26:35.827+0000] {processor.py:830} INFO - Processing file /home/airflow/.local/lib/python3.12/site-packages/airflow/example_dags/example_task_group_decorator.py for tasks to queue
[2026-06-13T12:26:35.830+0000] {logging_mixin.py:188} INFO - [2026-06-13T12:26:35.829+0000] {dagbag.py:545} INFO - Filling up the DagBag from /home/airflow/.local/lib/python3.12/site-packages/airflow/example_dags/example_task_group_decorator.py
[2026-06-13T12:26:35.845+0000] {processor.py:840} INFO - DAG(s) 'example_task_group_decorator' retrieved from /home/airflow/.local/lib/python3.12/site-packages/airflow/example_dags/example_task_group_decorator.py
[2026-06-13T12:26:35.878+0000] {logging_mixin.py:188} INFO - [2026-06-13T12:26:35.878+0000] {dag.py:3096} INFO - Sync 1 DAGs
[2026-06-13T12:26:35.903+0000] {logging_mixin.py:188} INFO - [2026-06-13T12:26:35.903+0000] {dag.py:3954} INFO - Setting next_dagrun for example_task_group_decorator to 2026-06-12 00:00:00+00:00, run_after=2026-06-13 00:00:00+00:00
[2026-06-13T12:26:35.930+0000] {processor.py:183} INFO - Processing /home/airflow/.local/lib/python3.12/site-packages/airflow/example_dags/example_task_group_decorator.py took 0.112 seconds
[2026-06-13T12:27:06.455+0000] {processor.py:161} INFO - Started process (PID=736) to work on /home/airflow/.local/lib/python3.12/site-packages/airflow/example_dags/example_task_group_decorator.py
[2026-06-13T12:27:06.459+0000] {processor.py:830} INFO - Processing file /home/airflow/.local/lib/python3.12/site-packages/airflow/example_dags/example_task_group_decorator.py for tasks to queue
[2026-06-13T12:27:06.462+0000] {logging_mixin.py:188} INFO - [2026-06-13T12:27:06.462+0000] {dagbag.py:545} INFO - Filling up the DagBag from /home/airflow/.local/lib/python3.12/site-packages/airflow/example_dags/example_task_group_decorator.py
[2026-06-13T12:27:06.480+0000] {processor.py:840} INFO - DAG(s) 'example_task_group_decorator' retrieved from /home/airflow/.local/lib/python3.12/site-packages/airflow/example_dags/example_task_group_decorator.py
[2026-06-13T12:27:06.510+0000] {logging_mixin.py:188} INFO - [2026-06-13T12:27:06.510+0000] {dag.py:3096} INFO - Sync 1 DAGs
[2026-06-13T12:27:06.537+0000] {logging_mixin.py:188} INFO - [2026-06-13T12:27:06.536+0000] {dag.py:3954} INFO - Setting next_dagrun for example_task_group_decorator to 2026-06-12 00:00:00+00:00, run_after=2026-06-13 00:00:00+00:00
[2026-06-13T12:27:06.565+0000] {processor.py:183} INFO - Processing /home/airflow/.local/lib/python3.12/site-packages/airflow/example_dags/example_task_group_decorator.py took 0.119 seconds
[2026-06-13T12:27:36.861+0000] {processor.py:161} INFO - Started process (PID=795) to work on /home/airflow/.local/lib/python3.12/site-packages/airflow/example_dags/example_task_group_decorator.py
[2026-06-13T12:27:36.862+0000] {processor.py:830} INFO - Processing file /home/airflow/.local/lib/python3.12/site-packages/airflow/example_dags/example_task_group_decorator.py for tasks to queue
[2026-06-13T12:27:36.865+0000] {logging_mixin.py:188} INFO - [2026-06-13T12:27:36.865+0000] {dagbag.py:545} INFO - Filling up the DagBag from /home/airflow/.local/lib/python3.12/site-packages/airflow/example_dags/example_task_group_decorator.py
[2026-06-13T12:27:36.880+0000] {processor.py:840} INFO - DAG(s) 'example_task_group_decorator' retrieved from /home/airflow/.local/lib/python3.12/site-packages/airflow/example_dags/example_task_group_decorator.py
[2026-06-13T12:27:36.914+0000] {logging_mixin.py:188} INFO - [2026-06-13T12:27:36.913+0000] {dag.py:3096} INFO - Sync 1 DAGs
[2026-06-13T12:27:36.941+0000] {logging_mixin.py:188} INFO - [2026-06-13T12:27:36.941+0000] {dag.py:3954} INFO - Setting next_dagrun for example_task_group_decorator to 2026-06-12 00:00:00+00:00, run_after=2026-06-13 00:00:00+00:00
[2026-06-13T12:27:36.969+0000] {processor.py:183} INFO - Processing /home/airflow/.local/lib/python3.12/site-packages/airflow/example_dags/example_task_group_decorator.py took 0.115 seconds
[2026-06-13T12:28:07.291+0000] {processor.py:161} INFO - Started process (PID=854) to work on /home/airflow/.local/lib/python3.12/site-packages/airflow/example_dags/example_task_group_decorator.py
[2026-06-13T12:28:07.292+0000] {processor.py:830} INFO - Processing file /home/airflow/.local/lib/python3.12/site-packages/airflow/example_dags/example_task_group_decorator.py for tasks to queue
[2026-06-13T12:28:07.295+0000] {logging_mixin.py:188} INFO - [2026-06-13T12:28:07.294+0000] {dagbag.py:545} INFO - Filling up the DagBag from /home/airflow/.local/lib/python3.12/site-packages/airflow/example_dags/example_task_group_decorator.py
[2026-06-13T12:28:07.309+0000] {processor.py:840} INFO - DAG(s) 'example_task_group_decorator' retrieved from /home/airflow/.local/lib/python3.12/site-packages/airflow/example_dags/example_task_group_decorator.py
[2026-06-13T12:28:07.340+0000] {logging_mixin.py:188} INFO - [2026-06-13T12:28:07.340+0000] {dag.py:3096} INFO - Sync 1 DAGs
[2026-06-13T12:28:07.365+0000] {logging_mixin.py:188} INFO - [2026-06-13T12:28:07.364+0000] {dag.py:3954} INFO - Setting next_dagrun for example_task_group_decorator to 2026-06-12 00:00:00+00:00, run_after=2026-06-13 00:00:00+00:00
[2026-06-13T12:28:07.393+0000] {processor.py:183} INFO - Processing /home/airflow/.local/lib/python3.12/site-packages/airflow/example_dags/example_task_group_decorator.py took 0.108 seconds
[2026-06-13T12:28:37.679+0000] {processor.py:161} INFO - Started process (PID=913) to work on /home/airflow/.local/lib/python3.12/site-packages/airflow/example_dags/example_task_group_decorator.py
[2026-06-13T12:28:37.680+0000] {processor.py:830} INFO - Processing file /home/airflow/.local/lib/python3.12/site-packages/airflow/example_dags/example_task_group_decorator.py for tasks to queue
[2026-06-13T12:28:37.683+0000] {logging_mixin.py:188} INFO - [2026-06-13T12:28:37.683+0000] {dagbag.py:545} INFO - Filling up the DagBag from /home/airflow/.local/lib/python3.12/site-packages/airflow/example_dags/example_task_group_decorator.py
[2026-06-13T12:28:37.699+0000] {processor.py:840} INFO - DAG(s) 'example_task_group_decorator' retrieved from /home/airflow/.local/lib/python3.12/site-packages/airflow/example_dags/example_task_group_decorator.py
[2026-06-13T12:28:37.729+0000] {logging_mixin.py:188} INFO - [2026-06-13T12:28:37.729+0000] {dag.py:3096} INFO - Sync 1 DAGs
[2026-06-13T12:28:37.756+0000] {logging_mixin.py:188} INFO - [2026-06-13T12:28:37.756+0000] {dag.py:3954} INFO - Setting next_dagrun for example_task_group_decorator to 2026-06-12 00:00:00+00:00, run_after=2026-06-13 00:00:00+00:00
[2026-06-13T12:28:37.781+0000] {processor.py:183} INFO - Processing /home/airflow/.local/lib/python3.12/site-packages/airflow/example_dags/example_task_group_decorator.py took 0.108 seconds
[2026-06-13T12:29:08.113+0000] {processor.py:161} INFO - Started process (PID=973) to work on /home/airflow/.local/lib/python3.12/site-packages/airflow/example_dags/example_task_group_decorator.py
[2026-06-13T12:29:08.115+0000] {processor.py:830} INFO - Processing file /home/airflow/.local/lib/python3.12/site-packages/airflow/example_dags/example_task_group_decorator.py for tasks to queue
[2026-06-13T12:29:08.117+0000] {logging_mixin.py:188} INFO - [2026-06-13T12:29:08.117+0000] {dagbag.py:545} INFO - Filling up the DagBag from /home/airflow/.local/lib/python3.12/site-packages/airflow/example_dags/example_task_group_decorator.py
[2026-06-13T12:29:08.132+0000] {processor.py:840} INFO - DAG(s) 'example_task_group_decorator' retrieved from /home/airflow/.local/lib/python3.12/site-packages/airflow/example_dags/example_task_group_decorator.py
[2026-06-13T12:29:08.164+0000] {logging_mixin.py:188} INFO - [2026-06-13T12:29:08.164+0000] {dag.py:3096} INFO - Sync 1 DAGs
[2026-06-13T12:29:08.190+0000] {logging_mixin.py:188} INFO - [2026-06-13T12:29:08.190+0000] {dag.py:3954} INFO - Setting next_dagrun for example_task_group_decorator to 2026-06-12 00:00:00+00:00, run_after=2026-06-13 00:00:00+00:00
[2026-06-13T12:29:08.220+0000] {processor.py:183} INFO - Processing /home/airflow/.local/lib/python3.12/site-packages/airflow/example_dags/example_task_group_decorator.py took 0.113 seconds
[2026-06-13T12:29:38.518+0000] {processor.py:161} INFO - Started process (PID=1033) to work on /home/airflow/.local/lib/python3.12/site-packages/airflow/example_dags/example_task_group_decorator.py
[2026-06-13T12:29:38.520+0000] {processor.py:830} INFO - Processing file /home/airflow/.local/lib/python3.12/site-packages/airflow/example_dags/example_task_group_decorator.py for tasks to queue
[2026-06-13T12:29:38.522+0000] {logging_mixin.py:188} INFO - [2026-06-13T12:29:38.522+0000] {dagbag.py:545} INFO - Filling up the DagBag from /home/airflow/.local/lib/python3.12/site-packages/airflow/example_dags/example_task_group_decorator.py
[2026-06-13T12:29:38.539+0000] {processor.py:840} INFO - DAG(s) 'example_task_group_decorator' retrieved from /home/airflow/.local/lib/python3.12/site-packages/airflow/example_dags/example_task_group_decorator.py
[2026-06-13T12:29:38.574+0000] {logging_mixin.py:188} INFO - [2026-06-13T12:29:38.574+0000] {dag.py:3096} INFO - Sync 1 DAGs
[2026-06-13T12:29:38.605+0000] {logging_mixin.py:188} INFO - [2026-06-13T12:29:38.605+0000] {dag.py:3954} INFO - Setting next_dagrun for example_task_group_decorator to 2026-06-12 00:00:00+00:00, run_after=2026-06-13 00:00:00+00:00
[2026-06-13T12:29:38.637+0000] {processor.py:183} INFO - Processing /home/airflow/.local/lib/python3.12/site-packages/airflow/example_dags/example_task_group_decorator.py took 0.127 seconds
[2026-06-13T12:30:09.682+0000] {processor.py:161} INFO - Started process (PID=1098) to work on /home/airflow/.local/lib/python3.12/site-packages/airflow/example_dags/example_task_group_decorator.py
[2026-06-13T12:30:09.684+0000] {processor.py:830} INFO - Processing file /home/airflow/.local/lib/python3.12/site-packages/airflow/example_dags/example_task_group_decorator.py for tasks to queue
[2026-06-13T12:30:09.687+0000] {logging_mixin.py:188} INFO - [2026-06-13T12:30:09.686+0000] {dagbag.py:545} INFO - Filling up the DagBag from /home/airflow/.local/lib/python3.12/site-packages/airflow/example_dags/example_task_group_decorator.py
[2026-06-13T12:30:09.704+0000] {processor.py:840} INFO - DAG(s) 'example_task_group_decorator' retrieved from /home/airflow/.local/lib/python3.12/site-packages/airflow/example_dags/example_task_group_decorator.py
[2026-06-13T12:30:09.738+0000] {logging_mixin.py:188} INFO - [2026-06-13T12:30:09.738+0000] {dag.py:3096} INFO - Sync 1 DAGs
[2026-06-13T12:30:09.774+0000] {logging_mixin.py:188} INFO - [2026-06-13T12:30:09.773+0000] {dag.py:3954} INFO - Setting next_dagrun for example_task_group_decorator to 2026-06-12 00:00:00+00:00, run_after=2026-06-13 00:00:00+00:00
[2026-06-13T12:30:09.816+0000] {processor.py:183} INFO - Processing /home/airflow/.local/lib/python3.12/site-packages/airflow/example_dags/example_task_group_decorator.py took 0.141 seconds
[2026-06-13T12:30:40.730+0000] {processor.py:161} INFO - Started process (PID=1157) to work on /home/airflow/.local/lib/python3.12/site-packages/airflow/example_dags/example_task_group_decorator.py
[2026-06-13T12:30:40.731+0000] {processor.py:830} INFO - Processing file /home/airflow/.local/lib/python3.12/site-packages/airflow/example_dags/example_task_group_decorator.py for tasks to queue
[2026-06-13T12:30:40.734+0000] {logging_mixin.py:188} INFO - [2026-06-13T12:30:40.733+0000] {dagbag.py:545} INFO - Filling up the DagBag from /home/airflow/.local/lib/python3.12/site-packages/airflow/example_dags/example_task_group_decorator.py
[2026-06-13T12:30:40.749+0000] {processor.py:840} INFO - DAG(s) 'example_task_group_decorator' retrieved from /home/airflow/.local/lib/python3.12/site-packages/airflow/example_dags/example_task_group_decorator.py
[2026-06-13T12:30:40.781+0000] {logging_mixin.py:188} INFO - [2026-06-13T12:30:40.781+0000] {dag.py:3096} INFO - Sync 1 DAGs
[2026-06-13T12:30:40.806+0000] {logging_mixin.py:188} INFO - [2026-06-13T12:30:40.806+0000] {dag.py:3954} INFO - Setting next_dagrun for example_task_group_decorator to 2026-06-12 00:00:00+00:00, run_after=2026-06-13 00:00:00+00:00
[2026-06-13T12:30:40.834+0000] {processor.py:183} INFO - Processing /home/airflow/.local/lib/python3.12/site-packages/airflow/example_dags/example_task_group_decorator.py took 0.111 seconds
[2026-06-13T12:31:10.893+0000] {processor.py:161} INFO - Started process (PID=1216) to work on /home/airflow/.local/lib/python3.12/site-packages/airflow/example_dags/example_task_group_decorator.py
[2026-06-13T12:31:10.895+0000] {processor.py:830} INFO - Processing file /home/airflow/.local/lib/python3.12/site-packages/airflow/example_dags/example_task_group_decorator.py for tasks to queue
[2026-06-13T12:31:10.898+0000] {logging_mixin.py:188} INFO - [2026-06-13T12:31:10.897+0000] {dagbag.py:545} INFO - Filling up the DagBag from /home/airflow/.local/lib/python3.12/site-packages/airflow/example_dags/example_task_group_decorator.py
[2026-06-13T12:31:10.913+0000] {processor.py:840} INFO - DAG(s) 'example_task_group_decorator' retrieved from /home/airflow/.local/lib/python3.12/site-packages/airflow/example_dags/example_task_group_decorator.py
[2026-06-13T12:31:10.944+0000] {logging_mixin.py:188} INFO - [2026-06-13T12:31:10.944+0000] {dag.py:3096} INFO - Sync 1 DAGs
[2026-06-13T12:31:10.971+0000] {logging_mixin.py:188} INFO - [2026-06-13T12:31:10.970+0000] {dag.py:3954} INFO - Setting next_dagrun for example_task_group_decorator to 2026-06-12 00:00:00+00:00, run_after=2026-06-13 00:00:00+00:00
[2026-06-13T12:31:11.000+0000] {processor.py:183} INFO - Processing /home/airflow/.local/lib/python3.12/site-packages/airflow/example_dags/example_task_group_decorator.py took 0.113 seconds
[2026-06-13T16:08:02.461+0000] {processor.py:161} INFO - Started process (PID=1279) to work on /home/airflow/.local/lib/python3.12/site-packages/airflow/example_dags/example_task_group_decorator.py
[2026-06-13T16:08:02.463+0000] {processor.py:830} INFO - Processing file /home/airflow/.local/lib/python3.12/site-packages/airflow/example_dags/example_task_group_decorator.py for tasks to queue
[2026-06-13T16:08:02.466+0000] {logging_mixin.py:188} INFO - [2026-06-13T16:08:02.465+0000] {dagbag.py:545} INFO - Filling up the DagBag from /home/airflow/.local/lib/python3.12/site-packages/airflow/example_dags/example_task_group_decorator.py
[2026-06-13T16:08:02.483+0000] {processor.py:840} INFO - DAG(s) 'example_task_group_decorator' retrieved from /home/airflow/.local/lib/python3.12/site-packages/airflow/example_dags/example_task_group_decorator.py
[2026-06-13T16:08:02.514+0000] {logging_mixin.py:188} INFO - [2026-06-13T16:08:02.514+0000] {dag.py:3096} INFO - Sync 1 DAGs
[2026-06-13T16:08:02.540+0000] {logging_mixin.py:188} INFO - [2026-06-13T16:08:02.540+0000] {dag.py:3954} INFO - Setting next_dagrun for example_task_group_decorator to 2026-06-12 00:00:00+00:00, run_after=2026-06-13 00:00:00+00:00
[2026-06-13T16:08:02.566+0000] {processor.py:183} INFO - Processing /home/airflow/.local/lib/python3.12/site-packages/airflow/example_dags/example_task_group_decorator.py took 0.112 seconds
