[2026-06-13T10:42:17.097+0000] {processor.py:161} INFO - Started process (PID=68) to work on /home/airflow/.local/lib/python3.12/site-packages/airflow/example_dags/example_bash_operator.py
[2026-06-13T10:42:17.099+0000] {processor.py:830} INFO - Processing file /home/airflow/.local/lib/python3.12/site-packages/airflow/example_dags/example_bash_operator.py for tasks to queue
[2026-06-13T10:42:17.102+0000] {logging_mixin.py:188} INFO - [2026-06-13T10:42:17.101+0000] {dagbag.py:545} INFO - Filling up the DagBag from /home/airflow/.local/lib/python3.12/site-packages/airflow/example_dags/example_bash_operator.py
[2026-06-13T10:42:17.121+0000] {processor.py:840} INFO - DAG(s) 'example_bash_operator' retrieved from /home/airflow/.local/lib/python3.12/site-packages/airflow/example_dags/example_bash_operator.py
[2026-06-13T10:42:17.325+0000] {logging_mixin.py:188} INFO - [2026-06-13T10:42:17.324+0000] {dag.py:3096} INFO - Sync 1 DAGs
[2026-06-13T10:42:17.355+0000] {logging_mixin.py:188} INFO - [2026-06-13T10:42:17.355+0000] {dag.py:3954} INFO - Setting next_dagrun for example_bash_operator to 2026-06-12 00:00:00+00:00, run_after=2026-06-13 00:00:00+00:00
[2026-06-13T10:42:17.399+0000] {processor.py:183} INFO - Processing /home/airflow/.local/lib/python3.12/site-packages/airflow/example_dags/example_bash_operator.py took 0.310 seconds
[2026-06-13T10:42:48.001+0000] {processor.py:161} INFO - Started process (PID=126) to work on /home/airflow/.local/lib/python3.12/site-packages/airflow/example_dags/example_bash_operator.py
[2026-06-13T10:42:48.003+0000] {processor.py:830} INFO - Processing file /home/airflow/.local/lib/python3.12/site-packages/airflow/example_dags/example_bash_operator.py for tasks to queue
[2026-06-13T10:42:48.006+0000] {logging_mixin.py:188} INFO - [2026-06-13T10:42:48.006+0000] {dagbag.py:545} INFO - Filling up the DagBag from /home/airflow/.local/lib/python3.12/site-packages/airflow/example_dags/example_bash_operator.py
[2026-06-13T10:42:48.019+0000] {processor.py:840} INFO - DAG(s) 'example_bash_operator' retrieved from /home/airflow/.local/lib/python3.12/site-packages/airflow/example_dags/example_bash_operator.py
[2026-06-13T10:42:48.050+0000] {logging_mixin.py:188} INFO - [2026-06-13T10:42:48.049+0000] {dag.py:3096} INFO - Sync 1 DAGs
[2026-06-13T10:42:48.077+0000] {logging_mixin.py:188} INFO - [2026-06-13T10:42:48.077+0000] {dag.py:3954} INFO - Setting next_dagrun for example_bash_operator to 2026-06-12 00:00:00+00:00, run_after=2026-06-13 00:00:00+00:00
[2026-06-13T10:42:48.104+0000] {processor.py:183} INFO - Processing /home/airflow/.local/lib/python3.12/site-packages/airflow/example_dags/example_bash_operator.py took 0.109 seconds
[2026-06-13T10:43:18.465+0000] {processor.py:161} INFO - Started process (PID=184) to work on /home/airflow/.local/lib/python3.12/site-packages/airflow/example_dags/example_bash_operator.py
[2026-06-13T10:43:18.467+0000] {processor.py:830} INFO - Processing file /home/airflow/.local/lib/python3.12/site-packages/airflow/example_dags/example_bash_operator.py for tasks to queue
[2026-06-13T10:43:18.469+0000] {logging_mixin.py:188} INFO - [2026-06-13T10:43:18.469+0000] {dagbag.py:545} INFO - Filling up the DagBag from /home/airflow/.local/lib/python3.12/site-packages/airflow/example_dags/example_bash_operator.py
[2026-06-13T10:43:18.481+0000] {processor.py:840} INFO - DAG(s) 'example_bash_operator' retrieved from /home/airflow/.local/lib/python3.12/site-packages/airflow/example_dags/example_bash_operator.py
[2026-06-13T10:43:18.514+0000] {logging_mixin.py:188} INFO - [2026-06-13T10:43:18.513+0000] {dag.py:3096} INFO - Sync 1 DAGs
[2026-06-13T10:43:18.542+0000] {logging_mixin.py:188} INFO - [2026-06-13T10:43:18.542+0000] {dag.py:3954} INFO - Setting next_dagrun for example_bash_operator to 2026-06-12 00:00:00+00:00, run_after=2026-06-13 00:00:00+00:00
[2026-06-13T10:43:18.569+0000] {processor.py:183} INFO - Processing /home/airflow/.local/lib/python3.12/site-packages/airflow/example_dags/example_bash_operator.py took 0.110 seconds
[2026-06-13T10:43:48.933+0000] {processor.py:161} INFO - Started process (PID=242) to work on /home/airflow/.local/lib/python3.12/site-packages/airflow/example_dags/example_bash_operator.py
[2026-06-13T10:43:48.934+0000] {processor.py:830} INFO - Processing file /home/airflow/.local/lib/python3.12/site-packages/airflow/example_dags/example_bash_operator.py for tasks to queue
[2026-06-13T10:43:48.937+0000] {logging_mixin.py:188} INFO - [2026-06-13T10:43:48.937+0000] {dagbag.py:545} INFO - Filling up the DagBag from /home/airflow/.local/lib/python3.12/site-packages/airflow/example_dags/example_bash_operator.py
[2026-06-13T10:43:48.952+0000] {processor.py:840} INFO - DAG(s) 'example_bash_operator' retrieved from /home/airflow/.local/lib/python3.12/site-packages/airflow/example_dags/example_bash_operator.py
[2026-06-13T10:43:48.997+0000] {logging_mixin.py:188} INFO - [2026-06-13T10:43:48.996+0000] {dag.py:3096} INFO - Sync 1 DAGs
[2026-06-13T10:43:49.030+0000] {logging_mixin.py:188} INFO - [2026-06-13T10:43:49.030+0000] {dag.py:3954} INFO - Setting next_dagrun for example_bash_operator to 2026-06-12 00:00:00+00:00, run_after=2026-06-13 00:00:00+00:00
[2026-06-13T10:43:49.058+0000] {processor.py:183} INFO - Processing /home/airflow/.local/lib/python3.12/site-packages/airflow/example_dags/example_bash_operator.py took 0.131 seconds
[2026-06-13T10:44:19.967+0000] {processor.py:161} INFO - Started process (PID=306) to work on /home/airflow/.local/lib/python3.12/site-packages/airflow/example_dags/example_bash_operator.py
[2026-06-13T10:44:19.969+0000] {processor.py:830} INFO - Processing file /home/airflow/.local/lib/python3.12/site-packages/airflow/example_dags/example_bash_operator.py for tasks to queue
[2026-06-13T10:44:19.972+0000] {logging_mixin.py:188} INFO - [2026-06-13T10:44:19.972+0000] {dagbag.py:545} INFO - Filling up the DagBag from /home/airflow/.local/lib/python3.12/site-packages/airflow/example_dags/example_bash_operator.py
[2026-06-13T10:44:19.988+0000] {processor.py:840} INFO - DAG(s) 'example_bash_operator' retrieved from /home/airflow/.local/lib/python3.12/site-packages/airflow/example_dags/example_bash_operator.py
[2026-06-13T10:44:20.036+0000] {logging_mixin.py:188} INFO - [2026-06-13T10:44:20.036+0000] {dag.py:3096} INFO - Sync 1 DAGs
[2026-06-13T10:44:20.076+0000] {logging_mixin.py:188} INFO - [2026-06-13T10:44:20.076+0000] {dag.py:3954} INFO - Setting next_dagrun for example_bash_operator to 2026-06-12 00:00:00+00:00, run_after=2026-06-13 00:00:00+00:00
[2026-06-13T10:44:20.111+0000] {processor.py:183} INFO - Processing /home/airflow/.local/lib/python3.12/site-packages/airflow/example_dags/example_bash_operator.py took 0.152 seconds
[2026-06-13T10:44:50.458+0000] {processor.py:161} INFO - Started process (PID=364) to work on /home/airflow/.local/lib/python3.12/site-packages/airflow/example_dags/example_bash_operator.py
[2026-06-13T10:44:50.460+0000] {processor.py:830} INFO - Processing file /home/airflow/.local/lib/python3.12/site-packages/airflow/example_dags/example_bash_operator.py for tasks to queue
[2026-06-13T10:44:50.464+0000] {logging_mixin.py:188} INFO - [2026-06-13T10:44:50.464+0000] {dagbag.py:545} INFO - Filling up the DagBag from /home/airflow/.local/lib/python3.12/site-packages/airflow/example_dags/example_bash_operator.py
[2026-06-13T10:44:50.477+0000] {processor.py:840} INFO - DAG(s) 'example_bash_operator' retrieved from /home/airflow/.local/lib/python3.12/site-packages/airflow/example_dags/example_bash_operator.py
[2026-06-13T10:44:50.509+0000] {logging_mixin.py:188} INFO - [2026-06-13T10:44:50.509+0000] {dag.py:3096} INFO - Sync 1 DAGs
[2026-06-13T10:44:50.535+0000] {logging_mixin.py:188} INFO - [2026-06-13T10:44:50.535+0000] {dag.py:3954} INFO - Setting next_dagrun for example_bash_operator to 2026-06-12 00:00:00+00:00, run_after=2026-06-13 00:00:00+00:00
[2026-06-13T10:44:50.564+0000] {processor.py:183} INFO - Processing /home/airflow/.local/lib/python3.12/site-packages/airflow/example_dags/example_bash_operator.py took 0.112 seconds
[2026-06-13T10:45:21.240+0000] {processor.py:161} INFO - Started process (PID=422) to work on /home/airflow/.local/lib/python3.12/site-packages/airflow/example_dags/example_bash_operator.py
[2026-06-13T10:45:21.242+0000] {processor.py:830} INFO - Processing file /home/airflow/.local/lib/python3.12/site-packages/airflow/example_dags/example_bash_operator.py for tasks to queue
[2026-06-13T10:45:21.244+0000] {logging_mixin.py:188} INFO - [2026-06-13T10:45:21.244+0000] {dagbag.py:545} INFO - Filling up the DagBag from /home/airflow/.local/lib/python3.12/site-packages/airflow/example_dags/example_bash_operator.py
[2026-06-13T10:45:21.256+0000] {processor.py:840} INFO - DAG(s) 'example_bash_operator' retrieved from /home/airflow/.local/lib/python3.12/site-packages/airflow/example_dags/example_bash_operator.py
[2026-06-13T10:45:21.287+0000] {logging_mixin.py:188} INFO - [2026-06-13T10:45:21.287+0000] {dag.py:3096} INFO - Sync 1 DAGs
[2026-06-13T10:45:21.319+0000] {logging_mixin.py:188} INFO - [2026-06-13T10:45:21.318+0000] {dag.py:3954} INFO - Setting next_dagrun for example_bash_operator to 2026-06-12 00:00:00+00:00, run_after=2026-06-13 00:00:00+00:00
[2026-06-13T10:45:21.355+0000] {processor.py:183} INFO - Processing /home/airflow/.local/lib/python3.12/site-packages/airflow/example_dags/example_bash_operator.py took 0.121 seconds
[2026-06-13T10:45:51.693+0000] {processor.py:161} INFO - Started process (PID=480) to work on /home/airflow/.local/lib/python3.12/site-packages/airflow/example_dags/example_bash_operator.py
[2026-06-13T10:45:51.695+0000] {processor.py:830} INFO - Processing file /home/airflow/.local/lib/python3.12/site-packages/airflow/example_dags/example_bash_operator.py for tasks to queue
[2026-06-13T10:45:51.698+0000] {logging_mixin.py:188} INFO - [2026-06-13T10:45:51.697+0000] {dagbag.py:545} INFO - Filling up the DagBag from /home/airflow/.local/lib/python3.12/site-packages/airflow/example_dags/example_bash_operator.py
[2026-06-13T10:45:51.710+0000] {processor.py:840} INFO - DAG(s) 'example_bash_operator' retrieved from /home/airflow/.local/lib/python3.12/site-packages/airflow/example_dags/example_bash_operator.py
[2026-06-13T10:45:51.746+0000] {logging_mixin.py:188} INFO - [2026-06-13T10:45:51.746+0000] {dag.py:3096} INFO - Sync 1 DAGs
[2026-06-13T10:45:51.774+0000] {logging_mixin.py:188} INFO - [2026-06-13T10:45:51.774+0000] {dag.py:3954} INFO - Setting next_dagrun for example_bash_operator to 2026-06-12 00:00:00+00:00, run_after=2026-06-13 00:00:00+00:00
[2026-06-13T10:45:51.803+0000] {processor.py:183} INFO - Processing /home/airflow/.local/lib/python3.12/site-packages/airflow/example_dags/example_bash_operator.py took 0.116 seconds
[2026-06-13T10:46:22.107+0000] {processor.py:161} INFO - Started process (PID=538) to work on /home/airflow/.local/lib/python3.12/site-packages/airflow/example_dags/example_bash_operator.py
[2026-06-13T10:46:22.109+0000] {processor.py:830} INFO - Processing file /home/airflow/.local/lib/python3.12/site-packages/airflow/example_dags/example_bash_operator.py for tasks to queue
[2026-06-13T10:46:22.111+0000] {logging_mixin.py:188} INFO - [2026-06-13T10:46:22.111+0000] {dagbag.py:545} INFO - Filling up the DagBag from /home/airflow/.local/lib/python3.12/site-packages/airflow/example_dags/example_bash_operator.py
[2026-06-13T10:46:22.123+0000] {processor.py:840} INFO - DAG(s) 'example_bash_operator' retrieved from /home/airflow/.local/lib/python3.12/site-packages/airflow/example_dags/example_bash_operator.py
[2026-06-13T10:46:22.155+0000] {logging_mixin.py:188} INFO - [2026-06-13T10:46:22.155+0000] {dag.py:3096} INFO - Sync 1 DAGs
[2026-06-13T10:46:22.180+0000] {logging_mixin.py:188} INFO - [2026-06-13T10:46:22.179+0000] {dag.py:3954} INFO - Setting next_dagrun for example_bash_operator to 2026-06-12 00:00:00+00:00, run_after=2026-06-13 00:00:00+00:00
[2026-06-13T10:46:22.211+0000] {processor.py:183} INFO - Processing /home/airflow/.local/lib/python3.12/site-packages/airflow/example_dags/example_bash_operator.py took 0.110 seconds
[2026-06-13T10:46:52.357+0000] {processor.py:161} INFO - Started process (PID=596) to work on /home/airflow/.local/lib/python3.12/site-packages/airflow/example_dags/example_bash_operator.py
[2026-06-13T10:46:52.359+0000] {processor.py:830} INFO - Processing file /home/airflow/.local/lib/python3.12/site-packages/airflow/example_dags/example_bash_operator.py for tasks to queue
[2026-06-13T10:46:52.361+0000] {logging_mixin.py:188} INFO - [2026-06-13T10:46:52.361+0000] {dagbag.py:545} INFO - Filling up the DagBag from /home/airflow/.local/lib/python3.12/site-packages/airflow/example_dags/example_bash_operator.py
[2026-06-13T10:46:52.373+0000] {processor.py:840} INFO - DAG(s) 'example_bash_operator' retrieved from /home/airflow/.local/lib/python3.12/site-packages/airflow/example_dags/example_bash_operator.py
[2026-06-13T10:46:52.406+0000] {logging_mixin.py:188} INFO - [2026-06-13T10:46:52.406+0000] {dag.py:3096} INFO - Sync 1 DAGs
[2026-06-13T10:46:52.433+0000] {logging_mixin.py:188} INFO - [2026-06-13T10:46:52.432+0000] {dag.py:3954} INFO - Setting next_dagrun for example_bash_operator to 2026-06-12 00:00:00+00:00, run_after=2026-06-13 00:00:00+00:00
[2026-06-13T10:46:52.463+0000] {processor.py:183} INFO - Processing /home/airflow/.local/lib/python3.12/site-packages/airflow/example_dags/example_bash_operator.py took 0.112 seconds
[2026-06-13T10:47:22.595+0000] {processor.py:161} INFO - Started process (PID=654) to work on /home/airflow/.local/lib/python3.12/site-packages/airflow/example_dags/example_bash_operator.py
[2026-06-13T10:47:22.597+0000] {processor.py:830} INFO - Processing file /home/airflow/.local/lib/python3.12/site-packages/airflow/example_dags/example_bash_operator.py for tasks to queue
[2026-06-13T10:47:22.599+0000] {logging_mixin.py:188} INFO - [2026-06-13T10:47:22.599+0000] {dagbag.py:545} INFO - Filling up the DagBag from /home/airflow/.local/lib/python3.12/site-packages/airflow/example_dags/example_bash_operator.py
[2026-06-13T10:47:22.611+0000] {processor.py:840} INFO - DAG(s) 'example_bash_operator' retrieved from /home/airflow/.local/lib/python3.12/site-packages/airflow/example_dags/example_bash_operator.py
[2026-06-13T10:47:22.646+0000] {logging_mixin.py:188} INFO - [2026-06-13T10:47:22.645+0000] {dag.py:3096} INFO - Sync 1 DAGs
[2026-06-13T10:47:22.672+0000] {logging_mixin.py:188} INFO - [2026-06-13T10:47:22.672+0000] {dag.py:3954} INFO - Setting next_dagrun for example_bash_operator to 2026-06-12 00:00:00+00:00, run_after=2026-06-13 00:00:00+00:00
[2026-06-13T10:47:22.705+0000] {processor.py:183} INFO - Processing /home/airflow/.local/lib/python3.12/site-packages/airflow/example_dags/example_bash_operator.py took 0.115 seconds
[2026-06-13T10:47:52.751+0000] {processor.py:161} INFO - Started process (PID=711) to work on /home/airflow/.local/lib/python3.12/site-packages/airflow/example_dags/example_bash_operator.py
[2026-06-13T10:47:52.753+0000] {processor.py:830} INFO - Processing file /home/airflow/.local/lib/python3.12/site-packages/airflow/example_dags/example_bash_operator.py for tasks to queue
[2026-06-13T10:47:52.755+0000] {logging_mixin.py:188} INFO - [2026-06-13T10:47:52.755+0000] {dagbag.py:545} INFO - Filling up the DagBag from /home/airflow/.local/lib/python3.12/site-packages/airflow/example_dags/example_bash_operator.py
[2026-06-13T10:47:52.771+0000] {processor.py:840} INFO - DAG(s) 'example_bash_operator' retrieved from /home/airflow/.local/lib/python3.12/site-packages/airflow/example_dags/example_bash_operator.py
[2026-06-13T10:47:52.810+0000] {logging_mixin.py:188} INFO - [2026-06-13T10:47:52.809+0000] {dag.py:3096} INFO - Sync 1 DAGs
[2026-06-13T10:47:52.838+0000] {logging_mixin.py:188} INFO - [2026-06-13T10:47:52.838+0000] {dag.py:3954} INFO - Setting next_dagrun for example_bash_operator to 2026-06-12 00:00:00+00:00, run_after=2026-06-13 00:00:00+00:00
[2026-06-13T10:47:52.866+0000] {processor.py:183} INFO - Processing /home/airflow/.local/lib/python3.12/site-packages/airflow/example_dags/example_bash_operator.py took 0.124 seconds
[2026-06-13T10:48:22.965+0000] {processor.py:161} INFO - Started process (PID=769) to work on /home/airflow/.local/lib/python3.12/site-packages/airflow/example_dags/example_bash_operator.py
[2026-06-13T10:48:22.967+0000] {processor.py:830} INFO - Processing file /home/airflow/.local/lib/python3.12/site-packages/airflow/example_dags/example_bash_operator.py for tasks to queue
[2026-06-13T10:48:22.970+0000] {logging_mixin.py:188} INFO - [2026-06-13T10:48:22.969+0000] {dagbag.py:545} INFO - Filling up the DagBag from /home/airflow/.local/lib/python3.12/site-packages/airflow/example_dags/example_bash_operator.py
[2026-06-13T10:48:22.981+0000] {processor.py:840} INFO - DAG(s) 'example_bash_operator' retrieved from /home/airflow/.local/lib/python3.12/site-packages/airflow/example_dags/example_bash_operator.py
[2026-06-13T10:48:23.015+0000] {logging_mixin.py:188} INFO - [2026-06-13T10:48:23.014+0000] {dag.py:3096} INFO - Sync 1 DAGs
[2026-06-13T10:48:23.041+0000] {logging_mixin.py:188} INFO - [2026-06-13T10:48:23.040+0000] {dag.py:3954} INFO - Setting next_dagrun for example_bash_operator to 2026-06-12 00:00:00+00:00, run_after=2026-06-13 00:00:00+00:00
[2026-06-13T10:48:23.068+0000] {processor.py:183} INFO - Processing /home/airflow/.local/lib/python3.12/site-packages/airflow/example_dags/example_bash_operator.py took 0.109 seconds
[2026-06-13T10:48:53.115+0000] {processor.py:161} INFO - Started process (PID=826) to work on /home/airflow/.local/lib/python3.12/site-packages/airflow/example_dags/example_bash_operator.py
[2026-06-13T10:48:53.117+0000] {processor.py:830} INFO - Processing file /home/airflow/.local/lib/python3.12/site-packages/airflow/example_dags/example_bash_operator.py for tasks to queue
[2026-06-13T10:48:53.120+0000] {logging_mixin.py:188} INFO - [2026-06-13T10:48:53.120+0000] {dagbag.py:545} INFO - Filling up the DagBag from /home/airflow/.local/lib/python3.12/site-packages/airflow/example_dags/example_bash_operator.py
[2026-06-13T10:48:53.135+0000] {processor.py:840} INFO - DAG(s) 'example_bash_operator' retrieved from /home/airflow/.local/lib/python3.12/site-packages/airflow/example_dags/example_bash_operator.py
[2026-06-13T10:48:53.176+0000] {logging_mixin.py:188} INFO - [2026-06-13T10:48:53.175+0000] {dag.py:3096} INFO - Sync 1 DAGs
[2026-06-13T10:48:53.207+0000] {logging_mixin.py:188} INFO - [2026-06-13T10:48:53.207+0000] {dag.py:3954} INFO - Setting next_dagrun for example_bash_operator to 2026-06-12 00:00:00+00:00, run_after=2026-06-13 00:00:00+00:00
[2026-06-13T10:48:53.244+0000] {processor.py:183} INFO - Processing /home/airflow/.local/lib/python3.12/site-packages/airflow/example_dags/example_bash_operator.py took 0.138 seconds
[2026-06-13T10:49:23.307+0000] {processor.py:161} INFO - Started process (PID=884) to work on /home/airflow/.local/lib/python3.12/site-packages/airflow/example_dags/example_bash_operator.py
[2026-06-13T10:49:23.309+0000] {processor.py:830} INFO - Processing file /home/airflow/.local/lib/python3.12/site-packages/airflow/example_dags/example_bash_operator.py for tasks to queue
[2026-06-13T10:49:23.311+0000] {logging_mixin.py:188} INFO - [2026-06-13T10:49:23.311+0000] {dagbag.py:545} INFO - Filling up the DagBag from /home/airflow/.local/lib/python3.12/site-packages/airflow/example_dags/example_bash_operator.py
[2026-06-13T10:49:23.323+0000] {processor.py:840} INFO - DAG(s) 'example_bash_operator' retrieved from /home/airflow/.local/lib/python3.12/site-packages/airflow/example_dags/example_bash_operator.py
[2026-06-13T10:49:23.353+0000] {logging_mixin.py:188} INFO - [2026-06-13T10:49:23.353+0000] {dag.py:3096} INFO - Sync 1 DAGs
[2026-06-13T10:49:23.380+0000] {logging_mixin.py:188} INFO - [2026-06-13T10:49:23.380+0000] {dag.py:3954} INFO - Setting next_dagrun for example_bash_operator to 2026-06-12 00:00:00+00:00, run_after=2026-06-13 00:00:00+00:00
[2026-06-13T10:49:23.413+0000] {processor.py:183} INFO - Processing /home/airflow/.local/lib/python3.12/site-packages/airflow/example_dags/example_bash_operator.py took 0.112 seconds
[2026-06-13T10:49:53.783+0000] {processor.py:161} INFO - Started process (PID=943) to work on /home/airflow/.local/lib/python3.12/site-packages/airflow/example_dags/example_bash_operator.py
[2026-06-13T10:49:53.785+0000] {processor.py:830} INFO - Processing file /home/airflow/.local/lib/python3.12/site-packages/airflow/example_dags/example_bash_operator.py for tasks to queue
[2026-06-13T10:49:53.788+0000] {logging_mixin.py:188} INFO - [2026-06-13T10:49:53.787+0000] {dagbag.py:545} INFO - Filling up the DagBag from /home/airflow/.local/lib/python3.12/site-packages/airflow/example_dags/example_bash_operator.py
[2026-06-13T10:49:53.799+0000] {processor.py:840} INFO - DAG(s) 'example_bash_operator' retrieved from /home/airflow/.local/lib/python3.12/site-packages/airflow/example_dags/example_bash_operator.py
[2026-06-13T10:49:53.831+0000] {logging_mixin.py:188} INFO - [2026-06-13T10:49:53.831+0000] {dag.py:3096} INFO - Sync 1 DAGs
[2026-06-13T10:49:53.855+0000] {logging_mixin.py:188} INFO - [2026-06-13T10:49:53.855+0000] {dag.py:3954} INFO - Setting next_dagrun for example_bash_operator to 2026-06-12 00:00:00+00:00, run_after=2026-06-13 00:00:00+00:00
[2026-06-13T10:49:53.886+0000] {processor.py:183} INFO - Processing /home/airflow/.local/lib/python3.12/site-packages/airflow/example_dags/example_bash_operator.py took 0.109 seconds
[2026-06-13T10:50:24.061+0000] {processor.py:161} INFO - Started process (PID=1001) to work on /home/airflow/.local/lib/python3.12/site-packages/airflow/example_dags/example_bash_operator.py
[2026-06-13T10:50:24.062+0000] {processor.py:830} INFO - Processing file /home/airflow/.local/lib/python3.12/site-packages/airflow/example_dags/example_bash_operator.py for tasks to queue
[2026-06-13T10:50:24.065+0000] {logging_mixin.py:188} INFO - [2026-06-13T10:50:24.064+0000] {dagbag.py:545} INFO - Filling up the DagBag from /home/airflow/.local/lib/python3.12/site-packages/airflow/example_dags/example_bash_operator.py
[2026-06-13T10:50:24.076+0000] {processor.py:840} INFO - DAG(s) 'example_bash_operator' retrieved from /home/airflow/.local/lib/python3.12/site-packages/airflow/example_dags/example_bash_operator.py
[2026-06-13T10:50:24.112+0000] {logging_mixin.py:188} INFO - [2026-06-13T10:50:24.111+0000] {dag.py:3096} INFO - Sync 1 DAGs
[2026-06-13T10:50:24.138+0000] {logging_mixin.py:188} INFO - [2026-06-13T10:50:24.138+0000] {dag.py:3954} INFO - Setting next_dagrun for example_bash_operator to 2026-06-12 00:00:00+00:00, run_after=2026-06-13 00:00:00+00:00
[2026-06-13T10:50:24.167+0000] {processor.py:183} INFO - Processing /home/airflow/.local/lib/python3.12/site-packages/airflow/example_dags/example_bash_operator.py took 0.112 seconds
[2026-06-13T10:50:54.409+0000] {processor.py:161} INFO - Started process (PID=1059) to work on /home/airflow/.local/lib/python3.12/site-packages/airflow/example_dags/example_bash_operator.py
[2026-06-13T10:50:54.411+0000] {processor.py:830} INFO - Processing file /home/airflow/.local/lib/python3.12/site-packages/airflow/example_dags/example_bash_operator.py for tasks to queue
[2026-06-13T10:50:54.415+0000] {logging_mixin.py:188} INFO - [2026-06-13T10:50:54.414+0000] {dagbag.py:545} INFO - Filling up the DagBag from /home/airflow/.local/lib/python3.12/site-packages/airflow/example_dags/example_bash_operator.py
[2026-06-13T10:50:54.431+0000] {processor.py:840} INFO - DAG(s) 'example_bash_operator' retrieved from /home/airflow/.local/lib/python3.12/site-packages/airflow/example_dags/example_bash_operator.py
[2026-06-13T10:50:54.472+0000] {logging_mixin.py:188} INFO - [2026-06-13T10:50:54.472+0000] {dag.py:3096} INFO - Sync 1 DAGs
[2026-06-13T10:50:54.502+0000] {logging_mixin.py:188} INFO - [2026-06-13T10:50:54.502+0000] {dag.py:3954} INFO - Setting next_dagrun for example_bash_operator to 2026-06-12 00:00:00+00:00, run_after=2026-06-13 00:00:00+00:00
[2026-06-13T10:50:54.531+0000] {processor.py:183} INFO - Processing /home/airflow/.local/lib/python3.12/site-packages/airflow/example_dags/example_bash_operator.py took 0.130 seconds
[2026-06-13T10:51:24.730+0000] {processor.py:161} INFO - Started process (PID=1117) to work on /home/airflow/.local/lib/python3.12/site-packages/airflow/example_dags/example_bash_operator.py
[2026-06-13T10:51:24.732+0000] {processor.py:830} INFO - Processing file /home/airflow/.local/lib/python3.12/site-packages/airflow/example_dags/example_bash_operator.py for tasks to queue
[2026-06-13T10:51:24.735+0000] {logging_mixin.py:188} INFO - [2026-06-13T10:51:24.735+0000] {dagbag.py:545} INFO - Filling up the DagBag from /home/airflow/.local/lib/python3.12/site-packages/airflow/example_dags/example_bash_operator.py
[2026-06-13T10:51:24.747+0000] {processor.py:840} INFO - DAG(s) 'example_bash_operator' retrieved from /home/airflow/.local/lib/python3.12/site-packages/airflow/example_dags/example_bash_operator.py
[2026-06-13T10:51:24.780+0000] {logging_mixin.py:188} INFO - [2026-06-13T10:51:24.780+0000] {dag.py:3096} INFO - Sync 1 DAGs
[2026-06-13T10:51:24.805+0000] {logging_mixin.py:188} INFO - [2026-06-13T10:51:24.805+0000] {dag.py:3954} INFO - Setting next_dagrun for example_bash_operator to 2026-06-12 00:00:00+00:00, run_after=2026-06-13 00:00:00+00:00
[2026-06-13T10:51:24.834+0000] {processor.py:183} INFO - Processing /home/airflow/.local/lib/python3.12/site-packages/airflow/example_dags/example_bash_operator.py took 0.109 seconds
[2026-06-13T10:51:54.984+0000] {processor.py:161} INFO - Started process (PID=1175) to work on /home/airflow/.local/lib/python3.12/site-packages/airflow/example_dags/example_bash_operator.py
[2026-06-13T10:51:54.985+0000] {processor.py:830} INFO - Processing file /home/airflow/.local/lib/python3.12/site-packages/airflow/example_dags/example_bash_operator.py for tasks to queue
[2026-06-13T10:51:54.989+0000] {logging_mixin.py:188} INFO - [2026-06-13T10:51:54.988+0000] {dagbag.py:545} INFO - Filling up the DagBag from /home/airflow/.local/lib/python3.12/site-packages/airflow/example_dags/example_bash_operator.py
[2026-06-13T10:51:55.002+0000] {processor.py:840} INFO - DAG(s) 'example_bash_operator' retrieved from /home/airflow/.local/lib/python3.12/site-packages/airflow/example_dags/example_bash_operator.py
[2026-06-13T10:51:55.034+0000] {logging_mixin.py:188} INFO - [2026-06-13T10:51:55.034+0000] {dag.py:3096} INFO - Sync 1 DAGs
[2026-06-13T10:51:55.063+0000] {logging_mixin.py:188} INFO - [2026-06-13T10:51:55.063+0000] {dag.py:3954} INFO - Setting next_dagrun for example_bash_operator to 2026-06-12 00:00:00+00:00, run_after=2026-06-13 00:00:00+00:00
[2026-06-13T10:51:55.090+0000] {processor.py:183} INFO - Processing /home/airflow/.local/lib/python3.12/site-packages/airflow/example_dags/example_bash_operator.py took 0.113 seconds
[2026-06-13T10:52:25.229+0000] {processor.py:161} INFO - Started process (PID=1233) to work on /home/airflow/.local/lib/python3.12/site-packages/airflow/example_dags/example_bash_operator.py
[2026-06-13T10:52:25.231+0000] {processor.py:830} INFO - Processing file /home/airflow/.local/lib/python3.12/site-packages/airflow/example_dags/example_bash_operator.py for tasks to queue
[2026-06-13T10:52:25.234+0000] {logging_mixin.py:188} INFO - [2026-06-13T10:52:25.234+0000] {dagbag.py:545} INFO - Filling up the DagBag from /home/airflow/.local/lib/python3.12/site-packages/airflow/example_dags/example_bash_operator.py
[2026-06-13T10:52:25.246+0000] {processor.py:840} INFO - DAG(s) 'example_bash_operator' retrieved from /home/airflow/.local/lib/python3.12/site-packages/airflow/example_dags/example_bash_operator.py
[2026-06-13T10:52:25.280+0000] {logging_mixin.py:188} INFO - [2026-06-13T10:52:25.279+0000] {dag.py:3096} INFO - Sync 1 DAGs
[2026-06-13T10:52:25.306+0000] {logging_mixin.py:188} INFO - [2026-06-13T10:52:25.305+0000] {dag.py:3954} INFO - Setting next_dagrun for example_bash_operator to 2026-06-12 00:00:00+00:00, run_after=2026-06-13 00:00:00+00:00
[2026-06-13T10:52:25.333+0000] {processor.py:183} INFO - Processing /home/airflow/.local/lib/python3.12/site-packages/airflow/example_dags/example_bash_operator.py took 0.110 seconds
[2026-06-13T10:52:55.418+0000] {processor.py:161} INFO - Started process (PID=1291) to work on /home/airflow/.local/lib/python3.12/site-packages/airflow/example_dags/example_bash_operator.py
[2026-06-13T10:52:55.420+0000] {processor.py:830} INFO - Processing file /home/airflow/.local/lib/python3.12/site-packages/airflow/example_dags/example_bash_operator.py for tasks to queue
[2026-06-13T10:52:55.422+0000] {logging_mixin.py:188} INFO - [2026-06-13T10:52:55.422+0000] {dagbag.py:545} INFO - Filling up the DagBag from /home/airflow/.local/lib/python3.12/site-packages/airflow/example_dags/example_bash_operator.py
[2026-06-13T10:52:55.434+0000] {processor.py:840} INFO - DAG(s) 'example_bash_operator' retrieved from /home/airflow/.local/lib/python3.12/site-packages/airflow/example_dags/example_bash_operator.py
[2026-06-13T10:52:55.467+0000] {logging_mixin.py:188} INFO - [2026-06-13T10:52:55.466+0000] {dag.py:3096} INFO - Sync 1 DAGs
[2026-06-13T10:52:55.493+0000] {logging_mixin.py:188} INFO - [2026-06-13T10:52:55.492+0000] {dag.py:3954} INFO - Setting next_dagrun for example_bash_operator to 2026-06-12 00:00:00+00:00, run_after=2026-06-13 00:00:00+00:00
[2026-06-13T10:52:55.520+0000] {processor.py:183} INFO - Processing /home/airflow/.local/lib/python3.12/site-packages/airflow/example_dags/example_bash_operator.py took 0.108 seconds
[2026-06-13T10:53:25.956+0000] {processor.py:161} INFO - Started process (PID=1350) to work on /home/airflow/.local/lib/python3.12/site-packages/airflow/example_dags/example_bash_operator.py
[2026-06-13T10:53:25.958+0000] {processor.py:830} INFO - Processing file /home/airflow/.local/lib/python3.12/site-packages/airflow/example_dags/example_bash_operator.py for tasks to queue
[2026-06-13T10:53:25.962+0000] {logging_mixin.py:188} INFO - [2026-06-13T10:53:25.962+0000] {dagbag.py:545} INFO - Filling up the DagBag from /home/airflow/.local/lib/python3.12/site-packages/airflow/example_dags/example_bash_operator.py
[2026-06-13T10:53:25.991+0000] {processor.py:840} INFO - DAG(s) 'example_bash_operator' retrieved from /home/airflow/.local/lib/python3.12/site-packages/airflow/example_dags/example_bash_operator.py
[2026-06-13T10:53:26.056+0000] {logging_mixin.py:188} INFO - [2026-06-13T10:53:26.055+0000] {dag.py:3096} INFO - Sync 1 DAGs
[2026-06-13T10:53:26.095+0000] {logging_mixin.py:188} INFO - [2026-06-13T10:53:26.094+0000] {dag.py:3954} INFO - Setting next_dagrun for example_bash_operator to 2026-06-12 00:00:00+00:00, run_after=2026-06-13 00:00:00+00:00
[2026-06-13T10:53:26.127+0000] {processor.py:183} INFO - Processing /home/airflow/.local/lib/python3.12/site-packages/airflow/example_dags/example_bash_operator.py took 0.182 seconds
[2026-06-13T10:53:56.511+0000] {processor.py:161} INFO - Started process (PID=1408) to work on /home/airflow/.local/lib/python3.12/site-packages/airflow/example_dags/example_bash_operator.py
[2026-06-13T10:53:56.512+0000] {processor.py:830} INFO - Processing file /home/airflow/.local/lib/python3.12/site-packages/airflow/example_dags/example_bash_operator.py for tasks to queue
[2026-06-13T10:53:56.515+0000] {logging_mixin.py:188} INFO - [2026-06-13T10:53:56.515+0000] {dagbag.py:545} INFO - Filling up the DagBag from /home/airflow/.local/lib/python3.12/site-packages/airflow/example_dags/example_bash_operator.py
[2026-06-13T10:53:56.527+0000] {processor.py:840} INFO - DAG(s) 'example_bash_operator' retrieved from /home/airflow/.local/lib/python3.12/site-packages/airflow/example_dags/example_bash_operator.py
[2026-06-13T10:53:56.561+0000] {logging_mixin.py:188} INFO - [2026-06-13T10:53:56.561+0000] {dag.py:3096} INFO - Sync 1 DAGs
[2026-06-13T10:53:56.590+0000] {logging_mixin.py:188} INFO - [2026-06-13T10:53:56.589+0000] {dag.py:3954} INFO - Setting next_dagrun for example_bash_operator to 2026-06-12 00:00:00+00:00, run_after=2026-06-13 00:00:00+00:00
[2026-06-13T10:53:56.619+0000] {processor.py:183} INFO - Processing /home/airflow/.local/lib/python3.12/site-packages/airflow/example_dags/example_bash_operator.py took 0.114 seconds
[2026-06-13T10:54:26.804+0000] {processor.py:161} INFO - Started process (PID=1466) to work on /home/airflow/.local/lib/python3.12/site-packages/airflow/example_dags/example_bash_operator.py
[2026-06-13T10:54:26.806+0000] {processor.py:830} INFO - Processing file /home/airflow/.local/lib/python3.12/site-packages/airflow/example_dags/example_bash_operator.py for tasks to queue
[2026-06-13T10:54:26.809+0000] {logging_mixin.py:188} INFO - [2026-06-13T10:54:26.809+0000] {dagbag.py:545} INFO - Filling up the DagBag from /home/airflow/.local/lib/python3.12/site-packages/airflow/example_dags/example_bash_operator.py
[2026-06-13T10:54:26.822+0000] {processor.py:840} INFO - DAG(s) 'example_bash_operator' retrieved from /home/airflow/.local/lib/python3.12/site-packages/airflow/example_dags/example_bash_operator.py
[2026-06-13T10:54:26.855+0000] {logging_mixin.py:188} INFO - [2026-06-13T10:54:26.854+0000] {dag.py:3096} INFO - Sync 1 DAGs
[2026-06-13T10:54:26.882+0000] {logging_mixin.py:188} INFO - [2026-06-13T10:54:26.882+0000] {dag.py:3954} INFO - Setting next_dagrun for example_bash_operator to 2026-06-12 00:00:00+00:00, run_after=2026-06-13 00:00:00+00:00
[2026-06-13T10:54:26.909+0000] {processor.py:183} INFO - Processing /home/airflow/.local/lib/python3.12/site-packages/airflow/example_dags/example_bash_operator.py took 0.112 seconds
[2026-06-13T10:54:57.127+0000] {processor.py:161} INFO - Started process (PID=1524) to work on /home/airflow/.local/lib/python3.12/site-packages/airflow/example_dags/example_bash_operator.py
[2026-06-13T10:54:57.129+0000] {processor.py:830} INFO - Processing file /home/airflow/.local/lib/python3.12/site-packages/airflow/example_dags/example_bash_operator.py for tasks to queue
[2026-06-13T10:54:57.134+0000] {logging_mixin.py:188} INFO - [2026-06-13T10:54:57.132+0000] {dagbag.py:545} INFO - Filling up the DagBag from /home/airflow/.local/lib/python3.12/site-packages/airflow/example_dags/example_bash_operator.py
[2026-06-13T10:54:57.156+0000] {processor.py:840} INFO - DAG(s) 'example_bash_operator' retrieved from /home/airflow/.local/lib/python3.12/site-packages/airflow/example_dags/example_bash_operator.py
[2026-06-13T10:54:57.198+0000] {logging_mixin.py:188} INFO - [2026-06-13T10:54:57.198+0000] {dag.py:3096} INFO - Sync 1 DAGs
[2026-06-13T10:54:57.231+0000] {logging_mixin.py:188} INFO - [2026-06-13T10:54:57.231+0000] {dag.py:3954} INFO - Setting next_dagrun for example_bash_operator to 2026-06-12 00:00:00+00:00, run_after=2026-06-13 00:00:00+00:00
[2026-06-13T10:54:57.262+0000] {processor.py:183} INFO - Processing /home/airflow/.local/lib/python3.12/site-packages/airflow/example_dags/example_bash_operator.py took 0.142 seconds
[2026-06-13T10:55:54.553+0000] {processor.py:161} INFO - Started process (PID=69) to work on /home/airflow/.local/lib/python3.12/site-packages/airflow/example_dags/example_bash_operator.py
[2026-06-13T10:55:54.556+0000] {processor.py:830} INFO - Processing file /home/airflow/.local/lib/python3.12/site-packages/airflow/example_dags/example_bash_operator.py for tasks to queue
[2026-06-13T10:55:54.559+0000] {logging_mixin.py:188} INFO - [2026-06-13T10:55:54.559+0000] {dagbag.py:545} INFO - Filling up the DagBag from /home/airflow/.local/lib/python3.12/site-packages/airflow/example_dags/example_bash_operator.py
[2026-06-13T10:55:54.582+0000] {processor.py:840} INFO - DAG(s) 'example_bash_operator' retrieved from /home/airflow/.local/lib/python3.12/site-packages/airflow/example_dags/example_bash_operator.py
[2026-06-13T10:55:54.603+0000] {logging_mixin.py:188} INFO - [2026-06-13T10:55:54.603+0000] {dag.py:3096} INFO - Sync 1 DAGs
[2026-06-13T10:55:54.643+0000] {logging_mixin.py:188} INFO - [2026-06-13T10:55:54.643+0000] {dag.py:3954} INFO - Setting next_dagrun for example_bash_operator to 2026-06-12 00:00:00+00:00, run_after=2026-06-13 00:00:00+00:00
[2026-06-13T10:55:54.681+0000] {processor.py:183} INFO - Processing /home/airflow/.local/lib/python3.12/site-packages/airflow/example_dags/example_bash_operator.py took 0.141 seconds
[2026-06-13T10:56:25.099+0000] {processor.py:161} INFO - Started process (PID=128) to work on /home/airflow/.local/lib/python3.12/site-packages/airflow/example_dags/example_bash_operator.py
[2026-06-13T10:56:25.101+0000] {processor.py:830} INFO - Processing file /home/airflow/.local/lib/python3.12/site-packages/airflow/example_dags/example_bash_operator.py for tasks to queue
[2026-06-13T10:56:25.104+0000] {logging_mixin.py:188} INFO - [2026-06-13T10:56:25.104+0000] {dagbag.py:545} INFO - Filling up the DagBag from /home/airflow/.local/lib/python3.12/site-packages/airflow/example_dags/example_bash_operator.py
[2026-06-13T10:56:25.116+0000] {processor.py:840} INFO - DAG(s) 'example_bash_operator' retrieved from /home/airflow/.local/lib/python3.12/site-packages/airflow/example_dags/example_bash_operator.py
[2026-06-13T10:56:25.236+0000] {logging_mixin.py:188} INFO - [2026-06-13T10:56:25.235+0000] {dag.py:3096} INFO - Sync 1 DAGs
[2026-06-13T10:56:25.258+0000] {logging_mixin.py:188} INFO - [2026-06-13T10:56:25.258+0000] {dag.py:3954} INFO - Setting next_dagrun for example_bash_operator to 2026-06-12 00:00:00+00:00, run_after=2026-06-13 00:00:00+00:00
[2026-06-13T10:56:25.288+0000] {processor.py:183} INFO - Processing /home/airflow/.local/lib/python3.12/site-packages/airflow/example_dags/example_bash_operator.py took 0.195 seconds
[2026-06-13T10:56:55.439+0000] {processor.py:161} INFO - Started process (PID=187) to work on /home/airflow/.local/lib/python3.12/site-packages/airflow/example_dags/example_bash_operator.py
[2026-06-13T10:56:55.441+0000] {processor.py:830} INFO - Processing file /home/airflow/.local/lib/python3.12/site-packages/airflow/example_dags/example_bash_operator.py for tasks to queue
[2026-06-13T10:56:55.445+0000] {logging_mixin.py:188} INFO - [2026-06-13T10:56:55.444+0000] {dagbag.py:545} INFO - Filling up the DagBag from /home/airflow/.local/lib/python3.12/site-packages/airflow/example_dags/example_bash_operator.py
[2026-06-13T10:56:55.460+0000] {processor.py:840} INFO - DAG(s) 'example_bash_operator' retrieved from /home/airflow/.local/lib/python3.12/site-packages/airflow/example_dags/example_bash_operator.py
[2026-06-13T10:56:55.481+0000] {logging_mixin.py:188} INFO - [2026-06-13T10:56:55.481+0000] {dag.py:3096} INFO - Sync 1 DAGs
[2026-06-13T10:56:55.516+0000] {logging_mixin.py:188} INFO - [2026-06-13T10:56:55.516+0000] {dag.py:3954} INFO - Setting next_dagrun for example_bash_operator to 2026-06-12 00:00:00+00:00, run_after=2026-06-13 00:00:00+00:00
[2026-06-13T10:56:55.549+0000] {processor.py:183} INFO - Processing /home/airflow/.local/lib/python3.12/site-packages/airflow/example_dags/example_bash_operator.py took 0.118 seconds
[2026-06-13T10:57:26.437+0000] {processor.py:161} INFO - Started process (PID=246) to work on /home/airflow/.local/lib/python3.12/site-packages/airflow/example_dags/example_bash_operator.py
[2026-06-13T10:57:26.438+0000] {processor.py:830} INFO - Processing file /home/airflow/.local/lib/python3.12/site-packages/airflow/example_dags/example_bash_operator.py for tasks to queue
[2026-06-13T10:57:26.441+0000] {logging_mixin.py:188} INFO - [2026-06-13T10:57:26.441+0000] {dagbag.py:545} INFO - Filling up the DagBag from /home/airflow/.local/lib/python3.12/site-packages/airflow/example_dags/example_bash_operator.py
[2026-06-13T10:57:26.458+0000] {processor.py:840} INFO - DAG(s) 'example_bash_operator' retrieved from /home/airflow/.local/lib/python3.12/site-packages/airflow/example_dags/example_bash_operator.py
[2026-06-13T10:57:26.606+0000] {logging_mixin.py:188} INFO - [2026-06-13T10:57:26.606+0000] {dag.py:3096} INFO - Sync 1 DAGs
[2026-06-13T10:57:26.637+0000] {logging_mixin.py:188} INFO - [2026-06-13T10:57:26.637+0000] {dag.py:3954} INFO - Setting next_dagrun for example_bash_operator to 2026-06-12 00:00:00+00:00, run_after=2026-06-13 00:00:00+00:00
[2026-06-13T10:57:26.668+0000] {processor.py:183} INFO - Processing /home/airflow/.local/lib/python3.12/site-packages/airflow/example_dags/example_bash_operator.py took 0.238 seconds
[2026-06-13T10:57:57.066+0000] {processor.py:161} INFO - Started process (PID=306) to work on /home/airflow/.local/lib/python3.12/site-packages/airflow/example_dags/example_bash_operator.py
[2026-06-13T10:57:57.068+0000] {processor.py:830} INFO - Processing file /home/airflow/.local/lib/python3.12/site-packages/airflow/example_dags/example_bash_operator.py for tasks to queue
[2026-06-13T10:57:57.071+0000] {logging_mixin.py:188} INFO - [2026-06-13T10:57:57.071+0000] {dagbag.py:545} INFO - Filling up the DagBag from /home/airflow/.local/lib/python3.12/site-packages/airflow/example_dags/example_bash_operator.py
[2026-06-13T10:57:57.083+0000] {processor.py:840} INFO - DAG(s) 'example_bash_operator' retrieved from /home/airflow/.local/lib/python3.12/site-packages/airflow/example_dags/example_bash_operator.py
[2026-06-13T10:57:57.119+0000] {logging_mixin.py:188} INFO - [2026-06-13T10:57:57.118+0000] {dag.py:3096} INFO - Sync 1 DAGs
[2026-06-13T10:57:57.143+0000] {logging_mixin.py:188} INFO - [2026-06-13T10:57:57.143+0000] {dag.py:3954} INFO - Setting next_dagrun for example_bash_operator to 2026-06-12 00:00:00+00:00, run_after=2026-06-13 00:00:00+00:00
[2026-06-13T10:57:57.185+0000] {processor.py:183} INFO - Processing /home/airflow/.local/lib/python3.12/site-packages/airflow/example_dags/example_bash_operator.py took 0.126 seconds
[2026-06-13T10:58:27.521+0000] {processor.py:161} INFO - Started process (PID=365) to work on /home/airflow/.local/lib/python3.12/site-packages/airflow/example_dags/example_bash_operator.py
[2026-06-13T10:58:27.523+0000] {processor.py:830} INFO - Processing file /home/airflow/.local/lib/python3.12/site-packages/airflow/example_dags/example_bash_operator.py for tasks to queue
[2026-06-13T10:58:27.526+0000] {logging_mixin.py:188} INFO - [2026-06-13T10:58:27.525+0000] {dagbag.py:545} INFO - Filling up the DagBag from /home/airflow/.local/lib/python3.12/site-packages/airflow/example_dags/example_bash_operator.py
[2026-06-13T10:58:27.538+0000] {processor.py:840} INFO - DAG(s) 'example_bash_operator' retrieved from /home/airflow/.local/lib/python3.12/site-packages/airflow/example_dags/example_bash_operator.py
[2026-06-13T10:58:27.571+0000] {logging_mixin.py:188} INFO - [2026-06-13T10:58:27.571+0000] {dag.py:3096} INFO - Sync 1 DAGs
[2026-06-13T10:58:27.598+0000] {logging_mixin.py:188} INFO - [2026-06-13T10:58:27.598+0000] {dag.py:3954} INFO - Setting next_dagrun for example_bash_operator to 2026-06-12 00:00:00+00:00, run_after=2026-06-13 00:00:00+00:00
[2026-06-13T10:58:27.632+0000] {processor.py:183} INFO - Processing /home/airflow/.local/lib/python3.12/site-packages/airflow/example_dags/example_bash_operator.py took 0.117 seconds
[2026-06-13T10:58:58.409+0000] {processor.py:161} INFO - Started process (PID=424) to work on /home/airflow/.local/lib/python3.12/site-packages/airflow/example_dags/example_bash_operator.py
[2026-06-13T10:58:58.411+0000] {processor.py:830} INFO - Processing file /home/airflow/.local/lib/python3.12/site-packages/airflow/example_dags/example_bash_operator.py for tasks to queue
[2026-06-13T10:58:58.414+0000] {logging_mixin.py:188} INFO - [2026-06-13T10:58:58.413+0000] {dagbag.py:545} INFO - Filling up the DagBag from /home/airflow/.local/lib/python3.12/site-packages/airflow/example_dags/example_bash_operator.py
[2026-06-13T10:58:58.426+0000] {processor.py:840} INFO - DAG(s) 'example_bash_operator' retrieved from /home/airflow/.local/lib/python3.12/site-packages/airflow/example_dags/example_bash_operator.py
[2026-06-13T10:58:58.458+0000] {logging_mixin.py:188} INFO - [2026-06-13T10:58:58.458+0000] {dag.py:3096} INFO - Sync 1 DAGs
[2026-06-13T10:58:58.484+0000] {logging_mixin.py:188} INFO - [2026-06-13T10:58:58.483+0000] {dag.py:3954} INFO - Setting next_dagrun for example_bash_operator to 2026-06-12 00:00:00+00:00, run_after=2026-06-13 00:00:00+00:00
[2026-06-13T10:58:58.518+0000] {processor.py:183} INFO - Processing /home/airflow/.local/lib/python3.12/site-packages/airflow/example_dags/example_bash_operator.py took 0.116 seconds
[2026-06-13T10:59:28.636+0000] {processor.py:161} INFO - Started process (PID=483) to work on /home/airflow/.local/lib/python3.12/site-packages/airflow/example_dags/example_bash_operator.py
[2026-06-13T10:59:28.638+0000] {processor.py:830} INFO - Processing file /home/airflow/.local/lib/python3.12/site-packages/airflow/example_dags/example_bash_operator.py for tasks to queue
[2026-06-13T10:59:28.641+0000] {logging_mixin.py:188} INFO - [2026-06-13T10:59:28.641+0000] {dagbag.py:545} INFO - Filling up the DagBag from /home/airflow/.local/lib/python3.12/site-packages/airflow/example_dags/example_bash_operator.py
[2026-06-13T10:59:28.655+0000] {processor.py:840} INFO - DAG(s) 'example_bash_operator' retrieved from /home/airflow/.local/lib/python3.12/site-packages/airflow/example_dags/example_bash_operator.py
[2026-06-13T10:59:28.688+0000] {logging_mixin.py:188} INFO - [2026-06-13T10:59:28.688+0000] {dag.py:3096} INFO - Sync 1 DAGs
[2026-06-13T10:59:28.715+0000] {logging_mixin.py:188} INFO - [2026-06-13T10:59:28.715+0000] {dag.py:3954} INFO - Setting next_dagrun for example_bash_operator to 2026-06-12 00:00:00+00:00, run_after=2026-06-13 00:00:00+00:00
[2026-06-13T10:59:28.748+0000] {processor.py:183} INFO - Processing /home/airflow/.local/lib/python3.12/site-packages/airflow/example_dags/example_bash_operator.py took 0.118 seconds
[2026-06-13T10:59:58.796+0000] {processor.py:161} INFO - Started process (PID=547) to work on /home/airflow/.local/lib/python3.12/site-packages/airflow/example_dags/example_bash_operator.py
[2026-06-13T10:59:58.797+0000] {processor.py:830} INFO - Processing file /home/airflow/.local/lib/python3.12/site-packages/airflow/example_dags/example_bash_operator.py for tasks to queue
[2026-06-13T10:59:58.800+0000] {logging_mixin.py:188} INFO - [2026-06-13T10:59:58.800+0000] {dagbag.py:545} INFO - Filling up the DagBag from /home/airflow/.local/lib/python3.12/site-packages/airflow/example_dags/example_bash_operator.py
[2026-06-13T10:59:58.813+0000] {processor.py:840} INFO - DAG(s) 'example_bash_operator' retrieved from /home/airflow/.local/lib/python3.12/site-packages/airflow/example_dags/example_bash_operator.py
[2026-06-13T10:59:58.846+0000] {logging_mixin.py:188} INFO - [2026-06-13T10:59:58.846+0000] {dag.py:3096} INFO - Sync 1 DAGs
[2026-06-13T10:59:58.873+0000] {logging_mixin.py:188} INFO - [2026-06-13T10:59:58.873+0000] {dag.py:3954} INFO - Setting next_dagrun for example_bash_operator to 2026-06-12 00:00:00+00:00, run_after=2026-06-13 00:00:00+00:00
[2026-06-13T10:59:58.901+0000] {processor.py:183} INFO - Processing /home/airflow/.local/lib/python3.12/site-packages/airflow/example_dags/example_bash_operator.py took 0.112 seconds
[2026-06-13T11:00:29.237+0000] {processor.py:161} INFO - Started process (PID=606) to work on /home/airflow/.local/lib/python3.12/site-packages/airflow/example_dags/example_bash_operator.py
[2026-06-13T11:00:29.239+0000] {processor.py:830} INFO - Processing file /home/airflow/.local/lib/python3.12/site-packages/airflow/example_dags/example_bash_operator.py for tasks to queue
[2026-06-13T11:00:29.242+0000] {logging_mixin.py:188} INFO - [2026-06-13T11:00:29.242+0000] {dagbag.py:545} INFO - Filling up the DagBag from /home/airflow/.local/lib/python3.12/site-packages/airflow/example_dags/example_bash_operator.py
[2026-06-13T11:00:29.253+0000] {processor.py:840} INFO - DAG(s) 'example_bash_operator' retrieved from /home/airflow/.local/lib/python3.12/site-packages/airflow/example_dags/example_bash_operator.py
[2026-06-13T11:00:29.287+0000] {logging_mixin.py:188} INFO - [2026-06-13T11:00:29.286+0000] {dag.py:3096} INFO - Sync 1 DAGs
[2026-06-13T11:00:29.312+0000] {logging_mixin.py:188} INFO - [2026-06-13T11:00:29.312+0000] {dag.py:3954} INFO - Setting next_dagrun for example_bash_operator to 2026-06-12 00:00:00+00:00, run_after=2026-06-13 00:00:00+00:00
[2026-06-13T11:00:29.339+0000] {processor.py:183} INFO - Processing /home/airflow/.local/lib/python3.12/site-packages/airflow/example_dags/example_bash_operator.py took 0.109 seconds
[2026-06-13T11:00:59.448+0000] {processor.py:161} INFO - Started process (PID=665) to work on /home/airflow/.local/lib/python3.12/site-packages/airflow/example_dags/example_bash_operator.py
[2026-06-13T11:00:59.449+0000] {processor.py:830} INFO - Processing file /home/airflow/.local/lib/python3.12/site-packages/airflow/example_dags/example_bash_operator.py for tasks to queue
[2026-06-13T11:00:59.452+0000] {logging_mixin.py:188} INFO - [2026-06-13T11:00:59.452+0000] {dagbag.py:545} INFO - Filling up the DagBag from /home/airflow/.local/lib/python3.12/site-packages/airflow/example_dags/example_bash_operator.py
[2026-06-13T11:00:59.464+0000] {processor.py:840} INFO - DAG(s) 'example_bash_operator' retrieved from /home/airflow/.local/lib/python3.12/site-packages/airflow/example_dags/example_bash_operator.py
[2026-06-13T11:00:59.496+0000] {logging_mixin.py:188} INFO - [2026-06-13T11:00:59.495+0000] {dag.py:3096} INFO - Sync 1 DAGs
[2026-06-13T11:00:59.522+0000] {logging_mixin.py:188} INFO - [2026-06-13T11:00:59.521+0000] {dag.py:3954} INFO - Setting next_dagrun for example_bash_operator to 2026-06-12 00:00:00+00:00, run_after=2026-06-13 00:00:00+00:00
[2026-06-13T11:00:59.551+0000] {processor.py:183} INFO - Processing /home/airflow/.local/lib/python3.12/site-packages/airflow/example_dags/example_bash_operator.py took 0.109 seconds
[2026-06-13T11:01:29.953+0000] {processor.py:161} INFO - Started process (PID=724) to work on /home/airflow/.local/lib/python3.12/site-packages/airflow/example_dags/example_bash_operator.py
[2026-06-13T11:01:29.955+0000] {processor.py:830} INFO - Processing file /home/airflow/.local/lib/python3.12/site-packages/airflow/example_dags/example_bash_operator.py for tasks to queue
[2026-06-13T11:01:29.957+0000] {logging_mixin.py:188} INFO - [2026-06-13T11:01:29.957+0000] {dagbag.py:545} INFO - Filling up the DagBag from /home/airflow/.local/lib/python3.12/site-packages/airflow/example_dags/example_bash_operator.py
[2026-06-13T11:01:29.969+0000] {processor.py:840} INFO - DAG(s) 'example_bash_operator' retrieved from /home/airflow/.local/lib/python3.12/site-packages/airflow/example_dags/example_bash_operator.py
[2026-06-13T11:01:30.001+0000] {logging_mixin.py:188} INFO - [2026-06-13T11:01:30.001+0000] {dag.py:3096} INFO - Sync 1 DAGs
[2026-06-13T11:01:30.030+0000] {logging_mixin.py:188} INFO - [2026-06-13T11:01:30.030+0000] {dag.py:3954} INFO - Setting next_dagrun for example_bash_operator to 2026-06-12 00:00:00+00:00, run_after=2026-06-13 00:00:00+00:00
[2026-06-13T11:01:30.065+0000] {processor.py:183} INFO - Processing /home/airflow/.local/lib/python3.12/site-packages/airflow/example_dags/example_bash_operator.py took 0.118 seconds
[2026-06-13T11:02:00.209+0000] {processor.py:161} INFO - Started process (PID=782) to work on /home/airflow/.local/lib/python3.12/site-packages/airflow/example_dags/example_bash_operator.py
[2026-06-13T11:02:00.210+0000] {processor.py:830} INFO - Processing file /home/airflow/.local/lib/python3.12/site-packages/airflow/example_dags/example_bash_operator.py for tasks to queue
[2026-06-13T11:02:00.214+0000] {logging_mixin.py:188} INFO - [2026-06-13T11:02:00.213+0000] {dagbag.py:545} INFO - Filling up the DagBag from /home/airflow/.local/lib/python3.12/site-packages/airflow/example_dags/example_bash_operator.py
[2026-06-13T11:02:00.229+0000] {processor.py:840} INFO - DAG(s) 'example_bash_operator' retrieved from /home/airflow/.local/lib/python3.12/site-packages/airflow/example_dags/example_bash_operator.py
[2026-06-13T11:02:00.266+0000] {logging_mixin.py:188} INFO - [2026-06-13T11:02:00.266+0000] {dag.py:3096} INFO - Sync 1 DAGs
[2026-06-13T11:02:00.296+0000] {logging_mixin.py:188} INFO - [2026-06-13T11:02:00.296+0000] {dag.py:3954} INFO - Setting next_dagrun for example_bash_operator to 2026-06-12 00:00:00+00:00, run_after=2026-06-13 00:00:00+00:00
[2026-06-13T11:02:00.326+0000] {processor.py:183} INFO - Processing /home/airflow/.local/lib/python3.12/site-packages/airflow/example_dags/example_bash_operator.py took 0.124 seconds
[2026-06-13T11:02:30.391+0000] {processor.py:161} INFO - Started process (PID=841) to work on /home/airflow/.local/lib/python3.12/site-packages/airflow/example_dags/example_bash_operator.py
[2026-06-13T11:02:30.392+0000] {processor.py:830} INFO - Processing file /home/airflow/.local/lib/python3.12/site-packages/airflow/example_dags/example_bash_operator.py for tasks to queue
[2026-06-13T11:02:30.395+0000] {logging_mixin.py:188} INFO - [2026-06-13T11:02:30.395+0000] {dagbag.py:545} INFO - Filling up the DagBag from /home/airflow/.local/lib/python3.12/site-packages/airflow/example_dags/example_bash_operator.py
[2026-06-13T11:02:30.409+0000] {processor.py:840} INFO - DAG(s) 'example_bash_operator' retrieved from /home/airflow/.local/lib/python3.12/site-packages/airflow/example_dags/example_bash_operator.py
[2026-06-13T11:02:30.454+0000] {logging_mixin.py:188} INFO - [2026-06-13T11:02:30.453+0000] {dag.py:3096} INFO - Sync 1 DAGs
[2026-06-13T11:02:30.489+0000] {logging_mixin.py:188} INFO - [2026-06-13T11:02:30.489+0000] {dag.py:3954} INFO - Setting next_dagrun for example_bash_operator to 2026-06-12 00:00:00+00:00, run_after=2026-06-13 00:00:00+00:00
[2026-06-13T11:02:30.519+0000] {processor.py:183} INFO - Processing /home/airflow/.local/lib/python3.12/site-packages/airflow/example_dags/example_bash_operator.py took 0.134 seconds
[2026-06-13T11:03:00.983+0000] {processor.py:161} INFO - Started process (PID=900) to work on /home/airflow/.local/lib/python3.12/site-packages/airflow/example_dags/example_bash_operator.py
[2026-06-13T11:03:00.985+0000] {processor.py:830} INFO - Processing file /home/airflow/.local/lib/python3.12/site-packages/airflow/example_dags/example_bash_operator.py for tasks to queue
[2026-06-13T11:03:00.988+0000] {logging_mixin.py:188} INFO - [2026-06-13T11:03:00.987+0000] {dagbag.py:545} INFO - Filling up the DagBag from /home/airflow/.local/lib/python3.12/site-packages/airflow/example_dags/example_bash_operator.py
[2026-06-13T11:03:01.000+0000] {processor.py:840} INFO - DAG(s) 'example_bash_operator' retrieved from /home/airflow/.local/lib/python3.12/site-packages/airflow/example_dags/example_bash_operator.py
[2026-06-13T11:03:01.034+0000] {logging_mixin.py:188} INFO - [2026-06-13T11:03:01.033+0000] {dag.py:3096} INFO - Sync 1 DAGs
[2026-06-13T11:03:01.059+0000] {logging_mixin.py:188} INFO - [2026-06-13T11:03:01.059+0000] {dag.py:3954} INFO - Setting next_dagrun for example_bash_operator to 2026-06-12 00:00:00+00:00, run_after=2026-06-13 00:00:00+00:00
[2026-06-13T11:03:01.085+0000] {processor.py:183} INFO - Processing /home/airflow/.local/lib/python3.12/site-packages/airflow/example_dags/example_bash_operator.py took 0.108 seconds
[2026-06-13T11:03:31.435+0000] {processor.py:161} INFO - Started process (PID=959) to work on /home/airflow/.local/lib/python3.12/site-packages/airflow/example_dags/example_bash_operator.py
[2026-06-13T11:03:31.436+0000] {processor.py:830} INFO - Processing file /home/airflow/.local/lib/python3.12/site-packages/airflow/example_dags/example_bash_operator.py for tasks to queue
[2026-06-13T11:03:31.439+0000] {logging_mixin.py:188} INFO - [2026-06-13T11:03:31.438+0000] {dagbag.py:545} INFO - Filling up the DagBag from /home/airflow/.local/lib/python3.12/site-packages/airflow/example_dags/example_bash_operator.py
[2026-06-13T11:03:31.451+0000] {processor.py:840} INFO - DAG(s) 'example_bash_operator' retrieved from /home/airflow/.local/lib/python3.12/site-packages/airflow/example_dags/example_bash_operator.py
[2026-06-13T11:03:31.487+0000] {logging_mixin.py:188} INFO - [2026-06-13T11:03:31.487+0000] {dag.py:3096} INFO - Sync 1 DAGs
[2026-06-13T11:03:31.514+0000] {logging_mixin.py:188} INFO - [2026-06-13T11:03:31.514+0000] {dag.py:3954} INFO - Setting next_dagrun for example_bash_operator to 2026-06-12 00:00:00+00:00, run_after=2026-06-13 00:00:00+00:00
[2026-06-13T11:03:31.539+0000] {processor.py:183} INFO - Processing /home/airflow/.local/lib/python3.12/site-packages/airflow/example_dags/example_bash_operator.py took 0.111 seconds
[2026-06-13T11:04:01.781+0000] {processor.py:161} INFO - Started process (PID=1018) to work on /home/airflow/.local/lib/python3.12/site-packages/airflow/example_dags/example_bash_operator.py
[2026-06-13T11:04:01.783+0000] {processor.py:830} INFO - Processing file /home/airflow/.local/lib/python3.12/site-packages/airflow/example_dags/example_bash_operator.py for tasks to queue
[2026-06-13T11:04:01.786+0000] {logging_mixin.py:188} INFO - [2026-06-13T11:04:01.785+0000] {dagbag.py:545} INFO - Filling up the DagBag from /home/airflow/.local/lib/python3.12/site-packages/airflow/example_dags/example_bash_operator.py
[2026-06-13T11:04:01.801+0000] {processor.py:840} INFO - DAG(s) 'example_bash_operator' retrieved from /home/airflow/.local/lib/python3.12/site-packages/airflow/example_dags/example_bash_operator.py
[2026-06-13T11:04:01.837+0000] {logging_mixin.py:188} INFO - [2026-06-13T11:04:01.836+0000] {dag.py:3096} INFO - Sync 1 DAGs
[2026-06-13T11:04:01.867+0000] {logging_mixin.py:188} INFO - [2026-06-13T11:04:01.867+0000] {dag.py:3954} INFO - Setting next_dagrun for example_bash_operator to 2026-06-12 00:00:00+00:00, run_after=2026-06-13 00:00:00+00:00
[2026-06-13T11:04:01.896+0000] {processor.py:183} INFO - Processing /home/airflow/.local/lib/python3.12/site-packages/airflow/example_dags/example_bash_operator.py took 0.123 seconds
[2026-06-13T11:04:32.164+0000] {processor.py:161} INFO - Started process (PID=1077) to work on /home/airflow/.local/lib/python3.12/site-packages/airflow/example_dags/example_bash_operator.py
[2026-06-13T11:04:32.165+0000] {processor.py:830} INFO - Processing file /home/airflow/.local/lib/python3.12/site-packages/airflow/example_dags/example_bash_operator.py for tasks to queue
[2026-06-13T11:04:32.169+0000] {logging_mixin.py:188} INFO - [2026-06-13T11:04:32.168+0000] {dagbag.py:545} INFO - Filling up the DagBag from /home/airflow/.local/lib/python3.12/site-packages/airflow/example_dags/example_bash_operator.py
[2026-06-13T11:04:32.180+0000] {processor.py:840} INFO - DAG(s) 'example_bash_operator' retrieved from /home/airflow/.local/lib/python3.12/site-packages/airflow/example_dags/example_bash_operator.py
[2026-06-13T11:04:32.212+0000] {logging_mixin.py:188} INFO - [2026-06-13T11:04:32.212+0000] {dag.py:3096} INFO - Sync 1 DAGs
[2026-06-13T11:04:32.239+0000] {logging_mixin.py:188} INFO - [2026-06-13T11:04:32.238+0000] {dag.py:3954} INFO - Setting next_dagrun for example_bash_operator to 2026-06-12 00:00:00+00:00, run_after=2026-06-13 00:00:00+00:00
[2026-06-13T11:04:32.265+0000] {processor.py:183} INFO - Processing /home/airflow/.local/lib/python3.12/site-packages/airflow/example_dags/example_bash_operator.py took 0.107 seconds
[2026-06-13T11:05:02.345+0000] {processor.py:161} INFO - Started process (PID=1136) to work on /home/airflow/.local/lib/python3.12/site-packages/airflow/example_dags/example_bash_operator.py
[2026-06-13T11:05:02.346+0000] {processor.py:830} INFO - Processing file /home/airflow/.local/lib/python3.12/site-packages/airflow/example_dags/example_bash_operator.py for tasks to queue
[2026-06-13T11:05:02.350+0000] {logging_mixin.py:188} INFO - [2026-06-13T11:05:02.349+0000] {dagbag.py:545} INFO - Filling up the DagBag from /home/airflow/.local/lib/python3.12/site-packages/airflow/example_dags/example_bash_operator.py
[2026-06-13T11:05:02.361+0000] {processor.py:840} INFO - DAG(s) 'example_bash_operator' retrieved from /home/airflow/.local/lib/python3.12/site-packages/airflow/example_dags/example_bash_operator.py
[2026-06-13T11:05:02.394+0000] {logging_mixin.py:188} INFO - [2026-06-13T11:05:02.394+0000] {dag.py:3096} INFO - Sync 1 DAGs
[2026-06-13T11:05:02.420+0000] {logging_mixin.py:188} INFO - [2026-06-13T11:05:02.420+0000] {dag.py:3954} INFO - Setting next_dagrun for example_bash_operator to 2026-06-12 00:00:00+00:00, run_after=2026-06-13 00:00:00+00:00
[2026-06-13T11:05:02.446+0000] {processor.py:183} INFO - Processing /home/airflow/.local/lib/python3.12/site-packages/airflow/example_dags/example_bash_operator.py took 0.107 seconds
[2026-06-13T11:05:32.694+0000] {processor.py:161} INFO - Started process (PID=1196) to work on /home/airflow/.local/lib/python3.12/site-packages/airflow/example_dags/example_bash_operator.py
[2026-06-13T11:05:32.696+0000] {processor.py:830} INFO - Processing file /home/airflow/.local/lib/python3.12/site-packages/airflow/example_dags/example_bash_operator.py for tasks to queue
[2026-06-13T11:05:32.699+0000] {logging_mixin.py:188} INFO - [2026-06-13T11:05:32.699+0000] {dagbag.py:545} INFO - Filling up the DagBag from /home/airflow/.local/lib/python3.12/site-packages/airflow/example_dags/example_bash_operator.py
[2026-06-13T11:05:32.711+0000] {processor.py:840} INFO - DAG(s) 'example_bash_operator' retrieved from /home/airflow/.local/lib/python3.12/site-packages/airflow/example_dags/example_bash_operator.py
[2026-06-13T11:05:32.742+0000] {logging_mixin.py:188} INFO - [2026-06-13T11:05:32.742+0000] {dag.py:3096} INFO - Sync 1 DAGs
[2026-06-13T11:05:32.767+0000] {logging_mixin.py:188} INFO - [2026-06-13T11:05:32.767+0000] {dag.py:3954} INFO - Setting next_dagrun for example_bash_operator to 2026-06-12 00:00:00+00:00, run_after=2026-06-13 00:00:00+00:00
[2026-06-13T11:05:32.795+0000] {processor.py:183} INFO - Processing /home/airflow/.local/lib/python3.12/site-packages/airflow/example_dags/example_bash_operator.py took 0.107 seconds
[2026-06-13T11:06:03.463+0000] {processor.py:161} INFO - Started process (PID=1255) to work on /home/airflow/.local/lib/python3.12/site-packages/airflow/example_dags/example_bash_operator.py
[2026-06-13T11:06:03.465+0000] {processor.py:830} INFO - Processing file /home/airflow/.local/lib/python3.12/site-packages/airflow/example_dags/example_bash_operator.py for tasks to queue
[2026-06-13T11:06:03.468+0000] {logging_mixin.py:188} INFO - [2026-06-13T11:06:03.468+0000] {dagbag.py:545} INFO - Filling up the DagBag from /home/airflow/.local/lib/python3.12/site-packages/airflow/example_dags/example_bash_operator.py
[2026-06-13T11:06:03.480+0000] {processor.py:840} INFO - DAG(s) 'example_bash_operator' retrieved from /home/airflow/.local/lib/python3.12/site-packages/airflow/example_dags/example_bash_operator.py
[2026-06-13T11:06:03.513+0000] {logging_mixin.py:188} INFO - [2026-06-13T11:06:03.512+0000] {dag.py:3096} INFO - Sync 1 DAGs
[2026-06-13T11:06:03.536+0000] {logging_mixin.py:188} INFO - [2026-06-13T11:06:03.535+0000] {dag.py:3954} INFO - Setting next_dagrun for example_bash_operator to 2026-06-12 00:00:00+00:00, run_after=2026-06-13 00:00:00+00:00
[2026-06-13T11:06:03.565+0000] {processor.py:183} INFO - Processing /home/airflow/.local/lib/python3.12/site-packages/airflow/example_dags/example_bash_operator.py took 0.111 seconds
[2026-06-13T11:06:33.846+0000] {processor.py:161} INFO - Started process (PID=1314) to work on /home/airflow/.local/lib/python3.12/site-packages/airflow/example_dags/example_bash_operator.py
[2026-06-13T11:06:33.847+0000] {processor.py:830} INFO - Processing file /home/airflow/.local/lib/python3.12/site-packages/airflow/example_dags/example_bash_operator.py for tasks to queue
[2026-06-13T11:06:33.850+0000] {logging_mixin.py:188} INFO - [2026-06-13T11:06:33.850+0000] {dagbag.py:545} INFO - Filling up the DagBag from /home/airflow/.local/lib/python3.12/site-packages/airflow/example_dags/example_bash_operator.py
[2026-06-13T11:06:33.862+0000] {processor.py:840} INFO - DAG(s) 'example_bash_operator' retrieved from /home/airflow/.local/lib/python3.12/site-packages/airflow/example_dags/example_bash_operator.py
[2026-06-13T11:06:33.894+0000] {logging_mixin.py:188} INFO - [2026-06-13T11:06:33.894+0000] {dag.py:3096} INFO - Sync 1 DAGs
[2026-06-13T11:06:33.921+0000] {logging_mixin.py:188} INFO - [2026-06-13T11:06:33.920+0000] {dag.py:3954} INFO - Setting next_dagrun for example_bash_operator to 2026-06-12 00:00:00+00:00, run_after=2026-06-13 00:00:00+00:00
[2026-06-13T11:06:33.947+0000] {processor.py:183} INFO - Processing /home/airflow/.local/lib/python3.12/site-packages/airflow/example_dags/example_bash_operator.py took 0.107 seconds
[2026-06-13T11:07:04.625+0000] {processor.py:161} INFO - Started process (PID=1373) to work on /home/airflow/.local/lib/python3.12/site-packages/airflow/example_dags/example_bash_operator.py
[2026-06-13T11:07:04.626+0000] {processor.py:830} INFO - Processing file /home/airflow/.local/lib/python3.12/site-packages/airflow/example_dags/example_bash_operator.py for tasks to queue
[2026-06-13T11:07:04.629+0000] {logging_mixin.py:188} INFO - [2026-06-13T11:07:04.628+0000] {dagbag.py:545} INFO - Filling up the DagBag from /home/airflow/.local/lib/python3.12/site-packages/airflow/example_dags/example_bash_operator.py
[2026-06-13T11:07:04.640+0000] {processor.py:840} INFO - DAG(s) 'example_bash_operator' retrieved from /home/airflow/.local/lib/python3.12/site-packages/airflow/example_dags/example_bash_operator.py
[2026-06-13T11:07:04.671+0000] {logging_mixin.py:188} INFO - [2026-06-13T11:07:04.671+0000] {dag.py:3096} INFO - Sync 1 DAGs
[2026-06-13T11:07:04.696+0000] {logging_mixin.py:188} INFO - [2026-06-13T11:07:04.696+0000] {dag.py:3954} INFO - Setting next_dagrun for example_bash_operator to 2026-06-12 00:00:00+00:00, run_after=2026-06-13 00:00:00+00:00
[2026-06-13T11:07:04.723+0000] {processor.py:183} INFO - Processing /home/airflow/.local/lib/python3.12/site-packages/airflow/example_dags/example_bash_operator.py took 0.104 seconds
[2026-06-13T11:07:34.891+0000] {processor.py:161} INFO - Started process (PID=1432) to work on /home/airflow/.local/lib/python3.12/site-packages/airflow/example_dags/example_bash_operator.py
[2026-06-13T11:07:34.893+0000] {processor.py:830} INFO - Processing file /home/airflow/.local/lib/python3.12/site-packages/airflow/example_dags/example_bash_operator.py for tasks to queue
[2026-06-13T11:07:34.895+0000] {logging_mixin.py:188} INFO - [2026-06-13T11:07:34.895+0000] {dagbag.py:545} INFO - Filling up the DagBag from /home/airflow/.local/lib/python3.12/site-packages/airflow/example_dags/example_bash_operator.py
[2026-06-13T11:07:34.907+0000] {processor.py:840} INFO - DAG(s) 'example_bash_operator' retrieved from /home/airflow/.local/lib/python3.12/site-packages/airflow/example_dags/example_bash_operator.py
[2026-06-13T11:07:34.939+0000] {logging_mixin.py:188} INFO - [2026-06-13T11:07:34.939+0000] {dag.py:3096} INFO - Sync 1 DAGs
[2026-06-13T11:07:34.966+0000] {logging_mixin.py:188} INFO - [2026-06-13T11:07:34.966+0000] {dag.py:3954} INFO - Setting next_dagrun for example_bash_operator to 2026-06-12 00:00:00+00:00, run_after=2026-06-13 00:00:00+00:00
[2026-06-13T11:07:34.995+0000] {processor.py:183} INFO - Processing /home/airflow/.local/lib/python3.12/site-packages/airflow/example_dags/example_bash_operator.py took 0.110 seconds
[2026-06-13T11:08:05.212+0000] {processor.py:161} INFO - Started process (PID=1492) to work on /home/airflow/.local/lib/python3.12/site-packages/airflow/example_dags/example_bash_operator.py
[2026-06-13T11:08:05.213+0000] {processor.py:830} INFO - Processing file /home/airflow/.local/lib/python3.12/site-packages/airflow/example_dags/example_bash_operator.py for tasks to queue
[2026-06-13T11:08:05.216+0000] {logging_mixin.py:188} INFO - [2026-06-13T11:08:05.215+0000] {dagbag.py:545} INFO - Filling up the DagBag from /home/airflow/.local/lib/python3.12/site-packages/airflow/example_dags/example_bash_operator.py
[2026-06-13T11:08:05.228+0000] {processor.py:840} INFO - DAG(s) 'example_bash_operator' retrieved from /home/airflow/.local/lib/python3.12/site-packages/airflow/example_dags/example_bash_operator.py
[2026-06-13T11:08:05.261+0000] {logging_mixin.py:188} INFO - [2026-06-13T11:08:05.261+0000] {dag.py:3096} INFO - Sync 1 DAGs
[2026-06-13T11:08:05.288+0000] {logging_mixin.py:188} INFO - [2026-06-13T11:08:05.287+0000] {dag.py:3954} INFO - Setting next_dagrun for example_bash_operator to 2026-06-12 00:00:00+00:00, run_after=2026-06-13 00:00:00+00:00
[2026-06-13T11:08:05.315+0000] {processor.py:183} INFO - Processing /home/airflow/.local/lib/python3.12/site-packages/airflow/example_dags/example_bash_operator.py took 0.109 seconds
[2026-06-13T11:09:17.417+0000] {processor.py:161} INFO - Started process (PID=70) to work on /home/airflow/.local/lib/python3.12/site-packages/airflow/example_dags/example_bash_operator.py
[2026-06-13T11:09:17.418+0000] {processor.py:830} INFO - Processing file /home/airflow/.local/lib/python3.12/site-packages/airflow/example_dags/example_bash_operator.py for tasks to queue
[2026-06-13T11:09:17.421+0000] {logging_mixin.py:188} INFO - [2026-06-13T11:09:17.420+0000] {dagbag.py:545} INFO - Filling up the DagBag from /home/airflow/.local/lib/python3.12/site-packages/airflow/example_dags/example_bash_operator.py
[2026-06-13T11:09:17.438+0000] {processor.py:840} INFO - DAG(s) 'example_bash_operator' retrieved from /home/airflow/.local/lib/python3.12/site-packages/airflow/example_dags/example_bash_operator.py
[2026-06-13T11:09:17.598+0000] {logging_mixin.py:188} INFO - [2026-06-13T11:09:17.597+0000] {dag.py:3096} INFO - Sync 1 DAGs
[2026-06-13T11:09:17.627+0000] {logging_mixin.py:188} INFO - [2026-06-13T11:09:17.627+0000] {dag.py:3954} INFO - Setting next_dagrun for example_bash_operator to 2026-06-12 00:00:00+00:00, run_after=2026-06-13 00:00:00+00:00
[2026-06-13T11:09:17.662+0000] {processor.py:183} INFO - Processing /home/airflow/.local/lib/python3.12/site-packages/airflow/example_dags/example_bash_operator.py took 0.251 seconds
[2026-06-13T11:09:48.384+0000] {processor.py:161} INFO - Started process (PID=129) to work on /home/airflow/.local/lib/python3.12/site-packages/airflow/example_dags/example_bash_operator.py
[2026-06-13T11:09:48.385+0000] {processor.py:830} INFO - Processing file /home/airflow/.local/lib/python3.12/site-packages/airflow/example_dags/example_bash_operator.py for tasks to queue
[2026-06-13T11:09:48.388+0000] {logging_mixin.py:188} INFO - [2026-06-13T11:09:48.387+0000] {dagbag.py:545} INFO - Filling up the DagBag from /home/airflow/.local/lib/python3.12/site-packages/airflow/example_dags/example_bash_operator.py
[2026-06-13T11:09:48.400+0000] {processor.py:840} INFO - DAG(s) 'example_bash_operator' retrieved from /home/airflow/.local/lib/python3.12/site-packages/airflow/example_dags/example_bash_operator.py
[2026-06-13T11:09:48.433+0000] {logging_mixin.py:188} INFO - [2026-06-13T11:09:48.433+0000] {dag.py:3096} INFO - Sync 1 DAGs
[2026-06-13T11:09:48.461+0000] {logging_mixin.py:188} INFO - [2026-06-13T11:09:48.461+0000] {dag.py:3954} INFO - Setting next_dagrun for example_bash_operator to 2026-06-12 00:00:00+00:00, run_after=2026-06-13 00:00:00+00:00
[2026-06-13T11:09:48.488+0000] {processor.py:183} INFO - Processing /home/airflow/.local/lib/python3.12/site-packages/airflow/example_dags/example_bash_operator.py took 0.111 seconds
[2026-06-13T11:10:18.930+0000] {processor.py:161} INFO - Started process (PID=188) to work on /home/airflow/.local/lib/python3.12/site-packages/airflow/example_dags/example_bash_operator.py
[2026-06-13T11:10:18.932+0000] {processor.py:830} INFO - Processing file /home/airflow/.local/lib/python3.12/site-packages/airflow/example_dags/example_bash_operator.py for tasks to queue
[2026-06-13T11:10:18.934+0000] {logging_mixin.py:188} INFO - [2026-06-13T11:10:18.934+0000] {dagbag.py:545} INFO - Filling up the DagBag from /home/airflow/.local/lib/python3.12/site-packages/airflow/example_dags/example_bash_operator.py
[2026-06-13T11:10:18.946+0000] {processor.py:840} INFO - DAG(s) 'example_bash_operator' retrieved from /home/airflow/.local/lib/python3.12/site-packages/airflow/example_dags/example_bash_operator.py
[2026-06-13T11:10:18.982+0000] {logging_mixin.py:188} INFO - [2026-06-13T11:10:18.982+0000] {dag.py:3096} INFO - Sync 1 DAGs
[2026-06-13T11:10:19.008+0000] {logging_mixin.py:188} INFO - [2026-06-13T11:10:19.008+0000] {dag.py:3954} INFO - Setting next_dagrun for example_bash_operator to 2026-06-12 00:00:00+00:00, run_after=2026-06-13 00:00:00+00:00
[2026-06-13T11:10:19.036+0000] {processor.py:183} INFO - Processing /home/airflow/.local/lib/python3.12/site-packages/airflow/example_dags/example_bash_operator.py took 0.113 seconds
[2026-06-13T11:10:49.519+0000] {processor.py:161} INFO - Started process (PID=253) to work on /home/airflow/.local/lib/python3.12/site-packages/airflow/example_dags/example_bash_operator.py
[2026-06-13T11:10:49.521+0000] {processor.py:830} INFO - Processing file /home/airflow/.local/lib/python3.12/site-packages/airflow/example_dags/example_bash_operator.py for tasks to queue
[2026-06-13T11:10:49.524+0000] {logging_mixin.py:188} INFO - [2026-06-13T11:10:49.524+0000] {dagbag.py:545} INFO - Filling up the DagBag from /home/airflow/.local/lib/python3.12/site-packages/airflow/example_dags/example_bash_operator.py
[2026-06-13T11:10:49.537+0000] {processor.py:840} INFO - DAG(s) 'example_bash_operator' retrieved from /home/airflow/.local/lib/python3.12/site-packages/airflow/example_dags/example_bash_operator.py
[2026-06-13T11:10:49.569+0000] {logging_mixin.py:188} INFO - [2026-06-13T11:10:49.569+0000] {dag.py:3096} INFO - Sync 1 DAGs
[2026-06-13T11:10:49.595+0000] {logging_mixin.py:188} INFO - [2026-06-13T11:10:49.595+0000] {dag.py:3954} INFO - Setting next_dagrun for example_bash_operator to 2026-06-12 00:00:00+00:00, run_after=2026-06-13 00:00:00+00:00
[2026-06-13T11:10:49.624+0000] {processor.py:183} INFO - Processing /home/airflow/.local/lib/python3.12/site-packages/airflow/example_dags/example_bash_operator.py took 0.111 seconds
[2026-06-13T11:11:20.495+0000] {processor.py:161} INFO - Started process (PID=312) to work on /home/airflow/.local/lib/python3.12/site-packages/airflow/example_dags/example_bash_operator.py
[2026-06-13T11:11:20.497+0000] {processor.py:830} INFO - Processing file /home/airflow/.local/lib/python3.12/site-packages/airflow/example_dags/example_bash_operator.py for tasks to queue
[2026-06-13T11:11:20.500+0000] {logging_mixin.py:188} INFO - [2026-06-13T11:11:20.499+0000] {dagbag.py:545} INFO - Filling up the DagBag from /home/airflow/.local/lib/python3.12/site-packages/airflow/example_dags/example_bash_operator.py
[2026-06-13T11:11:20.512+0000] {processor.py:840} INFO - DAG(s) 'example_bash_operator' retrieved from /home/airflow/.local/lib/python3.12/site-packages/airflow/example_dags/example_bash_operator.py
[2026-06-13T11:11:20.547+0000] {logging_mixin.py:188} INFO - [2026-06-13T11:11:20.547+0000] {dag.py:3096} INFO - Sync 1 DAGs
[2026-06-13T11:11:20.574+0000] {logging_mixin.py:188} INFO - [2026-06-13T11:11:20.574+0000] {dag.py:3954} INFO - Setting next_dagrun for example_bash_operator to 2026-06-12 00:00:00+00:00, run_after=2026-06-13 00:00:00+00:00
[2026-06-13T11:11:20.602+0000] {processor.py:183} INFO - Processing /home/airflow/.local/lib/python3.12/site-packages/airflow/example_dags/example_bash_operator.py took 0.113 seconds
[2026-06-13T11:11:51.080+0000] {processor.py:161} INFO - Started process (PID=371) to work on /home/airflow/.local/lib/python3.12/site-packages/airflow/example_dags/example_bash_operator.py
[2026-06-13T11:11:51.082+0000] {processor.py:830} INFO - Processing file /home/airflow/.local/lib/python3.12/site-packages/airflow/example_dags/example_bash_operator.py for tasks to queue
[2026-06-13T11:11:51.084+0000] {logging_mixin.py:188} INFO - [2026-06-13T11:11:51.084+0000] {dagbag.py:545} INFO - Filling up the DagBag from /home/airflow/.local/lib/python3.12/site-packages/airflow/example_dags/example_bash_operator.py
[2026-06-13T11:11:51.096+0000] {processor.py:840} INFO - DAG(s) 'example_bash_operator' retrieved from /home/airflow/.local/lib/python3.12/site-packages/airflow/example_dags/example_bash_operator.py
[2026-06-13T11:11:51.131+0000] {logging_mixin.py:188} INFO - [2026-06-13T11:11:51.130+0000] {dag.py:3096} INFO - Sync 1 DAGs
[2026-06-13T11:11:51.157+0000] {logging_mixin.py:188} INFO - [2026-06-13T11:11:51.157+0000] {dag.py:3954} INFO - Setting next_dagrun for example_bash_operator to 2026-06-12 00:00:00+00:00, run_after=2026-06-13 00:00:00+00:00
[2026-06-13T11:11:51.185+0000] {processor.py:183} INFO - Processing /home/airflow/.local/lib/python3.12/site-packages/airflow/example_dags/example_bash_operator.py took 0.111 seconds
[2026-06-13T11:12:21.350+0000] {processor.py:161} INFO - Started process (PID=430) to work on /home/airflow/.local/lib/python3.12/site-packages/airflow/example_dags/example_bash_operator.py
[2026-06-13T11:12:21.352+0000] {processor.py:830} INFO - Processing file /home/airflow/.local/lib/python3.12/site-packages/airflow/example_dags/example_bash_operator.py for tasks to queue
[2026-06-13T11:12:21.355+0000] {logging_mixin.py:188} INFO - [2026-06-13T11:12:21.354+0000] {dagbag.py:545} INFO - Filling up the DagBag from /home/airflow/.local/lib/python3.12/site-packages/airflow/example_dags/example_bash_operator.py
[2026-06-13T11:12:21.367+0000] {processor.py:840} INFO - DAG(s) 'example_bash_operator' retrieved from /home/airflow/.local/lib/python3.12/site-packages/airflow/example_dags/example_bash_operator.py
[2026-06-13T11:12:21.400+0000] {logging_mixin.py:188} INFO - [2026-06-13T11:12:21.400+0000] {dag.py:3096} INFO - Sync 1 DAGs
[2026-06-13T11:12:21.426+0000] {logging_mixin.py:188} INFO - [2026-06-13T11:12:21.426+0000] {dag.py:3954} INFO - Setting next_dagrun for example_bash_operator to 2026-06-12 00:00:00+00:00, run_after=2026-06-13 00:00:00+00:00
[2026-06-13T11:12:21.454+0000] {processor.py:183} INFO - Processing /home/airflow/.local/lib/python3.12/site-packages/airflow/example_dags/example_bash_operator.py took 0.111 seconds
[2026-06-13T11:12:51.572+0000] {processor.py:161} INFO - Started process (PID=489) to work on /home/airflow/.local/lib/python3.12/site-packages/airflow/example_dags/example_bash_operator.py
[2026-06-13T11:12:51.574+0000] {processor.py:830} INFO - Processing file /home/airflow/.local/lib/python3.12/site-packages/airflow/example_dags/example_bash_operator.py for tasks to queue
[2026-06-13T11:12:51.576+0000] {logging_mixin.py:188} INFO - [2026-06-13T11:12:51.576+0000] {dagbag.py:545} INFO - Filling up the DagBag from /home/airflow/.local/lib/python3.12/site-packages/airflow/example_dags/example_bash_operator.py
[2026-06-13T11:12:51.588+0000] {processor.py:840} INFO - DAG(s) 'example_bash_operator' retrieved from /home/airflow/.local/lib/python3.12/site-packages/airflow/example_dags/example_bash_operator.py
[2026-06-13T11:12:51.620+0000] {logging_mixin.py:188} INFO - [2026-06-13T11:12:51.619+0000] {dag.py:3096} INFO - Sync 1 DAGs
[2026-06-13T11:12:51.648+0000] {logging_mixin.py:188} INFO - [2026-06-13T11:12:51.648+0000] {dag.py:3954} INFO - Setting next_dagrun for example_bash_operator to 2026-06-12 00:00:00+00:00, run_after=2026-06-13 00:00:00+00:00
[2026-06-13T11:12:51.680+0000] {processor.py:183} INFO - Processing /home/airflow/.local/lib/python3.12/site-packages/airflow/example_dags/example_bash_operator.py took 0.114 seconds
[2026-06-13T11:13:21.792+0000] {processor.py:161} INFO - Started process (PID=547) to work on /home/airflow/.local/lib/python3.12/site-packages/airflow/example_dags/example_bash_operator.py
[2026-06-13T11:13:21.793+0000] {processor.py:830} INFO - Processing file /home/airflow/.local/lib/python3.12/site-packages/airflow/example_dags/example_bash_operator.py for tasks to queue
[2026-06-13T11:13:21.796+0000] {logging_mixin.py:188} INFO - [2026-06-13T11:13:21.796+0000] {dagbag.py:545} INFO - Filling up the DagBag from /home/airflow/.local/lib/python3.12/site-packages/airflow/example_dags/example_bash_operator.py
[2026-06-13T11:13:21.811+0000] {processor.py:840} INFO - DAG(s) 'example_bash_operator' retrieved from /home/airflow/.local/lib/python3.12/site-packages/airflow/example_dags/example_bash_operator.py
[2026-06-13T11:13:21.847+0000] {logging_mixin.py:188} INFO - [2026-06-13T11:13:21.846+0000] {dag.py:3096} INFO - Sync 1 DAGs
[2026-06-13T11:13:21.873+0000] {logging_mixin.py:188} INFO - [2026-06-13T11:13:21.872+0000] {dag.py:3954} INFO - Setting next_dagrun for example_bash_operator to 2026-06-12 00:00:00+00:00, run_after=2026-06-13 00:00:00+00:00
[2026-06-13T11:13:21.900+0000] {processor.py:183} INFO - Processing /home/airflow/.local/lib/python3.12/site-packages/airflow/example_dags/example_bash_operator.py took 0.115 seconds
[2026-06-13T11:13:52.143+0000] {processor.py:161} INFO - Started process (PID=606) to work on /home/airflow/.local/lib/python3.12/site-packages/airflow/example_dags/example_bash_operator.py
[2026-06-13T11:13:52.145+0000] {processor.py:830} INFO - Processing file /home/airflow/.local/lib/python3.12/site-packages/airflow/example_dags/example_bash_operator.py for tasks to queue
[2026-06-13T11:13:52.149+0000] {logging_mixin.py:188} INFO - [2026-06-13T11:13:52.148+0000] {dagbag.py:545} INFO - Filling up the DagBag from /home/airflow/.local/lib/python3.12/site-packages/airflow/example_dags/example_bash_operator.py
[2026-06-13T11:13:52.160+0000] {processor.py:840} INFO - DAG(s) 'example_bash_operator' retrieved from /home/airflow/.local/lib/python3.12/site-packages/airflow/example_dags/example_bash_operator.py
[2026-06-13T11:13:52.197+0000] {logging_mixin.py:188} INFO - [2026-06-13T11:13:52.197+0000] {dag.py:3096} INFO - Sync 1 DAGs
[2026-06-13T11:13:52.228+0000] {logging_mixin.py:188} INFO - [2026-06-13T11:13:52.227+0000] {dag.py:3954} INFO - Setting next_dagrun for example_bash_operator to 2026-06-12 00:00:00+00:00, run_after=2026-06-13 00:00:00+00:00
[2026-06-13T11:13:52.257+0000] {processor.py:183} INFO - Processing /home/airflow/.local/lib/python3.12/site-packages/airflow/example_dags/example_bash_operator.py took 0.120 seconds
[2026-06-13T11:14:22.670+0000] {processor.py:161} INFO - Started process (PID=665) to work on /home/airflow/.local/lib/python3.12/site-packages/airflow/example_dags/example_bash_operator.py
[2026-06-13T11:14:22.672+0000] {processor.py:830} INFO - Processing file /home/airflow/.local/lib/python3.12/site-packages/airflow/example_dags/example_bash_operator.py for tasks to queue
[2026-06-13T11:14:22.675+0000] {logging_mixin.py:188} INFO - [2026-06-13T11:14:22.675+0000] {dagbag.py:545} INFO - Filling up the DagBag from /home/airflow/.local/lib/python3.12/site-packages/airflow/example_dags/example_bash_operator.py
[2026-06-13T11:14:22.691+0000] {processor.py:840} INFO - DAG(s) 'example_bash_operator' retrieved from /home/airflow/.local/lib/python3.12/site-packages/airflow/example_dags/example_bash_operator.py
[2026-06-13T11:14:22.738+0000] {logging_mixin.py:188} INFO - [2026-06-13T11:14:22.737+0000] {dag.py:3096} INFO - Sync 1 DAGs
[2026-06-13T11:14:22.774+0000] {logging_mixin.py:188} INFO - [2026-06-13T11:14:22.773+0000] {dag.py:3954} INFO - Setting next_dagrun for example_bash_operator to 2026-06-12 00:00:00+00:00, run_after=2026-06-13 00:00:00+00:00
[2026-06-13T11:14:22.809+0000] {processor.py:183} INFO - Processing /home/airflow/.local/lib/python3.12/site-packages/airflow/example_dags/example_bash_operator.py took 0.147 seconds
[2026-06-13T11:14:52.908+0000] {processor.py:161} INFO - Started process (PID=723) to work on /home/airflow/.local/lib/python3.12/site-packages/airflow/example_dags/example_bash_operator.py
[2026-06-13T11:14:52.910+0000] {processor.py:830} INFO - Processing file /home/airflow/.local/lib/python3.12/site-packages/airflow/example_dags/example_bash_operator.py for tasks to queue
[2026-06-13T11:14:52.913+0000] {logging_mixin.py:188} INFO - [2026-06-13T11:14:52.913+0000] {dagbag.py:545} INFO - Filling up the DagBag from /home/airflow/.local/lib/python3.12/site-packages/airflow/example_dags/example_bash_operator.py
[2026-06-13T11:14:52.925+0000] {processor.py:840} INFO - DAG(s) 'example_bash_operator' retrieved from /home/airflow/.local/lib/python3.12/site-packages/airflow/example_dags/example_bash_operator.py
[2026-06-13T11:14:52.957+0000] {logging_mixin.py:188} INFO - [2026-06-13T11:14:52.956+0000] {dag.py:3096} INFO - Sync 1 DAGs
[2026-06-13T11:14:52.984+0000] {logging_mixin.py:188} INFO - [2026-06-13T11:14:52.984+0000] {dag.py:3954} INFO - Setting next_dagrun for example_bash_operator to 2026-06-12 00:00:00+00:00, run_after=2026-06-13 00:00:00+00:00
[2026-06-13T11:14:53.012+0000] {processor.py:183} INFO - Processing /home/airflow/.local/lib/python3.12/site-packages/airflow/example_dags/example_bash_operator.py took 0.109 seconds
[2026-06-13T11:15:23.154+0000] {processor.py:161} INFO - Started process (PID=782) to work on /home/airflow/.local/lib/python3.12/site-packages/airflow/example_dags/example_bash_operator.py
[2026-06-13T11:15:23.155+0000] {processor.py:830} INFO - Processing file /home/airflow/.local/lib/python3.12/site-packages/airflow/example_dags/example_bash_operator.py for tasks to queue
[2026-06-13T11:15:23.158+0000] {logging_mixin.py:188} INFO - [2026-06-13T11:15:23.158+0000] {dagbag.py:545} INFO - Filling up the DagBag from /home/airflow/.local/lib/python3.12/site-packages/airflow/example_dags/example_bash_operator.py
[2026-06-13T11:15:23.171+0000] {processor.py:840} INFO - DAG(s) 'example_bash_operator' retrieved from /home/airflow/.local/lib/python3.12/site-packages/airflow/example_dags/example_bash_operator.py
[2026-06-13T11:15:23.202+0000] {logging_mixin.py:188} INFO - [2026-06-13T11:15:23.202+0000] {dag.py:3096} INFO - Sync 1 DAGs
[2026-06-13T11:15:23.228+0000] {logging_mixin.py:188} INFO - [2026-06-13T11:15:23.228+0000] {dag.py:3954} INFO - Setting next_dagrun for example_bash_operator to 2026-06-12 00:00:00+00:00, run_after=2026-06-13 00:00:00+00:00
[2026-06-13T11:15:23.257+0000] {processor.py:183} INFO - Processing /home/airflow/.local/lib/python3.12/site-packages/airflow/example_dags/example_bash_operator.py took 0.109 seconds
[2026-06-13T11:15:53.759+0000] {processor.py:161} INFO - Started process (PID=841) to work on /home/airflow/.local/lib/python3.12/site-packages/airflow/example_dags/example_bash_operator.py
[2026-06-13T11:15:53.761+0000] {processor.py:830} INFO - Processing file /home/airflow/.local/lib/python3.12/site-packages/airflow/example_dags/example_bash_operator.py for tasks to queue
[2026-06-13T11:15:53.764+0000] {logging_mixin.py:188} INFO - [2026-06-13T11:15:53.764+0000] {dagbag.py:545} INFO - Filling up the DagBag from /home/airflow/.local/lib/python3.12/site-packages/airflow/example_dags/example_bash_operator.py
[2026-06-13T11:15:53.780+0000] {processor.py:840} INFO - DAG(s) 'example_bash_operator' retrieved from /home/airflow/.local/lib/python3.12/site-packages/airflow/example_dags/example_bash_operator.py
[2026-06-13T11:15:53.817+0000] {logging_mixin.py:188} INFO - [2026-06-13T11:15:53.817+0000] {dag.py:3096} INFO - Sync 1 DAGs
[2026-06-13T11:15:53.846+0000] {logging_mixin.py:188} INFO - [2026-06-13T11:15:53.846+0000] {dag.py:3954} INFO - Setting next_dagrun for example_bash_operator to 2026-06-12 00:00:00+00:00, run_after=2026-06-13 00:00:00+00:00
[2026-06-13T11:15:53.877+0000] {processor.py:183} INFO - Processing /home/airflow/.local/lib/python3.12/site-packages/airflow/example_dags/example_bash_operator.py took 0.126 seconds
[2026-06-13T11:16:23.940+0000] {processor.py:161} INFO - Started process (PID=900) to work on /home/airflow/.local/lib/python3.12/site-packages/airflow/example_dags/example_bash_operator.py
[2026-06-13T11:16:23.942+0000] {processor.py:830} INFO - Processing file /home/airflow/.local/lib/python3.12/site-packages/airflow/example_dags/example_bash_operator.py for tasks to queue
[2026-06-13T11:16:23.945+0000] {logging_mixin.py:188} INFO - [2026-06-13T11:16:23.944+0000] {dagbag.py:545} INFO - Filling up the DagBag from /home/airflow/.local/lib/python3.12/site-packages/airflow/example_dags/example_bash_operator.py
[2026-06-13T11:16:23.957+0000] {processor.py:840} INFO - DAG(s) 'example_bash_operator' retrieved from /home/airflow/.local/lib/python3.12/site-packages/airflow/example_dags/example_bash_operator.py
[2026-06-13T11:16:23.987+0000] {logging_mixin.py:188} INFO - [2026-06-13T11:16:23.987+0000] {dag.py:3096} INFO - Sync 1 DAGs
[2026-06-13T11:16:24.012+0000] {logging_mixin.py:188} INFO - [2026-06-13T11:16:24.012+0000] {dag.py:3954} INFO - Setting next_dagrun for example_bash_operator to 2026-06-12 00:00:00+00:00, run_after=2026-06-13 00:00:00+00:00
[2026-06-13T11:16:24.039+0000] {processor.py:183} INFO - Processing /home/airflow/.local/lib/python3.12/site-packages/airflow/example_dags/example_bash_operator.py took 0.105 seconds
[2026-06-13T11:16:54.173+0000] {processor.py:161} INFO - Started process (PID=960) to work on /home/airflow/.local/lib/python3.12/site-packages/airflow/example_dags/example_bash_operator.py
[2026-06-13T11:16:54.175+0000] {processor.py:830} INFO - Processing file /home/airflow/.local/lib/python3.12/site-packages/airflow/example_dags/example_bash_operator.py for tasks to queue
[2026-06-13T11:16:54.178+0000] {logging_mixin.py:188} INFO - [2026-06-13T11:16:54.178+0000] {dagbag.py:545} INFO - Filling up the DagBag from /home/airflow/.local/lib/python3.12/site-packages/airflow/example_dags/example_bash_operator.py
[2026-06-13T11:16:54.190+0000] {processor.py:840} INFO - DAG(s) 'example_bash_operator' retrieved from /home/airflow/.local/lib/python3.12/site-packages/airflow/example_dags/example_bash_operator.py
[2026-06-13T11:16:54.225+0000] {logging_mixin.py:188} INFO - [2026-06-13T11:16:54.224+0000] {dag.py:3096} INFO - Sync 1 DAGs
[2026-06-13T11:16:54.254+0000] {logging_mixin.py:188} INFO - [2026-06-13T11:16:54.253+0000] {dag.py:3954} INFO - Setting next_dagrun for example_bash_operator to 2026-06-12 00:00:00+00:00, run_after=2026-06-13 00:00:00+00:00
[2026-06-13T11:16:54.283+0000] {processor.py:183} INFO - Processing /home/airflow/.local/lib/python3.12/site-packages/airflow/example_dags/example_bash_operator.py took 0.116 seconds
[2026-06-13T11:17:24.707+0000] {processor.py:161} INFO - Started process (PID=1019) to work on /home/airflow/.local/lib/python3.12/site-packages/airflow/example_dags/example_bash_operator.py
[2026-06-13T11:17:24.709+0000] {processor.py:830} INFO - Processing file /home/airflow/.local/lib/python3.12/site-packages/airflow/example_dags/example_bash_operator.py for tasks to queue
[2026-06-13T11:17:24.711+0000] {logging_mixin.py:188} INFO - [2026-06-13T11:17:24.711+0000] {dagbag.py:545} INFO - Filling up the DagBag from /home/airflow/.local/lib/python3.12/site-packages/airflow/example_dags/example_bash_operator.py
[2026-06-13T11:17:24.723+0000] {processor.py:840} INFO - DAG(s) 'example_bash_operator' retrieved from /home/airflow/.local/lib/python3.12/site-packages/airflow/example_dags/example_bash_operator.py
[2026-06-13T11:17:24.755+0000] {logging_mixin.py:188} INFO - [2026-06-13T11:17:24.755+0000] {dag.py:3096} INFO - Sync 1 DAGs
[2026-06-13T11:17:24.779+0000] {logging_mixin.py:188} INFO - [2026-06-13T11:17:24.779+0000] {dag.py:3954} INFO - Setting next_dagrun for example_bash_operator to 2026-06-12 00:00:00+00:00, run_after=2026-06-13 00:00:00+00:00
[2026-06-13T11:17:24.804+0000] {processor.py:183} INFO - Processing /home/airflow/.local/lib/python3.12/site-packages/airflow/example_dags/example_bash_operator.py took 0.102 seconds
[2026-06-13T11:17:55.148+0000] {processor.py:161} INFO - Started process (PID=1078) to work on /home/airflow/.local/lib/python3.12/site-packages/airflow/example_dags/example_bash_operator.py
[2026-06-13T11:17:55.150+0000] {processor.py:830} INFO - Processing file /home/airflow/.local/lib/python3.12/site-packages/airflow/example_dags/example_bash_operator.py for tasks to queue
[2026-06-13T11:17:55.153+0000] {logging_mixin.py:188} INFO - [2026-06-13T11:17:55.153+0000] {dagbag.py:545} INFO - Filling up the DagBag from /home/airflow/.local/lib/python3.12/site-packages/airflow/example_dags/example_bash_operator.py
[2026-06-13T11:17:55.165+0000] {processor.py:840} INFO - DAG(s) 'example_bash_operator' retrieved from /home/airflow/.local/lib/python3.12/site-packages/airflow/example_dags/example_bash_operator.py
[2026-06-13T11:17:55.196+0000] {logging_mixin.py:188} INFO - [2026-06-13T11:17:55.195+0000] {dag.py:3096} INFO - Sync 1 DAGs
[2026-06-13T11:17:55.221+0000] {logging_mixin.py:188} INFO - [2026-06-13T11:17:55.221+0000] {dag.py:3954} INFO - Setting next_dagrun for example_bash_operator to 2026-06-12 00:00:00+00:00, run_after=2026-06-13 00:00:00+00:00
[2026-06-13T11:17:55.249+0000] {processor.py:183} INFO - Processing /home/airflow/.local/lib/python3.12/site-packages/airflow/example_dags/example_bash_operator.py took 0.106 seconds
[2026-06-13T11:18:25.997+0000] {processor.py:161} INFO - Started process (PID=1137) to work on /home/airflow/.local/lib/python3.12/site-packages/airflow/example_dags/example_bash_operator.py
[2026-06-13T11:18:25.999+0000] {processor.py:830} INFO - Processing file /home/airflow/.local/lib/python3.12/site-packages/airflow/example_dags/example_bash_operator.py for tasks to queue
[2026-06-13T11:18:26.001+0000] {logging_mixin.py:188} INFO - [2026-06-13T11:18:26.001+0000] {dagbag.py:545} INFO - Filling up the DagBag from /home/airflow/.local/lib/python3.12/site-packages/airflow/example_dags/example_bash_operator.py
[2026-06-13T11:18:26.014+0000] {processor.py:840} INFO - DAG(s) 'example_bash_operator' retrieved from /home/airflow/.local/lib/python3.12/site-packages/airflow/example_dags/example_bash_operator.py
[2026-06-13T11:18:26.048+0000] {logging_mixin.py:188} INFO - [2026-06-13T11:18:26.048+0000] {dag.py:3096} INFO - Sync 1 DAGs
[2026-06-13T11:18:26.075+0000] {logging_mixin.py:188} INFO - [2026-06-13T11:18:26.075+0000] {dag.py:3954} INFO - Setting next_dagrun for example_bash_operator to 2026-06-12 00:00:00+00:00, run_after=2026-06-13 00:00:00+00:00
[2026-06-13T11:18:26.108+0000] {processor.py:183} INFO - Processing /home/airflow/.local/lib/python3.12/site-packages/airflow/example_dags/example_bash_operator.py took 0.117 seconds
[2026-06-13T11:48:52.460+0000] {processor.py:161} INFO - Started process (PID=1198) to work on /home/airflow/.local/lib/python3.12/site-packages/airflow/example_dags/example_bash_operator.py
[2026-06-13T11:48:52.463+0000] {processor.py:830} INFO - Processing file /home/airflow/.local/lib/python3.12/site-packages/airflow/example_dags/example_bash_operator.py for tasks to queue
[2026-06-13T11:48:52.467+0000] {logging_mixin.py:188} INFO - [2026-06-13T11:48:52.466+0000] {dagbag.py:545} INFO - Filling up the DagBag from /home/airflow/.local/lib/python3.12/site-packages/airflow/example_dags/example_bash_operator.py
[2026-06-13T11:48:52.486+0000] {processor.py:840} INFO - DAG(s) 'example_bash_operator' retrieved from /home/airflow/.local/lib/python3.12/site-packages/airflow/example_dags/example_bash_operator.py
[2026-06-13T11:48:52.535+0000] {logging_mixin.py:188} INFO - [2026-06-13T11:48:52.534+0000] {dag.py:3096} INFO - Sync 1 DAGs
[2026-06-13T11:48:52.575+0000] {logging_mixin.py:188} INFO - [2026-06-13T11:48:52.574+0000] {dag.py:3954} INFO - Setting next_dagrun for example_bash_operator to 2026-06-12 00:00:00+00:00, run_after=2026-06-13 00:00:00+00:00
[2026-06-13T11:48:52.613+0000] {processor.py:183} INFO - Processing /home/airflow/.local/lib/python3.12/site-packages/airflow/example_dags/example_bash_operator.py took 0.163 seconds
[2026-06-13T11:49:23.416+0000] {processor.py:161} INFO - Started process (PID=1257) to work on /home/airflow/.local/lib/python3.12/site-packages/airflow/example_dags/example_bash_operator.py
[2026-06-13T11:49:23.418+0000] {processor.py:830} INFO - Processing file /home/airflow/.local/lib/python3.12/site-packages/airflow/example_dags/example_bash_operator.py for tasks to queue
[2026-06-13T11:49:23.420+0000] {logging_mixin.py:188} INFO - [2026-06-13T11:49:23.420+0000] {dagbag.py:545} INFO - Filling up the DagBag from /home/airflow/.local/lib/python3.12/site-packages/airflow/example_dags/example_bash_operator.py
[2026-06-13T11:49:23.433+0000] {processor.py:840} INFO - DAG(s) 'example_bash_operator' retrieved from /home/airflow/.local/lib/python3.12/site-packages/airflow/example_dags/example_bash_operator.py
[2026-06-13T11:49:23.474+0000] {logging_mixin.py:188} INFO - [2026-06-13T11:49:23.473+0000] {dag.py:3096} INFO - Sync 1 DAGs
[2026-06-13T11:49:23.504+0000] {logging_mixin.py:188} INFO - [2026-06-13T11:49:23.503+0000] {dag.py:3954} INFO - Setting next_dagrun for example_bash_operator to 2026-06-12 00:00:00+00:00, run_after=2026-06-13 00:00:00+00:00
[2026-06-13T11:49:23.530+0000] {processor.py:183} INFO - Processing /home/airflow/.local/lib/python3.12/site-packages/airflow/example_dags/example_bash_operator.py took 0.120 seconds
[2026-06-13T11:49:53.944+0000] {processor.py:161} INFO - Started process (PID=1316) to work on /home/airflow/.local/lib/python3.12/site-packages/airflow/example_dags/example_bash_operator.py
[2026-06-13T11:49:53.945+0000] {processor.py:830} INFO - Processing file /home/airflow/.local/lib/python3.12/site-packages/airflow/example_dags/example_bash_operator.py for tasks to queue
[2026-06-13T11:49:53.948+0000] {logging_mixin.py:188} INFO - [2026-06-13T11:49:53.948+0000] {dagbag.py:545} INFO - Filling up the DagBag from /home/airflow/.local/lib/python3.12/site-packages/airflow/example_dags/example_bash_operator.py
[2026-06-13T11:49:53.961+0000] {processor.py:840} INFO - DAG(s) 'example_bash_operator' retrieved from /home/airflow/.local/lib/python3.12/site-packages/airflow/example_dags/example_bash_operator.py
[2026-06-13T11:49:53.996+0000] {logging_mixin.py:188} INFO - [2026-06-13T11:49:53.996+0000] {dag.py:3096} INFO - Sync 1 DAGs
[2026-06-13T11:49:54.026+0000] {logging_mixin.py:188} INFO - [2026-06-13T11:49:54.026+0000] {dag.py:3954} INFO - Setting next_dagrun for example_bash_operator to 2026-06-12 00:00:00+00:00, run_after=2026-06-13 00:00:00+00:00
[2026-06-13T11:49:54.057+0000] {processor.py:183} INFO - Processing /home/airflow/.local/lib/python3.12/site-packages/airflow/example_dags/example_bash_operator.py took 0.120 seconds
[2026-06-13T11:50:24.599+0000] {processor.py:161} INFO - Started process (PID=1375) to work on /home/airflow/.local/lib/python3.12/site-packages/airflow/example_dags/example_bash_operator.py
[2026-06-13T11:50:24.601+0000] {processor.py:830} INFO - Processing file /home/airflow/.local/lib/python3.12/site-packages/airflow/example_dags/example_bash_operator.py for tasks to queue
[2026-06-13T11:50:24.605+0000] {logging_mixin.py:188} INFO - [2026-06-13T11:50:24.604+0000] {dagbag.py:545} INFO - Filling up the DagBag from /home/airflow/.local/lib/python3.12/site-packages/airflow/example_dags/example_bash_operator.py
[2026-06-13T11:50:24.617+0000] {processor.py:840} INFO - DAG(s) 'example_bash_operator' retrieved from /home/airflow/.local/lib/python3.12/site-packages/airflow/example_dags/example_bash_operator.py
[2026-06-13T11:50:24.651+0000] {logging_mixin.py:188} INFO - [2026-06-13T11:50:24.650+0000] {dag.py:3096} INFO - Sync 1 DAGs
[2026-06-13T11:50:24.677+0000] {logging_mixin.py:188} INFO - [2026-06-13T11:50:24.676+0000] {dag.py:3954} INFO - Setting next_dagrun for example_bash_operator to 2026-06-12 00:00:00+00:00, run_after=2026-06-13 00:00:00+00:00
[2026-06-13T11:50:24.704+0000] {processor.py:183} INFO - Processing /home/airflow/.local/lib/python3.12/site-packages/airflow/example_dags/example_bash_operator.py took 0.111 seconds
[2026-06-13T11:50:55.316+0000] {processor.py:161} INFO - Started process (PID=1434) to work on /home/airflow/.local/lib/python3.12/site-packages/airflow/example_dags/example_bash_operator.py
[2026-06-13T11:50:55.317+0000] {processor.py:830} INFO - Processing file /home/airflow/.local/lib/python3.12/site-packages/airflow/example_dags/example_bash_operator.py for tasks to queue
[2026-06-13T11:50:55.320+0000] {logging_mixin.py:188} INFO - [2026-06-13T11:50:55.319+0000] {dagbag.py:545} INFO - Filling up the DagBag from /home/airflow/.local/lib/python3.12/site-packages/airflow/example_dags/example_bash_operator.py
[2026-06-13T11:50:55.332+0000] {processor.py:840} INFO - DAG(s) 'example_bash_operator' retrieved from /home/airflow/.local/lib/python3.12/site-packages/airflow/example_dags/example_bash_operator.py
[2026-06-13T11:50:55.364+0000] {logging_mixin.py:188} INFO - [2026-06-13T11:50:55.364+0000] {dag.py:3096} INFO - Sync 1 DAGs
[2026-06-13T11:50:55.392+0000] {logging_mixin.py:188} INFO - [2026-06-13T11:50:55.392+0000] {dag.py:3954} INFO - Setting next_dagrun for example_bash_operator to 2026-06-12 00:00:00+00:00, run_after=2026-06-13 00:00:00+00:00
[2026-06-13T11:50:55.420+0000] {processor.py:183} INFO - Processing /home/airflow/.local/lib/python3.12/site-packages/airflow/example_dags/example_bash_operator.py took 0.111 seconds
[2026-06-13T11:51:25.832+0000] {processor.py:161} INFO - Started process (PID=1493) to work on /home/airflow/.local/lib/python3.12/site-packages/airflow/example_dags/example_bash_operator.py
[2026-06-13T11:51:25.834+0000] {processor.py:830} INFO - Processing file /home/airflow/.local/lib/python3.12/site-packages/airflow/example_dags/example_bash_operator.py for tasks to queue
[2026-06-13T11:51:25.837+0000] {logging_mixin.py:188} INFO - [2026-06-13T11:51:25.837+0000] {dagbag.py:545} INFO - Filling up the DagBag from /home/airflow/.local/lib/python3.12/site-packages/airflow/example_dags/example_bash_operator.py
[2026-06-13T11:51:25.849+0000] {processor.py:840} INFO - DAG(s) 'example_bash_operator' retrieved from /home/airflow/.local/lib/python3.12/site-packages/airflow/example_dags/example_bash_operator.py
[2026-06-13T11:51:25.880+0000] {logging_mixin.py:188} INFO - [2026-06-13T11:51:25.880+0000] {dag.py:3096} INFO - Sync 1 DAGs
[2026-06-13T11:51:25.906+0000] {logging_mixin.py:188} INFO - [2026-06-13T11:51:25.906+0000] {dag.py:3954} INFO - Setting next_dagrun for example_bash_operator to 2026-06-12 00:00:00+00:00, run_after=2026-06-13 00:00:00+00:00
[2026-06-13T11:51:25.935+0000] {processor.py:183} INFO - Processing /home/airflow/.local/lib/python3.12/site-packages/airflow/example_dags/example_bash_operator.py took 0.109 seconds
[2026-06-13T11:51:57.176+0000] {processor.py:161} INFO - Started process (PID=1552) to work on /home/airflow/.local/lib/python3.12/site-packages/airflow/example_dags/example_bash_operator.py
[2026-06-13T11:51:57.178+0000] {processor.py:830} INFO - Processing file /home/airflow/.local/lib/python3.12/site-packages/airflow/example_dags/example_bash_operator.py for tasks to queue
[2026-06-13T11:51:57.183+0000] {logging_mixin.py:188} INFO - [2026-06-13T11:51:57.183+0000] {dagbag.py:545} INFO - Filling up the DagBag from /home/airflow/.local/lib/python3.12/site-packages/airflow/example_dags/example_bash_operator.py
[2026-06-13T11:51:57.204+0000] {processor.py:840} INFO - DAG(s) 'example_bash_operator' retrieved from /home/airflow/.local/lib/python3.12/site-packages/airflow/example_dags/example_bash_operator.py
[2026-06-13T11:51:57.269+0000] {logging_mixin.py:188} INFO - [2026-06-13T11:51:57.269+0000] {dag.py:3096} INFO - Sync 1 DAGs
[2026-06-13T11:51:57.306+0000] {logging_mixin.py:188} INFO - [2026-06-13T11:51:57.306+0000] {dag.py:3954} INFO - Setting next_dagrun for example_bash_operator to 2026-06-12 00:00:00+00:00, run_after=2026-06-13 00:00:00+00:00
[2026-06-13T11:51:57.343+0000] {processor.py:183} INFO - Processing /home/airflow/.local/lib/python3.12/site-packages/airflow/example_dags/example_bash_operator.py took 0.175 seconds
[2026-06-13T11:52:28.682+0000] {processor.py:161} INFO - Started process (PID=1611) to work on /home/airflow/.local/lib/python3.12/site-packages/airflow/example_dags/example_bash_operator.py
[2026-06-13T11:52:28.685+0000] {processor.py:830} INFO - Processing file /home/airflow/.local/lib/python3.12/site-packages/airflow/example_dags/example_bash_operator.py for tasks to queue
[2026-06-13T11:52:28.689+0000] {logging_mixin.py:188} INFO - [2026-06-13T11:52:28.689+0000] {dagbag.py:545} INFO - Filling up the DagBag from /home/airflow/.local/lib/python3.12/site-packages/airflow/example_dags/example_bash_operator.py
[2026-06-13T11:52:28.710+0000] {processor.py:840} INFO - DAG(s) 'example_bash_operator' retrieved from /home/airflow/.local/lib/python3.12/site-packages/airflow/example_dags/example_bash_operator.py
[2026-06-13T11:52:28.758+0000] {logging_mixin.py:188} INFO - [2026-06-13T11:52:28.758+0000] {dag.py:3096} INFO - Sync 1 DAGs
[2026-06-13T11:52:28.790+0000] {logging_mixin.py:188} INFO - [2026-06-13T11:52:28.789+0000] {dag.py:3954} INFO - Setting next_dagrun for example_bash_operator to 2026-06-12 00:00:00+00:00, run_after=2026-06-13 00:00:00+00:00
[2026-06-13T11:52:28.818+0000] {processor.py:183} INFO - Processing /home/airflow/.local/lib/python3.12/site-packages/airflow/example_dags/example_bash_operator.py took 0.145 seconds
[2026-06-13T11:52:59.311+0000] {processor.py:161} INFO - Started process (PID=1670) to work on /home/airflow/.local/lib/python3.12/site-packages/airflow/example_dags/example_bash_operator.py
[2026-06-13T11:52:59.313+0000] {processor.py:830} INFO - Processing file /home/airflow/.local/lib/python3.12/site-packages/airflow/example_dags/example_bash_operator.py for tasks to queue
[2026-06-13T11:52:59.316+0000] {logging_mixin.py:188} INFO - [2026-06-13T11:52:59.315+0000] {dagbag.py:545} INFO - Filling up the DagBag from /home/airflow/.local/lib/python3.12/site-packages/airflow/example_dags/example_bash_operator.py
[2026-06-13T11:52:59.328+0000] {processor.py:840} INFO - DAG(s) 'example_bash_operator' retrieved from /home/airflow/.local/lib/python3.12/site-packages/airflow/example_dags/example_bash_operator.py
[2026-06-13T11:52:59.361+0000] {logging_mixin.py:188} INFO - [2026-06-13T11:52:59.360+0000] {dag.py:3096} INFO - Sync 1 DAGs
[2026-06-13T11:52:59.387+0000] {logging_mixin.py:188} INFO - [2026-06-13T11:52:59.387+0000] {dag.py:3954} INFO - Setting next_dagrun for example_bash_operator to 2026-06-12 00:00:00+00:00, run_after=2026-06-13 00:00:00+00:00
[2026-06-13T11:52:59.415+0000] {processor.py:183} INFO - Processing /home/airflow/.local/lib/python3.12/site-packages/airflow/example_dags/example_bash_operator.py took 0.110 seconds
[2026-06-13T11:53:30.031+0000] {processor.py:161} INFO - Started process (PID=1729) to work on /home/airflow/.local/lib/python3.12/site-packages/airflow/example_dags/example_bash_operator.py
[2026-06-13T11:53:30.032+0000] {processor.py:830} INFO - Processing file /home/airflow/.local/lib/python3.12/site-packages/airflow/example_dags/example_bash_operator.py for tasks to queue
[2026-06-13T11:53:30.035+0000] {logging_mixin.py:188} INFO - [2026-06-13T11:53:30.035+0000] {dagbag.py:545} INFO - Filling up the DagBag from /home/airflow/.local/lib/python3.12/site-packages/airflow/example_dags/example_bash_operator.py
[2026-06-13T11:53:30.048+0000] {processor.py:840} INFO - DAG(s) 'example_bash_operator' retrieved from /home/airflow/.local/lib/python3.12/site-packages/airflow/example_dags/example_bash_operator.py
[2026-06-13T11:53:30.082+0000] {logging_mixin.py:188} INFO - [2026-06-13T11:53:30.082+0000] {dag.py:3096} INFO - Sync 1 DAGs
[2026-06-13T11:53:30.109+0000] {logging_mixin.py:188} INFO - [2026-06-13T11:53:30.109+0000] {dag.py:3954} INFO - Setting next_dagrun for example_bash_operator to 2026-06-12 00:00:00+00:00, run_after=2026-06-13 00:00:00+00:00
[2026-06-13T11:53:30.135+0000] {processor.py:183} INFO - Processing /home/airflow/.local/lib/python3.12/site-packages/airflow/example_dags/example_bash_operator.py took 0.111 seconds
[2026-06-13T11:54:00.511+0000] {processor.py:161} INFO - Started process (PID=1788) to work on /home/airflow/.local/lib/python3.12/site-packages/airflow/example_dags/example_bash_operator.py
[2026-06-13T11:54:00.513+0000] {processor.py:830} INFO - Processing file /home/airflow/.local/lib/python3.12/site-packages/airflow/example_dags/example_bash_operator.py for tasks to queue
[2026-06-13T11:54:00.516+0000] {logging_mixin.py:188} INFO - [2026-06-13T11:54:00.515+0000] {dagbag.py:545} INFO - Filling up the DagBag from /home/airflow/.local/lib/python3.12/site-packages/airflow/example_dags/example_bash_operator.py
[2026-06-13T11:54:00.528+0000] {processor.py:840} INFO - DAG(s) 'example_bash_operator' retrieved from /home/airflow/.local/lib/python3.12/site-packages/airflow/example_dags/example_bash_operator.py
[2026-06-13T11:54:00.559+0000] {logging_mixin.py:188} INFO - [2026-06-13T11:54:00.559+0000] {dag.py:3096} INFO - Sync 1 DAGs
[2026-06-13T11:54:00.585+0000] {logging_mixin.py:188} INFO - [2026-06-13T11:54:00.585+0000] {dag.py:3954} INFO - Setting next_dagrun for example_bash_operator to 2026-06-12 00:00:00+00:00, run_after=2026-06-13 00:00:00+00:00
[2026-06-13T11:54:00.609+0000] {processor.py:183} INFO - Processing /home/airflow/.local/lib/python3.12/site-packages/airflow/example_dags/example_bash_operator.py took 0.104 seconds
[2026-06-13T11:54:31.723+0000] {processor.py:161} INFO - Started process (PID=1847) to work on /home/airflow/.local/lib/python3.12/site-packages/airflow/example_dags/example_bash_operator.py
[2026-06-13T11:54:31.726+0000] {processor.py:830} INFO - Processing file /home/airflow/.local/lib/python3.12/site-packages/airflow/example_dags/example_bash_operator.py for tasks to queue
[2026-06-13T11:54:31.734+0000] {logging_mixin.py:188} INFO - [2026-06-13T11:54:31.734+0000] {dagbag.py:545} INFO - Filling up the DagBag from /home/airflow/.local/lib/python3.12/site-packages/airflow/example_dags/example_bash_operator.py
[2026-06-13T11:54:31.756+0000] {processor.py:840} INFO - DAG(s) 'example_bash_operator' retrieved from /home/airflow/.local/lib/python3.12/site-packages/airflow/example_dags/example_bash_operator.py
[2026-06-13T11:54:31.793+0000] {logging_mixin.py:188} INFO - [2026-06-13T11:54:31.792+0000] {dag.py:3096} INFO - Sync 1 DAGs
[2026-06-13T11:54:31.954+0000] {logging_mixin.py:188} INFO - [2026-06-13T11:54:31.954+0000] {dag.py:3954} INFO - Setting next_dagrun for example_bash_operator to 2026-06-12 00:00:00+00:00, run_after=2026-06-13 00:00:00+00:00
[2026-06-13T11:54:31.983+0000] {processor.py:183} INFO - Processing /home/airflow/.local/lib/python3.12/site-packages/airflow/example_dags/example_bash_operator.py took 0.267 seconds
[2026-06-13T11:55:02.803+0000] {processor.py:161} INFO - Started process (PID=1907) to work on /home/airflow/.local/lib/python3.12/site-packages/airflow/example_dags/example_bash_operator.py
[2026-06-13T11:55:02.805+0000] {processor.py:830} INFO - Processing file /home/airflow/.local/lib/python3.12/site-packages/airflow/example_dags/example_bash_operator.py for tasks to queue
[2026-06-13T11:55:02.807+0000] {logging_mixin.py:188} INFO - [2026-06-13T11:55:02.807+0000] {dagbag.py:545} INFO - Filling up the DagBag from /home/airflow/.local/lib/python3.12/site-packages/airflow/example_dags/example_bash_operator.py
[2026-06-13T11:55:02.820+0000] {processor.py:840} INFO - DAG(s) 'example_bash_operator' retrieved from /home/airflow/.local/lib/python3.12/site-packages/airflow/example_dags/example_bash_operator.py
[2026-06-13T11:55:02.853+0000] {logging_mixin.py:188} INFO - [2026-06-13T11:55:02.853+0000] {dag.py:3096} INFO - Sync 1 DAGs
[2026-06-13T11:55:02.881+0000] {logging_mixin.py:188} INFO - [2026-06-13T11:55:02.881+0000] {dag.py:3954} INFO - Setting next_dagrun for example_bash_operator to 2026-06-12 00:00:00+00:00, run_after=2026-06-13 00:00:00+00:00
[2026-06-13T11:55:03.051+0000] {processor.py:183} INFO - Processing /home/airflow/.local/lib/python3.12/site-packages/airflow/example_dags/example_bash_operator.py took 0.255 seconds
[2026-06-13T11:55:33.225+0000] {processor.py:161} INFO - Started process (PID=1966) to work on /home/airflow/.local/lib/python3.12/site-packages/airflow/example_dags/example_bash_operator.py
[2026-06-13T11:55:33.227+0000] {processor.py:830} INFO - Processing file /home/airflow/.local/lib/python3.12/site-packages/airflow/example_dags/example_bash_operator.py for tasks to queue
[2026-06-13T11:55:33.230+0000] {logging_mixin.py:188} INFO - [2026-06-13T11:55:33.229+0000] {dagbag.py:545} INFO - Filling up the DagBag from /home/airflow/.local/lib/python3.12/site-packages/airflow/example_dags/example_bash_operator.py
[2026-06-13T11:55:33.241+0000] {processor.py:840} INFO - DAG(s) 'example_bash_operator' retrieved from /home/airflow/.local/lib/python3.12/site-packages/airflow/example_dags/example_bash_operator.py
[2026-06-13T11:55:33.274+0000] {logging_mixin.py:188} INFO - [2026-06-13T11:55:33.274+0000] {dag.py:3096} INFO - Sync 1 DAGs
[2026-06-13T11:55:33.301+0000] {logging_mixin.py:188} INFO - [2026-06-13T11:55:33.301+0000] {dag.py:3954} INFO - Setting next_dagrun for example_bash_operator to 2026-06-12 00:00:00+00:00, run_after=2026-06-13 00:00:00+00:00
[2026-06-13T11:55:33.326+0000] {processor.py:183} INFO - Processing /home/airflow/.local/lib/python3.12/site-packages/airflow/example_dags/example_bash_operator.py took 0.108 seconds
[2026-06-13T11:57:49.435+0000] {processor.py:161} INFO - Started process (PID=2025) to work on /home/airflow/.local/lib/python3.12/site-packages/airflow/example_dags/example_bash_operator.py
[2026-06-13T11:57:49.436+0000] {processor.py:830} INFO - Processing file /home/airflow/.local/lib/python3.12/site-packages/airflow/example_dags/example_bash_operator.py for tasks to queue
[2026-06-13T11:57:49.439+0000] {logging_mixin.py:188} INFO - [2026-06-13T11:57:49.438+0000] {dagbag.py:545} INFO - Filling up the DagBag from /home/airflow/.local/lib/python3.12/site-packages/airflow/example_dags/example_bash_operator.py
[2026-06-13T11:57:49.451+0000] {processor.py:840} INFO - DAG(s) 'example_bash_operator' retrieved from /home/airflow/.local/lib/python3.12/site-packages/airflow/example_dags/example_bash_operator.py
[2026-06-13T11:57:49.486+0000] {logging_mixin.py:188} INFO - [2026-06-13T11:57:49.485+0000] {dag.py:3096} INFO - Sync 1 DAGs
[2026-06-13T11:57:49.513+0000] {logging_mixin.py:188} INFO - [2026-06-13T11:57:49.512+0000] {dag.py:3954} INFO - Setting next_dagrun for example_bash_operator to 2026-06-12 00:00:00+00:00, run_after=2026-06-13 00:00:00+00:00
[2026-06-13T11:57:49.543+0000] {processor.py:183} INFO - Processing /home/airflow/.local/lib/python3.12/site-packages/airflow/example_dags/example_bash_operator.py took 0.115 seconds
[2026-06-13T11:58:19.779+0000] {processor.py:161} INFO - Started process (PID=2092) to work on /home/airflow/.local/lib/python3.12/site-packages/airflow/example_dags/example_bash_operator.py
[2026-06-13T11:58:19.781+0000] {processor.py:830} INFO - Processing file /home/airflow/.local/lib/python3.12/site-packages/airflow/example_dags/example_bash_operator.py for tasks to queue
[2026-06-13T11:58:19.783+0000] {logging_mixin.py:188} INFO - [2026-06-13T11:58:19.783+0000] {dagbag.py:545} INFO - Filling up the DagBag from /home/airflow/.local/lib/python3.12/site-packages/airflow/example_dags/example_bash_operator.py
[2026-06-13T11:58:19.795+0000] {processor.py:840} INFO - DAG(s) 'example_bash_operator' retrieved from /home/airflow/.local/lib/python3.12/site-packages/airflow/example_dags/example_bash_operator.py
[2026-06-13T11:58:19.828+0000] {logging_mixin.py:188} INFO - [2026-06-13T11:58:19.828+0000] {dag.py:3096} INFO - Sync 1 DAGs
[2026-06-13T11:58:19.853+0000] {logging_mixin.py:188} INFO - [2026-06-13T11:58:19.853+0000] {dag.py:3954} INFO - Setting next_dagrun for example_bash_operator to 2026-06-12 00:00:00+00:00, run_after=2026-06-13 00:00:00+00:00
[2026-06-13T11:58:19.880+0000] {processor.py:183} INFO - Processing /home/airflow/.local/lib/python3.12/site-packages/airflow/example_dags/example_bash_operator.py took 0.107 seconds
[2026-06-13T11:58:50.588+0000] {processor.py:161} INFO - Started process (PID=2152) to work on /home/airflow/.local/lib/python3.12/site-packages/airflow/example_dags/example_bash_operator.py
[2026-06-13T11:58:50.590+0000] {processor.py:830} INFO - Processing file /home/airflow/.local/lib/python3.12/site-packages/airflow/example_dags/example_bash_operator.py for tasks to queue
[2026-06-13T11:58:50.592+0000] {logging_mixin.py:188} INFO - [2026-06-13T11:58:50.592+0000] {dagbag.py:545} INFO - Filling up the DagBag from /home/airflow/.local/lib/python3.12/site-packages/airflow/example_dags/example_bash_operator.py
[2026-06-13T11:58:50.605+0000] {processor.py:840} INFO - DAG(s) 'example_bash_operator' retrieved from /home/airflow/.local/lib/python3.12/site-packages/airflow/example_dags/example_bash_operator.py
[2026-06-13T11:58:50.637+0000] {logging_mixin.py:188} INFO - [2026-06-13T11:58:50.637+0000] {dag.py:3096} INFO - Sync 1 DAGs
[2026-06-13T11:58:50.662+0000] {logging_mixin.py:188} INFO - [2026-06-13T11:58:50.662+0000] {dag.py:3954} INFO - Setting next_dagrun for example_bash_operator to 2026-06-12 00:00:00+00:00, run_after=2026-06-13 00:00:00+00:00
[2026-06-13T11:58:50.687+0000] {processor.py:183} INFO - Processing /home/airflow/.local/lib/python3.12/site-packages/airflow/example_dags/example_bash_operator.py took 0.105 seconds
[2026-06-13T11:59:21.223+0000] {processor.py:161} INFO - Started process (PID=2250) to work on /home/airflow/.local/lib/python3.12/site-packages/airflow/example_dags/example_bash_operator.py
[2026-06-13T11:59:21.225+0000] {processor.py:830} INFO - Processing file /home/airflow/.local/lib/python3.12/site-packages/airflow/example_dags/example_bash_operator.py for tasks to queue
[2026-06-13T11:59:21.227+0000] {logging_mixin.py:188} INFO - [2026-06-13T11:59:21.227+0000] {dagbag.py:545} INFO - Filling up the DagBag from /home/airflow/.local/lib/python3.12/site-packages/airflow/example_dags/example_bash_operator.py
[2026-06-13T11:59:21.239+0000] {processor.py:840} INFO - DAG(s) 'example_bash_operator' retrieved from /home/airflow/.local/lib/python3.12/site-packages/airflow/example_dags/example_bash_operator.py
[2026-06-13T11:59:21.272+0000] {logging_mixin.py:188} INFO - [2026-06-13T11:59:21.271+0000] {dag.py:3096} INFO - Sync 1 DAGs
[2026-06-13T11:59:21.296+0000] {logging_mixin.py:188} INFO - [2026-06-13T11:59:21.296+0000] {dag.py:3954} INFO - Setting next_dagrun for example_bash_operator to 2026-06-12 00:00:00+00:00, run_after=2026-06-13 00:00:00+00:00
[2026-06-13T11:59:21.324+0000] {processor.py:183} INFO - Processing /home/airflow/.local/lib/python3.12/site-packages/airflow/example_dags/example_bash_operator.py took 0.111 seconds
[2026-06-13T11:59:51.589+0000] {processor.py:161} INFO - Started process (PID=2309) to work on /home/airflow/.local/lib/python3.12/site-packages/airflow/example_dags/example_bash_operator.py
[2026-06-13T11:59:51.591+0000] {processor.py:830} INFO - Processing file /home/airflow/.local/lib/python3.12/site-packages/airflow/example_dags/example_bash_operator.py for tasks to queue
[2026-06-13T11:59:51.594+0000] {logging_mixin.py:188} INFO - [2026-06-13T11:59:51.593+0000] {dagbag.py:545} INFO - Filling up the DagBag from /home/airflow/.local/lib/python3.12/site-packages/airflow/example_dags/example_bash_operator.py
[2026-06-13T11:59:51.606+0000] {processor.py:840} INFO - DAG(s) 'example_bash_operator' retrieved from /home/airflow/.local/lib/python3.12/site-packages/airflow/example_dags/example_bash_operator.py
[2026-06-13T11:59:51.640+0000] {logging_mixin.py:188} INFO - [2026-06-13T11:59:51.640+0000] {dag.py:3096} INFO - Sync 1 DAGs
[2026-06-13T11:59:51.665+0000] {logging_mixin.py:188} INFO - [2026-06-13T11:59:51.665+0000] {dag.py:3954} INFO - Setting next_dagrun for example_bash_operator to 2026-06-12 00:00:00+00:00, run_after=2026-06-13 00:00:00+00:00
[2026-06-13T11:59:51.693+0000] {processor.py:183} INFO - Processing /home/airflow/.local/lib/python3.12/site-packages/airflow/example_dags/example_bash_operator.py took 0.113 seconds
[2026-06-13T12:00:22.098+0000] {processor.py:161} INFO - Started process (PID=2368) to work on /home/airflow/.local/lib/python3.12/site-packages/airflow/example_dags/example_bash_operator.py
[2026-06-13T12:00:22.100+0000] {processor.py:830} INFO - Processing file /home/airflow/.local/lib/python3.12/site-packages/airflow/example_dags/example_bash_operator.py for tasks to queue
[2026-06-13T12:00:22.103+0000] {logging_mixin.py:188} INFO - [2026-06-13T12:00:22.102+0000] {dagbag.py:545} INFO - Filling up the DagBag from /home/airflow/.local/lib/python3.12/site-packages/airflow/example_dags/example_bash_operator.py
[2026-06-13T12:00:22.115+0000] {processor.py:840} INFO - DAG(s) 'example_bash_operator' retrieved from /home/airflow/.local/lib/python3.12/site-packages/airflow/example_dags/example_bash_operator.py
[2026-06-13T12:00:22.153+0000] {logging_mixin.py:188} INFO - [2026-06-13T12:00:22.152+0000] {dag.py:3096} INFO - Sync 1 DAGs
[2026-06-13T12:00:22.180+0000] {logging_mixin.py:188} INFO - [2026-06-13T12:00:22.180+0000] {dag.py:3954} INFO - Setting next_dagrun for example_bash_operator to 2026-06-12 00:00:00+00:00, run_after=2026-06-13 00:00:00+00:00
[2026-06-13T12:00:22.207+0000] {processor.py:183} INFO - Processing /home/airflow/.local/lib/python3.12/site-packages/airflow/example_dags/example_bash_operator.py took 0.119 seconds
[2026-06-13T12:00:52.450+0000] {processor.py:161} INFO - Started process (PID=2445) to work on /home/airflow/.local/lib/python3.12/site-packages/airflow/example_dags/example_bash_operator.py
[2026-06-13T12:00:52.452+0000] {processor.py:830} INFO - Processing file /home/airflow/.local/lib/python3.12/site-packages/airflow/example_dags/example_bash_operator.py for tasks to queue
[2026-06-13T12:00:52.455+0000] {logging_mixin.py:188} INFO - [2026-06-13T12:00:52.454+0000] {dagbag.py:545} INFO - Filling up the DagBag from /home/airflow/.local/lib/python3.12/site-packages/airflow/example_dags/example_bash_operator.py
[2026-06-13T12:00:52.468+0000] {processor.py:840} INFO - DAG(s) 'example_bash_operator' retrieved from /home/airflow/.local/lib/python3.12/site-packages/airflow/example_dags/example_bash_operator.py
[2026-06-13T12:00:52.515+0000] {logging_mixin.py:188} INFO - [2026-06-13T12:00:52.514+0000] {dag.py:3096} INFO - Sync 1 DAGs
[2026-06-13T12:00:52.545+0000] {logging_mixin.py:188} INFO - [2026-06-13T12:00:52.545+0000] {dag.py:3954} INFO - Setting next_dagrun for example_bash_operator to 2026-06-12 00:00:00+00:00, run_after=2026-06-13 00:00:00+00:00
[2026-06-13T12:00:52.577+0000] {processor.py:183} INFO - Processing /home/airflow/.local/lib/python3.12/site-packages/airflow/example_dags/example_bash_operator.py took 0.137 seconds
[2026-06-13T12:01:23.620+0000] {processor.py:161} INFO - Started process (PID=2504) to work on /home/airflow/.local/lib/python3.12/site-packages/airflow/example_dags/example_bash_operator.py
[2026-06-13T12:01:23.623+0000] {processor.py:830} INFO - Processing file /home/airflow/.local/lib/python3.12/site-packages/airflow/example_dags/example_bash_operator.py for tasks to queue
[2026-06-13T12:01:23.627+0000] {logging_mixin.py:188} INFO - [2026-06-13T12:01:23.626+0000] {dagbag.py:545} INFO - Filling up the DagBag from /home/airflow/.local/lib/python3.12/site-packages/airflow/example_dags/example_bash_operator.py
[2026-06-13T12:01:23.646+0000] {processor.py:840} INFO - DAG(s) 'example_bash_operator' retrieved from /home/airflow/.local/lib/python3.12/site-packages/airflow/example_dags/example_bash_operator.py
[2026-06-13T12:01:23.702+0000] {logging_mixin.py:188} INFO - [2026-06-13T12:01:23.701+0000] {dag.py:3096} INFO - Sync 1 DAGs
[2026-06-13T12:01:23.762+0000] {logging_mixin.py:188} INFO - [2026-06-13T12:01:23.761+0000] {dag.py:3954} INFO - Setting next_dagrun for example_bash_operator to 2026-06-12 00:00:00+00:00, run_after=2026-06-13 00:00:00+00:00
[2026-06-13T12:01:23.813+0000] {processor.py:183} INFO - Processing /home/airflow/.local/lib/python3.12/site-packages/airflow/example_dags/example_bash_operator.py took 0.208 seconds
[2026-06-13T12:01:54.027+0000] {processor.py:161} INFO - Started process (PID=2563) to work on /home/airflow/.local/lib/python3.12/site-packages/airflow/example_dags/example_bash_operator.py
[2026-06-13T12:01:54.029+0000] {processor.py:830} INFO - Processing file /home/airflow/.local/lib/python3.12/site-packages/airflow/example_dags/example_bash_operator.py for tasks to queue
[2026-06-13T12:01:54.031+0000] {logging_mixin.py:188} INFO - [2026-06-13T12:01:54.031+0000] {dagbag.py:545} INFO - Filling up the DagBag from /home/airflow/.local/lib/python3.12/site-packages/airflow/example_dags/example_bash_operator.py
[2026-06-13T12:01:54.044+0000] {processor.py:840} INFO - DAG(s) 'example_bash_operator' retrieved from /home/airflow/.local/lib/python3.12/site-packages/airflow/example_dags/example_bash_operator.py
[2026-06-13T12:01:54.077+0000] {logging_mixin.py:188} INFO - [2026-06-13T12:01:54.076+0000] {dag.py:3096} INFO - Sync 1 DAGs
[2026-06-13T12:01:54.102+0000] {logging_mixin.py:188} INFO - [2026-06-13T12:01:54.102+0000] {dag.py:3954} INFO - Setting next_dagrun for example_bash_operator to 2026-06-12 00:00:00+00:00, run_after=2026-06-13 00:00:00+00:00
[2026-06-13T12:01:54.130+0000] {processor.py:183} INFO - Processing /home/airflow/.local/lib/python3.12/site-packages/airflow/example_dags/example_bash_operator.py took 0.112 seconds
[2026-06-13T12:02:24.555+0000] {processor.py:161} INFO - Started process (PID=2630) to work on /home/airflow/.local/lib/python3.12/site-packages/airflow/example_dags/example_bash_operator.py
[2026-06-13T12:02:24.557+0000] {processor.py:830} INFO - Processing file /home/airflow/.local/lib/python3.12/site-packages/airflow/example_dags/example_bash_operator.py for tasks to queue
[2026-06-13T12:02:24.559+0000] {logging_mixin.py:188} INFO - [2026-06-13T12:02:24.559+0000] {dagbag.py:545} INFO - Filling up the DagBag from /home/airflow/.local/lib/python3.12/site-packages/airflow/example_dags/example_bash_operator.py
[2026-06-13T12:02:24.573+0000] {processor.py:840} INFO - DAG(s) 'example_bash_operator' retrieved from /home/airflow/.local/lib/python3.12/site-packages/airflow/example_dags/example_bash_operator.py
[2026-06-13T12:02:24.622+0000] {logging_mixin.py:188} INFO - [2026-06-13T12:02:24.622+0000] {dag.py:3096} INFO - Sync 1 DAGs
[2026-06-13T12:02:24.651+0000] {logging_mixin.py:188} INFO - [2026-06-13T12:02:24.651+0000] {dag.py:3954} INFO - Setting next_dagrun for example_bash_operator to 2026-06-12 00:00:00+00:00, run_after=2026-06-13 00:00:00+00:00
[2026-06-13T12:02:24.682+0000] {processor.py:183} INFO - Processing /home/airflow/.local/lib/python3.12/site-packages/airflow/example_dags/example_bash_operator.py took 0.138 seconds
[2026-06-13T12:02:54.909+0000] {processor.py:161} INFO - Started process (PID=2745) to work on /home/airflow/.local/lib/python3.12/site-packages/airflow/example_dags/example_bash_operator.py
[2026-06-13T12:02:54.911+0000] {processor.py:830} INFO - Processing file /home/airflow/.local/lib/python3.12/site-packages/airflow/example_dags/example_bash_operator.py for tasks to queue
[2026-06-13T12:02:54.914+0000] {logging_mixin.py:188} INFO - [2026-06-13T12:02:54.913+0000] {dagbag.py:545} INFO - Filling up the DagBag from /home/airflow/.local/lib/python3.12/site-packages/airflow/example_dags/example_bash_operator.py
[2026-06-13T12:02:54.929+0000] {processor.py:840} INFO - DAG(s) 'example_bash_operator' retrieved from /home/airflow/.local/lib/python3.12/site-packages/airflow/example_dags/example_bash_operator.py
[2026-06-13T12:02:54.984+0000] {logging_mixin.py:188} INFO - [2026-06-13T12:02:54.984+0000] {dag.py:3096} INFO - Sync 1 DAGs
[2026-06-13T12:02:55.030+0000] {logging_mixin.py:188} INFO - [2026-06-13T12:02:55.030+0000] {dag.py:3954} INFO - Setting next_dagrun for example_bash_operator to 2026-06-12 00:00:00+00:00, run_after=2026-06-13 00:00:00+00:00
[2026-06-13T12:02:55.070+0000] {processor.py:183} INFO - Processing /home/airflow/.local/lib/python3.12/site-packages/airflow/example_dags/example_bash_operator.py took 0.173 seconds
[2026-06-13T12:03:25.505+0000] {processor.py:161} INFO - Started process (PID=2804) to work on /home/airflow/.local/lib/python3.12/site-packages/airflow/example_dags/example_bash_operator.py
[2026-06-13T12:03:25.506+0000] {processor.py:830} INFO - Processing file /home/airflow/.local/lib/python3.12/site-packages/airflow/example_dags/example_bash_operator.py for tasks to queue
[2026-06-13T12:03:25.509+0000] {logging_mixin.py:188} INFO - [2026-06-13T12:03:25.508+0000] {dagbag.py:545} INFO - Filling up the DagBag from /home/airflow/.local/lib/python3.12/site-packages/airflow/example_dags/example_bash_operator.py
[2026-06-13T12:03:25.521+0000] {processor.py:840} INFO - DAG(s) 'example_bash_operator' retrieved from /home/airflow/.local/lib/python3.12/site-packages/airflow/example_dags/example_bash_operator.py
[2026-06-13T12:03:25.550+0000] {logging_mixin.py:188} INFO - [2026-06-13T12:03:25.550+0000] {dag.py:3096} INFO - Sync 1 DAGs
[2026-06-13T12:03:25.577+0000] {logging_mixin.py:188} INFO - [2026-06-13T12:03:25.577+0000] {dag.py:3954} INFO - Setting next_dagrun for example_bash_operator to 2026-06-12 00:00:00+00:00, run_after=2026-06-13 00:00:00+00:00
[2026-06-13T12:03:25.604+0000] {processor.py:183} INFO - Processing /home/airflow/.local/lib/python3.12/site-packages/airflow/example_dags/example_bash_operator.py took 0.109 seconds
[2026-06-13T12:03:56.183+0000] {processor.py:161} INFO - Started process (PID=2863) to work on /home/airflow/.local/lib/python3.12/site-packages/airflow/example_dags/example_bash_operator.py
[2026-06-13T12:03:56.185+0000] {processor.py:830} INFO - Processing file /home/airflow/.local/lib/python3.12/site-packages/airflow/example_dags/example_bash_operator.py for tasks to queue
[2026-06-13T12:03:56.188+0000] {logging_mixin.py:188} INFO - [2026-06-13T12:03:56.187+0000] {dagbag.py:545} INFO - Filling up the DagBag from /home/airflow/.local/lib/python3.12/site-packages/airflow/example_dags/example_bash_operator.py
[2026-06-13T12:03:56.200+0000] {processor.py:840} INFO - DAG(s) 'example_bash_operator' retrieved from /home/airflow/.local/lib/python3.12/site-packages/airflow/example_dags/example_bash_operator.py
[2026-06-13T12:03:56.238+0000] {logging_mixin.py:188} INFO - [2026-06-13T12:03:56.237+0000] {dag.py:3096} INFO - Sync 1 DAGs
[2026-06-13T12:03:56.272+0000] {logging_mixin.py:188} INFO - [2026-06-13T12:03:56.271+0000] {dag.py:3954} INFO - Setting next_dagrun for example_bash_operator to 2026-06-12 00:00:00+00:00, run_after=2026-06-13 00:00:00+00:00
[2026-06-13T12:03:56.298+0000] {processor.py:183} INFO - Processing /home/airflow/.local/lib/python3.12/site-packages/airflow/example_dags/example_bash_operator.py took 0.126 seconds
[2026-06-13T12:04:26.675+0000] {processor.py:161} INFO - Started process (PID=2937) to work on /home/airflow/.local/lib/python3.12/site-packages/airflow/example_dags/example_bash_operator.py
[2026-06-13T12:04:26.677+0000] {processor.py:830} INFO - Processing file /home/airflow/.local/lib/python3.12/site-packages/airflow/example_dags/example_bash_operator.py for tasks to queue
[2026-06-13T12:04:26.680+0000] {logging_mixin.py:188} INFO - [2026-06-13T12:04:26.679+0000] {dagbag.py:545} INFO - Filling up the DagBag from /home/airflow/.local/lib/python3.12/site-packages/airflow/example_dags/example_bash_operator.py
[2026-06-13T12:04:26.693+0000] {processor.py:840} INFO - DAG(s) 'example_bash_operator' retrieved from /home/airflow/.local/lib/python3.12/site-packages/airflow/example_dags/example_bash_operator.py
[2026-06-13T12:04:26.726+0000] {logging_mixin.py:188} INFO - [2026-06-13T12:04:26.726+0000] {dag.py:3096} INFO - Sync 1 DAGs
[2026-06-13T12:04:26.751+0000] {logging_mixin.py:188} INFO - [2026-06-13T12:04:26.751+0000] {dag.py:3954} INFO - Setting next_dagrun for example_bash_operator to 2026-06-12 00:00:00+00:00, run_after=2026-06-13 00:00:00+00:00
[2026-06-13T12:04:26.777+0000] {processor.py:183} INFO - Processing /home/airflow/.local/lib/python3.12/site-packages/airflow/example_dags/example_bash_operator.py took 0.112 seconds
[2026-06-13T12:04:57.215+0000] {processor.py:161} INFO - Started process (PID=2996) to work on /home/airflow/.local/lib/python3.12/site-packages/airflow/example_dags/example_bash_operator.py
[2026-06-13T12:04:57.217+0000] {processor.py:830} INFO - Processing file /home/airflow/.local/lib/python3.12/site-packages/airflow/example_dags/example_bash_operator.py for tasks to queue
[2026-06-13T12:04:57.220+0000] {logging_mixin.py:188} INFO - [2026-06-13T12:04:57.219+0000] {dagbag.py:545} INFO - Filling up the DagBag from /home/airflow/.local/lib/python3.12/site-packages/airflow/example_dags/example_bash_operator.py
[2026-06-13T12:04:57.230+0000] {processor.py:840} INFO - DAG(s) 'example_bash_operator' retrieved from /home/airflow/.local/lib/python3.12/site-packages/airflow/example_dags/example_bash_operator.py
[2026-06-13T12:04:57.262+0000] {logging_mixin.py:188} INFO - [2026-06-13T12:04:57.262+0000] {dag.py:3096} INFO - Sync 1 DAGs
[2026-06-13T12:04:57.288+0000] {logging_mixin.py:188} INFO - [2026-06-13T12:04:57.288+0000] {dag.py:3954} INFO - Setting next_dagrun for example_bash_operator to 2026-06-12 00:00:00+00:00, run_after=2026-06-13 00:00:00+00:00
[2026-06-13T12:04:57.314+0000] {processor.py:183} INFO - Processing /home/airflow/.local/lib/python3.12/site-packages/airflow/example_dags/example_bash_operator.py took 0.109 seconds
[2026-06-13T12:05:27.432+0000] {processor.py:161} INFO - Started process (PID=3055) to work on /home/airflow/.local/lib/python3.12/site-packages/airflow/example_dags/example_bash_operator.py
[2026-06-13T12:05:27.433+0000] {processor.py:830} INFO - Processing file /home/airflow/.local/lib/python3.12/site-packages/airflow/example_dags/example_bash_operator.py for tasks to queue
[2026-06-13T12:05:27.436+0000] {logging_mixin.py:188} INFO - [2026-06-13T12:05:27.436+0000] {dagbag.py:545} INFO - Filling up the DagBag from /home/airflow/.local/lib/python3.12/site-packages/airflow/example_dags/example_bash_operator.py
[2026-06-13T12:05:27.448+0000] {processor.py:840} INFO - DAG(s) 'example_bash_operator' retrieved from /home/airflow/.local/lib/python3.12/site-packages/airflow/example_dags/example_bash_operator.py
[2026-06-13T12:05:27.479+0000] {logging_mixin.py:188} INFO - [2026-06-13T12:05:27.479+0000] {dag.py:3096} INFO - Sync 1 DAGs
[2026-06-13T12:05:27.506+0000] {logging_mixin.py:188} INFO - [2026-06-13T12:05:27.506+0000] {dag.py:3954} INFO - Setting next_dagrun for example_bash_operator to 2026-06-12 00:00:00+00:00, run_after=2026-06-13 00:00:00+00:00
[2026-06-13T12:05:27.533+0000] {processor.py:183} INFO - Processing /home/airflow/.local/lib/python3.12/site-packages/airflow/example_dags/example_bash_operator.py took 0.112 seconds
[2026-06-13T12:05:58.071+0000] {processor.py:161} INFO - Started process (PID=3115) to work on /home/airflow/.local/lib/python3.12/site-packages/airflow/example_dags/example_bash_operator.py
[2026-06-13T12:05:58.073+0000] {processor.py:830} INFO - Processing file /home/airflow/.local/lib/python3.12/site-packages/airflow/example_dags/example_bash_operator.py for tasks to queue
[2026-06-13T12:05:58.076+0000] {logging_mixin.py:188} INFO - [2026-06-13T12:05:58.075+0000] {dagbag.py:545} INFO - Filling up the DagBag from /home/airflow/.local/lib/python3.12/site-packages/airflow/example_dags/example_bash_operator.py
[2026-06-13T12:05:58.087+0000] {processor.py:840} INFO - DAG(s) 'example_bash_operator' retrieved from /home/airflow/.local/lib/python3.12/site-packages/airflow/example_dags/example_bash_operator.py
[2026-06-13T12:05:58.122+0000] {logging_mixin.py:188} INFO - [2026-06-13T12:05:58.121+0000] {dag.py:3096} INFO - Sync 1 DAGs
[2026-06-13T12:05:58.146+0000] {logging_mixin.py:188} INFO - [2026-06-13T12:05:58.146+0000] {dag.py:3954} INFO - Setting next_dagrun for example_bash_operator to 2026-06-12 00:00:00+00:00, run_after=2026-06-13 00:00:00+00:00
[2026-06-13T12:05:58.178+0000] {processor.py:183} INFO - Processing /home/airflow/.local/lib/python3.12/site-packages/airflow/example_dags/example_bash_operator.py took 0.118 seconds
[2026-06-13T12:06:28.307+0000] {processor.py:161} INFO - Started process (PID=3174) to work on /home/airflow/.local/lib/python3.12/site-packages/airflow/example_dags/example_bash_operator.py
[2026-06-13T12:06:28.309+0000] {processor.py:830} INFO - Processing file /home/airflow/.local/lib/python3.12/site-packages/airflow/example_dags/example_bash_operator.py for tasks to queue
[2026-06-13T12:06:28.313+0000] {logging_mixin.py:188} INFO - [2026-06-13T12:06:28.312+0000] {dagbag.py:545} INFO - Filling up the DagBag from /home/airflow/.local/lib/python3.12/site-packages/airflow/example_dags/example_bash_operator.py
[2026-06-13T12:06:28.326+0000] {processor.py:840} INFO - DAG(s) 'example_bash_operator' retrieved from /home/airflow/.local/lib/python3.12/site-packages/airflow/example_dags/example_bash_operator.py
[2026-06-13T12:06:28.362+0000] {logging_mixin.py:188} INFO - [2026-06-13T12:06:28.362+0000] {dag.py:3096} INFO - Sync 1 DAGs
[2026-06-13T12:06:28.388+0000] {logging_mixin.py:188} INFO - [2026-06-13T12:06:28.388+0000] {dag.py:3954} INFO - Setting next_dagrun for example_bash_operator to 2026-06-12 00:00:00+00:00, run_after=2026-06-13 00:00:00+00:00
[2026-06-13T12:06:28.416+0000] {processor.py:183} INFO - Processing /home/airflow/.local/lib/python3.12/site-packages/airflow/example_dags/example_bash_operator.py took 0.120 seconds
[2026-06-13T12:06:58.641+0000] {processor.py:161} INFO - Started process (PID=3233) to work on /home/airflow/.local/lib/python3.12/site-packages/airflow/example_dags/example_bash_operator.py
[2026-06-13T12:06:58.643+0000] {processor.py:830} INFO - Processing file /home/airflow/.local/lib/python3.12/site-packages/airflow/example_dags/example_bash_operator.py for tasks to queue
[2026-06-13T12:06:58.646+0000] {logging_mixin.py:188} INFO - [2026-06-13T12:06:58.645+0000] {dagbag.py:545} INFO - Filling up the DagBag from /home/airflow/.local/lib/python3.12/site-packages/airflow/example_dags/example_bash_operator.py
[2026-06-13T12:06:58.657+0000] {processor.py:840} INFO - DAG(s) 'example_bash_operator' retrieved from /home/airflow/.local/lib/python3.12/site-packages/airflow/example_dags/example_bash_operator.py
[2026-06-13T12:06:58.691+0000] {logging_mixin.py:188} INFO - [2026-06-13T12:06:58.690+0000] {dag.py:3096} INFO - Sync 1 DAGs
[2026-06-13T12:06:58.717+0000] {logging_mixin.py:188} INFO - [2026-06-13T12:06:58.717+0000] {dag.py:3954} INFO - Setting next_dagrun for example_bash_operator to 2026-06-12 00:00:00+00:00, run_after=2026-06-13 00:00:00+00:00
[2026-06-13T12:06:58.742+0000] {processor.py:183} INFO - Processing /home/airflow/.local/lib/python3.12/site-packages/airflow/example_dags/example_bash_operator.py took 0.111 seconds
[2026-06-13T12:07:28.969+0000] {processor.py:161} INFO - Started process (PID=3292) to work on /home/airflow/.local/lib/python3.12/site-packages/airflow/example_dags/example_bash_operator.py
[2026-06-13T12:07:28.971+0000] {processor.py:830} INFO - Processing file /home/airflow/.local/lib/python3.12/site-packages/airflow/example_dags/example_bash_operator.py for tasks to queue
[2026-06-13T12:07:28.974+0000] {logging_mixin.py:188} INFO - [2026-06-13T12:07:28.974+0000] {dagbag.py:545} INFO - Filling up the DagBag from /home/airflow/.local/lib/python3.12/site-packages/airflow/example_dags/example_bash_operator.py
[2026-06-13T12:07:28.986+0000] {processor.py:840} INFO - DAG(s) 'example_bash_operator' retrieved from /home/airflow/.local/lib/python3.12/site-packages/airflow/example_dags/example_bash_operator.py
[2026-06-13T12:07:29.024+0000] {logging_mixin.py:188} INFO - [2026-06-13T12:07:29.024+0000] {dag.py:3096} INFO - Sync 1 DAGs
[2026-06-13T12:07:29.054+0000] {logging_mixin.py:188} INFO - [2026-06-13T12:07:29.054+0000] {dag.py:3954} INFO - Setting next_dagrun for example_bash_operator to 2026-06-12 00:00:00+00:00, run_after=2026-06-13 00:00:00+00:00
[2026-06-13T12:07:29.083+0000] {processor.py:183} INFO - Processing /home/airflow/.local/lib/python3.12/site-packages/airflow/example_dags/example_bash_operator.py took 0.124 seconds
[2026-06-13T12:08:00.150+0000] {processor.py:161} INFO - Started process (PID=3351) to work on /home/airflow/.local/lib/python3.12/site-packages/airflow/example_dags/example_bash_operator.py
[2026-06-13T12:08:00.151+0000] {processor.py:830} INFO - Processing file /home/airflow/.local/lib/python3.12/site-packages/airflow/example_dags/example_bash_operator.py for tasks to queue
[2026-06-13T12:08:00.154+0000] {logging_mixin.py:188} INFO - [2026-06-13T12:08:00.154+0000] {dagbag.py:545} INFO - Filling up the DagBag from /home/airflow/.local/lib/python3.12/site-packages/airflow/example_dags/example_bash_operator.py
[2026-06-13T12:08:00.165+0000] {processor.py:840} INFO - DAG(s) 'example_bash_operator' retrieved from /home/airflow/.local/lib/python3.12/site-packages/airflow/example_dags/example_bash_operator.py
[2026-06-13T12:08:00.200+0000] {logging_mixin.py:188} INFO - [2026-06-13T12:08:00.200+0000] {dag.py:3096} INFO - Sync 1 DAGs
[2026-06-13T12:08:00.227+0000] {logging_mixin.py:188} INFO - [2026-06-13T12:08:00.227+0000] {dag.py:3954} INFO - Setting next_dagrun for example_bash_operator to 2026-06-12 00:00:00+00:00, run_after=2026-06-13 00:00:00+00:00
[2026-06-13T12:08:00.254+0000] {processor.py:183} INFO - Processing /home/airflow/.local/lib/python3.12/site-packages/airflow/example_dags/example_bash_operator.py took 0.114 seconds
[2026-06-13T12:08:30.520+0000] {processor.py:161} INFO - Started process (PID=3410) to work on /home/airflow/.local/lib/python3.12/site-packages/airflow/example_dags/example_bash_operator.py
[2026-06-13T12:08:30.521+0000] {processor.py:830} INFO - Processing file /home/airflow/.local/lib/python3.12/site-packages/airflow/example_dags/example_bash_operator.py for tasks to queue
[2026-06-13T12:08:30.524+0000] {logging_mixin.py:188} INFO - [2026-06-13T12:08:30.523+0000] {dagbag.py:545} INFO - Filling up the DagBag from /home/airflow/.local/lib/python3.12/site-packages/airflow/example_dags/example_bash_operator.py
[2026-06-13T12:08:30.536+0000] {processor.py:840} INFO - DAG(s) 'example_bash_operator' retrieved from /home/airflow/.local/lib/python3.12/site-packages/airflow/example_dags/example_bash_operator.py
[2026-06-13T12:08:30.570+0000] {logging_mixin.py:188} INFO - [2026-06-13T12:08:30.570+0000] {dag.py:3096} INFO - Sync 1 DAGs
[2026-06-13T12:08:30.595+0000] {logging_mixin.py:188} INFO - [2026-06-13T12:08:30.595+0000] {dag.py:3954} INFO - Setting next_dagrun for example_bash_operator to 2026-06-12 00:00:00+00:00, run_after=2026-06-13 00:00:00+00:00
[2026-06-13T12:08:30.621+0000] {processor.py:183} INFO - Processing /home/airflow/.local/lib/python3.12/site-packages/airflow/example_dags/example_bash_operator.py took 0.111 seconds
[2026-06-13T12:09:00.820+0000] {processor.py:161} INFO - Started process (PID=3469) to work on /home/airflow/.local/lib/python3.12/site-packages/airflow/example_dags/example_bash_operator.py
[2026-06-13T12:09:00.821+0000] {processor.py:830} INFO - Processing file /home/airflow/.local/lib/python3.12/site-packages/airflow/example_dags/example_bash_operator.py for tasks to queue
[2026-06-13T12:09:00.825+0000] {logging_mixin.py:188} INFO - [2026-06-13T12:09:00.824+0000] {dagbag.py:545} INFO - Filling up the DagBag from /home/airflow/.local/lib/python3.12/site-packages/airflow/example_dags/example_bash_operator.py
[2026-06-13T12:09:00.836+0000] {processor.py:840} INFO - DAG(s) 'example_bash_operator' retrieved from /home/airflow/.local/lib/python3.12/site-packages/airflow/example_dags/example_bash_operator.py
[2026-06-13T12:09:00.870+0000] {logging_mixin.py:188} INFO - [2026-06-13T12:09:00.869+0000] {dag.py:3096} INFO - Sync 1 DAGs
[2026-06-13T12:09:00.895+0000] {logging_mixin.py:188} INFO - [2026-06-13T12:09:00.895+0000] {dag.py:3954} INFO - Setting next_dagrun for example_bash_operator to 2026-06-12 00:00:00+00:00, run_after=2026-06-13 00:00:00+00:00
[2026-06-13T12:09:00.924+0000] {processor.py:183} INFO - Processing /home/airflow/.local/lib/python3.12/site-packages/airflow/example_dags/example_bash_operator.py took 0.113 seconds
[2026-06-13T12:09:31.430+0000] {processor.py:161} INFO - Started process (PID=3528) to work on /home/airflow/.local/lib/python3.12/site-packages/airflow/example_dags/example_bash_operator.py
[2026-06-13T12:09:31.431+0000] {processor.py:830} INFO - Processing file /home/airflow/.local/lib/python3.12/site-packages/airflow/example_dags/example_bash_operator.py for tasks to queue
[2026-06-13T12:09:31.434+0000] {logging_mixin.py:188} INFO - [2026-06-13T12:09:31.434+0000] {dagbag.py:545} INFO - Filling up the DagBag from /home/airflow/.local/lib/python3.12/site-packages/airflow/example_dags/example_bash_operator.py
[2026-06-13T12:09:31.445+0000] {processor.py:840} INFO - DAG(s) 'example_bash_operator' retrieved from /home/airflow/.local/lib/python3.12/site-packages/airflow/example_dags/example_bash_operator.py
[2026-06-13T12:09:31.482+0000] {logging_mixin.py:188} INFO - [2026-06-13T12:09:31.481+0000] {dag.py:3096} INFO - Sync 1 DAGs
[2026-06-13T12:09:31.509+0000] {logging_mixin.py:188} INFO - [2026-06-13T12:09:31.508+0000] {dag.py:3954} INFO - Setting next_dagrun for example_bash_operator to 2026-06-12 00:00:00+00:00, run_after=2026-06-13 00:00:00+00:00
[2026-06-13T12:09:31.535+0000] {processor.py:183} INFO - Processing /home/airflow/.local/lib/python3.12/site-packages/airflow/example_dags/example_bash_operator.py took 0.115 seconds
[2026-06-13T12:10:02.520+0000] {processor.py:161} INFO - Started process (PID=3587) to work on /home/airflow/.local/lib/python3.12/site-packages/airflow/example_dags/example_bash_operator.py
[2026-06-13T12:10:02.522+0000] {processor.py:830} INFO - Processing file /home/airflow/.local/lib/python3.12/site-packages/airflow/example_dags/example_bash_operator.py for tasks to queue
[2026-06-13T12:10:02.525+0000] {logging_mixin.py:188} INFO - [2026-06-13T12:10:02.525+0000] {dagbag.py:545} INFO - Filling up the DagBag from /home/airflow/.local/lib/python3.12/site-packages/airflow/example_dags/example_bash_operator.py
[2026-06-13T12:10:02.540+0000] {processor.py:840} INFO - DAG(s) 'example_bash_operator' retrieved from /home/airflow/.local/lib/python3.12/site-packages/airflow/example_dags/example_bash_operator.py
[2026-06-13T12:10:02.580+0000] {logging_mixin.py:188} INFO - [2026-06-13T12:10:02.580+0000] {dag.py:3096} INFO - Sync 1 DAGs
[2026-06-13T12:10:02.607+0000] {logging_mixin.py:188} INFO - [2026-06-13T12:10:02.606+0000] {dag.py:3954} INFO - Setting next_dagrun for example_bash_operator to 2026-06-12 00:00:00+00:00, run_after=2026-06-13 00:00:00+00:00
[2026-06-13T12:10:02.634+0000] {processor.py:183} INFO - Processing /home/airflow/.local/lib/python3.12/site-packages/airflow/example_dags/example_bash_operator.py took 0.125 seconds
[2026-06-13T12:14:38.737+0000] {processor.py:161} INFO - Started process (PID=3627) to work on /home/airflow/.local/lib/python3.12/site-packages/airflow/example_dags/example_bash_operator.py
[2026-06-13T12:14:38.738+0000] {processor.py:830} INFO - Processing file /home/airflow/.local/lib/python3.12/site-packages/airflow/example_dags/example_bash_operator.py for tasks to queue
[2026-06-13T12:14:38.741+0000] {logging_mixin.py:188} INFO - [2026-06-13T12:14:38.741+0000] {dagbag.py:545} INFO - Filling up the DagBag from /home/airflow/.local/lib/python3.12/site-packages/airflow/example_dags/example_bash_operator.py
[2026-06-13T12:14:38.756+0000] {processor.py:840} INFO - DAG(s) 'example_bash_operator' retrieved from /home/airflow/.local/lib/python3.12/site-packages/airflow/example_dags/example_bash_operator.py
[2026-06-13T12:14:38.790+0000] {logging_mixin.py:188} INFO - [2026-06-13T12:14:38.789+0000] {dag.py:3096} INFO - Sync 1 DAGs
[2026-06-13T12:14:38.819+0000] {logging_mixin.py:188} INFO - [2026-06-13T12:14:38.819+0000] {dag.py:3954} INFO - Setting next_dagrun for example_bash_operator to 2026-06-12 00:00:00+00:00, run_after=2026-06-13 00:00:00+00:00
[2026-06-13T12:14:38.848+0000] {processor.py:183} INFO - Processing /home/airflow/.local/lib/python3.12/site-packages/airflow/example_dags/example_bash_operator.py took 0.124 seconds
[2026-06-13T12:15:09.923+0000] {processor.py:161} INFO - Started process (PID=3686) to work on /home/airflow/.local/lib/python3.12/site-packages/airflow/example_dags/example_bash_operator.py
[2026-06-13T12:15:09.925+0000] {processor.py:830} INFO - Processing file /home/airflow/.local/lib/python3.12/site-packages/airflow/example_dags/example_bash_operator.py for tasks to queue
[2026-06-13T12:15:09.928+0000] {logging_mixin.py:188} INFO - [2026-06-13T12:15:09.927+0000] {dagbag.py:545} INFO - Filling up the DagBag from /home/airflow/.local/lib/python3.12/site-packages/airflow/example_dags/example_bash_operator.py
[2026-06-13T12:15:09.939+0000] {processor.py:840} INFO - DAG(s) 'example_bash_operator' retrieved from /home/airflow/.local/lib/python3.12/site-packages/airflow/example_dags/example_bash_operator.py
[2026-06-13T12:15:09.973+0000] {logging_mixin.py:188} INFO - [2026-06-13T12:15:09.972+0000] {dag.py:3096} INFO - Sync 1 DAGs
[2026-06-13T12:15:09.997+0000] {logging_mixin.py:188} INFO - [2026-06-13T12:15:09.997+0000] {dag.py:3954} INFO - Setting next_dagrun for example_bash_operator to 2026-06-12 00:00:00+00:00, run_after=2026-06-13 00:00:00+00:00
[2026-06-13T12:15:10.025+0000] {processor.py:183} INFO - Processing /home/airflow/.local/lib/python3.12/site-packages/airflow/example_dags/example_bash_operator.py took 0.112 seconds
[2026-06-13T12:15:40.519+0000] {processor.py:161} INFO - Started process (PID=3745) to work on /home/airflow/.local/lib/python3.12/site-packages/airflow/example_dags/example_bash_operator.py
[2026-06-13T12:15:40.521+0000] {processor.py:830} INFO - Processing file /home/airflow/.local/lib/python3.12/site-packages/airflow/example_dags/example_bash_operator.py for tasks to queue
[2026-06-13T12:15:40.524+0000] {logging_mixin.py:188} INFO - [2026-06-13T12:15:40.523+0000] {dagbag.py:545} INFO - Filling up the DagBag from /home/airflow/.local/lib/python3.12/site-packages/airflow/example_dags/example_bash_operator.py
[2026-06-13T12:15:40.536+0000] {processor.py:840} INFO - DAG(s) 'example_bash_operator' retrieved from /home/airflow/.local/lib/python3.12/site-packages/airflow/example_dags/example_bash_operator.py
[2026-06-13T12:15:40.567+0000] {logging_mixin.py:188} INFO - [2026-06-13T12:15:40.567+0000] {dag.py:3096} INFO - Sync 1 DAGs
[2026-06-13T12:15:40.593+0000] {logging_mixin.py:188} INFO - [2026-06-13T12:15:40.593+0000] {dag.py:3954} INFO - Setting next_dagrun for example_bash_operator to 2026-06-12 00:00:00+00:00, run_after=2026-06-13 00:00:00+00:00
[2026-06-13T12:15:40.621+0000] {processor.py:183} INFO - Processing /home/airflow/.local/lib/python3.12/site-packages/airflow/example_dags/example_bash_operator.py took 0.112 seconds
[2026-06-13T12:16:10.903+0000] {processor.py:161} INFO - Started process (PID=3804) to work on /home/airflow/.local/lib/python3.12/site-packages/airflow/example_dags/example_bash_operator.py
[2026-06-13T12:16:10.904+0000] {processor.py:830} INFO - Processing file /home/airflow/.local/lib/python3.12/site-packages/airflow/example_dags/example_bash_operator.py for tasks to queue
[2026-06-13T12:16:10.907+0000] {logging_mixin.py:188} INFO - [2026-06-13T12:16:10.907+0000] {dagbag.py:545} INFO - Filling up the DagBag from /home/airflow/.local/lib/python3.12/site-packages/airflow/example_dags/example_bash_operator.py
[2026-06-13T12:16:10.919+0000] {processor.py:840} INFO - DAG(s) 'example_bash_operator' retrieved from /home/airflow/.local/lib/python3.12/site-packages/airflow/example_dags/example_bash_operator.py
[2026-06-13T12:16:10.953+0000] {logging_mixin.py:188} INFO - [2026-06-13T12:16:10.953+0000] {dag.py:3096} INFO - Sync 1 DAGs
[2026-06-13T12:16:10.979+0000] {logging_mixin.py:188} INFO - [2026-06-13T12:16:10.978+0000] {dag.py:3954} INFO - Setting next_dagrun for example_bash_operator to 2026-06-12 00:00:00+00:00, run_after=2026-06-13 00:00:00+00:00
[2026-06-13T12:16:11.006+0000] {processor.py:183} INFO - Processing /home/airflow/.local/lib/python3.12/site-packages/airflow/example_dags/example_bash_operator.py took 0.113 seconds
[2026-06-13T12:16:41.118+0000] {processor.py:161} INFO - Started process (PID=3864) to work on /home/airflow/.local/lib/python3.12/site-packages/airflow/example_dags/example_bash_operator.py
[2026-06-13T12:16:41.119+0000] {processor.py:830} INFO - Processing file /home/airflow/.local/lib/python3.12/site-packages/airflow/example_dags/example_bash_operator.py for tasks to queue
[2026-06-13T12:16:41.123+0000] {logging_mixin.py:188} INFO - [2026-06-13T12:16:41.122+0000] {dagbag.py:545} INFO - Filling up the DagBag from /home/airflow/.local/lib/python3.12/site-packages/airflow/example_dags/example_bash_operator.py
[2026-06-13T12:16:41.135+0000] {processor.py:840} INFO - DAG(s) 'example_bash_operator' retrieved from /home/airflow/.local/lib/python3.12/site-packages/airflow/example_dags/example_bash_operator.py
[2026-06-13T12:16:41.168+0000] {logging_mixin.py:188} INFO - [2026-06-13T12:16:41.167+0000] {dag.py:3096} INFO - Sync 1 DAGs
[2026-06-13T12:16:41.193+0000] {logging_mixin.py:188} INFO - [2026-06-13T12:16:41.192+0000] {dag.py:3954} INFO - Setting next_dagrun for example_bash_operator to 2026-06-12 00:00:00+00:00, run_after=2026-06-13 00:00:00+00:00
[2026-06-13T12:16:41.218+0000] {processor.py:183} INFO - Processing /home/airflow/.local/lib/python3.12/site-packages/airflow/example_dags/example_bash_operator.py took 0.111 seconds
[2026-06-13T12:17:11.559+0000] {processor.py:161} INFO - Started process (PID=3923) to work on /home/airflow/.local/lib/python3.12/site-packages/airflow/example_dags/example_bash_operator.py
[2026-06-13T12:17:11.561+0000] {processor.py:830} INFO - Processing file /home/airflow/.local/lib/python3.12/site-packages/airflow/example_dags/example_bash_operator.py for tasks to queue
[2026-06-13T12:17:11.565+0000] {logging_mixin.py:188} INFO - [2026-06-13T12:17:11.564+0000] {dagbag.py:545} INFO - Filling up the DagBag from /home/airflow/.local/lib/python3.12/site-packages/airflow/example_dags/example_bash_operator.py
[2026-06-13T12:17:11.577+0000] {processor.py:840} INFO - DAG(s) 'example_bash_operator' retrieved from /home/airflow/.local/lib/python3.12/site-packages/airflow/example_dags/example_bash_operator.py
[2026-06-13T12:17:11.610+0000] {logging_mixin.py:188} INFO - [2026-06-13T12:17:11.610+0000] {dag.py:3096} INFO - Sync 1 DAGs
[2026-06-13T12:17:11.635+0000] {logging_mixin.py:188} INFO - [2026-06-13T12:17:11.635+0000] {dag.py:3954} INFO - Setting next_dagrun for example_bash_operator to 2026-06-12 00:00:00+00:00, run_after=2026-06-13 00:00:00+00:00
[2026-06-13T12:17:11.660+0000] {processor.py:183} INFO - Processing /home/airflow/.local/lib/python3.12/site-packages/airflow/example_dags/example_bash_operator.py took 0.111 seconds
[2026-06-13T12:17:42.479+0000] {processor.py:161} INFO - Started process (PID=3983) to work on /home/airflow/.local/lib/python3.12/site-packages/airflow/example_dags/example_bash_operator.py
[2026-06-13T12:17:42.481+0000] {processor.py:830} INFO - Processing file /home/airflow/.local/lib/python3.12/site-packages/airflow/example_dags/example_bash_operator.py for tasks to queue
[2026-06-13T12:17:42.483+0000] {logging_mixin.py:188} INFO - [2026-06-13T12:17:42.483+0000] {dagbag.py:545} INFO - Filling up the DagBag from /home/airflow/.local/lib/python3.12/site-packages/airflow/example_dags/example_bash_operator.py
[2026-06-13T12:17:42.496+0000] {processor.py:840} INFO - DAG(s) 'example_bash_operator' retrieved from /home/airflow/.local/lib/python3.12/site-packages/airflow/example_dags/example_bash_operator.py
[2026-06-13T12:17:42.531+0000] {logging_mixin.py:188} INFO - [2026-06-13T12:17:42.531+0000] {dag.py:3096} INFO - Sync 1 DAGs
[2026-06-13T12:17:42.557+0000] {logging_mixin.py:188} INFO - [2026-06-13T12:17:42.557+0000] {dag.py:3954} INFO - Setting next_dagrun for example_bash_operator to 2026-06-12 00:00:00+00:00, run_after=2026-06-13 00:00:00+00:00
[2026-06-13T12:17:42.584+0000] {processor.py:183} INFO - Processing /home/airflow/.local/lib/python3.12/site-packages/airflow/example_dags/example_bash_operator.py took 0.115 seconds
[2026-06-13T12:18:12.838+0000] {processor.py:161} INFO - Started process (PID=4050) to work on /home/airflow/.local/lib/python3.12/site-packages/airflow/example_dags/example_bash_operator.py
[2026-06-13T12:18:12.841+0000] {processor.py:830} INFO - Processing file /home/airflow/.local/lib/python3.12/site-packages/airflow/example_dags/example_bash_operator.py for tasks to queue
[2026-06-13T12:18:12.845+0000] {logging_mixin.py:188} INFO - [2026-06-13T12:18:12.844+0000] {dagbag.py:545} INFO - Filling up the DagBag from /home/airflow/.local/lib/python3.12/site-packages/airflow/example_dags/example_bash_operator.py
[2026-06-13T12:18:12.865+0000] {processor.py:840} INFO - DAG(s) 'example_bash_operator' retrieved from /home/airflow/.local/lib/python3.12/site-packages/airflow/example_dags/example_bash_operator.py
[2026-06-13T12:18:12.918+0000] {logging_mixin.py:188} INFO - [2026-06-13T12:18:12.917+0000] {dag.py:3096} INFO - Sync 1 DAGs
[2026-06-13T12:18:12.963+0000] {logging_mixin.py:188} INFO - [2026-06-13T12:18:12.962+0000] {dag.py:3954} INFO - Setting next_dagrun for example_bash_operator to 2026-06-12 00:00:00+00:00, run_after=2026-06-13 00:00:00+00:00
[2026-06-13T12:18:13.000+0000] {processor.py:183} INFO - Processing /home/airflow/.local/lib/python3.12/site-packages/airflow/example_dags/example_bash_operator.py took 0.179 seconds
[2026-06-13T12:18:58.817+0000] {processor.py:161} INFO - Started process (PID=70) to work on /home/airflow/.local/lib/python3.12/site-packages/airflow/example_dags/example_bash_operator.py
[2026-06-13T12:18:58.820+0000] {processor.py:830} INFO - Processing file /home/airflow/.local/lib/python3.12/site-packages/airflow/example_dags/example_bash_operator.py for tasks to queue
[2026-06-13T12:18:58.823+0000] {logging_mixin.py:188} INFO - [2026-06-13T12:18:58.822+0000] {dagbag.py:545} INFO - Filling up the DagBag from /home/airflow/.local/lib/python3.12/site-packages/airflow/example_dags/example_bash_operator.py
[2026-06-13T12:18:58.847+0000] {processor.py:840} INFO - DAG(s) 'example_bash_operator' retrieved from /home/airflow/.local/lib/python3.12/site-packages/airflow/example_dags/example_bash_operator.py
[2026-06-13T12:18:58.866+0000] {logging_mixin.py:188} INFO - [2026-06-13T12:18:58.866+0000] {dag.py:3096} INFO - Sync 1 DAGs
[2026-06-13T12:18:58.906+0000] {logging_mixin.py:188} INFO - [2026-06-13T12:18:58.905+0000] {dag.py:3954} INFO - Setting next_dagrun for example_bash_operator to 2026-06-12 00:00:00+00:00, run_after=2026-06-13 00:00:00+00:00
[2026-06-13T12:18:58.941+0000] {processor.py:183} INFO - Processing /home/airflow/.local/lib/python3.12/site-packages/airflow/example_dags/example_bash_operator.py took 0.133 seconds
[2026-06-13T12:19:29.356+0000] {processor.py:161} INFO - Started process (PID=129) to work on /home/airflow/.local/lib/python3.12/site-packages/airflow/example_dags/example_bash_operator.py
[2026-06-13T12:19:29.358+0000] {processor.py:830} INFO - Processing file /home/airflow/.local/lib/python3.12/site-packages/airflow/example_dags/example_bash_operator.py for tasks to queue
[2026-06-13T12:19:29.360+0000] {logging_mixin.py:188} INFO - [2026-06-13T12:19:29.360+0000] {dagbag.py:545} INFO - Filling up the DagBag from /home/airflow/.local/lib/python3.12/site-packages/airflow/example_dags/example_bash_operator.py
[2026-06-13T12:19:29.373+0000] {processor.py:840} INFO - DAG(s) 'example_bash_operator' retrieved from /home/airflow/.local/lib/python3.12/site-packages/airflow/example_dags/example_bash_operator.py
[2026-06-13T12:19:29.495+0000] {logging_mixin.py:188} INFO - [2026-06-13T12:19:29.495+0000] {dag.py:3096} INFO - Sync 1 DAGs
[2026-06-13T12:19:29.517+0000] {logging_mixin.py:188} INFO - [2026-06-13T12:19:29.517+0000] {dag.py:3954} INFO - Setting next_dagrun for example_bash_operator to 2026-06-12 00:00:00+00:00, run_after=2026-06-13 00:00:00+00:00
[2026-06-13T12:19:29.545+0000] {processor.py:183} INFO - Processing /home/airflow/.local/lib/python3.12/site-packages/airflow/example_dags/example_bash_operator.py took 0.194 seconds
[2026-06-13T12:19:59.750+0000] {processor.py:161} INFO - Started process (PID=188) to work on /home/airflow/.local/lib/python3.12/site-packages/airflow/example_dags/example_bash_operator.py
[2026-06-13T12:19:59.752+0000] {processor.py:830} INFO - Processing file /home/airflow/.local/lib/python3.12/site-packages/airflow/example_dags/example_bash_operator.py for tasks to queue
[2026-06-13T12:19:59.755+0000] {logging_mixin.py:188} INFO - [2026-06-13T12:19:59.754+0000] {dagbag.py:545} INFO - Filling up the DagBag from /home/airflow/.local/lib/python3.12/site-packages/airflow/example_dags/example_bash_operator.py
[2026-06-13T12:19:59.768+0000] {processor.py:840} INFO - DAG(s) 'example_bash_operator' retrieved from /home/airflow/.local/lib/python3.12/site-packages/airflow/example_dags/example_bash_operator.py
[2026-06-13T12:19:59.804+0000] {logging_mixin.py:188} INFO - [2026-06-13T12:19:59.803+0000] {dag.py:3096} INFO - Sync 1 DAGs
[2026-06-13T12:19:59.828+0000] {logging_mixin.py:188} INFO - [2026-06-13T12:19:59.828+0000] {dag.py:3954} INFO - Setting next_dagrun for example_bash_operator to 2026-06-12 00:00:00+00:00, run_after=2026-06-13 00:00:00+00:00
[2026-06-13T12:19:59.854+0000] {processor.py:183} INFO - Processing /home/airflow/.local/lib/python3.12/site-packages/airflow/example_dags/example_bash_operator.py took 0.111 seconds
[2026-06-13T12:20:30.139+0000] {processor.py:161} INFO - Started process (PID=248) to work on /home/airflow/.local/lib/python3.12/site-packages/airflow/example_dags/example_bash_operator.py
[2026-06-13T12:20:30.141+0000] {processor.py:830} INFO - Processing file /home/airflow/.local/lib/python3.12/site-packages/airflow/example_dags/example_bash_operator.py for tasks to queue
[2026-06-13T12:20:30.143+0000] {logging_mixin.py:188} INFO - [2026-06-13T12:20:30.143+0000] {dagbag.py:545} INFO - Filling up the DagBag from /home/airflow/.local/lib/python3.12/site-packages/airflow/example_dags/example_bash_operator.py
[2026-06-13T12:20:30.155+0000] {processor.py:840} INFO - DAG(s) 'example_bash_operator' retrieved from /home/airflow/.local/lib/python3.12/site-packages/airflow/example_dags/example_bash_operator.py
[2026-06-13T12:20:30.192+0000] {logging_mixin.py:188} INFO - [2026-06-13T12:20:30.191+0000] {dag.py:3096} INFO - Sync 1 DAGs
[2026-06-13T12:20:30.218+0000] {logging_mixin.py:188} INFO - [2026-06-13T12:20:30.218+0000] {dag.py:3954} INFO - Setting next_dagrun for example_bash_operator to 2026-06-12 00:00:00+00:00, run_after=2026-06-13 00:00:00+00:00
[2026-06-13T12:20:30.246+0000] {processor.py:183} INFO - Processing /home/airflow/.local/lib/python3.12/site-packages/airflow/example_dags/example_bash_operator.py took 0.113 seconds
[2026-06-13T12:21:00.474+0000] {processor.py:161} INFO - Started process (PID=307) to work on /home/airflow/.local/lib/python3.12/site-packages/airflow/example_dags/example_bash_operator.py
[2026-06-13T12:21:00.475+0000] {processor.py:830} INFO - Processing file /home/airflow/.local/lib/python3.12/site-packages/airflow/example_dags/example_bash_operator.py for tasks to queue
[2026-06-13T12:21:00.478+0000] {logging_mixin.py:188} INFO - [2026-06-13T12:21:00.477+0000] {dagbag.py:545} INFO - Filling up the DagBag from /home/airflow/.local/lib/python3.12/site-packages/airflow/example_dags/example_bash_operator.py
[2026-06-13T12:21:00.489+0000] {processor.py:840} INFO - DAG(s) 'example_bash_operator' retrieved from /home/airflow/.local/lib/python3.12/site-packages/airflow/example_dags/example_bash_operator.py
[2026-06-13T12:21:00.525+0000] {logging_mixin.py:188} INFO - [2026-06-13T12:21:00.525+0000] {dag.py:3096} INFO - Sync 1 DAGs
[2026-06-13T12:21:00.554+0000] {logging_mixin.py:188} INFO - [2026-06-13T12:21:00.553+0000] {dag.py:3954} INFO - Setting next_dagrun for example_bash_operator to 2026-06-12 00:00:00+00:00, run_after=2026-06-13 00:00:00+00:00
[2026-06-13T12:21:00.580+0000] {processor.py:183} INFO - Processing /home/airflow/.local/lib/python3.12/site-packages/airflow/example_dags/example_bash_operator.py took 0.112 seconds
[2026-06-13T12:21:30.734+0000] {processor.py:161} INFO - Started process (PID=366) to work on /home/airflow/.local/lib/python3.12/site-packages/airflow/example_dags/example_bash_operator.py
[2026-06-13T12:21:30.736+0000] {processor.py:830} INFO - Processing file /home/airflow/.local/lib/python3.12/site-packages/airflow/example_dags/example_bash_operator.py for tasks to queue
[2026-06-13T12:21:30.739+0000] {logging_mixin.py:188} INFO - [2026-06-13T12:21:30.739+0000] {dagbag.py:545} INFO - Filling up the DagBag from /home/airflow/.local/lib/python3.12/site-packages/airflow/example_dags/example_bash_operator.py
[2026-06-13T12:21:30.751+0000] {processor.py:840} INFO - DAG(s) 'example_bash_operator' retrieved from /home/airflow/.local/lib/python3.12/site-packages/airflow/example_dags/example_bash_operator.py
[2026-06-13T12:21:30.782+0000] {logging_mixin.py:188} INFO - [2026-06-13T12:21:30.782+0000] {dag.py:3096} INFO - Sync 1 DAGs
[2026-06-13T12:21:30.808+0000] {logging_mixin.py:188} INFO - [2026-06-13T12:21:30.808+0000] {dag.py:3954} INFO - Setting next_dagrun for example_bash_operator to 2026-06-12 00:00:00+00:00, run_after=2026-06-13 00:00:00+00:00
[2026-06-13T12:21:30.838+0000] {processor.py:183} INFO - Processing /home/airflow/.local/lib/python3.12/site-packages/airflow/example_dags/example_bash_operator.py took 0.109 seconds
[2026-06-13T12:22:01.000+0000] {processor.py:161} INFO - Started process (PID=425) to work on /home/airflow/.local/lib/python3.12/site-packages/airflow/example_dags/example_bash_operator.py
[2026-06-13T12:22:01.001+0000] {processor.py:830} INFO - Processing file /home/airflow/.local/lib/python3.12/site-packages/airflow/example_dags/example_bash_operator.py for tasks to queue
[2026-06-13T12:22:01.004+0000] {logging_mixin.py:188} INFO - [2026-06-13T12:22:01.003+0000] {dagbag.py:545} INFO - Filling up the DagBag from /home/airflow/.local/lib/python3.12/site-packages/airflow/example_dags/example_bash_operator.py
[2026-06-13T12:22:01.016+0000] {processor.py:840} INFO - DAG(s) 'example_bash_operator' retrieved from /home/airflow/.local/lib/python3.12/site-packages/airflow/example_dags/example_bash_operator.py
[2026-06-13T12:22:01.048+0000] {logging_mixin.py:188} INFO - [2026-06-13T12:22:01.048+0000] {dag.py:3096} INFO - Sync 1 DAGs
[2026-06-13T12:22:01.075+0000] {logging_mixin.py:188} INFO - [2026-06-13T12:22:01.074+0000] {dag.py:3954} INFO - Setting next_dagrun for example_bash_operator to 2026-06-12 00:00:00+00:00, run_after=2026-06-13 00:00:00+00:00
[2026-06-13T12:22:01.102+0000] {processor.py:183} INFO - Processing /home/airflow/.local/lib/python3.12/site-packages/airflow/example_dags/example_bash_operator.py took 0.108 seconds
[2026-06-13T12:22:31.364+0000] {processor.py:161} INFO - Started process (PID=484) to work on /home/airflow/.local/lib/python3.12/site-packages/airflow/example_dags/example_bash_operator.py
[2026-06-13T12:22:31.365+0000] {processor.py:830} INFO - Processing file /home/airflow/.local/lib/python3.12/site-packages/airflow/example_dags/example_bash_operator.py for tasks to queue
[2026-06-13T12:22:31.368+0000] {logging_mixin.py:188} INFO - [2026-06-13T12:22:31.368+0000] {dagbag.py:545} INFO - Filling up the DagBag from /home/airflow/.local/lib/python3.12/site-packages/airflow/example_dags/example_bash_operator.py
[2026-06-13T12:22:31.380+0000] {processor.py:840} INFO - DAG(s) 'example_bash_operator' retrieved from /home/airflow/.local/lib/python3.12/site-packages/airflow/example_dags/example_bash_operator.py
[2026-06-13T12:22:31.412+0000] {logging_mixin.py:188} INFO - [2026-06-13T12:22:31.412+0000] {dag.py:3096} INFO - Sync 1 DAGs
[2026-06-13T12:22:31.436+0000] {logging_mixin.py:188} INFO - [2026-06-13T12:22:31.436+0000] {dag.py:3954} INFO - Setting next_dagrun for example_bash_operator to 2026-06-12 00:00:00+00:00, run_after=2026-06-13 00:00:00+00:00
[2026-06-13T12:22:31.464+0000] {processor.py:183} INFO - Processing /home/airflow/.local/lib/python3.12/site-packages/airflow/example_dags/example_bash_operator.py took 0.107 seconds
[2026-06-13T12:23:01.573+0000] {processor.py:161} INFO - Started process (PID=543) to work on /home/airflow/.local/lib/python3.12/site-packages/airflow/example_dags/example_bash_operator.py
[2026-06-13T12:23:01.575+0000] {processor.py:830} INFO - Processing file /home/airflow/.local/lib/python3.12/site-packages/airflow/example_dags/example_bash_operator.py for tasks to queue
[2026-06-13T12:23:01.578+0000] {logging_mixin.py:188} INFO - [2026-06-13T12:23:01.578+0000] {dagbag.py:545} INFO - Filling up the DagBag from /home/airflow/.local/lib/python3.12/site-packages/airflow/example_dags/example_bash_operator.py
[2026-06-13T12:23:01.590+0000] {processor.py:840} INFO - DAG(s) 'example_bash_operator' retrieved from /home/airflow/.local/lib/python3.12/site-packages/airflow/example_dags/example_bash_operator.py
[2026-06-13T12:23:01.622+0000] {logging_mixin.py:188} INFO - [2026-06-13T12:23:01.622+0000] {dag.py:3096} INFO - Sync 1 DAGs
[2026-06-13T12:23:01.648+0000] {logging_mixin.py:188} INFO - [2026-06-13T12:23:01.648+0000] {dag.py:3954} INFO - Setting next_dagrun for example_bash_operator to 2026-06-12 00:00:00+00:00, run_after=2026-06-13 00:00:00+00:00
[2026-06-13T12:23:01.675+0000] {processor.py:183} INFO - Processing /home/airflow/.local/lib/python3.12/site-packages/airflow/example_dags/example_bash_operator.py took 0.108 seconds
[2026-06-13T12:26:03.368+0000] {processor.py:161} INFO - Started process (PID=603) to work on /home/airflow/.local/lib/python3.12/site-packages/airflow/example_dags/example_bash_operator.py
[2026-06-13T12:26:03.370+0000] {processor.py:830} INFO - Processing file /home/airflow/.local/lib/python3.12/site-packages/airflow/example_dags/example_bash_operator.py for tasks to queue
[2026-06-13T12:26:03.372+0000] {logging_mixin.py:188} INFO - [2026-06-13T12:26:03.372+0000] {dagbag.py:545} INFO - Filling up the DagBag from /home/airflow/.local/lib/python3.12/site-packages/airflow/example_dags/example_bash_operator.py
[2026-06-13T12:26:03.385+0000] {processor.py:840} INFO - DAG(s) 'example_bash_operator' retrieved from /home/airflow/.local/lib/python3.12/site-packages/airflow/example_dags/example_bash_operator.py
[2026-06-13T12:26:03.419+0000] {logging_mixin.py:188} INFO - [2026-06-13T12:26:03.419+0000] {dag.py:3096} INFO - Sync 1 DAGs
[2026-06-13T12:26:03.446+0000] {logging_mixin.py:188} INFO - [2026-06-13T12:26:03.446+0000] {dag.py:3954} INFO - Setting next_dagrun for example_bash_operator to 2026-06-12 00:00:00+00:00, run_after=2026-06-13 00:00:00+00:00
[2026-06-13T12:26:03.472+0000] {processor.py:183} INFO - Processing /home/airflow/.local/lib/python3.12/site-packages/airflow/example_dags/example_bash_operator.py took 0.110 seconds
[2026-06-13T12:26:34.476+0000] {processor.py:161} INFO - Started process (PID=662) to work on /home/airflow/.local/lib/python3.12/site-packages/airflow/example_dags/example_bash_operator.py
[2026-06-13T12:26:34.478+0000] {processor.py:830} INFO - Processing file /home/airflow/.local/lib/python3.12/site-packages/airflow/example_dags/example_bash_operator.py for tasks to queue
[2026-06-13T12:26:34.480+0000] {logging_mixin.py:188} INFO - [2026-06-13T12:26:34.480+0000] {dagbag.py:545} INFO - Filling up the DagBag from /home/airflow/.local/lib/python3.12/site-packages/airflow/example_dags/example_bash_operator.py
[2026-06-13T12:26:34.492+0000] {processor.py:840} INFO - DAG(s) 'example_bash_operator' retrieved from /home/airflow/.local/lib/python3.12/site-packages/airflow/example_dags/example_bash_operator.py
[2026-06-13T12:26:34.526+0000] {logging_mixin.py:188} INFO - [2026-06-13T12:26:34.525+0000] {dag.py:3096} INFO - Sync 1 DAGs
[2026-06-13T12:26:34.553+0000] {logging_mixin.py:188} INFO - [2026-06-13T12:26:34.553+0000] {dag.py:3954} INFO - Setting next_dagrun for example_bash_operator to 2026-06-12 00:00:00+00:00, run_after=2026-06-13 00:00:00+00:00
[2026-06-13T12:26:34.580+0000] {processor.py:183} INFO - Processing /home/airflow/.local/lib/python3.12/site-packages/airflow/example_dags/example_bash_operator.py took 0.110 seconds
[2026-06-13T12:27:05.293+0000] {processor.py:161} INFO - Started process (PID=722) to work on /home/airflow/.local/lib/python3.12/site-packages/airflow/example_dags/example_bash_operator.py
[2026-06-13T12:27:05.295+0000] {processor.py:830} INFO - Processing file /home/airflow/.local/lib/python3.12/site-packages/airflow/example_dags/example_bash_operator.py for tasks to queue
[2026-06-13T12:27:05.297+0000] {logging_mixin.py:188} INFO - [2026-06-13T12:27:05.297+0000] {dagbag.py:545} INFO - Filling up the DagBag from /home/airflow/.local/lib/python3.12/site-packages/airflow/example_dags/example_bash_operator.py
[2026-06-13T12:27:05.311+0000] {processor.py:840} INFO - DAG(s) 'example_bash_operator' retrieved from /home/airflow/.local/lib/python3.12/site-packages/airflow/example_dags/example_bash_operator.py
[2026-06-13T12:27:05.345+0000] {logging_mixin.py:188} INFO - [2026-06-13T12:27:05.344+0000] {dag.py:3096} INFO - Sync 1 DAGs
[2026-06-13T12:27:05.369+0000] {logging_mixin.py:188} INFO - [2026-06-13T12:27:05.369+0000] {dag.py:3954} INFO - Setting next_dagrun for example_bash_operator to 2026-06-12 00:00:00+00:00, run_after=2026-06-13 00:00:00+00:00
[2026-06-13T12:27:05.401+0000] {processor.py:183} INFO - Processing /home/airflow/.local/lib/python3.12/site-packages/airflow/example_dags/example_bash_operator.py took 0.114 seconds
[2026-06-13T12:27:35.872+0000] {processor.py:161} INFO - Started process (PID=781) to work on /home/airflow/.local/lib/python3.12/site-packages/airflow/example_dags/example_bash_operator.py
[2026-06-13T12:27:35.874+0000] {processor.py:830} INFO - Processing file /home/airflow/.local/lib/python3.12/site-packages/airflow/example_dags/example_bash_operator.py for tasks to queue
[2026-06-13T12:27:35.877+0000] {logging_mixin.py:188} INFO - [2026-06-13T12:27:35.877+0000] {dagbag.py:545} INFO - Filling up the DagBag from /home/airflow/.local/lib/python3.12/site-packages/airflow/example_dags/example_bash_operator.py
[2026-06-13T12:27:35.889+0000] {processor.py:840} INFO - DAG(s) 'example_bash_operator' retrieved from /home/airflow/.local/lib/python3.12/site-packages/airflow/example_dags/example_bash_operator.py
[2026-06-13T12:27:35.929+0000] {logging_mixin.py:188} INFO - [2026-06-13T12:27:35.929+0000] {dag.py:3096} INFO - Sync 1 DAGs
[2026-06-13T12:27:35.954+0000] {logging_mixin.py:188} INFO - [2026-06-13T12:27:35.954+0000] {dag.py:3954} INFO - Setting next_dagrun for example_bash_operator to 2026-06-12 00:00:00+00:00, run_after=2026-06-13 00:00:00+00:00
[2026-06-13T12:27:35.981+0000] {processor.py:183} INFO - Processing /home/airflow/.local/lib/python3.12/site-packages/airflow/example_dags/example_bash_operator.py took 0.115 seconds
[2026-06-13T12:28:06.319+0000] {processor.py:161} INFO - Started process (PID=840) to work on /home/airflow/.local/lib/python3.12/site-packages/airflow/example_dags/example_bash_operator.py
[2026-06-13T12:28:06.321+0000] {processor.py:830} INFO - Processing file /home/airflow/.local/lib/python3.12/site-packages/airflow/example_dags/example_bash_operator.py for tasks to queue
[2026-06-13T12:28:06.325+0000] {logging_mixin.py:188} INFO - [2026-06-13T12:28:06.324+0000] {dagbag.py:545} INFO - Filling up the DagBag from /home/airflow/.local/lib/python3.12/site-packages/airflow/example_dags/example_bash_operator.py
[2026-06-13T12:28:06.337+0000] {processor.py:840} INFO - DAG(s) 'example_bash_operator' retrieved from /home/airflow/.local/lib/python3.12/site-packages/airflow/example_dags/example_bash_operator.py
[2026-06-13T12:28:06.371+0000] {logging_mixin.py:188} INFO - [2026-06-13T12:28:06.371+0000] {dag.py:3096} INFO - Sync 1 DAGs
[2026-06-13T12:28:06.397+0000] {logging_mixin.py:188} INFO - [2026-06-13T12:28:06.396+0000] {dag.py:3954} INFO - Setting next_dagrun for example_bash_operator to 2026-06-12 00:00:00+00:00, run_after=2026-06-13 00:00:00+00:00
[2026-06-13T12:28:06.425+0000] {processor.py:183} INFO - Processing /home/airflow/.local/lib/python3.12/site-packages/airflow/example_dags/example_bash_operator.py took 0.113 seconds
[2026-06-13T12:28:36.692+0000] {processor.py:161} INFO - Started process (PID=899) to work on /home/airflow/.local/lib/python3.12/site-packages/airflow/example_dags/example_bash_operator.py
[2026-06-13T12:28:36.694+0000] {processor.py:830} INFO - Processing file /home/airflow/.local/lib/python3.12/site-packages/airflow/example_dags/example_bash_operator.py for tasks to queue
[2026-06-13T12:28:36.697+0000] {logging_mixin.py:188} INFO - [2026-06-13T12:28:36.696+0000] {dagbag.py:545} INFO - Filling up the DagBag from /home/airflow/.local/lib/python3.12/site-packages/airflow/example_dags/example_bash_operator.py
[2026-06-13T12:28:36.709+0000] {processor.py:840} INFO - DAG(s) 'example_bash_operator' retrieved from /home/airflow/.local/lib/python3.12/site-packages/airflow/example_dags/example_bash_operator.py
[2026-06-13T12:28:36.745+0000] {logging_mixin.py:188} INFO - [2026-06-13T12:28:36.745+0000] {dag.py:3096} INFO - Sync 1 DAGs
[2026-06-13T12:28:36.773+0000] {logging_mixin.py:188} INFO - [2026-06-13T12:28:36.773+0000] {dag.py:3954} INFO - Setting next_dagrun for example_bash_operator to 2026-06-12 00:00:00+00:00, run_after=2026-06-13 00:00:00+00:00
[2026-06-13T12:28:36.801+0000] {processor.py:183} INFO - Processing /home/airflow/.local/lib/python3.12/site-packages/airflow/example_dags/example_bash_operator.py took 0.115 seconds
[2026-06-13T12:29:07.120+0000] {processor.py:161} INFO - Started process (PID=959) to work on /home/airflow/.local/lib/python3.12/site-packages/airflow/example_dags/example_bash_operator.py
[2026-06-13T12:29:07.121+0000] {processor.py:830} INFO - Processing file /home/airflow/.local/lib/python3.12/site-packages/airflow/example_dags/example_bash_operator.py for tasks to queue
[2026-06-13T12:29:07.124+0000] {logging_mixin.py:188} INFO - [2026-06-13T12:29:07.123+0000] {dagbag.py:545} INFO - Filling up the DagBag from /home/airflow/.local/lib/python3.12/site-packages/airflow/example_dags/example_bash_operator.py
[2026-06-13T12:29:07.138+0000] {processor.py:840} INFO - DAG(s) 'example_bash_operator' retrieved from /home/airflow/.local/lib/python3.12/site-packages/airflow/example_dags/example_bash_operator.py
[2026-06-13T12:29:07.172+0000] {logging_mixin.py:188} INFO - [2026-06-13T12:29:07.171+0000] {dag.py:3096} INFO - Sync 1 DAGs
[2026-06-13T12:29:07.198+0000] {logging_mixin.py:188} INFO - [2026-06-13T12:29:07.198+0000] {dag.py:3954} INFO - Setting next_dagrun for example_bash_operator to 2026-06-12 00:00:00+00:00, run_after=2026-06-13 00:00:00+00:00
[2026-06-13T12:29:07.225+0000] {processor.py:183} INFO - Processing /home/airflow/.local/lib/python3.12/site-packages/airflow/example_dags/example_bash_operator.py took 0.112 seconds
[2026-06-13T12:29:37.531+0000] {processor.py:161} INFO - Started process (PID=1019) to work on /home/airflow/.local/lib/python3.12/site-packages/airflow/example_dags/example_bash_operator.py
[2026-06-13T12:29:37.533+0000] {processor.py:830} INFO - Processing file /home/airflow/.local/lib/python3.12/site-packages/airflow/example_dags/example_bash_operator.py for tasks to queue
[2026-06-13T12:29:37.536+0000] {logging_mixin.py:188} INFO - [2026-06-13T12:29:37.536+0000] {dagbag.py:545} INFO - Filling up the DagBag from /home/airflow/.local/lib/python3.12/site-packages/airflow/example_dags/example_bash_operator.py
[2026-06-13T12:29:37.548+0000] {processor.py:840} INFO - DAG(s) 'example_bash_operator' retrieved from /home/airflow/.local/lib/python3.12/site-packages/airflow/example_dags/example_bash_operator.py
[2026-06-13T12:29:37.581+0000] {logging_mixin.py:188} INFO - [2026-06-13T12:29:37.581+0000] {dag.py:3096} INFO - Sync 1 DAGs
[2026-06-13T12:29:37.606+0000] {logging_mixin.py:188} INFO - [2026-06-13T12:29:37.606+0000] {dag.py:3954} INFO - Setting next_dagrun for example_bash_operator to 2026-06-12 00:00:00+00:00, run_after=2026-06-13 00:00:00+00:00
[2026-06-13T12:29:37.635+0000] {processor.py:183} INFO - Processing /home/airflow/.local/lib/python3.12/site-packages/airflow/example_dags/example_bash_operator.py took 0.110 seconds
[2026-06-13T12:30:08.722+0000] {processor.py:161} INFO - Started process (PID=1084) to work on /home/airflow/.local/lib/python3.12/site-packages/airflow/example_dags/example_bash_operator.py
[2026-06-13T12:30:08.724+0000] {processor.py:830} INFO - Processing file /home/airflow/.local/lib/python3.12/site-packages/airflow/example_dags/example_bash_operator.py for tasks to queue
[2026-06-13T12:30:08.726+0000] {logging_mixin.py:188} INFO - [2026-06-13T12:30:08.726+0000] {dagbag.py:545} INFO - Filling up the DagBag from /home/airflow/.local/lib/python3.12/site-packages/airflow/example_dags/example_bash_operator.py
[2026-06-13T12:30:08.738+0000] {processor.py:840} INFO - DAG(s) 'example_bash_operator' retrieved from /home/airflow/.local/lib/python3.12/site-packages/airflow/example_dags/example_bash_operator.py
[2026-06-13T12:30:08.770+0000] {logging_mixin.py:188} INFO - [2026-06-13T12:30:08.769+0000] {dag.py:3096} INFO - Sync 1 DAGs
[2026-06-13T12:30:08.798+0000] {logging_mixin.py:188} INFO - [2026-06-13T12:30:08.798+0000] {dag.py:3954} INFO - Setting next_dagrun for example_bash_operator to 2026-06-12 00:00:00+00:00, run_after=2026-06-13 00:00:00+00:00
[2026-06-13T12:30:08.824+0000] {processor.py:183} INFO - Processing /home/airflow/.local/lib/python3.12/site-packages/airflow/example_dags/example_bash_operator.py took 0.108 seconds
[2026-06-13T12:30:39.412+0000] {processor.py:161} INFO - Started process (PID=1143) to work on /home/airflow/.local/lib/python3.12/site-packages/airflow/example_dags/example_bash_operator.py
[2026-06-13T12:30:39.413+0000] {processor.py:830} INFO - Processing file /home/airflow/.local/lib/python3.12/site-packages/airflow/example_dags/example_bash_operator.py for tasks to queue
[2026-06-13T12:30:39.416+0000] {logging_mixin.py:188} INFO - [2026-06-13T12:30:39.416+0000] {dagbag.py:545} INFO - Filling up the DagBag from /home/airflow/.local/lib/python3.12/site-packages/airflow/example_dags/example_bash_operator.py
[2026-06-13T12:30:39.428+0000] {processor.py:840} INFO - DAG(s) 'example_bash_operator' retrieved from /home/airflow/.local/lib/python3.12/site-packages/airflow/example_dags/example_bash_operator.py
[2026-06-13T12:30:39.461+0000] {logging_mixin.py:188} INFO - [2026-06-13T12:30:39.460+0000] {dag.py:3096} INFO - Sync 1 DAGs
[2026-06-13T12:30:39.486+0000] {logging_mixin.py:188} INFO - [2026-06-13T12:30:39.486+0000] {dag.py:3954} INFO - Setting next_dagrun for example_bash_operator to 2026-06-12 00:00:00+00:00, run_after=2026-06-13 00:00:00+00:00
[2026-06-13T12:30:39.512+0000] {processor.py:183} INFO - Processing /home/airflow/.local/lib/python3.12/site-packages/airflow/example_dags/example_bash_operator.py took 0.106 seconds
[2026-06-13T12:31:09.673+0000] {processor.py:161} INFO - Started process (PID=1202) to work on /home/airflow/.local/lib/python3.12/site-packages/airflow/example_dags/example_bash_operator.py
[2026-06-13T12:31:09.675+0000] {processor.py:830} INFO - Processing file /home/airflow/.local/lib/python3.12/site-packages/airflow/example_dags/example_bash_operator.py for tasks to queue
[2026-06-13T12:31:09.677+0000] {logging_mixin.py:188} INFO - [2026-06-13T12:31:09.677+0000] {dagbag.py:545} INFO - Filling up the DagBag from /home/airflow/.local/lib/python3.12/site-packages/airflow/example_dags/example_bash_operator.py
[2026-06-13T12:31:09.690+0000] {processor.py:840} INFO - DAG(s) 'example_bash_operator' retrieved from /home/airflow/.local/lib/python3.12/site-packages/airflow/example_dags/example_bash_operator.py
[2026-06-13T12:31:09.728+0000] {logging_mixin.py:188} INFO - [2026-06-13T12:31:09.727+0000] {dag.py:3096} INFO - Sync 1 DAGs
[2026-06-13T12:31:09.757+0000] {logging_mixin.py:188} INFO - [2026-06-13T12:31:09.757+0000] {dag.py:3954} INFO - Setting next_dagrun for example_bash_operator to 2026-06-12 00:00:00+00:00, run_after=2026-06-13 00:00:00+00:00
[2026-06-13T12:31:09.789+0000] {processor.py:183} INFO - Processing /home/airflow/.local/lib/python3.12/site-packages/airflow/example_dags/example_bash_operator.py took 0.122 seconds
[2026-06-13T16:07:59.688+0000] {processor.py:161} INFO - Started process (PID=1261) to work on /home/airflow/.local/lib/python3.12/site-packages/airflow/example_dags/example_bash_operator.py
[2026-06-13T16:07:59.703+0000] {processor.py:830} INFO - Processing file /home/airflow/.local/lib/python3.12/site-packages/airflow/example_dags/example_bash_operator.py for tasks to queue
[2026-06-13T16:07:59.713+0000] {logging_mixin.py:188} INFO - [2026-06-13T16:07:59.712+0000] {dagbag.py:545} INFO - Filling up the DagBag from /home/airflow/.local/lib/python3.12/site-packages/airflow/example_dags/example_bash_operator.py
[2026-06-13T16:07:59.782+0000] {processor.py:840} INFO - DAG(s) 'example_bash_operator' retrieved from /home/airflow/.local/lib/python3.12/site-packages/airflow/example_dags/example_bash_operator.py
[2026-06-13T16:07:59.933+0000] {logging_mixin.py:188} INFO - [2026-06-13T16:07:59.925+0000] {dag.py:3096} INFO - Sync 1 DAGs
[2026-06-13T16:08:00.057+0000] {logging_mixin.py:188} INFO - [2026-06-13T16:08:00.056+0000] {dag.py:3954} INFO - Setting next_dagrun for example_bash_operator to 2026-06-12 00:00:00+00:00, run_after=2026-06-13 00:00:00+00:00
[2026-06-13T16:08:00.140+0000] {processor.py:183} INFO - Processing /home/airflow/.local/lib/python3.12/site-packages/airflow/example_dags/example_bash_operator.py took 0.478 seconds
[2026-06-13T16:08:30.956+0000] {processor.py:161} INFO - Started process (PID=1314) to work on /home/airflow/.local/lib/python3.12/site-packages/airflow/example_dags/example_bash_operator.py
[2026-06-13T16:08:30.959+0000] {processor.py:830} INFO - Processing file /home/airflow/.local/lib/python3.12/site-packages/airflow/example_dags/example_bash_operator.py for tasks to queue
[2026-06-13T16:08:30.966+0000] {logging_mixin.py:188} INFO - [2026-06-13T16:08:30.964+0000] {dagbag.py:545} INFO - Filling up the DagBag from /home/airflow/.local/lib/python3.12/site-packages/airflow/example_dags/example_bash_operator.py
[2026-06-13T16:08:30.997+0000] {processor.py:840} INFO - DAG(s) 'example_bash_operator' retrieved from /home/airflow/.local/lib/python3.12/site-packages/airflow/example_dags/example_bash_operator.py
[2026-06-13T16:08:31.077+0000] {logging_mixin.py:188} INFO - [2026-06-13T16:08:31.076+0000] {dag.py:3096} INFO - Sync 1 DAGs
[2026-06-13T16:08:31.159+0000] {logging_mixin.py:188} INFO - [2026-06-13T16:08:31.159+0000] {dag.py:3954} INFO - Setting next_dagrun for example_bash_operator to 2026-06-12 00:00:00+00:00, run_after=2026-06-13 00:00:00+00:00
[2026-06-13T16:08:31.224+0000] {processor.py:183} INFO - Processing /home/airflow/.local/lib/python3.12/site-packages/airflow/example_dags/example_bash_operator.py took 0.285 seconds
