[2026-06-13T10:42:17.607+0000] {processor.py:161} INFO - Started process (PID=71) to work on /home/airflow/.local/lib/python3.12/site-packages/airflow/example_dags/example_branch_datetime_operator.py
[2026-06-13T10:42:17.609+0000] {processor.py:830} INFO - Processing file /home/airflow/.local/lib/python3.12/site-packages/airflow/example_dags/example_branch_datetime_operator.py for tasks to queue
[2026-06-13T10:42:17.614+0000] {logging_mixin.py:188} INFO - [2026-06-13T10:42:17.613+0000] {dagbag.py:545} INFO - Filling up the DagBag from /home/airflow/.local/lib/python3.12/site-packages/airflow/example_dags/example_branch_datetime_operator.py
[2026-06-13T10:42:17.638+0000] {processor.py:840} INFO - DAG(s) 'example_branch_datetime_operator_2', 'example_branch_datetime_operator', 'example_branch_datetime_operator_3' retrieved from /home/airflow/.local/lib/python3.12/site-packages/airflow/example_dags/example_branch_datetime_operator.py
[2026-06-13T10:42:17.863+0000] {logging_mixin.py:188} INFO - [2026-06-13T10:42:17.863+0000] {dag.py:3096} INFO - Sync 3 DAGs
[2026-06-13T10:42:17.898+0000] {logging_mixin.py:188} INFO - [2026-06-13T10:42:17.898+0000] {dag.py:3954} INFO - Setting next_dagrun for example_branch_datetime_operator to 2026-06-12 00:00:00+00:00, run_after=2026-06-13 00:00:00+00:00
[2026-06-13T10:42:17.905+0000] {logging_mixin.py:188} INFO - [2026-06-13T10:42:17.905+0000] {dag.py:3954} INFO - Setting next_dagrun for example_branch_datetime_operator_2 to 2026-06-12 00:00:00+00:00, run_after=2026-06-13 00:00:00+00:00
[2026-06-13T10:42:17.910+0000] {logging_mixin.py:188} INFO - [2026-06-13T10:42:17.910+0000] {dag.py:3954} INFO - Setting next_dagrun for example_branch_datetime_operator_3 to 2026-06-12 00:00:00+00:00, run_after=2026-06-13 00:00:00+00:00
[2026-06-13T10:42:17.944+0000] {processor.py:183} INFO - Processing /home/airflow/.local/lib/python3.12/site-packages/airflow/example_dags/example_branch_datetime_operator.py took 0.347 seconds
[2026-06-13T10:42:48.228+0000] {processor.py:161} INFO - Started process (PID=129) to work on /home/airflow/.local/lib/python3.12/site-packages/airflow/example_dags/example_branch_datetime_operator.py
[2026-06-13T10:42:48.230+0000] {processor.py:830} INFO - Processing file /home/airflow/.local/lib/python3.12/site-packages/airflow/example_dags/example_branch_datetime_operator.py for tasks to queue
[2026-06-13T10:42:48.234+0000] {logging_mixin.py:188} INFO - [2026-06-13T10:42:48.233+0000] {dagbag.py:545} INFO - Filling up the DagBag from /home/airflow/.local/lib/python3.12/site-packages/airflow/example_dags/example_branch_datetime_operator.py
[2026-06-13T10:42:48.245+0000] {processor.py:840} INFO - DAG(s) 'example_branch_datetime_operator', 'example_branch_datetime_operator_2', 'example_branch_datetime_operator_3' retrieved from /home/airflow/.local/lib/python3.12/site-packages/airflow/example_dags/example_branch_datetime_operator.py
[2026-06-13T10:42:48.281+0000] {logging_mixin.py:188} INFO - [2026-06-13T10:42:48.280+0000] {dag.py:3096} INFO - Sync 3 DAGs
[2026-06-13T10:42:48.307+0000] {logging_mixin.py:188} INFO - [2026-06-13T10:42:48.307+0000] {dag.py:3954} INFO - Setting next_dagrun for example_branch_datetime_operator to 2026-06-12 00:00:00+00:00, run_after=2026-06-13 00:00:00+00:00
[2026-06-13T10:42:48.314+0000] {logging_mixin.py:188} INFO - [2026-06-13T10:42:48.313+0000] {dag.py:3954} INFO - Setting next_dagrun for example_branch_datetime_operator_2 to 2026-06-12 00:00:00+00:00, run_after=2026-06-13 00:00:00+00:00
[2026-06-13T10:42:48.317+0000] {logging_mixin.py:188} INFO - [2026-06-13T10:42:48.317+0000] {dag.py:3954} INFO - Setting next_dagrun for example_branch_datetime_operator_3 to 2026-06-12 00:00:00+00:00, run_after=2026-06-13 00:00:00+00:00
[2026-06-13T10:42:48.342+0000] {processor.py:183} INFO - Processing /home/airflow/.local/lib/python3.12/site-packages/airflow/example_dags/example_branch_datetime_operator.py took 0.120 seconds
[2026-06-13T10:43:18.705+0000] {processor.py:161} INFO - Started process (PID=187) to work on /home/airflow/.local/lib/python3.12/site-packages/airflow/example_dags/example_branch_datetime_operator.py
[2026-06-13T10:43:18.707+0000] {processor.py:830} INFO - Processing file /home/airflow/.local/lib/python3.12/site-packages/airflow/example_dags/example_branch_datetime_operator.py for tasks to queue
[2026-06-13T10:43:18.710+0000] {logging_mixin.py:188} INFO - [2026-06-13T10:43:18.710+0000] {dagbag.py:545} INFO - Filling up the DagBag from /home/airflow/.local/lib/python3.12/site-packages/airflow/example_dags/example_branch_datetime_operator.py
[2026-06-13T10:43:18.725+0000] {processor.py:840} INFO - DAG(s) 'example_branch_datetime_operator_3', 'example_branch_datetime_operator', 'example_branch_datetime_operator_2' retrieved from /home/airflow/.local/lib/python3.12/site-packages/airflow/example_dags/example_branch_datetime_operator.py
[2026-06-13T10:43:18.760+0000] {logging_mixin.py:188} INFO - [2026-06-13T10:43:18.759+0000] {dag.py:3096} INFO - Sync 3 DAGs
[2026-06-13T10:43:18.787+0000] {logging_mixin.py:188} INFO - [2026-06-13T10:43:18.786+0000] {dag.py:3954} INFO - Setting next_dagrun for example_branch_datetime_operator to 2026-06-12 00:00:00+00:00, run_after=2026-06-13 00:00:00+00:00
[2026-06-13T10:43:18.793+0000] {logging_mixin.py:188} INFO - [2026-06-13T10:43:18.792+0000] {dag.py:3954} INFO - Setting next_dagrun for example_branch_datetime_operator_2 to 2026-06-12 00:00:00+00:00, run_after=2026-06-13 00:00:00+00:00
[2026-06-13T10:43:18.796+0000] {logging_mixin.py:188} INFO - [2026-06-13T10:43:18.796+0000] {dag.py:3954} INFO - Setting next_dagrun for example_branch_datetime_operator_3 to 2026-06-12 00:00:00+00:00, run_after=2026-06-13 00:00:00+00:00
[2026-06-13T10:43:18.820+0000] {processor.py:183} INFO - Processing /home/airflow/.local/lib/python3.12/site-packages/airflow/example_dags/example_branch_datetime_operator.py took 0.121 seconds
[2026-06-13T10:43:49.195+0000] {processor.py:161} INFO - Started process (PID=251) to work on /home/airflow/.local/lib/python3.12/site-packages/airflow/example_dags/example_branch_datetime_operator.py
[2026-06-13T10:43:49.197+0000] {processor.py:830} INFO - Processing file /home/airflow/.local/lib/python3.12/site-packages/airflow/example_dags/example_branch_datetime_operator.py for tasks to queue
[2026-06-13T10:43:49.200+0000] {logging_mixin.py:188} INFO - [2026-06-13T10:43:49.200+0000] {dagbag.py:545} INFO - Filling up the DagBag from /home/airflow/.local/lib/python3.12/site-packages/airflow/example_dags/example_branch_datetime_operator.py
[2026-06-13T10:43:49.213+0000] {processor.py:840} INFO - DAG(s) 'example_branch_datetime_operator_2', 'example_branch_datetime_operator_3', 'example_branch_datetime_operator' retrieved from /home/airflow/.local/lib/python3.12/site-packages/airflow/example_dags/example_branch_datetime_operator.py
[2026-06-13T10:43:49.251+0000] {logging_mixin.py:188} INFO - [2026-06-13T10:43:49.251+0000] {dag.py:3096} INFO - Sync 3 DAGs
[2026-06-13T10:43:49.279+0000] {logging_mixin.py:188} INFO - [2026-06-13T10:43:49.278+0000] {dag.py:3954} INFO - Setting next_dagrun for example_branch_datetime_operator to 2026-06-12 00:00:00+00:00, run_after=2026-06-13 00:00:00+00:00
[2026-06-13T10:43:49.286+0000] {logging_mixin.py:188} INFO - [2026-06-13T10:43:49.285+0000] {dag.py:3954} INFO - Setting next_dagrun for example_branch_datetime_operator_2 to 2026-06-12 00:00:00+00:00, run_after=2026-06-13 00:00:00+00:00
[2026-06-13T10:43:49.289+0000] {logging_mixin.py:188} INFO - [2026-06-13T10:43:49.289+0000] {dag.py:3954} INFO - Setting next_dagrun for example_branch_datetime_operator_3 to 2026-06-12 00:00:00+00:00, run_after=2026-06-13 00:00:00+00:00
[2026-06-13T10:43:49.316+0000] {processor.py:183} INFO - Processing /home/airflow/.local/lib/python3.12/site-packages/airflow/example_dags/example_branch_datetime_operator.py took 0.129 seconds
[2026-06-13T10:44:20.280+0000] {processor.py:161} INFO - Started process (PID=309) to work on /home/airflow/.local/lib/python3.12/site-packages/airflow/example_dags/example_branch_datetime_operator.py
[2026-06-13T10:44:20.282+0000] {processor.py:830} INFO - Processing file /home/airflow/.local/lib/python3.12/site-packages/airflow/example_dags/example_branch_datetime_operator.py for tasks to queue
[2026-06-13T10:44:20.286+0000] {logging_mixin.py:188} INFO - [2026-06-13T10:44:20.286+0000] {dagbag.py:545} INFO - Filling up the DagBag from /home/airflow/.local/lib/python3.12/site-packages/airflow/example_dags/example_branch_datetime_operator.py
[2026-06-13T10:44:20.301+0000] {processor.py:840} INFO - DAG(s) 'example_branch_datetime_operator_3', 'example_branch_datetime_operator', 'example_branch_datetime_operator_2' retrieved from /home/airflow/.local/lib/python3.12/site-packages/airflow/example_dags/example_branch_datetime_operator.py
[2026-06-13T10:44:20.343+0000] {logging_mixin.py:188} INFO - [2026-06-13T10:44:20.342+0000] {dag.py:3096} INFO - Sync 3 DAGs
[2026-06-13T10:44:20.374+0000] {logging_mixin.py:188} INFO - [2026-06-13T10:44:20.373+0000] {dag.py:3954} INFO - Setting next_dagrun for example_branch_datetime_operator to 2026-06-12 00:00:00+00:00, run_after=2026-06-13 00:00:00+00:00
[2026-06-13T10:44:20.381+0000] {logging_mixin.py:188} INFO - [2026-06-13T10:44:20.381+0000] {dag.py:3954} INFO - Setting next_dagrun for example_branch_datetime_operator_2 to 2026-06-12 00:00:00+00:00, run_after=2026-06-13 00:00:00+00:00
[2026-06-13T10:44:20.385+0000] {logging_mixin.py:188} INFO - [2026-06-13T10:44:20.384+0000] {dag.py:3954} INFO - Setting next_dagrun for example_branch_datetime_operator_3 to 2026-06-12 00:00:00+00:00, run_after=2026-06-13 00:00:00+00:00
[2026-06-13T10:44:20.412+0000] {processor.py:183} INFO - Processing /home/airflow/.local/lib/python3.12/site-packages/airflow/example_dags/example_branch_datetime_operator.py took 0.140 seconds
[2026-06-13T10:44:50.767+0000] {processor.py:161} INFO - Started process (PID=367) to work on /home/airflow/.local/lib/python3.12/site-packages/airflow/example_dags/example_branch_datetime_operator.py
[2026-06-13T10:44:50.768+0000] {processor.py:830} INFO - Processing file /home/airflow/.local/lib/python3.12/site-packages/airflow/example_dags/example_branch_datetime_operator.py for tasks to queue
[2026-06-13T10:44:50.771+0000] {logging_mixin.py:188} INFO - [2026-06-13T10:44:50.771+0000] {dagbag.py:545} INFO - Filling up the DagBag from /home/airflow/.local/lib/python3.12/site-packages/airflow/example_dags/example_branch_datetime_operator.py
[2026-06-13T10:44:50.782+0000] {processor.py:840} INFO - DAG(s) 'example_branch_datetime_operator_2', 'example_branch_datetime_operator_3', 'example_branch_datetime_operator' retrieved from /home/airflow/.local/lib/python3.12/site-packages/airflow/example_dags/example_branch_datetime_operator.py
[2026-06-13T10:44:50.820+0000] {logging_mixin.py:188} INFO - [2026-06-13T10:44:50.820+0000] {dag.py:3096} INFO - Sync 3 DAGs
[2026-06-13T10:44:50.847+0000] {logging_mixin.py:188} INFO - [2026-06-13T10:44:50.847+0000] {dag.py:3954} INFO - Setting next_dagrun for example_branch_datetime_operator to 2026-06-12 00:00:00+00:00, run_after=2026-06-13 00:00:00+00:00
[2026-06-13T10:44:50.854+0000] {logging_mixin.py:188} INFO - [2026-06-13T10:44:50.853+0000] {dag.py:3954} INFO - Setting next_dagrun for example_branch_datetime_operator_2 to 2026-06-12 00:00:00+00:00, run_after=2026-06-13 00:00:00+00:00
[2026-06-13T10:44:50.857+0000] {logging_mixin.py:188} INFO - [2026-06-13T10:44:50.857+0000] {dag.py:3954} INFO - Setting next_dagrun for example_branch_datetime_operator_3 to 2026-06-12 00:00:00+00:00, run_after=2026-06-13 00:00:00+00:00
[2026-06-13T10:44:50.889+0000] {processor.py:183} INFO - Processing /home/airflow/.local/lib/python3.12/site-packages/airflow/example_dags/example_branch_datetime_operator.py took 0.128 seconds
[2026-06-13T10:45:21.556+0000] {processor.py:161} INFO - Started process (PID=425) to work on /home/airflow/.local/lib/python3.12/site-packages/airflow/example_dags/example_branch_datetime_operator.py
[2026-06-13T10:45:21.557+0000] {processor.py:830} INFO - Processing file /home/airflow/.local/lib/python3.12/site-packages/airflow/example_dags/example_branch_datetime_operator.py for tasks to queue
[2026-06-13T10:45:21.560+0000] {logging_mixin.py:188} INFO - [2026-06-13T10:45:21.560+0000] {dagbag.py:545} INFO - Filling up the DagBag from /home/airflow/.local/lib/python3.12/site-packages/airflow/example_dags/example_branch_datetime_operator.py
[2026-06-13T10:45:21.574+0000] {processor.py:840} INFO - DAG(s) 'example_branch_datetime_operator_2', 'example_branch_datetime_operator', 'example_branch_datetime_operator_3' retrieved from /home/airflow/.local/lib/python3.12/site-packages/airflow/example_dags/example_branch_datetime_operator.py
[2026-06-13T10:45:21.624+0000] {logging_mixin.py:188} INFO - [2026-06-13T10:45:21.624+0000] {dag.py:3096} INFO - Sync 3 DAGs
[2026-06-13T10:45:21.658+0000] {logging_mixin.py:188} INFO - [2026-06-13T10:45:21.658+0000] {dag.py:3954} INFO - Setting next_dagrun for example_branch_datetime_operator to 2026-06-12 00:00:00+00:00, run_after=2026-06-13 00:00:00+00:00
[2026-06-13T10:45:21.666+0000] {logging_mixin.py:188} INFO - [2026-06-13T10:45:21.666+0000] {dag.py:3954} INFO - Setting next_dagrun for example_branch_datetime_operator_2 to 2026-06-12 00:00:00+00:00, run_after=2026-06-13 00:00:00+00:00
[2026-06-13T10:45:21.669+0000] {logging_mixin.py:188} INFO - [2026-06-13T10:45:21.669+0000] {dag.py:3954} INFO - Setting next_dagrun for example_branch_datetime_operator_3 to 2026-06-12 00:00:00+00:00, run_after=2026-06-13 00:00:00+00:00
[2026-06-13T10:45:21.695+0000] {processor.py:183} INFO - Processing /home/airflow/.local/lib/python3.12/site-packages/airflow/example_dags/example_branch_datetime_operator.py took 0.147 seconds
[2026-06-13T10:45:52.069+0000] {processor.py:161} INFO - Started process (PID=483) to work on /home/airflow/.local/lib/python3.12/site-packages/airflow/example_dags/example_branch_datetime_operator.py
[2026-06-13T10:45:52.071+0000] {processor.py:830} INFO - Processing file /home/airflow/.local/lib/python3.12/site-packages/airflow/example_dags/example_branch_datetime_operator.py for tasks to queue
[2026-06-13T10:45:52.073+0000] {logging_mixin.py:188} INFO - [2026-06-13T10:45:52.073+0000] {dagbag.py:545} INFO - Filling up the DagBag from /home/airflow/.local/lib/python3.12/site-packages/airflow/example_dags/example_branch_datetime_operator.py
[2026-06-13T10:45:52.087+0000] {processor.py:840} INFO - DAG(s) 'example_branch_datetime_operator_3', 'example_branch_datetime_operator', 'example_branch_datetime_operator_2' retrieved from /home/airflow/.local/lib/python3.12/site-packages/airflow/example_dags/example_branch_datetime_operator.py
[2026-06-13T10:45:52.126+0000] {logging_mixin.py:188} INFO - [2026-06-13T10:45:52.125+0000] {dag.py:3096} INFO - Sync 3 DAGs
[2026-06-13T10:45:52.153+0000] {logging_mixin.py:188} INFO - [2026-06-13T10:45:52.152+0000] {dag.py:3954} INFO - Setting next_dagrun for example_branch_datetime_operator to 2026-06-12 00:00:00+00:00, run_after=2026-06-13 00:00:00+00:00
[2026-06-13T10:45:52.159+0000] {logging_mixin.py:188} INFO - [2026-06-13T10:45:52.159+0000] {dag.py:3954} INFO - Setting next_dagrun for example_branch_datetime_operator_2 to 2026-06-12 00:00:00+00:00, run_after=2026-06-13 00:00:00+00:00
[2026-06-13T10:45:52.163+0000] {logging_mixin.py:188} INFO - [2026-06-13T10:45:52.162+0000] {dag.py:3954} INFO - Setting next_dagrun for example_branch_datetime_operator_3 to 2026-06-12 00:00:00+00:00, run_after=2026-06-13 00:00:00+00:00
[2026-06-13T10:45:52.184+0000] {processor.py:183} INFO - Processing /home/airflow/.local/lib/python3.12/site-packages/airflow/example_dags/example_branch_datetime_operator.py took 0.121 seconds
[2026-06-13T10:46:22.383+0000] {processor.py:161} INFO - Started process (PID=541) to work on /home/airflow/.local/lib/python3.12/site-packages/airflow/example_dags/example_branch_datetime_operator.py
[2026-06-13T10:46:22.384+0000] {processor.py:830} INFO - Processing file /home/airflow/.local/lib/python3.12/site-packages/airflow/example_dags/example_branch_datetime_operator.py for tasks to queue
[2026-06-13T10:46:22.387+0000] {logging_mixin.py:188} INFO - [2026-06-13T10:46:22.386+0000] {dagbag.py:545} INFO - Filling up the DagBag from /home/airflow/.local/lib/python3.12/site-packages/airflow/example_dags/example_branch_datetime_operator.py
[2026-06-13T10:46:22.398+0000] {processor.py:840} INFO - DAG(s) 'example_branch_datetime_operator', 'example_branch_datetime_operator_3', 'example_branch_datetime_operator_2' retrieved from /home/airflow/.local/lib/python3.12/site-packages/airflow/example_dags/example_branch_datetime_operator.py
[2026-06-13T10:46:22.433+0000] {logging_mixin.py:188} INFO - [2026-06-13T10:46:22.433+0000] {dag.py:3096} INFO - Sync 3 DAGs
[2026-06-13T10:46:22.460+0000] {logging_mixin.py:188} INFO - [2026-06-13T10:46:22.460+0000] {dag.py:3954} INFO - Setting next_dagrun for example_branch_datetime_operator to 2026-06-12 00:00:00+00:00, run_after=2026-06-13 00:00:00+00:00
[2026-06-13T10:46:22.466+0000] {logging_mixin.py:188} INFO - [2026-06-13T10:46:22.465+0000] {dag.py:3954} INFO - Setting next_dagrun for example_branch_datetime_operator_2 to 2026-06-12 00:00:00+00:00, run_after=2026-06-13 00:00:00+00:00
[2026-06-13T10:46:22.469+0000] {logging_mixin.py:188} INFO - [2026-06-13T10:46:22.469+0000] {dag.py:3954} INFO - Setting next_dagrun for example_branch_datetime_operator_3 to 2026-06-12 00:00:00+00:00, run_after=2026-06-13 00:00:00+00:00
[2026-06-13T10:46:22.493+0000] {processor.py:183} INFO - Processing /home/airflow/.local/lib/python3.12/site-packages/airflow/example_dags/example_branch_datetime_operator.py took 0.116 seconds
[2026-06-13T10:46:52.635+0000] {processor.py:161} INFO - Started process (PID=599) to work on /home/airflow/.local/lib/python3.12/site-packages/airflow/example_dags/example_branch_datetime_operator.py
[2026-06-13T10:46:52.637+0000] {processor.py:830} INFO - Processing file /home/airflow/.local/lib/python3.12/site-packages/airflow/example_dags/example_branch_datetime_operator.py for tasks to queue
[2026-06-13T10:46:52.640+0000] {logging_mixin.py:188} INFO - [2026-06-13T10:46:52.639+0000] {dagbag.py:545} INFO - Filling up the DagBag from /home/airflow/.local/lib/python3.12/site-packages/airflow/example_dags/example_branch_datetime_operator.py
[2026-06-13T10:46:52.650+0000] {processor.py:840} INFO - DAG(s) 'example_branch_datetime_operator', 'example_branch_datetime_operator_3', 'example_branch_datetime_operator_2' retrieved from /home/airflow/.local/lib/python3.12/site-packages/airflow/example_dags/example_branch_datetime_operator.py
[2026-06-13T10:46:52.685+0000] {logging_mixin.py:188} INFO - [2026-06-13T10:46:52.685+0000] {dag.py:3096} INFO - Sync 3 DAGs
[2026-06-13T10:46:52.713+0000] {logging_mixin.py:188} INFO - [2026-06-13T10:46:52.713+0000] {dag.py:3954} INFO - Setting next_dagrun for example_branch_datetime_operator to 2026-06-12 00:00:00+00:00, run_after=2026-06-13 00:00:00+00:00
[2026-06-13T10:46:52.720+0000] {logging_mixin.py:188} INFO - [2026-06-13T10:46:52.720+0000] {dag.py:3954} INFO - Setting next_dagrun for example_branch_datetime_operator_2 to 2026-06-12 00:00:00+00:00, run_after=2026-06-13 00:00:00+00:00
[2026-06-13T10:46:52.723+0000] {logging_mixin.py:188} INFO - [2026-06-13T10:46:52.723+0000] {dag.py:3954} INFO - Setting next_dagrun for example_branch_datetime_operator_3 to 2026-06-12 00:00:00+00:00, run_after=2026-06-13 00:00:00+00:00
[2026-06-13T10:46:52.747+0000] {processor.py:183} INFO - Processing /home/airflow/.local/lib/python3.12/site-packages/airflow/example_dags/example_branch_datetime_operator.py took 0.119 seconds
[2026-06-13T10:47:22.890+0000] {processor.py:161} INFO - Started process (PID=657) to work on /home/airflow/.local/lib/python3.12/site-packages/airflow/example_dags/example_branch_datetime_operator.py
[2026-06-13T10:47:22.892+0000] {processor.py:830} INFO - Processing file /home/airflow/.local/lib/python3.12/site-packages/airflow/example_dags/example_branch_datetime_operator.py for tasks to queue
[2026-06-13T10:47:22.895+0000] {logging_mixin.py:188} INFO - [2026-06-13T10:47:22.894+0000] {dagbag.py:545} INFO - Filling up the DagBag from /home/airflow/.local/lib/python3.12/site-packages/airflow/example_dags/example_branch_datetime_operator.py
[2026-06-13T10:47:22.905+0000] {processor.py:840} INFO - DAG(s) 'example_branch_datetime_operator', 'example_branch_datetime_operator_2', 'example_branch_datetime_operator_3' retrieved from /home/airflow/.local/lib/python3.12/site-packages/airflow/example_dags/example_branch_datetime_operator.py
[2026-06-13T10:47:22.942+0000] {logging_mixin.py:188} INFO - [2026-06-13T10:47:22.942+0000] {dag.py:3096} INFO - Sync 3 DAGs
[2026-06-13T10:47:22.968+0000] {logging_mixin.py:188} INFO - [2026-06-13T10:47:22.968+0000] {dag.py:3954} INFO - Setting next_dagrun for example_branch_datetime_operator to 2026-06-12 00:00:00+00:00, run_after=2026-06-13 00:00:00+00:00
[2026-06-13T10:47:22.974+0000] {logging_mixin.py:188} INFO - [2026-06-13T10:47:22.973+0000] {dag.py:3954} INFO - Setting next_dagrun for example_branch_datetime_operator_2 to 2026-06-12 00:00:00+00:00, run_after=2026-06-13 00:00:00+00:00
[2026-06-13T10:47:22.977+0000] {logging_mixin.py:188} INFO - [2026-06-13T10:47:22.977+0000] {dag.py:3954} INFO - Setting next_dagrun for example_branch_datetime_operator_3 to 2026-06-12 00:00:00+00:00, run_after=2026-06-13 00:00:00+00:00
[2026-06-13T10:47:22.998+0000] {processor.py:183} INFO - Processing /home/airflow/.local/lib/python3.12/site-packages/airflow/example_dags/example_branch_datetime_operator.py took 0.114 seconds
[2026-06-13T10:47:53.138+0000] {processor.py:161} INFO - Started process (PID=715) to work on /home/airflow/.local/lib/python3.12/site-packages/airflow/example_dags/example_branch_datetime_operator.py
[2026-06-13T10:47:53.139+0000] {processor.py:830} INFO - Processing file /home/airflow/.local/lib/python3.12/site-packages/airflow/example_dags/example_branch_datetime_operator.py for tasks to queue
[2026-06-13T10:47:53.142+0000] {logging_mixin.py:188} INFO - [2026-06-13T10:47:53.142+0000] {dagbag.py:545} INFO - Filling up the DagBag from /home/airflow/.local/lib/python3.12/site-packages/airflow/example_dags/example_branch_datetime_operator.py
[2026-06-13T10:47:53.153+0000] {processor.py:840} INFO - DAG(s) 'example_branch_datetime_operator_2', 'example_branch_datetime_operator_3', 'example_branch_datetime_operator' retrieved from /home/airflow/.local/lib/python3.12/site-packages/airflow/example_dags/example_branch_datetime_operator.py
[2026-06-13T10:47:53.188+0000] {logging_mixin.py:188} INFO - [2026-06-13T10:47:53.188+0000] {dag.py:3096} INFO - Sync 3 DAGs
[2026-06-13T10:47:53.216+0000] {logging_mixin.py:188} INFO - [2026-06-13T10:47:53.216+0000] {dag.py:3954} INFO - Setting next_dagrun for example_branch_datetime_operator to 2026-06-12 00:00:00+00:00, run_after=2026-06-13 00:00:00+00:00
[2026-06-13T10:47:53.223+0000] {logging_mixin.py:188} INFO - [2026-06-13T10:47:53.223+0000] {dag.py:3954} INFO - Setting next_dagrun for example_branch_datetime_operator_2 to 2026-06-12 00:00:00+00:00, run_after=2026-06-13 00:00:00+00:00
[2026-06-13T10:47:53.227+0000] {logging_mixin.py:188} INFO - [2026-06-13T10:47:53.226+0000] {dag.py:3954} INFO - Setting next_dagrun for example_branch_datetime_operator_3 to 2026-06-12 00:00:00+00:00, run_after=2026-06-13 00:00:00+00:00
[2026-06-13T10:47:53.253+0000] {processor.py:183} INFO - Processing /home/airflow/.local/lib/python3.12/site-packages/airflow/example_dags/example_branch_datetime_operator.py took 0.121 seconds
[2026-06-13T10:48:23.385+0000] {processor.py:161} INFO - Started process (PID=773) to work on /home/airflow/.local/lib/python3.12/site-packages/airflow/example_dags/example_branch_datetime_operator.py
[2026-06-13T10:48:23.387+0000] {processor.py:830} INFO - Processing file /home/airflow/.local/lib/python3.12/site-packages/airflow/example_dags/example_branch_datetime_operator.py for tasks to queue
[2026-06-13T10:48:23.389+0000] {logging_mixin.py:188} INFO - [2026-06-13T10:48:23.389+0000] {dagbag.py:545} INFO - Filling up the DagBag from /home/airflow/.local/lib/python3.12/site-packages/airflow/example_dags/example_branch_datetime_operator.py
[2026-06-13T10:48:23.400+0000] {processor.py:840} INFO - DAG(s) 'example_branch_datetime_operator', 'example_branch_datetime_operator_3', 'example_branch_datetime_operator_2' retrieved from /home/airflow/.local/lib/python3.12/site-packages/airflow/example_dags/example_branch_datetime_operator.py
[2026-06-13T10:48:23.434+0000] {logging_mixin.py:188} INFO - [2026-06-13T10:48:23.434+0000] {dag.py:3096} INFO - Sync 3 DAGs
[2026-06-13T10:48:23.459+0000] {logging_mixin.py:188} INFO - [2026-06-13T10:48:23.459+0000] {dag.py:3954} INFO - Setting next_dagrun for example_branch_datetime_operator to 2026-06-12 00:00:00+00:00, run_after=2026-06-13 00:00:00+00:00
[2026-06-13T10:48:23.466+0000] {logging_mixin.py:188} INFO - [2026-06-13T10:48:23.465+0000] {dag.py:3954} INFO - Setting next_dagrun for example_branch_datetime_operator_2 to 2026-06-12 00:00:00+00:00, run_after=2026-06-13 00:00:00+00:00
[2026-06-13T10:48:23.469+0000] {logging_mixin.py:188} INFO - [2026-06-13T10:48:23.469+0000] {dag.py:3954} INFO - Setting next_dagrun for example_branch_datetime_operator_3 to 2026-06-12 00:00:00+00:00, run_after=2026-06-13 00:00:00+00:00
[2026-06-13T10:48:23.493+0000] {processor.py:183} INFO - Processing /home/airflow/.local/lib/python3.12/site-packages/airflow/example_dags/example_branch_datetime_operator.py took 0.113 seconds
[2026-06-13T10:48:53.782+0000] {processor.py:161} INFO - Started process (PID=831) to work on /home/airflow/.local/lib/python3.12/site-packages/airflow/example_dags/example_branch_datetime_operator.py
[2026-06-13T10:48:53.784+0000] {processor.py:830} INFO - Processing file /home/airflow/.local/lib/python3.12/site-packages/airflow/example_dags/example_branch_datetime_operator.py for tasks to queue
[2026-06-13T10:48:53.787+0000] {logging_mixin.py:188} INFO - [2026-06-13T10:48:53.787+0000] {dagbag.py:545} INFO - Filling up the DagBag from /home/airflow/.local/lib/python3.12/site-packages/airflow/example_dags/example_branch_datetime_operator.py
[2026-06-13T10:48:53.800+0000] {processor.py:840} INFO - DAG(s) 'example_branch_datetime_operator_3', 'example_branch_datetime_operator_2', 'example_branch_datetime_operator' retrieved from /home/airflow/.local/lib/python3.12/site-packages/airflow/example_dags/example_branch_datetime_operator.py
[2026-06-13T10:48:53.836+0000] {logging_mixin.py:188} INFO - [2026-06-13T10:48:53.836+0000] {dag.py:3096} INFO - Sync 3 DAGs
[2026-06-13T10:48:53.863+0000] {logging_mixin.py:188} INFO - [2026-06-13T10:48:53.863+0000] {dag.py:3954} INFO - Setting next_dagrun for example_branch_datetime_operator to 2026-06-12 00:00:00+00:00, run_after=2026-06-13 00:00:00+00:00
[2026-06-13T10:48:53.869+0000] {logging_mixin.py:188} INFO - [2026-06-13T10:48:53.869+0000] {dag.py:3954} INFO - Setting next_dagrun for example_branch_datetime_operator_2 to 2026-06-12 00:00:00+00:00, run_after=2026-06-13 00:00:00+00:00
[2026-06-13T10:48:53.872+0000] {logging_mixin.py:188} INFO - [2026-06-13T10:48:53.872+0000] {dag.py:3954} INFO - Setting next_dagrun for example_branch_datetime_operator_3 to 2026-06-12 00:00:00+00:00, run_after=2026-06-13 00:00:00+00:00
[2026-06-13T10:48:53.899+0000] {processor.py:183} INFO - Processing /home/airflow/.local/lib/python3.12/site-packages/airflow/example_dags/example_branch_datetime_operator.py took 0.122 seconds
[2026-06-13T10:49:24.813+0000] {processor.py:161} INFO - Started process (PID=889) to work on /home/airflow/.local/lib/python3.12/site-packages/airflow/example_dags/example_branch_datetime_operator.py
[2026-06-13T10:49:24.815+0000] {processor.py:830} INFO - Processing file /home/airflow/.local/lib/python3.12/site-packages/airflow/example_dags/example_branch_datetime_operator.py for tasks to queue
[2026-06-13T10:49:24.818+0000] {logging_mixin.py:188} INFO - [2026-06-13T10:49:24.817+0000] {dagbag.py:545} INFO - Filling up the DagBag from /home/airflow/.local/lib/python3.12/site-packages/airflow/example_dags/example_branch_datetime_operator.py
[2026-06-13T10:49:24.827+0000] {processor.py:840} INFO - DAG(s) 'example_branch_datetime_operator', 'example_branch_datetime_operator_2', 'example_branch_datetime_operator_3' retrieved from /home/airflow/.local/lib/python3.12/site-packages/airflow/example_dags/example_branch_datetime_operator.py
[2026-06-13T10:49:24.860+0000] {logging_mixin.py:188} INFO - [2026-06-13T10:49:24.860+0000] {dag.py:3096} INFO - Sync 3 DAGs
[2026-06-13T10:49:24.886+0000] {logging_mixin.py:188} INFO - [2026-06-13T10:49:24.886+0000] {dag.py:3954} INFO - Setting next_dagrun for example_branch_datetime_operator to 2026-06-12 00:00:00+00:00, run_after=2026-06-13 00:00:00+00:00
[2026-06-13T10:49:24.892+0000] {logging_mixin.py:188} INFO - [2026-06-13T10:49:24.892+0000] {dag.py:3954} INFO - Setting next_dagrun for example_branch_datetime_operator_2 to 2026-06-12 00:00:00+00:00, run_after=2026-06-13 00:00:00+00:00
[2026-06-13T10:49:24.896+0000] {logging_mixin.py:188} INFO - [2026-06-13T10:49:24.896+0000] {dag.py:3954} INFO - Setting next_dagrun for example_branch_datetime_operator_3 to 2026-06-12 00:00:00+00:00, run_after=2026-06-13 00:00:00+00:00
[2026-06-13T10:49:24.919+0000] {processor.py:183} INFO - Processing /home/airflow/.local/lib/python3.12/site-packages/airflow/example_dags/example_branch_datetime_operator.py took 0.112 seconds
[2026-06-13T10:49:55.188+0000] {processor.py:161} INFO - Started process (PID=948) to work on /home/airflow/.local/lib/python3.12/site-packages/airflow/example_dags/example_branch_datetime_operator.py
[2026-06-13T10:49:55.190+0000] {processor.py:830} INFO - Processing file /home/airflow/.local/lib/python3.12/site-packages/airflow/example_dags/example_branch_datetime_operator.py for tasks to queue
[2026-06-13T10:49:55.193+0000] {logging_mixin.py:188} INFO - [2026-06-13T10:49:55.193+0000] {dagbag.py:545} INFO - Filling up the DagBag from /home/airflow/.local/lib/python3.12/site-packages/airflow/example_dags/example_branch_datetime_operator.py
[2026-06-13T10:49:55.208+0000] {processor.py:840} INFO - DAG(s) 'example_branch_datetime_operator', 'example_branch_datetime_operator_3', 'example_branch_datetime_operator_2' retrieved from /home/airflow/.local/lib/python3.12/site-packages/airflow/example_dags/example_branch_datetime_operator.py
[2026-06-13T10:49:55.250+0000] {logging_mixin.py:188} INFO - [2026-06-13T10:49:55.249+0000] {dag.py:3096} INFO - Sync 3 DAGs
[2026-06-13T10:49:55.281+0000] {logging_mixin.py:188} INFO - [2026-06-13T10:49:55.281+0000] {dag.py:3954} INFO - Setting next_dagrun for example_branch_datetime_operator to 2026-06-12 00:00:00+00:00, run_after=2026-06-13 00:00:00+00:00
[2026-06-13T10:49:55.287+0000] {logging_mixin.py:188} INFO - [2026-06-13T10:49:55.287+0000] {dag.py:3954} INFO - Setting next_dagrun for example_branch_datetime_operator_2 to 2026-06-12 00:00:00+00:00, run_after=2026-06-13 00:00:00+00:00
[2026-06-13T10:49:55.291+0000] {logging_mixin.py:188} INFO - [2026-06-13T10:49:55.291+0000] {dag.py:3954} INFO - Setting next_dagrun for example_branch_datetime_operator_3 to 2026-06-12 00:00:00+00:00, run_after=2026-06-13 00:00:00+00:00
[2026-06-13T10:49:55.314+0000] {processor.py:183} INFO - Processing /home/airflow/.local/lib/python3.12/site-packages/airflow/example_dags/example_branch_datetime_operator.py took 0.137 seconds
[2026-06-13T10:50:25.456+0000] {processor.py:161} INFO - Started process (PID=1006) to work on /home/airflow/.local/lib/python3.12/site-packages/airflow/example_dags/example_branch_datetime_operator.py
[2026-06-13T10:50:25.458+0000] {processor.py:830} INFO - Processing file /home/airflow/.local/lib/python3.12/site-packages/airflow/example_dags/example_branch_datetime_operator.py for tasks to queue
[2026-06-13T10:50:25.461+0000] {logging_mixin.py:188} INFO - [2026-06-13T10:50:25.461+0000] {dagbag.py:545} INFO - Filling up the DagBag from /home/airflow/.local/lib/python3.12/site-packages/airflow/example_dags/example_branch_datetime_operator.py
[2026-06-13T10:50:25.472+0000] {processor.py:840} INFO - DAG(s) 'example_branch_datetime_operator_2', 'example_branch_datetime_operator', 'example_branch_datetime_operator_3' retrieved from /home/airflow/.local/lib/python3.12/site-packages/airflow/example_dags/example_branch_datetime_operator.py
[2026-06-13T10:50:25.507+0000] {logging_mixin.py:188} INFO - [2026-06-13T10:50:25.506+0000] {dag.py:3096} INFO - Sync 3 DAGs
[2026-06-13T10:50:25.532+0000] {logging_mixin.py:188} INFO - [2026-06-13T10:50:25.532+0000] {dag.py:3954} INFO - Setting next_dagrun for example_branch_datetime_operator to 2026-06-12 00:00:00+00:00, run_after=2026-06-13 00:00:00+00:00
[2026-06-13T10:50:25.540+0000] {logging_mixin.py:188} INFO - [2026-06-13T10:50:25.539+0000] {dag.py:3954} INFO - Setting next_dagrun for example_branch_datetime_operator_2 to 2026-06-12 00:00:00+00:00, run_after=2026-06-13 00:00:00+00:00
[2026-06-13T10:50:25.544+0000] {logging_mixin.py:188} INFO - [2026-06-13T10:50:25.543+0000] {dag.py:3954} INFO - Setting next_dagrun for example_branch_datetime_operator_3 to 2026-06-12 00:00:00+00:00, run_after=2026-06-13 00:00:00+00:00
[2026-06-13T10:50:25.568+0000] {processor.py:183} INFO - Processing /home/airflow/.local/lib/python3.12/site-packages/airflow/example_dags/example_branch_datetime_operator.py took 0.118 seconds
[2026-06-13T10:50:55.702+0000] {processor.py:161} INFO - Started process (PID=1063) to work on /home/airflow/.local/lib/python3.12/site-packages/airflow/example_dags/example_branch_datetime_operator.py
[2026-06-13T10:50:55.703+0000] {processor.py:830} INFO - Processing file /home/airflow/.local/lib/python3.12/site-packages/airflow/example_dags/example_branch_datetime_operator.py for tasks to queue
[2026-06-13T10:50:55.707+0000] {logging_mixin.py:188} INFO - [2026-06-13T10:50:55.706+0000] {dagbag.py:545} INFO - Filling up the DagBag from /home/airflow/.local/lib/python3.12/site-packages/airflow/example_dags/example_branch_datetime_operator.py
[2026-06-13T10:50:55.719+0000] {processor.py:840} INFO - DAG(s) 'example_branch_datetime_operator_2', 'example_branch_datetime_operator_3', 'example_branch_datetime_operator' retrieved from /home/airflow/.local/lib/python3.12/site-packages/airflow/example_dags/example_branch_datetime_operator.py
[2026-06-13T10:50:55.764+0000] {logging_mixin.py:188} INFO - [2026-06-13T10:50:55.764+0000] {dag.py:3096} INFO - Sync 3 DAGs
[2026-06-13T10:50:55.807+0000] {logging_mixin.py:188} INFO - [2026-06-13T10:50:55.806+0000] {dag.py:3954} INFO - Setting next_dagrun for example_branch_datetime_operator to 2026-06-12 00:00:00+00:00, run_after=2026-06-13 00:00:00+00:00
[2026-06-13T10:50:55.817+0000] {logging_mixin.py:188} INFO - [2026-06-13T10:50:55.816+0000] {dag.py:3954} INFO - Setting next_dagrun for example_branch_datetime_operator_2 to 2026-06-12 00:00:00+00:00, run_after=2026-06-13 00:00:00+00:00
[2026-06-13T10:50:55.824+0000] {logging_mixin.py:188} INFO - [2026-06-13T10:50:55.824+0000] {dag.py:3954} INFO - Setting next_dagrun for example_branch_datetime_operator_3 to 2026-06-12 00:00:00+00:00, run_after=2026-06-13 00:00:00+00:00
[2026-06-13T10:50:55.859+0000] {processor.py:183} INFO - Processing /home/airflow/.local/lib/python3.12/site-packages/airflow/example_dags/example_branch_datetime_operator.py took 0.164 seconds
[2026-06-13T10:51:26.015+0000] {processor.py:161} INFO - Started process (PID=1121) to work on /home/airflow/.local/lib/python3.12/site-packages/airflow/example_dags/example_branch_datetime_operator.py
[2026-06-13T10:51:26.016+0000] {processor.py:830} INFO - Processing file /home/airflow/.local/lib/python3.12/site-packages/airflow/example_dags/example_branch_datetime_operator.py for tasks to queue
[2026-06-13T10:51:26.019+0000] {logging_mixin.py:188} INFO - [2026-06-13T10:51:26.018+0000] {dagbag.py:545} INFO - Filling up the DagBag from /home/airflow/.local/lib/python3.12/site-packages/airflow/example_dags/example_branch_datetime_operator.py
[2026-06-13T10:51:26.030+0000] {processor.py:840} INFO - DAG(s) 'example_branch_datetime_operator', 'example_branch_datetime_operator_3', 'example_branch_datetime_operator_2' retrieved from /home/airflow/.local/lib/python3.12/site-packages/airflow/example_dags/example_branch_datetime_operator.py
[2026-06-13T10:51:26.070+0000] {logging_mixin.py:188} INFO - [2026-06-13T10:51:26.069+0000] {dag.py:3096} INFO - Sync 3 DAGs
[2026-06-13T10:51:26.098+0000] {logging_mixin.py:188} INFO - [2026-06-13T10:51:26.098+0000] {dag.py:3954} INFO - Setting next_dagrun for example_branch_datetime_operator to 2026-06-12 00:00:00+00:00, run_after=2026-06-13 00:00:00+00:00
[2026-06-13T10:51:26.104+0000] {logging_mixin.py:188} INFO - [2026-06-13T10:51:26.104+0000] {dag.py:3954} INFO - Setting next_dagrun for example_branch_datetime_operator_2 to 2026-06-12 00:00:00+00:00, run_after=2026-06-13 00:00:00+00:00
[2026-06-13T10:51:26.108+0000] {logging_mixin.py:188} INFO - [2026-06-13T10:51:26.107+0000] {dag.py:3954} INFO - Setting next_dagrun for example_branch_datetime_operator_3 to 2026-06-12 00:00:00+00:00, run_after=2026-06-13 00:00:00+00:00
[2026-06-13T10:51:26.135+0000] {processor.py:183} INFO - Processing /home/airflow/.local/lib/python3.12/site-packages/airflow/example_dags/example_branch_datetime_operator.py took 0.128 seconds
[2026-06-13T10:51:56.268+0000] {processor.py:161} INFO - Started process (PID=1179) to work on /home/airflow/.local/lib/python3.12/site-packages/airflow/example_dags/example_branch_datetime_operator.py
[2026-06-13T10:51:56.270+0000] {processor.py:830} INFO - Processing file /home/airflow/.local/lib/python3.12/site-packages/airflow/example_dags/example_branch_datetime_operator.py for tasks to queue
[2026-06-13T10:51:56.273+0000] {logging_mixin.py:188} INFO - [2026-06-13T10:51:56.272+0000] {dagbag.py:545} INFO - Filling up the DagBag from /home/airflow/.local/lib/python3.12/site-packages/airflow/example_dags/example_branch_datetime_operator.py
[2026-06-13T10:51:56.284+0000] {processor.py:840} INFO - DAG(s) 'example_branch_datetime_operator', 'example_branch_datetime_operator_2', 'example_branch_datetime_operator_3' retrieved from /home/airflow/.local/lib/python3.12/site-packages/airflow/example_dags/example_branch_datetime_operator.py
[2026-06-13T10:51:56.317+0000] {logging_mixin.py:188} INFO - [2026-06-13T10:51:56.317+0000] {dag.py:3096} INFO - Sync 3 DAGs
[2026-06-13T10:51:56.344+0000] {logging_mixin.py:188} INFO - [2026-06-13T10:51:56.344+0000] {dag.py:3954} INFO - Setting next_dagrun for example_branch_datetime_operator to 2026-06-12 00:00:00+00:00, run_after=2026-06-13 00:00:00+00:00
[2026-06-13T10:51:56.350+0000] {logging_mixin.py:188} INFO - [2026-06-13T10:51:56.350+0000] {dag.py:3954} INFO - Setting next_dagrun for example_branch_datetime_operator_2 to 2026-06-12 00:00:00+00:00, run_after=2026-06-13 00:00:00+00:00
[2026-06-13T10:51:56.356+0000] {logging_mixin.py:188} INFO - [2026-06-13T10:51:56.356+0000] {dag.py:3954} INFO - Setting next_dagrun for example_branch_datetime_operator_3 to 2026-06-12 00:00:00+00:00, run_after=2026-06-13 00:00:00+00:00
[2026-06-13T10:51:56.386+0000] {processor.py:183} INFO - Processing /home/airflow/.local/lib/python3.12/site-packages/airflow/example_dags/example_branch_datetime_operator.py took 0.124 seconds
[2026-06-13T10:52:26.523+0000] {processor.py:161} INFO - Started process (PID=1237) to work on /home/airflow/.local/lib/python3.12/site-packages/airflow/example_dags/example_branch_datetime_operator.py
[2026-06-13T10:52:26.525+0000] {processor.py:830} INFO - Processing file /home/airflow/.local/lib/python3.12/site-packages/airflow/example_dags/example_branch_datetime_operator.py for tasks to queue
[2026-06-13T10:52:26.527+0000] {logging_mixin.py:188} INFO - [2026-06-13T10:52:26.527+0000] {dagbag.py:545} INFO - Filling up the DagBag from /home/airflow/.local/lib/python3.12/site-packages/airflow/example_dags/example_branch_datetime_operator.py
[2026-06-13T10:52:26.539+0000] {processor.py:840} INFO - DAG(s) 'example_branch_datetime_operator', 'example_branch_datetime_operator_3', 'example_branch_datetime_operator_2' retrieved from /home/airflow/.local/lib/python3.12/site-packages/airflow/example_dags/example_branch_datetime_operator.py
[2026-06-13T10:52:26.574+0000] {logging_mixin.py:188} INFO - [2026-06-13T10:52:26.574+0000] {dag.py:3096} INFO - Sync 3 DAGs
[2026-06-13T10:52:26.600+0000] {logging_mixin.py:188} INFO - [2026-06-13T10:52:26.600+0000] {dag.py:3954} INFO - Setting next_dagrun for example_branch_datetime_operator to 2026-06-12 00:00:00+00:00, run_after=2026-06-13 00:00:00+00:00
[2026-06-13T10:52:26.606+0000] {logging_mixin.py:188} INFO - [2026-06-13T10:52:26.606+0000] {dag.py:3954} INFO - Setting next_dagrun for example_branch_datetime_operator_2 to 2026-06-12 00:00:00+00:00, run_after=2026-06-13 00:00:00+00:00
[2026-06-13T10:52:26.610+0000] {logging_mixin.py:188} INFO - [2026-06-13T10:52:26.609+0000] {dag.py:3954} INFO - Setting next_dagrun for example_branch_datetime_operator_3 to 2026-06-12 00:00:00+00:00, run_after=2026-06-13 00:00:00+00:00
[2026-06-13T10:52:26.638+0000] {processor.py:183} INFO - Processing /home/airflow/.local/lib/python3.12/site-packages/airflow/example_dags/example_branch_datetime_operator.py took 0.121 seconds
[2026-06-13T10:52:56.697+0000] {processor.py:161} INFO - Started process (PID=1294) to work on /home/airflow/.local/lib/python3.12/site-packages/airflow/example_dags/example_branch_datetime_operator.py
[2026-06-13T10:52:56.699+0000] {processor.py:830} INFO - Processing file /home/airflow/.local/lib/python3.12/site-packages/airflow/example_dags/example_branch_datetime_operator.py for tasks to queue
[2026-06-13T10:52:56.702+0000] {logging_mixin.py:188} INFO - [2026-06-13T10:52:56.701+0000] {dagbag.py:545} INFO - Filling up the DagBag from /home/airflow/.local/lib/python3.12/site-packages/airflow/example_dags/example_branch_datetime_operator.py
[2026-06-13T10:52:56.715+0000] {processor.py:840} INFO - DAG(s) 'example_branch_datetime_operator_2', 'example_branch_datetime_operator_3', 'example_branch_datetime_operator' retrieved from /home/airflow/.local/lib/python3.12/site-packages/airflow/example_dags/example_branch_datetime_operator.py
[2026-06-13T10:52:56.759+0000] {logging_mixin.py:188} INFO - [2026-06-13T10:52:56.758+0000] {dag.py:3096} INFO - Sync 3 DAGs
[2026-06-13T10:52:56.785+0000] {logging_mixin.py:188} INFO - [2026-06-13T10:52:56.785+0000] {dag.py:3954} INFO - Setting next_dagrun for example_branch_datetime_operator to 2026-06-12 00:00:00+00:00, run_after=2026-06-13 00:00:00+00:00
[2026-06-13T10:52:56.791+0000] {logging_mixin.py:188} INFO - [2026-06-13T10:52:56.791+0000] {dag.py:3954} INFO - Setting next_dagrun for example_branch_datetime_operator_2 to 2026-06-12 00:00:00+00:00, run_after=2026-06-13 00:00:00+00:00
[2026-06-13T10:52:56.794+0000] {logging_mixin.py:188} INFO - [2026-06-13T10:52:56.794+0000] {dag.py:3954} INFO - Setting next_dagrun for example_branch_datetime_operator_3 to 2026-06-12 00:00:00+00:00, run_after=2026-06-13 00:00:00+00:00
[2026-06-13T10:52:56.819+0000] {processor.py:183} INFO - Processing /home/airflow/.local/lib/python3.12/site-packages/airflow/example_dags/example_branch_datetime_operator.py took 0.128 seconds
[2026-06-13T10:53:27.190+0000] {processor.py:161} INFO - Started process (PID=1354) to work on /home/airflow/.local/lib/python3.12/site-packages/airflow/example_dags/example_branch_datetime_operator.py
[2026-06-13T10:53:27.192+0000] {processor.py:830} INFO - Processing file /home/airflow/.local/lib/python3.12/site-packages/airflow/example_dags/example_branch_datetime_operator.py for tasks to queue
[2026-06-13T10:53:27.195+0000] {logging_mixin.py:188} INFO - [2026-06-13T10:53:27.194+0000] {dagbag.py:545} INFO - Filling up the DagBag from /home/airflow/.local/lib/python3.12/site-packages/airflow/example_dags/example_branch_datetime_operator.py
[2026-06-13T10:53:27.205+0000] {processor.py:840} INFO - DAG(s) 'example_branch_datetime_operator_3', 'example_branch_datetime_operator_2', 'example_branch_datetime_operator' retrieved from /home/airflow/.local/lib/python3.12/site-packages/airflow/example_dags/example_branch_datetime_operator.py
[2026-06-13T10:53:27.245+0000] {logging_mixin.py:188} INFO - [2026-06-13T10:53:27.244+0000] {dag.py:3096} INFO - Sync 3 DAGs
[2026-06-13T10:53:27.272+0000] {logging_mixin.py:188} INFO - [2026-06-13T10:53:27.272+0000] {dag.py:3954} INFO - Setting next_dagrun for example_branch_datetime_operator to 2026-06-12 00:00:00+00:00, run_after=2026-06-13 00:00:00+00:00
[2026-06-13T10:53:27.278+0000] {logging_mixin.py:188} INFO - [2026-06-13T10:53:27.278+0000] {dag.py:3954} INFO - Setting next_dagrun for example_branch_datetime_operator_2 to 2026-06-12 00:00:00+00:00, run_after=2026-06-13 00:00:00+00:00
[2026-06-13T10:53:27.282+0000] {logging_mixin.py:188} INFO - [2026-06-13T10:53:27.282+0000] {dag.py:3954} INFO - Setting next_dagrun for example_branch_datetime_operator_3 to 2026-06-12 00:00:00+00:00, run_after=2026-06-13 00:00:00+00:00
[2026-06-13T10:53:27.314+0000] {processor.py:183} INFO - Processing /home/airflow/.local/lib/python3.12/site-packages/airflow/example_dags/example_branch_datetime_operator.py took 0.130 seconds
[2026-06-13T10:53:57.673+0000] {processor.py:161} INFO - Started process (PID=1412) to work on /home/airflow/.local/lib/python3.12/site-packages/airflow/example_dags/example_branch_datetime_operator.py
[2026-06-13T10:53:57.674+0000] {processor.py:830} INFO - Processing file /home/airflow/.local/lib/python3.12/site-packages/airflow/example_dags/example_branch_datetime_operator.py for tasks to queue
[2026-06-13T10:53:57.678+0000] {logging_mixin.py:188} INFO - [2026-06-13T10:53:57.677+0000] {dagbag.py:545} INFO - Filling up the DagBag from /home/airflow/.local/lib/python3.12/site-packages/airflow/example_dags/example_branch_datetime_operator.py
[2026-06-13T10:53:57.688+0000] {processor.py:840} INFO - DAG(s) 'example_branch_datetime_operator_2', 'example_branch_datetime_operator', 'example_branch_datetime_operator_3' retrieved from /home/airflow/.local/lib/python3.12/site-packages/airflow/example_dags/example_branch_datetime_operator.py
[2026-06-13T10:53:57.724+0000] {logging_mixin.py:188} INFO - [2026-06-13T10:53:57.724+0000] {dag.py:3096} INFO - Sync 3 DAGs
[2026-06-13T10:53:57.752+0000] {logging_mixin.py:188} INFO - [2026-06-13T10:53:57.752+0000] {dag.py:3954} INFO - Setting next_dagrun for example_branch_datetime_operator to 2026-06-12 00:00:00+00:00, run_after=2026-06-13 00:00:00+00:00
[2026-06-13T10:53:57.757+0000] {logging_mixin.py:188} INFO - [2026-06-13T10:53:57.757+0000] {dag.py:3954} INFO - Setting next_dagrun for example_branch_datetime_operator_2 to 2026-06-12 00:00:00+00:00, run_after=2026-06-13 00:00:00+00:00
[2026-06-13T10:53:57.761+0000] {logging_mixin.py:188} INFO - [2026-06-13T10:53:57.760+0000] {dag.py:3954} INFO - Setting next_dagrun for example_branch_datetime_operator_3 to 2026-06-12 00:00:00+00:00, run_after=2026-06-13 00:00:00+00:00
[2026-06-13T10:53:57.795+0000] {processor.py:183} INFO - Processing /home/airflow/.local/lib/python3.12/site-packages/airflow/example_dags/example_branch_datetime_operator.py took 0.129 seconds
[2026-06-13T10:54:27.970+0000] {processor.py:161} INFO - Started process (PID=1470) to work on /home/airflow/.local/lib/python3.12/site-packages/airflow/example_dags/example_branch_datetime_operator.py
[2026-06-13T10:54:27.971+0000] {processor.py:830} INFO - Processing file /home/airflow/.local/lib/python3.12/site-packages/airflow/example_dags/example_branch_datetime_operator.py for tasks to queue
[2026-06-13T10:54:27.974+0000] {logging_mixin.py:188} INFO - [2026-06-13T10:54:27.974+0000] {dagbag.py:545} INFO - Filling up the DagBag from /home/airflow/.local/lib/python3.12/site-packages/airflow/example_dags/example_branch_datetime_operator.py
[2026-06-13T10:54:27.985+0000] {processor.py:840} INFO - DAG(s) 'example_branch_datetime_operator_2', 'example_branch_datetime_operator', 'example_branch_datetime_operator_3' retrieved from /home/airflow/.local/lib/python3.12/site-packages/airflow/example_dags/example_branch_datetime_operator.py
[2026-06-13T10:54:28.020+0000] {logging_mixin.py:188} INFO - [2026-06-13T10:54:28.019+0000] {dag.py:3096} INFO - Sync 3 DAGs
[2026-06-13T10:54:28.054+0000] {logging_mixin.py:188} INFO - [2026-06-13T10:54:28.054+0000] {dag.py:3954} INFO - Setting next_dagrun for example_branch_datetime_operator to 2026-06-12 00:00:00+00:00, run_after=2026-06-13 00:00:00+00:00
[2026-06-13T10:54:28.063+0000] {logging_mixin.py:188} INFO - [2026-06-13T10:54:28.062+0000] {dag.py:3954} INFO - Setting next_dagrun for example_branch_datetime_operator_2 to 2026-06-12 00:00:00+00:00, run_after=2026-06-13 00:00:00+00:00
[2026-06-13T10:54:28.070+0000] {logging_mixin.py:188} INFO - [2026-06-13T10:54:28.070+0000] {dag.py:3954} INFO - Setting next_dagrun for example_branch_datetime_operator_3 to 2026-06-12 00:00:00+00:00, run_after=2026-06-13 00:00:00+00:00
[2026-06-13T10:54:28.098+0000] {processor.py:183} INFO - Processing /home/airflow/.local/lib/python3.12/site-packages/airflow/example_dags/example_branch_datetime_operator.py took 0.134 seconds
[2026-06-13T10:54:58.315+0000] {processor.py:161} INFO - Started process (PID=1528) to work on /home/airflow/.local/lib/python3.12/site-packages/airflow/example_dags/example_branch_datetime_operator.py
[2026-06-13T10:54:58.317+0000] {processor.py:830} INFO - Processing file /home/airflow/.local/lib/python3.12/site-packages/airflow/example_dags/example_branch_datetime_operator.py for tasks to queue
[2026-06-13T10:54:58.320+0000] {logging_mixin.py:188} INFO - [2026-06-13T10:54:58.319+0000] {dagbag.py:545} INFO - Filling up the DagBag from /home/airflow/.local/lib/python3.12/site-packages/airflow/example_dags/example_branch_datetime_operator.py
[2026-06-13T10:54:58.331+0000] {processor.py:840} INFO - DAG(s) 'example_branch_datetime_operator', 'example_branch_datetime_operator_2', 'example_branch_datetime_operator_3' retrieved from /home/airflow/.local/lib/python3.12/site-packages/airflow/example_dags/example_branch_datetime_operator.py
[2026-06-13T10:54:58.369+0000] {logging_mixin.py:188} INFO - [2026-06-13T10:54:58.369+0000] {dag.py:3096} INFO - Sync 3 DAGs
[2026-06-13T10:54:58.396+0000] {logging_mixin.py:188} INFO - [2026-06-13T10:54:58.396+0000] {dag.py:3954} INFO - Setting next_dagrun for example_branch_datetime_operator to 2026-06-12 00:00:00+00:00, run_after=2026-06-13 00:00:00+00:00
[2026-06-13T10:54:58.402+0000] {logging_mixin.py:188} INFO - [2026-06-13T10:54:58.402+0000] {dag.py:3954} INFO - Setting next_dagrun for example_branch_datetime_operator_2 to 2026-06-12 00:00:00+00:00, run_after=2026-06-13 00:00:00+00:00
[2026-06-13T10:54:58.407+0000] {logging_mixin.py:188} INFO - [2026-06-13T10:54:58.407+0000] {dag.py:3954} INFO - Setting next_dagrun for example_branch_datetime_operator_3 to 2026-06-12 00:00:00+00:00, run_after=2026-06-13 00:00:00+00:00
[2026-06-13T10:54:58.440+0000] {processor.py:183} INFO - Processing /home/airflow/.local/lib/python3.12/site-packages/airflow/example_dags/example_branch_datetime_operator.py took 0.131 seconds
[2026-06-13T10:55:54.805+0000] {processor.py:161} INFO - Started process (PID=72) to work on /home/airflow/.local/lib/python3.12/site-packages/airflow/example_dags/example_branch_datetime_operator.py
[2026-06-13T10:55:54.808+0000] {processor.py:830} INFO - Processing file /home/airflow/.local/lib/python3.12/site-packages/airflow/example_dags/example_branch_datetime_operator.py for tasks to queue
[2026-06-13T10:55:54.812+0000] {logging_mixin.py:188} INFO - [2026-06-13T10:55:54.811+0000] {dagbag.py:545} INFO - Filling up the DagBag from /home/airflow/.local/lib/python3.12/site-packages/airflow/example_dags/example_branch_datetime_operator.py
[2026-06-13T10:55:54.836+0000] {processor.py:840} INFO - DAG(s) 'example_branch_datetime_operator_3', 'example_branch_datetime_operator', 'example_branch_datetime_operator_2' retrieved from /home/airflow/.local/lib/python3.12/site-packages/airflow/example_dags/example_branch_datetime_operator.py
[2026-06-13T10:55:54.863+0000] {logging_mixin.py:188} INFO - [2026-06-13T10:55:54.863+0000] {dag.py:3096} INFO - Sync 3 DAGs
[2026-06-13T10:55:54.900+0000] {logging_mixin.py:188} INFO - [2026-06-13T10:55:54.900+0000] {dag.py:3954} INFO - Setting next_dagrun for example_branch_datetime_operator to 2026-06-12 00:00:00+00:00, run_after=2026-06-13 00:00:00+00:00
[2026-06-13T10:55:54.907+0000] {logging_mixin.py:188} INFO - [2026-06-13T10:55:54.907+0000] {dag.py:3954} INFO - Setting next_dagrun for example_branch_datetime_operator_2 to 2026-06-12 00:00:00+00:00, run_after=2026-06-13 00:00:00+00:00
[2026-06-13T10:55:54.912+0000] {logging_mixin.py:188} INFO - [2026-06-13T10:55:54.912+0000] {dag.py:3954} INFO - Setting next_dagrun for example_branch_datetime_operator_3 to 2026-06-12 00:00:00+00:00, run_after=2026-06-13 00:00:00+00:00
[2026-06-13T10:55:54.942+0000] {processor.py:183} INFO - Processing /home/airflow/.local/lib/python3.12/site-packages/airflow/example_dags/example_branch_datetime_operator.py took 0.147 seconds
[2026-06-13T10:56:25.362+0000] {processor.py:161} INFO - Started process (PID=131) to work on /home/airflow/.local/lib/python3.12/site-packages/airflow/example_dags/example_branch_datetime_operator.py
[2026-06-13T10:56:25.364+0000] {processor.py:830} INFO - Processing file /home/airflow/.local/lib/python3.12/site-packages/airflow/example_dags/example_branch_datetime_operator.py for tasks to queue
[2026-06-13T10:56:25.366+0000] {logging_mixin.py:188} INFO - [2026-06-13T10:56:25.366+0000] {dagbag.py:545} INFO - Filling up the DagBag from /home/airflow/.local/lib/python3.12/site-packages/airflow/example_dags/example_branch_datetime_operator.py
[2026-06-13T10:56:25.377+0000] {processor.py:840} INFO - DAG(s) 'example_branch_datetime_operator_3', 'example_branch_datetime_operator_2', 'example_branch_datetime_operator' retrieved from /home/airflow/.local/lib/python3.12/site-packages/airflow/example_dags/example_branch_datetime_operator.py
[2026-06-13T10:56:25.529+0000] {logging_mixin.py:188} INFO - [2026-06-13T10:56:25.529+0000] {dag.py:3096} INFO - Sync 3 DAGs
[2026-06-13T10:56:25.552+0000] {logging_mixin.py:188} INFO - [2026-06-13T10:56:25.552+0000] {dag.py:3954} INFO - Setting next_dagrun for example_branch_datetime_operator to 2026-06-12 00:00:00+00:00, run_after=2026-06-13 00:00:00+00:00
[2026-06-13T10:56:25.559+0000] {logging_mixin.py:188} INFO - [2026-06-13T10:56:25.558+0000] {dag.py:3954} INFO - Setting next_dagrun for example_branch_datetime_operator_2 to 2026-06-12 00:00:00+00:00, run_after=2026-06-13 00:00:00+00:00
[2026-06-13T10:56:25.562+0000] {logging_mixin.py:188} INFO - [2026-06-13T10:56:25.562+0000] {dag.py:3954} INFO - Setting next_dagrun for example_branch_datetime_operator_3 to 2026-06-12 00:00:00+00:00, run_after=2026-06-13 00:00:00+00:00
[2026-06-13T10:56:25.588+0000] {processor.py:183} INFO - Processing /home/airflow/.local/lib/python3.12/site-packages/airflow/example_dags/example_branch_datetime_operator.py took 0.233 seconds
[2026-06-13T10:56:55.686+0000] {processor.py:161} INFO - Started process (PID=190) to work on /home/airflow/.local/lib/python3.12/site-packages/airflow/example_dags/example_branch_datetime_operator.py
[2026-06-13T10:56:55.688+0000] {processor.py:830} INFO - Processing file /home/airflow/.local/lib/python3.12/site-packages/airflow/example_dags/example_branch_datetime_operator.py for tasks to queue
[2026-06-13T10:56:55.691+0000] {logging_mixin.py:188} INFO - [2026-06-13T10:56:55.690+0000] {dagbag.py:545} INFO - Filling up the DagBag from /home/airflow/.local/lib/python3.12/site-packages/airflow/example_dags/example_branch_datetime_operator.py
[2026-06-13T10:56:55.710+0000] {processor.py:840} INFO - DAG(s) 'example_branch_datetime_operator', 'example_branch_datetime_operator_2', 'example_branch_datetime_operator_3' retrieved from /home/airflow/.local/lib/python3.12/site-packages/airflow/example_dags/example_branch_datetime_operator.py
[2026-06-13T10:56:55.732+0000] {logging_mixin.py:188} INFO - [2026-06-13T10:56:55.731+0000] {dag.py:3096} INFO - Sync 3 DAGs
[2026-06-13T10:56:55.766+0000] {logging_mixin.py:188} INFO - [2026-06-13T10:56:55.766+0000] {dag.py:3954} INFO - Setting next_dagrun for example_branch_datetime_operator to 2026-06-12 00:00:00+00:00, run_after=2026-06-13 00:00:00+00:00
[2026-06-13T10:56:55.774+0000] {logging_mixin.py:188} INFO - [2026-06-13T10:56:55.774+0000] {dag.py:3954} INFO - Setting next_dagrun for example_branch_datetime_operator_2 to 2026-06-12 00:00:00+00:00, run_after=2026-06-13 00:00:00+00:00
[2026-06-13T10:56:55.778+0000] {logging_mixin.py:188} INFO - [2026-06-13T10:56:55.778+0000] {dag.py:3954} INFO - Setting next_dagrun for example_branch_datetime_operator_3 to 2026-06-12 00:00:00+00:00, run_after=2026-06-13 00:00:00+00:00
[2026-06-13T10:56:55.808+0000] {processor.py:183} INFO - Processing /home/airflow/.local/lib/python3.12/site-packages/airflow/example_dags/example_branch_datetime_operator.py took 0.130 seconds
[2026-06-13T10:57:26.955+0000] {processor.py:161} INFO - Started process (PID=249) to work on /home/airflow/.local/lib/python3.12/site-packages/airflow/example_dags/example_branch_datetime_operator.py
[2026-06-13T10:57:26.957+0000] {processor.py:830} INFO - Processing file /home/airflow/.local/lib/python3.12/site-packages/airflow/example_dags/example_branch_datetime_operator.py for tasks to queue
[2026-06-13T10:57:26.960+0000] {logging_mixin.py:188} INFO - [2026-06-13T10:57:26.959+0000] {dagbag.py:545} INFO - Filling up the DagBag from /home/airflow/.local/lib/python3.12/site-packages/airflow/example_dags/example_branch_datetime_operator.py
[2026-06-13T10:57:26.971+0000] {processor.py:840} INFO - DAG(s) 'example_branch_datetime_operator_2', 'example_branch_datetime_operator_3', 'example_branch_datetime_operator' retrieved from /home/airflow/.local/lib/python3.12/site-packages/airflow/example_dags/example_branch_datetime_operator.py
[2026-06-13T10:57:27.137+0000] {logging_mixin.py:188} INFO - [2026-06-13T10:57:27.137+0000] {dag.py:3096} INFO - Sync 3 DAGs
[2026-06-13T10:57:27.168+0000] {logging_mixin.py:188} INFO - [2026-06-13T10:57:27.167+0000] {dag.py:3954} INFO - Setting next_dagrun for example_branch_datetime_operator to 2026-06-12 00:00:00+00:00, run_after=2026-06-13 00:00:00+00:00
[2026-06-13T10:57:27.175+0000] {logging_mixin.py:188} INFO - [2026-06-13T10:57:27.175+0000] {dag.py:3954} INFO - Setting next_dagrun for example_branch_datetime_operator_2 to 2026-06-12 00:00:00+00:00, run_after=2026-06-13 00:00:00+00:00
[2026-06-13T10:57:27.179+0000] {logging_mixin.py:188} INFO - [2026-06-13T10:57:27.179+0000] {dag.py:3954} INFO - Setting next_dagrun for example_branch_datetime_operator_3 to 2026-06-12 00:00:00+00:00, run_after=2026-06-13 00:00:00+00:00
[2026-06-13T10:57:27.207+0000] {processor.py:183} INFO - Processing /home/airflow/.local/lib/python3.12/site-packages/airflow/example_dags/example_branch_datetime_operator.py took 0.258 seconds
[2026-06-13T10:57:57.403+0000] {processor.py:161} INFO - Started process (PID=309) to work on /home/airflow/.local/lib/python3.12/site-packages/airflow/example_dags/example_branch_datetime_operator.py
[2026-06-13T10:57:57.405+0000] {processor.py:830} INFO - Processing file /home/airflow/.local/lib/python3.12/site-packages/airflow/example_dags/example_branch_datetime_operator.py for tasks to queue
[2026-06-13T10:57:57.408+0000] {logging_mixin.py:188} INFO - [2026-06-13T10:57:57.408+0000] {dagbag.py:545} INFO - Filling up the DagBag from /home/airflow/.local/lib/python3.12/site-packages/airflow/example_dags/example_branch_datetime_operator.py
[2026-06-13T10:57:57.420+0000] {processor.py:840} INFO - DAG(s) 'example_branch_datetime_operator_3', 'example_branch_datetime_operator', 'example_branch_datetime_operator_2' retrieved from /home/airflow/.local/lib/python3.12/site-packages/airflow/example_dags/example_branch_datetime_operator.py
[2026-06-13T10:57:57.458+0000] {logging_mixin.py:188} INFO - [2026-06-13T10:57:57.457+0000] {dag.py:3096} INFO - Sync 3 DAGs
[2026-06-13T10:57:57.489+0000] {logging_mixin.py:188} INFO - [2026-06-13T10:57:57.488+0000] {dag.py:3954} INFO - Setting next_dagrun for example_branch_datetime_operator to 2026-06-12 00:00:00+00:00, run_after=2026-06-13 00:00:00+00:00
[2026-06-13T10:57:57.495+0000] {logging_mixin.py:188} INFO - [2026-06-13T10:57:57.495+0000] {dag.py:3954} INFO - Setting next_dagrun for example_branch_datetime_operator_2 to 2026-06-12 00:00:00+00:00, run_after=2026-06-13 00:00:00+00:00
[2026-06-13T10:57:57.499+0000] {logging_mixin.py:188} INFO - [2026-06-13T10:57:57.499+0000] {dag.py:3954} INFO - Setting next_dagrun for example_branch_datetime_operator_3 to 2026-06-12 00:00:00+00:00, run_after=2026-06-13 00:00:00+00:00
[2026-06-13T10:57:57.525+0000] {processor.py:183} INFO - Processing /home/airflow/.local/lib/python3.12/site-packages/airflow/example_dags/example_branch_datetime_operator.py took 0.128 seconds
[2026-06-13T10:58:27.817+0000] {processor.py:161} INFO - Started process (PID=368) to work on /home/airflow/.local/lib/python3.12/site-packages/airflow/example_dags/example_branch_datetime_operator.py
[2026-06-13T10:58:27.820+0000] {processor.py:830} INFO - Processing file /home/airflow/.local/lib/python3.12/site-packages/airflow/example_dags/example_branch_datetime_operator.py for tasks to queue
[2026-06-13T10:58:27.823+0000] {logging_mixin.py:188} INFO - [2026-06-13T10:58:27.822+0000] {dagbag.py:545} INFO - Filling up the DagBag from /home/airflow/.local/lib/python3.12/site-packages/airflow/example_dags/example_branch_datetime_operator.py
[2026-06-13T10:58:27.834+0000] {processor.py:840} INFO - DAG(s) 'example_branch_datetime_operator_2', 'example_branch_datetime_operator_3', 'example_branch_datetime_operator' retrieved from /home/airflow/.local/lib/python3.12/site-packages/airflow/example_dags/example_branch_datetime_operator.py
[2026-06-13T10:58:27.871+0000] {logging_mixin.py:188} INFO - [2026-06-13T10:58:27.870+0000] {dag.py:3096} INFO - Sync 3 DAGs
[2026-06-13T10:58:27.897+0000] {logging_mixin.py:188} INFO - [2026-06-13T10:58:27.897+0000] {dag.py:3954} INFO - Setting next_dagrun for example_branch_datetime_operator to 2026-06-12 00:00:00+00:00, run_after=2026-06-13 00:00:00+00:00
[2026-06-13T10:58:27.903+0000] {logging_mixin.py:188} INFO - [2026-06-13T10:58:27.903+0000] {dag.py:3954} INFO - Setting next_dagrun for example_branch_datetime_operator_2 to 2026-06-12 00:00:00+00:00, run_after=2026-06-13 00:00:00+00:00
[2026-06-13T10:58:27.907+0000] {logging_mixin.py:188} INFO - [2026-06-13T10:58:27.907+0000] {dag.py:3954} INFO - Setting next_dagrun for example_branch_datetime_operator_3 to 2026-06-12 00:00:00+00:00, run_after=2026-06-13 00:00:00+00:00
[2026-06-13T10:58:27.933+0000] {processor.py:183} INFO - Processing /home/airflow/.local/lib/python3.12/site-packages/airflow/example_dags/example_branch_datetime_operator.py took 0.122 seconds
[2026-06-13T10:58:58.701+0000] {processor.py:161} INFO - Started process (PID=433) to work on /home/airflow/.local/lib/python3.12/site-packages/airflow/example_dags/example_branch_datetime_operator.py
[2026-06-13T10:58:58.703+0000] {processor.py:830} INFO - Processing file /home/airflow/.local/lib/python3.12/site-packages/airflow/example_dags/example_branch_datetime_operator.py for tasks to queue
[2026-06-13T10:58:58.706+0000] {logging_mixin.py:188} INFO - [2026-06-13T10:58:58.705+0000] {dagbag.py:545} INFO - Filling up the DagBag from /home/airflow/.local/lib/python3.12/site-packages/airflow/example_dags/example_branch_datetime_operator.py
[2026-06-13T10:58:58.717+0000] {processor.py:840} INFO - DAG(s) 'example_branch_datetime_operator_3', 'example_branch_datetime_operator', 'example_branch_datetime_operator_2' retrieved from /home/airflow/.local/lib/python3.12/site-packages/airflow/example_dags/example_branch_datetime_operator.py
[2026-06-13T10:58:58.756+0000] {logging_mixin.py:188} INFO - [2026-06-13T10:58:58.755+0000] {dag.py:3096} INFO - Sync 3 DAGs
[2026-06-13T10:58:58.782+0000] {logging_mixin.py:188} INFO - [2026-06-13T10:58:58.781+0000] {dag.py:3954} INFO - Setting next_dagrun for example_branch_datetime_operator to 2026-06-12 00:00:00+00:00, run_after=2026-06-13 00:00:00+00:00
[2026-06-13T10:58:58.788+0000] {logging_mixin.py:188} INFO - [2026-06-13T10:58:58.788+0000] {dag.py:3954} INFO - Setting next_dagrun for example_branch_datetime_operator_2 to 2026-06-12 00:00:00+00:00, run_after=2026-06-13 00:00:00+00:00
[2026-06-13T10:58:58.792+0000] {logging_mixin.py:188} INFO - [2026-06-13T10:58:58.792+0000] {dag.py:3954} INFO - Setting next_dagrun for example_branch_datetime_operator_3 to 2026-06-12 00:00:00+00:00, run_after=2026-06-13 00:00:00+00:00
[2026-06-13T10:58:58.818+0000] {processor.py:183} INFO - Processing /home/airflow/.local/lib/python3.12/site-packages/airflow/example_dags/example_branch_datetime_operator.py took 0.123 seconds
[2026-06-13T10:59:29.010+0000] {processor.py:161} INFO - Started process (PID=492) to work on /home/airflow/.local/lib/python3.12/site-packages/airflow/example_dags/example_branch_datetime_operator.py
[2026-06-13T10:59:29.012+0000] {processor.py:830} INFO - Processing file /home/airflow/.local/lib/python3.12/site-packages/airflow/example_dags/example_branch_datetime_operator.py for tasks to queue
[2026-06-13T10:59:29.015+0000] {logging_mixin.py:188} INFO - [2026-06-13T10:59:29.015+0000] {dagbag.py:545} INFO - Filling up the DagBag from /home/airflow/.local/lib/python3.12/site-packages/airflow/example_dags/example_branch_datetime_operator.py
[2026-06-13T10:59:29.027+0000] {processor.py:840} INFO - DAG(s) 'example_branch_datetime_operator_2', 'example_branch_datetime_operator', 'example_branch_datetime_operator_3' retrieved from /home/airflow/.local/lib/python3.12/site-packages/airflow/example_dags/example_branch_datetime_operator.py
[2026-06-13T10:59:29.063+0000] {logging_mixin.py:188} INFO - [2026-06-13T10:59:29.063+0000] {dag.py:3096} INFO - Sync 3 DAGs
[2026-06-13T10:59:29.089+0000] {logging_mixin.py:188} INFO - [2026-06-13T10:59:29.088+0000] {dag.py:3954} INFO - Setting next_dagrun for example_branch_datetime_operator to 2026-06-12 00:00:00+00:00, run_after=2026-06-13 00:00:00+00:00
[2026-06-13T10:59:29.095+0000] {logging_mixin.py:188} INFO - [2026-06-13T10:59:29.095+0000] {dag.py:3954} INFO - Setting next_dagrun for example_branch_datetime_operator_2 to 2026-06-12 00:00:00+00:00, run_after=2026-06-13 00:00:00+00:00
[2026-06-13T10:59:29.099+0000] {logging_mixin.py:188} INFO - [2026-06-13T10:59:29.099+0000] {dag.py:3954} INFO - Setting next_dagrun for example_branch_datetime_operator_3 to 2026-06-12 00:00:00+00:00, run_after=2026-06-13 00:00:00+00:00
[2026-06-13T10:59:29.124+0000] {processor.py:183} INFO - Processing /home/airflow/.local/lib/python3.12/site-packages/airflow/example_dags/example_branch_datetime_operator.py took 0.120 seconds
[2026-06-13T10:59:59.227+0000] {processor.py:161} INFO - Started process (PID=551) to work on /home/airflow/.local/lib/python3.12/site-packages/airflow/example_dags/example_branch_datetime_operator.py
[2026-06-13T10:59:59.228+0000] {processor.py:830} INFO - Processing file /home/airflow/.local/lib/python3.12/site-packages/airflow/example_dags/example_branch_datetime_operator.py for tasks to queue
[2026-06-13T10:59:59.231+0000] {logging_mixin.py:188} INFO - [2026-06-13T10:59:59.231+0000] {dagbag.py:545} INFO - Filling up the DagBag from /home/airflow/.local/lib/python3.12/site-packages/airflow/example_dags/example_branch_datetime_operator.py
[2026-06-13T10:59:59.243+0000] {processor.py:840} INFO - DAG(s) 'example_branch_datetime_operator_2', 'example_branch_datetime_operator_3', 'example_branch_datetime_operator' retrieved from /home/airflow/.local/lib/python3.12/site-packages/airflow/example_dags/example_branch_datetime_operator.py
[2026-06-13T10:59:59.279+0000] {logging_mixin.py:188} INFO - [2026-06-13T10:59:59.279+0000] {dag.py:3096} INFO - Sync 3 DAGs
[2026-06-13T10:59:59.307+0000] {logging_mixin.py:188} INFO - [2026-06-13T10:59:59.307+0000] {dag.py:3954} INFO - Setting next_dagrun for example_branch_datetime_operator to 2026-06-12 00:00:00+00:00, run_after=2026-06-13 00:00:00+00:00
[2026-06-13T10:59:59.314+0000] {logging_mixin.py:188} INFO - [2026-06-13T10:59:59.314+0000] {dag.py:3954} INFO - Setting next_dagrun for example_branch_datetime_operator_2 to 2026-06-12 00:00:00+00:00, run_after=2026-06-13 00:00:00+00:00
[2026-06-13T10:59:59.318+0000] {logging_mixin.py:188} INFO - [2026-06-13T10:59:59.317+0000] {dag.py:3954} INFO - Setting next_dagrun for example_branch_datetime_operator_3 to 2026-06-12 00:00:00+00:00, run_after=2026-06-13 00:00:00+00:00
[2026-06-13T10:59:59.343+0000] {processor.py:183} INFO - Processing /home/airflow/.local/lib/python3.12/site-packages/airflow/example_dags/example_branch_datetime_operator.py took 0.122 seconds
[2026-06-13T11:00:29.515+0000] {processor.py:161} INFO - Started process (PID=610) to work on /home/airflow/.local/lib/python3.12/site-packages/airflow/example_dags/example_branch_datetime_operator.py
[2026-06-13T11:00:29.517+0000] {processor.py:830} INFO - Processing file /home/airflow/.local/lib/python3.12/site-packages/airflow/example_dags/example_branch_datetime_operator.py for tasks to queue
[2026-06-13T11:00:29.520+0000] {logging_mixin.py:188} INFO - [2026-06-13T11:00:29.519+0000] {dagbag.py:545} INFO - Filling up the DagBag from /home/airflow/.local/lib/python3.12/site-packages/airflow/example_dags/example_branch_datetime_operator.py
[2026-06-13T11:00:29.530+0000] {processor.py:840} INFO - DAG(s) 'example_branch_datetime_operator', 'example_branch_datetime_operator_3', 'example_branch_datetime_operator_2' retrieved from /home/airflow/.local/lib/python3.12/site-packages/airflow/example_dags/example_branch_datetime_operator.py
[2026-06-13T11:00:29.565+0000] {logging_mixin.py:188} INFO - [2026-06-13T11:00:29.565+0000] {dag.py:3096} INFO - Sync 3 DAGs
[2026-06-13T11:00:29.591+0000] {logging_mixin.py:188} INFO - [2026-06-13T11:00:29.591+0000] {dag.py:3954} INFO - Setting next_dagrun for example_branch_datetime_operator to 2026-06-12 00:00:00+00:00, run_after=2026-06-13 00:00:00+00:00
[2026-06-13T11:00:29.598+0000] {logging_mixin.py:188} INFO - [2026-06-13T11:00:29.597+0000] {dag.py:3954} INFO - Setting next_dagrun for example_branch_datetime_operator_2 to 2026-06-12 00:00:00+00:00, run_after=2026-06-13 00:00:00+00:00
[2026-06-13T11:00:29.601+0000] {logging_mixin.py:188} INFO - [2026-06-13T11:00:29.601+0000] {dag.py:3954} INFO - Setting next_dagrun for example_branch_datetime_operator_3 to 2026-06-12 00:00:00+00:00, run_after=2026-06-13 00:00:00+00:00
[2026-06-13T11:00:29.627+0000] {processor.py:183} INFO - Processing /home/airflow/.local/lib/python3.12/site-packages/airflow/example_dags/example_branch_datetime_operator.py took 0.118 seconds
[2026-06-13T11:00:59.763+0000] {processor.py:161} INFO - Started process (PID=668) to work on /home/airflow/.local/lib/python3.12/site-packages/airflow/example_dags/example_branch_datetime_operator.py
[2026-06-13T11:00:59.765+0000] {processor.py:830} INFO - Processing file /home/airflow/.local/lib/python3.12/site-packages/airflow/example_dags/example_branch_datetime_operator.py for tasks to queue
[2026-06-13T11:00:59.767+0000] {logging_mixin.py:188} INFO - [2026-06-13T11:00:59.767+0000] {dagbag.py:545} INFO - Filling up the DagBag from /home/airflow/.local/lib/python3.12/site-packages/airflow/example_dags/example_branch_datetime_operator.py
[2026-06-13T11:00:59.778+0000] {processor.py:840} INFO - DAG(s) 'example_branch_datetime_operator_3', 'example_branch_datetime_operator', 'example_branch_datetime_operator_2' retrieved from /home/airflow/.local/lib/python3.12/site-packages/airflow/example_dags/example_branch_datetime_operator.py
[2026-06-13T11:00:59.812+0000] {logging_mixin.py:188} INFO - [2026-06-13T11:00:59.811+0000] {dag.py:3096} INFO - Sync 3 DAGs
[2026-06-13T11:00:59.838+0000] {logging_mixin.py:188} INFO - [2026-06-13T11:00:59.838+0000] {dag.py:3954} INFO - Setting next_dagrun for example_branch_datetime_operator to 2026-06-12 00:00:00+00:00, run_after=2026-06-13 00:00:00+00:00
[2026-06-13T11:00:59.845+0000] {logging_mixin.py:188} INFO - [2026-06-13T11:00:59.845+0000] {dag.py:3954} INFO - Setting next_dagrun for example_branch_datetime_operator_2 to 2026-06-12 00:00:00+00:00, run_after=2026-06-13 00:00:00+00:00
[2026-06-13T11:00:59.849+0000] {logging_mixin.py:188} INFO - [2026-06-13T11:00:59.848+0000] {dag.py:3954} INFO - Setting next_dagrun for example_branch_datetime_operator_3 to 2026-06-12 00:00:00+00:00, run_after=2026-06-13 00:00:00+00:00
[2026-06-13T11:00:59.873+0000] {processor.py:183} INFO - Processing /home/airflow/.local/lib/python3.12/site-packages/airflow/example_dags/example_branch_datetime_operator.py took 0.115 seconds
[2026-06-13T11:01:30.265+0000] {processor.py:161} INFO - Started process (PID=727) to work on /home/airflow/.local/lib/python3.12/site-packages/airflow/example_dags/example_branch_datetime_operator.py
[2026-06-13T11:01:30.266+0000] {processor.py:830} INFO - Processing file /home/airflow/.local/lib/python3.12/site-packages/airflow/example_dags/example_branch_datetime_operator.py for tasks to queue
[2026-06-13T11:01:30.269+0000] {logging_mixin.py:188} INFO - [2026-06-13T11:01:30.268+0000] {dagbag.py:545} INFO - Filling up the DagBag from /home/airflow/.local/lib/python3.12/site-packages/airflow/example_dags/example_branch_datetime_operator.py
[2026-06-13T11:01:30.283+0000] {processor.py:840} INFO - DAG(s) 'example_branch_datetime_operator_2', 'example_branch_datetime_operator', 'example_branch_datetime_operator_3' retrieved from /home/airflow/.local/lib/python3.12/site-packages/airflow/example_dags/example_branch_datetime_operator.py
[2026-06-13T11:01:30.318+0000] {logging_mixin.py:188} INFO - [2026-06-13T11:01:30.318+0000] {dag.py:3096} INFO - Sync 3 DAGs
[2026-06-13T11:01:30.346+0000] {logging_mixin.py:188} INFO - [2026-06-13T11:01:30.346+0000] {dag.py:3954} INFO - Setting next_dagrun for example_branch_datetime_operator to 2026-06-12 00:00:00+00:00, run_after=2026-06-13 00:00:00+00:00
[2026-06-13T11:01:30.353+0000] {logging_mixin.py:188} INFO - [2026-06-13T11:01:30.353+0000] {dag.py:3954} INFO - Setting next_dagrun for example_branch_datetime_operator_2 to 2026-06-12 00:00:00+00:00, run_after=2026-06-13 00:00:00+00:00
[2026-06-13T11:01:30.357+0000] {logging_mixin.py:188} INFO - [2026-06-13T11:01:30.357+0000] {dag.py:3954} INFO - Setting next_dagrun for example_branch_datetime_operator_3 to 2026-06-12 00:00:00+00:00, run_after=2026-06-13 00:00:00+00:00
[2026-06-13T11:01:30.381+0000] {processor.py:183} INFO - Processing /home/airflow/.local/lib/python3.12/site-packages/airflow/example_dags/example_branch_datetime_operator.py took 0.123 seconds
[2026-06-13T11:02:00.822+0000] {processor.py:161} INFO - Started process (PID=787) to work on /home/airflow/.local/lib/python3.12/site-packages/airflow/example_dags/example_branch_datetime_operator.py
[2026-06-13T11:02:00.824+0000] {processor.py:830} INFO - Processing file /home/airflow/.local/lib/python3.12/site-packages/airflow/example_dags/example_branch_datetime_operator.py for tasks to queue
[2026-06-13T11:02:00.827+0000] {logging_mixin.py:188} INFO - [2026-06-13T11:02:00.826+0000] {dagbag.py:545} INFO - Filling up the DagBag from /home/airflow/.local/lib/python3.12/site-packages/airflow/example_dags/example_branch_datetime_operator.py
[2026-06-13T11:02:00.840+0000] {processor.py:840} INFO - DAG(s) 'example_branch_datetime_operator', 'example_branch_datetime_operator_2', 'example_branch_datetime_operator_3' retrieved from /home/airflow/.local/lib/python3.12/site-packages/airflow/example_dags/example_branch_datetime_operator.py
[2026-06-13T11:02:00.883+0000] {logging_mixin.py:188} INFO - [2026-06-13T11:02:00.883+0000] {dag.py:3096} INFO - Sync 3 DAGs
[2026-06-13T11:02:00.914+0000] {logging_mixin.py:188} INFO - [2026-06-13T11:02:00.913+0000] {dag.py:3954} INFO - Setting next_dagrun for example_branch_datetime_operator to 2026-06-12 00:00:00+00:00, run_after=2026-06-13 00:00:00+00:00
[2026-06-13T11:02:00.920+0000] {logging_mixin.py:188} INFO - [2026-06-13T11:02:00.919+0000] {dag.py:3954} INFO - Setting next_dagrun for example_branch_datetime_operator_2 to 2026-06-12 00:00:00+00:00, run_after=2026-06-13 00:00:00+00:00
[2026-06-13T11:02:00.923+0000] {logging_mixin.py:188} INFO - [2026-06-13T11:02:00.923+0000] {dag.py:3954} INFO - Setting next_dagrun for example_branch_datetime_operator_3 to 2026-06-12 00:00:00+00:00, run_after=2026-06-13 00:00:00+00:00
[2026-06-13T11:02:00.950+0000] {processor.py:183} INFO - Processing /home/airflow/.local/lib/python3.12/site-packages/airflow/example_dags/example_branch_datetime_operator.py took 0.135 seconds
[2026-06-13T11:02:31.994+0000] {processor.py:161} INFO - Started process (PID=846) to work on /home/airflow/.local/lib/python3.12/site-packages/airflow/example_dags/example_branch_datetime_operator.py
[2026-06-13T11:02:31.996+0000] {processor.py:830} INFO - Processing file /home/airflow/.local/lib/python3.12/site-packages/airflow/example_dags/example_branch_datetime_operator.py for tasks to queue
[2026-06-13T11:02:31.998+0000] {logging_mixin.py:188} INFO - [2026-06-13T11:02:31.998+0000] {dagbag.py:545} INFO - Filling up the DagBag from /home/airflow/.local/lib/python3.12/site-packages/airflow/example_dags/example_branch_datetime_operator.py
[2026-06-13T11:02:32.010+0000] {processor.py:840} INFO - DAG(s) 'example_branch_datetime_operator_2', 'example_branch_datetime_operator_3', 'example_branch_datetime_operator' retrieved from /home/airflow/.local/lib/python3.12/site-packages/airflow/example_dags/example_branch_datetime_operator.py
[2026-06-13T11:02:32.048+0000] {logging_mixin.py:188} INFO - [2026-06-13T11:02:32.047+0000] {dag.py:3096} INFO - Sync 3 DAGs
[2026-06-13T11:02:32.079+0000] {logging_mixin.py:188} INFO - [2026-06-13T11:02:32.079+0000] {dag.py:3954} INFO - Setting next_dagrun for example_branch_datetime_operator to 2026-06-12 00:00:00+00:00, run_after=2026-06-13 00:00:00+00:00
[2026-06-13T11:02:32.087+0000] {logging_mixin.py:188} INFO - [2026-06-13T11:02:32.087+0000] {dag.py:3954} INFO - Setting next_dagrun for example_branch_datetime_operator_2 to 2026-06-12 00:00:00+00:00, run_after=2026-06-13 00:00:00+00:00
[2026-06-13T11:02:32.091+0000] {logging_mixin.py:188} INFO - [2026-06-13T11:02:32.091+0000] {dag.py:3954} INFO - Setting next_dagrun for example_branch_datetime_operator_3 to 2026-06-12 00:00:00+00:00, run_after=2026-06-13 00:00:00+00:00
[2026-06-13T11:02:32.119+0000] {processor.py:183} INFO - Processing /home/airflow/.local/lib/python3.12/site-packages/airflow/example_dags/example_branch_datetime_operator.py took 0.130 seconds
[2026-06-13T11:03:02.256+0000] {processor.py:161} INFO - Started process (PID=905) to work on /home/airflow/.local/lib/python3.12/site-packages/airflow/example_dags/example_branch_datetime_operator.py
[2026-06-13T11:03:02.257+0000] {processor.py:830} INFO - Processing file /home/airflow/.local/lib/python3.12/site-packages/airflow/example_dags/example_branch_datetime_operator.py for tasks to queue
[2026-06-13T11:03:02.260+0000] {logging_mixin.py:188} INFO - [2026-06-13T11:03:02.259+0000] {dagbag.py:545} INFO - Filling up the DagBag from /home/airflow/.local/lib/python3.12/site-packages/airflow/example_dags/example_branch_datetime_operator.py
[2026-06-13T11:03:02.271+0000] {processor.py:840} INFO - DAG(s) 'example_branch_datetime_operator_2', 'example_branch_datetime_operator_3', 'example_branch_datetime_operator' retrieved from /home/airflow/.local/lib/python3.12/site-packages/airflow/example_dags/example_branch_datetime_operator.py
[2026-06-13T11:03:02.306+0000] {logging_mixin.py:188} INFO - [2026-06-13T11:03:02.306+0000] {dag.py:3096} INFO - Sync 3 DAGs
[2026-06-13T11:03:02.331+0000] {logging_mixin.py:188} INFO - [2026-06-13T11:03:02.330+0000] {dag.py:3954} INFO - Setting next_dagrun for example_branch_datetime_operator to 2026-06-12 00:00:00+00:00, run_after=2026-06-13 00:00:00+00:00
[2026-06-13T11:03:02.337+0000] {logging_mixin.py:188} INFO - [2026-06-13T11:03:02.337+0000] {dag.py:3954} INFO - Setting next_dagrun for example_branch_datetime_operator_2 to 2026-06-12 00:00:00+00:00, run_after=2026-06-13 00:00:00+00:00
[2026-06-13T11:03:02.340+0000] {logging_mixin.py:188} INFO - [2026-06-13T11:03:02.340+0000] {dag.py:3954} INFO - Setting next_dagrun for example_branch_datetime_operator_3 to 2026-06-12 00:00:00+00:00, run_after=2026-06-13 00:00:00+00:00
[2026-06-13T11:03:02.364+0000] {processor.py:183} INFO - Processing /home/airflow/.local/lib/python3.12/site-packages/airflow/example_dags/example_branch_datetime_operator.py took 0.115 seconds
[2026-06-13T11:03:32.721+0000] {processor.py:161} INFO - Started process (PID=963) to work on /home/airflow/.local/lib/python3.12/site-packages/airflow/example_dags/example_branch_datetime_operator.py
[2026-06-13T11:03:32.723+0000] {processor.py:830} INFO - Processing file /home/airflow/.local/lib/python3.12/site-packages/airflow/example_dags/example_branch_datetime_operator.py for tasks to queue
[2026-06-13T11:03:32.726+0000] {logging_mixin.py:188} INFO - [2026-06-13T11:03:32.725+0000] {dagbag.py:545} INFO - Filling up the DagBag from /home/airflow/.local/lib/python3.12/site-packages/airflow/example_dags/example_branch_datetime_operator.py
[2026-06-13T11:03:32.737+0000] {processor.py:840} INFO - DAG(s) 'example_branch_datetime_operator_2', 'example_branch_datetime_operator_3', 'example_branch_datetime_operator' retrieved from /home/airflow/.local/lib/python3.12/site-packages/airflow/example_dags/example_branch_datetime_operator.py
[2026-06-13T11:03:32.775+0000] {logging_mixin.py:188} INFO - [2026-06-13T11:03:32.775+0000] {dag.py:3096} INFO - Sync 3 DAGs
[2026-06-13T11:03:32.802+0000] {logging_mixin.py:188} INFO - [2026-06-13T11:03:32.802+0000] {dag.py:3954} INFO - Setting next_dagrun for example_branch_datetime_operator to 2026-06-12 00:00:00+00:00, run_after=2026-06-13 00:00:00+00:00
[2026-06-13T11:03:32.809+0000] {logging_mixin.py:188} INFO - [2026-06-13T11:03:32.809+0000] {dag.py:3954} INFO - Setting next_dagrun for example_branch_datetime_operator_2 to 2026-06-12 00:00:00+00:00, run_after=2026-06-13 00:00:00+00:00
[2026-06-13T11:03:32.813+0000] {logging_mixin.py:188} INFO - [2026-06-13T11:03:32.812+0000] {dag.py:3954} INFO - Setting next_dagrun for example_branch_datetime_operator_3 to 2026-06-12 00:00:00+00:00, run_after=2026-06-13 00:00:00+00:00
[2026-06-13T11:03:32.838+0000] {processor.py:183} INFO - Processing /home/airflow/.local/lib/python3.12/site-packages/airflow/example_dags/example_branch_datetime_operator.py took 0.123 seconds
[2026-06-13T11:04:02.969+0000] {processor.py:161} INFO - Started process (PID=1022) to work on /home/airflow/.local/lib/python3.12/site-packages/airflow/example_dags/example_branch_datetime_operator.py
[2026-06-13T11:04:02.971+0000] {processor.py:830} INFO - Processing file /home/airflow/.local/lib/python3.12/site-packages/airflow/example_dags/example_branch_datetime_operator.py for tasks to queue
[2026-06-13T11:04:02.974+0000] {logging_mixin.py:188} INFO - [2026-06-13T11:04:02.973+0000] {dagbag.py:545} INFO - Filling up the DagBag from /home/airflow/.local/lib/python3.12/site-packages/airflow/example_dags/example_branch_datetime_operator.py
[2026-06-13T11:04:02.989+0000] {processor.py:840} INFO - DAG(s) 'example_branch_datetime_operator_3', 'example_branch_datetime_operator_2', 'example_branch_datetime_operator' retrieved from /home/airflow/.local/lib/python3.12/site-packages/airflow/example_dags/example_branch_datetime_operator.py
[2026-06-13T11:04:03.031+0000] {logging_mixin.py:188} INFO - [2026-06-13T11:04:03.030+0000] {dag.py:3096} INFO - Sync 3 DAGs
[2026-06-13T11:04:03.065+0000] {logging_mixin.py:188} INFO - [2026-06-13T11:04:03.065+0000] {dag.py:3954} INFO - Setting next_dagrun for example_branch_datetime_operator to 2026-06-12 00:00:00+00:00, run_after=2026-06-13 00:00:00+00:00
[2026-06-13T11:04:03.073+0000] {logging_mixin.py:188} INFO - [2026-06-13T11:04:03.073+0000] {dag.py:3954} INFO - Setting next_dagrun for example_branch_datetime_operator_2 to 2026-06-12 00:00:00+00:00, run_after=2026-06-13 00:00:00+00:00
[2026-06-13T11:04:03.077+0000] {logging_mixin.py:188} INFO - [2026-06-13T11:04:03.077+0000] {dag.py:3954} INFO - Setting next_dagrun for example_branch_datetime_operator_3 to 2026-06-12 00:00:00+00:00, run_after=2026-06-13 00:00:00+00:00
[2026-06-13T11:04:03.108+0000] {processor.py:183} INFO - Processing /home/airflow/.local/lib/python3.12/site-packages/airflow/example_dags/example_branch_datetime_operator.py took 0.146 seconds
[2026-06-13T11:04:33.446+0000] {processor.py:161} INFO - Started process (PID=1081) to work on /home/airflow/.local/lib/python3.12/site-packages/airflow/example_dags/example_branch_datetime_operator.py
[2026-06-13T11:04:33.447+0000] {processor.py:830} INFO - Processing file /home/airflow/.local/lib/python3.12/site-packages/airflow/example_dags/example_branch_datetime_operator.py for tasks to queue
[2026-06-13T11:04:33.450+0000] {logging_mixin.py:188} INFO - [2026-06-13T11:04:33.449+0000] {dagbag.py:545} INFO - Filling up the DagBag from /home/airflow/.local/lib/python3.12/site-packages/airflow/example_dags/example_branch_datetime_operator.py
[2026-06-13T11:04:33.461+0000] {processor.py:840} INFO - DAG(s) 'example_branch_datetime_operator', 'example_branch_datetime_operator_3', 'example_branch_datetime_operator_2' retrieved from /home/airflow/.local/lib/python3.12/site-packages/airflow/example_dags/example_branch_datetime_operator.py
[2026-06-13T11:04:33.498+0000] {logging_mixin.py:188} INFO - [2026-06-13T11:04:33.497+0000] {dag.py:3096} INFO - Sync 3 DAGs
[2026-06-13T11:04:33.521+0000] {logging_mixin.py:188} INFO - [2026-06-13T11:04:33.521+0000] {dag.py:3954} INFO - Setting next_dagrun for example_branch_datetime_operator to 2026-06-12 00:00:00+00:00, run_after=2026-06-13 00:00:00+00:00
[2026-06-13T11:04:33.528+0000] {logging_mixin.py:188} INFO - [2026-06-13T11:04:33.528+0000] {dag.py:3954} INFO - Setting next_dagrun for example_branch_datetime_operator_2 to 2026-06-12 00:00:00+00:00, run_after=2026-06-13 00:00:00+00:00
[2026-06-13T11:04:33.532+0000] {logging_mixin.py:188} INFO - [2026-06-13T11:04:33.531+0000] {dag.py:3954} INFO - Setting next_dagrun for example_branch_datetime_operator_3 to 2026-06-12 00:00:00+00:00, run_after=2026-06-13 00:00:00+00:00
[2026-06-13T11:04:33.562+0000] {processor.py:183} INFO - Processing /home/airflow/.local/lib/python3.12/site-packages/airflow/example_dags/example_branch_datetime_operator.py took 0.126 seconds
[2026-06-13T11:05:03.634+0000] {processor.py:161} INFO - Started process (PID=1140) to work on /home/airflow/.local/lib/python3.12/site-packages/airflow/example_dags/example_branch_datetime_operator.py
[2026-06-13T11:05:03.635+0000] {processor.py:830} INFO - Processing file /home/airflow/.local/lib/python3.12/site-packages/airflow/example_dags/example_branch_datetime_operator.py for tasks to queue
[2026-06-13T11:05:03.638+0000] {logging_mixin.py:188} INFO - [2026-06-13T11:05:03.638+0000] {dagbag.py:545} INFO - Filling up the DagBag from /home/airflow/.local/lib/python3.12/site-packages/airflow/example_dags/example_branch_datetime_operator.py
[2026-06-13T11:05:03.648+0000] {processor.py:840} INFO - DAG(s) 'example_branch_datetime_operator', 'example_branch_datetime_operator_2', 'example_branch_datetime_operator_3' retrieved from /home/airflow/.local/lib/python3.12/site-packages/airflow/example_dags/example_branch_datetime_operator.py
[2026-06-13T11:05:03.683+0000] {logging_mixin.py:188} INFO - [2026-06-13T11:05:03.683+0000] {dag.py:3096} INFO - Sync 3 DAGs
[2026-06-13T11:05:03.707+0000] {logging_mixin.py:188} INFO - [2026-06-13T11:05:03.707+0000] {dag.py:3954} INFO - Setting next_dagrun for example_branch_datetime_operator to 2026-06-12 00:00:00+00:00, run_after=2026-06-13 00:00:00+00:00
[2026-06-13T11:05:03.713+0000] {logging_mixin.py:188} INFO - [2026-06-13T11:05:03.713+0000] {dag.py:3954} INFO - Setting next_dagrun for example_branch_datetime_operator_2 to 2026-06-12 00:00:00+00:00, run_after=2026-06-13 00:00:00+00:00
[2026-06-13T11:05:03.717+0000] {logging_mixin.py:188} INFO - [2026-06-13T11:05:03.717+0000] {dag.py:3954} INFO - Setting next_dagrun for example_branch_datetime_operator_3 to 2026-06-12 00:00:00+00:00, run_after=2026-06-13 00:00:00+00:00
[2026-06-13T11:05:03.742+0000] {processor.py:183} INFO - Processing /home/airflow/.local/lib/python3.12/site-packages/airflow/example_dags/example_branch_datetime_operator.py took 0.114 seconds
[2026-06-13T11:05:33.841+0000] {processor.py:161} INFO - Started process (PID=1199) to work on /home/airflow/.local/lib/python3.12/site-packages/airflow/example_dags/example_branch_datetime_operator.py
[2026-06-13T11:05:33.843+0000] {processor.py:830} INFO - Processing file /home/airflow/.local/lib/python3.12/site-packages/airflow/example_dags/example_branch_datetime_operator.py for tasks to queue
[2026-06-13T11:05:33.846+0000] {logging_mixin.py:188} INFO - [2026-06-13T11:05:33.845+0000] {dagbag.py:545} INFO - Filling up the DagBag from /home/airflow/.local/lib/python3.12/site-packages/airflow/example_dags/example_branch_datetime_operator.py
[2026-06-13T11:05:33.859+0000] {processor.py:840} INFO - DAG(s) 'example_branch_datetime_operator_2', 'example_branch_datetime_operator_3', 'example_branch_datetime_operator' retrieved from /home/airflow/.local/lib/python3.12/site-packages/airflow/example_dags/example_branch_datetime_operator.py
[2026-06-13T11:05:33.896+0000] {logging_mixin.py:188} INFO - [2026-06-13T11:05:33.895+0000] {dag.py:3096} INFO - Sync 3 DAGs
[2026-06-13T11:05:33.923+0000] {logging_mixin.py:188} INFO - [2026-06-13T11:05:33.923+0000] {dag.py:3954} INFO - Setting next_dagrun for example_branch_datetime_operator to 2026-06-12 00:00:00+00:00, run_after=2026-06-13 00:00:00+00:00
[2026-06-13T11:05:33.930+0000] {logging_mixin.py:188} INFO - [2026-06-13T11:05:33.929+0000] {dag.py:3954} INFO - Setting next_dagrun for example_branch_datetime_operator_2 to 2026-06-12 00:00:00+00:00, run_after=2026-06-13 00:00:00+00:00
[2026-06-13T11:05:33.934+0000] {logging_mixin.py:188} INFO - [2026-06-13T11:05:33.934+0000] {dag.py:3954} INFO - Setting next_dagrun for example_branch_datetime_operator_3 to 2026-06-12 00:00:00+00:00, run_after=2026-06-13 00:00:00+00:00
[2026-06-13T11:05:33.959+0000] {processor.py:183} INFO - Processing /home/airflow/.local/lib/python3.12/site-packages/airflow/example_dags/example_branch_datetime_operator.py took 0.124 seconds
[2026-06-13T11:06:04.734+0000] {processor.py:161} INFO - Started process (PID=1259) to work on /home/airflow/.local/lib/python3.12/site-packages/airflow/example_dags/example_branch_datetime_operator.py
[2026-06-13T11:06:04.736+0000] {processor.py:830} INFO - Processing file /home/airflow/.local/lib/python3.12/site-packages/airflow/example_dags/example_branch_datetime_operator.py for tasks to queue
[2026-06-13T11:06:04.738+0000] {logging_mixin.py:188} INFO - [2026-06-13T11:06:04.738+0000] {dagbag.py:545} INFO - Filling up the DagBag from /home/airflow/.local/lib/python3.12/site-packages/airflow/example_dags/example_branch_datetime_operator.py
[2026-06-13T11:06:04.748+0000] {processor.py:840} INFO - DAG(s) 'example_branch_datetime_operator_2', 'example_branch_datetime_operator_3', 'example_branch_datetime_operator' retrieved from /home/airflow/.local/lib/python3.12/site-packages/airflow/example_dags/example_branch_datetime_operator.py
[2026-06-13T11:06:04.784+0000] {logging_mixin.py:188} INFO - [2026-06-13T11:06:04.784+0000] {dag.py:3096} INFO - Sync 3 DAGs
[2026-06-13T11:06:04.815+0000] {logging_mixin.py:188} INFO - [2026-06-13T11:06:04.815+0000] {dag.py:3954} INFO - Setting next_dagrun for example_branch_datetime_operator to 2026-06-12 00:00:00+00:00, run_after=2026-06-13 00:00:00+00:00
[2026-06-13T11:06:04.822+0000] {logging_mixin.py:188} INFO - [2026-06-13T11:06:04.821+0000] {dag.py:3954} INFO - Setting next_dagrun for example_branch_datetime_operator_2 to 2026-06-12 00:00:00+00:00, run_after=2026-06-13 00:00:00+00:00
[2026-06-13T11:06:04.826+0000] {logging_mixin.py:188} INFO - [2026-06-13T11:06:04.826+0000] {dag.py:3954} INFO - Setting next_dagrun for example_branch_datetime_operator_3 to 2026-06-12 00:00:00+00:00, run_after=2026-06-13 00:00:00+00:00
[2026-06-13T11:06:04.850+0000] {processor.py:183} INFO - Processing /home/airflow/.local/lib/python3.12/site-packages/airflow/example_dags/example_branch_datetime_operator.py took 0.122 seconds
[2026-06-13T11:06:35.142+0000] {processor.py:161} INFO - Started process (PID=1318) to work on /home/airflow/.local/lib/python3.12/site-packages/airflow/example_dags/example_branch_datetime_operator.py
[2026-06-13T11:06:35.144+0000] {processor.py:830} INFO - Processing file /home/airflow/.local/lib/python3.12/site-packages/airflow/example_dags/example_branch_datetime_operator.py for tasks to queue
[2026-06-13T11:06:35.147+0000] {logging_mixin.py:188} INFO - [2026-06-13T11:06:35.146+0000] {dagbag.py:545} INFO - Filling up the DagBag from /home/airflow/.local/lib/python3.12/site-packages/airflow/example_dags/example_branch_datetime_operator.py
[2026-06-13T11:06:35.159+0000] {processor.py:840} INFO - DAG(s) 'example_branch_datetime_operator_2', 'example_branch_datetime_operator_3', 'example_branch_datetime_operator' retrieved from /home/airflow/.local/lib/python3.12/site-packages/airflow/example_dags/example_branch_datetime_operator.py
[2026-06-13T11:06:35.196+0000] {logging_mixin.py:188} INFO - [2026-06-13T11:06:35.196+0000] {dag.py:3096} INFO - Sync 3 DAGs
[2026-06-13T11:06:35.224+0000] {logging_mixin.py:188} INFO - [2026-06-13T11:06:35.224+0000] {dag.py:3954} INFO - Setting next_dagrun for example_branch_datetime_operator to 2026-06-12 00:00:00+00:00, run_after=2026-06-13 00:00:00+00:00
[2026-06-13T11:06:35.231+0000] {logging_mixin.py:188} INFO - [2026-06-13T11:06:35.230+0000] {dag.py:3954} INFO - Setting next_dagrun for example_branch_datetime_operator_2 to 2026-06-12 00:00:00+00:00, run_after=2026-06-13 00:00:00+00:00
[2026-06-13T11:06:35.234+0000] {logging_mixin.py:188} INFO - [2026-06-13T11:06:35.234+0000] {dag.py:3954} INFO - Setting next_dagrun for example_branch_datetime_operator_3 to 2026-06-12 00:00:00+00:00, run_after=2026-06-13 00:00:00+00:00
[2026-06-13T11:06:35.260+0000] {processor.py:183} INFO - Processing /home/airflow/.local/lib/python3.12/site-packages/airflow/example_dags/example_branch_datetime_operator.py took 0.125 seconds
[2026-06-13T11:07:05.784+0000] {processor.py:161} INFO - Started process (PID=1377) to work on /home/airflow/.local/lib/python3.12/site-packages/airflow/example_dags/example_branch_datetime_operator.py
[2026-06-13T11:07:05.785+0000] {processor.py:830} INFO - Processing file /home/airflow/.local/lib/python3.12/site-packages/airflow/example_dags/example_branch_datetime_operator.py for tasks to queue
[2026-06-13T11:07:05.788+0000] {logging_mixin.py:188} INFO - [2026-06-13T11:07:05.788+0000] {dagbag.py:545} INFO - Filling up the DagBag from /home/airflow/.local/lib/python3.12/site-packages/airflow/example_dags/example_branch_datetime_operator.py
[2026-06-13T11:07:05.799+0000] {processor.py:840} INFO - DAG(s) 'example_branch_datetime_operator_3', 'example_branch_datetime_operator', 'example_branch_datetime_operator_2' retrieved from /home/airflow/.local/lib/python3.12/site-packages/airflow/example_dags/example_branch_datetime_operator.py
[2026-06-13T11:07:05.831+0000] {logging_mixin.py:188} INFO - [2026-06-13T11:07:05.831+0000] {dag.py:3096} INFO - Sync 3 DAGs
[2026-06-13T11:07:05.861+0000] {logging_mixin.py:188} INFO - [2026-06-13T11:07:05.861+0000] {dag.py:3954} INFO - Setting next_dagrun for example_branch_datetime_operator to 2026-06-12 00:00:00+00:00, run_after=2026-06-13 00:00:00+00:00
[2026-06-13T11:07:05.868+0000] {logging_mixin.py:188} INFO - [2026-06-13T11:07:05.868+0000] {dag.py:3954} INFO - Setting next_dagrun for example_branch_datetime_operator_2 to 2026-06-12 00:00:00+00:00, run_after=2026-06-13 00:00:00+00:00
[2026-06-13T11:07:05.872+0000] {logging_mixin.py:188} INFO - [2026-06-13T11:07:05.871+0000] {dag.py:3954} INFO - Setting next_dagrun for example_branch_datetime_operator_3 to 2026-06-12 00:00:00+00:00, run_after=2026-06-13 00:00:00+00:00
[2026-06-13T11:07:05.898+0000] {processor.py:183} INFO - Processing /home/airflow/.local/lib/python3.12/site-packages/airflow/example_dags/example_branch_datetime_operator.py took 0.120 seconds
[2026-06-13T11:07:36.157+0000] {processor.py:161} INFO - Started process (PID=1436) to work on /home/airflow/.local/lib/python3.12/site-packages/airflow/example_dags/example_branch_datetime_operator.py
[2026-06-13T11:07:36.159+0000] {processor.py:830} INFO - Processing file /home/airflow/.local/lib/python3.12/site-packages/airflow/example_dags/example_branch_datetime_operator.py for tasks to queue
[2026-06-13T11:07:36.162+0000] {logging_mixin.py:188} INFO - [2026-06-13T11:07:36.162+0000] {dagbag.py:545} INFO - Filling up the DagBag from /home/airflow/.local/lib/python3.12/site-packages/airflow/example_dags/example_branch_datetime_operator.py
[2026-06-13T11:07:36.174+0000] {processor.py:840} INFO - DAG(s) 'example_branch_datetime_operator_3', 'example_branch_datetime_operator', 'example_branch_datetime_operator_2' retrieved from /home/airflow/.local/lib/python3.12/site-packages/airflow/example_dags/example_branch_datetime_operator.py
[2026-06-13T11:07:36.210+0000] {logging_mixin.py:188} INFO - [2026-06-13T11:07:36.210+0000] {dag.py:3096} INFO - Sync 3 DAGs
[2026-06-13T11:07:36.237+0000] {logging_mixin.py:188} INFO - [2026-06-13T11:07:36.237+0000] {dag.py:3954} INFO - Setting next_dagrun for example_branch_datetime_operator to 2026-06-12 00:00:00+00:00, run_after=2026-06-13 00:00:00+00:00
[2026-06-13T11:07:36.243+0000] {logging_mixin.py:188} INFO - [2026-06-13T11:07:36.243+0000] {dag.py:3954} INFO - Setting next_dagrun for example_branch_datetime_operator_2 to 2026-06-12 00:00:00+00:00, run_after=2026-06-13 00:00:00+00:00
[2026-06-13T11:07:36.247+0000] {logging_mixin.py:188} INFO - [2026-06-13T11:07:36.246+0000] {dag.py:3954} INFO - Setting next_dagrun for example_branch_datetime_operator_3 to 2026-06-12 00:00:00+00:00, run_after=2026-06-13 00:00:00+00:00
[2026-06-13T11:07:36.271+0000] {processor.py:183} INFO - Processing /home/airflow/.local/lib/python3.12/site-packages/airflow/example_dags/example_branch_datetime_operator.py took 0.119 seconds
[2026-06-13T11:08:06.496+0000] {processor.py:161} INFO - Started process (PID=1496) to work on /home/airflow/.local/lib/python3.12/site-packages/airflow/example_dags/example_branch_datetime_operator.py
[2026-06-13T11:08:06.497+0000] {processor.py:830} INFO - Processing file /home/airflow/.local/lib/python3.12/site-packages/airflow/example_dags/example_branch_datetime_operator.py for tasks to queue
[2026-06-13T11:08:06.502+0000] {logging_mixin.py:188} INFO - [2026-06-13T11:08:06.501+0000] {dagbag.py:545} INFO - Filling up the DagBag from /home/airflow/.local/lib/python3.12/site-packages/airflow/example_dags/example_branch_datetime_operator.py
[2026-06-13T11:08:06.521+0000] {processor.py:840} INFO - DAG(s) 'example_branch_datetime_operator_2', 'example_branch_datetime_operator', 'example_branch_datetime_operator_3' retrieved from /home/airflow/.local/lib/python3.12/site-packages/airflow/example_dags/example_branch_datetime_operator.py
[2026-06-13T11:08:06.583+0000] {logging_mixin.py:188} INFO - [2026-06-13T11:08:06.583+0000] {dag.py:3096} INFO - Sync 3 DAGs
[2026-06-13T11:08:06.637+0000] {logging_mixin.py:188} INFO - [2026-06-13T11:08:06.636+0000] {dag.py:3954} INFO - Setting next_dagrun for example_branch_datetime_operator to 2026-06-12 00:00:00+00:00, run_after=2026-06-13 00:00:00+00:00
[2026-06-13T11:08:06.650+0000] {logging_mixin.py:188} INFO - [2026-06-13T11:08:06.650+0000] {dag.py:3954} INFO - Setting next_dagrun for example_branch_datetime_operator_2 to 2026-06-12 00:00:00+00:00, run_after=2026-06-13 00:00:00+00:00
[2026-06-13T11:08:06.655+0000] {logging_mixin.py:188} INFO - [2026-06-13T11:08:06.655+0000] {dag.py:3954} INFO - Setting next_dagrun for example_branch_datetime_operator_3 to 2026-06-12 00:00:00+00:00, run_after=2026-06-13 00:00:00+00:00
[2026-06-13T11:08:06.697+0000] {processor.py:183} INFO - Processing /home/airflow/.local/lib/python3.12/site-packages/airflow/example_dags/example_branch_datetime_operator.py took 0.210 seconds
[2026-06-13T11:09:18.047+0000] {processor.py:161} INFO - Started process (PID=73) to work on /home/airflow/.local/lib/python3.12/site-packages/airflow/example_dags/example_branch_datetime_operator.py
[2026-06-13T11:09:18.049+0000] {processor.py:830} INFO - Processing file /home/airflow/.local/lib/python3.12/site-packages/airflow/example_dags/example_branch_datetime_operator.py for tasks to queue
[2026-06-13T11:09:18.053+0000] {logging_mixin.py:188} INFO - [2026-06-13T11:09:18.052+0000] {dagbag.py:545} INFO - Filling up the DagBag from /home/airflow/.local/lib/python3.12/site-packages/airflow/example_dags/example_branch_datetime_operator.py
[2026-06-13T11:09:18.078+0000] {processor.py:840} INFO - DAG(s) 'example_branch_datetime_operator_3', 'example_branch_datetime_operator', 'example_branch_datetime_operator_2' retrieved from /home/airflow/.local/lib/python3.12/site-packages/airflow/example_dags/example_branch_datetime_operator.py
[2026-06-13T11:09:18.313+0000] {logging_mixin.py:188} INFO - [2026-06-13T11:09:18.313+0000] {dag.py:3096} INFO - Sync 3 DAGs
[2026-06-13T11:09:18.348+0000] {logging_mixin.py:188} INFO - [2026-06-13T11:09:18.348+0000] {dag.py:3954} INFO - Setting next_dagrun for example_branch_datetime_operator to 2026-06-12 00:00:00+00:00, run_after=2026-06-13 00:00:00+00:00
[2026-06-13T11:09:18.355+0000] {logging_mixin.py:188} INFO - [2026-06-13T11:09:18.355+0000] {dag.py:3954} INFO - Setting next_dagrun for example_branch_datetime_operator_2 to 2026-06-12 00:00:00+00:00, run_after=2026-06-13 00:00:00+00:00
[2026-06-13T11:09:18.360+0000] {logging_mixin.py:188} INFO - [2026-06-13T11:09:18.360+0000] {dag.py:3954} INFO - Setting next_dagrun for example_branch_datetime_operator_3 to 2026-06-12 00:00:00+00:00, run_after=2026-06-13 00:00:00+00:00
[2026-06-13T11:09:18.397+0000] {processor.py:183} INFO - Processing /home/airflow/.local/lib/python3.12/site-packages/airflow/example_dags/example_branch_datetime_operator.py took 0.358 seconds
[2026-06-13T11:09:48.631+0000] {processor.py:161} INFO - Started process (PID=132) to work on /home/airflow/.local/lib/python3.12/site-packages/airflow/example_dags/example_branch_datetime_operator.py
[2026-06-13T11:09:48.632+0000] {processor.py:830} INFO - Processing file /home/airflow/.local/lib/python3.12/site-packages/airflow/example_dags/example_branch_datetime_operator.py for tasks to queue
[2026-06-13T11:09:48.636+0000] {logging_mixin.py:188} INFO - [2026-06-13T11:09:48.635+0000] {dagbag.py:545} INFO - Filling up the DagBag from /home/airflow/.local/lib/python3.12/site-packages/airflow/example_dags/example_branch_datetime_operator.py
[2026-06-13T11:09:48.646+0000] {processor.py:840} INFO - DAG(s) 'example_branch_datetime_operator_3', 'example_branch_datetime_operator', 'example_branch_datetime_operator_2' retrieved from /home/airflow/.local/lib/python3.12/site-packages/airflow/example_dags/example_branch_datetime_operator.py
[2026-06-13T11:09:48.680+0000] {logging_mixin.py:188} INFO - [2026-06-13T11:09:48.680+0000] {dag.py:3096} INFO - Sync 3 DAGs
[2026-06-13T11:09:48.708+0000] {logging_mixin.py:188} INFO - [2026-06-13T11:09:48.708+0000] {dag.py:3954} INFO - Setting next_dagrun for example_branch_datetime_operator to 2026-06-12 00:00:00+00:00, run_after=2026-06-13 00:00:00+00:00
[2026-06-13T11:09:48.714+0000] {logging_mixin.py:188} INFO - [2026-06-13T11:09:48.714+0000] {dag.py:3954} INFO - Setting next_dagrun for example_branch_datetime_operator_2 to 2026-06-12 00:00:00+00:00, run_after=2026-06-13 00:00:00+00:00
[2026-06-13T11:09:48.718+0000] {logging_mixin.py:188} INFO - [2026-06-13T11:09:48.718+0000] {dag.py:3954} INFO - Setting next_dagrun for example_branch_datetime_operator_3 to 2026-06-12 00:00:00+00:00, run_after=2026-06-13 00:00:00+00:00
[2026-06-13T11:09:48.743+0000] {processor.py:183} INFO - Processing /home/airflow/.local/lib/python3.12/site-packages/airflow/example_dags/example_branch_datetime_operator.py took 0.119 seconds
[2026-06-13T11:10:19.175+0000] {processor.py:161} INFO - Started process (PID=197) to work on /home/airflow/.local/lib/python3.12/site-packages/airflow/example_dags/example_branch_datetime_operator.py
[2026-06-13T11:10:19.177+0000] {processor.py:830} INFO - Processing file /home/airflow/.local/lib/python3.12/site-packages/airflow/example_dags/example_branch_datetime_operator.py for tasks to queue
[2026-06-13T11:10:19.180+0000] {logging_mixin.py:188} INFO - [2026-06-13T11:10:19.179+0000] {dagbag.py:545} INFO - Filling up the DagBag from /home/airflow/.local/lib/python3.12/site-packages/airflow/example_dags/example_branch_datetime_operator.py
[2026-06-13T11:10:19.191+0000] {processor.py:840} INFO - DAG(s) 'example_branch_datetime_operator_3', 'example_branch_datetime_operator_2', 'example_branch_datetime_operator' retrieved from /home/airflow/.local/lib/python3.12/site-packages/airflow/example_dags/example_branch_datetime_operator.py
[2026-06-13T11:10:19.225+0000] {logging_mixin.py:188} INFO - [2026-06-13T11:10:19.224+0000] {dag.py:3096} INFO - Sync 3 DAGs
[2026-06-13T11:10:19.250+0000] {logging_mixin.py:188} INFO - [2026-06-13T11:10:19.250+0000] {dag.py:3954} INFO - Setting next_dagrun for example_branch_datetime_operator to 2026-06-12 00:00:00+00:00, run_after=2026-06-13 00:00:00+00:00
[2026-06-13T11:10:19.256+0000] {logging_mixin.py:188} INFO - [2026-06-13T11:10:19.256+0000] {dag.py:3954} INFO - Setting next_dagrun for example_branch_datetime_operator_2 to 2026-06-12 00:00:00+00:00, run_after=2026-06-13 00:00:00+00:00
[2026-06-13T11:10:19.260+0000] {logging_mixin.py:188} INFO - [2026-06-13T11:10:19.259+0000] {dag.py:3954} INFO - Setting next_dagrun for example_branch_datetime_operator_3 to 2026-06-12 00:00:00+00:00, run_after=2026-06-13 00:00:00+00:00
[2026-06-13T11:10:19.284+0000] {processor.py:183} INFO - Processing /home/airflow/.local/lib/python3.12/site-packages/airflow/example_dags/example_branch_datetime_operator.py took 0.116 seconds
[2026-06-13T11:10:49.771+0000] {processor.py:161} INFO - Started process (PID=256) to work on /home/airflow/.local/lib/python3.12/site-packages/airflow/example_dags/example_branch_datetime_operator.py
[2026-06-13T11:10:49.773+0000] {processor.py:830} INFO - Processing file /home/airflow/.local/lib/python3.12/site-packages/airflow/example_dags/example_branch_datetime_operator.py for tasks to queue
[2026-06-13T11:10:49.776+0000] {logging_mixin.py:188} INFO - [2026-06-13T11:10:49.775+0000] {dagbag.py:545} INFO - Filling up the DagBag from /home/airflow/.local/lib/python3.12/site-packages/airflow/example_dags/example_branch_datetime_operator.py
[2026-06-13T11:10:49.787+0000] {processor.py:840} INFO - DAG(s) 'example_branch_datetime_operator', 'example_branch_datetime_operator_3', 'example_branch_datetime_operator_2' retrieved from /home/airflow/.local/lib/python3.12/site-packages/airflow/example_dags/example_branch_datetime_operator.py
[2026-06-13T11:10:49.824+0000] {logging_mixin.py:188} INFO - [2026-06-13T11:10:49.824+0000] {dag.py:3096} INFO - Sync 3 DAGs
[2026-06-13T11:10:49.851+0000] {logging_mixin.py:188} INFO - [2026-06-13T11:10:49.851+0000] {dag.py:3954} INFO - Setting next_dagrun for example_branch_datetime_operator to 2026-06-12 00:00:00+00:00, run_after=2026-06-13 00:00:00+00:00
[2026-06-13T11:10:49.857+0000] {logging_mixin.py:188} INFO - [2026-06-13T11:10:49.857+0000] {dag.py:3954} INFO - Setting next_dagrun for example_branch_datetime_operator_2 to 2026-06-12 00:00:00+00:00, run_after=2026-06-13 00:00:00+00:00
[2026-06-13T11:10:49.862+0000] {logging_mixin.py:188} INFO - [2026-06-13T11:10:49.861+0000] {dag.py:3954} INFO - Setting next_dagrun for example_branch_datetime_operator_3 to 2026-06-12 00:00:00+00:00, run_after=2026-06-13 00:00:00+00:00
[2026-06-13T11:10:49.886+0000] {processor.py:183} INFO - Processing /home/airflow/.local/lib/python3.12/site-packages/airflow/example_dags/example_branch_datetime_operator.py took 0.121 seconds
[2026-06-13T11:11:20.729+0000] {processor.py:161} INFO - Started process (PID=315) to work on /home/airflow/.local/lib/python3.12/site-packages/airflow/example_dags/example_branch_datetime_operator.py
[2026-06-13T11:11:20.730+0000] {processor.py:830} INFO - Processing file /home/airflow/.local/lib/python3.12/site-packages/airflow/example_dags/example_branch_datetime_operator.py for tasks to queue
[2026-06-13T11:11:20.733+0000] {logging_mixin.py:188} INFO - [2026-06-13T11:11:20.733+0000] {dagbag.py:545} INFO - Filling up the DagBag from /home/airflow/.local/lib/python3.12/site-packages/airflow/example_dags/example_branch_datetime_operator.py
[2026-06-13T11:11:20.745+0000] {processor.py:840} INFO - DAG(s) 'example_branch_datetime_operator', 'example_branch_datetime_operator_2', 'example_branch_datetime_operator_3' retrieved from /home/airflow/.local/lib/python3.12/site-packages/airflow/example_dags/example_branch_datetime_operator.py
[2026-06-13T11:11:20.783+0000] {logging_mixin.py:188} INFO - [2026-06-13T11:11:20.783+0000] {dag.py:3096} INFO - Sync 3 DAGs
[2026-06-13T11:11:20.812+0000] {logging_mixin.py:188} INFO - [2026-06-13T11:11:20.812+0000] {dag.py:3954} INFO - Setting next_dagrun for example_branch_datetime_operator to 2026-06-12 00:00:00+00:00, run_after=2026-06-13 00:00:00+00:00
[2026-06-13T11:11:20.819+0000] {logging_mixin.py:188} INFO - [2026-06-13T11:11:20.818+0000] {dag.py:3954} INFO - Setting next_dagrun for example_branch_datetime_operator_2 to 2026-06-12 00:00:00+00:00, run_after=2026-06-13 00:00:00+00:00
[2026-06-13T11:11:20.823+0000] {logging_mixin.py:188} INFO - [2026-06-13T11:11:20.822+0000] {dag.py:3954} INFO - Setting next_dagrun for example_branch_datetime_operator_3 to 2026-06-12 00:00:00+00:00, run_after=2026-06-13 00:00:00+00:00
[2026-06-13T11:11:20.849+0000] {processor.py:183} INFO - Processing /home/airflow/.local/lib/python3.12/site-packages/airflow/example_dags/example_branch_datetime_operator.py took 0.127 seconds
[2026-06-13T11:11:51.319+0000] {processor.py:161} INFO - Started process (PID=374) to work on /home/airflow/.local/lib/python3.12/site-packages/airflow/example_dags/example_branch_datetime_operator.py
[2026-06-13T11:11:51.320+0000] {processor.py:830} INFO - Processing file /home/airflow/.local/lib/python3.12/site-packages/airflow/example_dags/example_branch_datetime_operator.py for tasks to queue
[2026-06-13T11:11:51.323+0000] {logging_mixin.py:188} INFO - [2026-06-13T11:11:51.323+0000] {dagbag.py:545} INFO - Filling up the DagBag from /home/airflow/.local/lib/python3.12/site-packages/airflow/example_dags/example_branch_datetime_operator.py
[2026-06-13T11:11:51.334+0000] {processor.py:840} INFO - DAG(s) 'example_branch_datetime_operator', 'example_branch_datetime_operator_3', 'example_branch_datetime_operator_2' retrieved from /home/airflow/.local/lib/python3.12/site-packages/airflow/example_dags/example_branch_datetime_operator.py
[2026-06-13T11:11:51.369+0000] {logging_mixin.py:188} INFO - [2026-06-13T11:11:51.369+0000] {dag.py:3096} INFO - Sync 3 DAGs
[2026-06-13T11:11:51.397+0000] {logging_mixin.py:188} INFO - [2026-06-13T11:11:51.397+0000] {dag.py:3954} INFO - Setting next_dagrun for example_branch_datetime_operator to 2026-06-12 00:00:00+00:00, run_after=2026-06-13 00:00:00+00:00
[2026-06-13T11:11:51.405+0000] {logging_mixin.py:188} INFO - [2026-06-13T11:11:51.404+0000] {dag.py:3954} INFO - Setting next_dagrun for example_branch_datetime_operator_2 to 2026-06-12 00:00:00+00:00, run_after=2026-06-13 00:00:00+00:00
[2026-06-13T11:11:51.409+0000] {logging_mixin.py:188} INFO - [2026-06-13T11:11:51.409+0000] {dag.py:3954} INFO - Setting next_dagrun for example_branch_datetime_operator_3 to 2026-06-12 00:00:00+00:00, run_after=2026-06-13 00:00:00+00:00
[2026-06-13T11:11:51.432+0000] {processor.py:183} INFO - Processing /home/airflow/.local/lib/python3.12/site-packages/airflow/example_dags/example_branch_datetime_operator.py took 0.120 seconds
[2026-06-13T11:12:21.580+0000] {processor.py:161} INFO - Started process (PID=433) to work on /home/airflow/.local/lib/python3.12/site-packages/airflow/example_dags/example_branch_datetime_operator.py
[2026-06-13T11:12:21.581+0000] {processor.py:830} INFO - Processing file /home/airflow/.local/lib/python3.12/site-packages/airflow/example_dags/example_branch_datetime_operator.py for tasks to queue
[2026-06-13T11:12:21.584+0000] {logging_mixin.py:188} INFO - [2026-06-13T11:12:21.583+0000] {dagbag.py:545} INFO - Filling up the DagBag from /home/airflow/.local/lib/python3.12/site-packages/airflow/example_dags/example_branch_datetime_operator.py
[2026-06-13T11:12:21.594+0000] {processor.py:840} INFO - DAG(s) 'example_branch_datetime_operator_3', 'example_branch_datetime_operator_2', 'example_branch_datetime_operator' retrieved from /home/airflow/.local/lib/python3.12/site-packages/airflow/example_dags/example_branch_datetime_operator.py
[2026-06-13T11:12:21.628+0000] {logging_mixin.py:188} INFO - [2026-06-13T11:12:21.628+0000] {dag.py:3096} INFO - Sync 3 DAGs
[2026-06-13T11:12:21.654+0000] {logging_mixin.py:188} INFO - [2026-06-13T11:12:21.654+0000] {dag.py:3954} INFO - Setting next_dagrun for example_branch_datetime_operator to 2026-06-12 00:00:00+00:00, run_after=2026-06-13 00:00:00+00:00
[2026-06-13T11:12:21.661+0000] {logging_mixin.py:188} INFO - [2026-06-13T11:12:21.661+0000] {dag.py:3954} INFO - Setting next_dagrun for example_branch_datetime_operator_2 to 2026-06-12 00:00:00+00:00, run_after=2026-06-13 00:00:00+00:00
[2026-06-13T11:12:21.664+0000] {logging_mixin.py:188} INFO - [2026-06-13T11:12:21.664+0000] {dag.py:3954} INFO - Setting next_dagrun for example_branch_datetime_operator_3 to 2026-06-12 00:00:00+00:00, run_after=2026-06-13 00:00:00+00:00
[2026-06-13T11:12:21.691+0000] {processor.py:183} INFO - Processing /home/airflow/.local/lib/python3.12/site-packages/airflow/example_dags/example_branch_datetime_operator.py took 0.117 seconds
[2026-06-13T11:12:51.866+0000] {processor.py:161} INFO - Started process (PID=492) to work on /home/airflow/.local/lib/python3.12/site-packages/airflow/example_dags/example_branch_datetime_operator.py
[2026-06-13T11:12:51.868+0000] {processor.py:830} INFO - Processing file /home/airflow/.local/lib/python3.12/site-packages/airflow/example_dags/example_branch_datetime_operator.py for tasks to queue
[2026-06-13T11:12:51.871+0000] {logging_mixin.py:188} INFO - [2026-06-13T11:12:51.871+0000] {dagbag.py:545} INFO - Filling up the DagBag from /home/airflow/.local/lib/python3.12/site-packages/airflow/example_dags/example_branch_datetime_operator.py
[2026-06-13T11:12:51.882+0000] {processor.py:840} INFO - DAG(s) 'example_branch_datetime_operator', 'example_branch_datetime_operator_3', 'example_branch_datetime_operator_2' retrieved from /home/airflow/.local/lib/python3.12/site-packages/airflow/example_dags/example_branch_datetime_operator.py
[2026-06-13T11:12:51.918+0000] {logging_mixin.py:188} INFO - [2026-06-13T11:12:51.918+0000] {dag.py:3096} INFO - Sync 3 DAGs
[2026-06-13T11:12:51.944+0000] {logging_mixin.py:188} INFO - [2026-06-13T11:12:51.944+0000] {dag.py:3954} INFO - Setting next_dagrun for example_branch_datetime_operator to 2026-06-12 00:00:00+00:00, run_after=2026-06-13 00:00:00+00:00
[2026-06-13T11:12:51.950+0000] {logging_mixin.py:188} INFO - [2026-06-13T11:12:51.950+0000] {dag.py:3954} INFO - Setting next_dagrun for example_branch_datetime_operator_2 to 2026-06-12 00:00:00+00:00, run_after=2026-06-13 00:00:00+00:00
[2026-06-13T11:12:51.953+0000] {logging_mixin.py:188} INFO - [2026-06-13T11:12:51.953+0000] {dag.py:3954} INFO - Setting next_dagrun for example_branch_datetime_operator_3 to 2026-06-12 00:00:00+00:00, run_after=2026-06-13 00:00:00+00:00
[2026-06-13T11:12:51.978+0000] {processor.py:183} INFO - Processing /home/airflow/.local/lib/python3.12/site-packages/airflow/example_dags/example_branch_datetime_operator.py took 0.118 seconds
[2026-06-13T11:13:22.203+0000] {processor.py:161} INFO - Started process (PID=551) to work on /home/airflow/.local/lib/python3.12/site-packages/airflow/example_dags/example_branch_datetime_operator.py
[2026-06-13T11:13:22.205+0000] {processor.py:830} INFO - Processing file /home/airflow/.local/lib/python3.12/site-packages/airflow/example_dags/example_branch_datetime_operator.py for tasks to queue
[2026-06-13T11:13:22.207+0000] {logging_mixin.py:188} INFO - [2026-06-13T11:13:22.207+0000] {dagbag.py:545} INFO - Filling up the DagBag from /home/airflow/.local/lib/python3.12/site-packages/airflow/example_dags/example_branch_datetime_operator.py
[2026-06-13T11:13:22.218+0000] {processor.py:840} INFO - DAG(s) 'example_branch_datetime_operator_3', 'example_branch_datetime_operator_2', 'example_branch_datetime_operator' retrieved from /home/airflow/.local/lib/python3.12/site-packages/airflow/example_dags/example_branch_datetime_operator.py
[2026-06-13T11:13:22.260+0000] {logging_mixin.py:188} INFO - [2026-06-13T11:13:22.260+0000] {dag.py:3096} INFO - Sync 3 DAGs
[2026-06-13T11:13:22.289+0000] {logging_mixin.py:188} INFO - [2026-06-13T11:13:22.288+0000] {dag.py:3954} INFO - Setting next_dagrun for example_branch_datetime_operator to 2026-06-12 00:00:00+00:00, run_after=2026-06-13 00:00:00+00:00
[2026-06-13T11:13:22.295+0000] {logging_mixin.py:188} INFO - [2026-06-13T11:13:22.295+0000] {dag.py:3954} INFO - Setting next_dagrun for example_branch_datetime_operator_2 to 2026-06-12 00:00:00+00:00, run_after=2026-06-13 00:00:00+00:00
[2026-06-13T11:13:22.299+0000] {logging_mixin.py:188} INFO - [2026-06-13T11:13:22.298+0000] {dag.py:3954} INFO - Setting next_dagrun for example_branch_datetime_operator_3 to 2026-06-12 00:00:00+00:00, run_after=2026-06-13 00:00:00+00:00
[2026-06-13T11:13:22.325+0000] {processor.py:183} INFO - Processing /home/airflow/.local/lib/python3.12/site-packages/airflow/example_dags/example_branch_datetime_operator.py took 0.128 seconds
[2026-06-13T11:13:52.691+0000] {processor.py:161} INFO - Started process (PID=610) to work on /home/airflow/.local/lib/python3.12/site-packages/airflow/example_dags/example_branch_datetime_operator.py
[2026-06-13T11:13:52.693+0000] {processor.py:830} INFO - Processing file /home/airflow/.local/lib/python3.12/site-packages/airflow/example_dags/example_branch_datetime_operator.py for tasks to queue
[2026-06-13T11:13:52.696+0000] {logging_mixin.py:188} INFO - [2026-06-13T11:13:52.695+0000] {dagbag.py:545} INFO - Filling up the DagBag from /home/airflow/.local/lib/python3.12/site-packages/airflow/example_dags/example_branch_datetime_operator.py
[2026-06-13T11:13:52.707+0000] {processor.py:840} INFO - DAG(s) 'example_branch_datetime_operator_3', 'example_branch_datetime_operator_2', 'example_branch_datetime_operator' retrieved from /home/airflow/.local/lib/python3.12/site-packages/airflow/example_dags/example_branch_datetime_operator.py
[2026-06-13T11:13:52.741+0000] {logging_mixin.py:188} INFO - [2026-06-13T11:13:52.741+0000] {dag.py:3096} INFO - Sync 3 DAGs
[2026-06-13T11:13:52.770+0000] {logging_mixin.py:188} INFO - [2026-06-13T11:13:52.769+0000] {dag.py:3954} INFO - Setting next_dagrun for example_branch_datetime_operator to 2026-06-12 00:00:00+00:00, run_after=2026-06-13 00:00:00+00:00
[2026-06-13T11:13:52.776+0000] {logging_mixin.py:188} INFO - [2026-06-13T11:13:52.776+0000] {dag.py:3954} INFO - Setting next_dagrun for example_branch_datetime_operator_2 to 2026-06-12 00:00:00+00:00, run_after=2026-06-13 00:00:00+00:00
[2026-06-13T11:13:52.779+0000] {logging_mixin.py:188} INFO - [2026-06-13T11:13:52.779+0000] {dag.py:3954} INFO - Setting next_dagrun for example_branch_datetime_operator_3 to 2026-06-12 00:00:00+00:00, run_after=2026-06-13 00:00:00+00:00
[2026-06-13T11:13:52.806+0000] {processor.py:183} INFO - Processing /home/airflow/.local/lib/python3.12/site-packages/airflow/example_dags/example_branch_datetime_operator.py took 0.120 seconds
[2026-06-13T11:14:23.141+0000] {processor.py:161} INFO - Started process (PID=669) to work on /home/airflow/.local/lib/python3.12/site-packages/airflow/example_dags/example_branch_datetime_operator.py
[2026-06-13T11:14:23.143+0000] {processor.py:830} INFO - Processing file /home/airflow/.local/lib/python3.12/site-packages/airflow/example_dags/example_branch_datetime_operator.py for tasks to queue
[2026-06-13T11:14:23.145+0000] {logging_mixin.py:188} INFO - [2026-06-13T11:14:23.145+0000] {dagbag.py:545} INFO - Filling up the DagBag from /home/airflow/.local/lib/python3.12/site-packages/airflow/example_dags/example_branch_datetime_operator.py
[2026-06-13T11:14:23.162+0000] {processor.py:840} INFO - DAG(s) 'example_branch_datetime_operator', 'example_branch_datetime_operator_2', 'example_branch_datetime_operator_3' retrieved from /home/airflow/.local/lib/python3.12/site-packages/airflow/example_dags/example_branch_datetime_operator.py
[2026-06-13T11:14:23.211+0000] {logging_mixin.py:188} INFO - [2026-06-13T11:14:23.211+0000] {dag.py:3096} INFO - Sync 3 DAGs
[2026-06-13T11:14:23.241+0000] {logging_mixin.py:188} INFO - [2026-06-13T11:14:23.241+0000] {dag.py:3954} INFO - Setting next_dagrun for example_branch_datetime_operator to 2026-06-12 00:00:00+00:00, run_after=2026-06-13 00:00:00+00:00
[2026-06-13T11:14:23.249+0000] {logging_mixin.py:188} INFO - [2026-06-13T11:14:23.249+0000] {dag.py:3954} INFO - Setting next_dagrun for example_branch_datetime_operator_2 to 2026-06-12 00:00:00+00:00, run_after=2026-06-13 00:00:00+00:00
[2026-06-13T11:14:23.253+0000] {logging_mixin.py:188} INFO - [2026-06-13T11:14:23.252+0000] {dag.py:3954} INFO - Setting next_dagrun for example_branch_datetime_operator_3 to 2026-06-12 00:00:00+00:00, run_after=2026-06-13 00:00:00+00:00
[2026-06-13T11:14:23.277+0000] {processor.py:183} INFO - Processing /home/airflow/.local/lib/python3.12/site-packages/airflow/example_dags/example_branch_datetime_operator.py took 0.145 seconds
[2026-06-13T11:14:53.608+0000] {processor.py:161} INFO - Started process (PID=728) to work on /home/airflow/.local/lib/python3.12/site-packages/airflow/example_dags/example_branch_datetime_operator.py
[2026-06-13T11:14:53.610+0000] {processor.py:830} INFO - Processing file /home/airflow/.local/lib/python3.12/site-packages/airflow/example_dags/example_branch_datetime_operator.py for tasks to queue
[2026-06-13T11:14:53.613+0000] {logging_mixin.py:188} INFO - [2026-06-13T11:14:53.613+0000] {dagbag.py:545} INFO - Filling up the DagBag from /home/airflow/.local/lib/python3.12/site-packages/airflow/example_dags/example_branch_datetime_operator.py
[2026-06-13T11:14:53.624+0000] {processor.py:840} INFO - DAG(s) 'example_branch_datetime_operator_2', 'example_branch_datetime_operator_3', 'example_branch_datetime_operator' retrieved from /home/airflow/.local/lib/python3.12/site-packages/airflow/example_dags/example_branch_datetime_operator.py
[2026-06-13T11:14:53.658+0000] {logging_mixin.py:188} INFO - [2026-06-13T11:14:53.658+0000] {dag.py:3096} INFO - Sync 3 DAGs
[2026-06-13T11:14:53.685+0000] {logging_mixin.py:188} INFO - [2026-06-13T11:14:53.684+0000] {dag.py:3954} INFO - Setting next_dagrun for example_branch_datetime_operator to 2026-06-12 00:00:00+00:00, run_after=2026-06-13 00:00:00+00:00
[2026-06-13T11:14:53.691+0000] {logging_mixin.py:188} INFO - [2026-06-13T11:14:53.691+0000] {dag.py:3954} INFO - Setting next_dagrun for example_branch_datetime_operator_2 to 2026-06-12 00:00:00+00:00, run_after=2026-06-13 00:00:00+00:00
[2026-06-13T11:14:53.696+0000] {logging_mixin.py:188} INFO - [2026-06-13T11:14:53.696+0000] {dag.py:3954} INFO - Setting next_dagrun for example_branch_datetime_operator_3 to 2026-06-12 00:00:00+00:00, run_after=2026-06-13 00:00:00+00:00
[2026-06-13T11:14:53.722+0000] {processor.py:183} INFO - Processing /home/airflow/.local/lib/python3.12/site-packages/airflow/example_dags/example_branch_datetime_operator.py took 0.120 seconds
[2026-06-13T11:15:24.681+0000] {processor.py:161} INFO - Started process (PID=787) to work on /home/airflow/.local/lib/python3.12/site-packages/airflow/example_dags/example_branch_datetime_operator.py
[2026-06-13T11:15:24.683+0000] {processor.py:830} INFO - Processing file /home/airflow/.local/lib/python3.12/site-packages/airflow/example_dags/example_branch_datetime_operator.py for tasks to queue
[2026-06-13T11:15:24.687+0000] {logging_mixin.py:188} INFO - [2026-06-13T11:15:24.686+0000] {dagbag.py:545} INFO - Filling up the DagBag from /home/airflow/.local/lib/python3.12/site-packages/airflow/example_dags/example_branch_datetime_operator.py
[2026-06-13T11:15:24.698+0000] {processor.py:840} INFO - DAG(s) 'example_branch_datetime_operator_3', 'example_branch_datetime_operator', 'example_branch_datetime_operator_2' retrieved from /home/airflow/.local/lib/python3.12/site-packages/airflow/example_dags/example_branch_datetime_operator.py
[2026-06-13T11:15:24.735+0000] {logging_mixin.py:188} INFO - [2026-06-13T11:15:24.734+0000] {dag.py:3096} INFO - Sync 3 DAGs
[2026-06-13T11:15:24.760+0000] {logging_mixin.py:188} INFO - [2026-06-13T11:15:24.760+0000] {dag.py:3954} INFO - Setting next_dagrun for example_branch_datetime_operator to 2026-06-12 00:00:00+00:00, run_after=2026-06-13 00:00:00+00:00
[2026-06-13T11:15:24.766+0000] {logging_mixin.py:188} INFO - [2026-06-13T11:15:24.766+0000] {dag.py:3954} INFO - Setting next_dagrun for example_branch_datetime_operator_2 to 2026-06-12 00:00:00+00:00, run_after=2026-06-13 00:00:00+00:00
[2026-06-13T11:15:24.769+0000] {logging_mixin.py:188} INFO - [2026-06-13T11:15:24.769+0000] {dag.py:3954} INFO - Setting next_dagrun for example_branch_datetime_operator_3 to 2026-06-12 00:00:00+00:00, run_after=2026-06-13 00:00:00+00:00
[2026-06-13T11:15:24.794+0000] {processor.py:183} INFO - Processing /home/airflow/.local/lib/python3.12/site-packages/airflow/example_dags/example_branch_datetime_operator.py took 0.120 seconds
[2026-06-13T11:15:55.387+0000] {processor.py:161} INFO - Started process (PID=846) to work on /home/airflow/.local/lib/python3.12/site-packages/airflow/example_dags/example_branch_datetime_operator.py
[2026-06-13T11:15:55.389+0000] {processor.py:830} INFO - Processing file /home/airflow/.local/lib/python3.12/site-packages/airflow/example_dags/example_branch_datetime_operator.py for tasks to queue
[2026-06-13T11:15:55.392+0000] {logging_mixin.py:188} INFO - [2026-06-13T11:15:55.392+0000] {dagbag.py:545} INFO - Filling up the DagBag from /home/airflow/.local/lib/python3.12/site-packages/airflow/example_dags/example_branch_datetime_operator.py
[2026-06-13T11:15:55.403+0000] {processor.py:840} INFO - DAG(s) 'example_branch_datetime_operator_2', 'example_branch_datetime_operator_3', 'example_branch_datetime_operator' retrieved from /home/airflow/.local/lib/python3.12/site-packages/airflow/example_dags/example_branch_datetime_operator.py
[2026-06-13T11:15:55.444+0000] {logging_mixin.py:188} INFO - [2026-06-13T11:15:55.443+0000] {dag.py:3096} INFO - Sync 3 DAGs
[2026-06-13T11:15:55.470+0000] {logging_mixin.py:188} INFO - [2026-06-13T11:15:55.470+0000] {dag.py:3954} INFO - Setting next_dagrun for example_branch_datetime_operator to 2026-06-12 00:00:00+00:00, run_after=2026-06-13 00:00:00+00:00
[2026-06-13T11:15:55.477+0000] {logging_mixin.py:188} INFO - [2026-06-13T11:15:55.477+0000] {dag.py:3954} INFO - Setting next_dagrun for example_branch_datetime_operator_2 to 2026-06-12 00:00:00+00:00, run_after=2026-06-13 00:00:00+00:00
[2026-06-13T11:15:55.480+0000] {logging_mixin.py:188} INFO - [2026-06-13T11:15:55.480+0000] {dag.py:3954} INFO - Setting next_dagrun for example_branch_datetime_operator_3 to 2026-06-12 00:00:00+00:00, run_after=2026-06-13 00:00:00+00:00
[2026-06-13T11:15:55.503+0000] {processor.py:183} INFO - Processing /home/airflow/.local/lib/python3.12/site-packages/airflow/example_dags/example_branch_datetime_operator.py took 0.123 seconds
[2026-06-13T11:16:26.613+0000] {processor.py:161} INFO - Started process (PID=905) to work on /home/airflow/.local/lib/python3.12/site-packages/airflow/example_dags/example_branch_datetime_operator.py
[2026-06-13T11:16:26.614+0000] {processor.py:830} INFO - Processing file /home/airflow/.local/lib/python3.12/site-packages/airflow/example_dags/example_branch_datetime_operator.py for tasks to queue
[2026-06-13T11:16:26.617+0000] {logging_mixin.py:188} INFO - [2026-06-13T11:16:26.616+0000] {dagbag.py:545} INFO - Filling up the DagBag from /home/airflow/.local/lib/python3.12/site-packages/airflow/example_dags/example_branch_datetime_operator.py
[2026-06-13T11:16:26.628+0000] {processor.py:840} INFO - DAG(s) 'example_branch_datetime_operator_3', 'example_branch_datetime_operator', 'example_branch_datetime_operator_2' retrieved from /home/airflow/.local/lib/python3.12/site-packages/airflow/example_dags/example_branch_datetime_operator.py
[2026-06-13T11:16:26.665+0000] {logging_mixin.py:188} INFO - [2026-06-13T11:16:26.665+0000] {dag.py:3096} INFO - Sync 3 DAGs
[2026-06-13T11:16:26.691+0000] {logging_mixin.py:188} INFO - [2026-06-13T11:16:26.691+0000] {dag.py:3954} INFO - Setting next_dagrun for example_branch_datetime_operator to 2026-06-12 00:00:00+00:00, run_after=2026-06-13 00:00:00+00:00
[2026-06-13T11:16:26.698+0000] {logging_mixin.py:188} INFO - [2026-06-13T11:16:26.698+0000] {dag.py:3954} INFO - Setting next_dagrun for example_branch_datetime_operator_2 to 2026-06-12 00:00:00+00:00, run_after=2026-06-13 00:00:00+00:00
[2026-06-13T11:16:26.702+0000] {logging_mixin.py:188} INFO - [2026-06-13T11:16:26.702+0000] {dag.py:3954} INFO - Setting next_dagrun for example_branch_datetime_operator_3 to 2026-06-12 00:00:00+00:00, run_after=2026-06-13 00:00:00+00:00
[2026-06-13T11:16:26.726+0000] {processor.py:183} INFO - Processing /home/airflow/.local/lib/python3.12/site-packages/airflow/example_dags/example_branch_datetime_operator.py took 0.119 seconds
[2026-06-13T11:16:57.058+0000] {processor.py:161} INFO - Started process (PID=965) to work on /home/airflow/.local/lib/python3.12/site-packages/airflow/example_dags/example_branch_datetime_operator.py
[2026-06-13T11:16:57.061+0000] {processor.py:830} INFO - Processing file /home/airflow/.local/lib/python3.12/site-packages/airflow/example_dags/example_branch_datetime_operator.py for tasks to queue
[2026-06-13T11:16:57.064+0000] {logging_mixin.py:188} INFO - [2026-06-13T11:16:57.063+0000] {dagbag.py:545} INFO - Filling up the DagBag from /home/airflow/.local/lib/python3.12/site-packages/airflow/example_dags/example_branch_datetime_operator.py
[2026-06-13T11:16:57.075+0000] {processor.py:840} INFO - DAG(s) 'example_branch_datetime_operator_2', 'example_branch_datetime_operator_3', 'example_branch_datetime_operator' retrieved from /home/airflow/.local/lib/python3.12/site-packages/airflow/example_dags/example_branch_datetime_operator.py
[2026-06-13T11:16:57.116+0000] {logging_mixin.py:188} INFO - [2026-06-13T11:16:57.116+0000] {dag.py:3096} INFO - Sync 3 DAGs
[2026-06-13T11:16:57.145+0000] {logging_mixin.py:188} INFO - [2026-06-13T11:16:57.145+0000] {dag.py:3954} INFO - Setting next_dagrun for example_branch_datetime_operator to 2026-06-12 00:00:00+00:00, run_after=2026-06-13 00:00:00+00:00
[2026-06-13T11:16:57.152+0000] {logging_mixin.py:188} INFO - [2026-06-13T11:16:57.152+0000] {dag.py:3954} INFO - Setting next_dagrun for example_branch_datetime_operator_2 to 2026-06-12 00:00:00+00:00, run_after=2026-06-13 00:00:00+00:00
[2026-06-13T11:16:57.156+0000] {logging_mixin.py:188} INFO - [2026-06-13T11:16:57.156+0000] {dag.py:3954} INFO - Setting next_dagrun for example_branch_datetime_operator_3 to 2026-06-12 00:00:00+00:00, run_after=2026-06-13 00:00:00+00:00
[2026-06-13T11:16:57.185+0000] {processor.py:183} INFO - Processing /home/airflow/.local/lib/python3.12/site-packages/airflow/example_dags/example_branch_datetime_operator.py took 0.134 seconds
[2026-06-13T11:17:27.478+0000] {processor.py:161} INFO - Started process (PID=1024) to work on /home/airflow/.local/lib/python3.12/site-packages/airflow/example_dags/example_branch_datetime_operator.py
[2026-06-13T11:17:27.480+0000] {processor.py:830} INFO - Processing file /home/airflow/.local/lib/python3.12/site-packages/airflow/example_dags/example_branch_datetime_operator.py for tasks to queue
[2026-06-13T11:17:27.484+0000] {logging_mixin.py:188} INFO - [2026-06-13T11:17:27.483+0000] {dagbag.py:545} INFO - Filling up the DagBag from /home/airflow/.local/lib/python3.12/site-packages/airflow/example_dags/example_branch_datetime_operator.py
[2026-06-13T11:17:27.499+0000] {processor.py:840} INFO - DAG(s) 'example_branch_datetime_operator', 'example_branch_datetime_operator_2', 'example_branch_datetime_operator_3' retrieved from /home/airflow/.local/lib/python3.12/site-packages/airflow/example_dags/example_branch_datetime_operator.py
[2026-06-13T11:17:27.540+0000] {logging_mixin.py:188} INFO - [2026-06-13T11:17:27.540+0000] {dag.py:3096} INFO - Sync 3 DAGs
[2026-06-13T11:17:27.571+0000] {logging_mixin.py:188} INFO - [2026-06-13T11:17:27.571+0000] {dag.py:3954} INFO - Setting next_dagrun for example_branch_datetime_operator to 2026-06-12 00:00:00+00:00, run_after=2026-06-13 00:00:00+00:00
[2026-06-13T11:17:27.579+0000] {logging_mixin.py:188} INFO - [2026-06-13T11:17:27.578+0000] {dag.py:3954} INFO - Setting next_dagrun for example_branch_datetime_operator_2 to 2026-06-12 00:00:00+00:00, run_after=2026-06-13 00:00:00+00:00
[2026-06-13T11:17:27.582+0000] {logging_mixin.py:188} INFO - [2026-06-13T11:17:27.582+0000] {dag.py:3954} INFO - Setting next_dagrun for example_branch_datetime_operator_3 to 2026-06-12 00:00:00+00:00, run_after=2026-06-13 00:00:00+00:00
[2026-06-13T11:17:27.610+0000] {processor.py:183} INFO - Processing /home/airflow/.local/lib/python3.12/site-packages/airflow/example_dags/example_branch_datetime_operator.py took 0.140 seconds
[2026-06-13T11:17:57.679+0000] {processor.py:161} INFO - Started process (PID=1082) to work on /home/airflow/.local/lib/python3.12/site-packages/airflow/example_dags/example_branch_datetime_operator.py
[2026-06-13T11:17:57.681+0000] {processor.py:830} INFO - Processing file /home/airflow/.local/lib/python3.12/site-packages/airflow/example_dags/example_branch_datetime_operator.py for tasks to queue
[2026-06-13T11:17:57.685+0000] {logging_mixin.py:188} INFO - [2026-06-13T11:17:57.685+0000] {dagbag.py:545} INFO - Filling up the DagBag from /home/airflow/.local/lib/python3.12/site-packages/airflow/example_dags/example_branch_datetime_operator.py
[2026-06-13T11:17:57.695+0000] {processor.py:840} INFO - DAG(s) 'example_branch_datetime_operator_2', 'example_branch_datetime_operator_3', 'example_branch_datetime_operator' retrieved from /home/airflow/.local/lib/python3.12/site-packages/airflow/example_dags/example_branch_datetime_operator.py
[2026-06-13T11:17:57.732+0000] {logging_mixin.py:188} INFO - [2026-06-13T11:17:57.731+0000] {dag.py:3096} INFO - Sync 3 DAGs
[2026-06-13T11:17:57.757+0000] {logging_mixin.py:188} INFO - [2026-06-13T11:17:57.757+0000] {dag.py:3954} INFO - Setting next_dagrun for example_branch_datetime_operator to 2026-06-12 00:00:00+00:00, run_after=2026-06-13 00:00:00+00:00
[2026-06-13T11:17:57.764+0000] {logging_mixin.py:188} INFO - [2026-06-13T11:17:57.764+0000] {dag.py:3954} INFO - Setting next_dagrun for example_branch_datetime_operator_2 to 2026-06-12 00:00:00+00:00, run_after=2026-06-13 00:00:00+00:00
[2026-06-13T11:17:57.769+0000] {logging_mixin.py:188} INFO - [2026-06-13T11:17:57.769+0000] {dag.py:3954} INFO - Setting next_dagrun for example_branch_datetime_operator_3 to 2026-06-12 00:00:00+00:00, run_after=2026-06-13 00:00:00+00:00
[2026-06-13T11:17:57.793+0000] {processor.py:183} INFO - Processing /home/airflow/.local/lib/python3.12/site-packages/airflow/example_dags/example_branch_datetime_operator.py took 0.119 seconds
[2026-06-13T11:18:28.445+0000] {processor.py:161} INFO - Started process (PID=1141) to work on /home/airflow/.local/lib/python3.12/site-packages/airflow/example_dags/example_branch_datetime_operator.py
[2026-06-13T11:18:28.447+0000] {processor.py:830} INFO - Processing file /home/airflow/.local/lib/python3.12/site-packages/airflow/example_dags/example_branch_datetime_operator.py for tasks to queue
[2026-06-13T11:18:28.450+0000] {logging_mixin.py:188} INFO - [2026-06-13T11:18:28.449+0000] {dagbag.py:545} INFO - Filling up the DagBag from /home/airflow/.local/lib/python3.12/site-packages/airflow/example_dags/example_branch_datetime_operator.py
[2026-06-13T11:18:28.464+0000] {processor.py:840} INFO - DAG(s) 'example_branch_datetime_operator_2', 'example_branch_datetime_operator_3', 'example_branch_datetime_operator' retrieved from /home/airflow/.local/lib/python3.12/site-packages/airflow/example_dags/example_branch_datetime_operator.py
[2026-06-13T11:18:28.502+0000] {logging_mixin.py:188} INFO - [2026-06-13T11:18:28.501+0000] {dag.py:3096} INFO - Sync 3 DAGs
[2026-06-13T11:18:28.532+0000] {logging_mixin.py:188} INFO - [2026-06-13T11:18:28.532+0000] {dag.py:3954} INFO - Setting next_dagrun for example_branch_datetime_operator to 2026-06-12 00:00:00+00:00, run_after=2026-06-13 00:00:00+00:00
[2026-06-13T11:18:28.539+0000] {logging_mixin.py:188} INFO - [2026-06-13T11:18:28.538+0000] {dag.py:3954} INFO - Setting next_dagrun for example_branch_datetime_operator_2 to 2026-06-12 00:00:00+00:00, run_after=2026-06-13 00:00:00+00:00
[2026-06-13T11:18:28.543+0000] {logging_mixin.py:188} INFO - [2026-06-13T11:18:28.542+0000] {dag.py:3954} INFO - Setting next_dagrun for example_branch_datetime_operator_3 to 2026-06-12 00:00:00+00:00, run_after=2026-06-13 00:00:00+00:00
[2026-06-13T11:18:28.569+0000] {processor.py:183} INFO - Processing /home/airflow/.local/lib/python3.12/site-packages/airflow/example_dags/example_branch_datetime_operator.py took 0.132 seconds
[2026-06-13T11:48:52.769+0000] {processor.py:161} INFO - Started process (PID=1201) to work on /home/airflow/.local/lib/python3.12/site-packages/airflow/example_dags/example_branch_datetime_operator.py
[2026-06-13T11:48:52.773+0000] {processor.py:830} INFO - Processing file /home/airflow/.local/lib/python3.12/site-packages/airflow/example_dags/example_branch_datetime_operator.py for tasks to queue
[2026-06-13T11:48:52.776+0000] {logging_mixin.py:188} INFO - [2026-06-13T11:48:52.776+0000] {dagbag.py:545} INFO - Filling up the DagBag from /home/airflow/.local/lib/python3.12/site-packages/airflow/example_dags/example_branch_datetime_operator.py
[2026-06-13T11:48:52.796+0000] {processor.py:840} INFO - DAG(s) 'example_branch_datetime_operator_2', 'example_branch_datetime_operator_3', 'example_branch_datetime_operator' retrieved from /home/airflow/.local/lib/python3.12/site-packages/airflow/example_dags/example_branch_datetime_operator.py
[2026-06-13T11:48:52.852+0000] {logging_mixin.py:188} INFO - [2026-06-13T11:48:52.852+0000] {dag.py:3096} INFO - Sync 3 DAGs
[2026-06-13T11:48:52.899+0000] {logging_mixin.py:188} INFO - [2026-06-13T11:48:52.899+0000] {dag.py:3954} INFO - Setting next_dagrun for example_branch_datetime_operator to 2026-06-12 00:00:00+00:00, run_after=2026-06-13 00:00:00+00:00
[2026-06-13T11:48:52.910+0000] {logging_mixin.py:188} INFO - [2026-06-13T11:48:52.910+0000] {dag.py:3954} INFO - Setting next_dagrun for example_branch_datetime_operator_2 to 2026-06-12 00:00:00+00:00, run_after=2026-06-13 00:00:00+00:00
[2026-06-13T11:48:52.916+0000] {logging_mixin.py:188} INFO - [2026-06-13T11:48:52.916+0000] {dag.py:3954} INFO - Setting next_dagrun for example_branch_datetime_operator_3 to 2026-06-12 00:00:00+00:00, run_after=2026-06-13 00:00:00+00:00
[2026-06-13T11:48:52.953+0000] {processor.py:183} INFO - Processing /home/airflow/.local/lib/python3.12/site-packages/airflow/example_dags/example_branch_datetime_operator.py took 0.194 seconds
[2026-06-13T11:49:23.633+0000] {processor.py:161} INFO - Started process (PID=1260) to work on /home/airflow/.local/lib/python3.12/site-packages/airflow/example_dags/example_branch_datetime_operator.py
[2026-06-13T11:49:23.634+0000] {processor.py:830} INFO - Processing file /home/airflow/.local/lib/python3.12/site-packages/airflow/example_dags/example_branch_datetime_operator.py for tasks to queue
[2026-06-13T11:49:23.637+0000] {logging_mixin.py:188} INFO - [2026-06-13T11:49:23.636+0000] {dagbag.py:545} INFO - Filling up the DagBag from /home/airflow/.local/lib/python3.12/site-packages/airflow/example_dags/example_branch_datetime_operator.py
[2026-06-13T11:49:23.649+0000] {processor.py:840} INFO - DAG(s) 'example_branch_datetime_operator_2', 'example_branch_datetime_operator_3', 'example_branch_datetime_operator' retrieved from /home/airflow/.local/lib/python3.12/site-packages/airflow/example_dags/example_branch_datetime_operator.py
[2026-06-13T11:49:23.691+0000] {logging_mixin.py:188} INFO - [2026-06-13T11:49:23.691+0000] {dag.py:3096} INFO - Sync 3 DAGs
[2026-06-13T11:49:23.720+0000] {logging_mixin.py:188} INFO - [2026-06-13T11:49:23.720+0000] {dag.py:3954} INFO - Setting next_dagrun for example_branch_datetime_operator to 2026-06-12 00:00:00+00:00, run_after=2026-06-13 00:00:00+00:00
[2026-06-13T11:49:23.727+0000] {logging_mixin.py:188} INFO - [2026-06-13T11:49:23.727+0000] {dag.py:3954} INFO - Setting next_dagrun for example_branch_datetime_operator_2 to 2026-06-12 00:00:00+00:00, run_after=2026-06-13 00:00:00+00:00
[2026-06-13T11:49:23.731+0000] {logging_mixin.py:188} INFO - [2026-06-13T11:49:23.730+0000] {dag.py:3954} INFO - Setting next_dagrun for example_branch_datetime_operator_3 to 2026-06-12 00:00:00+00:00, run_after=2026-06-13 00:00:00+00:00
[2026-06-13T11:49:23.757+0000] {processor.py:183} INFO - Processing /home/airflow/.local/lib/python3.12/site-packages/airflow/example_dags/example_branch_datetime_operator.py took 0.132 seconds
[2026-06-13T11:49:54.157+0000] {processor.py:161} INFO - Started process (PID=1319) to work on /home/airflow/.local/lib/python3.12/site-packages/airflow/example_dags/example_branch_datetime_operator.py
[2026-06-13T11:49:54.159+0000] {processor.py:830} INFO - Processing file /home/airflow/.local/lib/python3.12/site-packages/airflow/example_dags/example_branch_datetime_operator.py for tasks to queue
[2026-06-13T11:49:54.162+0000] {logging_mixin.py:188} INFO - [2026-06-13T11:49:54.162+0000] {dagbag.py:545} INFO - Filling up the DagBag from /home/airflow/.local/lib/python3.12/site-packages/airflow/example_dags/example_branch_datetime_operator.py
[2026-06-13T11:49:54.175+0000] {processor.py:840} INFO - DAG(s) 'example_branch_datetime_operator_3', 'example_branch_datetime_operator', 'example_branch_datetime_operator_2' retrieved from /home/airflow/.local/lib/python3.12/site-packages/airflow/example_dags/example_branch_datetime_operator.py
[2026-06-13T11:49:54.215+0000] {logging_mixin.py:188} INFO - [2026-06-13T11:49:54.215+0000] {dag.py:3096} INFO - Sync 3 DAGs
[2026-06-13T11:49:54.245+0000] {logging_mixin.py:188} INFO - [2026-06-13T11:49:54.245+0000] {dag.py:3954} INFO - Setting next_dagrun for example_branch_datetime_operator to 2026-06-12 00:00:00+00:00, run_after=2026-06-13 00:00:00+00:00
[2026-06-13T11:49:54.253+0000] {logging_mixin.py:188} INFO - [2026-06-13T11:49:54.253+0000] {dag.py:3954} INFO - Setting next_dagrun for example_branch_datetime_operator_2 to 2026-06-12 00:00:00+00:00, run_after=2026-06-13 00:00:00+00:00
[2026-06-13T11:49:54.256+0000] {logging_mixin.py:188} INFO - [2026-06-13T11:49:54.256+0000] {dag.py:3954} INFO - Setting next_dagrun for example_branch_datetime_operator_3 to 2026-06-12 00:00:00+00:00, run_after=2026-06-13 00:00:00+00:00
[2026-06-13T11:49:54.285+0000] {processor.py:183} INFO - Processing /home/airflow/.local/lib/python3.12/site-packages/airflow/example_dags/example_branch_datetime_operator.py took 0.135 seconds
[2026-06-13T11:50:24.776+0000] {processor.py:161} INFO - Started process (PID=1378) to work on /home/airflow/.local/lib/python3.12/site-packages/airflow/example_dags/example_branch_datetime_operator.py
[2026-06-13T11:50:24.778+0000] {processor.py:830} INFO - Processing file /home/airflow/.local/lib/python3.12/site-packages/airflow/example_dags/example_branch_datetime_operator.py for tasks to queue
[2026-06-13T11:50:24.781+0000] {logging_mixin.py:188} INFO - [2026-06-13T11:50:24.781+0000] {dagbag.py:545} INFO - Filling up the DagBag from /home/airflow/.local/lib/python3.12/site-packages/airflow/example_dags/example_branch_datetime_operator.py
[2026-06-13T11:50:24.793+0000] {processor.py:840} INFO - DAG(s) 'example_branch_datetime_operator_2', 'example_branch_datetime_operator_3', 'example_branch_datetime_operator' retrieved from /home/airflow/.local/lib/python3.12/site-packages/airflow/example_dags/example_branch_datetime_operator.py
[2026-06-13T11:50:24.829+0000] {logging_mixin.py:188} INFO - [2026-06-13T11:50:24.828+0000] {dag.py:3096} INFO - Sync 3 DAGs
[2026-06-13T11:50:24.856+0000] {logging_mixin.py:188} INFO - [2026-06-13T11:50:24.856+0000] {dag.py:3954} INFO - Setting next_dagrun for example_branch_datetime_operator to 2026-06-12 00:00:00+00:00, run_after=2026-06-13 00:00:00+00:00
[2026-06-13T11:50:24.863+0000] {logging_mixin.py:188} INFO - [2026-06-13T11:50:24.862+0000] {dag.py:3954} INFO - Setting next_dagrun for example_branch_datetime_operator_2 to 2026-06-12 00:00:00+00:00, run_after=2026-06-13 00:00:00+00:00
[2026-06-13T11:50:24.866+0000] {logging_mixin.py:188} INFO - [2026-06-13T11:50:24.866+0000] {dag.py:3954} INFO - Setting next_dagrun for example_branch_datetime_operator_3 to 2026-06-12 00:00:00+00:00, run_after=2026-06-13 00:00:00+00:00
[2026-06-13T11:50:24.889+0000] {processor.py:183} INFO - Processing /home/airflow/.local/lib/python3.12/site-packages/airflow/example_dags/example_branch_datetime_operator.py took 0.119 seconds
[2026-06-13T11:50:55.510+0000] {processor.py:161} INFO - Started process (PID=1437) to work on /home/airflow/.local/lib/python3.12/site-packages/airflow/example_dags/example_branch_datetime_operator.py
[2026-06-13T11:50:55.512+0000] {processor.py:830} INFO - Processing file /home/airflow/.local/lib/python3.12/site-packages/airflow/example_dags/example_branch_datetime_operator.py for tasks to queue
[2026-06-13T11:50:55.515+0000] {logging_mixin.py:188} INFO - [2026-06-13T11:50:55.514+0000] {dagbag.py:545} INFO - Filling up the DagBag from /home/airflow/.local/lib/python3.12/site-packages/airflow/example_dags/example_branch_datetime_operator.py
[2026-06-13T11:50:55.526+0000] {processor.py:840} INFO - DAG(s) 'example_branch_datetime_operator_2', 'example_branch_datetime_operator_3', 'example_branch_datetime_operator' retrieved from /home/airflow/.local/lib/python3.12/site-packages/airflow/example_dags/example_branch_datetime_operator.py
[2026-06-13T11:50:55.562+0000] {logging_mixin.py:188} INFO - [2026-06-13T11:50:55.562+0000] {dag.py:3096} INFO - Sync 3 DAGs
[2026-06-13T11:50:55.588+0000] {logging_mixin.py:188} INFO - [2026-06-13T11:50:55.588+0000] {dag.py:3954} INFO - Setting next_dagrun for example_branch_datetime_operator to 2026-06-12 00:00:00+00:00, run_after=2026-06-13 00:00:00+00:00
[2026-06-13T11:50:55.595+0000] {logging_mixin.py:188} INFO - [2026-06-13T11:50:55.595+0000] {dag.py:3954} INFO - Setting next_dagrun for example_branch_datetime_operator_2 to 2026-06-12 00:00:00+00:00, run_after=2026-06-13 00:00:00+00:00
[2026-06-13T11:50:55.599+0000] {logging_mixin.py:188} INFO - [2026-06-13T11:50:55.599+0000] {dag.py:3954} INFO - Setting next_dagrun for example_branch_datetime_operator_3 to 2026-06-12 00:00:00+00:00, run_after=2026-06-13 00:00:00+00:00
[2026-06-13T11:50:55.623+0000] {processor.py:183} INFO - Processing /home/airflow/.local/lib/python3.12/site-packages/airflow/example_dags/example_branch_datetime_operator.py took 0.119 seconds
[2026-06-13T11:51:26.065+0000] {processor.py:161} INFO - Started process (PID=1496) to work on /home/airflow/.local/lib/python3.12/site-packages/airflow/example_dags/example_branch_datetime_operator.py
[2026-06-13T11:51:26.067+0000] {processor.py:830} INFO - Processing file /home/airflow/.local/lib/python3.12/site-packages/airflow/example_dags/example_branch_datetime_operator.py for tasks to queue
[2026-06-13T11:51:26.069+0000] {logging_mixin.py:188} INFO - [2026-06-13T11:51:26.069+0000] {dagbag.py:545} INFO - Filling up the DagBag from /home/airflow/.local/lib/python3.12/site-packages/airflow/example_dags/example_branch_datetime_operator.py
[2026-06-13T11:51:26.081+0000] {processor.py:840} INFO - DAG(s) 'example_branch_datetime_operator', 'example_branch_datetime_operator_3', 'example_branch_datetime_operator_2' retrieved from /home/airflow/.local/lib/python3.12/site-packages/airflow/example_dags/example_branch_datetime_operator.py
[2026-06-13T11:51:26.117+0000] {logging_mixin.py:188} INFO - [2026-06-13T11:51:26.116+0000] {dag.py:3096} INFO - Sync 3 DAGs
[2026-06-13T11:51:26.143+0000] {logging_mixin.py:188} INFO - [2026-06-13T11:51:26.143+0000] {dag.py:3954} INFO - Setting next_dagrun for example_branch_datetime_operator to 2026-06-12 00:00:00+00:00, run_after=2026-06-13 00:00:00+00:00
[2026-06-13T11:51:26.148+0000] {logging_mixin.py:188} INFO - [2026-06-13T11:51:26.148+0000] {dag.py:3954} INFO - Setting next_dagrun for example_branch_datetime_operator_2 to 2026-06-12 00:00:00+00:00, run_after=2026-06-13 00:00:00+00:00
[2026-06-13T11:51:26.152+0000] {logging_mixin.py:188} INFO - [2026-06-13T11:51:26.151+0000] {dag.py:3954} INFO - Setting next_dagrun for example_branch_datetime_operator_3 to 2026-06-12 00:00:00+00:00, run_after=2026-06-13 00:00:00+00:00
[2026-06-13T11:51:26.175+0000] {processor.py:183} INFO - Processing /home/airflow/.local/lib/python3.12/site-packages/airflow/example_dags/example_branch_datetime_operator.py took 0.116 seconds
[2026-06-13T11:51:57.515+0000] {processor.py:161} INFO - Started process (PID=1555) to work on /home/airflow/.local/lib/python3.12/site-packages/airflow/example_dags/example_branch_datetime_operator.py
[2026-06-13T11:51:57.517+0000] {processor.py:830} INFO - Processing file /home/airflow/.local/lib/python3.12/site-packages/airflow/example_dags/example_branch_datetime_operator.py for tasks to queue
[2026-06-13T11:51:57.521+0000] {logging_mixin.py:188} INFO - [2026-06-13T11:51:57.521+0000] {dagbag.py:545} INFO - Filling up the DagBag from /home/airflow/.local/lib/python3.12/site-packages/airflow/example_dags/example_branch_datetime_operator.py
[2026-06-13T11:51:57.531+0000] {processor.py:840} INFO - DAG(s) 'example_branch_datetime_operator', 'example_branch_datetime_operator_3', 'example_branch_datetime_operator_2' retrieved from /home/airflow/.local/lib/python3.12/site-packages/airflow/example_dags/example_branch_datetime_operator.py
[2026-06-13T11:51:57.567+0000] {logging_mixin.py:188} INFO - [2026-06-13T11:51:57.567+0000] {dag.py:3096} INFO - Sync 3 DAGs
[2026-06-13T11:51:57.594+0000] {logging_mixin.py:188} INFO - [2026-06-13T11:51:57.593+0000] {dag.py:3954} INFO - Setting next_dagrun for example_branch_datetime_operator to 2026-06-12 00:00:00+00:00, run_after=2026-06-13 00:00:00+00:00
[2026-06-13T11:51:57.600+0000] {logging_mixin.py:188} INFO - [2026-06-13T11:51:57.600+0000] {dag.py:3954} INFO - Setting next_dagrun for example_branch_datetime_operator_2 to 2026-06-12 00:00:00+00:00, run_after=2026-06-13 00:00:00+00:00
[2026-06-13T11:51:57.604+0000] {logging_mixin.py:188} INFO - [2026-06-13T11:51:57.604+0000] {dag.py:3954} INFO - Setting next_dagrun for example_branch_datetime_operator_3 to 2026-06-12 00:00:00+00:00, run_after=2026-06-13 00:00:00+00:00
[2026-06-13T11:51:57.631+0000] {processor.py:183} INFO - Processing /home/airflow/.local/lib/python3.12/site-packages/airflow/example_dags/example_branch_datetime_operator.py took 0.123 seconds
[2026-06-13T11:52:28.919+0000] {processor.py:161} INFO - Started process (PID=1614) to work on /home/airflow/.local/lib/python3.12/site-packages/airflow/example_dags/example_branch_datetime_operator.py
[2026-06-13T11:52:28.921+0000] {processor.py:830} INFO - Processing file /home/airflow/.local/lib/python3.12/site-packages/airflow/example_dags/example_branch_datetime_operator.py for tasks to queue
[2026-06-13T11:52:28.924+0000] {logging_mixin.py:188} INFO - [2026-06-13T11:52:28.923+0000] {dagbag.py:545} INFO - Filling up the DagBag from /home/airflow/.local/lib/python3.12/site-packages/airflow/example_dags/example_branch_datetime_operator.py
[2026-06-13T11:52:28.936+0000] {processor.py:840} INFO - DAG(s) 'example_branch_datetime_operator_3', 'example_branch_datetime_operator', 'example_branch_datetime_operator_2' retrieved from /home/airflow/.local/lib/python3.12/site-packages/airflow/example_dags/example_branch_datetime_operator.py
[2026-06-13T11:52:28.978+0000] {logging_mixin.py:188} INFO - [2026-06-13T11:52:28.977+0000] {dag.py:3096} INFO - Sync 3 DAGs
[2026-06-13T11:52:29.004+0000] {logging_mixin.py:188} INFO - [2026-06-13T11:52:29.004+0000] {dag.py:3954} INFO - Setting next_dagrun for example_branch_datetime_operator to 2026-06-12 00:00:00+00:00, run_after=2026-06-13 00:00:00+00:00
[2026-06-13T11:52:29.011+0000] {logging_mixin.py:188} INFO - [2026-06-13T11:52:29.011+0000] {dag.py:3954} INFO - Setting next_dagrun for example_branch_datetime_operator_2 to 2026-06-12 00:00:00+00:00, run_after=2026-06-13 00:00:00+00:00
[2026-06-13T11:52:29.014+0000] {logging_mixin.py:188} INFO - [2026-06-13T11:52:29.014+0000] {dag.py:3954} INFO - Setting next_dagrun for example_branch_datetime_operator_3 to 2026-06-12 00:00:00+00:00, run_after=2026-06-13 00:00:00+00:00
[2026-06-13T11:52:29.042+0000] {processor.py:183} INFO - Processing /home/airflow/.local/lib/python3.12/site-packages/airflow/example_dags/example_branch_datetime_operator.py took 0.129 seconds
[2026-06-13T11:52:59.562+0000] {processor.py:161} INFO - Started process (PID=1673) to work on /home/airflow/.local/lib/python3.12/site-packages/airflow/example_dags/example_branch_datetime_operator.py
[2026-06-13T11:52:59.563+0000] {processor.py:830} INFO - Processing file /home/airflow/.local/lib/python3.12/site-packages/airflow/example_dags/example_branch_datetime_operator.py for tasks to queue
[2026-06-13T11:52:59.566+0000] {logging_mixin.py:188} INFO - [2026-06-13T11:52:59.566+0000] {dagbag.py:545} INFO - Filling up the DagBag from /home/airflow/.local/lib/python3.12/site-packages/airflow/example_dags/example_branch_datetime_operator.py
[2026-06-13T11:52:59.578+0000] {processor.py:840} INFO - DAG(s) 'example_branch_datetime_operator_2', 'example_branch_datetime_operator', 'example_branch_datetime_operator_3' retrieved from /home/airflow/.local/lib/python3.12/site-packages/airflow/example_dags/example_branch_datetime_operator.py
[2026-06-13T11:52:59.614+0000] {logging_mixin.py:188} INFO - [2026-06-13T11:52:59.614+0000] {dag.py:3096} INFO - Sync 3 DAGs
[2026-06-13T11:52:59.641+0000] {logging_mixin.py:188} INFO - [2026-06-13T11:52:59.640+0000] {dag.py:3954} INFO - Setting next_dagrun for example_branch_datetime_operator to 2026-06-12 00:00:00+00:00, run_after=2026-06-13 00:00:00+00:00
[2026-06-13T11:52:59.647+0000] {logging_mixin.py:188} INFO - [2026-06-13T11:52:59.647+0000] {dag.py:3954} INFO - Setting next_dagrun for example_branch_datetime_operator_2 to 2026-06-12 00:00:00+00:00, run_after=2026-06-13 00:00:00+00:00
[2026-06-13T11:52:59.651+0000] {logging_mixin.py:188} INFO - [2026-06-13T11:52:59.651+0000] {dag.py:3954} INFO - Setting next_dagrun for example_branch_datetime_operator_3 to 2026-06-12 00:00:00+00:00, run_after=2026-06-13 00:00:00+00:00
[2026-06-13T11:52:59.677+0000] {processor.py:183} INFO - Processing /home/airflow/.local/lib/python3.12/site-packages/airflow/example_dags/example_branch_datetime_operator.py took 0.122 seconds
[2026-06-13T11:53:30.254+0000] {processor.py:161} INFO - Started process (PID=1732) to work on /home/airflow/.local/lib/python3.12/site-packages/airflow/example_dags/example_branch_datetime_operator.py
[2026-06-13T11:53:30.256+0000] {processor.py:830} INFO - Processing file /home/airflow/.local/lib/python3.12/site-packages/airflow/example_dags/example_branch_datetime_operator.py for tasks to queue
[2026-06-13T11:53:30.259+0000] {logging_mixin.py:188} INFO - [2026-06-13T11:53:30.258+0000] {dagbag.py:545} INFO - Filling up the DagBag from /home/airflow/.local/lib/python3.12/site-packages/airflow/example_dags/example_branch_datetime_operator.py
[2026-06-13T11:53:30.269+0000] {processor.py:840} INFO - DAG(s) 'example_branch_datetime_operator_3', 'example_branch_datetime_operator', 'example_branch_datetime_operator_2' retrieved from /home/airflow/.local/lib/python3.12/site-packages/airflow/example_dags/example_branch_datetime_operator.py
[2026-06-13T11:53:30.304+0000] {logging_mixin.py:188} INFO - [2026-06-13T11:53:30.304+0000] {dag.py:3096} INFO - Sync 3 DAGs
[2026-06-13T11:53:30.331+0000] {logging_mixin.py:188} INFO - [2026-06-13T11:53:30.331+0000] {dag.py:3954} INFO - Setting next_dagrun for example_branch_datetime_operator to 2026-06-12 00:00:00+00:00, run_after=2026-06-13 00:00:00+00:00
[2026-06-13T11:53:30.337+0000] {logging_mixin.py:188} INFO - [2026-06-13T11:53:30.337+0000] {dag.py:3954} INFO - Setting next_dagrun for example_branch_datetime_operator_2 to 2026-06-12 00:00:00+00:00, run_after=2026-06-13 00:00:00+00:00
[2026-06-13T11:53:30.341+0000] {logging_mixin.py:188} INFO - [2026-06-13T11:53:30.341+0000] {dag.py:3954} INFO - Setting next_dagrun for example_branch_datetime_operator_3 to 2026-06-12 00:00:00+00:00, run_after=2026-06-13 00:00:00+00:00
[2026-06-13T11:53:30.366+0000] {processor.py:183} INFO - Processing /home/airflow/.local/lib/python3.12/site-packages/airflow/example_dags/example_branch_datetime_operator.py took 0.118 seconds
[2026-06-13T11:54:00.742+0000] {processor.py:161} INFO - Started process (PID=1791) to work on /home/airflow/.local/lib/python3.12/site-packages/airflow/example_dags/example_branch_datetime_operator.py
[2026-06-13T11:54:00.744+0000] {processor.py:830} INFO - Processing file /home/airflow/.local/lib/python3.12/site-packages/airflow/example_dags/example_branch_datetime_operator.py for tasks to queue
[2026-06-13T11:54:00.747+0000] {logging_mixin.py:188} INFO - [2026-06-13T11:54:00.747+0000] {dagbag.py:545} INFO - Filling up the DagBag from /home/airflow/.local/lib/python3.12/site-packages/airflow/example_dags/example_branch_datetime_operator.py
[2026-06-13T11:54:00.759+0000] {processor.py:840} INFO - DAG(s) 'example_branch_datetime_operator', 'example_branch_datetime_operator_2', 'example_branch_datetime_operator_3' retrieved from /home/airflow/.local/lib/python3.12/site-packages/airflow/example_dags/example_branch_datetime_operator.py
[2026-06-13T11:54:00.796+0000] {logging_mixin.py:188} INFO - [2026-06-13T11:54:00.795+0000] {dag.py:3096} INFO - Sync 3 DAGs
[2026-06-13T11:54:00.821+0000] {logging_mixin.py:188} INFO - [2026-06-13T11:54:00.821+0000] {dag.py:3954} INFO - Setting next_dagrun for example_branch_datetime_operator to 2026-06-12 00:00:00+00:00, run_after=2026-06-13 00:00:00+00:00
[2026-06-13T11:54:00.827+0000] {logging_mixin.py:188} INFO - [2026-06-13T11:54:00.827+0000] {dag.py:3954} INFO - Setting next_dagrun for example_branch_datetime_operator_2 to 2026-06-12 00:00:00+00:00, run_after=2026-06-13 00:00:00+00:00
[2026-06-13T11:54:00.831+0000] {logging_mixin.py:188} INFO - [2026-06-13T11:54:00.831+0000] {dag.py:3954} INFO - Setting next_dagrun for example_branch_datetime_operator_3 to 2026-06-12 00:00:00+00:00, run_after=2026-06-13 00:00:00+00:00
[2026-06-13T11:54:00.853+0000] {processor.py:183} INFO - Processing /home/airflow/.local/lib/python3.12/site-packages/airflow/example_dags/example_branch_datetime_operator.py took 0.117 seconds
[2026-06-13T11:54:32.276+0000] {processor.py:161} INFO - Started process (PID=1850) to work on /home/airflow/.local/lib/python3.12/site-packages/airflow/example_dags/example_branch_datetime_operator.py
[2026-06-13T11:54:32.277+0000] {processor.py:830} INFO - Processing file /home/airflow/.local/lib/python3.12/site-packages/airflow/example_dags/example_branch_datetime_operator.py for tasks to queue
[2026-06-13T11:54:32.280+0000] {logging_mixin.py:188} INFO - [2026-06-13T11:54:32.280+0000] {dagbag.py:545} INFO - Filling up the DagBag from /home/airflow/.local/lib/python3.12/site-packages/airflow/example_dags/example_branch_datetime_operator.py
[2026-06-13T11:54:32.291+0000] {processor.py:840} INFO - DAG(s) 'example_branch_datetime_operator_2', 'example_branch_datetime_operator', 'example_branch_datetime_operator_3' retrieved from /home/airflow/.local/lib/python3.12/site-packages/airflow/example_dags/example_branch_datetime_operator.py
[2026-06-13T11:54:32.325+0000] {logging_mixin.py:188} INFO - [2026-06-13T11:54:32.325+0000] {dag.py:3096} INFO - Sync 3 DAGs
[2026-06-13T11:54:32.484+0000] {logging_mixin.py:188} INFO - [2026-06-13T11:54:32.484+0000] {dag.py:3954} INFO - Setting next_dagrun for example_branch_datetime_operator to 2026-06-12 00:00:00+00:00, run_after=2026-06-13 00:00:00+00:00
[2026-06-13T11:54:32.491+0000] {logging_mixin.py:188} INFO - [2026-06-13T11:54:32.491+0000] {dag.py:3954} INFO - Setting next_dagrun for example_branch_datetime_operator_2 to 2026-06-12 00:00:00+00:00, run_after=2026-06-13 00:00:00+00:00
[2026-06-13T11:54:32.495+0000] {logging_mixin.py:188} INFO - [2026-06-13T11:54:32.495+0000] {dag.py:3954} INFO - Setting next_dagrun for example_branch_datetime_operator_3 to 2026-06-12 00:00:00+00:00, run_after=2026-06-13 00:00:00+00:00
[2026-06-13T11:54:32.526+0000] {processor.py:183} INFO - Processing /home/airflow/.local/lib/python3.12/site-packages/airflow/example_dags/example_branch_datetime_operator.py took 0.256 seconds
[2026-06-13T11:55:03.179+0000] {processor.py:161} INFO - Started process (PID=1910) to work on /home/airflow/.local/lib/python3.12/site-packages/airflow/example_dags/example_branch_datetime_operator.py
[2026-06-13T11:55:03.180+0000] {processor.py:830} INFO - Processing file /home/airflow/.local/lib/python3.12/site-packages/airflow/example_dags/example_branch_datetime_operator.py for tasks to queue
[2026-06-13T11:55:03.183+0000] {logging_mixin.py:188} INFO - [2026-06-13T11:55:03.182+0000] {dagbag.py:545} INFO - Filling up the DagBag from /home/airflow/.local/lib/python3.12/site-packages/airflow/example_dags/example_branch_datetime_operator.py
[2026-06-13T11:55:03.195+0000] {processor.py:840} INFO - DAG(s) 'example_branch_datetime_operator', 'example_branch_datetime_operator_2', 'example_branch_datetime_operator_3' retrieved from /home/airflow/.local/lib/python3.12/site-packages/airflow/example_dags/example_branch_datetime_operator.py
[2026-06-13T11:55:03.229+0000] {logging_mixin.py:188} INFO - [2026-06-13T11:55:03.229+0000] {dag.py:3096} INFO - Sync 3 DAGs
[2026-06-13T11:55:03.253+0000] {logging_mixin.py:188} INFO - [2026-06-13T11:55:03.253+0000] {dag.py:3954} INFO - Setting next_dagrun for example_branch_datetime_operator to 2026-06-12 00:00:00+00:00, run_after=2026-06-13 00:00:00+00:00
[2026-06-13T11:55:03.260+0000] {logging_mixin.py:188} INFO - [2026-06-13T11:55:03.260+0000] {dag.py:3954} INFO - Setting next_dagrun for example_branch_datetime_operator_2 to 2026-06-12 00:00:00+00:00, run_after=2026-06-13 00:00:00+00:00
[2026-06-13T11:55:03.264+0000] {logging_mixin.py:188} INFO - [2026-06-13T11:55:03.263+0000] {dag.py:3954} INFO - Setting next_dagrun for example_branch_datetime_operator_3 to 2026-06-12 00:00:00+00:00, run_after=2026-06-13 00:00:00+00:00
[2026-06-13T11:55:03.432+0000] {processor.py:183} INFO - Processing /home/airflow/.local/lib/python3.12/site-packages/airflow/example_dags/example_branch_datetime_operator.py took 0.260 seconds
[2026-06-13T11:55:33.499+0000] {processor.py:161} INFO - Started process (PID=1969) to work on /home/airflow/.local/lib/python3.12/site-packages/airflow/example_dags/example_branch_datetime_operator.py
[2026-06-13T11:55:33.501+0000] {processor.py:830} INFO - Processing file /home/airflow/.local/lib/python3.12/site-packages/airflow/example_dags/example_branch_datetime_operator.py for tasks to queue
[2026-06-13T11:55:33.504+0000] {logging_mixin.py:188} INFO - [2026-06-13T11:55:33.503+0000] {dagbag.py:545} INFO - Filling up the DagBag from /home/airflow/.local/lib/python3.12/site-packages/airflow/example_dags/example_branch_datetime_operator.py
[2026-06-13T11:55:33.516+0000] {processor.py:840} INFO - DAG(s) 'example_branch_datetime_operator_2', 'example_branch_datetime_operator', 'example_branch_datetime_operator_3' retrieved from /home/airflow/.local/lib/python3.12/site-packages/airflow/example_dags/example_branch_datetime_operator.py
[2026-06-13T11:55:33.553+0000] {logging_mixin.py:188} INFO - [2026-06-13T11:55:33.552+0000] {dag.py:3096} INFO - Sync 3 DAGs
[2026-06-13T11:55:33.577+0000] {logging_mixin.py:188} INFO - [2026-06-13T11:55:33.576+0000] {dag.py:3954} INFO - Setting next_dagrun for example_branch_datetime_operator to 2026-06-12 00:00:00+00:00, run_after=2026-06-13 00:00:00+00:00
[2026-06-13T11:55:33.584+0000] {logging_mixin.py:188} INFO - [2026-06-13T11:55:33.584+0000] {dag.py:3954} INFO - Setting next_dagrun for example_branch_datetime_operator_2 to 2026-06-12 00:00:00+00:00, run_after=2026-06-13 00:00:00+00:00
[2026-06-13T11:55:33.589+0000] {logging_mixin.py:188} INFO - [2026-06-13T11:55:33.588+0000] {dag.py:3954} INFO - Setting next_dagrun for example_branch_datetime_operator_3 to 2026-06-12 00:00:00+00:00, run_after=2026-06-13 00:00:00+00:00
[2026-06-13T11:55:33.615+0000] {processor.py:183} INFO - Processing /home/airflow/.local/lib/python3.12/site-packages/airflow/example_dags/example_branch_datetime_operator.py took 0.125 seconds
[2026-06-13T11:57:49.652+0000] {processor.py:161} INFO - Started process (PID=2028) to work on /home/airflow/.local/lib/python3.12/site-packages/airflow/example_dags/example_branch_datetime_operator.py
[2026-06-13T11:57:49.653+0000] {processor.py:830} INFO - Processing file /home/airflow/.local/lib/python3.12/site-packages/airflow/example_dags/example_branch_datetime_operator.py for tasks to queue
[2026-06-13T11:57:49.656+0000] {logging_mixin.py:188} INFO - [2026-06-13T11:57:49.656+0000] {dagbag.py:545} INFO - Filling up the DagBag from /home/airflow/.local/lib/python3.12/site-packages/airflow/example_dags/example_branch_datetime_operator.py
[2026-06-13T11:57:49.669+0000] {processor.py:840} INFO - DAG(s) 'example_branch_datetime_operator_3', 'example_branch_datetime_operator', 'example_branch_datetime_operator_2' retrieved from /home/airflow/.local/lib/python3.12/site-packages/airflow/example_dags/example_branch_datetime_operator.py
[2026-06-13T11:57:49.704+0000] {logging_mixin.py:188} INFO - [2026-06-13T11:57:49.704+0000] {dag.py:3096} INFO - Sync 3 DAGs
[2026-06-13T11:57:49.733+0000] {logging_mixin.py:188} INFO - [2026-06-13T11:57:49.732+0000] {dag.py:3954} INFO - Setting next_dagrun for example_branch_datetime_operator to 2026-06-12 00:00:00+00:00, run_after=2026-06-13 00:00:00+00:00
[2026-06-13T11:57:49.740+0000] {logging_mixin.py:188} INFO - [2026-06-13T11:57:49.739+0000] {dag.py:3954} INFO - Setting next_dagrun for example_branch_datetime_operator_2 to 2026-06-12 00:00:00+00:00, run_after=2026-06-13 00:00:00+00:00
[2026-06-13T11:57:49.743+0000] {logging_mixin.py:188} INFO - [2026-06-13T11:57:49.743+0000] {dag.py:3954} INFO - Setting next_dagrun for example_branch_datetime_operator_3 to 2026-06-12 00:00:00+00:00, run_after=2026-06-13 00:00:00+00:00
[2026-06-13T11:57:49.770+0000] {processor.py:183} INFO - Processing /home/airflow/.local/lib/python3.12/site-packages/airflow/example_dags/example_branch_datetime_operator.py took 0.125 seconds
[2026-06-13T11:58:20.045+0000] {processor.py:161} INFO - Started process (PID=2095) to work on /home/airflow/.local/lib/python3.12/site-packages/airflow/example_dags/example_branch_datetime_operator.py
[2026-06-13T11:58:20.047+0000] {processor.py:830} INFO - Processing file /home/airflow/.local/lib/python3.12/site-packages/airflow/example_dags/example_branch_datetime_operator.py for tasks to queue
[2026-06-13T11:58:20.050+0000] {logging_mixin.py:188} INFO - [2026-06-13T11:58:20.050+0000] {dagbag.py:545} INFO - Filling up the DagBag from /home/airflow/.local/lib/python3.12/site-packages/airflow/example_dags/example_branch_datetime_operator.py
[2026-06-13T11:58:20.061+0000] {processor.py:840} INFO - DAG(s) 'example_branch_datetime_operator_2', 'example_branch_datetime_operator', 'example_branch_datetime_operator_3' retrieved from /home/airflow/.local/lib/python3.12/site-packages/airflow/example_dags/example_branch_datetime_operator.py
[2026-06-13T11:58:20.095+0000] {logging_mixin.py:188} INFO - [2026-06-13T11:58:20.095+0000] {dag.py:3096} INFO - Sync 3 DAGs
[2026-06-13T11:58:20.124+0000] {logging_mixin.py:188} INFO - [2026-06-13T11:58:20.123+0000] {dag.py:3954} INFO - Setting next_dagrun for example_branch_datetime_operator to 2026-06-12 00:00:00+00:00, run_after=2026-06-13 00:00:00+00:00
[2026-06-13T11:58:20.130+0000] {logging_mixin.py:188} INFO - [2026-06-13T11:58:20.130+0000] {dag.py:3954} INFO - Setting next_dagrun for example_branch_datetime_operator_2 to 2026-06-12 00:00:00+00:00, run_after=2026-06-13 00:00:00+00:00
[2026-06-13T11:58:20.134+0000] {logging_mixin.py:188} INFO - [2026-06-13T11:58:20.134+0000] {dag.py:3954} INFO - Setting next_dagrun for example_branch_datetime_operator_3 to 2026-06-12 00:00:00+00:00, run_after=2026-06-13 00:00:00+00:00
[2026-06-13T11:58:20.163+0000] {processor.py:183} INFO - Processing /home/airflow/.local/lib/python3.12/site-packages/airflow/example_dags/example_branch_datetime_operator.py took 0.125 seconds
[2026-06-13T11:58:50.800+0000] {processor.py:161} INFO - Started process (PID=2155) to work on /home/airflow/.local/lib/python3.12/site-packages/airflow/example_dags/example_branch_datetime_operator.py
[2026-06-13T11:58:50.802+0000] {processor.py:830} INFO - Processing file /home/airflow/.local/lib/python3.12/site-packages/airflow/example_dags/example_branch_datetime_operator.py for tasks to queue
[2026-06-13T11:58:50.805+0000] {logging_mixin.py:188} INFO - [2026-06-13T11:58:50.804+0000] {dagbag.py:545} INFO - Filling up the DagBag from /home/airflow/.local/lib/python3.12/site-packages/airflow/example_dags/example_branch_datetime_operator.py
[2026-06-13T11:58:50.816+0000] {processor.py:840} INFO - DAG(s) 'example_branch_datetime_operator_2', 'example_branch_datetime_operator', 'example_branch_datetime_operator_3' retrieved from /home/airflow/.local/lib/python3.12/site-packages/airflow/example_dags/example_branch_datetime_operator.py
[2026-06-13T11:58:50.853+0000] {logging_mixin.py:188} INFO - [2026-06-13T11:58:50.852+0000] {dag.py:3096} INFO - Sync 3 DAGs
[2026-06-13T11:58:50.878+0000] {logging_mixin.py:188} INFO - [2026-06-13T11:58:50.878+0000] {dag.py:3954} INFO - Setting next_dagrun for example_branch_datetime_operator to 2026-06-12 00:00:00+00:00, run_after=2026-06-13 00:00:00+00:00
[2026-06-13T11:58:50.884+0000] {logging_mixin.py:188} INFO - [2026-06-13T11:58:50.883+0000] {dag.py:3954} INFO - Setting next_dagrun for example_branch_datetime_operator_2 to 2026-06-12 00:00:00+00:00, run_after=2026-06-13 00:00:00+00:00
[2026-06-13T11:58:50.888+0000] {logging_mixin.py:188} INFO - [2026-06-13T11:58:50.888+0000] {dag.py:3954} INFO - Setting next_dagrun for example_branch_datetime_operator_3 to 2026-06-12 00:00:00+00:00, run_after=2026-06-13 00:00:00+00:00
[2026-06-13T11:58:50.915+0000] {processor.py:183} INFO - Processing /home/airflow/.local/lib/python3.12/site-packages/airflow/example_dags/example_branch_datetime_operator.py took 0.122 seconds
[2026-06-13T11:59:21.523+0000] {processor.py:161} INFO - Started process (PID=2253) to work on /home/airflow/.local/lib/python3.12/site-packages/airflow/example_dags/example_branch_datetime_operator.py
[2026-06-13T11:59:21.524+0000] {processor.py:830} INFO - Processing file /home/airflow/.local/lib/python3.12/site-packages/airflow/example_dags/example_branch_datetime_operator.py for tasks to queue
[2026-06-13T11:59:21.527+0000] {logging_mixin.py:188} INFO - [2026-06-13T11:59:21.527+0000] {dagbag.py:545} INFO - Filling up the DagBag from /home/airflow/.local/lib/python3.12/site-packages/airflow/example_dags/example_branch_datetime_operator.py
[2026-06-13T11:59:21.538+0000] {processor.py:840} INFO - DAG(s) 'example_branch_datetime_operator_2', 'example_branch_datetime_operator', 'example_branch_datetime_operator_3' retrieved from /home/airflow/.local/lib/python3.12/site-packages/airflow/example_dags/example_branch_datetime_operator.py
[2026-06-13T11:59:21.574+0000] {logging_mixin.py:188} INFO - [2026-06-13T11:59:21.574+0000] {dag.py:3096} INFO - Sync 3 DAGs
[2026-06-13T11:59:21.601+0000] {logging_mixin.py:188} INFO - [2026-06-13T11:59:21.600+0000] {dag.py:3954} INFO - Setting next_dagrun for example_branch_datetime_operator to 2026-06-12 00:00:00+00:00, run_after=2026-06-13 00:00:00+00:00
[2026-06-13T11:59:21.607+0000] {logging_mixin.py:188} INFO - [2026-06-13T11:59:21.606+0000] {dag.py:3954} INFO - Setting next_dagrun for example_branch_datetime_operator_2 to 2026-06-12 00:00:00+00:00, run_after=2026-06-13 00:00:00+00:00
[2026-06-13T11:59:21.610+0000] {logging_mixin.py:188} INFO - [2026-06-13T11:59:21.610+0000] {dag.py:3954} INFO - Setting next_dagrun for example_branch_datetime_operator_3 to 2026-06-12 00:00:00+00:00, run_after=2026-06-13 00:00:00+00:00
[2026-06-13T11:59:21.638+0000] {processor.py:183} INFO - Processing /home/airflow/.local/lib/python3.12/site-packages/airflow/example_dags/example_branch_datetime_operator.py took 0.126 seconds
[2026-06-13T11:59:51.807+0000] {processor.py:161} INFO - Started process (PID=2312) to work on /home/airflow/.local/lib/python3.12/site-packages/airflow/example_dags/example_branch_datetime_operator.py
[2026-06-13T11:59:51.809+0000] {processor.py:830} INFO - Processing file /home/airflow/.local/lib/python3.12/site-packages/airflow/example_dags/example_branch_datetime_operator.py for tasks to queue
[2026-06-13T11:59:51.812+0000] {logging_mixin.py:188} INFO - [2026-06-13T11:59:51.811+0000] {dagbag.py:545} INFO - Filling up the DagBag from /home/airflow/.local/lib/python3.12/site-packages/airflow/example_dags/example_branch_datetime_operator.py
[2026-06-13T11:59:51.823+0000] {processor.py:840} INFO - DAG(s) 'example_branch_datetime_operator', 'example_branch_datetime_operator_2', 'example_branch_datetime_operator_3' retrieved from /home/airflow/.local/lib/python3.12/site-packages/airflow/example_dags/example_branch_datetime_operator.py
[2026-06-13T11:59:51.859+0000] {logging_mixin.py:188} INFO - [2026-06-13T11:59:51.859+0000] {dag.py:3096} INFO - Sync 3 DAGs
[2026-06-13T11:59:51.886+0000] {logging_mixin.py:188} INFO - [2026-06-13T11:59:51.886+0000] {dag.py:3954} INFO - Setting next_dagrun for example_branch_datetime_operator to 2026-06-12 00:00:00+00:00, run_after=2026-06-13 00:00:00+00:00
[2026-06-13T11:59:51.893+0000] {logging_mixin.py:188} INFO - [2026-06-13T11:59:51.893+0000] {dag.py:3954} INFO - Setting next_dagrun for example_branch_datetime_operator_2 to 2026-06-12 00:00:00+00:00, run_after=2026-06-13 00:00:00+00:00
[2026-06-13T11:59:51.896+0000] {logging_mixin.py:188} INFO - [2026-06-13T11:59:51.896+0000] {dag.py:3954} INFO - Setting next_dagrun for example_branch_datetime_operator_3 to 2026-06-12 00:00:00+00:00, run_after=2026-06-13 00:00:00+00:00
[2026-06-13T11:59:51.921+0000] {processor.py:183} INFO - Processing /home/airflow/.local/lib/python3.12/site-packages/airflow/example_dags/example_branch_datetime_operator.py took 0.124 seconds
[2026-06-13T12:00:22.346+0000] {processor.py:161} INFO - Started process (PID=2371) to work on /home/airflow/.local/lib/python3.12/site-packages/airflow/example_dags/example_branch_datetime_operator.py
[2026-06-13T12:00:22.348+0000] {processor.py:830} INFO - Processing file /home/airflow/.local/lib/python3.12/site-packages/airflow/example_dags/example_branch_datetime_operator.py for tasks to queue
[2026-06-13T12:00:22.350+0000] {logging_mixin.py:188} INFO - [2026-06-13T12:00:22.350+0000] {dagbag.py:545} INFO - Filling up the DagBag from /home/airflow/.local/lib/python3.12/site-packages/airflow/example_dags/example_branch_datetime_operator.py
[2026-06-13T12:00:22.363+0000] {processor.py:840} INFO - DAG(s) 'example_branch_datetime_operator', 'example_branch_datetime_operator_3', 'example_branch_datetime_operator_2' retrieved from /home/airflow/.local/lib/python3.12/site-packages/airflow/example_dags/example_branch_datetime_operator.py
[2026-06-13T12:00:22.404+0000] {logging_mixin.py:188} INFO - [2026-06-13T12:00:22.404+0000] {dag.py:3096} INFO - Sync 3 DAGs
[2026-06-13T12:00:22.433+0000] {logging_mixin.py:188} INFO - [2026-06-13T12:00:22.432+0000] {dag.py:3954} INFO - Setting next_dagrun for example_branch_datetime_operator to 2026-06-12 00:00:00+00:00, run_after=2026-06-13 00:00:00+00:00
[2026-06-13T12:00:22.439+0000] {logging_mixin.py:188} INFO - [2026-06-13T12:00:22.439+0000] {dag.py:3954} INFO - Setting next_dagrun for example_branch_datetime_operator_2 to 2026-06-12 00:00:00+00:00, run_after=2026-06-13 00:00:00+00:00
[2026-06-13T12:00:22.443+0000] {logging_mixin.py:188} INFO - [2026-06-13T12:00:22.443+0000] {dag.py:3954} INFO - Setting next_dagrun for example_branch_datetime_operator_3 to 2026-06-12 00:00:00+00:00, run_after=2026-06-13 00:00:00+00:00
[2026-06-13T12:00:22.471+0000] {processor.py:183} INFO - Processing /home/airflow/.local/lib/python3.12/site-packages/airflow/example_dags/example_branch_datetime_operator.py took 0.136 seconds
[2026-06-13T12:00:52.765+0000] {processor.py:161} INFO - Started process (PID=2448) to work on /home/airflow/.local/lib/python3.12/site-packages/airflow/example_dags/example_branch_datetime_operator.py
[2026-06-13T12:00:52.766+0000] {processor.py:830} INFO - Processing file /home/airflow/.local/lib/python3.12/site-packages/airflow/example_dags/example_branch_datetime_operator.py for tasks to queue
[2026-06-13T12:00:52.769+0000] {logging_mixin.py:188} INFO - [2026-06-13T12:00:52.769+0000] {dagbag.py:545} INFO - Filling up the DagBag from /home/airflow/.local/lib/python3.12/site-packages/airflow/example_dags/example_branch_datetime_operator.py
[2026-06-13T12:00:52.780+0000] {processor.py:840} INFO - DAG(s) 'example_branch_datetime_operator_2', 'example_branch_datetime_operator_3', 'example_branch_datetime_operator' retrieved from /home/airflow/.local/lib/python3.12/site-packages/airflow/example_dags/example_branch_datetime_operator.py
[2026-06-13T12:00:52.815+0000] {logging_mixin.py:188} INFO - [2026-06-13T12:00:52.815+0000] {dag.py:3096} INFO - Sync 3 DAGs
[2026-06-13T12:00:52.841+0000] {logging_mixin.py:188} INFO - [2026-06-13T12:00:52.841+0000] {dag.py:3954} INFO - Setting next_dagrun for example_branch_datetime_operator to 2026-06-12 00:00:00+00:00, run_after=2026-06-13 00:00:00+00:00
[2026-06-13T12:00:52.848+0000] {logging_mixin.py:188} INFO - [2026-06-13T12:00:52.847+0000] {dag.py:3954} INFO - Setting next_dagrun for example_branch_datetime_operator_2 to 2026-06-12 00:00:00+00:00, run_after=2026-06-13 00:00:00+00:00
[2026-06-13T12:00:52.851+0000] {logging_mixin.py:188} INFO - [2026-06-13T12:00:52.851+0000] {dag.py:3954} INFO - Setting next_dagrun for example_branch_datetime_operator_3 to 2026-06-12 00:00:00+00:00, run_after=2026-06-13 00:00:00+00:00
[2026-06-13T12:00:52.876+0000] {processor.py:183} INFO - Processing /home/airflow/.local/lib/python3.12/site-packages/airflow/example_dags/example_branch_datetime_operator.py took 0.122 seconds
[2026-06-13T12:01:24.051+0000] {processor.py:161} INFO - Started process (PID=2507) to work on /home/airflow/.local/lib/python3.12/site-packages/airflow/example_dags/example_branch_datetime_operator.py
[2026-06-13T12:01:24.053+0000] {processor.py:830} INFO - Processing file /home/airflow/.local/lib/python3.12/site-packages/airflow/example_dags/example_branch_datetime_operator.py for tasks to queue
[2026-06-13T12:01:24.056+0000] {logging_mixin.py:188} INFO - [2026-06-13T12:01:24.056+0000] {dagbag.py:545} INFO - Filling up the DagBag from /home/airflow/.local/lib/python3.12/site-packages/airflow/example_dags/example_branch_datetime_operator.py
[2026-06-13T12:01:24.067+0000] {processor.py:840} INFO - DAG(s) 'example_branch_datetime_operator_2', 'example_branch_datetime_operator_3', 'example_branch_datetime_operator' retrieved from /home/airflow/.local/lib/python3.12/site-packages/airflow/example_dags/example_branch_datetime_operator.py
[2026-06-13T12:01:24.104+0000] {logging_mixin.py:188} INFO - [2026-06-13T12:01:24.104+0000] {dag.py:3096} INFO - Sync 3 DAGs
[2026-06-13T12:01:24.133+0000] {logging_mixin.py:188} INFO - [2026-06-13T12:01:24.133+0000] {dag.py:3954} INFO - Setting next_dagrun for example_branch_datetime_operator to 2026-06-12 00:00:00+00:00, run_after=2026-06-13 00:00:00+00:00
[2026-06-13T12:01:24.141+0000] {logging_mixin.py:188} INFO - [2026-06-13T12:01:24.141+0000] {dag.py:3954} INFO - Setting next_dagrun for example_branch_datetime_operator_2 to 2026-06-12 00:00:00+00:00, run_after=2026-06-13 00:00:00+00:00
[2026-06-13T12:01:24.144+0000] {logging_mixin.py:188} INFO - [2026-06-13T12:01:24.144+0000] {dag.py:3954} INFO - Setting next_dagrun for example_branch_datetime_operator_3 to 2026-06-12 00:00:00+00:00, run_after=2026-06-13 00:00:00+00:00
[2026-06-13T12:01:24.171+0000] {processor.py:183} INFO - Processing /home/airflow/.local/lib/python3.12/site-packages/airflow/example_dags/example_branch_datetime_operator.py took 0.130 seconds
[2026-06-13T12:01:54.320+0000] {processor.py:161} INFO - Started process (PID=2566) to work on /home/airflow/.local/lib/python3.12/site-packages/airflow/example_dags/example_branch_datetime_operator.py
[2026-06-13T12:01:54.321+0000] {processor.py:830} INFO - Processing file /home/airflow/.local/lib/python3.12/site-packages/airflow/example_dags/example_branch_datetime_operator.py for tasks to queue
[2026-06-13T12:01:54.324+0000] {logging_mixin.py:188} INFO - [2026-06-13T12:01:54.324+0000] {dagbag.py:545} INFO - Filling up the DagBag from /home/airflow/.local/lib/python3.12/site-packages/airflow/example_dags/example_branch_datetime_operator.py
[2026-06-13T12:01:54.335+0000] {processor.py:840} INFO - DAG(s) 'example_branch_datetime_operator', 'example_branch_datetime_operator_2', 'example_branch_datetime_operator_3' retrieved from /home/airflow/.local/lib/python3.12/site-packages/airflow/example_dags/example_branch_datetime_operator.py
[2026-06-13T12:01:54.372+0000] {logging_mixin.py:188} INFO - [2026-06-13T12:01:54.371+0000] {dag.py:3096} INFO - Sync 3 DAGs
[2026-06-13T12:01:54.399+0000] {logging_mixin.py:188} INFO - [2026-06-13T12:01:54.399+0000] {dag.py:3954} INFO - Setting next_dagrun for example_branch_datetime_operator to 2026-06-12 00:00:00+00:00, run_after=2026-06-13 00:00:00+00:00
[2026-06-13T12:01:54.405+0000] {logging_mixin.py:188} INFO - [2026-06-13T12:01:54.405+0000] {dag.py:3954} INFO - Setting next_dagrun for example_branch_datetime_operator_2 to 2026-06-12 00:00:00+00:00, run_after=2026-06-13 00:00:00+00:00
[2026-06-13T12:01:54.408+0000] {logging_mixin.py:188} INFO - [2026-06-13T12:01:54.408+0000] {dag.py:3954} INFO - Setting next_dagrun for example_branch_datetime_operator_3 to 2026-06-12 00:00:00+00:00, run_after=2026-06-13 00:00:00+00:00
[2026-06-13T12:01:54.433+0000] {processor.py:183} INFO - Processing /home/airflow/.local/lib/python3.12/site-packages/airflow/example_dags/example_branch_datetime_operator.py took 0.123 seconds
[2026-06-13T12:02:24.896+0000] {processor.py:161} INFO - Started process (PID=2633) to work on /home/airflow/.local/lib/python3.12/site-packages/airflow/example_dags/example_branch_datetime_operator.py
[2026-06-13T12:02:24.898+0000] {processor.py:830} INFO - Processing file /home/airflow/.local/lib/python3.12/site-packages/airflow/example_dags/example_branch_datetime_operator.py for tasks to queue
[2026-06-13T12:02:24.902+0000] {logging_mixin.py:188} INFO - [2026-06-13T12:02:24.901+0000] {dagbag.py:545} INFO - Filling up the DagBag from /home/airflow/.local/lib/python3.12/site-packages/airflow/example_dags/example_branch_datetime_operator.py
[2026-06-13T12:02:24.917+0000] {processor.py:840} INFO - DAG(s) 'example_branch_datetime_operator_2', 'example_branch_datetime_operator_3', 'example_branch_datetime_operator' retrieved from /home/airflow/.local/lib/python3.12/site-packages/airflow/example_dags/example_branch_datetime_operator.py
[2026-06-13T12:02:24.960+0000] {logging_mixin.py:188} INFO - [2026-06-13T12:02:24.960+0000] {dag.py:3096} INFO - Sync 3 DAGs
[2026-06-13T12:02:24.993+0000] {logging_mixin.py:188} INFO - [2026-06-13T12:02:24.993+0000] {dag.py:3954} INFO - Setting next_dagrun for example_branch_datetime_operator to 2026-06-12 00:00:00+00:00, run_after=2026-06-13 00:00:00+00:00
[2026-06-13T12:02:25.002+0000] {logging_mixin.py:188} INFO - [2026-06-13T12:02:25.001+0000] {dag.py:3954} INFO - Setting next_dagrun for example_branch_datetime_operator_2 to 2026-06-12 00:00:00+00:00, run_after=2026-06-13 00:00:00+00:00
[2026-06-13T12:02:25.006+0000] {logging_mixin.py:188} INFO - [2026-06-13T12:02:25.006+0000] {dag.py:3954} INFO - Setting next_dagrun for example_branch_datetime_operator_3 to 2026-06-12 00:00:00+00:00, run_after=2026-06-13 00:00:00+00:00
[2026-06-13T12:02:25.031+0000] {processor.py:183} INFO - Processing /home/airflow/.local/lib/python3.12/site-packages/airflow/example_dags/example_branch_datetime_operator.py took 0.145 seconds
[2026-06-13T12:02:55.282+0000] {processor.py:161} INFO - Started process (PID=2748) to work on /home/airflow/.local/lib/python3.12/site-packages/airflow/example_dags/example_branch_datetime_operator.py
[2026-06-13T12:02:55.284+0000] {processor.py:830} INFO - Processing file /home/airflow/.local/lib/python3.12/site-packages/airflow/example_dags/example_branch_datetime_operator.py for tasks to queue
[2026-06-13T12:02:55.287+0000] {logging_mixin.py:188} INFO - [2026-06-13T12:02:55.287+0000] {dagbag.py:545} INFO - Filling up the DagBag from /home/airflow/.local/lib/python3.12/site-packages/airflow/example_dags/example_branch_datetime_operator.py
[2026-06-13T12:02:55.297+0000] {processor.py:840} INFO - DAG(s) 'example_branch_datetime_operator', 'example_branch_datetime_operator_3', 'example_branch_datetime_operator_2' retrieved from /home/airflow/.local/lib/python3.12/site-packages/airflow/example_dags/example_branch_datetime_operator.py
[2026-06-13T12:02:55.333+0000] {logging_mixin.py:188} INFO - [2026-06-13T12:02:55.333+0000] {dag.py:3096} INFO - Sync 3 DAGs
[2026-06-13T12:02:55.362+0000] {logging_mixin.py:188} INFO - [2026-06-13T12:02:55.362+0000] {dag.py:3954} INFO - Setting next_dagrun for example_branch_datetime_operator to 2026-06-12 00:00:00+00:00, run_after=2026-06-13 00:00:00+00:00
[2026-06-13T12:02:55.368+0000] {logging_mixin.py:188} INFO - [2026-06-13T12:02:55.368+0000] {dag.py:3954} INFO - Setting next_dagrun for example_branch_datetime_operator_2 to 2026-06-12 00:00:00+00:00, run_after=2026-06-13 00:00:00+00:00
[2026-06-13T12:02:55.372+0000] {logging_mixin.py:188} INFO - [2026-06-13T12:02:55.371+0000] {dag.py:3954} INFO - Setting next_dagrun for example_branch_datetime_operator_3 to 2026-06-12 00:00:00+00:00, run_after=2026-06-13 00:00:00+00:00
[2026-06-13T12:02:55.399+0000] {processor.py:183} INFO - Processing /home/airflow/.local/lib/python3.12/site-packages/airflow/example_dags/example_branch_datetime_operator.py took 0.127 seconds
[2026-06-13T12:03:25.679+0000] {processor.py:161} INFO - Started process (PID=2807) to work on /home/airflow/.local/lib/python3.12/site-packages/airflow/example_dags/example_branch_datetime_operator.py
[2026-06-13T12:03:25.681+0000] {processor.py:830} INFO - Processing file /home/airflow/.local/lib/python3.12/site-packages/airflow/example_dags/example_branch_datetime_operator.py for tasks to queue
[2026-06-13T12:03:25.684+0000] {logging_mixin.py:188} INFO - [2026-06-13T12:03:25.684+0000] {dagbag.py:545} INFO - Filling up the DagBag from /home/airflow/.local/lib/python3.12/site-packages/airflow/example_dags/example_branch_datetime_operator.py
[2026-06-13T12:03:25.696+0000] {processor.py:840} INFO - DAG(s) 'example_branch_datetime_operator_2', 'example_branch_datetime_operator_3', 'example_branch_datetime_operator' retrieved from /home/airflow/.local/lib/python3.12/site-packages/airflow/example_dags/example_branch_datetime_operator.py
[2026-06-13T12:03:25.732+0000] {logging_mixin.py:188} INFO - [2026-06-13T12:03:25.732+0000] {dag.py:3096} INFO - Sync 3 DAGs
[2026-06-13T12:03:25.763+0000] {logging_mixin.py:188} INFO - [2026-06-13T12:03:25.762+0000] {dag.py:3954} INFO - Setting next_dagrun for example_branch_datetime_operator to 2026-06-12 00:00:00+00:00, run_after=2026-06-13 00:00:00+00:00
[2026-06-13T12:03:25.769+0000] {logging_mixin.py:188} INFO - [2026-06-13T12:03:25.769+0000] {dag.py:3954} INFO - Setting next_dagrun for example_branch_datetime_operator_2 to 2026-06-12 00:00:00+00:00, run_after=2026-06-13 00:00:00+00:00
[2026-06-13T12:03:25.773+0000] {logging_mixin.py:188} INFO - [2026-06-13T12:03:25.772+0000] {dag.py:3954} INFO - Setting next_dagrun for example_branch_datetime_operator_3 to 2026-06-12 00:00:00+00:00, run_after=2026-06-13 00:00:00+00:00
[2026-06-13T12:03:25.797+0000] {processor.py:183} INFO - Processing /home/airflow/.local/lib/python3.12/site-packages/airflow/example_dags/example_branch_datetime_operator.py took 0.127 seconds
[2026-06-13T12:03:56.414+0000] {processor.py:161} INFO - Started process (PID=2866) to work on /home/airflow/.local/lib/python3.12/site-packages/airflow/example_dags/example_branch_datetime_operator.py
[2026-06-13T12:03:56.416+0000] {processor.py:830} INFO - Processing file /home/airflow/.local/lib/python3.12/site-packages/airflow/example_dags/example_branch_datetime_operator.py for tasks to queue
[2026-06-13T12:03:56.419+0000] {logging_mixin.py:188} INFO - [2026-06-13T12:03:56.418+0000] {dagbag.py:545} INFO - Filling up the DagBag from /home/airflow/.local/lib/python3.12/site-packages/airflow/example_dags/example_branch_datetime_operator.py
[2026-06-13T12:03:56.430+0000] {processor.py:840} INFO - DAG(s) 'example_branch_datetime_operator', 'example_branch_datetime_operator_2', 'example_branch_datetime_operator_3' retrieved from /home/airflow/.local/lib/python3.12/site-packages/airflow/example_dags/example_branch_datetime_operator.py
[2026-06-13T12:03:56.470+0000] {logging_mixin.py:188} INFO - [2026-06-13T12:03:56.469+0000] {dag.py:3096} INFO - Sync 3 DAGs
[2026-06-13T12:03:56.500+0000] {logging_mixin.py:188} INFO - [2026-06-13T12:03:56.500+0000] {dag.py:3954} INFO - Setting next_dagrun for example_branch_datetime_operator to 2026-06-12 00:00:00+00:00, run_after=2026-06-13 00:00:00+00:00
[2026-06-13T12:03:56.507+0000] {logging_mixin.py:188} INFO - [2026-06-13T12:03:56.507+0000] {dag.py:3954} INFO - Setting next_dagrun for example_branch_datetime_operator_2 to 2026-06-12 00:00:00+00:00, run_after=2026-06-13 00:00:00+00:00
[2026-06-13T12:03:56.511+0000] {logging_mixin.py:188} INFO - [2026-06-13T12:03:56.511+0000] {dag.py:3954} INFO - Setting next_dagrun for example_branch_datetime_operator_3 to 2026-06-12 00:00:00+00:00, run_after=2026-06-13 00:00:00+00:00
[2026-06-13T12:03:56.539+0000] {processor.py:183} INFO - Processing /home/airflow/.local/lib/python3.12/site-packages/airflow/example_dags/example_branch_datetime_operator.py took 0.135 seconds
[2026-06-13T12:04:26.961+0000] {processor.py:161} INFO - Started process (PID=2940) to work on /home/airflow/.local/lib/python3.12/site-packages/airflow/example_dags/example_branch_datetime_operator.py
[2026-06-13T12:04:26.963+0000] {processor.py:830} INFO - Processing file /home/airflow/.local/lib/python3.12/site-packages/airflow/example_dags/example_branch_datetime_operator.py for tasks to queue
[2026-06-13T12:04:26.966+0000] {logging_mixin.py:188} INFO - [2026-06-13T12:04:26.966+0000] {dagbag.py:545} INFO - Filling up the DagBag from /home/airflow/.local/lib/python3.12/site-packages/airflow/example_dags/example_branch_datetime_operator.py
[2026-06-13T12:04:26.977+0000] {processor.py:840} INFO - DAG(s) 'example_branch_datetime_operator', 'example_branch_datetime_operator_2', 'example_branch_datetime_operator_3' retrieved from /home/airflow/.local/lib/python3.12/site-packages/airflow/example_dags/example_branch_datetime_operator.py
[2026-06-13T12:04:27.013+0000] {logging_mixin.py:188} INFO - [2026-06-13T12:04:27.013+0000] {dag.py:3096} INFO - Sync 3 DAGs
[2026-06-13T12:04:27.041+0000] {logging_mixin.py:188} INFO - [2026-06-13T12:04:27.041+0000] {dag.py:3954} INFO - Setting next_dagrun for example_branch_datetime_operator to 2026-06-12 00:00:00+00:00, run_after=2026-06-13 00:00:00+00:00
[2026-06-13T12:04:27.047+0000] {logging_mixin.py:188} INFO - [2026-06-13T12:04:27.047+0000] {dag.py:3954} INFO - Setting next_dagrun for example_branch_datetime_operator_2 to 2026-06-12 00:00:00+00:00, run_after=2026-06-13 00:00:00+00:00
[2026-06-13T12:04:27.051+0000] {logging_mixin.py:188} INFO - [2026-06-13T12:04:27.051+0000] {dag.py:3954} INFO - Setting next_dagrun for example_branch_datetime_operator_3 to 2026-06-12 00:00:00+00:00, run_after=2026-06-13 00:00:00+00:00
[2026-06-13T12:04:27.073+0000] {processor.py:183} INFO - Processing /home/airflow/.local/lib/python3.12/site-packages/airflow/example_dags/example_branch_datetime_operator.py took 0.122 seconds
[2026-06-13T12:04:57.500+0000] {processor.py:161} INFO - Started process (PID=2999) to work on /home/airflow/.local/lib/python3.12/site-packages/airflow/example_dags/example_branch_datetime_operator.py
[2026-06-13T12:04:57.501+0000] {processor.py:830} INFO - Processing file /home/airflow/.local/lib/python3.12/site-packages/airflow/example_dags/example_branch_datetime_operator.py for tasks to queue
[2026-06-13T12:04:57.504+0000] {logging_mixin.py:188} INFO - [2026-06-13T12:04:57.504+0000] {dagbag.py:545} INFO - Filling up the DagBag from /home/airflow/.local/lib/python3.12/site-packages/airflow/example_dags/example_branch_datetime_operator.py
[2026-06-13T12:04:57.516+0000] {processor.py:840} INFO - DAG(s) 'example_branch_datetime_operator_2', 'example_branch_datetime_operator_3', 'example_branch_datetime_operator' retrieved from /home/airflow/.local/lib/python3.12/site-packages/airflow/example_dags/example_branch_datetime_operator.py
[2026-06-13T12:04:57.549+0000] {logging_mixin.py:188} INFO - [2026-06-13T12:04:57.549+0000] {dag.py:3096} INFO - Sync 3 DAGs
[2026-06-13T12:04:57.576+0000] {logging_mixin.py:188} INFO - [2026-06-13T12:04:57.576+0000] {dag.py:3954} INFO - Setting next_dagrun for example_branch_datetime_operator to 2026-06-12 00:00:00+00:00, run_after=2026-06-13 00:00:00+00:00
[2026-06-13T12:04:57.583+0000] {logging_mixin.py:188} INFO - [2026-06-13T12:04:57.583+0000] {dag.py:3954} INFO - Setting next_dagrun for example_branch_datetime_operator_2 to 2026-06-12 00:00:00+00:00, run_after=2026-06-13 00:00:00+00:00
[2026-06-13T12:04:57.586+0000] {logging_mixin.py:188} INFO - [2026-06-13T12:04:57.586+0000] {dag.py:3954} INFO - Setting next_dagrun for example_branch_datetime_operator_3 to 2026-06-12 00:00:00+00:00, run_after=2026-06-13 00:00:00+00:00
[2026-06-13T12:04:57.609+0000] {processor.py:183} INFO - Processing /home/airflow/.local/lib/python3.12/site-packages/airflow/example_dags/example_branch_datetime_operator.py took 0.119 seconds
[2026-06-13T12:05:27.715+0000] {processor.py:161} INFO - Started process (PID=3058) to work on /home/airflow/.local/lib/python3.12/site-packages/airflow/example_dags/example_branch_datetime_operator.py
[2026-06-13T12:05:27.717+0000] {processor.py:830} INFO - Processing file /home/airflow/.local/lib/python3.12/site-packages/airflow/example_dags/example_branch_datetime_operator.py for tasks to queue
[2026-06-13T12:05:27.720+0000] {logging_mixin.py:188} INFO - [2026-06-13T12:05:27.719+0000] {dagbag.py:545} INFO - Filling up the DagBag from /home/airflow/.local/lib/python3.12/site-packages/airflow/example_dags/example_branch_datetime_operator.py
[2026-06-13T12:05:27.730+0000] {processor.py:840} INFO - DAG(s) 'example_branch_datetime_operator_2', 'example_branch_datetime_operator', 'example_branch_datetime_operator_3' retrieved from /home/airflow/.local/lib/python3.12/site-packages/airflow/example_dags/example_branch_datetime_operator.py
[2026-06-13T12:05:27.764+0000] {logging_mixin.py:188} INFO - [2026-06-13T12:05:27.764+0000] {dag.py:3096} INFO - Sync 3 DAGs
[2026-06-13T12:05:27.789+0000] {logging_mixin.py:188} INFO - [2026-06-13T12:05:27.789+0000] {dag.py:3954} INFO - Setting next_dagrun for example_branch_datetime_operator to 2026-06-12 00:00:00+00:00, run_after=2026-06-13 00:00:00+00:00
[2026-06-13T12:05:27.797+0000] {logging_mixin.py:188} INFO - [2026-06-13T12:05:27.797+0000] {dag.py:3954} INFO - Setting next_dagrun for example_branch_datetime_operator_2 to 2026-06-12 00:00:00+00:00, run_after=2026-06-13 00:00:00+00:00
[2026-06-13T12:05:27.801+0000] {logging_mixin.py:188} INFO - [2026-06-13T12:05:27.800+0000] {dag.py:3954} INFO - Setting next_dagrun for example_branch_datetime_operator_3 to 2026-06-12 00:00:00+00:00, run_after=2026-06-13 00:00:00+00:00
[2026-06-13T12:05:27.824+0000] {processor.py:183} INFO - Processing /home/airflow/.local/lib/python3.12/site-packages/airflow/example_dags/example_branch_datetime_operator.py took 0.119 seconds
[2026-06-13T12:05:58.351+0000] {processor.py:161} INFO - Started process (PID=3118) to work on /home/airflow/.local/lib/python3.12/site-packages/airflow/example_dags/example_branch_datetime_operator.py
[2026-06-13T12:05:58.352+0000] {processor.py:830} INFO - Processing file /home/airflow/.local/lib/python3.12/site-packages/airflow/example_dags/example_branch_datetime_operator.py for tasks to queue
[2026-06-13T12:05:58.355+0000] {logging_mixin.py:188} INFO - [2026-06-13T12:05:58.355+0000] {dagbag.py:545} INFO - Filling up the DagBag from /home/airflow/.local/lib/python3.12/site-packages/airflow/example_dags/example_branch_datetime_operator.py
[2026-06-13T12:05:58.366+0000] {processor.py:840} INFO - DAG(s) 'example_branch_datetime_operator', 'example_branch_datetime_operator_2', 'example_branch_datetime_operator_3' retrieved from /home/airflow/.local/lib/python3.12/site-packages/airflow/example_dags/example_branch_datetime_operator.py
[2026-06-13T12:05:58.401+0000] {logging_mixin.py:188} INFO - [2026-06-13T12:05:58.400+0000] {dag.py:3096} INFO - Sync 3 DAGs
[2026-06-13T12:05:58.428+0000] {logging_mixin.py:188} INFO - [2026-06-13T12:05:58.428+0000] {dag.py:3954} INFO - Setting next_dagrun for example_branch_datetime_operator to 2026-06-12 00:00:00+00:00, run_after=2026-06-13 00:00:00+00:00
[2026-06-13T12:05:58.436+0000] {logging_mixin.py:188} INFO - [2026-06-13T12:05:58.435+0000] {dag.py:3954} INFO - Setting next_dagrun for example_branch_datetime_operator_2 to 2026-06-12 00:00:00+00:00, run_after=2026-06-13 00:00:00+00:00
[2026-06-13T12:05:58.440+0000] {logging_mixin.py:188} INFO - [2026-06-13T12:05:58.440+0000] {dag.py:3954} INFO - Setting next_dagrun for example_branch_datetime_operator_3 to 2026-06-12 00:00:00+00:00, run_after=2026-06-13 00:00:00+00:00
[2026-06-13T12:05:58.464+0000] {processor.py:183} INFO - Processing /home/airflow/.local/lib/python3.12/site-packages/airflow/example_dags/example_branch_datetime_operator.py took 0.124 seconds
[2026-06-13T12:06:28.508+0000] {processor.py:161} INFO - Started process (PID=3177) to work on /home/airflow/.local/lib/python3.12/site-packages/airflow/example_dags/example_branch_datetime_operator.py
[2026-06-13T12:06:28.509+0000] {processor.py:830} INFO - Processing file /home/airflow/.local/lib/python3.12/site-packages/airflow/example_dags/example_branch_datetime_operator.py for tasks to queue
[2026-06-13T12:06:28.512+0000] {logging_mixin.py:188} INFO - [2026-06-13T12:06:28.512+0000] {dagbag.py:545} INFO - Filling up the DagBag from /home/airflow/.local/lib/python3.12/site-packages/airflow/example_dags/example_branch_datetime_operator.py
[2026-06-13T12:06:28.524+0000] {processor.py:840} INFO - DAG(s) 'example_branch_datetime_operator', 'example_branch_datetime_operator_3', 'example_branch_datetime_operator_2' retrieved from /home/airflow/.local/lib/python3.12/site-packages/airflow/example_dags/example_branch_datetime_operator.py
[2026-06-13T12:06:28.560+0000] {logging_mixin.py:188} INFO - [2026-06-13T12:06:28.560+0000] {dag.py:3096} INFO - Sync 3 DAGs
[2026-06-13T12:06:28.586+0000] {logging_mixin.py:188} INFO - [2026-06-13T12:06:28.585+0000] {dag.py:3954} INFO - Setting next_dagrun for example_branch_datetime_operator to 2026-06-12 00:00:00+00:00, run_after=2026-06-13 00:00:00+00:00
[2026-06-13T12:06:28.592+0000] {logging_mixin.py:188} INFO - [2026-06-13T12:06:28.592+0000] {dag.py:3954} INFO - Setting next_dagrun for example_branch_datetime_operator_2 to 2026-06-12 00:00:00+00:00, run_after=2026-06-13 00:00:00+00:00
[2026-06-13T12:06:28.596+0000] {logging_mixin.py:188} INFO - [2026-06-13T12:06:28.596+0000] {dag.py:3954} INFO - Setting next_dagrun for example_branch_datetime_operator_3 to 2026-06-12 00:00:00+00:00, run_after=2026-06-13 00:00:00+00:00
[2026-06-13T12:06:28.618+0000] {processor.py:183} INFO - Processing /home/airflow/.local/lib/python3.12/site-packages/airflow/example_dags/example_branch_datetime_operator.py took 0.121 seconds
[2026-06-13T12:06:58.843+0000] {processor.py:161} INFO - Started process (PID=3236) to work on /home/airflow/.local/lib/python3.12/site-packages/airflow/example_dags/example_branch_datetime_operator.py
[2026-06-13T12:06:58.845+0000] {processor.py:830} INFO - Processing file /home/airflow/.local/lib/python3.12/site-packages/airflow/example_dags/example_branch_datetime_operator.py for tasks to queue
[2026-06-13T12:06:58.848+0000] {logging_mixin.py:188} INFO - [2026-06-13T12:06:58.848+0000] {dagbag.py:545} INFO - Filling up the DagBag from /home/airflow/.local/lib/python3.12/site-packages/airflow/example_dags/example_branch_datetime_operator.py
[2026-06-13T12:06:58.859+0000] {processor.py:840} INFO - DAG(s) 'example_branch_datetime_operator_3', 'example_branch_datetime_operator', 'example_branch_datetime_operator_2' retrieved from /home/airflow/.local/lib/python3.12/site-packages/airflow/example_dags/example_branch_datetime_operator.py
[2026-06-13T12:06:58.895+0000] {logging_mixin.py:188} INFO - [2026-06-13T12:06:58.894+0000] {dag.py:3096} INFO - Sync 3 DAGs
[2026-06-13T12:06:58.922+0000] {logging_mixin.py:188} INFO - [2026-06-13T12:06:58.922+0000] {dag.py:3954} INFO - Setting next_dagrun for example_branch_datetime_operator to 2026-06-12 00:00:00+00:00, run_after=2026-06-13 00:00:00+00:00
[2026-06-13T12:06:58.928+0000] {logging_mixin.py:188} INFO - [2026-06-13T12:06:58.928+0000] {dag.py:3954} INFO - Setting next_dagrun for example_branch_datetime_operator_2 to 2026-06-12 00:00:00+00:00, run_after=2026-06-13 00:00:00+00:00
[2026-06-13T12:06:58.932+0000] {logging_mixin.py:188} INFO - [2026-06-13T12:06:58.931+0000] {dag.py:3954} INFO - Setting next_dagrun for example_branch_datetime_operator_3 to 2026-06-12 00:00:00+00:00, run_after=2026-06-13 00:00:00+00:00
[2026-06-13T12:06:58.956+0000] {processor.py:183} INFO - Processing /home/airflow/.local/lib/python3.12/site-packages/airflow/example_dags/example_branch_datetime_operator.py took 0.122 seconds
[2026-06-13T12:07:29.282+0000] {processor.py:161} INFO - Started process (PID=3295) to work on /home/airflow/.local/lib/python3.12/site-packages/airflow/example_dags/example_branch_datetime_operator.py
[2026-06-13T12:07:29.283+0000] {processor.py:830} INFO - Processing file /home/airflow/.local/lib/python3.12/site-packages/airflow/example_dags/example_branch_datetime_operator.py for tasks to queue
[2026-06-13T12:07:29.285+0000] {logging_mixin.py:188} INFO - [2026-06-13T12:07:29.285+0000] {dagbag.py:545} INFO - Filling up the DagBag from /home/airflow/.local/lib/python3.12/site-packages/airflow/example_dags/example_branch_datetime_operator.py
[2026-06-13T12:07:29.296+0000] {processor.py:840} INFO - DAG(s) 'example_branch_datetime_operator', 'example_branch_datetime_operator_3', 'example_branch_datetime_operator_2' retrieved from /home/airflow/.local/lib/python3.12/site-packages/airflow/example_dags/example_branch_datetime_operator.py
[2026-06-13T12:07:29.329+0000] {logging_mixin.py:188} INFO - [2026-06-13T12:07:29.329+0000] {dag.py:3096} INFO - Sync 3 DAGs
[2026-06-13T12:07:29.354+0000] {logging_mixin.py:188} INFO - [2026-06-13T12:07:29.354+0000] {dag.py:3954} INFO - Setting next_dagrun for example_branch_datetime_operator to 2026-06-12 00:00:00+00:00, run_after=2026-06-13 00:00:00+00:00
[2026-06-13T12:07:29.361+0000] {logging_mixin.py:188} INFO - [2026-06-13T12:07:29.360+0000] {dag.py:3954} INFO - Setting next_dagrun for example_branch_datetime_operator_2 to 2026-06-12 00:00:00+00:00, run_after=2026-06-13 00:00:00+00:00
[2026-06-13T12:07:29.364+0000] {logging_mixin.py:188} INFO - [2026-06-13T12:07:29.364+0000] {dag.py:3954} INFO - Setting next_dagrun for example_branch_datetime_operator_3 to 2026-06-12 00:00:00+00:00, run_after=2026-06-13 00:00:00+00:00
[2026-06-13T12:07:29.390+0000] {processor.py:183} INFO - Processing /home/airflow/.local/lib/python3.12/site-packages/airflow/example_dags/example_branch_datetime_operator.py took 0.118 seconds
[2026-06-13T12:08:00.361+0000] {processor.py:161} INFO - Started process (PID=3354) to work on /home/airflow/.local/lib/python3.12/site-packages/airflow/example_dags/example_branch_datetime_operator.py
[2026-06-13T12:08:00.362+0000] {processor.py:830} INFO - Processing file /home/airflow/.local/lib/python3.12/site-packages/airflow/example_dags/example_branch_datetime_operator.py for tasks to queue
[2026-06-13T12:08:00.365+0000] {logging_mixin.py:188} INFO - [2026-06-13T12:08:00.365+0000] {dagbag.py:545} INFO - Filling up the DagBag from /home/airflow/.local/lib/python3.12/site-packages/airflow/example_dags/example_branch_datetime_operator.py
[2026-06-13T12:08:00.377+0000] {processor.py:840} INFO - DAG(s) 'example_branch_datetime_operator_3', 'example_branch_datetime_operator', 'example_branch_datetime_operator_2' retrieved from /home/airflow/.local/lib/python3.12/site-packages/airflow/example_dags/example_branch_datetime_operator.py
[2026-06-13T12:08:00.414+0000] {logging_mixin.py:188} INFO - [2026-06-13T12:08:00.414+0000] {dag.py:3096} INFO - Sync 3 DAGs
[2026-06-13T12:08:00.440+0000] {logging_mixin.py:188} INFO - [2026-06-13T12:08:00.440+0000] {dag.py:3954} INFO - Setting next_dagrun for example_branch_datetime_operator to 2026-06-12 00:00:00+00:00, run_after=2026-06-13 00:00:00+00:00
[2026-06-13T12:08:00.447+0000] {logging_mixin.py:188} INFO - [2026-06-13T12:08:00.446+0000] {dag.py:3954} INFO - Setting next_dagrun for example_branch_datetime_operator_2 to 2026-06-12 00:00:00+00:00, run_after=2026-06-13 00:00:00+00:00
[2026-06-13T12:08:00.451+0000] {logging_mixin.py:188} INFO - [2026-06-13T12:08:00.450+0000] {dag.py:3954} INFO - Setting next_dagrun for example_branch_datetime_operator_3 to 2026-06-12 00:00:00+00:00, run_after=2026-06-13 00:00:00+00:00
[2026-06-13T12:08:00.476+0000] {processor.py:183} INFO - Processing /home/airflow/.local/lib/python3.12/site-packages/airflow/example_dags/example_branch_datetime_operator.py took 0.125 seconds
[2026-06-13T12:08:30.719+0000] {processor.py:161} INFO - Started process (PID=3413) to work on /home/airflow/.local/lib/python3.12/site-packages/airflow/example_dags/example_branch_datetime_operator.py
[2026-06-13T12:08:30.720+0000] {processor.py:830} INFO - Processing file /home/airflow/.local/lib/python3.12/site-packages/airflow/example_dags/example_branch_datetime_operator.py for tasks to queue
[2026-06-13T12:08:30.723+0000] {logging_mixin.py:188} INFO - [2026-06-13T12:08:30.722+0000] {dagbag.py:545} INFO - Filling up the DagBag from /home/airflow/.local/lib/python3.12/site-packages/airflow/example_dags/example_branch_datetime_operator.py
[2026-06-13T12:08:30.733+0000] {processor.py:840} INFO - DAG(s) 'example_branch_datetime_operator_3', 'example_branch_datetime_operator', 'example_branch_datetime_operator_2' retrieved from /home/airflow/.local/lib/python3.12/site-packages/airflow/example_dags/example_branch_datetime_operator.py
[2026-06-13T12:08:30.770+0000] {logging_mixin.py:188} INFO - [2026-06-13T12:08:30.770+0000] {dag.py:3096} INFO - Sync 3 DAGs
[2026-06-13T12:08:30.796+0000] {logging_mixin.py:188} INFO - [2026-06-13T12:08:30.796+0000] {dag.py:3954} INFO - Setting next_dagrun for example_branch_datetime_operator to 2026-06-12 00:00:00+00:00, run_after=2026-06-13 00:00:00+00:00
[2026-06-13T12:08:30.802+0000] {logging_mixin.py:188} INFO - [2026-06-13T12:08:30.802+0000] {dag.py:3954} INFO - Setting next_dagrun for example_branch_datetime_operator_2 to 2026-06-12 00:00:00+00:00, run_after=2026-06-13 00:00:00+00:00
[2026-06-13T12:08:30.806+0000] {logging_mixin.py:188} INFO - [2026-06-13T12:08:30.805+0000] {dag.py:3954} INFO - Setting next_dagrun for example_branch_datetime_operator_3 to 2026-06-12 00:00:00+00:00, run_after=2026-06-13 00:00:00+00:00
[2026-06-13T12:08:30.831+0000] {processor.py:183} INFO - Processing /home/airflow/.local/lib/python3.12/site-packages/airflow/example_dags/example_branch_datetime_operator.py took 0.122 seconds
[2026-06-13T12:09:01.106+0000] {processor.py:161} INFO - Started process (PID=3472) to work on /home/airflow/.local/lib/python3.12/site-packages/airflow/example_dags/example_branch_datetime_operator.py
[2026-06-13T12:09:01.108+0000] {processor.py:830} INFO - Processing file /home/airflow/.local/lib/python3.12/site-packages/airflow/example_dags/example_branch_datetime_operator.py for tasks to queue
[2026-06-13T12:09:01.111+0000] {logging_mixin.py:188} INFO - [2026-06-13T12:09:01.110+0000] {dagbag.py:545} INFO - Filling up the DagBag from /home/airflow/.local/lib/python3.12/site-packages/airflow/example_dags/example_branch_datetime_operator.py
[2026-06-13T12:09:01.123+0000] {processor.py:840} INFO - DAG(s) 'example_branch_datetime_operator_3', 'example_branch_datetime_operator_2', 'example_branch_datetime_operator' retrieved from /home/airflow/.local/lib/python3.12/site-packages/airflow/example_dags/example_branch_datetime_operator.py
[2026-06-13T12:09:01.158+0000] {logging_mixin.py:188} INFO - [2026-06-13T12:09:01.158+0000] {dag.py:3096} INFO - Sync 3 DAGs
[2026-06-13T12:09:01.184+0000] {logging_mixin.py:188} INFO - [2026-06-13T12:09:01.184+0000] {dag.py:3954} INFO - Setting next_dagrun for example_branch_datetime_operator to 2026-06-12 00:00:00+00:00, run_after=2026-06-13 00:00:00+00:00
[2026-06-13T12:09:01.192+0000] {logging_mixin.py:188} INFO - [2026-06-13T12:09:01.192+0000] {dag.py:3954} INFO - Setting next_dagrun for example_branch_datetime_operator_2 to 2026-06-12 00:00:00+00:00, run_after=2026-06-13 00:00:00+00:00
[2026-06-13T12:09:01.196+0000] {logging_mixin.py:188} INFO - [2026-06-13T12:09:01.195+0000] {dag.py:3954} INFO - Setting next_dagrun for example_branch_datetime_operator_3 to 2026-06-12 00:00:00+00:00, run_after=2026-06-13 00:00:00+00:00
[2026-06-13T12:09:01.220+0000] {processor.py:183} INFO - Processing /home/airflow/.local/lib/python3.12/site-packages/airflow/example_dags/example_branch_datetime_operator.py took 0.123 seconds
[2026-06-13T12:09:31.641+0000] {processor.py:161} INFO - Started process (PID=3531) to work on /home/airflow/.local/lib/python3.12/site-packages/airflow/example_dags/example_branch_datetime_operator.py
[2026-06-13T12:09:31.643+0000] {processor.py:830} INFO - Processing file /home/airflow/.local/lib/python3.12/site-packages/airflow/example_dags/example_branch_datetime_operator.py for tasks to queue
[2026-06-13T12:09:31.645+0000] {logging_mixin.py:188} INFO - [2026-06-13T12:09:31.645+0000] {dagbag.py:545} INFO - Filling up the DagBag from /home/airflow/.local/lib/python3.12/site-packages/airflow/example_dags/example_branch_datetime_operator.py
[2026-06-13T12:09:31.656+0000] {processor.py:840} INFO - DAG(s) 'example_branch_datetime_operator', 'example_branch_datetime_operator_3', 'example_branch_datetime_operator_2' retrieved from /home/airflow/.local/lib/python3.12/site-packages/airflow/example_dags/example_branch_datetime_operator.py
[2026-06-13T12:09:31.691+0000] {logging_mixin.py:188} INFO - [2026-06-13T12:09:31.691+0000] {dag.py:3096} INFO - Sync 3 DAGs
[2026-06-13T12:09:31.720+0000] {logging_mixin.py:188} INFO - [2026-06-13T12:09:31.720+0000] {dag.py:3954} INFO - Setting next_dagrun for example_branch_datetime_operator to 2026-06-12 00:00:00+00:00, run_after=2026-06-13 00:00:00+00:00
[2026-06-13T12:09:31.728+0000] {logging_mixin.py:188} INFO - [2026-06-13T12:09:31.728+0000] {dag.py:3954} INFO - Setting next_dagrun for example_branch_datetime_operator_2 to 2026-06-12 00:00:00+00:00, run_after=2026-06-13 00:00:00+00:00
[2026-06-13T12:09:31.731+0000] {logging_mixin.py:188} INFO - [2026-06-13T12:09:31.731+0000] {dag.py:3954} INFO - Setting next_dagrun for example_branch_datetime_operator_3 to 2026-06-12 00:00:00+00:00, run_after=2026-06-13 00:00:00+00:00
[2026-06-13T12:09:31.757+0000] {processor.py:183} INFO - Processing /home/airflow/.local/lib/python3.12/site-packages/airflow/example_dags/example_branch_datetime_operator.py took 0.126 seconds
[2026-06-13T12:10:02.732+0000] {processor.py:161} INFO - Started process (PID=3590) to work on /home/airflow/.local/lib/python3.12/site-packages/airflow/example_dags/example_branch_datetime_operator.py
[2026-06-13T12:10:02.733+0000] {processor.py:830} INFO - Processing file /home/airflow/.local/lib/python3.12/site-packages/airflow/example_dags/example_branch_datetime_operator.py for tasks to queue
[2026-06-13T12:10:02.737+0000] {logging_mixin.py:188} INFO - [2026-06-13T12:10:02.736+0000] {dagbag.py:545} INFO - Filling up the DagBag from /home/airflow/.local/lib/python3.12/site-packages/airflow/example_dags/example_branch_datetime_operator.py
[2026-06-13T12:10:02.751+0000] {processor.py:840} INFO - DAG(s) 'example_branch_datetime_operator_3', 'example_branch_datetime_operator_2', 'example_branch_datetime_operator' retrieved from /home/airflow/.local/lib/python3.12/site-packages/airflow/example_dags/example_branch_datetime_operator.py
[2026-06-13T12:10:02.798+0000] {logging_mixin.py:188} INFO - [2026-06-13T12:10:02.798+0000] {dag.py:3096} INFO - Sync 3 DAGs
[2026-06-13T12:10:02.833+0000] {logging_mixin.py:188} INFO - [2026-06-13T12:10:02.832+0000] {dag.py:3954} INFO - Setting next_dagrun for example_branch_datetime_operator to 2026-06-12 00:00:00+00:00, run_after=2026-06-13 00:00:00+00:00
[2026-06-13T12:10:02.840+0000] {logging_mixin.py:188} INFO - [2026-06-13T12:10:02.840+0000] {dag.py:3954} INFO - Setting next_dagrun for example_branch_datetime_operator_2 to 2026-06-12 00:00:00+00:00, run_after=2026-06-13 00:00:00+00:00
[2026-06-13T12:10:02.844+0000] {logging_mixin.py:188} INFO - [2026-06-13T12:10:02.844+0000] {dag.py:3954} INFO - Setting next_dagrun for example_branch_datetime_operator_3 to 2026-06-12 00:00:00+00:00, run_after=2026-06-13 00:00:00+00:00
[2026-06-13T12:10:02.871+0000] {processor.py:183} INFO - Processing /home/airflow/.local/lib/python3.12/site-packages/airflow/example_dags/example_branch_datetime_operator.py took 0.150 seconds
[2026-06-13T12:14:38.980+0000] {processor.py:161} INFO - Started process (PID=3630) to work on /home/airflow/.local/lib/python3.12/site-packages/airflow/example_dags/example_branch_datetime_operator.py
[2026-06-13T12:14:38.982+0000] {processor.py:830} INFO - Processing file /home/airflow/.local/lib/python3.12/site-packages/airflow/example_dags/example_branch_datetime_operator.py for tasks to queue
[2026-06-13T12:14:38.985+0000] {logging_mixin.py:188} INFO - [2026-06-13T12:14:38.984+0000] {dagbag.py:545} INFO - Filling up the DagBag from /home/airflow/.local/lib/python3.12/site-packages/airflow/example_dags/example_branch_datetime_operator.py
[2026-06-13T12:14:38.998+0000] {processor.py:840} INFO - DAG(s) 'example_branch_datetime_operator_2', 'example_branch_datetime_operator_3', 'example_branch_datetime_operator' retrieved from /home/airflow/.local/lib/python3.12/site-packages/airflow/example_dags/example_branch_datetime_operator.py
[2026-06-13T12:14:39.035+0000] {logging_mixin.py:188} INFO - [2026-06-13T12:14:39.034+0000] {dag.py:3096} INFO - Sync 3 DAGs
[2026-06-13T12:14:39.064+0000] {logging_mixin.py:188} INFO - [2026-06-13T12:14:39.064+0000] {dag.py:3954} INFO - Setting next_dagrun for example_branch_datetime_operator to 2026-06-12 00:00:00+00:00, run_after=2026-06-13 00:00:00+00:00
[2026-06-13T12:14:39.072+0000] {logging_mixin.py:188} INFO - [2026-06-13T12:14:39.072+0000] {dag.py:3954} INFO - Setting next_dagrun for example_branch_datetime_operator_2 to 2026-06-12 00:00:00+00:00, run_after=2026-06-13 00:00:00+00:00
[2026-06-13T12:14:39.076+0000] {logging_mixin.py:188} INFO - [2026-06-13T12:14:39.076+0000] {dag.py:3954} INFO - Setting next_dagrun for example_branch_datetime_operator_3 to 2026-06-12 00:00:00+00:00, run_after=2026-06-13 00:00:00+00:00
[2026-06-13T12:14:39.102+0000] {processor.py:183} INFO - Processing /home/airflow/.local/lib/python3.12/site-packages/airflow/example_dags/example_branch_datetime_operator.py took 0.133 seconds
[2026-06-13T12:15:10.222+0000] {processor.py:161} INFO - Started process (PID=3689) to work on /home/airflow/.local/lib/python3.12/site-packages/airflow/example_dags/example_branch_datetime_operator.py
[2026-06-13T12:15:10.224+0000] {processor.py:830} INFO - Processing file /home/airflow/.local/lib/python3.12/site-packages/airflow/example_dags/example_branch_datetime_operator.py for tasks to queue
[2026-06-13T12:15:10.227+0000] {logging_mixin.py:188} INFO - [2026-06-13T12:15:10.226+0000] {dagbag.py:545} INFO - Filling up the DagBag from /home/airflow/.local/lib/python3.12/site-packages/airflow/example_dags/example_branch_datetime_operator.py
[2026-06-13T12:15:10.238+0000] {processor.py:840} INFO - DAG(s) 'example_branch_datetime_operator', 'example_branch_datetime_operator_3', 'example_branch_datetime_operator_2' retrieved from /home/airflow/.local/lib/python3.12/site-packages/airflow/example_dags/example_branch_datetime_operator.py
[2026-06-13T12:15:10.273+0000] {logging_mixin.py:188} INFO - [2026-06-13T12:15:10.272+0000] {dag.py:3096} INFO - Sync 3 DAGs
[2026-06-13T12:15:10.299+0000] {logging_mixin.py:188} INFO - [2026-06-13T12:15:10.299+0000] {dag.py:3954} INFO - Setting next_dagrun for example_branch_datetime_operator to 2026-06-12 00:00:00+00:00, run_after=2026-06-13 00:00:00+00:00
[2026-06-13T12:15:10.306+0000] {logging_mixin.py:188} INFO - [2026-06-13T12:15:10.305+0000] {dag.py:3954} INFO - Setting next_dagrun for example_branch_datetime_operator_2 to 2026-06-12 00:00:00+00:00, run_after=2026-06-13 00:00:00+00:00
[2026-06-13T12:15:10.310+0000] {logging_mixin.py:188} INFO - [2026-06-13T12:15:10.310+0000] {dag.py:3954} INFO - Setting next_dagrun for example_branch_datetime_operator_3 to 2026-06-12 00:00:00+00:00, run_after=2026-06-13 00:00:00+00:00
[2026-06-13T12:15:10.336+0000] {processor.py:183} INFO - Processing /home/airflow/.local/lib/python3.12/site-packages/airflow/example_dags/example_branch_datetime_operator.py took 0.125 seconds
[2026-06-13T12:15:40.813+0000] {processor.py:161} INFO - Started process (PID=3748) to work on /home/airflow/.local/lib/python3.12/site-packages/airflow/example_dags/example_branch_datetime_operator.py
[2026-06-13T12:15:40.814+0000] {processor.py:830} INFO - Processing file /home/airflow/.local/lib/python3.12/site-packages/airflow/example_dags/example_branch_datetime_operator.py for tasks to queue
[2026-06-13T12:15:40.817+0000] {logging_mixin.py:188} INFO - [2026-06-13T12:15:40.816+0000] {dagbag.py:545} INFO - Filling up the DagBag from /home/airflow/.local/lib/python3.12/site-packages/airflow/example_dags/example_branch_datetime_operator.py
[2026-06-13T12:15:40.827+0000] {processor.py:840} INFO - DAG(s) 'example_branch_datetime_operator', 'example_branch_datetime_operator_3', 'example_branch_datetime_operator_2' retrieved from /home/airflow/.local/lib/python3.12/site-packages/airflow/example_dags/example_branch_datetime_operator.py
[2026-06-13T12:15:40.869+0000] {logging_mixin.py:188} INFO - [2026-06-13T12:15:40.869+0000] {dag.py:3096} INFO - Sync 3 DAGs
[2026-06-13T12:15:40.898+0000] {logging_mixin.py:188} INFO - [2026-06-13T12:15:40.898+0000] {dag.py:3954} INFO - Setting next_dagrun for example_branch_datetime_operator to 2026-06-12 00:00:00+00:00, run_after=2026-06-13 00:00:00+00:00
[2026-06-13T12:15:40.905+0000] {logging_mixin.py:188} INFO - [2026-06-13T12:15:40.904+0000] {dag.py:3954} INFO - Setting next_dagrun for example_branch_datetime_operator_2 to 2026-06-12 00:00:00+00:00, run_after=2026-06-13 00:00:00+00:00
[2026-06-13T12:15:40.908+0000] {logging_mixin.py:188} INFO - [2026-06-13T12:15:40.908+0000] {dag.py:3954} INFO - Setting next_dagrun for example_branch_datetime_operator_3 to 2026-06-12 00:00:00+00:00, run_after=2026-06-13 00:00:00+00:00
[2026-06-13T12:15:40.934+0000] {processor.py:183} INFO - Processing /home/airflow/.local/lib/python3.12/site-packages/airflow/example_dags/example_branch_datetime_operator.py took 0.131 seconds
[2026-06-13T12:16:11.117+0000] {processor.py:161} INFO - Started process (PID=3807) to work on /home/airflow/.local/lib/python3.12/site-packages/airflow/example_dags/example_branch_datetime_operator.py
[2026-06-13T12:16:11.119+0000] {processor.py:830} INFO - Processing file /home/airflow/.local/lib/python3.12/site-packages/airflow/example_dags/example_branch_datetime_operator.py for tasks to queue
[2026-06-13T12:16:11.122+0000] {logging_mixin.py:188} INFO - [2026-06-13T12:16:11.121+0000] {dagbag.py:545} INFO - Filling up the DagBag from /home/airflow/.local/lib/python3.12/site-packages/airflow/example_dags/example_branch_datetime_operator.py
[2026-06-13T12:16:11.132+0000] {processor.py:840} INFO - DAG(s) 'example_branch_datetime_operator_2', 'example_branch_datetime_operator_3', 'example_branch_datetime_operator' retrieved from /home/airflow/.local/lib/python3.12/site-packages/airflow/example_dags/example_branch_datetime_operator.py
[2026-06-13T12:16:11.168+0000] {logging_mixin.py:188} INFO - [2026-06-13T12:16:11.167+0000] {dag.py:3096} INFO - Sync 3 DAGs
[2026-06-13T12:16:11.193+0000] {logging_mixin.py:188} INFO - [2026-06-13T12:16:11.193+0000] {dag.py:3954} INFO - Setting next_dagrun for example_branch_datetime_operator to 2026-06-12 00:00:00+00:00, run_after=2026-06-13 00:00:00+00:00
[2026-06-13T12:16:11.199+0000] {logging_mixin.py:188} INFO - [2026-06-13T12:16:11.199+0000] {dag.py:3954} INFO - Setting next_dagrun for example_branch_datetime_operator_2 to 2026-06-12 00:00:00+00:00, run_after=2026-06-13 00:00:00+00:00
[2026-06-13T12:16:11.203+0000] {logging_mixin.py:188} INFO - [2026-06-13T12:16:11.203+0000] {dag.py:3954} INFO - Setting next_dagrun for example_branch_datetime_operator_3 to 2026-06-12 00:00:00+00:00, run_after=2026-06-13 00:00:00+00:00
[2026-06-13T12:16:11.227+0000] {processor.py:183} INFO - Processing /home/airflow/.local/lib/python3.12/site-packages/airflow/example_dags/example_branch_datetime_operator.py took 0.121 seconds
[2026-06-13T12:16:41.405+0000] {processor.py:161} INFO - Started process (PID=3867) to work on /home/airflow/.local/lib/python3.12/site-packages/airflow/example_dags/example_branch_datetime_operator.py
[2026-06-13T12:16:41.407+0000] {processor.py:830} INFO - Processing file /home/airflow/.local/lib/python3.12/site-packages/airflow/example_dags/example_branch_datetime_operator.py for tasks to queue
[2026-06-13T12:16:41.410+0000] {logging_mixin.py:188} INFO - [2026-06-13T12:16:41.409+0000] {dagbag.py:545} INFO - Filling up the DagBag from /home/airflow/.local/lib/python3.12/site-packages/airflow/example_dags/example_branch_datetime_operator.py
[2026-06-13T12:16:41.421+0000] {processor.py:840} INFO - DAG(s) 'example_branch_datetime_operator_2', 'example_branch_datetime_operator', 'example_branch_datetime_operator_3' retrieved from /home/airflow/.local/lib/python3.12/site-packages/airflow/example_dags/example_branch_datetime_operator.py
[2026-06-13T12:16:41.457+0000] {logging_mixin.py:188} INFO - [2026-06-13T12:16:41.457+0000] {dag.py:3096} INFO - Sync 3 DAGs
[2026-06-13T12:16:41.486+0000] {logging_mixin.py:188} INFO - [2026-06-13T12:16:41.486+0000] {dag.py:3954} INFO - Setting next_dagrun for example_branch_datetime_operator to 2026-06-12 00:00:00+00:00, run_after=2026-06-13 00:00:00+00:00
[2026-06-13T12:16:41.493+0000] {logging_mixin.py:188} INFO - [2026-06-13T12:16:41.493+0000] {dag.py:3954} INFO - Setting next_dagrun for example_branch_datetime_operator_2 to 2026-06-12 00:00:00+00:00, run_after=2026-06-13 00:00:00+00:00
[2026-06-13T12:16:41.497+0000] {logging_mixin.py:188} INFO - [2026-06-13T12:16:41.497+0000] {dag.py:3954} INFO - Setting next_dagrun for example_branch_datetime_operator_3 to 2026-06-12 00:00:00+00:00, run_after=2026-06-13 00:00:00+00:00
[2026-06-13T12:16:41.522+0000] {processor.py:183} INFO - Processing /home/airflow/.local/lib/python3.12/site-packages/airflow/example_dags/example_branch_datetime_operator.py took 0.127 seconds
[2026-06-13T12:17:11.773+0000] {processor.py:161} INFO - Started process (PID=3926) to work on /home/airflow/.local/lib/python3.12/site-packages/airflow/example_dags/example_branch_datetime_operator.py
[2026-06-13T12:17:11.774+0000] {processor.py:830} INFO - Processing file /home/airflow/.local/lib/python3.12/site-packages/airflow/example_dags/example_branch_datetime_operator.py for tasks to queue
[2026-06-13T12:17:11.777+0000] {logging_mixin.py:188} INFO - [2026-06-13T12:17:11.777+0000] {dagbag.py:545} INFO - Filling up the DagBag from /home/airflow/.local/lib/python3.12/site-packages/airflow/example_dags/example_branch_datetime_operator.py
[2026-06-13T12:17:11.789+0000] {processor.py:840} INFO - DAG(s) 'example_branch_datetime_operator_2', 'example_branch_datetime_operator', 'example_branch_datetime_operator_3' retrieved from /home/airflow/.local/lib/python3.12/site-packages/airflow/example_dags/example_branch_datetime_operator.py
[2026-06-13T12:17:11.824+0000] {logging_mixin.py:188} INFO - [2026-06-13T12:17:11.824+0000] {dag.py:3096} INFO - Sync 3 DAGs
[2026-06-13T12:17:11.849+0000] {logging_mixin.py:188} INFO - [2026-06-13T12:17:11.849+0000] {dag.py:3954} INFO - Setting next_dagrun for example_branch_datetime_operator to 2026-06-12 00:00:00+00:00, run_after=2026-06-13 00:00:00+00:00
[2026-06-13T12:17:11.855+0000] {logging_mixin.py:188} INFO - [2026-06-13T12:17:11.855+0000] {dag.py:3954} INFO - Setting next_dagrun for example_branch_datetime_operator_2 to 2026-06-12 00:00:00+00:00, run_after=2026-06-13 00:00:00+00:00
[2026-06-13T12:17:11.858+0000] {logging_mixin.py:188} INFO - [2026-06-13T12:17:11.858+0000] {dag.py:3954} INFO - Setting next_dagrun for example_branch_datetime_operator_3 to 2026-06-12 00:00:00+00:00, run_after=2026-06-13 00:00:00+00:00
[2026-06-13T12:17:11.882+0000] {processor.py:183} INFO - Processing /home/airflow/.local/lib/python3.12/site-packages/airflow/example_dags/example_branch_datetime_operator.py took 0.119 seconds
[2026-06-13T12:17:42.656+0000] {processor.py:161} INFO - Started process (PID=3986) to work on /home/airflow/.local/lib/python3.12/site-packages/airflow/example_dags/example_branch_datetime_operator.py
[2026-06-13T12:17:42.658+0000] {processor.py:830} INFO - Processing file /home/airflow/.local/lib/python3.12/site-packages/airflow/example_dags/example_branch_datetime_operator.py for tasks to queue
[2026-06-13T12:17:42.660+0000] {logging_mixin.py:188} INFO - [2026-06-13T12:17:42.660+0000] {dagbag.py:545} INFO - Filling up the DagBag from /home/airflow/.local/lib/python3.12/site-packages/airflow/example_dags/example_branch_datetime_operator.py
[2026-06-13T12:17:42.671+0000] {processor.py:840} INFO - DAG(s) 'example_branch_datetime_operator_3', 'example_branch_datetime_operator', 'example_branch_datetime_operator_2' retrieved from /home/airflow/.local/lib/python3.12/site-packages/airflow/example_dags/example_branch_datetime_operator.py
[2026-06-13T12:17:42.705+0000] {logging_mixin.py:188} INFO - [2026-06-13T12:17:42.705+0000] {dag.py:3096} INFO - Sync 3 DAGs
[2026-06-13T12:17:42.734+0000] {logging_mixin.py:188} INFO - [2026-06-13T12:17:42.734+0000] {dag.py:3954} INFO - Setting next_dagrun for example_branch_datetime_operator to 2026-06-12 00:00:00+00:00, run_after=2026-06-13 00:00:00+00:00
[2026-06-13T12:17:42.744+0000] {logging_mixin.py:188} INFO - [2026-06-13T12:17:42.744+0000] {dag.py:3954} INFO - Setting next_dagrun for example_branch_datetime_operator_2 to 2026-06-12 00:00:00+00:00, run_after=2026-06-13 00:00:00+00:00
[2026-06-13T12:17:42.749+0000] {logging_mixin.py:188} INFO - [2026-06-13T12:17:42.748+0000] {dag.py:3954} INFO - Setting next_dagrun for example_branch_datetime_operator_3 to 2026-06-12 00:00:00+00:00, run_after=2026-06-13 00:00:00+00:00
[2026-06-13T12:17:42.779+0000] {processor.py:183} INFO - Processing /home/airflow/.local/lib/python3.12/site-packages/airflow/example_dags/example_branch_datetime_operator.py took 0.133 seconds
[2026-06-13T12:18:13.125+0000] {processor.py:161} INFO - Started process (PID=4053) to work on /home/airflow/.local/lib/python3.12/site-packages/airflow/example_dags/example_branch_datetime_operator.py
[2026-06-13T12:18:13.127+0000] {processor.py:830} INFO - Processing file /home/airflow/.local/lib/python3.12/site-packages/airflow/example_dags/example_branch_datetime_operator.py for tasks to queue
[2026-06-13T12:18:13.130+0000] {logging_mixin.py:188} INFO - [2026-06-13T12:18:13.129+0000] {dagbag.py:545} INFO - Filling up the DagBag from /home/airflow/.local/lib/python3.12/site-packages/airflow/example_dags/example_branch_datetime_operator.py
[2026-06-13T12:18:13.142+0000] {processor.py:840} INFO - DAG(s) 'example_branch_datetime_operator', 'example_branch_datetime_operator_2', 'example_branch_datetime_operator_3' retrieved from /home/airflow/.local/lib/python3.12/site-packages/airflow/example_dags/example_branch_datetime_operator.py
[2026-06-13T12:18:13.182+0000] {logging_mixin.py:188} INFO - [2026-06-13T12:18:13.182+0000] {dag.py:3096} INFO - Sync 3 DAGs
[2026-06-13T12:18:13.210+0000] {logging_mixin.py:188} INFO - [2026-06-13T12:18:13.209+0000] {dag.py:3954} INFO - Setting next_dagrun for example_branch_datetime_operator to 2026-06-12 00:00:00+00:00, run_after=2026-06-13 00:00:00+00:00
[2026-06-13T12:18:13.216+0000] {logging_mixin.py:188} INFO - [2026-06-13T12:18:13.215+0000] {dag.py:3954} INFO - Setting next_dagrun for example_branch_datetime_operator_2 to 2026-06-12 00:00:00+00:00, run_after=2026-06-13 00:00:00+00:00
[2026-06-13T12:18:13.219+0000] {logging_mixin.py:188} INFO - [2026-06-13T12:18:13.219+0000] {dag.py:3954} INFO - Setting next_dagrun for example_branch_datetime_operator_3 to 2026-06-12 00:00:00+00:00, run_after=2026-06-13 00:00:00+00:00
[2026-06-13T12:18:13.244+0000] {processor.py:183} INFO - Processing /home/airflow/.local/lib/python3.12/site-packages/airflow/example_dags/example_branch_datetime_operator.py took 0.129 seconds
[2026-06-13T12:18:59.030+0000] {processor.py:161} INFO - Started process (PID=73) to work on /home/airflow/.local/lib/python3.12/site-packages/airflow/example_dags/example_branch_datetime_operator.py
[2026-06-13T12:18:59.032+0000] {processor.py:830} INFO - Processing file /home/airflow/.local/lib/python3.12/site-packages/airflow/example_dags/example_branch_datetime_operator.py for tasks to queue
[2026-06-13T12:18:59.035+0000] {logging_mixin.py:188} INFO - [2026-06-13T12:18:59.035+0000] {dagbag.py:545} INFO - Filling up the DagBag from /home/airflow/.local/lib/python3.12/site-packages/airflow/example_dags/example_branch_datetime_operator.py
[2026-06-13T12:18:59.058+0000] {processor.py:840} INFO - DAG(s) 'example_branch_datetime_operator', 'example_branch_datetime_operator_2', 'example_branch_datetime_operator_3' retrieved from /home/airflow/.local/lib/python3.12/site-packages/airflow/example_dags/example_branch_datetime_operator.py
[2026-06-13T12:18:59.082+0000] {logging_mixin.py:188} INFO - [2026-06-13T12:18:59.082+0000] {dag.py:3096} INFO - Sync 3 DAGs
[2026-06-13T12:18:59.129+0000] {logging_mixin.py:188} INFO - [2026-06-13T12:18:59.128+0000] {dag.py:3954} INFO - Setting next_dagrun for example_branch_datetime_operator to 2026-06-12 00:00:00+00:00, run_after=2026-06-13 00:00:00+00:00
[2026-06-13T12:18:59.136+0000] {logging_mixin.py:188} INFO - [2026-06-13T12:18:59.136+0000] {dag.py:3954} INFO - Setting next_dagrun for example_branch_datetime_operator_2 to 2026-06-12 00:00:00+00:00, run_after=2026-06-13 00:00:00+00:00
[2026-06-13T12:18:59.141+0000] {logging_mixin.py:188} INFO - [2026-06-13T12:18:59.141+0000] {dag.py:3954} INFO - Setting next_dagrun for example_branch_datetime_operator_3 to 2026-06-12 00:00:00+00:00, run_after=2026-06-13 00:00:00+00:00
[2026-06-13T12:18:59.174+0000] {processor.py:183} INFO - Processing /home/airflow/.local/lib/python3.12/site-packages/airflow/example_dags/example_branch_datetime_operator.py took 0.151 seconds
[2026-06-13T12:19:29.703+0000] {processor.py:161} INFO - Started process (PID=132) to work on /home/airflow/.local/lib/python3.12/site-packages/airflow/example_dags/example_branch_datetime_operator.py
[2026-06-13T12:19:29.705+0000] {processor.py:830} INFO - Processing file /home/airflow/.local/lib/python3.12/site-packages/airflow/example_dags/example_branch_datetime_operator.py for tasks to queue
[2026-06-13T12:19:29.708+0000] {logging_mixin.py:188} INFO - [2026-06-13T12:19:29.707+0000] {dagbag.py:545} INFO - Filling up the DagBag from /home/airflow/.local/lib/python3.12/site-packages/airflow/example_dags/example_branch_datetime_operator.py
[2026-06-13T12:19:29.719+0000] {processor.py:840} INFO - DAG(s) 'example_branch_datetime_operator', 'example_branch_datetime_operator_3', 'example_branch_datetime_operator_2' retrieved from /home/airflow/.local/lib/python3.12/site-packages/airflow/example_dags/example_branch_datetime_operator.py
[2026-06-13T12:19:29.868+0000] {logging_mixin.py:188} INFO - [2026-06-13T12:19:29.868+0000] {dag.py:3096} INFO - Sync 3 DAGs
[2026-06-13T12:19:29.891+0000] {logging_mixin.py:188} INFO - [2026-06-13T12:19:29.891+0000] {dag.py:3954} INFO - Setting next_dagrun for example_branch_datetime_operator to 2026-06-12 00:00:00+00:00, run_after=2026-06-13 00:00:00+00:00
[2026-06-13T12:19:29.896+0000] {logging_mixin.py:188} INFO - [2026-06-13T12:19:29.896+0000] {dag.py:3954} INFO - Setting next_dagrun for example_branch_datetime_operator_2 to 2026-06-12 00:00:00+00:00, run_after=2026-06-13 00:00:00+00:00
[2026-06-13T12:19:29.900+0000] {logging_mixin.py:188} INFO - [2026-06-13T12:19:29.900+0000] {dag.py:3954} INFO - Setting next_dagrun for example_branch_datetime_operator_3 to 2026-06-12 00:00:00+00:00, run_after=2026-06-13 00:00:00+00:00
[2026-06-13T12:19:29.926+0000] {processor.py:183} INFO - Processing /home/airflow/.local/lib/python3.12/site-packages/airflow/example_dags/example_branch_datetime_operator.py took 0.230 seconds
[2026-06-13T12:20:00.032+0000] {processor.py:161} INFO - Started process (PID=191) to work on /home/airflow/.local/lib/python3.12/site-packages/airflow/example_dags/example_branch_datetime_operator.py
[2026-06-13T12:20:00.034+0000] {processor.py:830} INFO - Processing file /home/airflow/.local/lib/python3.12/site-packages/airflow/example_dags/example_branch_datetime_operator.py for tasks to queue
[2026-06-13T12:20:00.036+0000] {logging_mixin.py:188} INFO - [2026-06-13T12:20:00.036+0000] {dagbag.py:545} INFO - Filling up the DagBag from /home/airflow/.local/lib/python3.12/site-packages/airflow/example_dags/example_branch_datetime_operator.py
[2026-06-13T12:20:00.049+0000] {processor.py:840} INFO - DAG(s) 'example_branch_datetime_operator', 'example_branch_datetime_operator_3', 'example_branch_datetime_operator_2' retrieved from /home/airflow/.local/lib/python3.12/site-packages/airflow/example_dags/example_branch_datetime_operator.py
[2026-06-13T12:20:00.084+0000] {logging_mixin.py:188} INFO - [2026-06-13T12:20:00.084+0000] {dag.py:3096} INFO - Sync 3 DAGs
[2026-06-13T12:20:00.111+0000] {logging_mixin.py:188} INFO - [2026-06-13T12:20:00.111+0000] {dag.py:3954} INFO - Setting next_dagrun for example_branch_datetime_operator to 2026-06-12 00:00:00+00:00, run_after=2026-06-13 00:00:00+00:00
[2026-06-13T12:20:00.118+0000] {logging_mixin.py:188} INFO - [2026-06-13T12:20:00.118+0000] {dag.py:3954} INFO - Setting next_dagrun for example_branch_datetime_operator_2 to 2026-06-12 00:00:00+00:00, run_after=2026-06-13 00:00:00+00:00
[2026-06-13T12:20:00.122+0000] {logging_mixin.py:188} INFO - [2026-06-13T12:20:00.121+0000] {dag.py:3954} INFO - Setting next_dagrun for example_branch_datetime_operator_3 to 2026-06-12 00:00:00+00:00, run_after=2026-06-13 00:00:00+00:00
[2026-06-13T12:20:00.145+0000] {processor.py:183} INFO - Processing /home/airflow/.local/lib/python3.12/site-packages/airflow/example_dags/example_branch_datetime_operator.py took 0.120 seconds
[2026-06-13T12:20:30.341+0000] {processor.py:161} INFO - Started process (PID=251) to work on /home/airflow/.local/lib/python3.12/site-packages/airflow/example_dags/example_branch_datetime_operator.py
[2026-06-13T12:20:30.343+0000] {processor.py:830} INFO - Processing file /home/airflow/.local/lib/python3.12/site-packages/airflow/example_dags/example_branch_datetime_operator.py for tasks to queue
[2026-06-13T12:20:30.346+0000] {logging_mixin.py:188} INFO - [2026-06-13T12:20:30.345+0000] {dagbag.py:545} INFO - Filling up the DagBag from /home/airflow/.local/lib/python3.12/site-packages/airflow/example_dags/example_branch_datetime_operator.py
[2026-06-13T12:20:30.356+0000] {processor.py:840} INFO - DAG(s) 'example_branch_datetime_operator_3', 'example_branch_datetime_operator', 'example_branch_datetime_operator_2' retrieved from /home/airflow/.local/lib/python3.12/site-packages/airflow/example_dags/example_branch_datetime_operator.py
[2026-06-13T12:20:30.394+0000] {logging_mixin.py:188} INFO - [2026-06-13T12:20:30.394+0000] {dag.py:3096} INFO - Sync 3 DAGs
[2026-06-13T12:20:30.422+0000] {logging_mixin.py:188} INFO - [2026-06-13T12:20:30.421+0000] {dag.py:3954} INFO - Setting next_dagrun for example_branch_datetime_operator to 2026-06-12 00:00:00+00:00, run_after=2026-06-13 00:00:00+00:00
[2026-06-13T12:20:30.428+0000] {logging_mixin.py:188} INFO - [2026-06-13T12:20:30.428+0000] {dag.py:3954} INFO - Setting next_dagrun for example_branch_datetime_operator_2 to 2026-06-12 00:00:00+00:00, run_after=2026-06-13 00:00:00+00:00
[2026-06-13T12:20:30.433+0000] {logging_mixin.py:188} INFO - [2026-06-13T12:20:30.433+0000] {dag.py:3954} INFO - Setting next_dagrun for example_branch_datetime_operator_3 to 2026-06-12 00:00:00+00:00, run_after=2026-06-13 00:00:00+00:00
[2026-06-13T12:20:30.460+0000] {processor.py:183} INFO - Processing /home/airflow/.local/lib/python3.12/site-packages/airflow/example_dags/example_branch_datetime_operator.py took 0.125 seconds
[2026-06-13T12:21:00.756+0000] {processor.py:161} INFO - Started process (PID=310) to work on /home/airflow/.local/lib/python3.12/site-packages/airflow/example_dags/example_branch_datetime_operator.py
[2026-06-13T12:21:00.758+0000] {processor.py:830} INFO - Processing file /home/airflow/.local/lib/python3.12/site-packages/airflow/example_dags/example_branch_datetime_operator.py for tasks to queue
[2026-06-13T12:21:00.760+0000] {logging_mixin.py:188} INFO - [2026-06-13T12:21:00.759+0000] {dagbag.py:545} INFO - Filling up the DagBag from /home/airflow/.local/lib/python3.12/site-packages/airflow/example_dags/example_branch_datetime_operator.py
[2026-06-13T12:21:00.771+0000] {processor.py:840} INFO - DAG(s) 'example_branch_datetime_operator', 'example_branch_datetime_operator_2', 'example_branch_datetime_operator_3' retrieved from /home/airflow/.local/lib/python3.12/site-packages/airflow/example_dags/example_branch_datetime_operator.py
[2026-06-13T12:21:00.803+0000] {logging_mixin.py:188} INFO - [2026-06-13T12:21:00.802+0000] {dag.py:3096} INFO - Sync 3 DAGs
[2026-06-13T12:21:00.829+0000] {logging_mixin.py:188} INFO - [2026-06-13T12:21:00.829+0000] {dag.py:3954} INFO - Setting next_dagrun for example_branch_datetime_operator to 2026-06-12 00:00:00+00:00, run_after=2026-06-13 00:00:00+00:00
[2026-06-13T12:21:00.834+0000] {logging_mixin.py:188} INFO - [2026-06-13T12:21:00.834+0000] {dag.py:3954} INFO - Setting next_dagrun for example_branch_datetime_operator_2 to 2026-06-12 00:00:00+00:00, run_after=2026-06-13 00:00:00+00:00
[2026-06-13T12:21:00.837+0000] {logging_mixin.py:188} INFO - [2026-06-13T12:21:00.837+0000] {dag.py:3954} INFO - Setting next_dagrun for example_branch_datetime_operator_3 to 2026-06-12 00:00:00+00:00, run_after=2026-06-13 00:00:00+00:00
[2026-06-13T12:21:00.865+0000] {processor.py:183} INFO - Processing /home/airflow/.local/lib/python3.12/site-packages/airflow/example_dags/example_branch_datetime_operator.py took 0.115 seconds
[2026-06-13T12:21:31.046+0000] {processor.py:161} INFO - Started process (PID=369) to work on /home/airflow/.local/lib/python3.12/site-packages/airflow/example_dags/example_branch_datetime_operator.py
[2026-06-13T12:21:31.047+0000] {processor.py:830} INFO - Processing file /home/airflow/.local/lib/python3.12/site-packages/airflow/example_dags/example_branch_datetime_operator.py for tasks to queue
[2026-06-13T12:21:31.050+0000] {logging_mixin.py:188} INFO - [2026-06-13T12:21:31.049+0000] {dagbag.py:545} INFO - Filling up the DagBag from /home/airflow/.local/lib/python3.12/site-packages/airflow/example_dags/example_branch_datetime_operator.py
[2026-06-13T12:21:31.060+0000] {processor.py:840} INFO - DAG(s) 'example_branch_datetime_operator', 'example_branch_datetime_operator_2', 'example_branch_datetime_operator_3' retrieved from /home/airflow/.local/lib/python3.12/site-packages/airflow/example_dags/example_branch_datetime_operator.py
[2026-06-13T12:21:31.096+0000] {logging_mixin.py:188} INFO - [2026-06-13T12:21:31.095+0000] {dag.py:3096} INFO - Sync 3 DAGs
[2026-06-13T12:21:31.123+0000] {logging_mixin.py:188} INFO - [2026-06-13T12:21:31.123+0000] {dag.py:3954} INFO - Setting next_dagrun for example_branch_datetime_operator to 2026-06-12 00:00:00+00:00, run_after=2026-06-13 00:00:00+00:00
[2026-06-13T12:21:31.130+0000] {logging_mixin.py:188} INFO - [2026-06-13T12:21:31.129+0000] {dag.py:3954} INFO - Setting next_dagrun for example_branch_datetime_operator_2 to 2026-06-12 00:00:00+00:00, run_after=2026-06-13 00:00:00+00:00
[2026-06-13T12:21:31.134+0000] {logging_mixin.py:188} INFO - [2026-06-13T12:21:31.134+0000] {dag.py:3954} INFO - Setting next_dagrun for example_branch_datetime_operator_3 to 2026-06-12 00:00:00+00:00, run_after=2026-06-13 00:00:00+00:00
[2026-06-13T12:21:31.159+0000] {processor.py:183} INFO - Processing /home/airflow/.local/lib/python3.12/site-packages/airflow/example_dags/example_branch_datetime_operator.py took 0.119 seconds
[2026-06-13T12:22:01.410+0000] {processor.py:161} INFO - Started process (PID=429) to work on /home/airflow/.local/lib/python3.12/site-packages/airflow/example_dags/example_branch_datetime_operator.py
[2026-06-13T12:22:01.411+0000] {processor.py:830} INFO - Processing file /home/airflow/.local/lib/python3.12/site-packages/airflow/example_dags/example_branch_datetime_operator.py for tasks to queue
[2026-06-13T12:22:01.414+0000] {logging_mixin.py:188} INFO - [2026-06-13T12:22:01.413+0000] {dagbag.py:545} INFO - Filling up the DagBag from /home/airflow/.local/lib/python3.12/site-packages/airflow/example_dags/example_branch_datetime_operator.py
[2026-06-13T12:22:01.426+0000] {processor.py:840} INFO - DAG(s) 'example_branch_datetime_operator', 'example_branch_datetime_operator_3', 'example_branch_datetime_operator_2' retrieved from /home/airflow/.local/lib/python3.12/site-packages/airflow/example_dags/example_branch_datetime_operator.py
[2026-06-13T12:22:01.461+0000] {logging_mixin.py:188} INFO - [2026-06-13T12:22:01.461+0000] {dag.py:3096} INFO - Sync 3 DAGs
[2026-06-13T12:22:01.487+0000] {logging_mixin.py:188} INFO - [2026-06-13T12:22:01.487+0000] {dag.py:3954} INFO - Setting next_dagrun for example_branch_datetime_operator to 2026-06-12 00:00:00+00:00, run_after=2026-06-13 00:00:00+00:00
[2026-06-13T12:22:01.493+0000] {logging_mixin.py:188} INFO - [2026-06-13T12:22:01.493+0000] {dag.py:3954} INFO - Setting next_dagrun for example_branch_datetime_operator_2 to 2026-06-12 00:00:00+00:00, run_after=2026-06-13 00:00:00+00:00
[2026-06-13T12:22:01.497+0000] {logging_mixin.py:188} INFO - [2026-06-13T12:22:01.496+0000] {dag.py:3954} INFO - Setting next_dagrun for example_branch_datetime_operator_3 to 2026-06-12 00:00:00+00:00, run_after=2026-06-13 00:00:00+00:00
[2026-06-13T12:22:01.520+0000] {processor.py:183} INFO - Processing /home/airflow/.local/lib/python3.12/site-packages/airflow/example_dags/example_branch_datetime_operator.py took 0.117 seconds
[2026-06-13T12:22:31.630+0000] {processor.py:161} INFO - Started process (PID=488) to work on /home/airflow/.local/lib/python3.12/site-packages/airflow/example_dags/example_branch_datetime_operator.py
[2026-06-13T12:22:31.632+0000] {processor.py:830} INFO - Processing file /home/airflow/.local/lib/python3.12/site-packages/airflow/example_dags/example_branch_datetime_operator.py for tasks to queue
[2026-06-13T12:22:31.634+0000] {logging_mixin.py:188} INFO - [2026-06-13T12:22:31.634+0000] {dagbag.py:545} INFO - Filling up the DagBag from /home/airflow/.local/lib/python3.12/site-packages/airflow/example_dags/example_branch_datetime_operator.py
[2026-06-13T12:22:31.645+0000] {processor.py:840} INFO - DAG(s) 'example_branch_datetime_operator', 'example_branch_datetime_operator_2', 'example_branch_datetime_operator_3' retrieved from /home/airflow/.local/lib/python3.12/site-packages/airflow/example_dags/example_branch_datetime_operator.py
[2026-06-13T12:22:31.679+0000] {logging_mixin.py:188} INFO - [2026-06-13T12:22:31.679+0000] {dag.py:3096} INFO - Sync 3 DAGs
[2026-06-13T12:22:31.703+0000] {logging_mixin.py:188} INFO - [2026-06-13T12:22:31.703+0000] {dag.py:3954} INFO - Setting next_dagrun for example_branch_datetime_operator to 2026-06-12 00:00:00+00:00, run_after=2026-06-13 00:00:00+00:00
[2026-06-13T12:22:31.709+0000] {logging_mixin.py:188} INFO - [2026-06-13T12:22:31.709+0000] {dag.py:3954} INFO - Setting next_dagrun for example_branch_datetime_operator_2 to 2026-06-12 00:00:00+00:00, run_after=2026-06-13 00:00:00+00:00
[2026-06-13T12:22:31.714+0000] {logging_mixin.py:188} INFO - [2026-06-13T12:22:31.714+0000] {dag.py:3954} INFO - Setting next_dagrun for example_branch_datetime_operator_3 to 2026-06-12 00:00:00+00:00, run_after=2026-06-13 00:00:00+00:00
[2026-06-13T12:22:31.737+0000] {processor.py:183} INFO - Processing /home/airflow/.local/lib/python3.12/site-packages/airflow/example_dags/example_branch_datetime_operator.py took 0.113 seconds
[2026-06-13T12:23:01.866+0000] {processor.py:161} INFO - Started process (PID=546) to work on /home/airflow/.local/lib/python3.12/site-packages/airflow/example_dags/example_branch_datetime_operator.py
[2026-06-13T12:23:01.867+0000] {processor.py:830} INFO - Processing file /home/airflow/.local/lib/python3.12/site-packages/airflow/example_dags/example_branch_datetime_operator.py for tasks to queue
[2026-06-13T12:23:01.870+0000] {logging_mixin.py:188} INFO - [2026-06-13T12:23:01.870+0000] {dagbag.py:545} INFO - Filling up the DagBag from /home/airflow/.local/lib/python3.12/site-packages/airflow/example_dags/example_branch_datetime_operator.py
[2026-06-13T12:23:01.882+0000] {processor.py:840} INFO - DAG(s) 'example_branch_datetime_operator_2', 'example_branch_datetime_operator_3', 'example_branch_datetime_operator' retrieved from /home/airflow/.local/lib/python3.12/site-packages/airflow/example_dags/example_branch_datetime_operator.py
[2026-06-13T12:23:01.923+0000] {logging_mixin.py:188} INFO - [2026-06-13T12:23:01.923+0000] {dag.py:3096} INFO - Sync 3 DAGs
[2026-06-13T12:23:01.948+0000] {logging_mixin.py:188} INFO - [2026-06-13T12:23:01.948+0000] {dag.py:3954} INFO - Setting next_dagrun for example_branch_datetime_operator to 2026-06-12 00:00:00+00:00, run_after=2026-06-13 00:00:00+00:00
[2026-06-13T12:23:01.955+0000] {logging_mixin.py:188} INFO - [2026-06-13T12:23:01.955+0000] {dag.py:3954} INFO - Setting next_dagrun for example_branch_datetime_operator_2 to 2026-06-12 00:00:00+00:00, run_after=2026-06-13 00:00:00+00:00
[2026-06-13T12:23:01.959+0000] {logging_mixin.py:188} INFO - [2026-06-13T12:23:01.958+0000] {dag.py:3954} INFO - Setting next_dagrun for example_branch_datetime_operator_3 to 2026-06-12 00:00:00+00:00, run_after=2026-06-13 00:00:00+00:00
[2026-06-13T12:23:01.981+0000] {processor.py:183} INFO - Processing /home/airflow/.local/lib/python3.12/site-packages/airflow/example_dags/example_branch_datetime_operator.py took 0.121 seconds
[2026-06-13T12:26:03.562+0000] {processor.py:161} INFO - Started process (PID=606) to work on /home/airflow/.local/lib/python3.12/site-packages/airflow/example_dags/example_branch_datetime_operator.py
[2026-06-13T12:26:03.564+0000] {processor.py:830} INFO - Processing file /home/airflow/.local/lib/python3.12/site-packages/airflow/example_dags/example_branch_datetime_operator.py for tasks to queue
[2026-06-13T12:26:03.566+0000] {logging_mixin.py:188} INFO - [2026-06-13T12:26:03.566+0000] {dagbag.py:545} INFO - Filling up the DagBag from /home/airflow/.local/lib/python3.12/site-packages/airflow/example_dags/example_branch_datetime_operator.py
[2026-06-13T12:26:03.578+0000] {processor.py:840} INFO - DAG(s) 'example_branch_datetime_operator_2', 'example_branch_datetime_operator_3', 'example_branch_datetime_operator' retrieved from /home/airflow/.local/lib/python3.12/site-packages/airflow/example_dags/example_branch_datetime_operator.py
[2026-06-13T12:26:03.615+0000] {logging_mixin.py:188} INFO - [2026-06-13T12:26:03.615+0000] {dag.py:3096} INFO - Sync 3 DAGs
[2026-06-13T12:26:03.642+0000] {logging_mixin.py:188} INFO - [2026-06-13T12:26:03.642+0000] {dag.py:3954} INFO - Setting next_dagrun for example_branch_datetime_operator to 2026-06-12 00:00:00+00:00, run_after=2026-06-13 00:00:00+00:00
[2026-06-13T12:26:03.648+0000] {logging_mixin.py:188} INFO - [2026-06-13T12:26:03.648+0000] {dag.py:3954} INFO - Setting next_dagrun for example_branch_datetime_operator_2 to 2026-06-12 00:00:00+00:00, run_after=2026-06-13 00:00:00+00:00
[2026-06-13T12:26:03.652+0000] {logging_mixin.py:188} INFO - [2026-06-13T12:26:03.651+0000] {dag.py:3954} INFO - Setting next_dagrun for example_branch_datetime_operator_3 to 2026-06-12 00:00:00+00:00, run_after=2026-06-13 00:00:00+00:00
[2026-06-13T12:26:03.675+0000] {processor.py:183} INFO - Processing /home/airflow/.local/lib/python3.12/site-packages/airflow/example_dags/example_branch_datetime_operator.py took 0.120 seconds
[2026-06-13T12:26:34.755+0000] {processor.py:161} INFO - Started process (PID=665) to work on /home/airflow/.local/lib/python3.12/site-packages/airflow/example_dags/example_branch_datetime_operator.py
[2026-06-13T12:26:34.757+0000] {processor.py:830} INFO - Processing file /home/airflow/.local/lib/python3.12/site-packages/airflow/example_dags/example_branch_datetime_operator.py for tasks to queue
[2026-06-13T12:26:34.760+0000] {logging_mixin.py:188} INFO - [2026-06-13T12:26:34.760+0000] {dagbag.py:545} INFO - Filling up the DagBag from /home/airflow/.local/lib/python3.12/site-packages/airflow/example_dags/example_branch_datetime_operator.py
[2026-06-13T12:26:34.772+0000] {processor.py:840} INFO - DAG(s) 'example_branch_datetime_operator_2', 'example_branch_datetime_operator', 'example_branch_datetime_operator_3' retrieved from /home/airflow/.local/lib/python3.12/site-packages/airflow/example_dags/example_branch_datetime_operator.py
[2026-06-13T12:26:34.808+0000] {logging_mixin.py:188} INFO - [2026-06-13T12:26:34.808+0000] {dag.py:3096} INFO - Sync 3 DAGs
[2026-06-13T12:26:34.845+0000] {logging_mixin.py:188} INFO - [2026-06-13T12:26:34.845+0000] {dag.py:3954} INFO - Setting next_dagrun for example_branch_datetime_operator to 2026-06-12 00:00:00+00:00, run_after=2026-06-13 00:00:00+00:00
[2026-06-13T12:26:34.854+0000] {logging_mixin.py:188} INFO - [2026-06-13T12:26:34.854+0000] {dag.py:3954} INFO - Setting next_dagrun for example_branch_datetime_operator_2 to 2026-06-12 00:00:00+00:00, run_after=2026-06-13 00:00:00+00:00
[2026-06-13T12:26:34.860+0000] {logging_mixin.py:188} INFO - [2026-06-13T12:26:34.859+0000] {dag.py:3954} INFO - Setting next_dagrun for example_branch_datetime_operator_3 to 2026-06-12 00:00:00+00:00, run_after=2026-06-13 00:00:00+00:00
[2026-06-13T12:26:34.888+0000] {processor.py:183} INFO - Processing /home/airflow/.local/lib/python3.12/site-packages/airflow/example_dags/example_branch_datetime_operator.py took 0.139 seconds
[2026-06-13T12:27:05.597+0000] {processor.py:161} INFO - Started process (PID=725) to work on /home/airflow/.local/lib/python3.12/site-packages/airflow/example_dags/example_branch_datetime_operator.py
[2026-06-13T12:27:05.599+0000] {processor.py:830} INFO - Processing file /home/airflow/.local/lib/python3.12/site-packages/airflow/example_dags/example_branch_datetime_operator.py for tasks to queue
[2026-06-13T12:27:05.601+0000] {logging_mixin.py:188} INFO - [2026-06-13T12:27:05.601+0000] {dagbag.py:545} INFO - Filling up the DagBag from /home/airflow/.local/lib/python3.12/site-packages/airflow/example_dags/example_branch_datetime_operator.py
[2026-06-13T12:27:05.614+0000] {processor.py:840} INFO - DAG(s) 'example_branch_datetime_operator_3', 'example_branch_datetime_operator', 'example_branch_datetime_operator_2' retrieved from /home/airflow/.local/lib/python3.12/site-packages/airflow/example_dags/example_branch_datetime_operator.py
[2026-06-13T12:27:05.653+0000] {logging_mixin.py:188} INFO - [2026-06-13T12:27:05.653+0000] {dag.py:3096} INFO - Sync 3 DAGs
[2026-06-13T12:27:05.684+0000] {logging_mixin.py:188} INFO - [2026-06-13T12:27:05.683+0000] {dag.py:3954} INFO - Setting next_dagrun for example_branch_datetime_operator to 2026-06-12 00:00:00+00:00, run_after=2026-06-13 00:00:00+00:00
[2026-06-13T12:27:05.694+0000] {logging_mixin.py:188} INFO - [2026-06-13T12:27:05.693+0000] {dag.py:3954} INFO - Setting next_dagrun for example_branch_datetime_operator_2 to 2026-06-12 00:00:00+00:00, run_after=2026-06-13 00:00:00+00:00
[2026-06-13T12:27:05.699+0000] {logging_mixin.py:188} INFO - [2026-06-13T12:27:05.698+0000] {dag.py:3954} INFO - Setting next_dagrun for example_branch_datetime_operator_3 to 2026-06-12 00:00:00+00:00, run_after=2026-06-13 00:00:00+00:00
[2026-06-13T12:27:05.728+0000] {processor.py:183} INFO - Processing /home/airflow/.local/lib/python3.12/site-packages/airflow/example_dags/example_branch_datetime_operator.py took 0.137 seconds
[2026-06-13T12:27:36.089+0000] {processor.py:161} INFO - Started process (PID=784) to work on /home/airflow/.local/lib/python3.12/site-packages/airflow/example_dags/example_branch_datetime_operator.py
[2026-06-13T12:27:36.090+0000] {processor.py:830} INFO - Processing file /home/airflow/.local/lib/python3.12/site-packages/airflow/example_dags/example_branch_datetime_operator.py for tasks to queue
[2026-06-13T12:27:36.093+0000] {logging_mixin.py:188} INFO - [2026-06-13T12:27:36.092+0000] {dagbag.py:545} INFO - Filling up the DagBag from /home/airflow/.local/lib/python3.12/site-packages/airflow/example_dags/example_branch_datetime_operator.py
[2026-06-13T12:27:36.103+0000] {processor.py:840} INFO - DAG(s) 'example_branch_datetime_operator_2', 'example_branch_datetime_operator', 'example_branch_datetime_operator_3' retrieved from /home/airflow/.local/lib/python3.12/site-packages/airflow/example_dags/example_branch_datetime_operator.py
[2026-06-13T12:27:36.142+0000] {logging_mixin.py:188} INFO - [2026-06-13T12:27:36.141+0000] {dag.py:3096} INFO - Sync 3 DAGs
[2026-06-13T12:27:36.168+0000] {logging_mixin.py:188} INFO - [2026-06-13T12:27:36.168+0000] {dag.py:3954} INFO - Setting next_dagrun for example_branch_datetime_operator to 2026-06-12 00:00:00+00:00, run_after=2026-06-13 00:00:00+00:00
[2026-06-13T12:27:36.175+0000] {logging_mixin.py:188} INFO - [2026-06-13T12:27:36.174+0000] {dag.py:3954} INFO - Setting next_dagrun for example_branch_datetime_operator_2 to 2026-06-12 00:00:00+00:00, run_after=2026-06-13 00:00:00+00:00
[2026-06-13T12:27:36.179+0000] {logging_mixin.py:188} INFO - [2026-06-13T12:27:36.179+0000] {dag.py:3954} INFO - Setting next_dagrun for example_branch_datetime_operator_3 to 2026-06-12 00:00:00+00:00, run_after=2026-06-13 00:00:00+00:00
[2026-06-13T12:27:36.204+0000] {processor.py:183} INFO - Processing /home/airflow/.local/lib/python3.12/site-packages/airflow/example_dags/example_branch_datetime_operator.py took 0.122 seconds
[2026-06-13T12:28:06.531+0000] {processor.py:161} INFO - Started process (PID=843) to work on /home/airflow/.local/lib/python3.12/site-packages/airflow/example_dags/example_branch_datetime_operator.py
[2026-06-13T12:28:06.533+0000] {processor.py:830} INFO - Processing file /home/airflow/.local/lib/python3.12/site-packages/airflow/example_dags/example_branch_datetime_operator.py for tasks to queue
[2026-06-13T12:28:06.537+0000] {logging_mixin.py:188} INFO - [2026-06-13T12:28:06.536+0000] {dagbag.py:545} INFO - Filling up the DagBag from /home/airflow/.local/lib/python3.12/site-packages/airflow/example_dags/example_branch_datetime_operator.py
[2026-06-13T12:28:06.548+0000] {processor.py:840} INFO - DAG(s) 'example_branch_datetime_operator_3', 'example_branch_datetime_operator_2', 'example_branch_datetime_operator' retrieved from /home/airflow/.local/lib/python3.12/site-packages/airflow/example_dags/example_branch_datetime_operator.py
[2026-06-13T12:28:06.586+0000] {logging_mixin.py:188} INFO - [2026-06-13T12:28:06.585+0000] {dag.py:3096} INFO - Sync 3 DAGs
[2026-06-13T12:28:06.611+0000] {logging_mixin.py:188} INFO - [2026-06-13T12:28:06.610+0000] {dag.py:3954} INFO - Setting next_dagrun for example_branch_datetime_operator to 2026-06-12 00:00:00+00:00, run_after=2026-06-13 00:00:00+00:00
[2026-06-13T12:28:06.617+0000] {logging_mixin.py:188} INFO - [2026-06-13T12:28:06.617+0000] {dag.py:3954} INFO - Setting next_dagrun for example_branch_datetime_operator_2 to 2026-06-12 00:00:00+00:00, run_after=2026-06-13 00:00:00+00:00
[2026-06-13T12:28:06.621+0000] {logging_mixin.py:188} INFO - [2026-06-13T12:28:06.620+0000] {dag.py:3954} INFO - Setting next_dagrun for example_branch_datetime_operator_3 to 2026-06-12 00:00:00+00:00, run_after=2026-06-13 00:00:00+00:00
[2026-06-13T12:28:06.647+0000] {processor.py:183} INFO - Processing /home/airflow/.local/lib/python3.12/site-packages/airflow/example_dags/example_branch_datetime_operator.py took 0.123 seconds
[2026-06-13T12:28:36.922+0000] {processor.py:161} INFO - Started process (PID=902) to work on /home/airflow/.local/lib/python3.12/site-packages/airflow/example_dags/example_branch_datetime_operator.py
[2026-06-13T12:28:36.923+0000] {processor.py:830} INFO - Processing file /home/airflow/.local/lib/python3.12/site-packages/airflow/example_dags/example_branch_datetime_operator.py for tasks to queue
[2026-06-13T12:28:36.926+0000] {logging_mixin.py:188} INFO - [2026-06-13T12:28:36.926+0000] {dagbag.py:545} INFO - Filling up the DagBag from /home/airflow/.local/lib/python3.12/site-packages/airflow/example_dags/example_branch_datetime_operator.py
[2026-06-13T12:28:36.937+0000] {processor.py:840} INFO - DAG(s) 'example_branch_datetime_operator_2', 'example_branch_datetime_operator', 'example_branch_datetime_operator_3' retrieved from /home/airflow/.local/lib/python3.12/site-packages/airflow/example_dags/example_branch_datetime_operator.py
[2026-06-13T12:28:36.975+0000] {logging_mixin.py:188} INFO - [2026-06-13T12:28:36.974+0000] {dag.py:3096} INFO - Sync 3 DAGs
[2026-06-13T12:28:37.003+0000] {logging_mixin.py:188} INFO - [2026-06-13T12:28:37.003+0000] {dag.py:3954} INFO - Setting next_dagrun for example_branch_datetime_operator to 2026-06-12 00:00:00+00:00, run_after=2026-06-13 00:00:00+00:00
[2026-06-13T12:28:37.010+0000] {logging_mixin.py:188} INFO - [2026-06-13T12:28:37.010+0000] {dag.py:3954} INFO - Setting next_dagrun for example_branch_datetime_operator_2 to 2026-06-12 00:00:00+00:00, run_after=2026-06-13 00:00:00+00:00
[2026-06-13T12:28:37.015+0000] {logging_mixin.py:188} INFO - [2026-06-13T12:28:37.015+0000] {dag.py:3954} INFO - Setting next_dagrun for example_branch_datetime_operator_3 to 2026-06-12 00:00:00+00:00, run_after=2026-06-13 00:00:00+00:00
[2026-06-13T12:28:37.039+0000] {processor.py:183} INFO - Processing /home/airflow/.local/lib/python3.12/site-packages/airflow/example_dags/example_branch_datetime_operator.py took 0.124 seconds
[2026-06-13T12:29:07.310+0000] {processor.py:161} INFO - Started process (PID=962) to work on /home/airflow/.local/lib/python3.12/site-packages/airflow/example_dags/example_branch_datetime_operator.py
[2026-06-13T12:29:07.311+0000] {processor.py:830} INFO - Processing file /home/airflow/.local/lib/python3.12/site-packages/airflow/example_dags/example_branch_datetime_operator.py for tasks to queue
[2026-06-13T12:29:07.314+0000] {logging_mixin.py:188} INFO - [2026-06-13T12:29:07.314+0000] {dagbag.py:545} INFO - Filling up the DagBag from /home/airflow/.local/lib/python3.12/site-packages/airflow/example_dags/example_branch_datetime_operator.py
[2026-06-13T12:29:07.325+0000] {processor.py:840} INFO - DAG(s) 'example_branch_datetime_operator_2', 'example_branch_datetime_operator_3', 'example_branch_datetime_operator' retrieved from /home/airflow/.local/lib/python3.12/site-packages/airflow/example_dags/example_branch_datetime_operator.py
[2026-06-13T12:29:07.361+0000] {logging_mixin.py:188} INFO - [2026-06-13T12:29:07.360+0000] {dag.py:3096} INFO - Sync 3 DAGs
[2026-06-13T12:29:07.389+0000] {logging_mixin.py:188} INFO - [2026-06-13T12:29:07.389+0000] {dag.py:3954} INFO - Setting next_dagrun for example_branch_datetime_operator to 2026-06-12 00:00:00+00:00, run_after=2026-06-13 00:00:00+00:00
[2026-06-13T12:29:07.397+0000] {logging_mixin.py:188} INFO - [2026-06-13T12:29:07.396+0000] {dag.py:3954} INFO - Setting next_dagrun for example_branch_datetime_operator_2 to 2026-06-12 00:00:00+00:00, run_after=2026-06-13 00:00:00+00:00
[2026-06-13T12:29:07.401+0000] {logging_mixin.py:188} INFO - [2026-06-13T12:29:07.400+0000] {dag.py:3954} INFO - Setting next_dagrun for example_branch_datetime_operator_3 to 2026-06-12 00:00:00+00:00, run_after=2026-06-13 00:00:00+00:00
[2026-06-13T12:29:07.426+0000] {processor.py:183} INFO - Processing /home/airflow/.local/lib/python3.12/site-packages/airflow/example_dags/example_branch_datetime_operator.py took 0.123 seconds
[2026-06-13T12:29:37.777+0000] {processor.py:161} INFO - Started process (PID=1022) to work on /home/airflow/.local/lib/python3.12/site-packages/airflow/example_dags/example_branch_datetime_operator.py
[2026-06-13T12:29:37.779+0000] {processor.py:830} INFO - Processing file /home/airflow/.local/lib/python3.12/site-packages/airflow/example_dags/example_branch_datetime_operator.py for tasks to queue
[2026-06-13T12:29:37.782+0000] {logging_mixin.py:188} INFO - [2026-06-13T12:29:37.781+0000] {dagbag.py:545} INFO - Filling up the DagBag from /home/airflow/.local/lib/python3.12/site-packages/airflow/example_dags/example_branch_datetime_operator.py
[2026-06-13T12:29:37.794+0000] {processor.py:840} INFO - DAG(s) 'example_branch_datetime_operator', 'example_branch_datetime_operator_2', 'example_branch_datetime_operator_3' retrieved from /home/airflow/.local/lib/python3.12/site-packages/airflow/example_dags/example_branch_datetime_operator.py
[2026-06-13T12:29:37.829+0000] {logging_mixin.py:188} INFO - [2026-06-13T12:29:37.829+0000] {dag.py:3096} INFO - Sync 3 DAGs
[2026-06-13T12:29:37.856+0000] {logging_mixin.py:188} INFO - [2026-06-13T12:29:37.856+0000] {dag.py:3954} INFO - Setting next_dagrun for example_branch_datetime_operator to 2026-06-12 00:00:00+00:00, run_after=2026-06-13 00:00:00+00:00
[2026-06-13T12:29:37.862+0000] {logging_mixin.py:188} INFO - [2026-06-13T12:29:37.862+0000] {dag.py:3954} INFO - Setting next_dagrun for example_branch_datetime_operator_2 to 2026-06-12 00:00:00+00:00, run_after=2026-06-13 00:00:00+00:00
[2026-06-13T12:29:37.867+0000] {logging_mixin.py:188} INFO - [2026-06-13T12:29:37.866+0000] {dag.py:3954} INFO - Setting next_dagrun for example_branch_datetime_operator_3 to 2026-06-12 00:00:00+00:00, run_after=2026-06-13 00:00:00+00:00
[2026-06-13T12:29:37.893+0000] {processor.py:183} INFO - Processing /home/airflow/.local/lib/python3.12/site-packages/airflow/example_dags/example_branch_datetime_operator.py took 0.122 seconds
[2026-06-13T12:30:08.949+0000] {processor.py:161} INFO - Started process (PID=1087) to work on /home/airflow/.local/lib/python3.12/site-packages/airflow/example_dags/example_branch_datetime_operator.py
[2026-06-13T12:30:08.951+0000] {processor.py:830} INFO - Processing file /home/airflow/.local/lib/python3.12/site-packages/airflow/example_dags/example_branch_datetime_operator.py for tasks to queue
[2026-06-13T12:30:08.954+0000] {logging_mixin.py:188} INFO - [2026-06-13T12:30:08.953+0000] {dagbag.py:545} INFO - Filling up the DagBag from /home/airflow/.local/lib/python3.12/site-packages/airflow/example_dags/example_branch_datetime_operator.py
[2026-06-13T12:30:08.966+0000] {processor.py:840} INFO - DAG(s) 'example_branch_datetime_operator_3', 'example_branch_datetime_operator', 'example_branch_datetime_operator_2' retrieved from /home/airflow/.local/lib/python3.12/site-packages/airflow/example_dags/example_branch_datetime_operator.py
[2026-06-13T12:30:09.002+0000] {logging_mixin.py:188} INFO - [2026-06-13T12:30:09.002+0000] {dag.py:3096} INFO - Sync 3 DAGs
[2026-06-13T12:30:09.029+0000] {logging_mixin.py:188} INFO - [2026-06-13T12:30:09.029+0000] {dag.py:3954} INFO - Setting next_dagrun for example_branch_datetime_operator to 2026-06-12 00:00:00+00:00, run_after=2026-06-13 00:00:00+00:00
[2026-06-13T12:30:09.036+0000] {logging_mixin.py:188} INFO - [2026-06-13T12:30:09.036+0000] {dag.py:3954} INFO - Setting next_dagrun for example_branch_datetime_operator_2 to 2026-06-12 00:00:00+00:00, run_after=2026-06-13 00:00:00+00:00
[2026-06-13T12:30:09.041+0000] {logging_mixin.py:188} INFO - [2026-06-13T12:30:09.040+0000] {dag.py:3954} INFO - Setting next_dagrun for example_branch_datetime_operator_3 to 2026-06-12 00:00:00+00:00, run_after=2026-06-13 00:00:00+00:00
[2026-06-13T12:30:09.065+0000] {processor.py:183} INFO - Processing /home/airflow/.local/lib/python3.12/site-packages/airflow/example_dags/example_branch_datetime_operator.py took 0.122 seconds
[2026-06-13T12:30:39.640+0000] {processor.py:161} INFO - Started process (PID=1146) to work on /home/airflow/.local/lib/python3.12/site-packages/airflow/example_dags/example_branch_datetime_operator.py
[2026-06-13T12:30:39.642+0000] {processor.py:830} INFO - Processing file /home/airflow/.local/lib/python3.12/site-packages/airflow/example_dags/example_branch_datetime_operator.py for tasks to queue
[2026-06-13T12:30:39.645+0000] {logging_mixin.py:188} INFO - [2026-06-13T12:30:39.645+0000] {dagbag.py:545} INFO - Filling up the DagBag from /home/airflow/.local/lib/python3.12/site-packages/airflow/example_dags/example_branch_datetime_operator.py
[2026-06-13T12:30:39.659+0000] {processor.py:840} INFO - DAG(s) 'example_branch_datetime_operator_3', 'example_branch_datetime_operator_2', 'example_branch_datetime_operator' retrieved from /home/airflow/.local/lib/python3.12/site-packages/airflow/example_dags/example_branch_datetime_operator.py
[2026-06-13T12:30:39.693+0000] {logging_mixin.py:188} INFO - [2026-06-13T12:30:39.693+0000] {dag.py:3096} INFO - Sync 3 DAGs
[2026-06-13T12:30:39.720+0000] {logging_mixin.py:188} INFO - [2026-06-13T12:30:39.720+0000] {dag.py:3954} INFO - Setting next_dagrun for example_branch_datetime_operator to 2026-06-12 00:00:00+00:00, run_after=2026-06-13 00:00:00+00:00
[2026-06-13T12:30:39.725+0000] {logging_mixin.py:188} INFO - [2026-06-13T12:30:39.725+0000] {dag.py:3954} INFO - Setting next_dagrun for example_branch_datetime_operator_2 to 2026-06-12 00:00:00+00:00, run_after=2026-06-13 00:00:00+00:00
[2026-06-13T12:30:39.730+0000] {logging_mixin.py:188} INFO - [2026-06-13T12:30:39.729+0000] {dag.py:3954} INFO - Setting next_dagrun for example_branch_datetime_operator_3 to 2026-06-12 00:00:00+00:00, run_after=2026-06-13 00:00:00+00:00
[2026-06-13T12:30:39.757+0000] {processor.py:183} INFO - Processing /home/airflow/.local/lib/python3.12/site-packages/airflow/example_dags/example_branch_datetime_operator.py took 0.123 seconds
[2026-06-13T12:31:10.123+0000] {processor.py:161} INFO - Started process (PID=1205) to work on /home/airflow/.local/lib/python3.12/site-packages/airflow/example_dags/example_branch_datetime_operator.py
[2026-06-13T12:31:10.125+0000] {processor.py:830} INFO - Processing file /home/airflow/.local/lib/python3.12/site-packages/airflow/example_dags/example_branch_datetime_operator.py for tasks to queue
[2026-06-13T12:31:10.128+0000] {logging_mixin.py:188} INFO - [2026-06-13T12:31:10.127+0000] {dagbag.py:545} INFO - Filling up the DagBag from /home/airflow/.local/lib/python3.12/site-packages/airflow/example_dags/example_branch_datetime_operator.py
[2026-06-13T12:31:10.139+0000] {processor.py:840} INFO - DAG(s) 'example_branch_datetime_operator_2', 'example_branch_datetime_operator_3', 'example_branch_datetime_operator' retrieved from /home/airflow/.local/lib/python3.12/site-packages/airflow/example_dags/example_branch_datetime_operator.py
[2026-06-13T12:31:10.177+0000] {logging_mixin.py:188} INFO - [2026-06-13T12:31:10.177+0000] {dag.py:3096} INFO - Sync 3 DAGs
[2026-06-13T12:31:10.205+0000] {logging_mixin.py:188} INFO - [2026-06-13T12:31:10.205+0000] {dag.py:3954} INFO - Setting next_dagrun for example_branch_datetime_operator to 2026-06-12 00:00:00+00:00, run_after=2026-06-13 00:00:00+00:00
[2026-06-13T12:31:10.212+0000] {logging_mixin.py:188} INFO - [2026-06-13T12:31:10.212+0000] {dag.py:3954} INFO - Setting next_dagrun for example_branch_datetime_operator_2 to 2026-06-12 00:00:00+00:00, run_after=2026-06-13 00:00:00+00:00
[2026-06-13T12:31:10.216+0000] {logging_mixin.py:188} INFO - [2026-06-13T12:31:10.216+0000] {dag.py:3954} INFO - Setting next_dagrun for example_branch_datetime_operator_3 to 2026-06-12 00:00:00+00:00, run_after=2026-06-13 00:00:00+00:00
[2026-06-13T12:31:10.241+0000] {processor.py:183} INFO - Processing /home/airflow/.local/lib/python3.12/site-packages/airflow/example_dags/example_branch_datetime_operator.py took 0.124 seconds
[2026-06-13T16:08:00.536+0000] {processor.py:161} INFO - Started process (PID=1264) to work on /home/airflow/.local/lib/python3.12/site-packages/airflow/example_dags/example_branch_datetime_operator.py
[2026-06-13T16:08:00.539+0000] {processor.py:830} INFO - Processing file /home/airflow/.local/lib/python3.12/site-packages/airflow/example_dags/example_branch_datetime_operator.py for tasks to queue
[2026-06-13T16:08:00.543+0000] {logging_mixin.py:188} INFO - [2026-06-13T16:08:00.542+0000] {dagbag.py:545} INFO - Filling up the DagBag from /home/airflow/.local/lib/python3.12/site-packages/airflow/example_dags/example_branch_datetime_operator.py
[2026-06-13T16:08:00.569+0000] {processor.py:840} INFO - DAG(s) 'example_branch_datetime_operator_3', 'example_branch_datetime_operator_2', 'example_branch_datetime_operator' retrieved from /home/airflow/.local/lib/python3.12/site-packages/airflow/example_dags/example_branch_datetime_operator.py
[2026-06-13T16:08:00.741+0000] {logging_mixin.py:188} INFO - [2026-06-13T16:08:00.740+0000] {dag.py:3096} INFO - Sync 3 DAGs
[2026-06-13T16:08:00.881+0000] {logging_mixin.py:188} INFO - [2026-06-13T16:08:00.877+0000] {dag.py:3954} INFO - Setting next_dagrun for example_branch_datetime_operator to 2026-06-12 00:00:00+00:00, run_after=2026-06-13 00:00:00+00:00
[2026-06-13T16:08:00.919+0000] {logging_mixin.py:188} INFO - [2026-06-13T16:08:00.918+0000] {dag.py:3954} INFO - Setting next_dagrun for example_branch_datetime_operator_2 to 2026-06-12 00:00:00+00:00, run_after=2026-06-13 00:00:00+00:00
[2026-06-13T16:08:00.928+0000] {logging_mixin.py:188} INFO - [2026-06-13T16:08:00.927+0000] {dag.py:3954} INFO - Setting next_dagrun for example_branch_datetime_operator_3 to 2026-06-12 00:00:00+00:00, run_after=2026-06-13 00:00:00+00:00
[2026-06-13T16:08:00.995+0000] {processor.py:183} INFO - Processing /home/airflow/.local/lib/python3.12/site-packages/airflow/example_dags/example_branch_datetime_operator.py took 0.477 seconds
[2026-06-13T16:08:32.449+0000] {processor.py:161} INFO - Started process (PID=1320) to work on /home/airflow/.local/lib/python3.12/site-packages/airflow/example_dags/example_branch_datetime_operator.py
[2026-06-13T16:08:32.451+0000] {processor.py:830} INFO - Processing file /home/airflow/.local/lib/python3.12/site-packages/airflow/example_dags/example_branch_datetime_operator.py for tasks to queue
[2026-06-13T16:08:32.456+0000] {logging_mixin.py:188} INFO - [2026-06-13T16:08:32.455+0000] {dagbag.py:545} INFO - Filling up the DagBag from /home/airflow/.local/lib/python3.12/site-packages/airflow/example_dags/example_branch_datetime_operator.py
[2026-06-13T16:08:32.484+0000] {processor.py:840} INFO - DAG(s) 'example_branch_datetime_operator_2', 'example_branch_datetime_operator', 'example_branch_datetime_operator_3' retrieved from /home/airflow/.local/lib/python3.12/site-packages/airflow/example_dags/example_branch_datetime_operator.py
[2026-06-13T16:08:32.558+0000] {logging_mixin.py:188} INFO - [2026-06-13T16:08:32.558+0000] {dag.py:3096} INFO - Sync 3 DAGs
[2026-06-13T16:08:32.630+0000] {logging_mixin.py:188} INFO - [2026-06-13T16:08:32.629+0000] {dag.py:3954} INFO - Setting next_dagrun for example_branch_datetime_operator to 2026-06-12 00:00:00+00:00, run_after=2026-06-13 00:00:00+00:00
[2026-06-13T16:08:32.652+0000] {logging_mixin.py:188} INFO - [2026-06-13T16:08:32.651+0000] {dag.py:3954} INFO - Setting next_dagrun for example_branch_datetime_operator_2 to 2026-06-12 00:00:00+00:00, run_after=2026-06-13 00:00:00+00:00
[2026-06-13T16:08:32.658+0000] {logging_mixin.py:188} INFO - [2026-06-13T16:08:32.657+0000] {dag.py:3954} INFO - Setting next_dagrun for example_branch_datetime_operator_3 to 2026-06-12 00:00:00+00:00, run_after=2026-06-13 00:00:00+00:00
[2026-06-13T16:08:32.698+0000] {processor.py:183} INFO - Processing /home/airflow/.local/lib/python3.12/site-packages/airflow/example_dags/example_branch_datetime_operator.py took 0.262 seconds
