[2026-06-13T10:42:23.170+0000] {processor.py:161} INFO - Started process (PID=110) to work on /home/airflow/.local/lib/python3.12/site-packages/airflow/example_dags/example_local_kubernetes_executor.py
[2026-06-13T10:42:23.172+0000] {processor.py:830} INFO - Processing file /home/airflow/.local/lib/python3.12/site-packages/airflow/example_dags/example_local_kubernetes_executor.py for tasks to queue
[2026-06-13T10:42:23.176+0000] {logging_mixin.py:188} INFO - [2026-06-13T10:42:23.175+0000] {dagbag.py:545} INFO - Filling up the DagBag from /home/airflow/.local/lib/python3.12/site-packages/airflow/example_dags/example_local_kubernetes_executor.py
[2026-06-13T10:42:23.188+0000] {processor.py:840} INFO - DAG(s) 'example_local_kubernetes_executor' retrieved from /home/airflow/.local/lib/python3.12/site-packages/airflow/example_dags/example_local_kubernetes_executor.py
[2026-06-13T10:42:23.386+0000] {logging_mixin.py:188} INFO - [2026-06-13T10:42:23.386+0000] {dag.py:3096} INFO - Sync 1 DAGs
[2026-06-13T10:42:23.399+0000] {logging_mixin.py:188} INFO - [2026-06-13T10:42:23.399+0000] {dag.py:3954} INFO - Setting next_dagrun for example_local_kubernetes_executor to None, run_after=None
[2026-06-13T10:42:23.433+0000] {processor.py:183} INFO - Processing /home/airflow/.local/lib/python3.12/site-packages/airflow/example_dags/example_local_kubernetes_executor.py took 0.269 seconds
[2026-06-13T10:42:54.080+0000] {processor.py:161} INFO - Started process (PID=168) to work on /home/airflow/.local/lib/python3.12/site-packages/airflow/example_dags/example_local_kubernetes_executor.py
[2026-06-13T10:42:54.081+0000] {processor.py:830} INFO - Processing file /home/airflow/.local/lib/python3.12/site-packages/airflow/example_dags/example_local_kubernetes_executor.py for tasks to queue
[2026-06-13T10:42:54.084+0000] {logging_mixin.py:188} INFO - [2026-06-13T10:42:54.083+0000] {dagbag.py:545} INFO - Filling up the DagBag from /home/airflow/.local/lib/python3.12/site-packages/airflow/example_dags/example_local_kubernetes_executor.py
[2026-06-13T10:42:54.094+0000] {processor.py:840} INFO - DAG(s) 'example_local_kubernetes_executor' retrieved from /home/airflow/.local/lib/python3.12/site-packages/airflow/example_dags/example_local_kubernetes_executor.py
[2026-06-13T10:42:54.140+0000] {logging_mixin.py:188} INFO - [2026-06-13T10:42:54.138+0000] {dag.py:3096} INFO - Sync 1 DAGs
[2026-06-13T10:42:54.156+0000] {logging_mixin.py:188} INFO - [2026-06-13T10:42:54.156+0000] {dag.py:3954} INFO - Setting next_dagrun for example_local_kubernetes_executor to None, run_after=None
[2026-06-13T10:42:54.185+0000] {processor.py:183} INFO - Processing /home/airflow/.local/lib/python3.12/site-packages/airflow/example_dags/example_local_kubernetes_executor.py took 0.112 seconds
[2026-06-13T10:43:24.396+0000] {processor.py:161} INFO - Started process (PID=226) to work on /home/airflow/.local/lib/python3.12/site-packages/airflow/example_dags/example_local_kubernetes_executor.py
[2026-06-13T10:43:24.397+0000] {processor.py:830} INFO - Processing file /home/airflow/.local/lib/python3.12/site-packages/airflow/example_dags/example_local_kubernetes_executor.py for tasks to queue
[2026-06-13T10:43:24.401+0000] {logging_mixin.py:188} INFO - [2026-06-13T10:43:24.400+0000] {dagbag.py:545} INFO - Filling up the DagBag from /home/airflow/.local/lib/python3.12/site-packages/airflow/example_dags/example_local_kubernetes_executor.py
[2026-06-13T10:43:24.416+0000] {processor.py:840} INFO - DAG(s) 'example_local_kubernetes_executor' retrieved from /home/airflow/.local/lib/python3.12/site-packages/airflow/example_dags/example_local_kubernetes_executor.py
[2026-06-13T10:43:24.470+0000] {logging_mixin.py:188} INFO - [2026-06-13T10:43:24.469+0000] {dag.py:3096} INFO - Sync 1 DAGs
[2026-06-13T10:43:24.490+0000] {logging_mixin.py:188} INFO - [2026-06-13T10:43:24.489+0000] {dag.py:3954} INFO - Setting next_dagrun for example_local_kubernetes_executor to None, run_after=None
[2026-06-13T10:43:24.520+0000] {processor.py:183} INFO - Processing /home/airflow/.local/lib/python3.12/site-packages/airflow/example_dags/example_local_kubernetes_executor.py took 0.133 seconds
[2026-06-13T10:43:54.706+0000] {processor.py:161} INFO - Started process (PID=284) to work on /home/airflow/.local/lib/python3.12/site-packages/airflow/example_dags/example_local_kubernetes_executor.py
[2026-06-13T10:43:54.708+0000] {processor.py:830} INFO - Processing file /home/airflow/.local/lib/python3.12/site-packages/airflow/example_dags/example_local_kubernetes_executor.py for tasks to queue
[2026-06-13T10:43:54.711+0000] {logging_mixin.py:188} INFO - [2026-06-13T10:43:54.710+0000] {dagbag.py:545} INFO - Filling up the DagBag from /home/airflow/.local/lib/python3.12/site-packages/airflow/example_dags/example_local_kubernetes_executor.py
[2026-06-13T10:43:54.719+0000] {processor.py:840} INFO - DAG(s) 'example_local_kubernetes_executor' retrieved from /home/airflow/.local/lib/python3.12/site-packages/airflow/example_dags/example_local_kubernetes_executor.py
[2026-06-13T10:43:54.760+0000] {logging_mixin.py:188} INFO - [2026-06-13T10:43:54.760+0000] {dag.py:3096} INFO - Sync 1 DAGs
[2026-06-13T10:43:54.774+0000] {logging_mixin.py:188} INFO - [2026-06-13T10:43:54.774+0000] {dag.py:3954} INFO - Setting next_dagrun for example_local_kubernetes_executor to None, run_after=None
[2026-06-13T10:43:54.804+0000] {processor.py:183} INFO - Processing /home/airflow/.local/lib/python3.12/site-packages/airflow/example_dags/example_local_kubernetes_executor.py took 0.104 seconds
[2026-06-13T10:44:25.141+0000] {processor.py:161} INFO - Started process (PID=342) to work on /home/airflow/.local/lib/python3.12/site-packages/airflow/example_dags/example_local_kubernetes_executor.py
[2026-06-13T10:44:25.143+0000] {processor.py:830} INFO - Processing file /home/airflow/.local/lib/python3.12/site-packages/airflow/example_dags/example_local_kubernetes_executor.py for tasks to queue
[2026-06-13T10:44:25.147+0000] {logging_mixin.py:188} INFO - [2026-06-13T10:44:25.146+0000] {dagbag.py:545} INFO - Filling up the DagBag from /home/airflow/.local/lib/python3.12/site-packages/airflow/example_dags/example_local_kubernetes_executor.py
[2026-06-13T10:44:25.159+0000] {processor.py:840} INFO - DAG(s) 'example_local_kubernetes_executor' retrieved from /home/airflow/.local/lib/python3.12/site-packages/airflow/example_dags/example_local_kubernetes_executor.py
[2026-06-13T10:44:25.220+0000] {logging_mixin.py:188} INFO - [2026-06-13T10:44:25.220+0000] {dag.py:3096} INFO - Sync 1 DAGs
[2026-06-13T10:44:25.239+0000] {logging_mixin.py:188} INFO - [2026-06-13T10:44:25.239+0000] {dag.py:3954} INFO - Setting next_dagrun for example_local_kubernetes_executor to None, run_after=None
[2026-06-13T10:44:25.265+0000] {processor.py:183} INFO - Processing /home/airflow/.local/lib/python3.12/site-packages/airflow/example_dags/example_local_kubernetes_executor.py took 0.134 seconds
[2026-06-13T10:44:55.712+0000] {processor.py:161} INFO - Started process (PID=400) to work on /home/airflow/.local/lib/python3.12/site-packages/airflow/example_dags/example_local_kubernetes_executor.py
[2026-06-13T10:44:55.714+0000] {processor.py:830} INFO - Processing file /home/airflow/.local/lib/python3.12/site-packages/airflow/example_dags/example_local_kubernetes_executor.py for tasks to queue
[2026-06-13T10:44:55.718+0000] {logging_mixin.py:188} INFO - [2026-06-13T10:44:55.717+0000] {dagbag.py:545} INFO - Filling up the DagBag from /home/airflow/.local/lib/python3.12/site-packages/airflow/example_dags/example_local_kubernetes_executor.py
[2026-06-13T10:44:55.730+0000] {processor.py:840} INFO - DAG(s) 'example_local_kubernetes_executor' retrieved from /home/airflow/.local/lib/python3.12/site-packages/airflow/example_dags/example_local_kubernetes_executor.py
[2026-06-13T10:44:55.781+0000] {logging_mixin.py:188} INFO - [2026-06-13T10:44:55.781+0000] {dag.py:3096} INFO - Sync 1 DAGs
[2026-06-13T10:44:55.798+0000] {logging_mixin.py:188} INFO - [2026-06-13T10:44:55.798+0000] {dag.py:3954} INFO - Setting next_dagrun for example_local_kubernetes_executor to None, run_after=None
[2026-06-13T10:44:55.828+0000] {processor.py:183} INFO - Processing /home/airflow/.local/lib/python3.12/site-packages/airflow/example_dags/example_local_kubernetes_executor.py took 0.127 seconds
[2026-06-13T10:45:26.184+0000] {processor.py:161} INFO - Started process (PID=458) to work on /home/airflow/.local/lib/python3.12/site-packages/airflow/example_dags/example_local_kubernetes_executor.py
[2026-06-13T10:45:26.186+0000] {processor.py:830} INFO - Processing file /home/airflow/.local/lib/python3.12/site-packages/airflow/example_dags/example_local_kubernetes_executor.py for tasks to queue
[2026-06-13T10:45:26.190+0000] {logging_mixin.py:188} INFO - [2026-06-13T10:45:26.189+0000] {dagbag.py:545} INFO - Filling up the DagBag from /home/airflow/.local/lib/python3.12/site-packages/airflow/example_dags/example_local_kubernetes_executor.py
[2026-06-13T10:45:26.199+0000] {processor.py:840} INFO - DAG(s) 'example_local_kubernetes_executor' retrieved from /home/airflow/.local/lib/python3.12/site-packages/airflow/example_dags/example_local_kubernetes_executor.py
[2026-06-13T10:45:26.249+0000] {logging_mixin.py:188} INFO - [2026-06-13T10:45:26.249+0000] {dag.py:3096} INFO - Sync 1 DAGs
[2026-06-13T10:45:26.265+0000] {logging_mixin.py:188} INFO - [2026-06-13T10:45:26.264+0000] {dag.py:3954} INFO - Setting next_dagrun for example_local_kubernetes_executor to None, run_after=None
[2026-06-13T10:45:26.301+0000] {processor.py:183} INFO - Processing /home/airflow/.local/lib/python3.12/site-packages/airflow/example_dags/example_local_kubernetes_executor.py took 0.125 seconds
[2026-06-13T10:45:56.993+0000] {processor.py:161} INFO - Started process (PID=516) to work on /home/airflow/.local/lib/python3.12/site-packages/airflow/example_dags/example_local_kubernetes_executor.py
[2026-06-13T10:45:56.995+0000] {processor.py:830} INFO - Processing file /home/airflow/.local/lib/python3.12/site-packages/airflow/example_dags/example_local_kubernetes_executor.py for tasks to queue
[2026-06-13T10:45:57.002+0000] {logging_mixin.py:188} INFO - [2026-06-13T10:45:57.001+0000] {dagbag.py:545} INFO - Filling up the DagBag from /home/airflow/.local/lib/python3.12/site-packages/airflow/example_dags/example_local_kubernetes_executor.py
[2026-06-13T10:45:57.020+0000] {processor.py:840} INFO - DAG(s) 'example_local_kubernetes_executor' retrieved from /home/airflow/.local/lib/python3.12/site-packages/airflow/example_dags/example_local_kubernetes_executor.py
[2026-06-13T10:45:57.084+0000] {logging_mixin.py:188} INFO - [2026-06-13T10:45:57.084+0000] {dag.py:3096} INFO - Sync 1 DAGs
[2026-06-13T10:45:57.100+0000] {logging_mixin.py:188} INFO - [2026-06-13T10:45:57.099+0000] {dag.py:3954} INFO - Setting next_dagrun for example_local_kubernetes_executor to None, run_after=None
[2026-06-13T10:45:57.132+0000] {processor.py:183} INFO - Processing /home/airflow/.local/lib/python3.12/site-packages/airflow/example_dags/example_local_kubernetes_executor.py took 0.148 seconds
[2026-06-13T10:46:27.440+0000] {processor.py:161} INFO - Started process (PID=574) to work on /home/airflow/.local/lib/python3.12/site-packages/airflow/example_dags/example_local_kubernetes_executor.py
[2026-06-13T10:46:27.442+0000] {processor.py:830} INFO - Processing file /home/airflow/.local/lib/python3.12/site-packages/airflow/example_dags/example_local_kubernetes_executor.py for tasks to queue
[2026-06-13T10:46:27.446+0000] {logging_mixin.py:188} INFO - [2026-06-13T10:46:27.446+0000] {dagbag.py:545} INFO - Filling up the DagBag from /home/airflow/.local/lib/python3.12/site-packages/airflow/example_dags/example_local_kubernetes_executor.py
[2026-06-13T10:46:27.456+0000] {processor.py:840} INFO - DAG(s) 'example_local_kubernetes_executor' retrieved from /home/airflow/.local/lib/python3.12/site-packages/airflow/example_dags/example_local_kubernetes_executor.py
[2026-06-13T10:46:27.498+0000] {logging_mixin.py:188} INFO - [2026-06-13T10:46:27.498+0000] {dag.py:3096} INFO - Sync 1 DAGs
[2026-06-13T10:46:27.513+0000] {logging_mixin.py:188} INFO - [2026-06-13T10:46:27.512+0000] {dag.py:3954} INFO - Setting next_dagrun for example_local_kubernetes_executor to None, run_after=None
[2026-06-13T10:46:27.541+0000] {processor.py:183} INFO - Processing /home/airflow/.local/lib/python3.12/site-packages/airflow/example_dags/example_local_kubernetes_executor.py took 0.108 seconds
[2026-06-13T10:46:57.649+0000] {processor.py:161} INFO - Started process (PID=632) to work on /home/airflow/.local/lib/python3.12/site-packages/airflow/example_dags/example_local_kubernetes_executor.py
[2026-06-13T10:46:57.651+0000] {processor.py:830} INFO - Processing file /home/airflow/.local/lib/python3.12/site-packages/airflow/example_dags/example_local_kubernetes_executor.py for tasks to queue
[2026-06-13T10:46:57.653+0000] {logging_mixin.py:188} INFO - [2026-06-13T10:46:57.653+0000] {dagbag.py:545} INFO - Filling up the DagBag from /home/airflow/.local/lib/python3.12/site-packages/airflow/example_dags/example_local_kubernetes_executor.py
[2026-06-13T10:46:57.662+0000] {processor.py:840} INFO - DAG(s) 'example_local_kubernetes_executor' retrieved from /home/airflow/.local/lib/python3.12/site-packages/airflow/example_dags/example_local_kubernetes_executor.py
[2026-06-13T10:46:57.710+0000] {logging_mixin.py:188} INFO - [2026-06-13T10:46:57.709+0000] {dag.py:3096} INFO - Sync 1 DAGs
[2026-06-13T10:46:57.732+0000] {logging_mixin.py:188} INFO - [2026-06-13T10:46:57.732+0000] {dag.py:3954} INFO - Setting next_dagrun for example_local_kubernetes_executor to None, run_after=None
[2026-06-13T10:46:57.761+0000] {processor.py:183} INFO - Processing /home/airflow/.local/lib/python3.12/site-packages/airflow/example_dags/example_local_kubernetes_executor.py took 0.118 seconds
[2026-06-13T10:47:27.841+0000] {processor.py:161} INFO - Started process (PID=690) to work on /home/airflow/.local/lib/python3.12/site-packages/airflow/example_dags/example_local_kubernetes_executor.py
[2026-06-13T10:47:27.843+0000] {processor.py:830} INFO - Processing file /home/airflow/.local/lib/python3.12/site-packages/airflow/example_dags/example_local_kubernetes_executor.py for tasks to queue
[2026-06-13T10:47:27.846+0000] {logging_mixin.py:188} INFO - [2026-06-13T10:47:27.845+0000] {dagbag.py:545} INFO - Filling up the DagBag from /home/airflow/.local/lib/python3.12/site-packages/airflow/example_dags/example_local_kubernetes_executor.py
[2026-06-13T10:47:27.855+0000] {processor.py:840} INFO - DAG(s) 'example_local_kubernetes_executor' retrieved from /home/airflow/.local/lib/python3.12/site-packages/airflow/example_dags/example_local_kubernetes_executor.py
[2026-06-13T10:47:27.901+0000] {logging_mixin.py:188} INFO - [2026-06-13T10:47:27.900+0000] {dag.py:3096} INFO - Sync 1 DAGs
[2026-06-13T10:47:27.915+0000] {logging_mixin.py:188} INFO - [2026-06-13T10:47:27.915+0000] {dag.py:3954} INFO - Setting next_dagrun for example_local_kubernetes_executor to None, run_after=None
[2026-06-13T10:47:27.942+0000] {processor.py:183} INFO - Processing /home/airflow/.local/lib/python3.12/site-packages/airflow/example_dags/example_local_kubernetes_executor.py took 0.107 seconds
[2026-06-13T10:47:58.111+0000] {processor.py:161} INFO - Started process (PID=748) to work on /home/airflow/.local/lib/python3.12/site-packages/airflow/example_dags/example_local_kubernetes_executor.py
[2026-06-13T10:47:58.112+0000] {processor.py:830} INFO - Processing file /home/airflow/.local/lib/python3.12/site-packages/airflow/example_dags/example_local_kubernetes_executor.py for tasks to queue
[2026-06-13T10:47:58.115+0000] {logging_mixin.py:188} INFO - [2026-06-13T10:47:58.114+0000] {dagbag.py:545} INFO - Filling up the DagBag from /home/airflow/.local/lib/python3.12/site-packages/airflow/example_dags/example_local_kubernetes_executor.py
[2026-06-13T10:47:58.125+0000] {processor.py:840} INFO - DAG(s) 'example_local_kubernetes_executor' retrieved from /home/airflow/.local/lib/python3.12/site-packages/airflow/example_dags/example_local_kubernetes_executor.py
[2026-06-13T10:47:58.168+0000] {logging_mixin.py:188} INFO - [2026-06-13T10:47:58.168+0000] {dag.py:3096} INFO - Sync 1 DAGs
[2026-06-13T10:47:58.184+0000] {logging_mixin.py:188} INFO - [2026-06-13T10:47:58.184+0000] {dag.py:3954} INFO - Setting next_dagrun for example_local_kubernetes_executor to None, run_after=None
[2026-06-13T10:47:58.213+0000] {processor.py:183} INFO - Processing /home/airflow/.local/lib/python3.12/site-packages/airflow/example_dags/example_local_kubernetes_executor.py took 0.109 seconds
[2026-06-13T10:48:28.343+0000] {processor.py:161} INFO - Started process (PID=806) to work on /home/airflow/.local/lib/python3.12/site-packages/airflow/example_dags/example_local_kubernetes_executor.py
[2026-06-13T10:48:28.345+0000] {processor.py:830} INFO - Processing file /home/airflow/.local/lib/python3.12/site-packages/airflow/example_dags/example_local_kubernetes_executor.py for tasks to queue
[2026-06-13T10:48:28.348+0000] {logging_mixin.py:188} INFO - [2026-06-13T10:48:28.348+0000] {dagbag.py:545} INFO - Filling up the DagBag from /home/airflow/.local/lib/python3.12/site-packages/airflow/example_dags/example_local_kubernetes_executor.py
[2026-06-13T10:48:28.356+0000] {processor.py:840} INFO - DAG(s) 'example_local_kubernetes_executor' retrieved from /home/airflow/.local/lib/python3.12/site-packages/airflow/example_dags/example_local_kubernetes_executor.py
[2026-06-13T10:48:28.400+0000] {logging_mixin.py:188} INFO - [2026-06-13T10:48:28.400+0000] {dag.py:3096} INFO - Sync 1 DAGs
[2026-06-13T10:48:28.414+0000] {logging_mixin.py:188} INFO - [2026-06-13T10:48:28.414+0000] {dag.py:3954} INFO - Setting next_dagrun for example_local_kubernetes_executor to None, run_after=None
[2026-06-13T10:48:28.438+0000] {processor.py:183} INFO - Processing /home/airflow/.local/lib/python3.12/site-packages/airflow/example_dags/example_local_kubernetes_executor.py took 0.101 seconds
[2026-06-13T10:48:58.543+0000] {processor.py:161} INFO - Started process (PID=864) to work on /home/airflow/.local/lib/python3.12/site-packages/airflow/example_dags/example_local_kubernetes_executor.py
[2026-06-13T10:48:58.545+0000] {processor.py:830} INFO - Processing file /home/airflow/.local/lib/python3.12/site-packages/airflow/example_dags/example_local_kubernetes_executor.py for tasks to queue
[2026-06-13T10:48:58.547+0000] {logging_mixin.py:188} INFO - [2026-06-13T10:48:58.547+0000] {dagbag.py:545} INFO - Filling up the DagBag from /home/airflow/.local/lib/python3.12/site-packages/airflow/example_dags/example_local_kubernetes_executor.py
[2026-06-13T10:48:58.555+0000] {processor.py:840} INFO - DAG(s) 'example_local_kubernetes_executor' retrieved from /home/airflow/.local/lib/python3.12/site-packages/airflow/example_dags/example_local_kubernetes_executor.py
[2026-06-13T10:48:58.597+0000] {logging_mixin.py:188} INFO - [2026-06-13T10:48:58.597+0000] {dag.py:3096} INFO - Sync 1 DAGs
[2026-06-13T10:48:58.612+0000] {logging_mixin.py:188} INFO - [2026-06-13T10:48:58.611+0000] {dag.py:3954} INFO - Setting next_dagrun for example_local_kubernetes_executor to None, run_after=None
[2026-06-13T10:48:58.638+0000] {processor.py:183} INFO - Processing /home/airflow/.local/lib/python3.12/site-packages/airflow/example_dags/example_local_kubernetes_executor.py took 0.101 seconds
[2026-06-13T10:49:29.499+0000] {processor.py:161} INFO - Started process (PID=922) to work on /home/airflow/.local/lib/python3.12/site-packages/airflow/example_dags/example_local_kubernetes_executor.py
[2026-06-13T10:49:29.501+0000] {processor.py:830} INFO - Processing file /home/airflow/.local/lib/python3.12/site-packages/airflow/example_dags/example_local_kubernetes_executor.py for tasks to queue
[2026-06-13T10:49:29.503+0000] {logging_mixin.py:188} INFO - [2026-06-13T10:49:29.503+0000] {dagbag.py:545} INFO - Filling up the DagBag from /home/airflow/.local/lib/python3.12/site-packages/airflow/example_dags/example_local_kubernetes_executor.py
[2026-06-13T10:49:29.512+0000] {processor.py:840} INFO - DAG(s) 'example_local_kubernetes_executor' retrieved from /home/airflow/.local/lib/python3.12/site-packages/airflow/example_dags/example_local_kubernetes_executor.py
[2026-06-13T10:49:29.557+0000] {logging_mixin.py:188} INFO - [2026-06-13T10:49:29.557+0000] {dag.py:3096} INFO - Sync 1 DAGs
[2026-06-13T10:49:29.572+0000] {logging_mixin.py:188} INFO - [2026-06-13T10:49:29.571+0000] {dag.py:3954} INFO - Setting next_dagrun for example_local_kubernetes_executor to None, run_after=None
[2026-06-13T10:49:29.598+0000] {processor.py:183} INFO - Processing /home/airflow/.local/lib/python3.12/site-packages/airflow/example_dags/example_local_kubernetes_executor.py took 0.105 seconds
[2026-06-13T10:49:59.807+0000] {processor.py:161} INFO - Started process (PID=981) to work on /home/airflow/.local/lib/python3.12/site-packages/airflow/example_dags/example_local_kubernetes_executor.py
[2026-06-13T10:49:59.808+0000] {processor.py:830} INFO - Processing file /home/airflow/.local/lib/python3.12/site-packages/airflow/example_dags/example_local_kubernetes_executor.py for tasks to queue
[2026-06-13T10:49:59.811+0000] {logging_mixin.py:188} INFO - [2026-06-13T10:49:59.810+0000] {dagbag.py:545} INFO - Filling up the DagBag from /home/airflow/.local/lib/python3.12/site-packages/airflow/example_dags/example_local_kubernetes_executor.py
[2026-06-13T10:49:59.819+0000] {processor.py:840} INFO - DAG(s) 'example_local_kubernetes_executor' retrieved from /home/airflow/.local/lib/python3.12/site-packages/airflow/example_dags/example_local_kubernetes_executor.py
[2026-06-13T10:49:59.861+0000] {logging_mixin.py:188} INFO - [2026-06-13T10:49:59.861+0000] {dag.py:3096} INFO - Sync 1 DAGs
[2026-06-13T10:49:59.878+0000] {logging_mixin.py:188} INFO - [2026-06-13T10:49:59.878+0000] {dag.py:3954} INFO - Setting next_dagrun for example_local_kubernetes_executor to None, run_after=None
[2026-06-13T10:49:59.909+0000] {processor.py:183} INFO - Processing /home/airflow/.local/lib/python3.12/site-packages/airflow/example_dags/example_local_kubernetes_executor.py took 0.109 seconds
[2026-06-13T10:50:30.132+0000] {processor.py:161} INFO - Started process (PID=1039) to work on /home/airflow/.local/lib/python3.12/site-packages/airflow/example_dags/example_local_kubernetes_executor.py
[2026-06-13T10:50:30.134+0000] {processor.py:830} INFO - Processing file /home/airflow/.local/lib/python3.12/site-packages/airflow/example_dags/example_local_kubernetes_executor.py for tasks to queue
[2026-06-13T10:50:30.137+0000] {logging_mixin.py:188} INFO - [2026-06-13T10:50:30.137+0000] {dagbag.py:545} INFO - Filling up the DagBag from /home/airflow/.local/lib/python3.12/site-packages/airflow/example_dags/example_local_kubernetes_executor.py
[2026-06-13T10:50:30.146+0000] {processor.py:840} INFO - DAG(s) 'example_local_kubernetes_executor' retrieved from /home/airflow/.local/lib/python3.12/site-packages/airflow/example_dags/example_local_kubernetes_executor.py
[2026-06-13T10:50:30.188+0000] {logging_mixin.py:188} INFO - [2026-06-13T10:50:30.188+0000] {dag.py:3096} INFO - Sync 1 DAGs
[2026-06-13T10:50:30.202+0000] {logging_mixin.py:188} INFO - [2026-06-13T10:50:30.202+0000] {dag.py:3954} INFO - Setting next_dagrun for example_local_kubernetes_executor to None, run_after=None
[2026-06-13T10:50:30.232+0000] {processor.py:183} INFO - Processing /home/airflow/.local/lib/python3.12/site-packages/airflow/example_dags/example_local_kubernetes_executor.py took 0.107 seconds
[2026-06-13T10:51:00.466+0000] {processor.py:161} INFO - Started process (PID=1097) to work on /home/airflow/.local/lib/python3.12/site-packages/airflow/example_dags/example_local_kubernetes_executor.py
[2026-06-13T10:51:00.467+0000] {processor.py:830} INFO - Processing file /home/airflow/.local/lib/python3.12/site-packages/airflow/example_dags/example_local_kubernetes_executor.py for tasks to queue
[2026-06-13T10:51:00.471+0000] {logging_mixin.py:188} INFO - [2026-06-13T10:51:00.470+0000] {dagbag.py:545} INFO - Filling up the DagBag from /home/airflow/.local/lib/python3.12/site-packages/airflow/example_dags/example_local_kubernetes_executor.py
[2026-06-13T10:51:00.480+0000] {processor.py:840} INFO - DAG(s) 'example_local_kubernetes_executor' retrieved from /home/airflow/.local/lib/python3.12/site-packages/airflow/example_dags/example_local_kubernetes_executor.py
[2026-06-13T10:51:00.524+0000] {logging_mixin.py:188} INFO - [2026-06-13T10:51:00.524+0000] {dag.py:3096} INFO - Sync 1 DAGs
[2026-06-13T10:51:00.539+0000] {logging_mixin.py:188} INFO - [2026-06-13T10:51:00.539+0000] {dag.py:3954} INFO - Setting next_dagrun for example_local_kubernetes_executor to None, run_after=None
[2026-06-13T10:51:00.567+0000] {processor.py:183} INFO - Processing /home/airflow/.local/lib/python3.12/site-packages/airflow/example_dags/example_local_kubernetes_executor.py took 0.108 seconds
[2026-06-13T10:51:31.221+0000] {processor.py:161} INFO - Started process (PID=1155) to work on /home/airflow/.local/lib/python3.12/site-packages/airflow/example_dags/example_local_kubernetes_executor.py
[2026-06-13T10:51:31.223+0000] {processor.py:830} INFO - Processing file /home/airflow/.local/lib/python3.12/site-packages/airflow/example_dags/example_local_kubernetes_executor.py for tasks to queue
[2026-06-13T10:51:31.226+0000] {logging_mixin.py:188} INFO - [2026-06-13T10:51:31.225+0000] {dagbag.py:545} INFO - Filling up the DagBag from /home/airflow/.local/lib/python3.12/site-packages/airflow/example_dags/example_local_kubernetes_executor.py
[2026-06-13T10:51:31.234+0000] {processor.py:840} INFO - DAG(s) 'example_local_kubernetes_executor' retrieved from /home/airflow/.local/lib/python3.12/site-packages/airflow/example_dags/example_local_kubernetes_executor.py
[2026-06-13T10:51:31.276+0000] {logging_mixin.py:188} INFO - [2026-06-13T10:51:31.276+0000] {dag.py:3096} INFO - Sync 1 DAGs
[2026-06-13T10:51:31.290+0000] {logging_mixin.py:188} INFO - [2026-06-13T10:51:31.290+0000] {dag.py:3954} INFO - Setting next_dagrun for example_local_kubernetes_executor to None, run_after=None
[2026-06-13T10:51:31.315+0000] {processor.py:183} INFO - Processing /home/airflow/.local/lib/python3.12/site-packages/airflow/example_dags/example_local_kubernetes_executor.py took 0.101 seconds
[2026-06-13T10:52:02.321+0000] {processor.py:161} INFO - Started process (PID=1213) to work on /home/airflow/.local/lib/python3.12/site-packages/airflow/example_dags/example_local_kubernetes_executor.py
[2026-06-13T10:52:02.322+0000] {processor.py:830} INFO - Processing file /home/airflow/.local/lib/python3.12/site-packages/airflow/example_dags/example_local_kubernetes_executor.py for tasks to queue
[2026-06-13T10:52:02.326+0000] {logging_mixin.py:188} INFO - [2026-06-13T10:52:02.325+0000] {dagbag.py:545} INFO - Filling up the DagBag from /home/airflow/.local/lib/python3.12/site-packages/airflow/example_dags/example_local_kubernetes_executor.py
[2026-06-13T10:52:02.336+0000] {processor.py:840} INFO - DAG(s) 'example_local_kubernetes_executor' retrieved from /home/airflow/.local/lib/python3.12/site-packages/airflow/example_dags/example_local_kubernetes_executor.py
[2026-06-13T10:52:02.384+0000] {logging_mixin.py:188} INFO - [2026-06-13T10:52:02.383+0000] {dag.py:3096} INFO - Sync 1 DAGs
[2026-06-13T10:52:02.402+0000] {logging_mixin.py:188} INFO - [2026-06-13T10:52:02.402+0000] {dag.py:3954} INFO - Setting next_dagrun for example_local_kubernetes_executor to None, run_after=None
[2026-06-13T10:52:02.432+0000] {processor.py:183} INFO - Processing /home/airflow/.local/lib/python3.12/site-packages/airflow/example_dags/example_local_kubernetes_executor.py took 0.119 seconds
[2026-06-13T10:52:32.572+0000] {processor.py:161} INFO - Started process (PID=1271) to work on /home/airflow/.local/lib/python3.12/site-packages/airflow/example_dags/example_local_kubernetes_executor.py
[2026-06-13T10:52:32.573+0000] {processor.py:830} INFO - Processing file /home/airflow/.local/lib/python3.12/site-packages/airflow/example_dags/example_local_kubernetes_executor.py for tasks to queue
[2026-06-13T10:52:32.576+0000] {logging_mixin.py:188} INFO - [2026-06-13T10:52:32.576+0000] {dagbag.py:545} INFO - Filling up the DagBag from /home/airflow/.local/lib/python3.12/site-packages/airflow/example_dags/example_local_kubernetes_executor.py
[2026-06-13T10:52:32.586+0000] {processor.py:840} INFO - DAG(s) 'example_local_kubernetes_executor' retrieved from /home/airflow/.local/lib/python3.12/site-packages/airflow/example_dags/example_local_kubernetes_executor.py
[2026-06-13T10:52:32.633+0000] {logging_mixin.py:188} INFO - [2026-06-13T10:52:32.633+0000] {dag.py:3096} INFO - Sync 1 DAGs
[2026-06-13T10:52:32.654+0000] {logging_mixin.py:188} INFO - [2026-06-13T10:52:32.653+0000] {dag.py:3954} INFO - Setting next_dagrun for example_local_kubernetes_executor to None, run_after=None
[2026-06-13T10:52:32.689+0000] {processor.py:183} INFO - Processing /home/airflow/.local/lib/python3.12/site-packages/airflow/example_dags/example_local_kubernetes_executor.py took 0.124 seconds
[2026-06-13T10:53:03.103+0000] {processor.py:161} INFO - Started process (PID=1329) to work on /home/airflow/.local/lib/python3.12/site-packages/airflow/example_dags/example_local_kubernetes_executor.py
[2026-06-13T10:53:03.105+0000] {processor.py:830} INFO - Processing file /home/airflow/.local/lib/python3.12/site-packages/airflow/example_dags/example_local_kubernetes_executor.py for tasks to queue
[2026-06-13T10:53:03.109+0000] {logging_mixin.py:188} INFO - [2026-06-13T10:53:03.108+0000] {dagbag.py:545} INFO - Filling up the DagBag from /home/airflow/.local/lib/python3.12/site-packages/airflow/example_dags/example_local_kubernetes_executor.py
[2026-06-13T10:53:03.123+0000] {processor.py:840} INFO - DAG(s) 'example_local_kubernetes_executor' retrieved from /home/airflow/.local/lib/python3.12/site-packages/airflow/example_dags/example_local_kubernetes_executor.py
[2026-06-13T10:53:03.175+0000] {logging_mixin.py:188} INFO - [2026-06-13T10:53:03.174+0000] {dag.py:3096} INFO - Sync 1 DAGs
[2026-06-13T10:53:03.192+0000] {logging_mixin.py:188} INFO - [2026-06-13T10:53:03.192+0000] {dag.py:3954} INFO - Setting next_dagrun for example_local_kubernetes_executor to None, run_after=None
[2026-06-13T10:53:03.226+0000] {processor.py:183} INFO - Processing /home/airflow/.local/lib/python3.12/site-packages/airflow/example_dags/example_local_kubernetes_executor.py took 0.132 seconds
[2026-06-13T10:53:34.138+0000] {processor.py:161} INFO - Started process (PID=1388) to work on /home/airflow/.local/lib/python3.12/site-packages/airflow/example_dags/example_local_kubernetes_executor.py
[2026-06-13T10:53:34.139+0000] {processor.py:830} INFO - Processing file /home/airflow/.local/lib/python3.12/site-packages/airflow/example_dags/example_local_kubernetes_executor.py for tasks to queue
[2026-06-13T10:53:34.142+0000] {logging_mixin.py:188} INFO - [2026-06-13T10:53:34.141+0000] {dagbag.py:545} INFO - Filling up the DagBag from /home/airflow/.local/lib/python3.12/site-packages/airflow/example_dags/example_local_kubernetes_executor.py
[2026-06-13T10:53:34.150+0000] {processor.py:840} INFO - DAG(s) 'example_local_kubernetes_executor' retrieved from /home/airflow/.local/lib/python3.12/site-packages/airflow/example_dags/example_local_kubernetes_executor.py
[2026-06-13T10:53:34.194+0000] {logging_mixin.py:188} INFO - [2026-06-13T10:53:34.194+0000] {dag.py:3096} INFO - Sync 1 DAGs
[2026-06-13T10:53:34.210+0000] {logging_mixin.py:188} INFO - [2026-06-13T10:53:34.210+0000] {dag.py:3954} INFO - Setting next_dagrun for example_local_kubernetes_executor to None, run_after=None
[2026-06-13T10:53:34.242+0000] {processor.py:183} INFO - Processing /home/airflow/.local/lib/python3.12/site-packages/airflow/example_dags/example_local_kubernetes_executor.py took 0.111 seconds
[2026-06-13T10:54:04.880+0000] {processor.py:161} INFO - Started process (PID=1446) to work on /home/airflow/.local/lib/python3.12/site-packages/airflow/example_dags/example_local_kubernetes_executor.py
[2026-06-13T10:54:04.882+0000] {processor.py:830} INFO - Processing file /home/airflow/.local/lib/python3.12/site-packages/airflow/example_dags/example_local_kubernetes_executor.py for tasks to queue
[2026-06-13T10:54:04.884+0000] {logging_mixin.py:188} INFO - [2026-06-13T10:54:04.884+0000] {dagbag.py:545} INFO - Filling up the DagBag from /home/airflow/.local/lib/python3.12/site-packages/airflow/example_dags/example_local_kubernetes_executor.py
[2026-06-13T10:54:04.893+0000] {processor.py:840} INFO - DAG(s) 'example_local_kubernetes_executor' retrieved from /home/airflow/.local/lib/python3.12/site-packages/airflow/example_dags/example_local_kubernetes_executor.py
[2026-06-13T10:54:04.935+0000] {logging_mixin.py:188} INFO - [2026-06-13T10:54:04.935+0000] {dag.py:3096} INFO - Sync 1 DAGs
[2026-06-13T10:54:04.951+0000] {logging_mixin.py:188} INFO - [2026-06-13T10:54:04.951+0000] {dag.py:3954} INFO - Setting next_dagrun for example_local_kubernetes_executor to None, run_after=None
[2026-06-13T10:54:04.983+0000] {processor.py:183} INFO - Processing /home/airflow/.local/lib/python3.12/site-packages/airflow/example_dags/example_local_kubernetes_executor.py took 0.109 seconds
[2026-06-13T10:54:35.115+0000] {processor.py:161} INFO - Started process (PID=1504) to work on /home/airflow/.local/lib/python3.12/site-packages/airflow/example_dags/example_local_kubernetes_executor.py
[2026-06-13T10:54:35.118+0000] {processor.py:830} INFO - Processing file /home/airflow/.local/lib/python3.12/site-packages/airflow/example_dags/example_local_kubernetes_executor.py for tasks to queue
[2026-06-13T10:54:35.122+0000] {logging_mixin.py:188} INFO - [2026-06-13T10:54:35.121+0000] {dagbag.py:545} INFO - Filling up the DagBag from /home/airflow/.local/lib/python3.12/site-packages/airflow/example_dags/example_local_kubernetes_executor.py
[2026-06-13T10:54:35.137+0000] {processor.py:840} INFO - DAG(s) 'example_local_kubernetes_executor' retrieved from /home/airflow/.local/lib/python3.12/site-packages/airflow/example_dags/example_local_kubernetes_executor.py
[2026-06-13T10:54:35.186+0000] {logging_mixin.py:188} INFO - [2026-06-13T10:54:35.186+0000] {dag.py:3096} INFO - Sync 1 DAGs
[2026-06-13T10:54:35.200+0000] {logging_mixin.py:188} INFO - [2026-06-13T10:54:35.200+0000] {dag.py:3954} INFO - Setting next_dagrun for example_local_kubernetes_executor to None, run_after=None
[2026-06-13T10:54:35.231+0000] {processor.py:183} INFO - Processing /home/airflow/.local/lib/python3.12/site-packages/airflow/example_dags/example_local_kubernetes_executor.py took 0.124 seconds
[2026-06-13T10:56:00.506+0000] {processor.py:161} INFO - Started process (PID=111) to work on /home/airflow/.local/lib/python3.12/site-packages/airflow/example_dags/example_local_kubernetes_executor.py
[2026-06-13T10:56:00.508+0000] {processor.py:830} INFO - Processing file /home/airflow/.local/lib/python3.12/site-packages/airflow/example_dags/example_local_kubernetes_executor.py for tasks to queue
[2026-06-13T10:56:00.512+0000] {logging_mixin.py:188} INFO - [2026-06-13T10:56:00.511+0000] {dagbag.py:545} INFO - Filling up the DagBag from /home/airflow/.local/lib/python3.12/site-packages/airflow/example_dags/example_local_kubernetes_executor.py
[2026-06-13T10:56:00.526+0000] {processor.py:840} INFO - DAG(s) 'example_local_kubernetes_executor' retrieved from /home/airflow/.local/lib/python3.12/site-packages/airflow/example_dags/example_local_kubernetes_executor.py
[2026-06-13T10:56:00.684+0000] {logging_mixin.py:188} INFO - [2026-06-13T10:56:00.684+0000] {dag.py:3096} INFO - Sync 1 DAGs
[2026-06-13T10:56:00.698+0000] {logging_mixin.py:188} INFO - [2026-06-13T10:56:00.698+0000] {dag.py:3954} INFO - Setting next_dagrun for example_local_kubernetes_executor to None, run_after=None
[2026-06-13T10:56:00.737+0000] {processor.py:183} INFO - Processing /home/airflow/.local/lib/python3.12/site-packages/airflow/example_dags/example_local_kubernetes_executor.py took 0.240 seconds
[2026-06-13T10:56:31.717+0000] {processor.py:161} INFO - Started process (PID=170) to work on /home/airflow/.local/lib/python3.12/site-packages/airflow/example_dags/example_local_kubernetes_executor.py
[2026-06-13T10:56:31.719+0000] {processor.py:830} INFO - Processing file /home/airflow/.local/lib/python3.12/site-packages/airflow/example_dags/example_local_kubernetes_executor.py for tasks to queue
[2026-06-13T10:56:31.723+0000] {logging_mixin.py:188} INFO - [2026-06-13T10:56:31.722+0000] {dagbag.py:545} INFO - Filling up the DagBag from /home/airflow/.local/lib/python3.12/site-packages/airflow/example_dags/example_local_kubernetes_executor.py
[2026-06-13T10:56:31.734+0000] {processor.py:840} INFO - DAG(s) 'example_local_kubernetes_executor' retrieved from /home/airflow/.local/lib/python3.12/site-packages/airflow/example_dags/example_local_kubernetes_executor.py
[2026-06-13T10:56:31.784+0000] {logging_mixin.py:188} INFO - [2026-06-13T10:56:31.783+0000] {dag.py:3096} INFO - Sync 1 DAGs
[2026-06-13T10:56:31.800+0000] {logging_mixin.py:188} INFO - [2026-06-13T10:56:31.800+0000] {dag.py:3954} INFO - Setting next_dagrun for example_local_kubernetes_executor to None, run_after=None
[2026-06-13T10:56:31.828+0000] {processor.py:183} INFO - Processing /home/airflow/.local/lib/python3.12/site-packages/airflow/example_dags/example_local_kubernetes_executor.py took 0.118 seconds
[2026-06-13T10:57:01.940+0000] {processor.py:161} INFO - Started process (PID=229) to work on /home/airflow/.local/lib/python3.12/site-packages/airflow/example_dags/example_local_kubernetes_executor.py
[2026-06-13T10:57:01.942+0000] {processor.py:830} INFO - Processing file /home/airflow/.local/lib/python3.12/site-packages/airflow/example_dags/example_local_kubernetes_executor.py for tasks to queue
[2026-06-13T10:57:01.944+0000] {logging_mixin.py:188} INFO - [2026-06-13T10:57:01.944+0000] {dagbag.py:545} INFO - Filling up the DagBag from /home/airflow/.local/lib/python3.12/site-packages/airflow/example_dags/example_local_kubernetes_executor.py
[2026-06-13T10:57:01.953+0000] {processor.py:840} INFO - DAG(s) 'example_local_kubernetes_executor' retrieved from /home/airflow/.local/lib/python3.12/site-packages/airflow/example_dags/example_local_kubernetes_executor.py
[2026-06-13T10:57:01.970+0000] {logging_mixin.py:188} INFO - [2026-06-13T10:57:01.969+0000] {dag.py:3096} INFO - Sync 1 DAGs
[2026-06-13T10:57:01.985+0000] {logging_mixin.py:188} INFO - [2026-06-13T10:57:01.984+0000] {dag.py:3954} INFO - Setting next_dagrun for example_local_kubernetes_executor to None, run_after=None
[2026-06-13T10:57:02.019+0000] {processor.py:183} INFO - Processing /home/airflow/.local/lib/python3.12/site-packages/airflow/example_dags/example_local_kubernetes_executor.py took 0.085 seconds
[2026-06-13T10:57:32.225+0000] {processor.py:161} INFO - Started process (PID=289) to work on /home/airflow/.local/lib/python3.12/site-packages/airflow/example_dags/example_local_kubernetes_executor.py
[2026-06-13T10:57:32.226+0000] {processor.py:830} INFO - Processing file /home/airflow/.local/lib/python3.12/site-packages/airflow/example_dags/example_local_kubernetes_executor.py for tasks to queue
[2026-06-13T10:57:32.229+0000] {logging_mixin.py:188} INFO - [2026-06-13T10:57:32.228+0000] {dagbag.py:545} INFO - Filling up the DagBag from /home/airflow/.local/lib/python3.12/site-packages/airflow/example_dags/example_local_kubernetes_executor.py
[2026-06-13T10:57:32.237+0000] {processor.py:840} INFO - DAG(s) 'example_local_kubernetes_executor' retrieved from /home/airflow/.local/lib/python3.12/site-packages/airflow/example_dags/example_local_kubernetes_executor.py
[2026-06-13T10:57:32.372+0000] {logging_mixin.py:188} INFO - [2026-06-13T10:57:32.372+0000] {dag.py:3096} INFO - Sync 1 DAGs
[2026-06-13T10:57:32.386+0000] {logging_mixin.py:188} INFO - [2026-06-13T10:57:32.385+0000] {dag.py:3954} INFO - Setting next_dagrun for example_local_kubernetes_executor to None, run_after=None
[2026-06-13T10:57:32.414+0000] {processor.py:183} INFO - Processing /home/airflow/.local/lib/python3.12/site-packages/airflow/example_dags/example_local_kubernetes_executor.py took 0.196 seconds
[2026-06-13T10:58:02.739+0000] {processor.py:161} INFO - Started process (PID=348) to work on /home/airflow/.local/lib/python3.12/site-packages/airflow/example_dags/example_local_kubernetes_executor.py
[2026-06-13T10:58:02.741+0000] {processor.py:830} INFO - Processing file /home/airflow/.local/lib/python3.12/site-packages/airflow/example_dags/example_local_kubernetes_executor.py for tasks to queue
[2026-06-13T10:58:02.744+0000] {logging_mixin.py:188} INFO - [2026-06-13T10:58:02.744+0000] {dagbag.py:545} INFO - Filling up the DagBag from /home/airflow/.local/lib/python3.12/site-packages/airflow/example_dags/example_local_kubernetes_executor.py
[2026-06-13T10:58:02.752+0000] {processor.py:840} INFO - DAG(s) 'example_local_kubernetes_executor' retrieved from /home/airflow/.local/lib/python3.12/site-packages/airflow/example_dags/example_local_kubernetes_executor.py
[2026-06-13T10:58:02.794+0000] {logging_mixin.py:188} INFO - [2026-06-13T10:58:02.794+0000] {dag.py:3096} INFO - Sync 1 DAGs
[2026-06-13T10:58:02.809+0000] {logging_mixin.py:188} INFO - [2026-06-13T10:58:02.808+0000] {dag.py:3954} INFO - Setting next_dagrun for example_local_kubernetes_executor to None, run_after=None
[2026-06-13T10:58:02.837+0000] {processor.py:183} INFO - Processing /home/airflow/.local/lib/python3.12/site-packages/airflow/example_dags/example_local_kubernetes_executor.py took 0.104 seconds
[2026-06-13T10:58:33.031+0000] {processor.py:161} INFO - Started process (PID=408) to work on /home/airflow/.local/lib/python3.12/site-packages/airflow/example_dags/example_local_kubernetes_executor.py
[2026-06-13T10:58:33.033+0000] {processor.py:830} INFO - Processing file /home/airflow/.local/lib/python3.12/site-packages/airflow/example_dags/example_local_kubernetes_executor.py for tasks to queue
[2026-06-13T10:58:33.036+0000] {logging_mixin.py:188} INFO - [2026-06-13T10:58:33.035+0000] {dagbag.py:545} INFO - Filling up the DagBag from /home/airflow/.local/lib/python3.12/site-packages/airflow/example_dags/example_local_kubernetes_executor.py
[2026-06-13T10:58:33.044+0000] {processor.py:840} INFO - DAG(s) 'example_local_kubernetes_executor' retrieved from /home/airflow/.local/lib/python3.12/site-packages/airflow/example_dags/example_local_kubernetes_executor.py
[2026-06-13T10:58:33.088+0000] {logging_mixin.py:188} INFO - [2026-06-13T10:58:33.087+0000] {dag.py:3096} INFO - Sync 1 DAGs
[2026-06-13T10:58:33.102+0000] {logging_mixin.py:188} INFO - [2026-06-13T10:58:33.102+0000] {dag.py:3954} INFO - Setting next_dagrun for example_local_kubernetes_executor to None, run_after=None
[2026-06-13T10:58:33.128+0000] {processor.py:183} INFO - Processing /home/airflow/.local/lib/python3.12/site-packages/airflow/example_dags/example_local_kubernetes_executor.py took 0.104 seconds
[2026-06-13T10:59:03.531+0000] {processor.py:161} INFO - Started process (PID=467) to work on /home/airflow/.local/lib/python3.12/site-packages/airflow/example_dags/example_local_kubernetes_executor.py
[2026-06-13T10:59:03.533+0000] {processor.py:830} INFO - Processing file /home/airflow/.local/lib/python3.12/site-packages/airflow/example_dags/example_local_kubernetes_executor.py for tasks to queue
[2026-06-13T10:59:03.536+0000] {logging_mixin.py:188} INFO - [2026-06-13T10:59:03.536+0000] {dagbag.py:545} INFO - Filling up the DagBag from /home/airflow/.local/lib/python3.12/site-packages/airflow/example_dags/example_local_kubernetes_executor.py
[2026-06-13T10:59:03.544+0000] {processor.py:840} INFO - DAG(s) 'example_local_kubernetes_executor' retrieved from /home/airflow/.local/lib/python3.12/site-packages/airflow/example_dags/example_local_kubernetes_executor.py
[2026-06-13T10:59:03.587+0000] {logging_mixin.py:188} INFO - [2026-06-13T10:59:03.586+0000] {dag.py:3096} INFO - Sync 1 DAGs
[2026-06-13T10:59:03.602+0000] {logging_mixin.py:188} INFO - [2026-06-13T10:59:03.602+0000] {dag.py:3954} INFO - Setting next_dagrun for example_local_kubernetes_executor to None, run_after=None
[2026-06-13T10:59:03.632+0000] {processor.py:183} INFO - Processing /home/airflow/.local/lib/python3.12/site-packages/airflow/example_dags/example_local_kubernetes_executor.py took 0.107 seconds
[2026-06-13T10:59:33.778+0000] {processor.py:161} INFO - Started process (PID=526) to work on /home/airflow/.local/lib/python3.12/site-packages/airflow/example_dags/example_local_kubernetes_executor.py
[2026-06-13T10:59:33.780+0000] {processor.py:830} INFO - Processing file /home/airflow/.local/lib/python3.12/site-packages/airflow/example_dags/example_local_kubernetes_executor.py for tasks to queue
[2026-06-13T10:59:33.783+0000] {logging_mixin.py:188} INFO - [2026-06-13T10:59:33.782+0000] {dagbag.py:545} INFO - Filling up the DagBag from /home/airflow/.local/lib/python3.12/site-packages/airflow/example_dags/example_local_kubernetes_executor.py
[2026-06-13T10:59:33.791+0000] {processor.py:840} INFO - DAG(s) 'example_local_kubernetes_executor' retrieved from /home/airflow/.local/lib/python3.12/site-packages/airflow/example_dags/example_local_kubernetes_executor.py
[2026-06-13T10:59:33.828+0000] {logging_mixin.py:188} INFO - [2026-06-13T10:59:33.828+0000] {dag.py:3096} INFO - Sync 1 DAGs
[2026-06-13T10:59:33.842+0000] {logging_mixin.py:188} INFO - [2026-06-13T10:59:33.842+0000] {dag.py:3954} INFO - Setting next_dagrun for example_local_kubernetes_executor to None, run_after=None
[2026-06-13T10:59:33.868+0000] {processor.py:183} INFO - Processing /home/airflow/.local/lib/python3.12/site-packages/airflow/example_dags/example_local_kubernetes_executor.py took 0.096 seconds
[2026-06-13T11:00:04.182+0000] {processor.py:161} INFO - Started process (PID=585) to work on /home/airflow/.local/lib/python3.12/site-packages/airflow/example_dags/example_local_kubernetes_executor.py
[2026-06-13T11:00:04.183+0000] {processor.py:830} INFO - Processing file /home/airflow/.local/lib/python3.12/site-packages/airflow/example_dags/example_local_kubernetes_executor.py for tasks to queue
[2026-06-13T11:00:04.185+0000] {logging_mixin.py:188} INFO - [2026-06-13T11:00:04.185+0000] {dagbag.py:545} INFO - Filling up the DagBag from /home/airflow/.local/lib/python3.12/site-packages/airflow/example_dags/example_local_kubernetes_executor.py
[2026-06-13T11:00:04.194+0000] {processor.py:840} INFO - DAG(s) 'example_local_kubernetes_executor' retrieved from /home/airflow/.local/lib/python3.12/site-packages/airflow/example_dags/example_local_kubernetes_executor.py
[2026-06-13T11:00:04.234+0000] {logging_mixin.py:188} INFO - [2026-06-13T11:00:04.233+0000] {dag.py:3096} INFO - Sync 1 DAGs
[2026-06-13T11:00:04.248+0000] {logging_mixin.py:188} INFO - [2026-06-13T11:00:04.248+0000] {dag.py:3954} INFO - Setting next_dagrun for example_local_kubernetes_executor to None, run_after=None
[2026-06-13T11:00:04.276+0000] {processor.py:183} INFO - Processing /home/airflow/.local/lib/python3.12/site-packages/airflow/example_dags/example_local_kubernetes_executor.py took 0.100 seconds
[2026-06-13T11:00:34.341+0000] {processor.py:161} INFO - Started process (PID=644) to work on /home/airflow/.local/lib/python3.12/site-packages/airflow/example_dags/example_local_kubernetes_executor.py
[2026-06-13T11:00:34.342+0000] {processor.py:830} INFO - Processing file /home/airflow/.local/lib/python3.12/site-packages/airflow/example_dags/example_local_kubernetes_executor.py for tasks to queue
[2026-06-13T11:00:34.346+0000] {logging_mixin.py:188} INFO - [2026-06-13T11:00:34.345+0000] {dagbag.py:545} INFO - Filling up the DagBag from /home/airflow/.local/lib/python3.12/site-packages/airflow/example_dags/example_local_kubernetes_executor.py
[2026-06-13T11:00:34.354+0000] {processor.py:840} INFO - DAG(s) 'example_local_kubernetes_executor' retrieved from /home/airflow/.local/lib/python3.12/site-packages/airflow/example_dags/example_local_kubernetes_executor.py
[2026-06-13T11:00:34.393+0000] {logging_mixin.py:188} INFO - [2026-06-13T11:00:34.393+0000] {dag.py:3096} INFO - Sync 1 DAGs
[2026-06-13T11:00:34.408+0000] {logging_mixin.py:188} INFO - [2026-06-13T11:00:34.408+0000] {dag.py:3954} INFO - Setting next_dagrun for example_local_kubernetes_executor to None, run_after=None
[2026-06-13T11:00:34.437+0000] {processor.py:183} INFO - Processing /home/airflow/.local/lib/python3.12/site-packages/airflow/example_dags/example_local_kubernetes_executor.py took 0.102 seconds
[2026-06-13T11:01:04.784+0000] {processor.py:161} INFO - Started process (PID=703) to work on /home/airflow/.local/lib/python3.12/site-packages/airflow/example_dags/example_local_kubernetes_executor.py
[2026-06-13T11:01:04.786+0000] {processor.py:830} INFO - Processing file /home/airflow/.local/lib/python3.12/site-packages/airflow/example_dags/example_local_kubernetes_executor.py for tasks to queue
[2026-06-13T11:01:04.789+0000] {logging_mixin.py:188} INFO - [2026-06-13T11:01:04.788+0000] {dagbag.py:545} INFO - Filling up the DagBag from /home/airflow/.local/lib/python3.12/site-packages/airflow/example_dags/example_local_kubernetes_executor.py
[2026-06-13T11:01:04.797+0000] {processor.py:840} INFO - DAG(s) 'example_local_kubernetes_executor' retrieved from /home/airflow/.local/lib/python3.12/site-packages/airflow/example_dags/example_local_kubernetes_executor.py
[2026-06-13T11:01:04.838+0000] {logging_mixin.py:188} INFO - [2026-06-13T11:01:04.837+0000] {dag.py:3096} INFO - Sync 1 DAGs
[2026-06-13T11:01:04.852+0000] {logging_mixin.py:188} INFO - [2026-06-13T11:01:04.852+0000] {dag.py:3954} INFO - Setting next_dagrun for example_local_kubernetes_executor to None, run_after=None
[2026-06-13T11:01:04.881+0000] {processor.py:183} INFO - Processing /home/airflow/.local/lib/python3.12/site-packages/airflow/example_dags/example_local_kubernetes_executor.py took 0.103 seconds
[2026-06-13T11:01:35.007+0000] {processor.py:161} INFO - Started process (PID=761) to work on /home/airflow/.local/lib/python3.12/site-packages/airflow/example_dags/example_local_kubernetes_executor.py
[2026-06-13T11:01:35.009+0000] {processor.py:830} INFO - Processing file /home/airflow/.local/lib/python3.12/site-packages/airflow/example_dags/example_local_kubernetes_executor.py for tasks to queue
[2026-06-13T11:01:35.013+0000] {logging_mixin.py:188} INFO - [2026-06-13T11:01:35.012+0000] {dagbag.py:545} INFO - Filling up the DagBag from /home/airflow/.local/lib/python3.12/site-packages/airflow/example_dags/example_local_kubernetes_executor.py
[2026-06-13T11:01:35.023+0000] {processor.py:840} INFO - DAG(s) 'example_local_kubernetes_executor' retrieved from /home/airflow/.local/lib/python3.12/site-packages/airflow/example_dags/example_local_kubernetes_executor.py
[2026-06-13T11:01:35.064+0000] {logging_mixin.py:188} INFO - [2026-06-13T11:01:35.064+0000] {dag.py:3096} INFO - Sync 1 DAGs
[2026-06-13T11:01:35.078+0000] {logging_mixin.py:188} INFO - [2026-06-13T11:01:35.078+0000] {dag.py:3954} INFO - Setting next_dagrun for example_local_kubernetes_executor to None, run_after=None
[2026-06-13T11:01:35.104+0000] {processor.py:183} INFO - Processing /home/airflow/.local/lib/python3.12/site-packages/airflow/example_dags/example_local_kubernetes_executor.py took 0.104 seconds
[2026-06-13T11:02:05.839+0000] {processor.py:161} INFO - Started process (PID=820) to work on /home/airflow/.local/lib/python3.12/site-packages/airflow/example_dags/example_local_kubernetes_executor.py
[2026-06-13T11:02:05.841+0000] {processor.py:830} INFO - Processing file /home/airflow/.local/lib/python3.12/site-packages/airflow/example_dags/example_local_kubernetes_executor.py for tasks to queue
[2026-06-13T11:02:05.844+0000] {logging_mixin.py:188} INFO - [2026-06-13T11:02:05.843+0000] {dagbag.py:545} INFO - Filling up the DagBag from /home/airflow/.local/lib/python3.12/site-packages/airflow/example_dags/example_local_kubernetes_executor.py
[2026-06-13T11:02:05.853+0000] {processor.py:840} INFO - DAG(s) 'example_local_kubernetes_executor' retrieved from /home/airflow/.local/lib/python3.12/site-packages/airflow/example_dags/example_local_kubernetes_executor.py
[2026-06-13T11:02:05.893+0000] {logging_mixin.py:188} INFO - [2026-06-13T11:02:05.892+0000] {dag.py:3096} INFO - Sync 1 DAGs
[2026-06-13T11:02:05.908+0000] {logging_mixin.py:188} INFO - [2026-06-13T11:02:05.907+0000] {dag.py:3954} INFO - Setting next_dagrun for example_local_kubernetes_executor to None, run_after=None
[2026-06-13T11:02:05.935+0000] {processor.py:183} INFO - Processing /home/airflow/.local/lib/python3.12/site-packages/airflow/example_dags/example_local_kubernetes_executor.py took 0.103 seconds
[2026-06-13T11:02:36.841+0000] {processor.py:161} INFO - Started process (PID=879) to work on /home/airflow/.local/lib/python3.12/site-packages/airflow/example_dags/example_local_kubernetes_executor.py
[2026-06-13T11:02:36.843+0000] {processor.py:830} INFO - Processing file /home/airflow/.local/lib/python3.12/site-packages/airflow/example_dags/example_local_kubernetes_executor.py for tasks to queue
[2026-06-13T11:02:36.846+0000] {logging_mixin.py:188} INFO - [2026-06-13T11:02:36.845+0000] {dagbag.py:545} INFO - Filling up the DagBag from /home/airflow/.local/lib/python3.12/site-packages/airflow/example_dags/example_local_kubernetes_executor.py
[2026-06-13T11:02:36.854+0000] {processor.py:840} INFO - DAG(s) 'example_local_kubernetes_executor' retrieved from /home/airflow/.local/lib/python3.12/site-packages/airflow/example_dags/example_local_kubernetes_executor.py
[2026-06-13T11:02:36.906+0000] {logging_mixin.py:188} INFO - [2026-06-13T11:02:36.906+0000] {dag.py:3096} INFO - Sync 1 DAGs
[2026-06-13T11:02:36.925+0000] {logging_mixin.py:188} INFO - [2026-06-13T11:02:36.924+0000] {dag.py:3954} INFO - Setting next_dagrun for example_local_kubernetes_executor to None, run_after=None
[2026-06-13T11:02:36.957+0000] {processor.py:183} INFO - Processing /home/airflow/.local/lib/python3.12/site-packages/airflow/example_dags/example_local_kubernetes_executor.py took 0.122 seconds
[2026-06-13T11:03:07.245+0000] {processor.py:161} INFO - Started process (PID=938) to work on /home/airflow/.local/lib/python3.12/site-packages/airflow/example_dags/example_local_kubernetes_executor.py
[2026-06-13T11:03:07.247+0000] {processor.py:830} INFO - Processing file /home/airflow/.local/lib/python3.12/site-packages/airflow/example_dags/example_local_kubernetes_executor.py for tasks to queue
[2026-06-13T11:03:07.250+0000] {logging_mixin.py:188} INFO - [2026-06-13T11:03:07.250+0000] {dagbag.py:545} INFO - Filling up the DagBag from /home/airflow/.local/lib/python3.12/site-packages/airflow/example_dags/example_local_kubernetes_executor.py
[2026-06-13T11:03:07.261+0000] {processor.py:840} INFO - DAG(s) 'example_local_kubernetes_executor' retrieved from /home/airflow/.local/lib/python3.12/site-packages/airflow/example_dags/example_local_kubernetes_executor.py
[2026-06-13T11:03:07.306+0000] {logging_mixin.py:188} INFO - [2026-06-13T11:03:07.306+0000] {dag.py:3096} INFO - Sync 1 DAGs
[2026-06-13T11:03:07.321+0000] {logging_mixin.py:188} INFO - [2026-06-13T11:03:07.321+0000] {dag.py:3954} INFO - Setting next_dagrun for example_local_kubernetes_executor to None, run_after=None
[2026-06-13T11:03:07.352+0000] {processor.py:183} INFO - Processing /home/airflow/.local/lib/python3.12/site-packages/airflow/example_dags/example_local_kubernetes_executor.py took 0.114 seconds
[2026-06-13T11:03:37.606+0000] {processor.py:161} INFO - Started process (PID=997) to work on /home/airflow/.local/lib/python3.12/site-packages/airflow/example_dags/example_local_kubernetes_executor.py
[2026-06-13T11:03:37.608+0000] {processor.py:830} INFO - Processing file /home/airflow/.local/lib/python3.12/site-packages/airflow/example_dags/example_local_kubernetes_executor.py for tasks to queue
[2026-06-13T11:03:37.611+0000] {logging_mixin.py:188} INFO - [2026-06-13T11:03:37.610+0000] {dagbag.py:545} INFO - Filling up the DagBag from /home/airflow/.local/lib/python3.12/site-packages/airflow/example_dags/example_local_kubernetes_executor.py
[2026-06-13T11:03:37.619+0000] {processor.py:840} INFO - DAG(s) 'example_local_kubernetes_executor' retrieved from /home/airflow/.local/lib/python3.12/site-packages/airflow/example_dags/example_local_kubernetes_executor.py
[2026-06-13T11:03:37.659+0000] {logging_mixin.py:188} INFO - [2026-06-13T11:03:37.659+0000] {dag.py:3096} INFO - Sync 1 DAGs
[2026-06-13T11:03:37.674+0000] {logging_mixin.py:188} INFO - [2026-06-13T11:03:37.674+0000] {dag.py:3954} INFO - Setting next_dagrun for example_local_kubernetes_executor to None, run_after=None
[2026-06-13T11:03:37.702+0000] {processor.py:183} INFO - Processing /home/airflow/.local/lib/python3.12/site-packages/airflow/example_dags/example_local_kubernetes_executor.py took 0.102 seconds
[2026-06-13T11:04:07.929+0000] {processor.py:161} INFO - Started process (PID=1056) to work on /home/airflow/.local/lib/python3.12/site-packages/airflow/example_dags/example_local_kubernetes_executor.py
[2026-06-13T11:04:07.931+0000] {processor.py:830} INFO - Processing file /home/airflow/.local/lib/python3.12/site-packages/airflow/example_dags/example_local_kubernetes_executor.py for tasks to queue
[2026-06-13T11:04:07.933+0000] {logging_mixin.py:188} INFO - [2026-06-13T11:04:07.933+0000] {dagbag.py:545} INFO - Filling up the DagBag from /home/airflow/.local/lib/python3.12/site-packages/airflow/example_dags/example_local_kubernetes_executor.py
[2026-06-13T11:04:07.942+0000] {processor.py:840} INFO - DAG(s) 'example_local_kubernetes_executor' retrieved from /home/airflow/.local/lib/python3.12/site-packages/airflow/example_dags/example_local_kubernetes_executor.py
[2026-06-13T11:04:07.982+0000] {logging_mixin.py:188} INFO - [2026-06-13T11:04:07.982+0000] {dag.py:3096} INFO - Sync 1 DAGs
[2026-06-13T11:04:07.997+0000] {logging_mixin.py:188} INFO - [2026-06-13T11:04:07.996+0000] {dag.py:3954} INFO - Setting next_dagrun for example_local_kubernetes_executor to None, run_after=None
[2026-06-13T11:04:08.024+0000] {processor.py:183} INFO - Processing /home/airflow/.local/lib/python3.12/site-packages/airflow/example_dags/example_local_kubernetes_executor.py took 0.101 seconds
[2026-06-13T11:04:38.370+0000] {processor.py:161} INFO - Started process (PID=1115) to work on /home/airflow/.local/lib/python3.12/site-packages/airflow/example_dags/example_local_kubernetes_executor.py
[2026-06-13T11:04:38.372+0000] {processor.py:830} INFO - Processing file /home/airflow/.local/lib/python3.12/site-packages/airflow/example_dags/example_local_kubernetes_executor.py for tasks to queue
[2026-06-13T11:04:38.375+0000] {logging_mixin.py:188} INFO - [2026-06-13T11:04:38.375+0000] {dagbag.py:545} INFO - Filling up the DagBag from /home/airflow/.local/lib/python3.12/site-packages/airflow/example_dags/example_local_kubernetes_executor.py
[2026-06-13T11:04:38.383+0000] {processor.py:840} INFO - DAG(s) 'example_local_kubernetes_executor' retrieved from /home/airflow/.local/lib/python3.12/site-packages/airflow/example_dags/example_local_kubernetes_executor.py
[2026-06-13T11:04:38.424+0000] {logging_mixin.py:188} INFO - [2026-06-13T11:04:38.423+0000] {dag.py:3096} INFO - Sync 1 DAGs
[2026-06-13T11:04:38.437+0000] {logging_mixin.py:188} INFO - [2026-06-13T11:04:38.437+0000] {dag.py:3954} INFO - Setting next_dagrun for example_local_kubernetes_executor to None, run_after=None
[2026-06-13T11:04:38.463+0000] {processor.py:183} INFO - Processing /home/airflow/.local/lib/python3.12/site-packages/airflow/example_dags/example_local_kubernetes_executor.py took 0.100 seconds
[2026-06-13T11:05:09.107+0000] {processor.py:161} INFO - Started process (PID=1174) to work on /home/airflow/.local/lib/python3.12/site-packages/airflow/example_dags/example_local_kubernetes_executor.py
[2026-06-13T11:05:09.109+0000] {processor.py:830} INFO - Processing file /home/airflow/.local/lib/python3.12/site-packages/airflow/example_dags/example_local_kubernetes_executor.py for tasks to queue
[2026-06-13T11:05:09.112+0000] {logging_mixin.py:188} INFO - [2026-06-13T11:05:09.112+0000] {dagbag.py:545} INFO - Filling up the DagBag from /home/airflow/.local/lib/python3.12/site-packages/airflow/example_dags/example_local_kubernetes_executor.py
[2026-06-13T11:05:09.121+0000] {processor.py:840} INFO - DAG(s) 'example_local_kubernetes_executor' retrieved from /home/airflow/.local/lib/python3.12/site-packages/airflow/example_dags/example_local_kubernetes_executor.py
[2026-06-13T11:05:09.162+0000] {logging_mixin.py:188} INFO - [2026-06-13T11:05:09.161+0000] {dag.py:3096} INFO - Sync 1 DAGs
[2026-06-13T11:05:09.178+0000] {logging_mixin.py:188} INFO - [2026-06-13T11:05:09.178+0000] {dag.py:3954} INFO - Setting next_dagrun for example_local_kubernetes_executor to None, run_after=None
[2026-06-13T11:05:09.208+0000] {processor.py:183} INFO - Processing /home/airflow/.local/lib/python3.12/site-packages/airflow/example_dags/example_local_kubernetes_executor.py took 0.107 seconds
[2026-06-13T11:05:39.359+0000] {processor.py:161} INFO - Started process (PID=1234) to work on /home/airflow/.local/lib/python3.12/site-packages/airflow/example_dags/example_local_kubernetes_executor.py
[2026-06-13T11:05:39.361+0000] {processor.py:830} INFO - Processing file /home/airflow/.local/lib/python3.12/site-packages/airflow/example_dags/example_local_kubernetes_executor.py for tasks to queue
[2026-06-13T11:05:39.364+0000] {logging_mixin.py:188} INFO - [2026-06-13T11:05:39.364+0000] {dagbag.py:545} INFO - Filling up the DagBag from /home/airflow/.local/lib/python3.12/site-packages/airflow/example_dags/example_local_kubernetes_executor.py
[2026-06-13T11:05:39.373+0000] {processor.py:840} INFO - DAG(s) 'example_local_kubernetes_executor' retrieved from /home/airflow/.local/lib/python3.12/site-packages/airflow/example_dags/example_local_kubernetes_executor.py
[2026-06-13T11:05:39.417+0000] {logging_mixin.py:188} INFO - [2026-06-13T11:05:39.416+0000] {dag.py:3096} INFO - Sync 1 DAGs
[2026-06-13T11:05:39.435+0000] {logging_mixin.py:188} INFO - [2026-06-13T11:05:39.434+0000] {dag.py:3954} INFO - Setting next_dagrun for example_local_kubernetes_executor to None, run_after=None
[2026-06-13T11:05:39.467+0000] {processor.py:183} INFO - Processing /home/airflow/.local/lib/python3.12/site-packages/airflow/example_dags/example_local_kubernetes_executor.py took 0.114 seconds
[2026-06-13T11:06:09.760+0000] {processor.py:161} INFO - Started process (PID=1293) to work on /home/airflow/.local/lib/python3.12/site-packages/airflow/example_dags/example_local_kubernetes_executor.py
[2026-06-13T11:06:09.761+0000] {processor.py:830} INFO - Processing file /home/airflow/.local/lib/python3.12/site-packages/airflow/example_dags/example_local_kubernetes_executor.py for tasks to queue
[2026-06-13T11:06:09.764+0000] {logging_mixin.py:188} INFO - [2026-06-13T11:06:09.764+0000] {dagbag.py:545} INFO - Filling up the DagBag from /home/airflow/.local/lib/python3.12/site-packages/airflow/example_dags/example_local_kubernetes_executor.py
[2026-06-13T11:06:09.773+0000] {processor.py:840} INFO - DAG(s) 'example_local_kubernetes_executor' retrieved from /home/airflow/.local/lib/python3.12/site-packages/airflow/example_dags/example_local_kubernetes_executor.py
[2026-06-13T11:06:09.813+0000] {logging_mixin.py:188} INFO - [2026-06-13T11:06:09.813+0000] {dag.py:3096} INFO - Sync 1 DAGs
[2026-06-13T11:06:09.828+0000] {logging_mixin.py:188} INFO - [2026-06-13T11:06:09.827+0000] {dag.py:3954} INFO - Setting next_dagrun for example_local_kubernetes_executor to None, run_after=None
[2026-06-13T11:06:09.856+0000] {processor.py:183} INFO - Processing /home/airflow/.local/lib/python3.12/site-packages/airflow/example_dags/example_local_kubernetes_executor.py took 0.102 seconds
[2026-06-13T11:06:39.907+0000] {processor.py:161} INFO - Started process (PID=1352) to work on /home/airflow/.local/lib/python3.12/site-packages/airflow/example_dags/example_local_kubernetes_executor.py
[2026-06-13T11:06:39.909+0000] {processor.py:830} INFO - Processing file /home/airflow/.local/lib/python3.12/site-packages/airflow/example_dags/example_local_kubernetes_executor.py for tasks to queue
[2026-06-13T11:06:39.912+0000] {logging_mixin.py:188} INFO - [2026-06-13T11:06:39.911+0000] {dagbag.py:545} INFO - Filling up the DagBag from /home/airflow/.local/lib/python3.12/site-packages/airflow/example_dags/example_local_kubernetes_executor.py
[2026-06-13T11:06:39.921+0000] {processor.py:840} INFO - DAG(s) 'example_local_kubernetes_executor' retrieved from /home/airflow/.local/lib/python3.12/site-packages/airflow/example_dags/example_local_kubernetes_executor.py
[2026-06-13T11:06:39.961+0000] {logging_mixin.py:188} INFO - [2026-06-13T11:06:39.961+0000] {dag.py:3096} INFO - Sync 1 DAGs
[2026-06-13T11:06:39.975+0000] {logging_mixin.py:188} INFO - [2026-06-13T11:06:39.975+0000] {dag.py:3954} INFO - Setting next_dagrun for example_local_kubernetes_executor to None, run_after=None
[2026-06-13T11:06:40.006+0000] {processor.py:183} INFO - Processing /home/airflow/.local/lib/python3.12/site-packages/airflow/example_dags/example_local_kubernetes_executor.py took 0.105 seconds
[2026-06-13T11:07:10.388+0000] {processor.py:161} INFO - Started process (PID=1411) to work on /home/airflow/.local/lib/python3.12/site-packages/airflow/example_dags/example_local_kubernetes_executor.py
[2026-06-13T11:07:10.391+0000] {processor.py:830} INFO - Processing file /home/airflow/.local/lib/python3.12/site-packages/airflow/example_dags/example_local_kubernetes_executor.py for tasks to queue
[2026-06-13T11:07:10.395+0000] {logging_mixin.py:188} INFO - [2026-06-13T11:07:10.394+0000] {dagbag.py:545} INFO - Filling up the DagBag from /home/airflow/.local/lib/python3.12/site-packages/airflow/example_dags/example_local_kubernetes_executor.py
[2026-06-13T11:07:10.405+0000] {processor.py:840} INFO - DAG(s) 'example_local_kubernetes_executor' retrieved from /home/airflow/.local/lib/python3.12/site-packages/airflow/example_dags/example_local_kubernetes_executor.py
[2026-06-13T11:07:10.447+0000] {logging_mixin.py:188} INFO - [2026-06-13T11:07:10.446+0000] {dag.py:3096} INFO - Sync 1 DAGs
[2026-06-13T11:07:10.461+0000] {logging_mixin.py:188} INFO - [2026-06-13T11:07:10.461+0000] {dag.py:3954} INFO - Setting next_dagrun for example_local_kubernetes_executor to None, run_after=None
[2026-06-13T11:07:10.488+0000] {processor.py:183} INFO - Processing /home/airflow/.local/lib/python3.12/site-packages/airflow/example_dags/example_local_kubernetes_executor.py took 0.106 seconds
[2026-06-13T11:07:41.010+0000] {processor.py:161} INFO - Started process (PID=1470) to work on /home/airflow/.local/lib/python3.12/site-packages/airflow/example_dags/example_local_kubernetes_executor.py
[2026-06-13T11:07:41.011+0000] {processor.py:830} INFO - Processing file /home/airflow/.local/lib/python3.12/site-packages/airflow/example_dags/example_local_kubernetes_executor.py for tasks to queue
[2026-06-13T11:07:41.014+0000] {logging_mixin.py:188} INFO - [2026-06-13T11:07:41.014+0000] {dagbag.py:545} INFO - Filling up the DagBag from /home/airflow/.local/lib/python3.12/site-packages/airflow/example_dags/example_local_kubernetes_executor.py
[2026-06-13T11:07:41.022+0000] {processor.py:840} INFO - DAG(s) 'example_local_kubernetes_executor' retrieved from /home/airflow/.local/lib/python3.12/site-packages/airflow/example_dags/example_local_kubernetes_executor.py
[2026-06-13T11:07:41.062+0000] {logging_mixin.py:188} INFO - [2026-06-13T11:07:41.062+0000] {dag.py:3096} INFO - Sync 1 DAGs
[2026-06-13T11:07:41.077+0000] {logging_mixin.py:188} INFO - [2026-06-13T11:07:41.077+0000] {dag.py:3954} INFO - Setting next_dagrun for example_local_kubernetes_executor to None, run_after=None
[2026-06-13T11:07:41.105+0000] {processor.py:183} INFO - Processing /home/airflow/.local/lib/python3.12/site-packages/airflow/example_dags/example_local_kubernetes_executor.py took 0.101 seconds
[2026-06-13T11:08:12.624+0000] {processor.py:161} INFO - Started process (PID=1530) to work on /home/airflow/.local/lib/python3.12/site-packages/airflow/example_dags/example_local_kubernetes_executor.py
[2026-06-13T11:08:12.626+0000] {processor.py:830} INFO - Processing file /home/airflow/.local/lib/python3.12/site-packages/airflow/example_dags/example_local_kubernetes_executor.py for tasks to queue
[2026-06-13T11:08:12.629+0000] {logging_mixin.py:188} INFO - [2026-06-13T11:08:12.628+0000] {dagbag.py:545} INFO - Filling up the DagBag from /home/airflow/.local/lib/python3.12/site-packages/airflow/example_dags/example_local_kubernetes_executor.py
[2026-06-13T11:08:12.637+0000] {processor.py:840} INFO - DAG(s) 'example_local_kubernetes_executor' retrieved from /home/airflow/.local/lib/python3.12/site-packages/airflow/example_dags/example_local_kubernetes_executor.py
[2026-06-13T11:08:12.680+0000] {logging_mixin.py:188} INFO - [2026-06-13T11:08:12.679+0000] {dag.py:3096} INFO - Sync 1 DAGs
[2026-06-13T11:08:12.694+0000] {logging_mixin.py:188} INFO - [2026-06-13T11:08:12.694+0000] {dag.py:3954} INFO - Setting next_dagrun for example_local_kubernetes_executor to None, run_after=None
[2026-06-13T11:08:12.723+0000] {processor.py:183} INFO - Processing /home/airflow/.local/lib/python3.12/site-packages/airflow/example_dags/example_local_kubernetes_executor.py took 0.105 seconds
[2026-06-13T11:09:24.349+0000] {processor.py:161} INFO - Started process (PID=112) to work on /home/airflow/.local/lib/python3.12/site-packages/airflow/example_dags/example_local_kubernetes_executor.py
[2026-06-13T11:09:24.351+0000] {processor.py:830} INFO - Processing file /home/airflow/.local/lib/python3.12/site-packages/airflow/example_dags/example_local_kubernetes_executor.py for tasks to queue
[2026-06-13T11:09:24.354+0000] {logging_mixin.py:188} INFO - [2026-06-13T11:09:24.353+0000] {dagbag.py:545} INFO - Filling up the DagBag from /home/airflow/.local/lib/python3.12/site-packages/airflow/example_dags/example_local_kubernetes_executor.py
[2026-06-13T11:09:24.366+0000] {processor.py:840} INFO - DAG(s) 'example_local_kubernetes_executor' retrieved from /home/airflow/.local/lib/python3.12/site-packages/airflow/example_dags/example_local_kubernetes_executor.py
[2026-06-13T11:09:24.508+0000] {logging_mixin.py:188} INFO - [2026-06-13T11:09:24.508+0000] {dag.py:3096} INFO - Sync 1 DAGs
[2026-06-13T11:09:24.520+0000] {logging_mixin.py:188} INFO - [2026-06-13T11:09:24.520+0000] {dag.py:3954} INFO - Setting next_dagrun for example_local_kubernetes_executor to None, run_after=None
[2026-06-13T11:09:24.550+0000] {processor.py:183} INFO - Processing /home/airflow/.local/lib/python3.12/site-packages/airflow/example_dags/example_local_kubernetes_executor.py took 0.207 seconds
[2026-06-13T11:09:54.741+0000] {processor.py:161} INFO - Started process (PID=171) to work on /home/airflow/.local/lib/python3.12/site-packages/airflow/example_dags/example_local_kubernetes_executor.py
[2026-06-13T11:09:54.743+0000] {processor.py:830} INFO - Processing file /home/airflow/.local/lib/python3.12/site-packages/airflow/example_dags/example_local_kubernetes_executor.py for tasks to queue
[2026-06-13T11:09:54.746+0000] {logging_mixin.py:188} INFO - [2026-06-13T11:09:54.745+0000] {dagbag.py:545} INFO - Filling up the DagBag from /home/airflow/.local/lib/python3.12/site-packages/airflow/example_dags/example_local_kubernetes_executor.py
[2026-06-13T11:09:54.755+0000] {processor.py:840} INFO - DAG(s) 'example_local_kubernetes_executor' retrieved from /home/airflow/.local/lib/python3.12/site-packages/airflow/example_dags/example_local_kubernetes_executor.py
[2026-06-13T11:09:54.812+0000] {logging_mixin.py:188} INFO - [2026-06-13T11:09:54.811+0000] {dag.py:3096} INFO - Sync 1 DAGs
[2026-06-13T11:09:54.830+0000] {logging_mixin.py:188} INFO - [2026-06-13T11:09:54.829+0000] {dag.py:3954} INFO - Setting next_dagrun for example_local_kubernetes_executor to None, run_after=None
[2026-06-13T11:09:54.862+0000] {processor.py:183} INFO - Processing /home/airflow/.local/lib/python3.12/site-packages/airflow/example_dags/example_local_kubernetes_executor.py took 0.128 seconds
[2026-06-13T11:10:25.760+0000] {processor.py:161} INFO - Started process (PID=230) to work on /home/airflow/.local/lib/python3.12/site-packages/airflow/example_dags/example_local_kubernetes_executor.py
[2026-06-13T11:10:25.761+0000] {processor.py:830} INFO - Processing file /home/airflow/.local/lib/python3.12/site-packages/airflow/example_dags/example_local_kubernetes_executor.py for tasks to queue
[2026-06-13T11:10:25.764+0000] {logging_mixin.py:188} INFO - [2026-06-13T11:10:25.764+0000] {dagbag.py:545} INFO - Filling up the DagBag from /home/airflow/.local/lib/python3.12/site-packages/airflow/example_dags/example_local_kubernetes_executor.py
[2026-06-13T11:10:25.773+0000] {processor.py:840} INFO - DAG(s) 'example_local_kubernetes_executor' retrieved from /home/airflow/.local/lib/python3.12/site-packages/airflow/example_dags/example_local_kubernetes_executor.py
[2026-06-13T11:10:25.817+0000] {logging_mixin.py:188} INFO - [2026-06-13T11:10:25.817+0000] {dag.py:3096} INFO - Sync 1 DAGs
[2026-06-13T11:10:25.836+0000] {logging_mixin.py:188} INFO - [2026-06-13T11:10:25.835+0000] {dag.py:3954} INFO - Setting next_dagrun for example_local_kubernetes_executor to None, run_after=None
[2026-06-13T11:10:25.865+0000] {processor.py:183} INFO - Processing /home/airflow/.local/lib/python3.12/site-packages/airflow/example_dags/example_local_kubernetes_executor.py took 0.111 seconds
[2026-06-13T11:10:56.306+0000] {processor.py:161} INFO - Started process (PID=289) to work on /home/airflow/.local/lib/python3.12/site-packages/airflow/example_dags/example_local_kubernetes_executor.py
[2026-06-13T11:10:56.309+0000] {processor.py:830} INFO - Processing file /home/airflow/.local/lib/python3.12/site-packages/airflow/example_dags/example_local_kubernetes_executor.py for tasks to queue
[2026-06-13T11:10:56.311+0000] {logging_mixin.py:188} INFO - [2026-06-13T11:10:56.311+0000] {dagbag.py:545} INFO - Filling up the DagBag from /home/airflow/.local/lib/python3.12/site-packages/airflow/example_dags/example_local_kubernetes_executor.py
[2026-06-13T11:10:56.320+0000] {processor.py:840} INFO - DAG(s) 'example_local_kubernetes_executor' retrieved from /home/airflow/.local/lib/python3.12/site-packages/airflow/example_dags/example_local_kubernetes_executor.py
[2026-06-13T11:10:56.360+0000] {logging_mixin.py:188} INFO - [2026-06-13T11:10:56.359+0000] {dag.py:3096} INFO - Sync 1 DAGs
[2026-06-13T11:10:56.373+0000] {logging_mixin.py:188} INFO - [2026-06-13T11:10:56.373+0000] {dag.py:3954} INFO - Setting next_dagrun for example_local_kubernetes_executor to None, run_after=None
[2026-06-13T11:10:56.399+0000] {processor.py:183} INFO - Processing /home/airflow/.local/lib/python3.12/site-packages/airflow/example_dags/example_local_kubernetes_executor.py took 0.099 seconds
[2026-06-13T11:11:26.516+0000] {processor.py:161} INFO - Started process (PID=348) to work on /home/airflow/.local/lib/python3.12/site-packages/airflow/example_dags/example_local_kubernetes_executor.py
[2026-06-13T11:11:26.518+0000] {processor.py:830} INFO - Processing file /home/airflow/.local/lib/python3.12/site-packages/airflow/example_dags/example_local_kubernetes_executor.py for tasks to queue
[2026-06-13T11:11:26.521+0000] {logging_mixin.py:188} INFO - [2026-06-13T11:11:26.521+0000] {dagbag.py:545} INFO - Filling up the DagBag from /home/airflow/.local/lib/python3.12/site-packages/airflow/example_dags/example_local_kubernetes_executor.py
[2026-06-13T11:11:26.529+0000] {processor.py:840} INFO - DAG(s) 'example_local_kubernetes_executor' retrieved from /home/airflow/.local/lib/python3.12/site-packages/airflow/example_dags/example_local_kubernetes_executor.py
[2026-06-13T11:11:26.571+0000] {logging_mixin.py:188} INFO - [2026-06-13T11:11:26.571+0000] {dag.py:3096} INFO - Sync 1 DAGs
[2026-06-13T11:11:26.588+0000] {logging_mixin.py:188} INFO - [2026-06-13T11:11:26.588+0000] {dag.py:3954} INFO - Setting next_dagrun for example_local_kubernetes_executor to None, run_after=None
[2026-06-13T11:11:26.617+0000] {processor.py:183} INFO - Processing /home/airflow/.local/lib/python3.12/site-packages/airflow/example_dags/example_local_kubernetes_executor.py took 0.108 seconds
[2026-06-13T11:11:56.904+0000] {processor.py:161} INFO - Started process (PID=407) to work on /home/airflow/.local/lib/python3.12/site-packages/airflow/example_dags/example_local_kubernetes_executor.py
[2026-06-13T11:11:56.906+0000] {processor.py:830} INFO - Processing file /home/airflow/.local/lib/python3.12/site-packages/airflow/example_dags/example_local_kubernetes_executor.py for tasks to queue
[2026-06-13T11:11:56.909+0000] {logging_mixin.py:188} INFO - [2026-06-13T11:11:56.908+0000] {dagbag.py:545} INFO - Filling up the DagBag from /home/airflow/.local/lib/python3.12/site-packages/airflow/example_dags/example_local_kubernetes_executor.py
[2026-06-13T11:11:56.918+0000] {processor.py:840} INFO - DAG(s) 'example_local_kubernetes_executor' retrieved from /home/airflow/.local/lib/python3.12/site-packages/airflow/example_dags/example_local_kubernetes_executor.py
[2026-06-13T11:11:56.963+0000] {logging_mixin.py:188} INFO - [2026-06-13T11:11:56.963+0000] {dag.py:3096} INFO - Sync 1 DAGs
[2026-06-13T11:11:56.977+0000] {logging_mixin.py:188} INFO - [2026-06-13T11:11:56.977+0000] {dag.py:3954} INFO - Setting next_dagrun for example_local_kubernetes_executor to None, run_after=None
[2026-06-13T11:11:57.008+0000] {processor.py:183} INFO - Processing /home/airflow/.local/lib/python3.12/site-packages/airflow/example_dags/example_local_kubernetes_executor.py took 0.113 seconds
[2026-06-13T11:12:27.282+0000] {processor.py:161} INFO - Started process (PID=466) to work on /home/airflow/.local/lib/python3.12/site-packages/airflow/example_dags/example_local_kubernetes_executor.py
[2026-06-13T11:12:27.284+0000] {processor.py:830} INFO - Processing file /home/airflow/.local/lib/python3.12/site-packages/airflow/example_dags/example_local_kubernetes_executor.py for tasks to queue
[2026-06-13T11:12:27.287+0000] {logging_mixin.py:188} INFO - [2026-06-13T11:12:27.287+0000] {dagbag.py:545} INFO - Filling up the DagBag from /home/airflow/.local/lib/python3.12/site-packages/airflow/example_dags/example_local_kubernetes_executor.py
[2026-06-13T11:12:27.296+0000] {processor.py:840} INFO - DAG(s) 'example_local_kubernetes_executor' retrieved from /home/airflow/.local/lib/python3.12/site-packages/airflow/example_dags/example_local_kubernetes_executor.py
[2026-06-13T11:12:27.336+0000] {logging_mixin.py:188} INFO - [2026-06-13T11:12:27.335+0000] {dag.py:3096} INFO - Sync 1 DAGs
[2026-06-13T11:12:27.350+0000] {logging_mixin.py:188} INFO - [2026-06-13T11:12:27.349+0000] {dag.py:3954} INFO - Setting next_dagrun for example_local_kubernetes_executor to None, run_after=None
[2026-06-13T11:12:27.375+0000] {processor.py:183} INFO - Processing /home/airflow/.local/lib/python3.12/site-packages/airflow/example_dags/example_local_kubernetes_executor.py took 0.099 seconds
[2026-06-13T11:12:57.474+0000] {processor.py:161} INFO - Started process (PID=525) to work on /home/airflow/.local/lib/python3.12/site-packages/airflow/example_dags/example_local_kubernetes_executor.py
[2026-06-13T11:12:57.476+0000] {processor.py:830} INFO - Processing file /home/airflow/.local/lib/python3.12/site-packages/airflow/example_dags/example_local_kubernetes_executor.py for tasks to queue
[2026-06-13T11:12:57.478+0000] {logging_mixin.py:188} INFO - [2026-06-13T11:12:57.478+0000] {dagbag.py:545} INFO - Filling up the DagBag from /home/airflow/.local/lib/python3.12/site-packages/airflow/example_dags/example_local_kubernetes_executor.py
[2026-06-13T11:12:57.488+0000] {processor.py:840} INFO - DAG(s) 'example_local_kubernetes_executor' retrieved from /home/airflow/.local/lib/python3.12/site-packages/airflow/example_dags/example_local_kubernetes_executor.py
[2026-06-13T11:12:57.529+0000] {logging_mixin.py:188} INFO - [2026-06-13T11:12:57.528+0000] {dag.py:3096} INFO - Sync 1 DAGs
[2026-06-13T11:12:57.544+0000] {logging_mixin.py:188} INFO - [2026-06-13T11:12:57.543+0000] {dag.py:3954} INFO - Setting next_dagrun for example_local_kubernetes_executor to None, run_after=None
[2026-06-13T11:12:57.570+0000] {processor.py:183} INFO - Processing /home/airflow/.local/lib/python3.12/site-packages/airflow/example_dags/example_local_kubernetes_executor.py took 0.102 seconds
[2026-06-13T11:13:27.867+0000] {processor.py:161} INFO - Started process (PID=584) to work on /home/airflow/.local/lib/python3.12/site-packages/airflow/example_dags/example_local_kubernetes_executor.py
[2026-06-13T11:13:27.868+0000] {processor.py:830} INFO - Processing file /home/airflow/.local/lib/python3.12/site-packages/airflow/example_dags/example_local_kubernetes_executor.py for tasks to queue
[2026-06-13T11:13:27.871+0000] {logging_mixin.py:188} INFO - [2026-06-13T11:13:27.870+0000] {dagbag.py:545} INFO - Filling up the DagBag from /home/airflow/.local/lib/python3.12/site-packages/airflow/example_dags/example_local_kubernetes_executor.py
[2026-06-13T11:13:27.879+0000] {processor.py:840} INFO - DAG(s) 'example_local_kubernetes_executor' retrieved from /home/airflow/.local/lib/python3.12/site-packages/airflow/example_dags/example_local_kubernetes_executor.py
[2026-06-13T11:13:27.919+0000] {logging_mixin.py:188} INFO - [2026-06-13T11:13:27.919+0000] {dag.py:3096} INFO - Sync 1 DAGs
[2026-06-13T11:13:27.934+0000] {logging_mixin.py:188} INFO - [2026-06-13T11:13:27.934+0000] {dag.py:3954} INFO - Setting next_dagrun for example_local_kubernetes_executor to None, run_after=None
[2026-06-13T11:13:27.963+0000] {processor.py:183} INFO - Processing /home/airflow/.local/lib/python3.12/site-packages/airflow/example_dags/example_local_kubernetes_executor.py took 0.103 seconds
[2026-06-13T11:13:58.382+0000] {processor.py:161} INFO - Started process (PID=643) to work on /home/airflow/.local/lib/python3.12/site-packages/airflow/example_dags/example_local_kubernetes_executor.py
[2026-06-13T11:13:58.384+0000] {processor.py:830} INFO - Processing file /home/airflow/.local/lib/python3.12/site-packages/airflow/example_dags/example_local_kubernetes_executor.py for tasks to queue
[2026-06-13T11:13:58.386+0000] {logging_mixin.py:188} INFO - [2026-06-13T11:13:58.386+0000] {dagbag.py:545} INFO - Filling up the DagBag from /home/airflow/.local/lib/python3.12/site-packages/airflow/example_dags/example_local_kubernetes_executor.py
[2026-06-13T11:13:58.395+0000] {processor.py:840} INFO - DAG(s) 'example_local_kubernetes_executor' retrieved from /home/airflow/.local/lib/python3.12/site-packages/airflow/example_dags/example_local_kubernetes_executor.py
[2026-06-13T11:13:58.439+0000] {logging_mixin.py:188} INFO - [2026-06-13T11:13:58.439+0000] {dag.py:3096} INFO - Sync 1 DAGs
[2026-06-13T11:13:58.455+0000] {logging_mixin.py:188} INFO - [2026-06-13T11:13:58.454+0000] {dag.py:3954} INFO - Setting next_dagrun for example_local_kubernetes_executor to None, run_after=None
[2026-06-13T11:13:58.487+0000] {processor.py:183} INFO - Processing /home/airflow/.local/lib/python3.12/site-packages/airflow/example_dags/example_local_kubernetes_executor.py took 0.111 seconds
[2026-06-13T11:14:28.965+0000] {processor.py:161} INFO - Started process (PID=702) to work on /home/airflow/.local/lib/python3.12/site-packages/airflow/example_dags/example_local_kubernetes_executor.py
[2026-06-13T11:14:28.968+0000] {processor.py:830} INFO - Processing file /home/airflow/.local/lib/python3.12/site-packages/airflow/example_dags/example_local_kubernetes_executor.py for tasks to queue
[2026-06-13T11:14:28.972+0000] {logging_mixin.py:188} INFO - [2026-06-13T11:14:28.971+0000] {dagbag.py:545} INFO - Filling up the DagBag from /home/airflow/.local/lib/python3.12/site-packages/airflow/example_dags/example_local_kubernetes_executor.py
[2026-06-13T11:14:28.986+0000] {processor.py:840} INFO - DAG(s) 'example_local_kubernetes_executor' retrieved from /home/airflow/.local/lib/python3.12/site-packages/airflow/example_dags/example_local_kubernetes_executor.py
[2026-06-13T11:14:29.045+0000] {logging_mixin.py:188} INFO - [2026-06-13T11:14:29.045+0000] {dag.py:3096} INFO - Sync 1 DAGs
[2026-06-13T11:14:29.061+0000] {logging_mixin.py:188} INFO - [2026-06-13T11:14:29.061+0000] {dag.py:3954} INFO - Setting next_dagrun for example_local_kubernetes_executor to None, run_after=None
[2026-06-13T11:14:29.093+0000] {processor.py:183} INFO - Processing /home/airflow/.local/lib/python3.12/site-packages/airflow/example_dags/example_local_kubernetes_executor.py took 0.136 seconds
[2026-06-13T11:14:59.249+0000] {processor.py:161} INFO - Started process (PID=761) to work on /home/airflow/.local/lib/python3.12/site-packages/airflow/example_dags/example_local_kubernetes_executor.py
[2026-06-13T11:14:59.250+0000] {processor.py:830} INFO - Processing file /home/airflow/.local/lib/python3.12/site-packages/airflow/example_dags/example_local_kubernetes_executor.py for tasks to queue
[2026-06-13T11:14:59.254+0000] {logging_mixin.py:188} INFO - [2026-06-13T11:14:59.253+0000] {dagbag.py:545} INFO - Filling up the DagBag from /home/airflow/.local/lib/python3.12/site-packages/airflow/example_dags/example_local_kubernetes_executor.py
[2026-06-13T11:14:59.263+0000] {processor.py:840} INFO - DAG(s) 'example_local_kubernetes_executor' retrieved from /home/airflow/.local/lib/python3.12/site-packages/airflow/example_dags/example_local_kubernetes_executor.py
[2026-06-13T11:14:59.307+0000] {logging_mixin.py:188} INFO - [2026-06-13T11:14:59.307+0000] {dag.py:3096} INFO - Sync 1 DAGs
[2026-06-13T11:14:59.322+0000] {logging_mixin.py:188} INFO - [2026-06-13T11:14:59.321+0000] {dag.py:3954} INFO - Setting next_dagrun for example_local_kubernetes_executor to None, run_after=None
[2026-06-13T11:14:59.348+0000] {processor.py:183} INFO - Processing /home/airflow/.local/lib/python3.12/site-packages/airflow/example_dags/example_local_kubernetes_executor.py took 0.107 seconds
[2026-06-13T11:15:30.009+0000] {processor.py:161} INFO - Started process (PID=820) to work on /home/airflow/.local/lib/python3.12/site-packages/airflow/example_dags/example_local_kubernetes_executor.py
[2026-06-13T11:15:30.012+0000] {processor.py:830} INFO - Processing file /home/airflow/.local/lib/python3.12/site-packages/airflow/example_dags/example_local_kubernetes_executor.py for tasks to queue
[2026-06-13T11:15:30.017+0000] {logging_mixin.py:188} INFO - [2026-06-13T11:15:30.016+0000] {dagbag.py:545} INFO - Filling up the DagBag from /home/airflow/.local/lib/python3.12/site-packages/airflow/example_dags/example_local_kubernetes_executor.py
[2026-06-13T11:15:30.030+0000] {processor.py:840} INFO - DAG(s) 'example_local_kubernetes_executor' retrieved from /home/airflow/.local/lib/python3.12/site-packages/airflow/example_dags/example_local_kubernetes_executor.py
[2026-06-13T11:15:30.078+0000] {logging_mixin.py:188} INFO - [2026-06-13T11:15:30.078+0000] {dag.py:3096} INFO - Sync 1 DAGs
[2026-06-13T11:15:30.095+0000] {logging_mixin.py:188} INFO - [2026-06-13T11:15:30.095+0000] {dag.py:3954} INFO - Setting next_dagrun for example_local_kubernetes_executor to None, run_after=None
[2026-06-13T11:15:30.127+0000] {processor.py:183} INFO - Processing /home/airflow/.local/lib/python3.12/site-packages/airflow/example_dags/example_local_kubernetes_executor.py took 0.126 seconds
[2026-06-13T11:16:00.295+0000] {processor.py:161} INFO - Started process (PID=879) to work on /home/airflow/.local/lib/python3.12/site-packages/airflow/example_dags/example_local_kubernetes_executor.py
[2026-06-13T11:16:00.296+0000] {processor.py:830} INFO - Processing file /home/airflow/.local/lib/python3.12/site-packages/airflow/example_dags/example_local_kubernetes_executor.py for tasks to queue
[2026-06-13T11:16:00.299+0000] {logging_mixin.py:188} INFO - [2026-06-13T11:16:00.299+0000] {dagbag.py:545} INFO - Filling up the DagBag from /home/airflow/.local/lib/python3.12/site-packages/airflow/example_dags/example_local_kubernetes_executor.py
[2026-06-13T11:16:00.308+0000] {processor.py:840} INFO - DAG(s) 'example_local_kubernetes_executor' retrieved from /home/airflow/.local/lib/python3.12/site-packages/airflow/example_dags/example_local_kubernetes_executor.py
[2026-06-13T11:16:00.350+0000] {logging_mixin.py:188} INFO - [2026-06-13T11:16:00.350+0000] {dag.py:3096} INFO - Sync 1 DAGs
[2026-06-13T11:16:00.364+0000] {logging_mixin.py:188} INFO - [2026-06-13T11:16:00.364+0000] {dag.py:3954} INFO - Setting next_dagrun for example_local_kubernetes_executor to None, run_after=None
[2026-06-13T11:16:00.392+0000] {processor.py:183} INFO - Processing /home/airflow/.local/lib/python3.12/site-packages/airflow/example_dags/example_local_kubernetes_executor.py took 0.103 seconds
[2026-06-13T11:16:30.505+0000] {processor.py:161} INFO - Started process (PID=938) to work on /home/airflow/.local/lib/python3.12/site-packages/airflow/example_dags/example_local_kubernetes_executor.py
[2026-06-13T11:16:30.507+0000] {processor.py:830} INFO - Processing file /home/airflow/.local/lib/python3.12/site-packages/airflow/example_dags/example_local_kubernetes_executor.py for tasks to queue
[2026-06-13T11:16:30.510+0000] {logging_mixin.py:188} INFO - [2026-06-13T11:16:30.509+0000] {dagbag.py:545} INFO - Filling up the DagBag from /home/airflow/.local/lib/python3.12/site-packages/airflow/example_dags/example_local_kubernetes_executor.py
[2026-06-13T11:16:30.517+0000] {processor.py:840} INFO - DAG(s) 'example_local_kubernetes_executor' retrieved from /home/airflow/.local/lib/python3.12/site-packages/airflow/example_dags/example_local_kubernetes_executor.py
[2026-06-13T11:16:30.560+0000] {logging_mixin.py:188} INFO - [2026-06-13T11:16:30.559+0000] {dag.py:3096} INFO - Sync 1 DAGs
[2026-06-13T11:16:30.574+0000] {logging_mixin.py:188} INFO - [2026-06-13T11:16:30.574+0000] {dag.py:3954} INFO - Setting next_dagrun for example_local_kubernetes_executor to None, run_after=None
[2026-06-13T11:16:30.601+0000] {processor.py:183} INFO - Processing /home/airflow/.local/lib/python3.12/site-packages/airflow/example_dags/example_local_kubernetes_executor.py took 0.102 seconds
[2026-06-13T11:17:00.795+0000] {processor.py:161} INFO - Started process (PID=998) to work on /home/airflow/.local/lib/python3.12/site-packages/airflow/example_dags/example_local_kubernetes_executor.py
[2026-06-13T11:17:00.797+0000] {processor.py:830} INFO - Processing file /home/airflow/.local/lib/python3.12/site-packages/airflow/example_dags/example_local_kubernetes_executor.py for tasks to queue
[2026-06-13T11:17:00.800+0000] {logging_mixin.py:188} INFO - [2026-06-13T11:17:00.800+0000] {dagbag.py:545} INFO - Filling up the DagBag from /home/airflow/.local/lib/python3.12/site-packages/airflow/example_dags/example_local_kubernetes_executor.py
[2026-06-13T11:17:00.809+0000] {processor.py:840} INFO - DAG(s) 'example_local_kubernetes_executor' retrieved from /home/airflow/.local/lib/python3.12/site-packages/airflow/example_dags/example_local_kubernetes_executor.py
[2026-06-13T11:17:00.855+0000] {logging_mixin.py:188} INFO - [2026-06-13T11:17:00.854+0000] {dag.py:3096} INFO - Sync 1 DAGs
[2026-06-13T11:17:00.869+0000] {logging_mixin.py:188} INFO - [2026-06-13T11:17:00.868+0000] {dag.py:3954} INFO - Setting next_dagrun for example_local_kubernetes_executor to None, run_after=None
[2026-06-13T11:17:00.902+0000] {processor.py:183} INFO - Processing /home/airflow/.local/lib/python3.12/site-packages/airflow/example_dags/example_local_kubernetes_executor.py took 0.114 seconds
[2026-06-13T11:17:31.148+0000] {processor.py:161} INFO - Started process (PID=1057) to work on /home/airflow/.local/lib/python3.12/site-packages/airflow/example_dags/example_local_kubernetes_executor.py
[2026-06-13T11:17:31.150+0000] {processor.py:830} INFO - Processing file /home/airflow/.local/lib/python3.12/site-packages/airflow/example_dags/example_local_kubernetes_executor.py for tasks to queue
[2026-06-13T11:17:31.152+0000] {logging_mixin.py:188} INFO - [2026-06-13T11:17:31.152+0000] {dagbag.py:545} INFO - Filling up the DagBag from /home/airflow/.local/lib/python3.12/site-packages/airflow/example_dags/example_local_kubernetes_executor.py
[2026-06-13T11:17:31.160+0000] {processor.py:840} INFO - DAG(s) 'example_local_kubernetes_executor' retrieved from /home/airflow/.local/lib/python3.12/site-packages/airflow/example_dags/example_local_kubernetes_executor.py
[2026-06-13T11:17:31.204+0000] {logging_mixin.py:188} INFO - [2026-06-13T11:17:31.203+0000] {dag.py:3096} INFO - Sync 1 DAGs
[2026-06-13T11:17:31.218+0000] {logging_mixin.py:188} INFO - [2026-06-13T11:17:31.218+0000] {dag.py:3954} INFO - Setting next_dagrun for example_local_kubernetes_executor to None, run_after=None
[2026-06-13T11:17:31.243+0000] {processor.py:183} INFO - Processing /home/airflow/.local/lib/python3.12/site-packages/airflow/example_dags/example_local_kubernetes_executor.py took 0.102 seconds
[2026-06-13T11:18:02.275+0000] {processor.py:161} INFO - Started process (PID=1116) to work on /home/airflow/.local/lib/python3.12/site-packages/airflow/example_dags/example_local_kubernetes_executor.py
[2026-06-13T11:18:02.277+0000] {processor.py:830} INFO - Processing file /home/airflow/.local/lib/python3.12/site-packages/airflow/example_dags/example_local_kubernetes_executor.py for tasks to queue
[2026-06-13T11:18:02.280+0000] {logging_mixin.py:188} INFO - [2026-06-13T11:18:02.279+0000] {dagbag.py:545} INFO - Filling up the DagBag from /home/airflow/.local/lib/python3.12/site-packages/airflow/example_dags/example_local_kubernetes_executor.py
[2026-06-13T11:18:02.290+0000] {processor.py:840} INFO - DAG(s) 'example_local_kubernetes_executor' retrieved from /home/airflow/.local/lib/python3.12/site-packages/airflow/example_dags/example_local_kubernetes_executor.py
[2026-06-13T11:18:02.331+0000] {logging_mixin.py:188} INFO - [2026-06-13T11:18:02.331+0000] {dag.py:3096} INFO - Sync 1 DAGs
[2026-06-13T11:18:02.346+0000] {logging_mixin.py:188} INFO - [2026-06-13T11:18:02.346+0000] {dag.py:3954} INFO - Setting next_dagrun for example_local_kubernetes_executor to None, run_after=None
[2026-06-13T11:18:02.372+0000] {processor.py:183} INFO - Processing /home/airflow/.local/lib/python3.12/site-packages/airflow/example_dags/example_local_kubernetes_executor.py took 0.104 seconds
[2026-06-13T11:18:33.339+0000] {processor.py:161} INFO - Started process (PID=1175) to work on /home/airflow/.local/lib/python3.12/site-packages/airflow/example_dags/example_local_kubernetes_executor.py
[2026-06-13T11:18:33.341+0000] {processor.py:830} INFO - Processing file /home/airflow/.local/lib/python3.12/site-packages/airflow/example_dags/example_local_kubernetes_executor.py for tasks to queue
[2026-06-13T11:18:33.345+0000] {logging_mixin.py:188} INFO - [2026-06-13T11:18:33.344+0000] {dagbag.py:545} INFO - Filling up the DagBag from /home/airflow/.local/lib/python3.12/site-packages/airflow/example_dags/example_local_kubernetes_executor.py
[2026-06-13T11:18:33.356+0000] {processor.py:840} INFO - DAG(s) 'example_local_kubernetes_executor' retrieved from /home/airflow/.local/lib/python3.12/site-packages/airflow/example_dags/example_local_kubernetes_executor.py
[2026-06-13T11:18:33.402+0000] {logging_mixin.py:188} INFO - [2026-06-13T11:18:33.402+0000] {dag.py:3096} INFO - Sync 1 DAGs
[2026-06-13T11:18:33.419+0000] {logging_mixin.py:188} INFO - [2026-06-13T11:18:33.419+0000] {dag.py:3954} INFO - Setting next_dagrun for example_local_kubernetes_executor to None, run_after=None
[2026-06-13T11:18:33.448+0000] {processor.py:183} INFO - Processing /home/airflow/.local/lib/python3.12/site-packages/airflow/example_dags/example_local_kubernetes_executor.py took 0.116 seconds
[2026-06-13T11:48:57.550+0000] {processor.py:161} INFO - Started process (PID=1234) to work on /home/airflow/.local/lib/python3.12/site-packages/airflow/example_dags/example_local_kubernetes_executor.py
[2026-06-13T11:48:57.553+0000] {processor.py:830} INFO - Processing file /home/airflow/.local/lib/python3.12/site-packages/airflow/example_dags/example_local_kubernetes_executor.py for tasks to queue
[2026-06-13T11:48:57.562+0000] {logging_mixin.py:188} INFO - [2026-06-13T11:48:57.558+0000] {dagbag.py:545} INFO - Filling up the DagBag from /home/airflow/.local/lib/python3.12/site-packages/airflow/example_dags/example_local_kubernetes_executor.py
[2026-06-13T11:48:57.588+0000] {processor.py:840} INFO - DAG(s) 'example_local_kubernetes_executor' retrieved from /home/airflow/.local/lib/python3.12/site-packages/airflow/example_dags/example_local_kubernetes_executor.py
[2026-06-13T11:48:57.659+0000] {logging_mixin.py:188} INFO - [2026-06-13T11:48:57.658+0000] {dag.py:3096} INFO - Sync 1 DAGs
[2026-06-13T11:48:57.690+0000] {logging_mixin.py:188} INFO - [2026-06-13T11:48:57.689+0000] {dag.py:3954} INFO - Setting next_dagrun for example_local_kubernetes_executor to None, run_after=None
[2026-06-13T11:48:57.747+0000] {processor.py:183} INFO - Processing /home/airflow/.local/lib/python3.12/site-packages/airflow/example_dags/example_local_kubernetes_executor.py took 0.208 seconds
[2026-06-13T11:49:27.942+0000] {processor.py:161} INFO - Started process (PID=1293) to work on /home/airflow/.local/lib/python3.12/site-packages/airflow/example_dags/example_local_kubernetes_executor.py
[2026-06-13T11:49:27.944+0000] {processor.py:830} INFO - Processing file /home/airflow/.local/lib/python3.12/site-packages/airflow/example_dags/example_local_kubernetes_executor.py for tasks to queue
[2026-06-13T11:49:27.947+0000] {logging_mixin.py:188} INFO - [2026-06-13T11:49:27.947+0000] {dagbag.py:545} INFO - Filling up the DagBag from /home/airflow/.local/lib/python3.12/site-packages/airflow/example_dags/example_local_kubernetes_executor.py
[2026-06-13T11:49:27.956+0000] {processor.py:840} INFO - DAG(s) 'example_local_kubernetes_executor' retrieved from /home/airflow/.local/lib/python3.12/site-packages/airflow/example_dags/example_local_kubernetes_executor.py
[2026-06-13T11:49:27.998+0000] {logging_mixin.py:188} INFO - [2026-06-13T11:49:27.998+0000] {dag.py:3096} INFO - Sync 1 DAGs
[2026-06-13T11:49:28.014+0000] {logging_mixin.py:188} INFO - [2026-06-13T11:49:28.013+0000] {dag.py:3954} INFO - Setting next_dagrun for example_local_kubernetes_executor to None, run_after=None
[2026-06-13T11:49:28.043+0000] {processor.py:183} INFO - Processing /home/airflow/.local/lib/python3.12/site-packages/airflow/example_dags/example_local_kubernetes_executor.py took 0.108 seconds
[2026-06-13T11:49:58.620+0000] {processor.py:161} INFO - Started process (PID=1352) to work on /home/airflow/.local/lib/python3.12/site-packages/airflow/example_dags/example_local_kubernetes_executor.py
[2026-06-13T11:49:58.622+0000] {processor.py:830} INFO - Processing file /home/airflow/.local/lib/python3.12/site-packages/airflow/example_dags/example_local_kubernetes_executor.py for tasks to queue
[2026-06-13T11:49:58.625+0000] {logging_mixin.py:188} INFO - [2026-06-13T11:49:58.625+0000] {dagbag.py:545} INFO - Filling up the DagBag from /home/airflow/.local/lib/python3.12/site-packages/airflow/example_dags/example_local_kubernetes_executor.py
[2026-06-13T11:49:58.635+0000] {processor.py:840} INFO - DAG(s) 'example_local_kubernetes_executor' retrieved from /home/airflow/.local/lib/python3.12/site-packages/airflow/example_dags/example_local_kubernetes_executor.py
[2026-06-13T11:49:58.682+0000] {logging_mixin.py:188} INFO - [2026-06-13T11:49:58.682+0000] {dag.py:3096} INFO - Sync 1 DAGs
[2026-06-13T11:49:58.702+0000] {logging_mixin.py:188} INFO - [2026-06-13T11:49:58.702+0000] {dag.py:3954} INFO - Setting next_dagrun for example_local_kubernetes_executor to None, run_after=None
[2026-06-13T11:49:58.734+0000] {processor.py:183} INFO - Processing /home/airflow/.local/lib/python3.12/site-packages/airflow/example_dags/example_local_kubernetes_executor.py took 0.122 seconds
[2026-06-13T11:50:29.253+0000] {processor.py:161} INFO - Started process (PID=1411) to work on /home/airflow/.local/lib/python3.12/site-packages/airflow/example_dags/example_local_kubernetes_executor.py
[2026-06-13T11:50:29.255+0000] {processor.py:830} INFO - Processing file /home/airflow/.local/lib/python3.12/site-packages/airflow/example_dags/example_local_kubernetes_executor.py for tasks to queue
[2026-06-13T11:50:29.259+0000] {logging_mixin.py:188} INFO - [2026-06-13T11:50:29.258+0000] {dagbag.py:545} INFO - Filling up the DagBag from /home/airflow/.local/lib/python3.12/site-packages/airflow/example_dags/example_local_kubernetes_executor.py
[2026-06-13T11:50:29.267+0000] {processor.py:840} INFO - DAG(s) 'example_local_kubernetes_executor' retrieved from /home/airflow/.local/lib/python3.12/site-packages/airflow/example_dags/example_local_kubernetes_executor.py
[2026-06-13T11:50:29.319+0000] {logging_mixin.py:188} INFO - [2026-06-13T11:50:29.318+0000] {dag.py:3096} INFO - Sync 1 DAGs
[2026-06-13T11:50:29.341+0000] {logging_mixin.py:188} INFO - [2026-06-13T11:50:29.340+0000] {dag.py:3954} INFO - Setting next_dagrun for example_local_kubernetes_executor to None, run_after=None
[2026-06-13T11:50:29.371+0000] {processor.py:183} INFO - Processing /home/airflow/.local/lib/python3.12/site-packages/airflow/example_dags/example_local_kubernetes_executor.py took 0.124 seconds
[2026-06-13T11:51:00.003+0000] {processor.py:161} INFO - Started process (PID=1470) to work on /home/airflow/.local/lib/python3.12/site-packages/airflow/example_dags/example_local_kubernetes_executor.py
[2026-06-13T11:51:00.005+0000] {processor.py:830} INFO - Processing file /home/airflow/.local/lib/python3.12/site-packages/airflow/example_dags/example_local_kubernetes_executor.py for tasks to queue
[2026-06-13T11:51:00.009+0000] {logging_mixin.py:188} INFO - [2026-06-13T11:51:00.008+0000] {dagbag.py:545} INFO - Filling up the DagBag from /home/airflow/.local/lib/python3.12/site-packages/airflow/example_dags/example_local_kubernetes_executor.py
[2026-06-13T11:51:00.031+0000] {processor.py:840} INFO - DAG(s) 'example_local_kubernetes_executor' retrieved from /home/airflow/.local/lib/python3.12/site-packages/airflow/example_dags/example_local_kubernetes_executor.py
[2026-06-13T11:51:00.095+0000] {logging_mixin.py:188} INFO - [2026-06-13T11:51:00.095+0000] {dag.py:3096} INFO - Sync 1 DAGs
[2026-06-13T11:51:00.118+0000] {logging_mixin.py:188} INFO - [2026-06-13T11:51:00.117+0000] {dag.py:3954} INFO - Setting next_dagrun for example_local_kubernetes_executor to None, run_after=None
[2026-06-13T11:51:00.157+0000] {processor.py:183} INFO - Processing /home/airflow/.local/lib/python3.12/site-packages/airflow/example_dags/example_local_kubernetes_executor.py took 0.166 seconds
[2026-06-13T11:51:30.579+0000] {processor.py:161} INFO - Started process (PID=1529) to work on /home/airflow/.local/lib/python3.12/site-packages/airflow/example_dags/example_local_kubernetes_executor.py
[2026-06-13T11:51:30.581+0000] {processor.py:830} INFO - Processing file /home/airflow/.local/lib/python3.12/site-packages/airflow/example_dags/example_local_kubernetes_executor.py for tasks to queue
[2026-06-13T11:51:30.583+0000] {logging_mixin.py:188} INFO - [2026-06-13T11:51:30.583+0000] {dagbag.py:545} INFO - Filling up the DagBag from /home/airflow/.local/lib/python3.12/site-packages/airflow/example_dags/example_local_kubernetes_executor.py
[2026-06-13T11:51:30.590+0000] {processor.py:840} INFO - DAG(s) 'example_local_kubernetes_executor' retrieved from /home/airflow/.local/lib/python3.12/site-packages/airflow/example_dags/example_local_kubernetes_executor.py
[2026-06-13T11:51:30.632+0000] {logging_mixin.py:188} INFO - [2026-06-13T11:51:30.631+0000] {dag.py:3096} INFO - Sync 1 DAGs
[2026-06-13T11:51:30.645+0000] {logging_mixin.py:188} INFO - [2026-06-13T11:51:30.645+0000] {dag.py:3954} INFO - Setting next_dagrun for example_local_kubernetes_executor to None, run_after=None
[2026-06-13T11:51:30.675+0000] {processor.py:183} INFO - Processing /home/airflow/.local/lib/python3.12/site-packages/airflow/example_dags/example_local_kubernetes_executor.py took 0.102 seconds
[2026-06-13T11:52:01.590+0000] {processor.py:161} INFO - Started process (PID=1588) to work on /home/airflow/.local/lib/python3.12/site-packages/airflow/example_dags/example_local_kubernetes_executor.py
[2026-06-13T11:52:01.591+0000] {processor.py:830} INFO - Processing file /home/airflow/.local/lib/python3.12/site-packages/airflow/example_dags/example_local_kubernetes_executor.py for tasks to queue
[2026-06-13T11:52:01.594+0000] {logging_mixin.py:188} INFO - [2026-06-13T11:52:01.594+0000] {dagbag.py:545} INFO - Filling up the DagBag from /home/airflow/.local/lib/python3.12/site-packages/airflow/example_dags/example_local_kubernetes_executor.py
[2026-06-13T11:52:01.603+0000] {processor.py:840} INFO - DAG(s) 'example_local_kubernetes_executor' retrieved from /home/airflow/.local/lib/python3.12/site-packages/airflow/example_dags/example_local_kubernetes_executor.py
[2026-06-13T11:52:01.645+0000] {logging_mixin.py:188} INFO - [2026-06-13T11:52:01.644+0000] {dag.py:3096} INFO - Sync 1 DAGs
[2026-06-13T11:52:01.659+0000] {logging_mixin.py:188} INFO - [2026-06-13T11:52:01.659+0000] {dag.py:3954} INFO - Setting next_dagrun for example_local_kubernetes_executor to None, run_after=None
[2026-06-13T11:52:01.685+0000] {processor.py:183} INFO - Processing /home/airflow/.local/lib/python3.12/site-packages/airflow/example_dags/example_local_kubernetes_executor.py took 0.101 seconds
[2026-06-13T11:52:31.753+0000] {processor.py:161} INFO - Started process (PID=1647) to work on /home/airflow/.local/lib/python3.12/site-packages/airflow/example_dags/example_local_kubernetes_executor.py
[2026-06-13T11:52:31.755+0000] {processor.py:830} INFO - Processing file /home/airflow/.local/lib/python3.12/site-packages/airflow/example_dags/example_local_kubernetes_executor.py for tasks to queue
[2026-06-13T11:52:31.757+0000] {logging_mixin.py:188} INFO - [2026-06-13T11:52:31.757+0000] {dagbag.py:545} INFO - Filling up the DagBag from /home/airflow/.local/lib/python3.12/site-packages/airflow/example_dags/example_local_kubernetes_executor.py
[2026-06-13T11:52:31.766+0000] {processor.py:840} INFO - DAG(s) 'example_local_kubernetes_executor' retrieved from /home/airflow/.local/lib/python3.12/site-packages/airflow/example_dags/example_local_kubernetes_executor.py
[2026-06-13T11:52:31.807+0000] {logging_mixin.py:188} INFO - [2026-06-13T11:52:31.807+0000] {dag.py:3096} INFO - Sync 1 DAGs
[2026-06-13T11:52:31.820+0000] {logging_mixin.py:188} INFO - [2026-06-13T11:52:31.820+0000] {dag.py:3954} INFO - Setting next_dagrun for example_local_kubernetes_executor to None, run_after=None
[2026-06-13T11:52:31.847+0000] {processor.py:183} INFO - Processing /home/airflow/.local/lib/python3.12/site-packages/airflow/example_dags/example_local_kubernetes_executor.py took 0.099 seconds
[2026-06-13T11:53:03.097+0000] {processor.py:161} INFO - Started process (PID=1706) to work on /home/airflow/.local/lib/python3.12/site-packages/airflow/example_dags/example_local_kubernetes_executor.py
[2026-06-13T11:53:03.098+0000] {processor.py:830} INFO - Processing file /home/airflow/.local/lib/python3.12/site-packages/airflow/example_dags/example_local_kubernetes_executor.py for tasks to queue
[2026-06-13T11:53:03.102+0000] {logging_mixin.py:188} INFO - [2026-06-13T11:53:03.101+0000] {dagbag.py:545} INFO - Filling up the DagBag from /home/airflow/.local/lib/python3.12/site-packages/airflow/example_dags/example_local_kubernetes_executor.py
[2026-06-13T11:53:03.111+0000] {processor.py:840} INFO - DAG(s) 'example_local_kubernetes_executor' retrieved from /home/airflow/.local/lib/python3.12/site-packages/airflow/example_dags/example_local_kubernetes_executor.py
[2026-06-13T11:53:03.156+0000] {logging_mixin.py:188} INFO - [2026-06-13T11:53:03.156+0000] {dag.py:3096} INFO - Sync 1 DAGs
[2026-06-13T11:53:03.173+0000] {logging_mixin.py:188} INFO - [2026-06-13T11:53:03.172+0000] {dag.py:3954} INFO - Setting next_dagrun for example_local_kubernetes_executor to None, run_after=None
[2026-06-13T11:53:03.201+0000] {processor.py:183} INFO - Processing /home/airflow/.local/lib/python3.12/site-packages/airflow/example_dags/example_local_kubernetes_executor.py took 0.110 seconds
[2026-06-13T11:53:33.493+0000] {processor.py:161} INFO - Started process (PID=1765) to work on /home/airflow/.local/lib/python3.12/site-packages/airflow/example_dags/example_local_kubernetes_executor.py
[2026-06-13T11:53:33.494+0000] {processor.py:830} INFO - Processing file /home/airflow/.local/lib/python3.12/site-packages/airflow/example_dags/example_local_kubernetes_executor.py for tasks to queue
[2026-06-13T11:53:33.497+0000] {logging_mixin.py:188} INFO - [2026-06-13T11:53:33.496+0000] {dagbag.py:545} INFO - Filling up the DagBag from /home/airflow/.local/lib/python3.12/site-packages/airflow/example_dags/example_local_kubernetes_executor.py
[2026-06-13T11:53:33.504+0000] {processor.py:840} INFO - DAG(s) 'example_local_kubernetes_executor' retrieved from /home/airflow/.local/lib/python3.12/site-packages/airflow/example_dags/example_local_kubernetes_executor.py
[2026-06-13T11:53:33.545+0000] {logging_mixin.py:188} INFO - [2026-06-13T11:53:33.544+0000] {dag.py:3096} INFO - Sync 1 DAGs
[2026-06-13T11:53:33.559+0000] {logging_mixin.py:188} INFO - [2026-06-13T11:53:33.559+0000] {dag.py:3954} INFO - Setting next_dagrun for example_local_kubernetes_executor to None, run_after=None
[2026-06-13T11:53:33.584+0000] {processor.py:183} INFO - Processing /home/airflow/.local/lib/python3.12/site-packages/airflow/example_dags/example_local_kubernetes_executor.py took 0.099 seconds
[2026-06-13T11:54:03.729+0000] {processor.py:161} INFO - Started process (PID=1824) to work on /home/airflow/.local/lib/python3.12/site-packages/airflow/example_dags/example_local_kubernetes_executor.py
[2026-06-13T11:54:03.730+0000] {processor.py:830} INFO - Processing file /home/airflow/.local/lib/python3.12/site-packages/airflow/example_dags/example_local_kubernetes_executor.py for tasks to queue
[2026-06-13T11:54:03.732+0000] {logging_mixin.py:188} INFO - [2026-06-13T11:54:03.732+0000] {dagbag.py:545} INFO - Filling up the DagBag from /home/airflow/.local/lib/python3.12/site-packages/airflow/example_dags/example_local_kubernetes_executor.py
[2026-06-13T11:54:03.741+0000] {processor.py:840} INFO - DAG(s) 'example_local_kubernetes_executor' retrieved from /home/airflow/.local/lib/python3.12/site-packages/airflow/example_dags/example_local_kubernetes_executor.py
[2026-06-13T11:54:03.782+0000] {logging_mixin.py:188} INFO - [2026-06-13T11:54:03.781+0000] {dag.py:3096} INFO - Sync 1 DAGs
[2026-06-13T11:54:03.795+0000] {logging_mixin.py:188} INFO - [2026-06-13T11:54:03.795+0000] {dag.py:3954} INFO - Setting next_dagrun for example_local_kubernetes_executor to None, run_after=None
[2026-06-13T11:54:03.822+0000] {processor.py:183} INFO - Processing /home/airflow/.local/lib/python3.12/site-packages/airflow/example_dags/example_local_kubernetes_executor.py took 0.100 seconds
[2026-06-13T11:54:35.821+0000] {processor.py:161} INFO - Started process (PID=1883) to work on /home/airflow/.local/lib/python3.12/site-packages/airflow/example_dags/example_local_kubernetes_executor.py
[2026-06-13T11:54:35.823+0000] {processor.py:830} INFO - Processing file /home/airflow/.local/lib/python3.12/site-packages/airflow/example_dags/example_local_kubernetes_executor.py for tasks to queue
[2026-06-13T11:54:35.826+0000] {logging_mixin.py:188} INFO - [2026-06-13T11:54:35.826+0000] {dagbag.py:545} INFO - Filling up the DagBag from /home/airflow/.local/lib/python3.12/site-packages/airflow/example_dags/example_local_kubernetes_executor.py
[2026-06-13T11:54:35.835+0000] {processor.py:840} INFO - DAG(s) 'example_local_kubernetes_executor' retrieved from /home/airflow/.local/lib/python3.12/site-packages/airflow/example_dags/example_local_kubernetes_executor.py
[2026-06-13T11:54:35.876+0000] {logging_mixin.py:188} INFO - [2026-06-13T11:54:35.876+0000] {dag.py:3096} INFO - Sync 1 DAGs
[2026-06-13T11:54:35.890+0000] {logging_mixin.py:188} INFO - [2026-06-13T11:54:35.890+0000] {dag.py:3954} INFO - Setting next_dagrun for example_local_kubernetes_executor to None, run_after=None
[2026-06-13T11:54:35.917+0000] {processor.py:183} INFO - Processing /home/airflow/.local/lib/python3.12/site-packages/airflow/example_dags/example_local_kubernetes_executor.py took 0.102 seconds
[2026-06-13T11:55:08.076+0000] {processor.py:161} INFO - Started process (PID=1943) to work on /home/airflow/.local/lib/python3.12/site-packages/airflow/example_dags/example_local_kubernetes_executor.py
[2026-06-13T11:55:08.078+0000] {processor.py:830} INFO - Processing file /home/airflow/.local/lib/python3.12/site-packages/airflow/example_dags/example_local_kubernetes_executor.py for tasks to queue
[2026-06-13T11:55:08.080+0000] {logging_mixin.py:188} INFO - [2026-06-13T11:55:08.080+0000] {dagbag.py:545} INFO - Filling up the DagBag from /home/airflow/.local/lib/python3.12/site-packages/airflow/example_dags/example_local_kubernetes_executor.py
[2026-06-13T11:55:08.089+0000] {processor.py:840} INFO - DAG(s) 'example_local_kubernetes_executor' retrieved from /home/airflow/.local/lib/python3.12/site-packages/airflow/example_dags/example_local_kubernetes_executor.py
[2026-06-13T11:55:08.128+0000] {logging_mixin.py:188} INFO - [2026-06-13T11:55:08.128+0000] {dag.py:3096} INFO - Sync 1 DAGs
[2026-06-13T11:55:08.142+0000] {logging_mixin.py:188} INFO - [2026-06-13T11:55:08.142+0000] {dag.py:3954} INFO - Setting next_dagrun for example_local_kubernetes_executor to None, run_after=None
[2026-06-13T11:55:08.170+0000] {processor.py:183} INFO - Processing /home/airflow/.local/lib/python3.12/site-packages/airflow/example_dags/example_local_kubernetes_executor.py took 0.101 seconds
[2026-06-13T11:55:38.400+0000] {processor.py:161} INFO - Started process (PID=2002) to work on /home/airflow/.local/lib/python3.12/site-packages/airflow/example_dags/example_local_kubernetes_executor.py
[2026-06-13T11:55:38.402+0000] {processor.py:830} INFO - Processing file /home/airflow/.local/lib/python3.12/site-packages/airflow/example_dags/example_local_kubernetes_executor.py for tasks to queue
[2026-06-13T11:55:38.404+0000] {logging_mixin.py:188} INFO - [2026-06-13T11:55:38.404+0000] {dagbag.py:545} INFO - Filling up the DagBag from /home/airflow/.local/lib/python3.12/site-packages/airflow/example_dags/example_local_kubernetes_executor.py
[2026-06-13T11:55:38.413+0000] {processor.py:840} INFO - DAG(s) 'example_local_kubernetes_executor' retrieved from /home/airflow/.local/lib/python3.12/site-packages/airflow/example_dags/example_local_kubernetes_executor.py
[2026-06-13T11:55:38.454+0000] {logging_mixin.py:188} INFO - [2026-06-13T11:55:38.453+0000] {dag.py:3096} INFO - Sync 1 DAGs
[2026-06-13T11:55:38.468+0000] {logging_mixin.py:188} INFO - [2026-06-13T11:55:38.467+0000] {dag.py:3954} INFO - Setting next_dagrun for example_local_kubernetes_executor to None, run_after=None
[2026-06-13T11:55:38.495+0000] {processor.py:183} INFO - Processing /home/airflow/.local/lib/python3.12/site-packages/airflow/example_dags/example_local_kubernetes_executor.py took 0.103 seconds
[2026-06-13T11:57:51.901+0000] {processor.py:161} INFO - Started process (PID=2061) to work on /home/airflow/.local/lib/python3.12/site-packages/airflow/example_dags/example_local_kubernetes_executor.py
[2026-06-13T11:57:51.903+0000] {processor.py:830} INFO - Processing file /home/airflow/.local/lib/python3.12/site-packages/airflow/example_dags/example_local_kubernetes_executor.py for tasks to queue
[2026-06-13T11:57:51.905+0000] {logging_mixin.py:188} INFO - [2026-06-13T11:57:51.905+0000] {dagbag.py:545} INFO - Filling up the DagBag from /home/airflow/.local/lib/python3.12/site-packages/airflow/example_dags/example_local_kubernetes_executor.py
[2026-06-13T11:57:51.914+0000] {processor.py:840} INFO - DAG(s) 'example_local_kubernetes_executor' retrieved from /home/airflow/.local/lib/python3.12/site-packages/airflow/example_dags/example_local_kubernetes_executor.py
[2026-06-13T11:57:51.954+0000] {logging_mixin.py:188} INFO - [2026-06-13T11:57:51.954+0000] {dag.py:3096} INFO - Sync 1 DAGs
[2026-06-13T11:57:51.968+0000] {logging_mixin.py:188} INFO - [2026-06-13T11:57:51.968+0000] {dag.py:3954} INFO - Setting next_dagrun for example_local_kubernetes_executor to None, run_after=None
[2026-06-13T11:57:51.995+0000] {processor.py:183} INFO - Processing /home/airflow/.local/lib/python3.12/site-packages/airflow/example_dags/example_local_kubernetes_executor.py took 0.099 seconds
[2026-06-13T11:58:22.770+0000] {processor.py:161} INFO - Started process (PID=2128) to work on /home/airflow/.local/lib/python3.12/site-packages/airflow/example_dags/example_local_kubernetes_executor.py
[2026-06-13T11:58:22.771+0000] {processor.py:830} INFO - Processing file /home/airflow/.local/lib/python3.12/site-packages/airflow/example_dags/example_local_kubernetes_executor.py for tasks to queue
[2026-06-13T11:58:22.775+0000] {logging_mixin.py:188} INFO - [2026-06-13T11:58:22.774+0000] {dagbag.py:545} INFO - Filling up the DagBag from /home/airflow/.local/lib/python3.12/site-packages/airflow/example_dags/example_local_kubernetes_executor.py
[2026-06-13T11:58:22.783+0000] {processor.py:840} INFO - DAG(s) 'example_local_kubernetes_executor' retrieved from /home/airflow/.local/lib/python3.12/site-packages/airflow/example_dags/example_local_kubernetes_executor.py
[2026-06-13T11:58:22.826+0000] {logging_mixin.py:188} INFO - [2026-06-13T11:58:22.826+0000] {dag.py:3096} INFO - Sync 1 DAGs
[2026-06-13T11:58:22.839+0000] {logging_mixin.py:188} INFO - [2026-06-13T11:58:22.839+0000] {dag.py:3954} INFO - Setting next_dagrun for example_local_kubernetes_executor to None, run_after=None
[2026-06-13T11:58:22.864+0000] {processor.py:183} INFO - Processing /home/airflow/.local/lib/python3.12/site-packages/airflow/example_dags/example_local_kubernetes_executor.py took 0.101 seconds
[2026-06-13T11:58:53.389+0000] {processor.py:161} INFO - Started process (PID=2188) to work on /home/airflow/.local/lib/python3.12/site-packages/airflow/example_dags/example_local_kubernetes_executor.py
[2026-06-13T11:58:53.391+0000] {processor.py:830} INFO - Processing file /home/airflow/.local/lib/python3.12/site-packages/airflow/example_dags/example_local_kubernetes_executor.py for tasks to queue
[2026-06-13T11:58:53.393+0000] {logging_mixin.py:188} INFO - [2026-06-13T11:58:53.393+0000] {dagbag.py:545} INFO - Filling up the DagBag from /home/airflow/.local/lib/python3.12/site-packages/airflow/example_dags/example_local_kubernetes_executor.py
[2026-06-13T11:58:53.402+0000] {processor.py:840} INFO - DAG(s) 'example_local_kubernetes_executor' retrieved from /home/airflow/.local/lib/python3.12/site-packages/airflow/example_dags/example_local_kubernetes_executor.py
[2026-06-13T11:58:53.445+0000] {logging_mixin.py:188} INFO - [2026-06-13T11:58:53.444+0000] {dag.py:3096} INFO - Sync 1 DAGs
[2026-06-13T11:58:53.459+0000] {logging_mixin.py:188} INFO - [2026-06-13T11:58:53.459+0000] {dag.py:3954} INFO - Setting next_dagrun for example_local_kubernetes_executor to None, run_after=None
[2026-06-13T11:58:53.487+0000] {processor.py:183} INFO - Processing /home/airflow/.local/lib/python3.12/site-packages/airflow/example_dags/example_local_kubernetes_executor.py took 0.104 seconds
[2026-06-13T11:59:24.005+0000] {processor.py:161} INFO - Started process (PID=2286) to work on /home/airflow/.local/lib/python3.12/site-packages/airflow/example_dags/example_local_kubernetes_executor.py
[2026-06-13T11:59:24.006+0000] {processor.py:830} INFO - Processing file /home/airflow/.local/lib/python3.12/site-packages/airflow/example_dags/example_local_kubernetes_executor.py for tasks to queue
[2026-06-13T11:59:24.009+0000] {logging_mixin.py:188} INFO - [2026-06-13T11:59:24.009+0000] {dagbag.py:545} INFO - Filling up the DagBag from /home/airflow/.local/lib/python3.12/site-packages/airflow/example_dags/example_local_kubernetes_executor.py
[2026-06-13T11:59:24.017+0000] {processor.py:840} INFO - DAG(s) 'example_local_kubernetes_executor' retrieved from /home/airflow/.local/lib/python3.12/site-packages/airflow/example_dags/example_local_kubernetes_executor.py
[2026-06-13T11:59:24.062+0000] {logging_mixin.py:188} INFO - [2026-06-13T11:59:24.062+0000] {dag.py:3096} INFO - Sync 1 DAGs
[2026-06-13T11:59:24.076+0000] {logging_mixin.py:188} INFO - [2026-06-13T11:59:24.076+0000] {dag.py:3954} INFO - Setting next_dagrun for example_local_kubernetes_executor to None, run_after=None
[2026-06-13T11:59:24.103+0000] {processor.py:183} INFO - Processing /home/airflow/.local/lib/python3.12/site-packages/airflow/example_dags/example_local_kubernetes_executor.py took 0.108 seconds
[2026-06-13T11:59:54.231+0000] {processor.py:161} INFO - Started process (PID=2345) to work on /home/airflow/.local/lib/python3.12/site-packages/airflow/example_dags/example_local_kubernetes_executor.py
[2026-06-13T11:59:54.233+0000] {processor.py:830} INFO - Processing file /home/airflow/.local/lib/python3.12/site-packages/airflow/example_dags/example_local_kubernetes_executor.py for tasks to queue
[2026-06-13T11:59:54.236+0000] {logging_mixin.py:188} INFO - [2026-06-13T11:59:54.235+0000] {dagbag.py:545} INFO - Filling up the DagBag from /home/airflow/.local/lib/python3.12/site-packages/airflow/example_dags/example_local_kubernetes_executor.py
[2026-06-13T11:59:54.244+0000] {processor.py:840} INFO - DAG(s) 'example_local_kubernetes_executor' retrieved from /home/airflow/.local/lib/python3.12/site-packages/airflow/example_dags/example_local_kubernetes_executor.py
[2026-06-13T11:59:54.287+0000] {logging_mixin.py:188} INFO - [2026-06-13T11:59:54.286+0000] {dag.py:3096} INFO - Sync 1 DAGs
[2026-06-13T11:59:54.301+0000] {logging_mixin.py:188} INFO - [2026-06-13T11:59:54.301+0000] {dag.py:3954} INFO - Setting next_dagrun for example_local_kubernetes_executor to None, run_after=None
[2026-06-13T11:59:54.327+0000] {processor.py:183} INFO - Processing /home/airflow/.local/lib/python3.12/site-packages/airflow/example_dags/example_local_kubernetes_executor.py took 0.106 seconds
[2026-06-13T12:00:25.021+0000] {processor.py:161} INFO - Started process (PID=2404) to work on /home/airflow/.local/lib/python3.12/site-packages/airflow/example_dags/example_local_kubernetes_executor.py
[2026-06-13T12:00:25.022+0000] {processor.py:830} INFO - Processing file /home/airflow/.local/lib/python3.12/site-packages/airflow/example_dags/example_local_kubernetes_executor.py for tasks to queue
[2026-06-13T12:00:25.025+0000] {logging_mixin.py:188} INFO - [2026-06-13T12:00:25.025+0000] {dagbag.py:545} INFO - Filling up the DagBag from /home/airflow/.local/lib/python3.12/site-packages/airflow/example_dags/example_local_kubernetes_executor.py
[2026-06-13T12:00:25.034+0000] {processor.py:840} INFO - DAG(s) 'example_local_kubernetes_executor' retrieved from /home/airflow/.local/lib/python3.12/site-packages/airflow/example_dags/example_local_kubernetes_executor.py
[2026-06-13T12:00:25.078+0000] {logging_mixin.py:188} INFO - [2026-06-13T12:00:25.077+0000] {dag.py:3096} INFO - Sync 1 DAGs
[2026-06-13T12:00:25.092+0000] {logging_mixin.py:188} INFO - [2026-06-13T12:00:25.092+0000] {dag.py:3954} INFO - Setting next_dagrun for example_local_kubernetes_executor to None, run_after=None
[2026-06-13T12:00:25.122+0000] {processor.py:183} INFO - Processing /home/airflow/.local/lib/python3.12/site-packages/airflow/example_dags/example_local_kubernetes_executor.py took 0.112 seconds
[2026-06-13T12:00:55.805+0000] {processor.py:161} INFO - Started process (PID=2481) to work on /home/airflow/.local/lib/python3.12/site-packages/airflow/example_dags/example_local_kubernetes_executor.py
[2026-06-13T12:00:55.807+0000] {processor.py:830} INFO - Processing file /home/airflow/.local/lib/python3.12/site-packages/airflow/example_dags/example_local_kubernetes_executor.py for tasks to queue
[2026-06-13T12:00:55.810+0000] {logging_mixin.py:188} INFO - [2026-06-13T12:00:55.809+0000] {dagbag.py:545} INFO - Filling up the DagBag from /home/airflow/.local/lib/python3.12/site-packages/airflow/example_dags/example_local_kubernetes_executor.py
[2026-06-13T12:00:55.823+0000] {processor.py:840} INFO - DAG(s) 'example_local_kubernetes_executor' retrieved from /home/airflow/.local/lib/python3.12/site-packages/airflow/example_dags/example_local_kubernetes_executor.py
[2026-06-13T12:00:55.890+0000] {logging_mixin.py:188} INFO - [2026-06-13T12:00:55.890+0000] {dag.py:3096} INFO - Sync 1 DAGs
[2026-06-13T12:00:55.905+0000] {logging_mixin.py:188} INFO - [2026-06-13T12:00:55.905+0000] {dag.py:3954} INFO - Setting next_dagrun for example_local_kubernetes_executor to None, run_after=None
[2026-06-13T12:00:55.932+0000] {processor.py:183} INFO - Processing /home/airflow/.local/lib/python3.12/site-packages/airflow/example_dags/example_local_kubernetes_executor.py took 0.138 seconds
[2026-06-13T12:01:26.518+0000] {processor.py:161} INFO - Started process (PID=2540) to work on /home/airflow/.local/lib/python3.12/site-packages/airflow/example_dags/example_local_kubernetes_executor.py
[2026-06-13T12:01:26.520+0000] {processor.py:830} INFO - Processing file /home/airflow/.local/lib/python3.12/site-packages/airflow/example_dags/example_local_kubernetes_executor.py for tasks to queue
[2026-06-13T12:01:26.523+0000] {logging_mixin.py:188} INFO - [2026-06-13T12:01:26.522+0000] {dagbag.py:545} INFO - Filling up the DagBag from /home/airflow/.local/lib/python3.12/site-packages/airflow/example_dags/example_local_kubernetes_executor.py
[2026-06-13T12:01:26.531+0000] {processor.py:840} INFO - DAG(s) 'example_local_kubernetes_executor' retrieved from /home/airflow/.local/lib/python3.12/site-packages/airflow/example_dags/example_local_kubernetes_executor.py
[2026-06-13T12:01:26.577+0000] {logging_mixin.py:188} INFO - [2026-06-13T12:01:26.577+0000] {dag.py:3096} INFO - Sync 1 DAGs
[2026-06-13T12:01:26.594+0000] {logging_mixin.py:188} INFO - [2026-06-13T12:01:26.594+0000] {dag.py:3954} INFO - Setting next_dagrun for example_local_kubernetes_executor to None, run_after=None
[2026-06-13T12:01:26.625+0000] {processor.py:183} INFO - Processing /home/airflow/.local/lib/python3.12/site-packages/airflow/example_dags/example_local_kubernetes_executor.py took 0.118 seconds
[2026-06-13T12:01:57.021+0000] {processor.py:161} INFO - Started process (PID=2599) to work on /home/airflow/.local/lib/python3.12/site-packages/airflow/example_dags/example_local_kubernetes_executor.py
[2026-06-13T12:01:57.022+0000] {processor.py:830} INFO - Processing file /home/airflow/.local/lib/python3.12/site-packages/airflow/example_dags/example_local_kubernetes_executor.py for tasks to queue
[2026-06-13T12:01:57.026+0000] {logging_mixin.py:188} INFO - [2026-06-13T12:01:57.025+0000] {dagbag.py:545} INFO - Filling up the DagBag from /home/airflow/.local/lib/python3.12/site-packages/airflow/example_dags/example_local_kubernetes_executor.py
[2026-06-13T12:01:57.036+0000] {processor.py:840} INFO - DAG(s) 'example_local_kubernetes_executor' retrieved from /home/airflow/.local/lib/python3.12/site-packages/airflow/example_dags/example_local_kubernetes_executor.py
[2026-06-13T12:01:57.084+0000] {logging_mixin.py:188} INFO - [2026-06-13T12:01:57.084+0000] {dag.py:3096} INFO - Sync 1 DAGs
[2026-06-13T12:01:57.103+0000] {logging_mixin.py:188} INFO - [2026-06-13T12:01:57.103+0000] {dag.py:3954} INFO - Setting next_dagrun for example_local_kubernetes_executor to None, run_after=None
[2026-06-13T12:01:57.135+0000] {processor.py:183} INFO - Processing /home/airflow/.local/lib/python3.12/site-packages/airflow/example_dags/example_local_kubernetes_executor.py took 0.127 seconds
[2026-06-13T12:02:27.657+0000] {processor.py:161} INFO - Started process (PID=2666) to work on /home/airflow/.local/lib/python3.12/site-packages/airflow/example_dags/example_local_kubernetes_executor.py
[2026-06-13T12:02:27.659+0000] {processor.py:830} INFO - Processing file /home/airflow/.local/lib/python3.12/site-packages/airflow/example_dags/example_local_kubernetes_executor.py for tasks to queue
[2026-06-13T12:02:27.661+0000] {logging_mixin.py:188} INFO - [2026-06-13T12:02:27.661+0000] {dagbag.py:545} INFO - Filling up the DagBag from /home/airflow/.local/lib/python3.12/site-packages/airflow/example_dags/example_local_kubernetes_executor.py
[2026-06-13T12:02:27.669+0000] {processor.py:840} INFO - DAG(s) 'example_local_kubernetes_executor' retrieved from /home/airflow/.local/lib/python3.12/site-packages/airflow/example_dags/example_local_kubernetes_executor.py
[2026-06-13T12:02:27.720+0000] {logging_mixin.py:188} INFO - [2026-06-13T12:02:27.719+0000] {dag.py:3096} INFO - Sync 1 DAGs
[2026-06-13T12:02:27.736+0000] {logging_mixin.py:188} INFO - [2026-06-13T12:02:27.735+0000] {dag.py:3954} INFO - Setting next_dagrun for example_local_kubernetes_executor to None, run_after=None
[2026-06-13T12:02:27.767+0000] {processor.py:183} INFO - Processing /home/airflow/.local/lib/python3.12/site-packages/airflow/example_dags/example_local_kubernetes_executor.py took 0.120 seconds
[2026-06-13T12:02:57.987+0000] {processor.py:161} INFO - Started process (PID=2781) to work on /home/airflow/.local/lib/python3.12/site-packages/airflow/example_dags/example_local_kubernetes_executor.py
[2026-06-13T12:02:57.988+0000] {processor.py:830} INFO - Processing file /home/airflow/.local/lib/python3.12/site-packages/airflow/example_dags/example_local_kubernetes_executor.py for tasks to queue
[2026-06-13T12:02:57.992+0000] {logging_mixin.py:188} INFO - [2026-06-13T12:02:57.991+0000] {dagbag.py:545} INFO - Filling up the DagBag from /home/airflow/.local/lib/python3.12/site-packages/airflow/example_dags/example_local_kubernetes_executor.py
[2026-06-13T12:02:58.000+0000] {processor.py:840} INFO - DAG(s) 'example_local_kubernetes_executor' retrieved from /home/airflow/.local/lib/python3.12/site-packages/airflow/example_dags/example_local_kubernetes_executor.py
[2026-06-13T12:02:58.056+0000] {logging_mixin.py:188} INFO - [2026-06-13T12:02:58.056+0000] {dag.py:3096} INFO - Sync 1 DAGs
[2026-06-13T12:02:58.074+0000] {logging_mixin.py:188} INFO - [2026-06-13T12:02:58.074+0000] {dag.py:3954} INFO - Setting next_dagrun for example_local_kubernetes_executor to None, run_after=None
[2026-06-13T12:02:58.105+0000] {processor.py:183} INFO - Processing /home/airflow/.local/lib/python3.12/site-packages/airflow/example_dags/example_local_kubernetes_executor.py took 0.129 seconds
[2026-06-13T12:03:28.181+0000] {processor.py:161} INFO - Started process (PID=2840) to work on /home/airflow/.local/lib/python3.12/site-packages/airflow/example_dags/example_local_kubernetes_executor.py
[2026-06-13T12:03:28.182+0000] {processor.py:830} INFO - Processing file /home/airflow/.local/lib/python3.12/site-packages/airflow/example_dags/example_local_kubernetes_executor.py for tasks to queue
[2026-06-13T12:03:28.185+0000] {logging_mixin.py:188} INFO - [2026-06-13T12:03:28.185+0000] {dagbag.py:545} INFO - Filling up the DagBag from /home/airflow/.local/lib/python3.12/site-packages/airflow/example_dags/example_local_kubernetes_executor.py
[2026-06-13T12:03:28.193+0000] {processor.py:840} INFO - DAG(s) 'example_local_kubernetes_executor' retrieved from /home/airflow/.local/lib/python3.12/site-packages/airflow/example_dags/example_local_kubernetes_executor.py
[2026-06-13T12:03:28.237+0000] {logging_mixin.py:188} INFO - [2026-06-13T12:03:28.236+0000] {dag.py:3096} INFO - Sync 1 DAGs
[2026-06-13T12:03:28.250+0000] {logging_mixin.py:188} INFO - [2026-06-13T12:03:28.250+0000] {dag.py:3954} INFO - Setting next_dagrun for example_local_kubernetes_executor to None, run_after=None
[2026-06-13T12:03:28.278+0000] {processor.py:183} INFO - Processing /home/airflow/.local/lib/python3.12/site-packages/airflow/example_dags/example_local_kubernetes_executor.py took 0.107 seconds
[2026-06-13T12:03:58.794+0000] {processor.py:161} INFO - Started process (PID=2914) to work on /home/airflow/.local/lib/python3.12/site-packages/airflow/example_dags/example_local_kubernetes_executor.py
[2026-06-13T12:03:58.795+0000] {processor.py:830} INFO - Processing file /home/airflow/.local/lib/python3.12/site-packages/airflow/example_dags/example_local_kubernetes_executor.py for tasks to queue
[2026-06-13T12:03:58.798+0000] {logging_mixin.py:188} INFO - [2026-06-13T12:03:58.798+0000] {dagbag.py:545} INFO - Filling up the DagBag from /home/airflow/.local/lib/python3.12/site-packages/airflow/example_dags/example_local_kubernetes_executor.py
[2026-06-13T12:03:58.807+0000] {processor.py:840} INFO - DAG(s) 'example_local_kubernetes_executor' retrieved from /home/airflow/.local/lib/python3.12/site-packages/airflow/example_dags/example_local_kubernetes_executor.py
[2026-06-13T12:03:58.851+0000] {logging_mixin.py:188} INFO - [2026-06-13T12:03:58.851+0000] {dag.py:3096} INFO - Sync 1 DAGs
[2026-06-13T12:03:58.865+0000] {logging_mixin.py:188} INFO - [2026-06-13T12:03:58.865+0000] {dag.py:3954} INFO - Setting next_dagrun for example_local_kubernetes_executor to None, run_after=None
[2026-06-13T12:03:58.897+0000] {processor.py:183} INFO - Processing /home/airflow/.local/lib/python3.12/site-packages/airflow/example_dags/example_local_kubernetes_executor.py took 0.113 seconds
[2026-06-13T12:04:29.593+0000] {processor.py:161} INFO - Started process (PID=2973) to work on /home/airflow/.local/lib/python3.12/site-packages/airflow/example_dags/example_local_kubernetes_executor.py
[2026-06-13T12:04:29.594+0000] {processor.py:830} INFO - Processing file /home/airflow/.local/lib/python3.12/site-packages/airflow/example_dags/example_local_kubernetes_executor.py for tasks to queue
[2026-06-13T12:04:29.598+0000] {logging_mixin.py:188} INFO - [2026-06-13T12:04:29.597+0000] {dagbag.py:545} INFO - Filling up the DagBag from /home/airflow/.local/lib/python3.12/site-packages/airflow/example_dags/example_local_kubernetes_executor.py
[2026-06-13T12:04:29.606+0000] {processor.py:840} INFO - DAG(s) 'example_local_kubernetes_executor' retrieved from /home/airflow/.local/lib/python3.12/site-packages/airflow/example_dags/example_local_kubernetes_executor.py
[2026-06-13T12:04:29.649+0000] {logging_mixin.py:188} INFO - [2026-06-13T12:04:29.648+0000] {dag.py:3096} INFO - Sync 1 DAGs
[2026-06-13T12:04:29.662+0000] {logging_mixin.py:188} INFO - [2026-06-13T12:04:29.662+0000] {dag.py:3954} INFO - Setting next_dagrun for example_local_kubernetes_executor to None, run_after=None
[2026-06-13T12:04:29.689+0000] {processor.py:183} INFO - Processing /home/airflow/.local/lib/python3.12/site-packages/airflow/example_dags/example_local_kubernetes_executor.py took 0.107 seconds
[2026-06-13T12:05:00.079+0000] {processor.py:161} INFO - Started process (PID=3032) to work on /home/airflow/.local/lib/python3.12/site-packages/airflow/example_dags/example_local_kubernetes_executor.py
[2026-06-13T12:05:00.080+0000] {processor.py:830} INFO - Processing file /home/airflow/.local/lib/python3.12/site-packages/airflow/example_dags/example_local_kubernetes_executor.py for tasks to queue
[2026-06-13T12:05:00.083+0000] {logging_mixin.py:188} INFO - [2026-06-13T12:05:00.083+0000] {dagbag.py:545} INFO - Filling up the DagBag from /home/airflow/.local/lib/python3.12/site-packages/airflow/example_dags/example_local_kubernetes_executor.py
[2026-06-13T12:05:00.094+0000] {processor.py:840} INFO - DAG(s) 'example_local_kubernetes_executor' retrieved from /home/airflow/.local/lib/python3.12/site-packages/airflow/example_dags/example_local_kubernetes_executor.py
[2026-06-13T12:05:00.148+0000] {logging_mixin.py:188} INFO - [2026-06-13T12:05:00.147+0000] {dag.py:3096} INFO - Sync 1 DAGs
[2026-06-13T12:05:00.165+0000] {logging_mixin.py:188} INFO - [2026-06-13T12:05:00.165+0000] {dag.py:3954} INFO - Setting next_dagrun for example_local_kubernetes_executor to None, run_after=None
[2026-06-13T12:05:00.199+0000] {processor.py:183} INFO - Processing /home/airflow/.local/lib/python3.12/site-packages/airflow/example_dags/example_local_kubernetes_executor.py took 0.134 seconds
[2026-06-13T12:05:30.308+0000] {processor.py:161} INFO - Started process (PID=3091) to work on /home/airflow/.local/lib/python3.12/site-packages/airflow/example_dags/example_local_kubernetes_executor.py
[2026-06-13T12:05:30.310+0000] {processor.py:830} INFO - Processing file /home/airflow/.local/lib/python3.12/site-packages/airflow/example_dags/example_local_kubernetes_executor.py for tasks to queue
[2026-06-13T12:05:30.313+0000] {logging_mixin.py:188} INFO - [2026-06-13T12:05:30.313+0000] {dagbag.py:545} INFO - Filling up the DagBag from /home/airflow/.local/lib/python3.12/site-packages/airflow/example_dags/example_local_kubernetes_executor.py
[2026-06-13T12:05:30.322+0000] {processor.py:840} INFO - DAG(s) 'example_local_kubernetes_executor' retrieved from /home/airflow/.local/lib/python3.12/site-packages/airflow/example_dags/example_local_kubernetes_executor.py
[2026-06-13T12:05:30.362+0000] {logging_mixin.py:188} INFO - [2026-06-13T12:05:30.362+0000] {dag.py:3096} INFO - Sync 1 DAGs
[2026-06-13T12:05:30.377+0000] {logging_mixin.py:188} INFO - [2026-06-13T12:05:30.377+0000] {dag.py:3954} INFO - Setting next_dagrun for example_local_kubernetes_executor to None, run_after=None
[2026-06-13T12:05:30.404+0000] {processor.py:183} INFO - Processing /home/airflow/.local/lib/python3.12/site-packages/airflow/example_dags/example_local_kubernetes_executor.py took 0.106 seconds
[2026-06-13T12:06:00.901+0000] {processor.py:161} INFO - Started process (PID=3151) to work on /home/airflow/.local/lib/python3.12/site-packages/airflow/example_dags/example_local_kubernetes_executor.py
[2026-06-13T12:06:00.902+0000] {processor.py:830} INFO - Processing file /home/airflow/.local/lib/python3.12/site-packages/airflow/example_dags/example_local_kubernetes_executor.py for tasks to queue
[2026-06-13T12:06:00.906+0000] {logging_mixin.py:188} INFO - [2026-06-13T12:06:00.906+0000] {dagbag.py:545} INFO - Filling up the DagBag from /home/airflow/.local/lib/python3.12/site-packages/airflow/example_dags/example_local_kubernetes_executor.py
[2026-06-13T12:06:00.915+0000] {processor.py:840} INFO - DAG(s) 'example_local_kubernetes_executor' retrieved from /home/airflow/.local/lib/python3.12/site-packages/airflow/example_dags/example_local_kubernetes_executor.py
[2026-06-13T12:06:00.958+0000] {logging_mixin.py:188} INFO - [2026-06-13T12:06:00.958+0000] {dag.py:3096} INFO - Sync 1 DAGs
[2026-06-13T12:06:00.971+0000] {logging_mixin.py:188} INFO - [2026-06-13T12:06:00.971+0000] {dag.py:3954} INFO - Setting next_dagrun for example_local_kubernetes_executor to None, run_after=None
[2026-06-13T12:06:00.997+0000] {processor.py:183} INFO - Processing /home/airflow/.local/lib/python3.12/site-packages/airflow/example_dags/example_local_kubernetes_executor.py took 0.106 seconds
[2026-06-13T12:06:31.108+0000] {processor.py:161} INFO - Started process (PID=3210) to work on /home/airflow/.local/lib/python3.12/site-packages/airflow/example_dags/example_local_kubernetes_executor.py
[2026-06-13T12:06:31.110+0000] {processor.py:830} INFO - Processing file /home/airflow/.local/lib/python3.12/site-packages/airflow/example_dags/example_local_kubernetes_executor.py for tasks to queue
[2026-06-13T12:06:31.113+0000] {logging_mixin.py:188} INFO - [2026-06-13T12:06:31.113+0000] {dagbag.py:545} INFO - Filling up the DagBag from /home/airflow/.local/lib/python3.12/site-packages/airflow/example_dags/example_local_kubernetes_executor.py
[2026-06-13T12:06:31.121+0000] {processor.py:840} INFO - DAG(s) 'example_local_kubernetes_executor' retrieved from /home/airflow/.local/lib/python3.12/site-packages/airflow/example_dags/example_local_kubernetes_executor.py
[2026-06-13T12:06:31.164+0000] {logging_mixin.py:188} INFO - [2026-06-13T12:06:31.164+0000] {dag.py:3096} INFO - Sync 1 DAGs
[2026-06-13T12:06:31.178+0000] {logging_mixin.py:188} INFO - [2026-06-13T12:06:31.177+0000] {dag.py:3954} INFO - Setting next_dagrun for example_local_kubernetes_executor to None, run_after=None
[2026-06-13T12:06:31.205+0000] {processor.py:183} INFO - Processing /home/airflow/.local/lib/python3.12/site-packages/airflow/example_dags/example_local_kubernetes_executor.py took 0.107 seconds
[2026-06-13T12:07:01.977+0000] {processor.py:161} INFO - Started process (PID=3269) to work on /home/airflow/.local/lib/python3.12/site-packages/airflow/example_dags/example_local_kubernetes_executor.py
[2026-06-13T12:07:01.979+0000] {processor.py:830} INFO - Processing file /home/airflow/.local/lib/python3.12/site-packages/airflow/example_dags/example_local_kubernetes_executor.py for tasks to queue
[2026-06-13T12:07:01.982+0000] {logging_mixin.py:188} INFO - [2026-06-13T12:07:01.982+0000] {dagbag.py:545} INFO - Filling up the DagBag from /home/airflow/.local/lib/python3.12/site-packages/airflow/example_dags/example_local_kubernetes_executor.py
[2026-06-13T12:07:01.990+0000] {processor.py:840} INFO - DAG(s) 'example_local_kubernetes_executor' retrieved from /home/airflow/.local/lib/python3.12/site-packages/airflow/example_dags/example_local_kubernetes_executor.py
[2026-06-13T12:07:02.033+0000] {logging_mixin.py:188} INFO - [2026-06-13T12:07:02.032+0000] {dag.py:3096} INFO - Sync 1 DAGs
[2026-06-13T12:07:02.047+0000] {logging_mixin.py:188} INFO - [2026-06-13T12:07:02.047+0000] {dag.py:3954} INFO - Setting next_dagrun for example_local_kubernetes_executor to None, run_after=None
[2026-06-13T12:07:02.073+0000] {processor.py:183} INFO - Processing /home/airflow/.local/lib/python3.12/site-packages/airflow/example_dags/example_local_kubernetes_executor.py took 0.107 seconds
[2026-06-13T12:07:32.953+0000] {processor.py:161} INFO - Started process (PID=3328) to work on /home/airflow/.local/lib/python3.12/site-packages/airflow/example_dags/example_local_kubernetes_executor.py
[2026-06-13T12:07:32.955+0000] {processor.py:830} INFO - Processing file /home/airflow/.local/lib/python3.12/site-packages/airflow/example_dags/example_local_kubernetes_executor.py for tasks to queue
[2026-06-13T12:07:32.958+0000] {logging_mixin.py:188} INFO - [2026-06-13T12:07:32.957+0000] {dagbag.py:545} INFO - Filling up the DagBag from /home/airflow/.local/lib/python3.12/site-packages/airflow/example_dags/example_local_kubernetes_executor.py
[2026-06-13T12:07:32.965+0000] {processor.py:840} INFO - DAG(s) 'example_local_kubernetes_executor' retrieved from /home/airflow/.local/lib/python3.12/site-packages/airflow/example_dags/example_local_kubernetes_executor.py
[2026-06-13T12:07:33.005+0000] {logging_mixin.py:188} INFO - [2026-06-13T12:07:33.004+0000] {dag.py:3096} INFO - Sync 1 DAGs
[2026-06-13T12:07:33.021+0000] {logging_mixin.py:188} INFO - [2026-06-13T12:07:33.021+0000] {dag.py:3954} INFO - Setting next_dagrun for example_local_kubernetes_executor to None, run_after=None
[2026-06-13T12:07:33.047+0000] {processor.py:183} INFO - Processing /home/airflow/.local/lib/python3.12/site-packages/airflow/example_dags/example_local_kubernetes_executor.py took 0.105 seconds
[2026-06-13T12:08:03.860+0000] {processor.py:161} INFO - Started process (PID=3387) to work on /home/airflow/.local/lib/python3.12/site-packages/airflow/example_dags/example_local_kubernetes_executor.py
[2026-06-13T12:08:03.862+0000] {processor.py:830} INFO - Processing file /home/airflow/.local/lib/python3.12/site-packages/airflow/example_dags/example_local_kubernetes_executor.py for tasks to queue
[2026-06-13T12:08:03.865+0000] {logging_mixin.py:188} INFO - [2026-06-13T12:08:03.864+0000] {dagbag.py:545} INFO - Filling up the DagBag from /home/airflow/.local/lib/python3.12/site-packages/airflow/example_dags/example_local_kubernetes_executor.py
[2026-06-13T12:08:03.873+0000] {processor.py:840} INFO - DAG(s) 'example_local_kubernetes_executor' retrieved from /home/airflow/.local/lib/python3.12/site-packages/airflow/example_dags/example_local_kubernetes_executor.py
[2026-06-13T12:08:03.914+0000] {logging_mixin.py:188} INFO - [2026-06-13T12:08:03.914+0000] {dag.py:3096} INFO - Sync 1 DAGs
[2026-06-13T12:08:03.931+0000] {logging_mixin.py:188} INFO - [2026-06-13T12:08:03.931+0000] {dag.py:3954} INFO - Setting next_dagrun for example_local_kubernetes_executor to None, run_after=None
[2026-06-13T12:08:03.969+0000] {processor.py:183} INFO - Processing /home/airflow/.local/lib/python3.12/site-packages/airflow/example_dags/example_local_kubernetes_executor.py took 0.119 seconds
[2026-06-13T12:08:34.197+0000] {processor.py:161} INFO - Started process (PID=3446) to work on /home/airflow/.local/lib/python3.12/site-packages/airflow/example_dags/example_local_kubernetes_executor.py
[2026-06-13T12:08:34.199+0000] {processor.py:830} INFO - Processing file /home/airflow/.local/lib/python3.12/site-packages/airflow/example_dags/example_local_kubernetes_executor.py for tasks to queue
[2026-06-13T12:08:34.202+0000] {logging_mixin.py:188} INFO - [2026-06-13T12:08:34.201+0000] {dagbag.py:545} INFO - Filling up the DagBag from /home/airflow/.local/lib/python3.12/site-packages/airflow/example_dags/example_local_kubernetes_executor.py
[2026-06-13T12:08:34.211+0000] {processor.py:840} INFO - DAG(s) 'example_local_kubernetes_executor' retrieved from /home/airflow/.local/lib/python3.12/site-packages/airflow/example_dags/example_local_kubernetes_executor.py
[2026-06-13T12:08:34.258+0000] {logging_mixin.py:188} INFO - [2026-06-13T12:08:34.258+0000] {dag.py:3096} INFO - Sync 1 DAGs
[2026-06-13T12:08:34.278+0000] {logging_mixin.py:188} INFO - [2026-06-13T12:08:34.278+0000] {dag.py:3954} INFO - Setting next_dagrun for example_local_kubernetes_executor to None, run_after=None
[2026-06-13T12:08:34.306+0000] {processor.py:183} INFO - Processing /home/airflow/.local/lib/python3.12/site-packages/airflow/example_dags/example_local_kubernetes_executor.py took 0.122 seconds
[2026-06-13T12:09:05.246+0000] {processor.py:161} INFO - Started process (PID=3505) to work on /home/airflow/.local/lib/python3.12/site-packages/airflow/example_dags/example_local_kubernetes_executor.py
[2026-06-13T12:09:05.247+0000] {processor.py:830} INFO - Processing file /home/airflow/.local/lib/python3.12/site-packages/airflow/example_dags/example_local_kubernetes_executor.py for tasks to queue
[2026-06-13T12:09:05.250+0000] {logging_mixin.py:188} INFO - [2026-06-13T12:09:05.250+0000] {dagbag.py:545} INFO - Filling up the DagBag from /home/airflow/.local/lib/python3.12/site-packages/airflow/example_dags/example_local_kubernetes_executor.py
[2026-06-13T12:09:05.259+0000] {processor.py:840} INFO - DAG(s) 'example_local_kubernetes_executor' retrieved from /home/airflow/.local/lib/python3.12/site-packages/airflow/example_dags/example_local_kubernetes_executor.py
[2026-06-13T12:09:05.300+0000] {logging_mixin.py:188} INFO - [2026-06-13T12:09:05.299+0000] {dag.py:3096} INFO - Sync 1 DAGs
[2026-06-13T12:09:05.313+0000] {logging_mixin.py:188} INFO - [2026-06-13T12:09:05.313+0000] {dag.py:3954} INFO - Setting next_dagrun for example_local_kubernetes_executor to None, run_after=None
[2026-06-13T12:09:05.338+0000] {processor.py:183} INFO - Processing /home/airflow/.local/lib/python3.12/site-packages/airflow/example_dags/example_local_kubernetes_executor.py took 0.102 seconds
[2026-06-13T12:09:35.420+0000] {processor.py:161} INFO - Started process (PID=3564) to work on /home/airflow/.local/lib/python3.12/site-packages/airflow/example_dags/example_local_kubernetes_executor.py
[2026-06-13T12:09:35.421+0000] {processor.py:830} INFO - Processing file /home/airflow/.local/lib/python3.12/site-packages/airflow/example_dags/example_local_kubernetes_executor.py for tasks to queue
[2026-06-13T12:09:35.424+0000] {logging_mixin.py:188} INFO - [2026-06-13T12:09:35.423+0000] {dagbag.py:545} INFO - Filling up the DagBag from /home/airflow/.local/lib/python3.12/site-packages/airflow/example_dags/example_local_kubernetes_executor.py
[2026-06-13T12:09:35.432+0000] {processor.py:840} INFO - DAG(s) 'example_local_kubernetes_executor' retrieved from /home/airflow/.local/lib/python3.12/site-packages/airflow/example_dags/example_local_kubernetes_executor.py
[2026-06-13T12:09:35.475+0000] {logging_mixin.py:188} INFO - [2026-06-13T12:09:35.475+0000] {dag.py:3096} INFO - Sync 1 DAGs
[2026-06-13T12:09:35.490+0000] {logging_mixin.py:188} INFO - [2026-06-13T12:09:35.490+0000] {dag.py:3954} INFO - Setting next_dagrun for example_local_kubernetes_executor to None, run_after=None
[2026-06-13T12:09:35.519+0000] {processor.py:183} INFO - Processing /home/airflow/.local/lib/python3.12/site-packages/airflow/example_dags/example_local_kubernetes_executor.py took 0.110 seconds
[2026-06-13T12:14:41.821+0000] {processor.py:161} INFO - Started process (PID=3661) to work on /home/airflow/.local/lib/python3.12/site-packages/airflow/example_dags/example_local_kubernetes_executor.py
[2026-06-13T12:14:41.822+0000] {processor.py:830} INFO - Processing file /home/airflow/.local/lib/python3.12/site-packages/airflow/example_dags/example_local_kubernetes_executor.py for tasks to queue
[2026-06-13T12:14:41.826+0000] {logging_mixin.py:188} INFO - [2026-06-13T12:14:41.825+0000] {dagbag.py:545} INFO - Filling up the DagBag from /home/airflow/.local/lib/python3.12/site-packages/airflow/example_dags/example_local_kubernetes_executor.py
[2026-06-13T12:14:41.837+0000] {processor.py:840} INFO - DAG(s) 'example_local_kubernetes_executor' retrieved from /home/airflow/.local/lib/python3.12/site-packages/airflow/example_dags/example_local_kubernetes_executor.py
[2026-06-13T12:14:41.890+0000] {logging_mixin.py:188} INFO - [2026-06-13T12:14:41.890+0000] {dag.py:3096} INFO - Sync 1 DAGs
[2026-06-13T12:14:41.905+0000] {logging_mixin.py:188} INFO - [2026-06-13T12:14:41.905+0000] {dag.py:3954} INFO - Setting next_dagrun for example_local_kubernetes_executor to None, run_after=None
[2026-06-13T12:14:41.932+0000] {processor.py:183} INFO - Processing /home/airflow/.local/lib/python3.12/site-packages/airflow/example_dags/example_local_kubernetes_executor.py took 0.122 seconds
[2026-06-13T12:15:12.452+0000] {processor.py:161} INFO - Started process (PID=3720) to work on /home/airflow/.local/lib/python3.12/site-packages/airflow/example_dags/example_local_kubernetes_executor.py
[2026-06-13T12:15:12.453+0000] {processor.py:830} INFO - Processing file /home/airflow/.local/lib/python3.12/site-packages/airflow/example_dags/example_local_kubernetes_executor.py for tasks to queue
[2026-06-13T12:15:12.456+0000] {logging_mixin.py:188} INFO - [2026-06-13T12:15:12.456+0000] {dagbag.py:545} INFO - Filling up the DagBag from /home/airflow/.local/lib/python3.12/site-packages/airflow/example_dags/example_local_kubernetes_executor.py
[2026-06-13T12:15:12.464+0000] {processor.py:840} INFO - DAG(s) 'example_local_kubernetes_executor' retrieved from /home/airflow/.local/lib/python3.12/site-packages/airflow/example_dags/example_local_kubernetes_executor.py
[2026-06-13T12:15:12.507+0000] {logging_mixin.py:188} INFO - [2026-06-13T12:15:12.507+0000] {dag.py:3096} INFO - Sync 1 DAGs
[2026-06-13T12:15:12.524+0000] {logging_mixin.py:188} INFO - [2026-06-13T12:15:12.523+0000] {dag.py:3954} INFO - Setting next_dagrun for example_local_kubernetes_executor to None, run_after=None
[2026-06-13T12:15:12.552+0000] {processor.py:183} INFO - Processing /home/airflow/.local/lib/python3.12/site-packages/airflow/example_dags/example_local_kubernetes_executor.py took 0.110 seconds
[2026-06-13T12:15:43.216+0000] {processor.py:161} INFO - Started process (PID=3779) to work on /home/airflow/.local/lib/python3.12/site-packages/airflow/example_dags/example_local_kubernetes_executor.py
[2026-06-13T12:15:43.218+0000] {processor.py:830} INFO - Processing file /home/airflow/.local/lib/python3.12/site-packages/airflow/example_dags/example_local_kubernetes_executor.py for tasks to queue
[2026-06-13T12:15:43.221+0000] {logging_mixin.py:188} INFO - [2026-06-13T12:15:43.220+0000] {dagbag.py:545} INFO - Filling up the DagBag from /home/airflow/.local/lib/python3.12/site-packages/airflow/example_dags/example_local_kubernetes_executor.py
[2026-06-13T12:15:43.229+0000] {processor.py:840} INFO - DAG(s) 'example_local_kubernetes_executor' retrieved from /home/airflow/.local/lib/python3.12/site-packages/airflow/example_dags/example_local_kubernetes_executor.py
[2026-06-13T12:15:43.272+0000] {logging_mixin.py:188} INFO - [2026-06-13T12:15:43.271+0000] {dag.py:3096} INFO - Sync 1 DAGs
[2026-06-13T12:15:43.286+0000] {logging_mixin.py:188} INFO - [2026-06-13T12:15:43.285+0000] {dag.py:3954} INFO - Setting next_dagrun for example_local_kubernetes_executor to None, run_after=None
[2026-06-13T12:15:43.314+0000] {processor.py:183} INFO - Processing /home/airflow/.local/lib/python3.12/site-packages/airflow/example_dags/example_local_kubernetes_executor.py took 0.109 seconds
[2026-06-13T12:16:13.404+0000] {processor.py:161} INFO - Started process (PID=3838) to work on /home/airflow/.local/lib/python3.12/site-packages/airflow/example_dags/example_local_kubernetes_executor.py
[2026-06-13T12:16:13.406+0000] {processor.py:830} INFO - Processing file /home/airflow/.local/lib/python3.12/site-packages/airflow/example_dags/example_local_kubernetes_executor.py for tasks to queue
[2026-06-13T12:16:13.409+0000] {logging_mixin.py:188} INFO - [2026-06-13T12:16:13.409+0000] {dagbag.py:545} INFO - Filling up the DagBag from /home/airflow/.local/lib/python3.12/site-packages/airflow/example_dags/example_local_kubernetes_executor.py
[2026-06-13T12:16:13.418+0000] {processor.py:840} INFO - DAG(s) 'example_local_kubernetes_executor' retrieved from /home/airflow/.local/lib/python3.12/site-packages/airflow/example_dags/example_local_kubernetes_executor.py
[2026-06-13T12:16:13.462+0000] {logging_mixin.py:188} INFO - [2026-06-13T12:16:13.461+0000] {dag.py:3096} INFO - Sync 1 DAGs
[2026-06-13T12:16:13.476+0000] {logging_mixin.py:188} INFO - [2026-06-13T12:16:13.476+0000] {dag.py:3954} INFO - Setting next_dagrun for example_local_kubernetes_executor to None, run_after=None
[2026-06-13T12:16:13.504+0000] {processor.py:183} INFO - Processing /home/airflow/.local/lib/python3.12/site-packages/airflow/example_dags/example_local_kubernetes_executor.py took 0.110 seconds
[2026-06-13T12:16:43.683+0000] {processor.py:161} INFO - Started process (PID=3898) to work on /home/airflow/.local/lib/python3.12/site-packages/airflow/example_dags/example_local_kubernetes_executor.py
[2026-06-13T12:16:43.685+0000] {processor.py:830} INFO - Processing file /home/airflow/.local/lib/python3.12/site-packages/airflow/example_dags/example_local_kubernetes_executor.py for tasks to queue
[2026-06-13T12:16:43.687+0000] {logging_mixin.py:188} INFO - [2026-06-13T12:16:43.687+0000] {dagbag.py:545} INFO - Filling up the DagBag from /home/airflow/.local/lib/python3.12/site-packages/airflow/example_dags/example_local_kubernetes_executor.py
[2026-06-13T12:16:43.695+0000] {processor.py:840} INFO - DAG(s) 'example_local_kubernetes_executor' retrieved from /home/airflow/.local/lib/python3.12/site-packages/airflow/example_dags/example_local_kubernetes_executor.py
[2026-06-13T12:16:43.740+0000] {logging_mixin.py:188} INFO - [2026-06-13T12:16:43.740+0000] {dag.py:3096} INFO - Sync 1 DAGs
[2026-06-13T12:16:43.756+0000] {logging_mixin.py:188} INFO - [2026-06-13T12:16:43.755+0000] {dag.py:3954} INFO - Setting next_dagrun for example_local_kubernetes_executor to None, run_after=None
[2026-06-13T12:16:43.784+0000] {processor.py:183} INFO - Processing /home/airflow/.local/lib/python3.12/site-packages/airflow/example_dags/example_local_kubernetes_executor.py took 0.111 seconds
[2026-06-13T12:17:14.021+0000] {processor.py:161} INFO - Started process (PID=3957) to work on /home/airflow/.local/lib/python3.12/site-packages/airflow/example_dags/example_local_kubernetes_executor.py
[2026-06-13T12:17:14.022+0000] {processor.py:830} INFO - Processing file /home/airflow/.local/lib/python3.12/site-packages/airflow/example_dags/example_local_kubernetes_executor.py for tasks to queue
[2026-06-13T12:17:14.025+0000] {logging_mixin.py:188} INFO - [2026-06-13T12:17:14.025+0000] {dagbag.py:545} INFO - Filling up the DagBag from /home/airflow/.local/lib/python3.12/site-packages/airflow/example_dags/example_local_kubernetes_executor.py
[2026-06-13T12:17:14.033+0000] {processor.py:840} INFO - DAG(s) 'example_local_kubernetes_executor' retrieved from /home/airflow/.local/lib/python3.12/site-packages/airflow/example_dags/example_local_kubernetes_executor.py
[2026-06-13T12:17:14.075+0000] {logging_mixin.py:188} INFO - [2026-06-13T12:17:14.075+0000] {dag.py:3096} INFO - Sync 1 DAGs
[2026-06-13T12:17:14.089+0000] {logging_mixin.py:188} INFO - [2026-06-13T12:17:14.089+0000] {dag.py:3954} INFO - Setting next_dagrun for example_local_kubernetes_executor to None, run_after=None
[2026-06-13T12:17:14.115+0000] {processor.py:183} INFO - Processing /home/airflow/.local/lib/python3.12/site-packages/airflow/example_dags/example_local_kubernetes_executor.py took 0.105 seconds
[2026-06-13T12:17:44.925+0000] {processor.py:161} INFO - Started process (PID=4017) to work on /home/airflow/.local/lib/python3.12/site-packages/airflow/example_dags/example_local_kubernetes_executor.py
[2026-06-13T12:17:44.927+0000] {processor.py:830} INFO - Processing file /home/airflow/.local/lib/python3.12/site-packages/airflow/example_dags/example_local_kubernetes_executor.py for tasks to queue
[2026-06-13T12:17:44.931+0000] {logging_mixin.py:188} INFO - [2026-06-13T12:17:44.930+0000] {dagbag.py:545} INFO - Filling up the DagBag from /home/airflow/.local/lib/python3.12/site-packages/airflow/example_dags/example_local_kubernetes_executor.py
[2026-06-13T12:17:44.939+0000] {processor.py:840} INFO - DAG(s) 'example_local_kubernetes_executor' retrieved from /home/airflow/.local/lib/python3.12/site-packages/airflow/example_dags/example_local_kubernetes_executor.py
[2026-06-13T12:17:44.996+0000] {logging_mixin.py:188} INFO - [2026-06-13T12:17:44.995+0000] {dag.py:3096} INFO - Sync 1 DAGs
[2026-06-13T12:17:45.014+0000] {logging_mixin.py:188} INFO - [2026-06-13T12:17:45.014+0000] {dag.py:3954} INFO - Setting next_dagrun for example_local_kubernetes_executor to None, run_after=None
[2026-06-13T12:17:45.041+0000] {processor.py:183} INFO - Processing /home/airflow/.local/lib/python3.12/site-packages/airflow/example_dags/example_local_kubernetes_executor.py took 0.126 seconds
[2026-06-13T12:18:15.342+0000] {processor.py:161} INFO - Started process (PID=4084) to work on /home/airflow/.local/lib/python3.12/site-packages/airflow/example_dags/example_local_kubernetes_executor.py
[2026-06-13T12:18:15.344+0000] {processor.py:830} INFO - Processing file /home/airflow/.local/lib/python3.12/site-packages/airflow/example_dags/example_local_kubernetes_executor.py for tasks to queue
[2026-06-13T12:18:15.346+0000] {logging_mixin.py:188} INFO - [2026-06-13T12:18:15.346+0000] {dagbag.py:545} INFO - Filling up the DagBag from /home/airflow/.local/lib/python3.12/site-packages/airflow/example_dags/example_local_kubernetes_executor.py
[2026-06-13T12:18:15.354+0000] {processor.py:840} INFO - DAG(s) 'example_local_kubernetes_executor' retrieved from /home/airflow/.local/lib/python3.12/site-packages/airflow/example_dags/example_local_kubernetes_executor.py
[2026-06-13T12:18:15.399+0000] {logging_mixin.py:188} INFO - [2026-06-13T12:18:15.399+0000] {dag.py:3096} INFO - Sync 1 DAGs
[2026-06-13T12:18:15.414+0000] {logging_mixin.py:188} INFO - [2026-06-13T12:18:15.414+0000] {dag.py:3954} INFO - Setting next_dagrun for example_local_kubernetes_executor to None, run_after=None
[2026-06-13T12:18:15.441+0000] {processor.py:183} INFO - Processing /home/airflow/.local/lib/python3.12/site-packages/airflow/example_dags/example_local_kubernetes_executor.py took 0.108 seconds
[2026-06-13T12:19:04.428+0000] {processor.py:161} INFO - Started process (PID=112) to work on /home/airflow/.local/lib/python3.12/site-packages/airflow/example_dags/example_local_kubernetes_executor.py
[2026-06-13T12:19:04.429+0000] {processor.py:830} INFO - Processing file /home/airflow/.local/lib/python3.12/site-packages/airflow/example_dags/example_local_kubernetes_executor.py for tasks to queue
[2026-06-13T12:19:04.433+0000] {logging_mixin.py:188} INFO - [2026-06-13T12:19:04.432+0000] {dagbag.py:545} INFO - Filling up the DagBag from /home/airflow/.local/lib/python3.12/site-packages/airflow/example_dags/example_local_kubernetes_executor.py
[2026-06-13T12:19:04.446+0000] {processor.py:840} INFO - DAG(s) 'example_local_kubernetes_executor' retrieved from /home/airflow/.local/lib/python3.12/site-packages/airflow/example_dags/example_local_kubernetes_executor.py
[2026-06-13T12:19:04.602+0000] {logging_mixin.py:188} INFO - [2026-06-13T12:19:04.602+0000] {dag.py:3096} INFO - Sync 1 DAGs
[2026-06-13T12:19:04.619+0000] {logging_mixin.py:188} INFO - [2026-06-13T12:19:04.619+0000] {dag.py:3954} INFO - Setting next_dagrun for example_local_kubernetes_executor to None, run_after=None
[2026-06-13T12:19:04.656+0000] {processor.py:183} INFO - Processing /home/airflow/.local/lib/python3.12/site-packages/airflow/example_dags/example_local_kubernetes_executor.py took 0.235 seconds
[2026-06-13T12:19:34.790+0000] {processor.py:161} INFO - Started process (PID=171) to work on /home/airflow/.local/lib/python3.12/site-packages/airflow/example_dags/example_local_kubernetes_executor.py
[2026-06-13T12:19:34.791+0000] {processor.py:830} INFO - Processing file /home/airflow/.local/lib/python3.12/site-packages/airflow/example_dags/example_local_kubernetes_executor.py for tasks to queue
[2026-06-13T12:19:34.794+0000] {logging_mixin.py:188} INFO - [2026-06-13T12:19:34.794+0000] {dagbag.py:545} INFO - Filling up the DagBag from /home/airflow/.local/lib/python3.12/site-packages/airflow/example_dags/example_local_kubernetes_executor.py
[2026-06-13T12:19:34.803+0000] {processor.py:840} INFO - DAG(s) 'example_local_kubernetes_executor' retrieved from /home/airflow/.local/lib/python3.12/site-packages/airflow/example_dags/example_local_kubernetes_executor.py
[2026-06-13T12:19:34.844+0000] {logging_mixin.py:188} INFO - [2026-06-13T12:19:34.844+0000] {dag.py:3096} INFO - Sync 1 DAGs
[2026-06-13T12:19:34.860+0000] {logging_mixin.py:188} INFO - [2026-06-13T12:19:34.859+0000] {dag.py:3954} INFO - Setting next_dagrun for example_local_kubernetes_executor to None, run_after=None
[2026-06-13T12:19:34.892+0000] {processor.py:183} INFO - Processing /home/airflow/.local/lib/python3.12/site-packages/airflow/example_dags/example_local_kubernetes_executor.py took 0.108 seconds
[2026-06-13T12:20:05.633+0000] {processor.py:161} INFO - Started process (PID=231) to work on /home/airflow/.local/lib/python3.12/site-packages/airflow/example_dags/example_local_kubernetes_executor.py
[2026-06-13T12:20:05.634+0000] {processor.py:830} INFO - Processing file /home/airflow/.local/lib/python3.12/site-packages/airflow/example_dags/example_local_kubernetes_executor.py for tasks to queue
[2026-06-13T12:20:05.637+0000] {logging_mixin.py:188} INFO - [2026-06-13T12:20:05.637+0000] {dagbag.py:545} INFO - Filling up the DagBag from /home/airflow/.local/lib/python3.12/site-packages/airflow/example_dags/example_local_kubernetes_executor.py
[2026-06-13T12:20:05.645+0000] {processor.py:840} INFO - DAG(s) 'example_local_kubernetes_executor' retrieved from /home/airflow/.local/lib/python3.12/site-packages/airflow/example_dags/example_local_kubernetes_executor.py
[2026-06-13T12:20:05.686+0000] {logging_mixin.py:188} INFO - [2026-06-13T12:20:05.685+0000] {dag.py:3096} INFO - Sync 1 DAGs
[2026-06-13T12:20:05.700+0000] {logging_mixin.py:188} INFO - [2026-06-13T12:20:05.700+0000] {dag.py:3954} INFO - Setting next_dagrun for example_local_kubernetes_executor to None, run_after=None
[2026-06-13T12:20:05.727+0000] {processor.py:183} INFO - Processing /home/airflow/.local/lib/python3.12/site-packages/airflow/example_dags/example_local_kubernetes_executor.py took 0.100 seconds
[2026-06-13T12:20:35.922+0000] {processor.py:161} INFO - Started process (PID=290) to work on /home/airflow/.local/lib/python3.12/site-packages/airflow/example_dags/example_local_kubernetes_executor.py
[2026-06-13T12:20:35.924+0000] {processor.py:830} INFO - Processing file /home/airflow/.local/lib/python3.12/site-packages/airflow/example_dags/example_local_kubernetes_executor.py for tasks to queue
[2026-06-13T12:20:35.926+0000] {logging_mixin.py:188} INFO - [2026-06-13T12:20:35.926+0000] {dagbag.py:545} INFO - Filling up the DagBag from /home/airflow/.local/lib/python3.12/site-packages/airflow/example_dags/example_local_kubernetes_executor.py
[2026-06-13T12:20:35.934+0000] {processor.py:840} INFO - DAG(s) 'example_local_kubernetes_executor' retrieved from /home/airflow/.local/lib/python3.12/site-packages/airflow/example_dags/example_local_kubernetes_executor.py
[2026-06-13T12:20:35.976+0000] {logging_mixin.py:188} INFO - [2026-06-13T12:20:35.975+0000] {dag.py:3096} INFO - Sync 1 DAGs
[2026-06-13T12:20:35.989+0000] {logging_mixin.py:188} INFO - [2026-06-13T12:20:35.989+0000] {dag.py:3954} INFO - Setting next_dagrun for example_local_kubernetes_executor to None, run_after=None
[2026-06-13T12:20:36.016+0000] {processor.py:183} INFO - Processing /home/airflow/.local/lib/python3.12/site-packages/airflow/example_dags/example_local_kubernetes_executor.py took 0.100 seconds
[2026-06-13T12:21:06.720+0000] {processor.py:161} INFO - Started process (PID=349) to work on /home/airflow/.local/lib/python3.12/site-packages/airflow/example_dags/example_local_kubernetes_executor.py
[2026-06-13T12:21:06.722+0000] {processor.py:830} INFO - Processing file /home/airflow/.local/lib/python3.12/site-packages/airflow/example_dags/example_local_kubernetes_executor.py for tasks to queue
[2026-06-13T12:21:06.725+0000] {logging_mixin.py:188} INFO - [2026-06-13T12:21:06.724+0000] {dagbag.py:545} INFO - Filling up the DagBag from /home/airflow/.local/lib/python3.12/site-packages/airflow/example_dags/example_local_kubernetes_executor.py
[2026-06-13T12:21:06.733+0000] {processor.py:840} INFO - DAG(s) 'example_local_kubernetes_executor' retrieved from /home/airflow/.local/lib/python3.12/site-packages/airflow/example_dags/example_local_kubernetes_executor.py
[2026-06-13T12:21:06.773+0000] {logging_mixin.py:188} INFO - [2026-06-13T12:21:06.773+0000] {dag.py:3096} INFO - Sync 1 DAGs
[2026-06-13T12:21:06.789+0000] {logging_mixin.py:188} INFO - [2026-06-13T12:21:06.789+0000] {dag.py:3954} INFO - Setting next_dagrun for example_local_kubernetes_executor to None, run_after=None
[2026-06-13T12:21:06.814+0000] {processor.py:183} INFO - Processing /home/airflow/.local/lib/python3.12/site-packages/airflow/example_dags/example_local_kubernetes_executor.py took 0.100 seconds
[2026-06-13T12:21:36.974+0000] {processor.py:161} INFO - Started process (PID=409) to work on /home/airflow/.local/lib/python3.12/site-packages/airflow/example_dags/example_local_kubernetes_executor.py
[2026-06-13T12:21:36.976+0000] {processor.py:830} INFO - Processing file /home/airflow/.local/lib/python3.12/site-packages/airflow/example_dags/example_local_kubernetes_executor.py for tasks to queue
[2026-06-13T12:21:36.979+0000] {logging_mixin.py:188} INFO - [2026-06-13T12:21:36.978+0000] {dagbag.py:545} INFO - Filling up the DagBag from /home/airflow/.local/lib/python3.12/site-packages/airflow/example_dags/example_local_kubernetes_executor.py
[2026-06-13T12:21:36.987+0000] {processor.py:840} INFO - DAG(s) 'example_local_kubernetes_executor' retrieved from /home/airflow/.local/lib/python3.12/site-packages/airflow/example_dags/example_local_kubernetes_executor.py
[2026-06-13T12:21:37.028+0000] {logging_mixin.py:188} INFO - [2026-06-13T12:21:37.028+0000] {dag.py:3096} INFO - Sync 1 DAGs
[2026-06-13T12:21:37.044+0000] {logging_mixin.py:188} INFO - [2026-06-13T12:21:37.043+0000] {dag.py:3954} INFO - Setting next_dagrun for example_local_kubernetes_executor to None, run_after=None
[2026-06-13T12:21:37.072+0000] {processor.py:183} INFO - Processing /home/airflow/.local/lib/python3.12/site-packages/airflow/example_dags/example_local_kubernetes_executor.py took 0.104 seconds
[2026-06-13T12:22:08.064+0000] {processor.py:161} INFO - Started process (PID=468) to work on /home/airflow/.local/lib/python3.12/site-packages/airflow/example_dags/example_local_kubernetes_executor.py
[2026-06-13T12:22:08.066+0000] {processor.py:830} INFO - Processing file /home/airflow/.local/lib/python3.12/site-packages/airflow/example_dags/example_local_kubernetes_executor.py for tasks to queue
[2026-06-13T12:22:08.068+0000] {logging_mixin.py:188} INFO - [2026-06-13T12:22:08.068+0000] {dagbag.py:545} INFO - Filling up the DagBag from /home/airflow/.local/lib/python3.12/site-packages/airflow/example_dags/example_local_kubernetes_executor.py
[2026-06-13T12:22:08.076+0000] {processor.py:840} INFO - DAG(s) 'example_local_kubernetes_executor' retrieved from /home/airflow/.local/lib/python3.12/site-packages/airflow/example_dags/example_local_kubernetes_executor.py
[2026-06-13T12:22:08.116+0000] {logging_mixin.py:188} INFO - [2026-06-13T12:22:08.116+0000] {dag.py:3096} INFO - Sync 1 DAGs
[2026-06-13T12:22:08.133+0000] {logging_mixin.py:188} INFO - [2026-06-13T12:22:08.133+0000] {dag.py:3954} INFO - Setting next_dagrun for example_local_kubernetes_executor to None, run_after=None
[2026-06-13T12:22:08.159+0000] {processor.py:183} INFO - Processing /home/airflow/.local/lib/python3.12/site-packages/airflow/example_dags/example_local_kubernetes_executor.py took 0.101 seconds
[2026-06-13T12:22:38.555+0000] {processor.py:161} INFO - Started process (PID=527) to work on /home/airflow/.local/lib/python3.12/site-packages/airflow/example_dags/example_local_kubernetes_executor.py
[2026-06-13T12:22:38.557+0000] {processor.py:830} INFO - Processing file /home/airflow/.local/lib/python3.12/site-packages/airflow/example_dags/example_local_kubernetes_executor.py for tasks to queue
[2026-06-13T12:22:38.560+0000] {logging_mixin.py:188} INFO - [2026-06-13T12:22:38.559+0000] {dagbag.py:545} INFO - Filling up the DagBag from /home/airflow/.local/lib/python3.12/site-packages/airflow/example_dags/example_local_kubernetes_executor.py
[2026-06-13T12:22:38.568+0000] {processor.py:840} INFO - DAG(s) 'example_local_kubernetes_executor' retrieved from /home/airflow/.local/lib/python3.12/site-packages/airflow/example_dags/example_local_kubernetes_executor.py
[2026-06-13T12:22:38.609+0000] {logging_mixin.py:188} INFO - [2026-06-13T12:22:38.609+0000] {dag.py:3096} INFO - Sync 1 DAGs
[2026-06-13T12:22:38.623+0000] {logging_mixin.py:188} INFO - [2026-06-13T12:22:38.622+0000] {dag.py:3954} INFO - Setting next_dagrun for example_local_kubernetes_executor to None, run_after=None
[2026-06-13T12:22:38.648+0000] {processor.py:183} INFO - Processing /home/airflow/.local/lib/python3.12/site-packages/airflow/example_dags/example_local_kubernetes_executor.py took 0.099 seconds
[2026-06-13T12:23:08.725+0000] {processor.py:161} INFO - Started process (PID=586) to work on /home/airflow/.local/lib/python3.12/site-packages/airflow/example_dags/example_local_kubernetes_executor.py
[2026-06-13T12:23:08.726+0000] {processor.py:830} INFO - Processing file /home/airflow/.local/lib/python3.12/site-packages/airflow/example_dags/example_local_kubernetes_executor.py for tasks to queue
[2026-06-13T12:23:08.729+0000] {logging_mixin.py:188} INFO - [2026-06-13T12:23:08.728+0000] {dagbag.py:545} INFO - Filling up the DagBag from /home/airflow/.local/lib/python3.12/site-packages/airflow/example_dags/example_local_kubernetes_executor.py
[2026-06-13T12:23:08.737+0000] {processor.py:840} INFO - DAG(s) 'example_local_kubernetes_executor' retrieved from /home/airflow/.local/lib/python3.12/site-packages/airflow/example_dags/example_local_kubernetes_executor.py
[2026-06-13T12:23:08.778+0000] {logging_mixin.py:188} INFO - [2026-06-13T12:23:08.778+0000] {dag.py:3096} INFO - Sync 1 DAGs
[2026-06-13T12:23:08.793+0000] {logging_mixin.py:188} INFO - [2026-06-13T12:23:08.792+0000] {dag.py:3954} INFO - Setting next_dagrun for example_local_kubernetes_executor to None, run_after=None
[2026-06-13T12:23:08.821+0000] {processor.py:183} INFO - Processing /home/airflow/.local/lib/python3.12/site-packages/airflow/example_dags/example_local_kubernetes_executor.py took 0.103 seconds
[2026-06-13T12:26:06.052+0000] {processor.py:161} INFO - Started process (PID=639) to work on /home/airflow/.local/lib/python3.12/site-packages/airflow/example_dags/example_local_kubernetes_executor.py
[2026-06-13T12:26:06.054+0000] {processor.py:830} INFO - Processing file /home/airflow/.local/lib/python3.12/site-packages/airflow/example_dags/example_local_kubernetes_executor.py for tasks to queue
[2026-06-13T12:26:06.057+0000] {logging_mixin.py:188} INFO - [2026-06-13T12:26:06.057+0000] {dagbag.py:545} INFO - Filling up the DagBag from /home/airflow/.local/lib/python3.12/site-packages/airflow/example_dags/example_local_kubernetes_executor.py
[2026-06-13T12:26:06.066+0000] {processor.py:840} INFO - DAG(s) 'example_local_kubernetes_executor' retrieved from /home/airflow/.local/lib/python3.12/site-packages/airflow/example_dags/example_local_kubernetes_executor.py
[2026-06-13T12:26:06.109+0000] {logging_mixin.py:188} INFO - [2026-06-13T12:26:06.108+0000] {dag.py:3096} INFO - Sync 1 DAGs
[2026-06-13T12:26:06.123+0000] {logging_mixin.py:188} INFO - [2026-06-13T12:26:06.123+0000] {dag.py:3954} INFO - Setting next_dagrun for example_local_kubernetes_executor to None, run_after=None
[2026-06-13T12:26:06.150+0000] {processor.py:183} INFO - Processing /home/airflow/.local/lib/python3.12/site-packages/airflow/example_dags/example_local_kubernetes_executor.py took 0.105 seconds
[2026-06-13T12:26:37.674+0000] {processor.py:161} INFO - Started process (PID=698) to work on /home/airflow/.local/lib/python3.12/site-packages/airflow/example_dags/example_local_kubernetes_executor.py
[2026-06-13T12:26:37.676+0000] {processor.py:830} INFO - Processing file /home/airflow/.local/lib/python3.12/site-packages/airflow/example_dags/example_local_kubernetes_executor.py for tasks to queue
[2026-06-13T12:26:37.678+0000] {logging_mixin.py:188} INFO - [2026-06-13T12:26:37.678+0000] {dagbag.py:545} INFO - Filling up the DagBag from /home/airflow/.local/lib/python3.12/site-packages/airflow/example_dags/example_local_kubernetes_executor.py
[2026-06-13T12:26:37.687+0000] {processor.py:840} INFO - DAG(s) 'example_local_kubernetes_executor' retrieved from /home/airflow/.local/lib/python3.12/site-packages/airflow/example_dags/example_local_kubernetes_executor.py
[2026-06-13T12:26:37.731+0000] {logging_mixin.py:188} INFO - [2026-06-13T12:26:37.730+0000] {dag.py:3096} INFO - Sync 1 DAGs
[2026-06-13T12:26:37.743+0000] {logging_mixin.py:188} INFO - [2026-06-13T12:26:37.743+0000] {dag.py:3954} INFO - Setting next_dagrun for example_local_kubernetes_executor to None, run_after=None
[2026-06-13T12:26:37.771+0000] {processor.py:183} INFO - Processing /home/airflow/.local/lib/python3.12/site-packages/airflow/example_dags/example_local_kubernetes_executor.py took 0.104 seconds
[2026-06-13T12:27:08.051+0000] {processor.py:161} INFO - Started process (PID=758) to work on /home/airflow/.local/lib/python3.12/site-packages/airflow/example_dags/example_local_kubernetes_executor.py
[2026-06-13T12:27:08.053+0000] {processor.py:830} INFO - Processing file /home/airflow/.local/lib/python3.12/site-packages/airflow/example_dags/example_local_kubernetes_executor.py for tasks to queue
[2026-06-13T12:27:08.056+0000] {logging_mixin.py:188} INFO - [2026-06-13T12:27:08.055+0000] {dagbag.py:545} INFO - Filling up the DagBag from /home/airflow/.local/lib/python3.12/site-packages/airflow/example_dags/example_local_kubernetes_executor.py
[2026-06-13T12:27:08.064+0000] {processor.py:840} INFO - DAG(s) 'example_local_kubernetes_executor' retrieved from /home/airflow/.local/lib/python3.12/site-packages/airflow/example_dags/example_local_kubernetes_executor.py
[2026-06-13T12:27:08.104+0000] {logging_mixin.py:188} INFO - [2026-06-13T12:27:08.104+0000] {dag.py:3096} INFO - Sync 1 DAGs
[2026-06-13T12:27:08.119+0000] {logging_mixin.py:188} INFO - [2026-06-13T12:27:08.119+0000] {dag.py:3954} INFO - Setting next_dagrun for example_local_kubernetes_executor to None, run_after=None
[2026-06-13T12:27:08.147+0000] {processor.py:183} INFO - Processing /home/airflow/.local/lib/python3.12/site-packages/airflow/example_dags/example_local_kubernetes_executor.py took 0.103 seconds
[2026-06-13T12:27:38.457+0000] {processor.py:161} INFO - Started process (PID=823) to work on /home/airflow/.local/lib/python3.12/site-packages/airflow/example_dags/example_local_kubernetes_executor.py
[2026-06-13T12:27:38.459+0000] {processor.py:830} INFO - Processing file /home/airflow/.local/lib/python3.12/site-packages/airflow/example_dags/example_local_kubernetes_executor.py for tasks to queue
[2026-06-13T12:27:38.462+0000] {logging_mixin.py:188} INFO - [2026-06-13T12:27:38.461+0000] {dagbag.py:545} INFO - Filling up the DagBag from /home/airflow/.local/lib/python3.12/site-packages/airflow/example_dags/example_local_kubernetes_executor.py
[2026-06-13T12:27:38.470+0000] {processor.py:840} INFO - DAG(s) 'example_local_kubernetes_executor' retrieved from /home/airflow/.local/lib/python3.12/site-packages/airflow/example_dags/example_local_kubernetes_executor.py
[2026-06-13T12:27:38.515+0000] {logging_mixin.py:188} INFO - [2026-06-13T12:27:38.514+0000] {dag.py:3096} INFO - Sync 1 DAGs
[2026-06-13T12:27:38.528+0000] {logging_mixin.py:188} INFO - [2026-06-13T12:27:38.528+0000] {dag.py:3954} INFO - Setting next_dagrun for example_local_kubernetes_executor to None, run_after=None
[2026-06-13T12:27:38.557+0000] {processor.py:183} INFO - Processing /home/airflow/.local/lib/python3.12/site-packages/airflow/example_dags/example_local_kubernetes_executor.py took 0.106 seconds
[2026-06-13T12:28:09.271+0000] {processor.py:161} INFO - Started process (PID=882) to work on /home/airflow/.local/lib/python3.12/site-packages/airflow/example_dags/example_local_kubernetes_executor.py
[2026-06-13T12:28:09.273+0000] {processor.py:830} INFO - Processing file /home/airflow/.local/lib/python3.12/site-packages/airflow/example_dags/example_local_kubernetes_executor.py for tasks to queue
[2026-06-13T12:28:09.275+0000] {logging_mixin.py:188} INFO - [2026-06-13T12:28:09.275+0000] {dagbag.py:545} INFO - Filling up the DagBag from /home/airflow/.local/lib/python3.12/site-packages/airflow/example_dags/example_local_kubernetes_executor.py
[2026-06-13T12:28:09.285+0000] {processor.py:840} INFO - DAG(s) 'example_local_kubernetes_executor' retrieved from /home/airflow/.local/lib/python3.12/site-packages/airflow/example_dags/example_local_kubernetes_executor.py
[2026-06-13T12:28:09.327+0000] {logging_mixin.py:188} INFO - [2026-06-13T12:28:09.327+0000] {dag.py:3096} INFO - Sync 1 DAGs
[2026-06-13T12:28:09.342+0000] {logging_mixin.py:188} INFO - [2026-06-13T12:28:09.342+0000] {dag.py:3954} INFO - Setting next_dagrun for example_local_kubernetes_executor to None, run_after=None
[2026-06-13T12:28:09.369+0000] {processor.py:183} INFO - Processing /home/airflow/.local/lib/python3.12/site-packages/airflow/example_dags/example_local_kubernetes_executor.py took 0.104 seconds
[2026-06-13T12:28:39.505+0000] {processor.py:161} INFO - Started process (PID=942) to work on /home/airflow/.local/lib/python3.12/site-packages/airflow/example_dags/example_local_kubernetes_executor.py
[2026-06-13T12:28:39.507+0000] {processor.py:830} INFO - Processing file /home/airflow/.local/lib/python3.12/site-packages/airflow/example_dags/example_local_kubernetes_executor.py for tasks to queue
[2026-06-13T12:28:39.510+0000] {logging_mixin.py:188} INFO - [2026-06-13T12:28:39.509+0000] {dagbag.py:545} INFO - Filling up the DagBag from /home/airflow/.local/lib/python3.12/site-packages/airflow/example_dags/example_local_kubernetes_executor.py
[2026-06-13T12:28:39.520+0000] {processor.py:840} INFO - DAG(s) 'example_local_kubernetes_executor' retrieved from /home/airflow/.local/lib/python3.12/site-packages/airflow/example_dags/example_local_kubernetes_executor.py
[2026-06-13T12:28:39.564+0000] {logging_mixin.py:188} INFO - [2026-06-13T12:28:39.563+0000] {dag.py:3096} INFO - Sync 1 DAGs
[2026-06-13T12:28:39.579+0000] {logging_mixin.py:188} INFO - [2026-06-13T12:28:39.579+0000] {dag.py:3954} INFO - Setting next_dagrun for example_local_kubernetes_executor to None, run_after=None
[2026-06-13T12:28:39.608+0000] {processor.py:183} INFO - Processing /home/airflow/.local/lib/python3.12/site-packages/airflow/example_dags/example_local_kubernetes_executor.py took 0.111 seconds
[2026-06-13T12:29:09.876+0000] {processor.py:161} INFO - Started process (PID=1002) to work on /home/airflow/.local/lib/python3.12/site-packages/airflow/example_dags/example_local_kubernetes_executor.py
[2026-06-13T12:29:09.879+0000] {processor.py:830} INFO - Processing file /home/airflow/.local/lib/python3.12/site-packages/airflow/example_dags/example_local_kubernetes_executor.py for tasks to queue
[2026-06-13T12:29:09.883+0000] {logging_mixin.py:188} INFO - [2026-06-13T12:29:09.882+0000] {dagbag.py:545} INFO - Filling up the DagBag from /home/airflow/.local/lib/python3.12/site-packages/airflow/example_dags/example_local_kubernetes_executor.py
[2026-06-13T12:29:09.897+0000] {processor.py:840} INFO - DAG(s) 'example_local_kubernetes_executor' retrieved from /home/airflow/.local/lib/python3.12/site-packages/airflow/example_dags/example_local_kubernetes_executor.py
[2026-06-13T12:29:09.947+0000] {logging_mixin.py:188} INFO - [2026-06-13T12:29:09.947+0000] {dag.py:3096} INFO - Sync 1 DAGs
[2026-06-13T12:29:09.961+0000] {logging_mixin.py:188} INFO - [2026-06-13T12:29:09.961+0000] {dag.py:3954} INFO - Setting next_dagrun for example_local_kubernetes_executor to None, run_after=None
[2026-06-13T12:29:09.990+0000] {processor.py:183} INFO - Processing /home/airflow/.local/lib/python3.12/site-packages/airflow/example_dags/example_local_kubernetes_executor.py took 0.126 seconds
[2026-06-13T12:29:40.230+0000] {processor.py:161} INFO - Started process (PID=1061) to work on /home/airflow/.local/lib/python3.12/site-packages/airflow/example_dags/example_local_kubernetes_executor.py
[2026-06-13T12:29:40.232+0000] {processor.py:830} INFO - Processing file /home/airflow/.local/lib/python3.12/site-packages/airflow/example_dags/example_local_kubernetes_executor.py for tasks to queue
[2026-06-13T12:29:40.235+0000] {logging_mixin.py:188} INFO - [2026-06-13T12:29:40.235+0000] {dagbag.py:545} INFO - Filling up the DagBag from /home/airflow/.local/lib/python3.12/site-packages/airflow/example_dags/example_local_kubernetes_executor.py
[2026-06-13T12:29:40.244+0000] {processor.py:840} INFO - DAG(s) 'example_local_kubernetes_executor' retrieved from /home/airflow/.local/lib/python3.12/site-packages/airflow/example_dags/example_local_kubernetes_executor.py
[2026-06-13T12:29:40.286+0000] {logging_mixin.py:188} INFO - [2026-06-13T12:29:40.285+0000] {dag.py:3096} INFO - Sync 1 DAGs
[2026-06-13T12:29:40.304+0000] {logging_mixin.py:188} INFO - [2026-06-13T12:29:40.304+0000] {dag.py:3954} INFO - Setting next_dagrun for example_local_kubernetes_executor to None, run_after=None
[2026-06-13T12:29:40.332+0000] {processor.py:183} INFO - Processing /home/airflow/.local/lib/python3.12/site-packages/airflow/example_dags/example_local_kubernetes_executor.py took 0.109 seconds
[2026-06-13T12:30:11.459+0000] {processor.py:161} INFO - Started process (PID=1120) to work on /home/airflow/.local/lib/python3.12/site-packages/airflow/example_dags/example_local_kubernetes_executor.py
[2026-06-13T12:30:11.460+0000] {processor.py:830} INFO - Processing file /home/airflow/.local/lib/python3.12/site-packages/airflow/example_dags/example_local_kubernetes_executor.py for tasks to queue
[2026-06-13T12:30:11.463+0000] {logging_mixin.py:188} INFO - [2026-06-13T12:30:11.463+0000] {dagbag.py:545} INFO - Filling up the DagBag from /home/airflow/.local/lib/python3.12/site-packages/airflow/example_dags/example_local_kubernetes_executor.py
[2026-06-13T12:30:11.472+0000] {processor.py:840} INFO - DAG(s) 'example_local_kubernetes_executor' retrieved from /home/airflow/.local/lib/python3.12/site-packages/airflow/example_dags/example_local_kubernetes_executor.py
[2026-06-13T12:30:11.516+0000] {logging_mixin.py:188} INFO - [2026-06-13T12:30:11.516+0000] {dag.py:3096} INFO - Sync 1 DAGs
[2026-06-13T12:30:11.532+0000] {logging_mixin.py:188} INFO - [2026-06-13T12:30:11.532+0000] {dag.py:3954} INFO - Setting next_dagrun for example_local_kubernetes_executor to None, run_after=None
[2026-06-13T12:30:11.562+0000] {processor.py:183} INFO - Processing /home/airflow/.local/lib/python3.12/site-packages/airflow/example_dags/example_local_kubernetes_executor.py took 0.111 seconds
[2026-06-13T12:30:42.308+0000] {processor.py:161} INFO - Started process (PID=1179) to work on /home/airflow/.local/lib/python3.12/site-packages/airflow/example_dags/example_local_kubernetes_executor.py
[2026-06-13T12:30:42.309+0000] {processor.py:830} INFO - Processing file /home/airflow/.local/lib/python3.12/site-packages/airflow/example_dags/example_local_kubernetes_executor.py for tasks to queue
[2026-06-13T12:30:42.312+0000] {logging_mixin.py:188} INFO - [2026-06-13T12:30:42.312+0000] {dagbag.py:545} INFO - Filling up the DagBag from /home/airflow/.local/lib/python3.12/site-packages/airflow/example_dags/example_local_kubernetes_executor.py
[2026-06-13T12:30:42.320+0000] {processor.py:840} INFO - DAG(s) 'example_local_kubernetes_executor' retrieved from /home/airflow/.local/lib/python3.12/site-packages/airflow/example_dags/example_local_kubernetes_executor.py
[2026-06-13T12:30:42.361+0000] {logging_mixin.py:188} INFO - [2026-06-13T12:30:42.361+0000] {dag.py:3096} INFO - Sync 1 DAGs
[2026-06-13T12:30:42.377+0000] {logging_mixin.py:188} INFO - [2026-06-13T12:30:42.376+0000] {dag.py:3954} INFO - Setting next_dagrun for example_local_kubernetes_executor to None, run_after=None
[2026-06-13T12:30:42.402+0000] {processor.py:183} INFO - Processing /home/airflow/.local/lib/python3.12/site-packages/airflow/example_dags/example_local_kubernetes_executor.py took 0.101 seconds
[2026-06-13T12:31:12.977+0000] {processor.py:161} INFO - Started process (PID=1238) to work on /home/airflow/.local/lib/python3.12/site-packages/airflow/example_dags/example_local_kubernetes_executor.py
[2026-06-13T12:31:12.978+0000] {processor.py:830} INFO - Processing file /home/airflow/.local/lib/python3.12/site-packages/airflow/example_dags/example_local_kubernetes_executor.py for tasks to queue
[2026-06-13T12:31:12.982+0000] {logging_mixin.py:188} INFO - [2026-06-13T12:31:12.982+0000] {dagbag.py:545} INFO - Filling up the DagBag from /home/airflow/.local/lib/python3.12/site-packages/airflow/example_dags/example_local_kubernetes_executor.py
[2026-06-13T12:31:12.990+0000] {processor.py:840} INFO - DAG(s) 'example_local_kubernetes_executor' retrieved from /home/airflow/.local/lib/python3.12/site-packages/airflow/example_dags/example_local_kubernetes_executor.py
[2026-06-13T12:31:13.031+0000] {logging_mixin.py:188} INFO - [2026-06-13T12:31:13.031+0000] {dag.py:3096} INFO - Sync 1 DAGs
[2026-06-13T12:31:13.047+0000] {logging_mixin.py:188} INFO - [2026-06-13T12:31:13.047+0000] {dag.py:3954} INFO - Setting next_dagrun for example_local_kubernetes_executor to None, run_after=None
[2026-06-13T12:31:13.074+0000] {processor.py:183} INFO - Processing /home/airflow/.local/lib/python3.12/site-packages/airflow/example_dags/example_local_kubernetes_executor.py took 0.104 seconds
[2026-06-13T16:08:26.194+0000] {processor.py:161} INFO - Started process (PID=1301) to work on /home/airflow/.local/lib/python3.12/site-packages/airflow/example_dags/example_local_kubernetes_executor.py
[2026-06-13T16:08:26.197+0000] {processor.py:830} INFO - Processing file /home/airflow/.local/lib/python3.12/site-packages/airflow/example_dags/example_local_kubernetes_executor.py for tasks to queue
[2026-06-13T16:08:26.213+0000] {logging_mixin.py:188} INFO - [2026-06-13T16:08:26.212+0000] {dagbag.py:545} INFO - Filling up the DagBag from /home/airflow/.local/lib/python3.12/site-packages/airflow/example_dags/example_local_kubernetes_executor.py
[2026-06-13T16:08:26.254+0000] {processor.py:840} INFO - DAG(s) 'example_local_kubernetes_executor' retrieved from /home/airflow/.local/lib/python3.12/site-packages/airflow/example_dags/example_local_kubernetes_executor.py
[2026-06-13T16:08:26.461+0000] {logging_mixin.py:188} INFO - [2026-06-13T16:08:26.460+0000] {dag.py:3096} INFO - Sync 1 DAGs
[2026-06-13T16:08:26.553+0000] {logging_mixin.py:188} INFO - [2026-06-13T16:08:26.552+0000] {dag.py:3954} INFO - Setting next_dagrun for example_local_kubernetes_executor to None, run_after=None
[2026-06-13T16:08:26.686+0000] {processor.py:183} INFO - Processing /home/airflow/.local/lib/python3.12/site-packages/airflow/example_dags/example_local_kubernetes_executor.py took 0.518 seconds
