[2026-06-13T10:42:17.458+0000] {processor.py:161} INFO - Started process (PID=70) to work on /home/airflow/.local/lib/python3.12/site-packages/airflow/example_dags/example_sensor_decorator.py
[2026-06-13T10:42:17.460+0000] {processor.py:830} INFO - Processing file /home/airflow/.local/lib/python3.12/site-packages/airflow/example_dags/example_sensor_decorator.py for tasks to queue
[2026-06-13T10:42:17.464+0000] {logging_mixin.py:188} INFO - [2026-06-13T10:42:17.463+0000] {dagbag.py:545} INFO - Filling up the DagBag from /home/airflow/.local/lib/python3.12/site-packages/airflow/example_dags/example_sensor_decorator.py
[2026-06-13T10:42:17.481+0000] {processor.py:840} INFO - DAG(s) 'example_sensor_decorator' retrieved from /home/airflow/.local/lib/python3.12/site-packages/airflow/example_dags/example_sensor_decorator.py
[2026-06-13T10:42:17.658+0000] {logging_mixin.py:188} INFO - [2026-06-13T10:42:17.657+0000] {dag.py:3096} INFO - Sync 1 DAGs
[2026-06-13T10:42:17.682+0000] {logging_mixin.py:188} INFO - [2026-06-13T10:42:17.682+0000] {dag.py:3954} INFO - Setting next_dagrun for example_sensor_decorator to None, run_after=None
[2026-06-13T10:42:17.721+0000] {processor.py:183} INFO - Processing /home/airflow/.local/lib/python3.12/site-packages/airflow/example_dags/example_sensor_decorator.py took 0.273 seconds
[2026-06-13T10:42:48.143+0000] {processor.py:161} INFO - Started process (PID=128) to work on /home/airflow/.local/lib/python3.12/site-packages/airflow/example_dags/example_sensor_decorator.py
[2026-06-13T10:42:48.145+0000] {processor.py:830} INFO - Processing file /home/airflow/.local/lib/python3.12/site-packages/airflow/example_dags/example_sensor_decorator.py for tasks to queue
[2026-06-13T10:42:48.149+0000] {logging_mixin.py:188} INFO - [2026-06-13T10:42:48.148+0000] {dagbag.py:545} INFO - Filling up the DagBag from /home/airflow/.local/lib/python3.12/site-packages/airflow/example_dags/example_sensor_decorator.py
[2026-06-13T10:42:48.156+0000] {processor.py:840} INFO - DAG(s) 'example_sensor_decorator' retrieved from /home/airflow/.local/lib/python3.12/site-packages/airflow/example_dags/example_sensor_decorator.py
[2026-06-13T10:42:48.183+0000] {logging_mixin.py:188} INFO - [2026-06-13T10:42:48.183+0000] {dag.py:3096} INFO - Sync 1 DAGs
[2026-06-13T10:42:48.198+0000] {logging_mixin.py:188} INFO - [2026-06-13T10:42:48.197+0000] {dag.py:3954} INFO - Setting next_dagrun for example_sensor_decorator to None, run_after=None
[2026-06-13T10:42:48.225+0000] {processor.py:183} INFO - Processing /home/airflow/.local/lib/python3.12/site-packages/airflow/example_dags/example_sensor_decorator.py took 0.087 seconds
[2026-06-13T10:43:18.614+0000] {processor.py:161} INFO - Started process (PID=186) to work on /home/airflow/.local/lib/python3.12/site-packages/airflow/example_dags/example_sensor_decorator.py
[2026-06-13T10:43:18.616+0000] {processor.py:830} INFO - Processing file /home/airflow/.local/lib/python3.12/site-packages/airflow/example_dags/example_sensor_decorator.py for tasks to queue
[2026-06-13T10:43:18.619+0000] {logging_mixin.py:188} INFO - [2026-06-13T10:43:18.619+0000] {dagbag.py:545} INFO - Filling up the DagBag from /home/airflow/.local/lib/python3.12/site-packages/airflow/example_dags/example_sensor_decorator.py
[2026-06-13T10:43:18.627+0000] {processor.py:840} INFO - DAG(s) 'example_sensor_decorator' retrieved from /home/airflow/.local/lib/python3.12/site-packages/airflow/example_dags/example_sensor_decorator.py
[2026-06-13T10:43:18.656+0000] {logging_mixin.py:188} INFO - [2026-06-13T10:43:18.656+0000] {dag.py:3096} INFO - Sync 1 DAGs
[2026-06-13T10:43:18.671+0000] {logging_mixin.py:188} INFO - [2026-06-13T10:43:18.671+0000] {dag.py:3954} INFO - Setting next_dagrun for example_sensor_decorator to None, run_after=None
[2026-06-13T10:43:18.701+0000] {processor.py:183} INFO - Processing /home/airflow/.local/lib/python3.12/site-packages/airflow/example_dags/example_sensor_decorator.py took 0.093 seconds
[2026-06-13T10:43:49.105+0000] {processor.py:161} INFO - Started process (PID=250) to work on /home/airflow/.local/lib/python3.12/site-packages/airflow/example_dags/example_sensor_decorator.py
[2026-06-13T10:43:49.107+0000] {processor.py:830} INFO - Processing file /home/airflow/.local/lib/python3.12/site-packages/airflow/example_dags/example_sensor_decorator.py for tasks to queue
[2026-06-13T10:43:49.110+0000] {logging_mixin.py:188} INFO - [2026-06-13T10:43:49.109+0000] {dagbag.py:545} INFO - Filling up the DagBag from /home/airflow/.local/lib/python3.12/site-packages/airflow/example_dags/example_sensor_decorator.py
[2026-06-13T10:43:49.117+0000] {processor.py:840} INFO - DAG(s) 'example_sensor_decorator' retrieved from /home/airflow/.local/lib/python3.12/site-packages/airflow/example_dags/example_sensor_decorator.py
[2026-06-13T10:43:49.145+0000] {logging_mixin.py:188} INFO - [2026-06-13T10:43:49.145+0000] {dag.py:3096} INFO - Sync 1 DAGs
[2026-06-13T10:43:49.162+0000] {logging_mixin.py:188} INFO - [2026-06-13T10:43:49.161+0000] {dag.py:3954} INFO - Setting next_dagrun for example_sensor_decorator to None, run_after=None
[2026-06-13T10:43:49.191+0000] {processor.py:183} INFO - Processing /home/airflow/.local/lib/python3.12/site-packages/airflow/example_dags/example_sensor_decorator.py took 0.092 seconds
[2026-06-13T10:44:20.166+0000] {processor.py:161} INFO - Started process (PID=308) to work on /home/airflow/.local/lib/python3.12/site-packages/airflow/example_dags/example_sensor_decorator.py
[2026-06-13T10:44:20.168+0000] {processor.py:830} INFO - Processing file /home/airflow/.local/lib/python3.12/site-packages/airflow/example_dags/example_sensor_decorator.py for tasks to queue
[2026-06-13T10:44:20.172+0000] {logging_mixin.py:188} INFO - [2026-06-13T10:44:20.171+0000] {dagbag.py:545} INFO - Filling up the DagBag from /home/airflow/.local/lib/python3.12/site-packages/airflow/example_dags/example_sensor_decorator.py
[2026-06-13T10:44:20.181+0000] {processor.py:840} INFO - DAG(s) 'example_sensor_decorator' retrieved from /home/airflow/.local/lib/python3.12/site-packages/airflow/example_dags/example_sensor_decorator.py
[2026-06-13T10:44:20.216+0000] {logging_mixin.py:188} INFO - [2026-06-13T10:44:20.216+0000] {dag.py:3096} INFO - Sync 1 DAGs
[2026-06-13T10:44:20.236+0000] {logging_mixin.py:188} INFO - [2026-06-13T10:44:20.236+0000] {dag.py:3954} INFO - Setting next_dagrun for example_sensor_decorator to None, run_after=None
[2026-06-13T10:44:20.269+0000] {processor.py:183} INFO - Processing /home/airflow/.local/lib/python3.12/site-packages/airflow/example_dags/example_sensor_decorator.py took 0.111 seconds
[2026-06-13T10:44:50.615+0000] {processor.py:161} INFO - Started process (PID=366) to work on /home/airflow/.local/lib/python3.12/site-packages/airflow/example_dags/example_sensor_decorator.py
[2026-06-13T10:44:50.617+0000] {processor.py:830} INFO - Processing file /home/airflow/.local/lib/python3.12/site-packages/airflow/example_dags/example_sensor_decorator.py for tasks to queue
[2026-06-13T10:44:50.619+0000] {logging_mixin.py:188} INFO - [2026-06-13T10:44:50.619+0000] {dagbag.py:545} INFO - Filling up the DagBag from /home/airflow/.local/lib/python3.12/site-packages/airflow/example_dags/example_sensor_decorator.py
[2026-06-13T10:44:50.627+0000] {processor.py:840} INFO - DAG(s) 'example_sensor_decorator' retrieved from /home/airflow/.local/lib/python3.12/site-packages/airflow/example_dags/example_sensor_decorator.py
[2026-06-13T10:44:50.657+0000] {logging_mixin.py:188} INFO - [2026-06-13T10:44:50.656+0000] {dag.py:3096} INFO - Sync 1 DAGs
[2026-06-13T10:44:50.675+0000] {logging_mixin.py:188} INFO - [2026-06-13T10:44:50.674+0000] {dag.py:3954} INFO - Setting next_dagrun for example_sensor_decorator to None, run_after=None
[2026-06-13T10:44:50.712+0000] {processor.py:183} INFO - Processing /home/airflow/.local/lib/python3.12/site-packages/airflow/example_dags/example_sensor_decorator.py took 0.104 seconds
[2026-06-13T10:45:21.492+0000] {processor.py:161} INFO - Started process (PID=424) to work on /home/airflow/.local/lib/python3.12/site-packages/airflow/example_dags/example_sensor_decorator.py
[2026-06-13T10:45:21.493+0000] {processor.py:830} INFO - Processing file /home/airflow/.local/lib/python3.12/site-packages/airflow/example_dags/example_sensor_decorator.py for tasks to queue
[2026-06-13T10:45:21.496+0000] {logging_mixin.py:188} INFO - [2026-06-13T10:45:21.496+0000] {dagbag.py:545} INFO - Filling up the DagBag from /home/airflow/.local/lib/python3.12/site-packages/airflow/example_dags/example_sensor_decorator.py
[2026-06-13T10:45:21.506+0000] {processor.py:840} INFO - DAG(s) 'example_sensor_decorator' retrieved from /home/airflow/.local/lib/python3.12/site-packages/airflow/example_dags/example_sensor_decorator.py
[2026-06-13T10:45:21.538+0000] {logging_mixin.py:188} INFO - [2026-06-13T10:45:21.537+0000] {dag.py:3096} INFO - Sync 1 DAGs
[2026-06-13T10:45:21.554+0000] {logging_mixin.py:188} INFO - [2026-06-13T10:45:21.553+0000] {dag.py:3954} INFO - Setting next_dagrun for example_sensor_decorator to None, run_after=None
[2026-06-13T10:45:21.585+0000] {processor.py:183} INFO - Processing /home/airflow/.local/lib/python3.12/site-packages/airflow/example_dags/example_sensor_decorator.py took 0.100 seconds
[2026-06-13T10:45:51.943+0000] {processor.py:161} INFO - Started process (PID=482) to work on /home/airflow/.local/lib/python3.12/site-packages/airflow/example_dags/example_sensor_decorator.py
[2026-06-13T10:45:51.945+0000] {processor.py:830} INFO - Processing file /home/airflow/.local/lib/python3.12/site-packages/airflow/example_dags/example_sensor_decorator.py for tasks to queue
[2026-06-13T10:45:51.947+0000] {logging_mixin.py:188} INFO - [2026-06-13T10:45:51.947+0000] {dagbag.py:545} INFO - Filling up the DagBag from /home/airflow/.local/lib/python3.12/site-packages/airflow/example_dags/example_sensor_decorator.py
[2026-06-13T10:45:51.954+0000] {processor.py:840} INFO - DAG(s) 'example_sensor_decorator' retrieved from /home/airflow/.local/lib/python3.12/site-packages/airflow/example_dags/example_sensor_decorator.py
[2026-06-13T10:45:51.984+0000] {logging_mixin.py:188} INFO - [2026-06-13T10:45:51.983+0000] {dag.py:3096} INFO - Sync 1 DAGs
[2026-06-13T10:45:52.000+0000] {logging_mixin.py:188} INFO - [2026-06-13T10:45:51.999+0000] {dag.py:3954} INFO - Setting next_dagrun for example_sensor_decorator to None, run_after=None
[2026-06-13T10:45:52.026+0000] {processor.py:183} INFO - Processing /home/airflow/.local/lib/python3.12/site-packages/airflow/example_dags/example_sensor_decorator.py took 0.089 seconds
[2026-06-13T10:46:22.331+0000] {processor.py:161} INFO - Started process (PID=540) to work on /home/airflow/.local/lib/python3.12/site-packages/airflow/example_dags/example_sensor_decorator.py
[2026-06-13T10:46:22.332+0000] {processor.py:830} INFO - Processing file /home/airflow/.local/lib/python3.12/site-packages/airflow/example_dags/example_sensor_decorator.py for tasks to queue
[2026-06-13T10:46:22.335+0000] {logging_mixin.py:188} INFO - [2026-06-13T10:46:22.335+0000] {dagbag.py:545} INFO - Filling up the DagBag from /home/airflow/.local/lib/python3.12/site-packages/airflow/example_dags/example_sensor_decorator.py
[2026-06-13T10:46:22.343+0000] {processor.py:840} INFO - DAG(s) 'example_sensor_decorator' retrieved from /home/airflow/.local/lib/python3.12/site-packages/airflow/example_dags/example_sensor_decorator.py
[2026-06-13T10:46:22.368+0000] {logging_mixin.py:188} INFO - [2026-06-13T10:46:22.368+0000] {dag.py:3096} INFO - Sync 1 DAGs
[2026-06-13T10:46:22.382+0000] {logging_mixin.py:188} INFO - [2026-06-13T10:46:22.382+0000] {dag.py:3954} INFO - Setting next_dagrun for example_sensor_decorator to None, run_after=None
[2026-06-13T10:46:22.410+0000] {processor.py:183} INFO - Processing /home/airflow/.local/lib/python3.12/site-packages/airflow/example_dags/example_sensor_decorator.py took 0.086 seconds
[2026-06-13T10:46:52.586+0000] {processor.py:161} INFO - Started process (PID=598) to work on /home/airflow/.local/lib/python3.12/site-packages/airflow/example_dags/example_sensor_decorator.py
[2026-06-13T10:46:52.587+0000] {processor.py:830} INFO - Processing file /home/airflow/.local/lib/python3.12/site-packages/airflow/example_dags/example_sensor_decorator.py for tasks to queue
[2026-06-13T10:46:52.591+0000] {logging_mixin.py:188} INFO - [2026-06-13T10:46:52.590+0000] {dagbag.py:545} INFO - Filling up the DagBag from /home/airflow/.local/lib/python3.12/site-packages/airflow/example_dags/example_sensor_decorator.py
[2026-06-13T10:46:52.597+0000] {processor.py:840} INFO - DAG(s) 'example_sensor_decorator' retrieved from /home/airflow/.local/lib/python3.12/site-packages/airflow/example_dags/example_sensor_decorator.py
[2026-06-13T10:46:52.621+0000] {logging_mixin.py:188} INFO - [2026-06-13T10:46:52.621+0000] {dag.py:3096} INFO - Sync 1 DAGs
[2026-06-13T10:46:52.636+0000] {logging_mixin.py:188} INFO - [2026-06-13T10:46:52.636+0000] {dag.py:3954} INFO - Setting next_dagrun for example_sensor_decorator to None, run_after=None
[2026-06-13T10:46:52.664+0000] {processor.py:183} INFO - Processing /home/airflow/.local/lib/python3.12/site-packages/airflow/example_dags/example_sensor_decorator.py took 0.084 seconds
[2026-06-13T10:47:22.848+0000] {processor.py:161} INFO - Started process (PID=656) to work on /home/airflow/.local/lib/python3.12/site-packages/airflow/example_dags/example_sensor_decorator.py
[2026-06-13T10:47:22.850+0000] {processor.py:830} INFO - Processing file /home/airflow/.local/lib/python3.12/site-packages/airflow/example_dags/example_sensor_decorator.py for tasks to queue
[2026-06-13T10:47:22.852+0000] {logging_mixin.py:188} INFO - [2026-06-13T10:47:22.852+0000] {dagbag.py:545} INFO - Filling up the DagBag from /home/airflow/.local/lib/python3.12/site-packages/airflow/example_dags/example_sensor_decorator.py
[2026-06-13T10:47:22.859+0000] {processor.py:840} INFO - DAG(s) 'example_sensor_decorator' retrieved from /home/airflow/.local/lib/python3.12/site-packages/airflow/example_dags/example_sensor_decorator.py
[2026-06-13T10:47:22.883+0000] {logging_mixin.py:188} INFO - [2026-06-13T10:47:22.882+0000] {dag.py:3096} INFO - Sync 1 DAGs
[2026-06-13T10:47:22.896+0000] {logging_mixin.py:188} INFO - [2026-06-13T10:47:22.896+0000] {dag.py:3954} INFO - Setting next_dagrun for example_sensor_decorator to None, run_after=None
[2026-06-13T10:47:22.923+0000] {processor.py:183} INFO - Processing /home/airflow/.local/lib/python3.12/site-packages/airflow/example_dags/example_sensor_decorator.py took 0.083 seconds
[2026-06-13T10:47:53.066+0000] {processor.py:161} INFO - Started process (PID=714) to work on /home/airflow/.local/lib/python3.12/site-packages/airflow/example_dags/example_sensor_decorator.py
[2026-06-13T10:47:53.068+0000] {processor.py:830} INFO - Processing file /home/airflow/.local/lib/python3.12/site-packages/airflow/example_dags/example_sensor_decorator.py for tasks to queue
[2026-06-13T10:47:53.070+0000] {logging_mixin.py:188} INFO - [2026-06-13T10:47:53.070+0000] {dagbag.py:545} INFO - Filling up the DagBag from /home/airflow/.local/lib/python3.12/site-packages/airflow/example_dags/example_sensor_decorator.py
[2026-06-13T10:47:53.077+0000] {processor.py:840} INFO - DAG(s) 'example_sensor_decorator' retrieved from /home/airflow/.local/lib/python3.12/site-packages/airflow/example_dags/example_sensor_decorator.py
[2026-06-13T10:47:53.102+0000] {logging_mixin.py:188} INFO - [2026-06-13T10:47:53.102+0000] {dag.py:3096} INFO - Sync 1 DAGs
[2026-06-13T10:47:53.117+0000] {logging_mixin.py:188} INFO - [2026-06-13T10:47:53.117+0000] {dag.py:3954} INFO - Setting next_dagrun for example_sensor_decorator to None, run_after=None
[2026-06-13T10:47:53.144+0000] {processor.py:183} INFO - Processing /home/airflow/.local/lib/python3.12/site-packages/airflow/example_dags/example_sensor_decorator.py took 0.084 seconds
[2026-06-13T10:48:23.269+0000] {processor.py:161} INFO - Started process (PID=772) to work on /home/airflow/.local/lib/python3.12/site-packages/airflow/example_dags/example_sensor_decorator.py
[2026-06-13T10:48:23.270+0000] {processor.py:830} INFO - Processing file /home/airflow/.local/lib/python3.12/site-packages/airflow/example_dags/example_sensor_decorator.py for tasks to queue
[2026-06-13T10:48:23.274+0000] {logging_mixin.py:188} INFO - [2026-06-13T10:48:23.273+0000] {dagbag.py:545} INFO - Filling up the DagBag from /home/airflow/.local/lib/python3.12/site-packages/airflow/example_dags/example_sensor_decorator.py
[2026-06-13T10:48:23.280+0000] {processor.py:840} INFO - DAG(s) 'example_sensor_decorator' retrieved from /home/airflow/.local/lib/python3.12/site-packages/airflow/example_dags/example_sensor_decorator.py
[2026-06-13T10:48:23.306+0000] {logging_mixin.py:188} INFO - [2026-06-13T10:48:23.305+0000] {dag.py:3096} INFO - Sync 1 DAGs
[2026-06-13T10:48:23.319+0000] {logging_mixin.py:188} INFO - [2026-06-13T10:48:23.319+0000] {dag.py:3954} INFO - Setting next_dagrun for example_sensor_decorator to None, run_after=None
[2026-06-13T10:48:23.343+0000] {processor.py:183} INFO - Processing /home/airflow/.local/lib/python3.12/site-packages/airflow/example_dags/example_sensor_decorator.py took 0.081 seconds
[2026-06-13T10:48:53.391+0000] {processor.py:161} INFO - Started process (PID=829) to work on /home/airflow/.local/lib/python3.12/site-packages/airflow/example_dags/example_sensor_decorator.py
[2026-06-13T10:48:53.392+0000] {processor.py:830} INFO - Processing file /home/airflow/.local/lib/python3.12/site-packages/airflow/example_dags/example_sensor_decorator.py for tasks to queue
[2026-06-13T10:48:53.395+0000] {logging_mixin.py:188} INFO - [2026-06-13T10:48:53.395+0000] {dagbag.py:545} INFO - Filling up the DagBag from /home/airflow/.local/lib/python3.12/site-packages/airflow/example_dags/example_sensor_decorator.py
[2026-06-13T10:48:53.404+0000] {processor.py:840} INFO - DAG(s) 'example_sensor_decorator' retrieved from /home/airflow/.local/lib/python3.12/site-packages/airflow/example_dags/example_sensor_decorator.py
[2026-06-13T10:48:53.437+0000] {logging_mixin.py:188} INFO - [2026-06-13T10:48:53.437+0000] {dag.py:3096} INFO - Sync 1 DAGs
[2026-06-13T10:48:53.456+0000] {logging_mixin.py:188} INFO - [2026-06-13T10:48:53.456+0000] {dag.py:3954} INFO - Setting next_dagrun for example_sensor_decorator to None, run_after=None
[2026-06-13T10:48:53.486+0000] {processor.py:183} INFO - Processing /home/airflow/.local/lib/python3.12/site-packages/airflow/example_dags/example_sensor_decorator.py took 0.102 seconds
[2026-06-13T10:49:23.576+0000] {processor.py:161} INFO - Started process (PID=886) to work on /home/airflow/.local/lib/python3.12/site-packages/airflow/example_dags/example_sensor_decorator.py
[2026-06-13T10:49:23.577+0000] {processor.py:830} INFO - Processing file /home/airflow/.local/lib/python3.12/site-packages/airflow/example_dags/example_sensor_decorator.py for tasks to queue
[2026-06-13T10:49:23.580+0000] {logging_mixin.py:188} INFO - [2026-06-13T10:49:23.580+0000] {dagbag.py:545} INFO - Filling up the DagBag from /home/airflow/.local/lib/python3.12/site-packages/airflow/example_dags/example_sensor_decorator.py
[2026-06-13T10:49:23.588+0000] {processor.py:840} INFO - DAG(s) 'example_sensor_decorator' retrieved from /home/airflow/.local/lib/python3.12/site-packages/airflow/example_dags/example_sensor_decorator.py
[2026-06-13T10:49:23.614+0000] {logging_mixin.py:188} INFO - [2026-06-13T10:49:23.613+0000] {dag.py:3096} INFO - Sync 1 DAGs
[2026-06-13T10:49:23.627+0000] {logging_mixin.py:188} INFO - [2026-06-13T10:49:23.627+0000] {dag.py:3954} INFO - Setting next_dagrun for example_sensor_decorator to None, run_after=None
[2026-06-13T10:49:23.653+0000] {processor.py:183} INFO - Processing /home/airflow/.local/lib/python3.12/site-packages/airflow/example_dags/example_sensor_decorator.py took 0.084 seconds
[2026-06-13T10:49:53.931+0000] {processor.py:161} INFO - Started process (PID=945) to work on /home/airflow/.local/lib/python3.12/site-packages/airflow/example_dags/example_sensor_decorator.py
[2026-06-13T10:49:53.933+0000] {processor.py:830} INFO - Processing file /home/airflow/.local/lib/python3.12/site-packages/airflow/example_dags/example_sensor_decorator.py for tasks to queue
[2026-06-13T10:49:53.937+0000] {logging_mixin.py:188} INFO - [2026-06-13T10:49:53.937+0000] {dagbag.py:545} INFO - Filling up the DagBag from /home/airflow/.local/lib/python3.12/site-packages/airflow/example_dags/example_sensor_decorator.py
[2026-06-13T10:49:53.945+0000] {processor.py:840} INFO - DAG(s) 'example_sensor_decorator' retrieved from /home/airflow/.local/lib/python3.12/site-packages/airflow/example_dags/example_sensor_decorator.py
[2026-06-13T10:49:53.972+0000] {logging_mixin.py:188} INFO - [2026-06-13T10:49:53.972+0000] {dag.py:3096} INFO - Sync 1 DAGs
[2026-06-13T10:49:53.986+0000] {logging_mixin.py:188} INFO - [2026-06-13T10:49:53.986+0000] {dag.py:3954} INFO - Setting next_dagrun for example_sensor_decorator to None, run_after=None
[2026-06-13T10:49:54.015+0000] {processor.py:183} INFO - Processing /home/airflow/.local/lib/python3.12/site-packages/airflow/example_dags/example_sensor_decorator.py took 0.090 seconds
[2026-06-13T10:50:24.190+0000] {processor.py:161} INFO - Started process (PID=1003) to work on /home/airflow/.local/lib/python3.12/site-packages/airflow/example_dags/example_sensor_decorator.py
[2026-06-13T10:50:24.192+0000] {processor.py:830} INFO - Processing file /home/airflow/.local/lib/python3.12/site-packages/airflow/example_dags/example_sensor_decorator.py for tasks to queue
[2026-06-13T10:50:24.195+0000] {logging_mixin.py:188} INFO - [2026-06-13T10:50:24.195+0000] {dagbag.py:545} INFO - Filling up the DagBag from /home/airflow/.local/lib/python3.12/site-packages/airflow/example_dags/example_sensor_decorator.py
[2026-06-13T10:50:24.202+0000] {processor.py:840} INFO - DAG(s) 'example_sensor_decorator' retrieved from /home/airflow/.local/lib/python3.12/site-packages/airflow/example_dags/example_sensor_decorator.py
[2026-06-13T10:50:24.228+0000] {logging_mixin.py:188} INFO - [2026-06-13T10:50:24.227+0000] {dag.py:3096} INFO - Sync 1 DAGs
[2026-06-13T10:50:24.241+0000] {logging_mixin.py:188} INFO - [2026-06-13T10:50:24.241+0000] {dag.py:3954} INFO - Setting next_dagrun for example_sensor_decorator to None, run_after=None
[2026-06-13T10:50:24.269+0000] {processor.py:183} INFO - Processing /home/airflow/.local/lib/python3.12/site-packages/airflow/example_dags/example_sensor_decorator.py took 0.084 seconds
[2026-06-13T10:50:54.576+0000] {processor.py:161} INFO - Started process (PID=1061) to work on /home/airflow/.local/lib/python3.12/site-packages/airflow/example_dags/example_sensor_decorator.py
[2026-06-13T10:50:54.578+0000] {processor.py:830} INFO - Processing file /home/airflow/.local/lib/python3.12/site-packages/airflow/example_dags/example_sensor_decorator.py for tasks to queue
[2026-06-13T10:50:54.580+0000] {logging_mixin.py:188} INFO - [2026-06-13T10:50:54.580+0000] {dagbag.py:545} INFO - Filling up the DagBag from /home/airflow/.local/lib/python3.12/site-packages/airflow/example_dags/example_sensor_decorator.py
[2026-06-13T10:50:54.587+0000] {processor.py:840} INFO - DAG(s) 'example_sensor_decorator' retrieved from /home/airflow/.local/lib/python3.12/site-packages/airflow/example_dags/example_sensor_decorator.py
[2026-06-13T10:50:54.612+0000] {logging_mixin.py:188} INFO - [2026-06-13T10:50:54.612+0000] {dag.py:3096} INFO - Sync 1 DAGs
[2026-06-13T10:50:54.627+0000] {logging_mixin.py:188} INFO - [2026-06-13T10:50:54.627+0000] {dag.py:3954} INFO - Setting next_dagrun for example_sensor_decorator to None, run_after=None
[2026-06-13T10:50:54.651+0000] {processor.py:183} INFO - Processing /home/airflow/.local/lib/python3.12/site-packages/airflow/example_dags/example_sensor_decorator.py took 0.081 seconds
[2026-06-13T10:51:24.882+0000] {processor.py:161} INFO - Started process (PID=1119) to work on /home/airflow/.local/lib/python3.12/site-packages/airflow/example_dags/example_sensor_decorator.py
[2026-06-13T10:51:24.883+0000] {processor.py:830} INFO - Processing file /home/airflow/.local/lib/python3.12/site-packages/airflow/example_dags/example_sensor_decorator.py for tasks to queue
[2026-06-13T10:51:24.886+0000] {logging_mixin.py:188} INFO - [2026-06-13T10:51:24.886+0000] {dagbag.py:545} INFO - Filling up the DagBag from /home/airflow/.local/lib/python3.12/site-packages/airflow/example_dags/example_sensor_decorator.py
[2026-06-13T10:51:24.893+0000] {processor.py:840} INFO - DAG(s) 'example_sensor_decorator' retrieved from /home/airflow/.local/lib/python3.12/site-packages/airflow/example_dags/example_sensor_decorator.py
[2026-06-13T10:51:24.919+0000] {logging_mixin.py:188} INFO - [2026-06-13T10:51:24.918+0000] {dag.py:3096} INFO - Sync 1 DAGs
[2026-06-13T10:51:24.933+0000] {logging_mixin.py:188} INFO - [2026-06-13T10:51:24.932+0000] {dag.py:3954} INFO - Setting next_dagrun for example_sensor_decorator to None, run_after=None
[2026-06-13T10:51:24.960+0000] {processor.py:183} INFO - Processing /home/airflow/.local/lib/python3.12/site-packages/airflow/example_dags/example_sensor_decorator.py took 0.085 seconds
[2026-06-13T10:51:55.131+0000] {processor.py:161} INFO - Started process (PID=1177) to work on /home/airflow/.local/lib/python3.12/site-packages/airflow/example_dags/example_sensor_decorator.py
[2026-06-13T10:51:55.133+0000] {processor.py:830} INFO - Processing file /home/airflow/.local/lib/python3.12/site-packages/airflow/example_dags/example_sensor_decorator.py for tasks to queue
[2026-06-13T10:51:55.136+0000] {logging_mixin.py:188} INFO - [2026-06-13T10:51:55.136+0000] {dagbag.py:545} INFO - Filling up the DagBag from /home/airflow/.local/lib/python3.12/site-packages/airflow/example_dags/example_sensor_decorator.py
[2026-06-13T10:51:55.144+0000] {processor.py:840} INFO - DAG(s) 'example_sensor_decorator' retrieved from /home/airflow/.local/lib/python3.12/site-packages/airflow/example_dags/example_sensor_decorator.py
[2026-06-13T10:51:55.170+0000] {logging_mixin.py:188} INFO - [2026-06-13T10:51:55.170+0000] {dag.py:3096} INFO - Sync 1 DAGs
[2026-06-13T10:51:55.186+0000] {logging_mixin.py:188} INFO - [2026-06-13T10:51:55.186+0000] {dag.py:3954} INFO - Setting next_dagrun for example_sensor_decorator to None, run_after=None
[2026-06-13T10:51:55.212+0000] {processor.py:183} INFO - Processing /home/airflow/.local/lib/python3.12/site-packages/airflow/example_dags/example_sensor_decorator.py took 0.088 seconds
[2026-06-13T10:52:25.378+0000] {processor.py:161} INFO - Started process (PID=1235) to work on /home/airflow/.local/lib/python3.12/site-packages/airflow/example_dags/example_sensor_decorator.py
[2026-06-13T10:52:25.380+0000] {processor.py:830} INFO - Processing file /home/airflow/.local/lib/python3.12/site-packages/airflow/example_dags/example_sensor_decorator.py for tasks to queue
[2026-06-13T10:52:25.382+0000] {logging_mixin.py:188} INFO - [2026-06-13T10:52:25.382+0000] {dagbag.py:545} INFO - Filling up the DagBag from /home/airflow/.local/lib/python3.12/site-packages/airflow/example_dags/example_sensor_decorator.py
[2026-06-13T10:52:25.391+0000] {processor.py:840} INFO - DAG(s) 'example_sensor_decorator' retrieved from /home/airflow/.local/lib/python3.12/site-packages/airflow/example_dags/example_sensor_decorator.py
[2026-06-13T10:52:25.420+0000] {logging_mixin.py:188} INFO - [2026-06-13T10:52:25.419+0000] {dag.py:3096} INFO - Sync 1 DAGs
[2026-06-13T10:52:25.435+0000] {logging_mixin.py:188} INFO - [2026-06-13T10:52:25.435+0000] {dag.py:3954} INFO - Setting next_dagrun for example_sensor_decorator to None, run_after=None
[2026-06-13T10:52:25.464+0000] {processor.py:183} INFO - Processing /home/airflow/.local/lib/python3.12/site-packages/airflow/example_dags/example_sensor_decorator.py took 0.092 seconds
[2026-06-13T10:52:55.562+0000] {processor.py:161} INFO - Started process (PID=1293) to work on /home/airflow/.local/lib/python3.12/site-packages/airflow/example_dags/example_sensor_decorator.py
[2026-06-13T10:52:55.564+0000] {processor.py:830} INFO - Processing file /home/airflow/.local/lib/python3.12/site-packages/airflow/example_dags/example_sensor_decorator.py for tasks to queue
[2026-06-13T10:52:55.567+0000] {logging_mixin.py:188} INFO - [2026-06-13T10:52:55.566+0000] {dagbag.py:545} INFO - Filling up the DagBag from /home/airflow/.local/lib/python3.12/site-packages/airflow/example_dags/example_sensor_decorator.py
[2026-06-13T10:52:55.573+0000] {processor.py:840} INFO - DAG(s) 'example_sensor_decorator' retrieved from /home/airflow/.local/lib/python3.12/site-packages/airflow/example_dags/example_sensor_decorator.py
[2026-06-13T10:52:55.599+0000] {logging_mixin.py:188} INFO - [2026-06-13T10:52:55.599+0000] {dag.py:3096} INFO - Sync 1 DAGs
[2026-06-13T10:52:55.613+0000] {logging_mixin.py:188} INFO - [2026-06-13T10:52:55.613+0000] {dag.py:3954} INFO - Setting next_dagrun for example_sensor_decorator to None, run_after=None
[2026-06-13T10:52:55.638+0000] {processor.py:183} INFO - Processing /home/airflow/.local/lib/python3.12/site-packages/airflow/example_dags/example_sensor_decorator.py took 0.082 seconds
[2026-06-13T10:53:26.161+0000] {processor.py:161} INFO - Started process (PID=1352) to work on /home/airflow/.local/lib/python3.12/site-packages/airflow/example_dags/example_sensor_decorator.py
[2026-06-13T10:53:26.163+0000] {processor.py:830} INFO - Processing file /home/airflow/.local/lib/python3.12/site-packages/airflow/example_dags/example_sensor_decorator.py for tasks to queue
[2026-06-13T10:53:26.165+0000] {logging_mixin.py:188} INFO - [2026-06-13T10:53:26.165+0000] {dagbag.py:545} INFO - Filling up the DagBag from /home/airflow/.local/lib/python3.12/site-packages/airflow/example_dags/example_sensor_decorator.py
[2026-06-13T10:53:26.173+0000] {processor.py:840} INFO - DAG(s) 'example_sensor_decorator' retrieved from /home/airflow/.local/lib/python3.12/site-packages/airflow/example_dags/example_sensor_decorator.py
[2026-06-13T10:53:26.197+0000] {logging_mixin.py:188} INFO - [2026-06-13T10:53:26.197+0000] {dag.py:3096} INFO - Sync 1 DAGs
[2026-06-13T10:53:26.211+0000] {logging_mixin.py:188} INFO - [2026-06-13T10:53:26.211+0000] {dag.py:3954} INFO - Setting next_dagrun for example_sensor_decorator to None, run_after=None
[2026-06-13T10:53:26.237+0000] {processor.py:183} INFO - Processing /home/airflow/.local/lib/python3.12/site-packages/airflow/example_dags/example_sensor_decorator.py took 0.083 seconds
[2026-06-13T10:53:56.658+0000] {processor.py:161} INFO - Started process (PID=1410) to work on /home/airflow/.local/lib/python3.12/site-packages/airflow/example_dags/example_sensor_decorator.py
[2026-06-13T10:53:56.660+0000] {processor.py:830} INFO - Processing file /home/airflow/.local/lib/python3.12/site-packages/airflow/example_dags/example_sensor_decorator.py for tasks to queue
[2026-06-13T10:53:56.663+0000] {logging_mixin.py:188} INFO - [2026-06-13T10:53:56.662+0000] {dagbag.py:545} INFO - Filling up the DagBag from /home/airflow/.local/lib/python3.12/site-packages/airflow/example_dags/example_sensor_decorator.py
[2026-06-13T10:53:56.671+0000] {processor.py:840} INFO - DAG(s) 'example_sensor_decorator' retrieved from /home/airflow/.local/lib/python3.12/site-packages/airflow/example_dags/example_sensor_decorator.py
[2026-06-13T10:53:56.697+0000] {logging_mixin.py:188} INFO - [2026-06-13T10:53:56.697+0000] {dag.py:3096} INFO - Sync 1 DAGs
[2026-06-13T10:53:56.711+0000] {logging_mixin.py:188} INFO - [2026-06-13T10:53:56.711+0000] {dag.py:3954} INFO - Setting next_dagrun for example_sensor_decorator to None, run_after=None
[2026-06-13T10:53:56.741+0000] {processor.py:183} INFO - Processing /home/airflow/.local/lib/python3.12/site-packages/airflow/example_dags/example_sensor_decorator.py took 0.089 seconds
[2026-06-13T10:54:26.947+0000] {processor.py:161} INFO - Started process (PID=1468) to work on /home/airflow/.local/lib/python3.12/site-packages/airflow/example_dags/example_sensor_decorator.py
[2026-06-13T10:54:26.949+0000] {processor.py:830} INFO - Processing file /home/airflow/.local/lib/python3.12/site-packages/airflow/example_dags/example_sensor_decorator.py for tasks to queue
[2026-06-13T10:54:26.952+0000] {logging_mixin.py:188} INFO - [2026-06-13T10:54:26.951+0000] {dagbag.py:545} INFO - Filling up the DagBag from /home/airflow/.local/lib/python3.12/site-packages/airflow/example_dags/example_sensor_decorator.py
[2026-06-13T10:54:26.959+0000] {processor.py:840} INFO - DAG(s) 'example_sensor_decorator' retrieved from /home/airflow/.local/lib/python3.12/site-packages/airflow/example_dags/example_sensor_decorator.py
[2026-06-13T10:54:26.985+0000] {logging_mixin.py:188} INFO - [2026-06-13T10:54:26.984+0000] {dag.py:3096} INFO - Sync 1 DAGs
[2026-06-13T10:54:27.001+0000] {logging_mixin.py:188} INFO - [2026-06-13T10:54:27.001+0000] {dag.py:3954} INFO - Setting next_dagrun for example_sensor_decorator to None, run_after=None
[2026-06-13T10:54:27.030+0000] {processor.py:183} INFO - Processing /home/airflow/.local/lib/python3.12/site-packages/airflow/example_dags/example_sensor_decorator.py took 0.089 seconds
[2026-06-13T10:54:57.301+0000] {processor.py:161} INFO - Started process (PID=1526) to work on /home/airflow/.local/lib/python3.12/site-packages/airflow/example_dags/example_sensor_decorator.py
[2026-06-13T10:54:57.303+0000] {processor.py:830} INFO - Processing file /home/airflow/.local/lib/python3.12/site-packages/airflow/example_dags/example_sensor_decorator.py for tasks to queue
[2026-06-13T10:54:57.307+0000] {logging_mixin.py:188} INFO - [2026-06-13T10:54:57.307+0000] {dagbag.py:545} INFO - Filling up the DagBag from /home/airflow/.local/lib/python3.12/site-packages/airflow/example_dags/example_sensor_decorator.py
[2026-06-13T10:54:57.314+0000] {processor.py:840} INFO - DAG(s) 'example_sensor_decorator' retrieved from /home/airflow/.local/lib/python3.12/site-packages/airflow/example_dags/example_sensor_decorator.py
[2026-06-13T10:54:57.341+0000] {logging_mixin.py:188} INFO - [2026-06-13T10:54:57.341+0000] {dag.py:3096} INFO - Sync 1 DAGs
[2026-06-13T10:54:57.356+0000] {logging_mixin.py:188} INFO - [2026-06-13T10:54:57.356+0000] {dag.py:3954} INFO - Setting next_dagrun for example_sensor_decorator to None, run_after=None
[2026-06-13T10:54:57.388+0000] {processor.py:183} INFO - Processing /home/airflow/.local/lib/python3.12/site-packages/airflow/example_dags/example_sensor_decorator.py took 0.093 seconds
[2026-06-13T10:55:54.744+0000] {processor.py:161} INFO - Started process (PID=71) to work on /home/airflow/.local/lib/python3.12/site-packages/airflow/example_dags/example_sensor_decorator.py
[2026-06-13T10:55:54.746+0000] {processor.py:830} INFO - Processing file /home/airflow/.local/lib/python3.12/site-packages/airflow/example_dags/example_sensor_decorator.py for tasks to queue
[2026-06-13T10:55:54.750+0000] {logging_mixin.py:188} INFO - [2026-06-13T10:55:54.750+0000] {dagbag.py:545} INFO - Filling up the DagBag from /home/airflow/.local/lib/python3.12/site-packages/airflow/example_dags/example_sensor_decorator.py
[2026-06-13T10:55:54.764+0000] {processor.py:840} INFO - DAG(s) 'example_sensor_decorator' retrieved from /home/airflow/.local/lib/python3.12/site-packages/airflow/example_dags/example_sensor_decorator.py
[2026-06-13T10:55:54.786+0000] {logging_mixin.py:188} INFO - [2026-06-13T10:55:54.786+0000] {dag.py:3096} INFO - Sync 1 DAGs
[2026-06-13T10:55:54.811+0000] {logging_mixin.py:188} INFO - [2026-06-13T10:55:54.811+0000] {dag.py:3954} INFO - Setting next_dagrun for example_sensor_decorator to None, run_after=None
[2026-06-13T10:55:54.846+0000] {processor.py:183} INFO - Processing /home/airflow/.local/lib/python3.12/site-packages/airflow/example_dags/example_sensor_decorator.py took 0.114 seconds
[2026-06-13T10:56:25.329+0000] {processor.py:161} INFO - Started process (PID=130) to work on /home/airflow/.local/lib/python3.12/site-packages/airflow/example_dags/example_sensor_decorator.py
[2026-06-13T10:56:25.330+0000] {processor.py:830} INFO - Processing file /home/airflow/.local/lib/python3.12/site-packages/airflow/example_dags/example_sensor_decorator.py for tasks to queue
[2026-06-13T10:56:25.332+0000] {logging_mixin.py:188} INFO - [2026-06-13T10:56:25.332+0000] {dagbag.py:545} INFO - Filling up the DagBag from /home/airflow/.local/lib/python3.12/site-packages/airflow/example_dags/example_sensor_decorator.py
[2026-06-13T10:56:25.340+0000] {processor.py:840} INFO - DAG(s) 'example_sensor_decorator' retrieved from /home/airflow/.local/lib/python3.12/site-packages/airflow/example_dags/example_sensor_decorator.py
[2026-06-13T10:56:25.458+0000] {logging_mixin.py:188} INFO - [2026-06-13T10:56:25.458+0000] {dag.py:3096} INFO - Sync 1 DAGs
[2026-06-13T10:56:25.470+0000] {logging_mixin.py:188} INFO - [2026-06-13T10:56:25.470+0000] {dag.py:3954} INFO - Setting next_dagrun for example_sensor_decorator to None, run_after=None
[2026-06-13T10:56:25.499+0000] {processor.py:183} INFO - Processing /home/airflow/.local/lib/python3.12/site-packages/airflow/example_dags/example_sensor_decorator.py took 0.177 seconds
[2026-06-13T10:56:55.599+0000] {processor.py:161} INFO - Started process (PID=189) to work on /home/airflow/.local/lib/python3.12/site-packages/airflow/example_dags/example_sensor_decorator.py
[2026-06-13T10:56:55.601+0000] {processor.py:830} INFO - Processing file /home/airflow/.local/lib/python3.12/site-packages/airflow/example_dags/example_sensor_decorator.py for tasks to queue
[2026-06-13T10:56:55.604+0000] {logging_mixin.py:188} INFO - [2026-06-13T10:56:55.603+0000] {dagbag.py:545} INFO - Filling up the DagBag from /home/airflow/.local/lib/python3.12/site-packages/airflow/example_dags/example_sensor_decorator.py
[2026-06-13T10:56:55.612+0000] {processor.py:840} INFO - DAG(s) 'example_sensor_decorator' retrieved from /home/airflow/.local/lib/python3.12/site-packages/airflow/example_dags/example_sensor_decorator.py
[2026-06-13T10:56:55.629+0000] {logging_mixin.py:188} INFO - [2026-06-13T10:56:55.629+0000] {dag.py:3096} INFO - Sync 1 DAGs
[2026-06-13T10:56:55.649+0000] {logging_mixin.py:188} INFO - [2026-06-13T10:56:55.649+0000] {dag.py:3954} INFO - Setting next_dagrun for example_sensor_decorator to None, run_after=None
[2026-06-13T10:56:55.688+0000] {processor.py:183} INFO - Processing /home/airflow/.local/lib/python3.12/site-packages/airflow/example_dags/example_sensor_decorator.py took 0.095 seconds
[2026-06-13T10:57:26.722+0000] {processor.py:161} INFO - Started process (PID=248) to work on /home/airflow/.local/lib/python3.12/site-packages/airflow/example_dags/example_sensor_decorator.py
[2026-06-13T10:57:26.724+0000] {processor.py:830} INFO - Processing file /home/airflow/.local/lib/python3.12/site-packages/airflow/example_dags/example_sensor_decorator.py for tasks to queue
[2026-06-13T10:57:26.727+0000] {logging_mixin.py:188} INFO - [2026-06-13T10:57:26.727+0000] {dagbag.py:545} INFO - Filling up the DagBag from /home/airflow/.local/lib/python3.12/site-packages/airflow/example_dags/example_sensor_decorator.py
[2026-06-13T10:57:26.735+0000] {processor.py:840} INFO - DAG(s) 'example_sensor_decorator' retrieved from /home/airflow/.local/lib/python3.12/site-packages/airflow/example_dags/example_sensor_decorator.py
[2026-06-13T10:57:26.858+0000] {logging_mixin.py:188} INFO - [2026-06-13T10:57:26.858+0000] {dag.py:3096} INFO - Sync 1 DAGs
[2026-06-13T10:57:26.870+0000] {logging_mixin.py:188} INFO - [2026-06-13T10:57:26.870+0000] {dag.py:3954} INFO - Setting next_dagrun for example_sensor_decorator to None, run_after=None
[2026-06-13T10:57:26.902+0000] {processor.py:183} INFO - Processing /home/airflow/.local/lib/python3.12/site-packages/airflow/example_dags/example_sensor_decorator.py took 0.186 seconds
[2026-06-13T10:57:57.356+0000] {processor.py:161} INFO - Started process (PID=308) to work on /home/airflow/.local/lib/python3.12/site-packages/airflow/example_dags/example_sensor_decorator.py
[2026-06-13T10:57:57.358+0000] {processor.py:830} INFO - Processing file /home/airflow/.local/lib/python3.12/site-packages/airflow/example_dags/example_sensor_decorator.py for tasks to queue
[2026-06-13T10:57:57.360+0000] {logging_mixin.py:188} INFO - [2026-06-13T10:57:57.360+0000] {dagbag.py:545} INFO - Filling up the DagBag from /home/airflow/.local/lib/python3.12/site-packages/airflow/example_dags/example_sensor_decorator.py
[2026-06-13T10:57:57.370+0000] {processor.py:840} INFO - DAG(s) 'example_sensor_decorator' retrieved from /home/airflow/.local/lib/python3.12/site-packages/airflow/example_dags/example_sensor_decorator.py
[2026-06-13T10:57:57.395+0000] {logging_mixin.py:188} INFO - [2026-06-13T10:57:57.394+0000] {dag.py:3096} INFO - Sync 1 DAGs
[2026-06-13T10:57:57.409+0000] {logging_mixin.py:188} INFO - [2026-06-13T10:57:57.408+0000] {dag.py:3954} INFO - Setting next_dagrun for example_sensor_decorator to None, run_after=None
[2026-06-13T10:57:57.435+0000] {processor.py:183} INFO - Processing /home/airflow/.local/lib/python3.12/site-packages/airflow/example_dags/example_sensor_decorator.py took 0.087 seconds
[2026-06-13T10:58:27.759+0000] {processor.py:161} INFO - Started process (PID=367) to work on /home/airflow/.local/lib/python3.12/site-packages/airflow/example_dags/example_sensor_decorator.py
[2026-06-13T10:58:27.761+0000] {processor.py:830} INFO - Processing file /home/airflow/.local/lib/python3.12/site-packages/airflow/example_dags/example_sensor_decorator.py for tasks to queue
[2026-06-13T10:58:27.764+0000] {logging_mixin.py:188} INFO - [2026-06-13T10:58:27.763+0000] {dagbag.py:545} INFO - Filling up the DagBag from /home/airflow/.local/lib/python3.12/site-packages/airflow/example_dags/example_sensor_decorator.py
[2026-06-13T10:58:27.772+0000] {processor.py:840} INFO - DAG(s) 'example_sensor_decorator' retrieved from /home/airflow/.local/lib/python3.12/site-packages/airflow/example_dags/example_sensor_decorator.py
[2026-06-13T10:58:27.800+0000] {logging_mixin.py:188} INFO - [2026-06-13T10:58:27.800+0000] {dag.py:3096} INFO - Sync 1 DAGs
[2026-06-13T10:58:27.816+0000] {logging_mixin.py:188} INFO - [2026-06-13T10:58:27.816+0000] {dag.py:3954} INFO - Setting next_dagrun for example_sensor_decorator to None, run_after=None
[2026-06-13T10:58:27.844+0000] {processor.py:183} INFO - Processing /home/airflow/.local/lib/python3.12/site-packages/airflow/example_dags/example_sensor_decorator.py took 0.091 seconds
[2026-06-13T10:58:58.654+0000] {processor.py:161} INFO - Started process (PID=432) to work on /home/airflow/.local/lib/python3.12/site-packages/airflow/example_dags/example_sensor_decorator.py
[2026-06-13T10:58:58.656+0000] {processor.py:830} INFO - Processing file /home/airflow/.local/lib/python3.12/site-packages/airflow/example_dags/example_sensor_decorator.py for tasks to queue
[2026-06-13T10:58:58.659+0000] {logging_mixin.py:188} INFO - [2026-06-13T10:58:58.658+0000] {dagbag.py:545} INFO - Filling up the DagBag from /home/airflow/.local/lib/python3.12/site-packages/airflow/example_dags/example_sensor_decorator.py
[2026-06-13T10:58:58.666+0000] {processor.py:840} INFO - DAG(s) 'example_sensor_decorator' retrieved from /home/airflow/.local/lib/python3.12/site-packages/airflow/example_dags/example_sensor_decorator.py
[2026-06-13T10:58:58.692+0000] {logging_mixin.py:188} INFO - [2026-06-13T10:58:58.691+0000] {dag.py:3096} INFO - Sync 1 DAGs
[2026-06-13T10:58:58.707+0000] {logging_mixin.py:188} INFO - [2026-06-13T10:58:58.707+0000] {dag.py:3954} INFO - Setting next_dagrun for example_sensor_decorator to None, run_after=None
[2026-06-13T10:58:58.735+0000] {processor.py:183} INFO - Processing /home/airflow/.local/lib/python3.12/site-packages/airflow/example_dags/example_sensor_decorator.py took 0.087 seconds
[2026-06-13T10:59:28.934+0000] {processor.py:161} INFO - Started process (PID=491) to work on /home/airflow/.local/lib/python3.12/site-packages/airflow/example_dags/example_sensor_decorator.py
[2026-06-13T10:59:28.936+0000] {processor.py:830} INFO - Processing file /home/airflow/.local/lib/python3.12/site-packages/airflow/example_dags/example_sensor_decorator.py for tasks to queue
[2026-06-13T10:59:28.938+0000] {logging_mixin.py:188} INFO - [2026-06-13T10:59:28.938+0000] {dagbag.py:545} INFO - Filling up the DagBag from /home/airflow/.local/lib/python3.12/site-packages/airflow/example_dags/example_sensor_decorator.py
[2026-06-13T10:59:28.945+0000] {processor.py:840} INFO - DAG(s) 'example_sensor_decorator' retrieved from /home/airflow/.local/lib/python3.12/site-packages/airflow/example_dags/example_sensor_decorator.py
[2026-06-13T10:59:28.971+0000] {logging_mixin.py:188} INFO - [2026-06-13T10:59:28.971+0000] {dag.py:3096} INFO - Sync 1 DAGs
[2026-06-13T10:59:28.985+0000] {logging_mixin.py:188} INFO - [2026-06-13T10:59:28.985+0000] {dag.py:3954} INFO - Setting next_dagrun for example_sensor_decorator to None, run_after=None
[2026-06-13T10:59:29.012+0000] {processor.py:183} INFO - Processing /home/airflow/.local/lib/python3.12/site-packages/airflow/example_dags/example_sensor_decorator.py took 0.084 seconds
[2026-06-13T10:59:59.103+0000] {processor.py:161} INFO - Started process (PID=550) to work on /home/airflow/.local/lib/python3.12/site-packages/airflow/example_dags/example_sensor_decorator.py
[2026-06-13T10:59:59.105+0000] {processor.py:830} INFO - Processing file /home/airflow/.local/lib/python3.12/site-packages/airflow/example_dags/example_sensor_decorator.py for tasks to queue
[2026-06-13T10:59:59.107+0000] {logging_mixin.py:188} INFO - [2026-06-13T10:59:59.107+0000] {dagbag.py:545} INFO - Filling up the DagBag from /home/airflow/.local/lib/python3.12/site-packages/airflow/example_dags/example_sensor_decorator.py
[2026-06-13T10:59:59.114+0000] {processor.py:840} INFO - DAG(s) 'example_sensor_decorator' retrieved from /home/airflow/.local/lib/python3.12/site-packages/airflow/example_dags/example_sensor_decorator.py
[2026-06-13T10:59:59.138+0000] {logging_mixin.py:188} INFO - [2026-06-13T10:59:59.138+0000] {dag.py:3096} INFO - Sync 1 DAGs
[2026-06-13T10:59:59.153+0000] {logging_mixin.py:188} INFO - [2026-06-13T10:59:59.153+0000] {dag.py:3954} INFO - Setting next_dagrun for example_sensor_decorator to None, run_after=None
[2026-06-13T10:59:59.182+0000] {processor.py:183} INFO - Processing /home/airflow/.local/lib/python3.12/site-packages/airflow/example_dags/example_sensor_decorator.py took 0.085 seconds
[2026-06-13T11:00:29.380+0000] {processor.py:161} INFO - Started process (PID=608) to work on /home/airflow/.local/lib/python3.12/site-packages/airflow/example_dags/example_sensor_decorator.py
[2026-06-13T11:00:29.382+0000] {processor.py:830} INFO - Processing file /home/airflow/.local/lib/python3.12/site-packages/airflow/example_dags/example_sensor_decorator.py for tasks to queue
[2026-06-13T11:00:29.385+0000] {logging_mixin.py:188} INFO - [2026-06-13T11:00:29.385+0000] {dagbag.py:545} INFO - Filling up the DagBag from /home/airflow/.local/lib/python3.12/site-packages/airflow/example_dags/example_sensor_decorator.py
[2026-06-13T11:00:29.392+0000] {processor.py:840} INFO - DAG(s) 'example_sensor_decorator' retrieved from /home/airflow/.local/lib/python3.12/site-packages/airflow/example_dags/example_sensor_decorator.py
[2026-06-13T11:00:29.418+0000] {logging_mixin.py:188} INFO - [2026-06-13T11:00:29.418+0000] {dag.py:3096} INFO - Sync 1 DAGs
[2026-06-13T11:00:29.433+0000] {logging_mixin.py:188} INFO - [2026-06-13T11:00:29.433+0000] {dag.py:3954} INFO - Setting next_dagrun for example_sensor_decorator to None, run_after=None
[2026-06-13T11:00:29.464+0000] {processor.py:183} INFO - Processing /home/airflow/.local/lib/python3.12/site-packages/airflow/example_dags/example_sensor_decorator.py took 0.090 seconds
[2026-06-13T11:00:59.736+0000] {processor.py:161} INFO - Started process (PID=667) to work on /home/airflow/.local/lib/python3.12/site-packages/airflow/example_dags/example_sensor_decorator.py
[2026-06-13T11:00:59.738+0000] {processor.py:830} INFO - Processing file /home/airflow/.local/lib/python3.12/site-packages/airflow/example_dags/example_sensor_decorator.py for tasks to queue
[2026-06-13T11:00:59.740+0000] {logging_mixin.py:188} INFO - [2026-06-13T11:00:59.740+0000] {dagbag.py:545} INFO - Filling up the DagBag from /home/airflow/.local/lib/python3.12/site-packages/airflow/example_dags/example_sensor_decorator.py
[2026-06-13T11:00:59.748+0000] {processor.py:840} INFO - DAG(s) 'example_sensor_decorator' retrieved from /home/airflow/.local/lib/python3.12/site-packages/airflow/example_dags/example_sensor_decorator.py
[2026-06-13T11:00:59.772+0000] {logging_mixin.py:188} INFO - [2026-06-13T11:00:59.772+0000] {dag.py:3096} INFO - Sync 1 DAGs
[2026-06-13T11:00:59.785+0000] {logging_mixin.py:188} INFO - [2026-06-13T11:00:59.785+0000] {dag.py:3954} INFO - Setting next_dagrun for example_sensor_decorator to None, run_after=None
[2026-06-13T11:00:59.811+0000] {processor.py:183} INFO - Processing /home/airflow/.local/lib/python3.12/site-packages/airflow/example_dags/example_sensor_decorator.py took 0.081 seconds
[2026-06-13T11:01:30.237+0000] {processor.py:161} INFO - Started process (PID=726) to work on /home/airflow/.local/lib/python3.12/site-packages/airflow/example_dags/example_sensor_decorator.py
[2026-06-13T11:01:30.241+0000] {processor.py:830} INFO - Processing file /home/airflow/.local/lib/python3.12/site-packages/airflow/example_dags/example_sensor_decorator.py for tasks to queue
[2026-06-13T11:01:30.244+0000] {logging_mixin.py:188} INFO - [2026-06-13T11:01:30.244+0000] {dagbag.py:545} INFO - Filling up the DagBag from /home/airflow/.local/lib/python3.12/site-packages/airflow/example_dags/example_sensor_decorator.py
[2026-06-13T11:01:30.252+0000] {processor.py:840} INFO - DAG(s) 'example_sensor_decorator' retrieved from /home/airflow/.local/lib/python3.12/site-packages/airflow/example_dags/example_sensor_decorator.py
[2026-06-13T11:01:30.277+0000] {logging_mixin.py:188} INFO - [2026-06-13T11:01:30.276+0000] {dag.py:3096} INFO - Sync 1 DAGs
[2026-06-13T11:01:30.289+0000] {logging_mixin.py:188} INFO - [2026-06-13T11:01:30.289+0000] {dag.py:3954} INFO - Setting next_dagrun for example_sensor_decorator to None, run_after=None
[2026-06-13T11:01:30.315+0000] {processor.py:183} INFO - Processing /home/airflow/.local/lib/python3.12/site-packages/airflow/example_dags/example_sensor_decorator.py took 0.084 seconds
[2026-06-13T11:02:00.550+0000] {processor.py:161} INFO - Started process (PID=785) to work on /home/airflow/.local/lib/python3.12/site-packages/airflow/example_dags/example_sensor_decorator.py
[2026-06-13T11:02:00.551+0000] {processor.py:830} INFO - Processing file /home/airflow/.local/lib/python3.12/site-packages/airflow/example_dags/example_sensor_decorator.py for tasks to queue
[2026-06-13T11:02:00.554+0000] {logging_mixin.py:188} INFO - [2026-06-13T11:02:00.554+0000] {dagbag.py:545} INFO - Filling up the DagBag from /home/airflow/.local/lib/python3.12/site-packages/airflow/example_dags/example_sensor_decorator.py
[2026-06-13T11:02:00.563+0000] {processor.py:840} INFO - DAG(s) 'example_sensor_decorator' retrieved from /home/airflow/.local/lib/python3.12/site-packages/airflow/example_dags/example_sensor_decorator.py
[2026-06-13T11:02:00.600+0000] {logging_mixin.py:188} INFO - [2026-06-13T11:02:00.599+0000] {dag.py:3096} INFO - Sync 1 DAGs
[2026-06-13T11:02:00.631+0000] {logging_mixin.py:188} INFO - [2026-06-13T11:02:00.631+0000] {dag.py:3954} INFO - Setting next_dagrun for example_sensor_decorator to None, run_after=None
[2026-06-13T11:02:00.685+0000] {processor.py:183} INFO - Processing /home/airflow/.local/lib/python3.12/site-packages/airflow/example_dags/example_sensor_decorator.py took 0.143 seconds
[2026-06-13T11:02:31.851+0000] {processor.py:161} INFO - Started process (PID=845) to work on /home/airflow/.local/lib/python3.12/site-packages/airflow/example_dags/example_sensor_decorator.py
[2026-06-13T11:02:31.853+0000] {processor.py:830} INFO - Processing file /home/airflow/.local/lib/python3.12/site-packages/airflow/example_dags/example_sensor_decorator.py for tasks to queue
[2026-06-13T11:02:31.856+0000] {logging_mixin.py:188} INFO - [2026-06-13T11:02:31.856+0000] {dagbag.py:545} INFO - Filling up the DagBag from /home/airflow/.local/lib/python3.12/site-packages/airflow/example_dags/example_sensor_decorator.py
[2026-06-13T11:02:31.866+0000] {processor.py:840} INFO - DAG(s) 'example_sensor_decorator' retrieved from /home/airflow/.local/lib/python3.12/site-packages/airflow/example_dags/example_sensor_decorator.py
[2026-06-13T11:02:31.899+0000] {logging_mixin.py:188} INFO - [2026-06-13T11:02:31.898+0000] {dag.py:3096} INFO - Sync 1 DAGs
[2026-06-13T11:02:31.916+0000] {logging_mixin.py:188} INFO - [2026-06-13T11:02:31.916+0000] {dag.py:3954} INFO - Setting next_dagrun for example_sensor_decorator to None, run_after=None
[2026-06-13T11:02:31.951+0000] {processor.py:183} INFO - Processing /home/airflow/.local/lib/python3.12/site-packages/airflow/example_dags/example_sensor_decorator.py took 0.106 seconds
[2026-06-13T11:03:02.018+0000] {processor.py:161} INFO - Started process (PID=903) to work on /home/airflow/.local/lib/python3.12/site-packages/airflow/example_dags/example_sensor_decorator.py
[2026-06-13T11:03:02.020+0000] {processor.py:830} INFO - Processing file /home/airflow/.local/lib/python3.12/site-packages/airflow/example_dags/example_sensor_decorator.py for tasks to queue
[2026-06-13T11:03:02.024+0000] {logging_mixin.py:188} INFO - [2026-06-13T11:03:02.023+0000] {dagbag.py:545} INFO - Filling up the DagBag from /home/airflow/.local/lib/python3.12/site-packages/airflow/example_dags/example_sensor_decorator.py
[2026-06-13T11:03:02.032+0000] {processor.py:840} INFO - DAG(s) 'example_sensor_decorator' retrieved from /home/airflow/.local/lib/python3.12/site-packages/airflow/example_dags/example_sensor_decorator.py
[2026-06-13T11:03:02.063+0000] {logging_mixin.py:188} INFO - [2026-06-13T11:03:02.063+0000] {dag.py:3096} INFO - Sync 1 DAGs
[2026-06-13T11:03:02.077+0000] {logging_mixin.py:188} INFO - [2026-06-13T11:03:02.077+0000] {dag.py:3954} INFO - Setting next_dagrun for example_sensor_decorator to None, run_after=None
[2026-06-13T11:03:02.105+0000] {processor.py:183} INFO - Processing /home/airflow/.local/lib/python3.12/site-packages/airflow/example_dags/example_sensor_decorator.py took 0.094 seconds
[2026-06-13T11:03:32.591+0000] {processor.py:161} INFO - Started process (PID=962) to work on /home/airflow/.local/lib/python3.12/site-packages/airflow/example_dags/example_sensor_decorator.py
[2026-06-13T11:03:32.593+0000] {processor.py:830} INFO - Processing file /home/airflow/.local/lib/python3.12/site-packages/airflow/example_dags/example_sensor_decorator.py for tasks to queue
[2026-06-13T11:03:32.596+0000] {logging_mixin.py:188} INFO - [2026-06-13T11:03:32.596+0000] {dagbag.py:545} INFO - Filling up the DagBag from /home/airflow/.local/lib/python3.12/site-packages/airflow/example_dags/example_sensor_decorator.py
[2026-06-13T11:03:32.603+0000] {processor.py:840} INFO - DAG(s) 'example_sensor_decorator' retrieved from /home/airflow/.local/lib/python3.12/site-packages/airflow/example_dags/example_sensor_decorator.py
[2026-06-13T11:03:32.629+0000] {logging_mixin.py:188} INFO - [2026-06-13T11:03:32.628+0000] {dag.py:3096} INFO - Sync 1 DAGs
[2026-06-13T11:03:32.644+0000] {logging_mixin.py:188} INFO - [2026-06-13T11:03:32.644+0000] {dag.py:3954} INFO - Setting next_dagrun for example_sensor_decorator to None, run_after=None
[2026-06-13T11:03:32.678+0000] {processor.py:183} INFO - Processing /home/airflow/.local/lib/python3.12/site-packages/airflow/example_dags/example_sensor_decorator.py took 0.093 seconds
[2026-06-13T11:04:02.820+0000] {processor.py:161} INFO - Started process (PID=1020) to work on /home/airflow/.local/lib/python3.12/site-packages/airflow/example_dags/example_sensor_decorator.py
[2026-06-13T11:04:02.822+0000] {processor.py:830} INFO - Processing file /home/airflow/.local/lib/python3.12/site-packages/airflow/example_dags/example_sensor_decorator.py for tasks to queue
[2026-06-13T11:04:02.826+0000] {logging_mixin.py:188} INFO - [2026-06-13T11:04:02.825+0000] {dagbag.py:545} INFO - Filling up the DagBag from /home/airflow/.local/lib/python3.12/site-packages/airflow/example_dags/example_sensor_decorator.py
[2026-06-13T11:04:02.836+0000] {processor.py:840} INFO - DAG(s) 'example_sensor_decorator' retrieved from /home/airflow/.local/lib/python3.12/site-packages/airflow/example_dags/example_sensor_decorator.py
[2026-06-13T11:04:02.869+0000] {logging_mixin.py:188} INFO - [2026-06-13T11:04:02.868+0000] {dag.py:3096} INFO - Sync 1 DAGs
[2026-06-13T11:04:02.887+0000] {logging_mixin.py:188} INFO - [2026-06-13T11:04:02.887+0000] {dag.py:3954} INFO - Setting next_dagrun for example_sensor_decorator to None, run_after=None
[2026-06-13T11:04:02.919+0000] {processor.py:183} INFO - Processing /home/airflow/.local/lib/python3.12/site-packages/airflow/example_dags/example_sensor_decorator.py took 0.108 seconds
[2026-06-13T11:04:33.321+0000] {processor.py:161} INFO - Started process (PID=1080) to work on /home/airflow/.local/lib/python3.12/site-packages/airflow/example_dags/example_sensor_decorator.py
[2026-06-13T11:04:33.323+0000] {processor.py:830} INFO - Processing file /home/airflow/.local/lib/python3.12/site-packages/airflow/example_dags/example_sensor_decorator.py for tasks to queue
[2026-06-13T11:04:33.325+0000] {logging_mixin.py:188} INFO - [2026-06-13T11:04:33.325+0000] {dagbag.py:545} INFO - Filling up the DagBag from /home/airflow/.local/lib/python3.12/site-packages/airflow/example_dags/example_sensor_decorator.py
[2026-06-13T11:04:33.332+0000] {processor.py:840} INFO - DAG(s) 'example_sensor_decorator' retrieved from /home/airflow/.local/lib/python3.12/site-packages/airflow/example_dags/example_sensor_decorator.py
[2026-06-13T11:04:33.358+0000] {logging_mixin.py:188} INFO - [2026-06-13T11:04:33.358+0000] {dag.py:3096} INFO - Sync 1 DAGs
[2026-06-13T11:04:33.373+0000] {logging_mixin.py:188} INFO - [2026-06-13T11:04:33.372+0000] {dag.py:3954} INFO - Setting next_dagrun for example_sensor_decorator to None, run_after=None
[2026-06-13T11:04:33.400+0000] {processor.py:183} INFO - Processing /home/airflow/.local/lib/python3.12/site-packages/airflow/example_dags/example_sensor_decorator.py took 0.085 seconds
[2026-06-13T11:05:03.499+0000] {processor.py:161} INFO - Started process (PID=1138) to work on /home/airflow/.local/lib/python3.12/site-packages/airflow/example_dags/example_sensor_decorator.py
[2026-06-13T11:05:03.501+0000] {processor.py:830} INFO - Processing file /home/airflow/.local/lib/python3.12/site-packages/airflow/example_dags/example_sensor_decorator.py for tasks to queue
[2026-06-13T11:05:03.503+0000] {logging_mixin.py:188} INFO - [2026-06-13T11:05:03.503+0000] {dagbag.py:545} INFO - Filling up the DagBag from /home/airflow/.local/lib/python3.12/site-packages/airflow/example_dags/example_sensor_decorator.py
[2026-06-13T11:05:03.511+0000] {processor.py:840} INFO - DAG(s) 'example_sensor_decorator' retrieved from /home/airflow/.local/lib/python3.12/site-packages/airflow/example_dags/example_sensor_decorator.py
[2026-06-13T11:05:03.533+0000] {logging_mixin.py:188} INFO - [2026-06-13T11:05:03.533+0000] {dag.py:3096} INFO - Sync 1 DAGs
[2026-06-13T11:05:03.548+0000] {logging_mixin.py:188} INFO - [2026-06-13T11:05:03.548+0000] {dag.py:3954} INFO - Setting next_dagrun for example_sensor_decorator to None, run_after=None
[2026-06-13T11:05:03.584+0000] {processor.py:183} INFO - Processing /home/airflow/.local/lib/python3.12/site-packages/airflow/example_dags/example_sensor_decorator.py took 0.095 seconds
[2026-06-13T11:05:33.738+0000] {processor.py:161} INFO - Started process (PID=1198) to work on /home/airflow/.local/lib/python3.12/site-packages/airflow/example_dags/example_sensor_decorator.py
[2026-06-13T11:05:33.740+0000] {processor.py:830} INFO - Processing file /home/airflow/.local/lib/python3.12/site-packages/airflow/example_dags/example_sensor_decorator.py for tasks to queue
[2026-06-13T11:05:33.743+0000] {logging_mixin.py:188} INFO - [2026-06-13T11:05:33.743+0000] {dagbag.py:545} INFO - Filling up the DagBag from /home/airflow/.local/lib/python3.12/site-packages/airflow/example_dags/example_sensor_decorator.py
[2026-06-13T11:05:33.751+0000] {processor.py:840} INFO - DAG(s) 'example_sensor_decorator' retrieved from /home/airflow/.local/lib/python3.12/site-packages/airflow/example_dags/example_sensor_decorator.py
[2026-06-13T11:05:33.784+0000] {logging_mixin.py:188} INFO - [2026-06-13T11:05:33.784+0000] {dag.py:3096} INFO - Sync 1 DAGs
[2026-06-13T11:05:33.801+0000] {logging_mixin.py:188} INFO - [2026-06-13T11:05:33.801+0000] {dag.py:3954} INFO - Setting next_dagrun for example_sensor_decorator to None, run_after=None
[2026-06-13T11:05:33.837+0000] {processor.py:183} INFO - Processing /home/airflow/.local/lib/python3.12/site-packages/airflow/example_dags/example_sensor_decorator.py took 0.107 seconds
[2026-06-13T11:06:04.612+0000] {processor.py:161} INFO - Started process (PID=1258) to work on /home/airflow/.local/lib/python3.12/site-packages/airflow/example_dags/example_sensor_decorator.py
[2026-06-13T11:06:04.613+0000] {processor.py:830} INFO - Processing file /home/airflow/.local/lib/python3.12/site-packages/airflow/example_dags/example_sensor_decorator.py for tasks to queue
[2026-06-13T11:06:04.616+0000] {logging_mixin.py:188} INFO - [2026-06-13T11:06:04.615+0000] {dagbag.py:545} INFO - Filling up the DagBag from /home/airflow/.local/lib/python3.12/site-packages/airflow/example_dags/example_sensor_decorator.py
[2026-06-13T11:06:04.623+0000] {processor.py:840} INFO - DAG(s) 'example_sensor_decorator' retrieved from /home/airflow/.local/lib/python3.12/site-packages/airflow/example_dags/example_sensor_decorator.py
[2026-06-13T11:06:04.650+0000] {logging_mixin.py:188} INFO - [2026-06-13T11:06:04.650+0000] {dag.py:3096} INFO - Sync 1 DAGs
[2026-06-13T11:06:04.666+0000] {logging_mixin.py:188} INFO - [2026-06-13T11:06:04.666+0000] {dag.py:3954} INFO - Setting next_dagrun for example_sensor_decorator to None, run_after=None
[2026-06-13T11:06:04.696+0000] {processor.py:183} INFO - Processing /home/airflow/.local/lib/python3.12/site-packages/airflow/example_dags/example_sensor_decorator.py took 0.090 seconds
[2026-06-13T11:06:34.998+0000] {processor.py:161} INFO - Started process (PID=1317) to work on /home/airflow/.local/lib/python3.12/site-packages/airflow/example_dags/example_sensor_decorator.py
[2026-06-13T11:06:35.000+0000] {processor.py:830} INFO - Processing file /home/airflow/.local/lib/python3.12/site-packages/airflow/example_dags/example_sensor_decorator.py for tasks to queue
[2026-06-13T11:06:35.003+0000] {logging_mixin.py:188} INFO - [2026-06-13T11:06:35.002+0000] {dagbag.py:545} INFO - Filling up the DagBag from /home/airflow/.local/lib/python3.12/site-packages/airflow/example_dags/example_sensor_decorator.py
[2026-06-13T11:06:35.011+0000] {processor.py:840} INFO - DAG(s) 'example_sensor_decorator' retrieved from /home/airflow/.local/lib/python3.12/site-packages/airflow/example_dags/example_sensor_decorator.py
[2026-06-13T11:06:35.040+0000] {logging_mixin.py:188} INFO - [2026-06-13T11:06:35.040+0000] {dag.py:3096} INFO - Sync 1 DAGs
[2026-06-13T11:06:35.061+0000] {logging_mixin.py:188} INFO - [2026-06-13T11:06:35.061+0000] {dag.py:3954} INFO - Setting next_dagrun for example_sensor_decorator to None, run_after=None
[2026-06-13T11:06:35.098+0000] {processor.py:183} INFO - Processing /home/airflow/.local/lib/python3.12/site-packages/airflow/example_dags/example_sensor_decorator.py took 0.106 seconds
[2026-06-13T11:07:05.657+0000] {processor.py:161} INFO - Started process (PID=1376) to work on /home/airflow/.local/lib/python3.12/site-packages/airflow/example_dags/example_sensor_decorator.py
[2026-06-13T11:07:05.659+0000] {processor.py:830} INFO - Processing file /home/airflow/.local/lib/python3.12/site-packages/airflow/example_dags/example_sensor_decorator.py for tasks to queue
[2026-06-13T11:07:05.661+0000] {logging_mixin.py:188} INFO - [2026-06-13T11:07:05.661+0000] {dagbag.py:545} INFO - Filling up the DagBag from /home/airflow/.local/lib/python3.12/site-packages/airflow/example_dags/example_sensor_decorator.py
[2026-06-13T11:07:05.667+0000] {processor.py:840} INFO - DAG(s) 'example_sensor_decorator' retrieved from /home/airflow/.local/lib/python3.12/site-packages/airflow/example_dags/example_sensor_decorator.py
[2026-06-13T11:07:05.693+0000] {logging_mixin.py:188} INFO - [2026-06-13T11:07:05.692+0000] {dag.py:3096} INFO - Sync 1 DAGs
[2026-06-13T11:07:05.710+0000] {logging_mixin.py:188} INFO - [2026-06-13T11:07:05.710+0000] {dag.py:3954} INFO - Setting next_dagrun for example_sensor_decorator to None, run_after=None
[2026-06-13T11:07:05.743+0000] {processor.py:183} INFO - Processing /home/airflow/.local/lib/python3.12/site-packages/airflow/example_dags/example_sensor_decorator.py took 0.092 seconds
[2026-06-13T11:07:35.926+0000] {processor.py:161} INFO - Started process (PID=1435) to work on /home/airflow/.local/lib/python3.12/site-packages/airflow/example_dags/example_sensor_decorator.py
[2026-06-13T11:07:35.928+0000] {processor.py:830} INFO - Processing file /home/airflow/.local/lib/python3.12/site-packages/airflow/example_dags/example_sensor_decorator.py for tasks to queue
[2026-06-13T11:07:35.931+0000] {logging_mixin.py:188} INFO - [2026-06-13T11:07:35.930+0000] {dagbag.py:545} INFO - Filling up the DagBag from /home/airflow/.local/lib/python3.12/site-packages/airflow/example_dags/example_sensor_decorator.py
[2026-06-13T11:07:35.938+0000] {processor.py:840} INFO - DAG(s) 'example_sensor_decorator' retrieved from /home/airflow/.local/lib/python3.12/site-packages/airflow/example_dags/example_sensor_decorator.py
[2026-06-13T11:07:35.964+0000] {logging_mixin.py:188} INFO - [2026-06-13T11:07:35.964+0000] {dag.py:3096} INFO - Sync 1 DAGs
[2026-06-13T11:07:35.979+0000] {logging_mixin.py:188} INFO - [2026-06-13T11:07:35.978+0000] {dag.py:3954} INFO - Setting next_dagrun for example_sensor_decorator to None, run_after=None
[2026-06-13T11:07:36.003+0000] {processor.py:183} INFO - Processing /home/airflow/.local/lib/python3.12/site-packages/airflow/example_dags/example_sensor_decorator.py took 0.083 seconds
[2026-06-13T11:08:06.361+0000] {processor.py:161} INFO - Started process (PID=1495) to work on /home/airflow/.local/lib/python3.12/site-packages/airflow/example_dags/example_sensor_decorator.py
[2026-06-13T11:08:06.363+0000] {processor.py:830} INFO - Processing file /home/airflow/.local/lib/python3.12/site-packages/airflow/example_dags/example_sensor_decorator.py for tasks to queue
[2026-06-13T11:08:06.365+0000] {logging_mixin.py:188} INFO - [2026-06-13T11:08:06.365+0000] {dagbag.py:545} INFO - Filling up the DagBag from /home/airflow/.local/lib/python3.12/site-packages/airflow/example_dags/example_sensor_decorator.py
[2026-06-13T11:08:06.372+0000] {processor.py:840} INFO - DAG(s) 'example_sensor_decorator' retrieved from /home/airflow/.local/lib/python3.12/site-packages/airflow/example_dags/example_sensor_decorator.py
[2026-06-13T11:08:06.398+0000] {logging_mixin.py:188} INFO - [2026-06-13T11:08:06.398+0000] {dag.py:3096} INFO - Sync 1 DAGs
[2026-06-13T11:08:06.412+0000] {logging_mixin.py:188} INFO - [2026-06-13T11:08:06.412+0000] {dag.py:3954} INFO - Setting next_dagrun for example_sensor_decorator to None, run_after=None
[2026-06-13T11:08:06.449+0000] {processor.py:183} INFO - Processing /home/airflow/.local/lib/python3.12/site-packages/airflow/example_dags/example_sensor_decorator.py took 0.094 seconds
[2026-06-13T11:09:18.053+0000] {processor.py:161} INFO - Started process (PID=72) to work on /home/airflow/.local/lib/python3.12/site-packages/airflow/example_dags/example_sensor_decorator.py
[2026-06-13T11:09:18.055+0000] {processor.py:830} INFO - Processing file /home/airflow/.local/lib/python3.12/site-packages/airflow/example_dags/example_sensor_decorator.py for tasks to queue
[2026-06-13T11:09:18.059+0000] {logging_mixin.py:188} INFO - [2026-06-13T11:09:18.058+0000] {dagbag.py:545} INFO - Filling up the DagBag from /home/airflow/.local/lib/python3.12/site-packages/airflow/example_dags/example_sensor_decorator.py
[2026-06-13T11:09:18.073+0000] {processor.py:840} INFO - DAG(s) 'example_sensor_decorator' retrieved from /home/airflow/.local/lib/python3.12/site-packages/airflow/example_dags/example_sensor_decorator.py
[2026-06-13T11:09:18.275+0000] {logging_mixin.py:188} INFO - [2026-06-13T11:09:18.275+0000] {dag.py:3096} INFO - Sync 1 DAGs
[2026-06-13T11:09:18.293+0000] {logging_mixin.py:188} INFO - [2026-06-13T11:09:18.292+0000] {dag.py:3954} INFO - Setting next_dagrun for example_sensor_decorator to None, run_after=None
[2026-06-13T11:09:18.330+0000] {processor.py:183} INFO - Processing /home/airflow/.local/lib/python3.12/site-packages/airflow/example_dags/example_sensor_decorator.py took 0.287 seconds
[2026-06-13T11:09:48.531+0000] {processor.py:161} INFO - Started process (PID=131) to work on /home/airflow/.local/lib/python3.12/site-packages/airflow/example_dags/example_sensor_decorator.py
[2026-06-13T11:09:48.533+0000] {processor.py:830} INFO - Processing file /home/airflow/.local/lib/python3.12/site-packages/airflow/example_dags/example_sensor_decorator.py for tasks to queue
[2026-06-13T11:09:48.536+0000] {logging_mixin.py:188} INFO - [2026-06-13T11:09:48.536+0000] {dagbag.py:545} INFO - Filling up the DagBag from /home/airflow/.local/lib/python3.12/site-packages/airflow/example_dags/example_sensor_decorator.py
[2026-06-13T11:09:48.544+0000] {processor.py:840} INFO - DAG(s) 'example_sensor_decorator' retrieved from /home/airflow/.local/lib/python3.12/site-packages/airflow/example_dags/example_sensor_decorator.py
[2026-06-13T11:09:48.572+0000] {logging_mixin.py:188} INFO - [2026-06-13T11:09:48.572+0000] {dag.py:3096} INFO - Sync 1 DAGs
[2026-06-13T11:09:48.587+0000] {logging_mixin.py:188} INFO - [2026-06-13T11:09:48.587+0000] {dag.py:3954} INFO - Setting next_dagrun for example_sensor_decorator to None, run_after=None
[2026-06-13T11:09:48.614+0000] {processor.py:183} INFO - Processing /home/airflow/.local/lib/python3.12/site-packages/airflow/example_dags/example_sensor_decorator.py took 0.089 seconds
[2026-06-13T11:10:19.082+0000] {processor.py:161} INFO - Started process (PID=191) to work on /home/airflow/.local/lib/python3.12/site-packages/airflow/example_dags/example_sensor_decorator.py
[2026-06-13T11:10:19.083+0000] {processor.py:830} INFO - Processing file /home/airflow/.local/lib/python3.12/site-packages/airflow/example_dags/example_sensor_decorator.py for tasks to queue
[2026-06-13T11:10:19.087+0000] {logging_mixin.py:188} INFO - [2026-06-13T11:10:19.086+0000] {dagbag.py:545} INFO - Filling up the DagBag from /home/airflow/.local/lib/python3.12/site-packages/airflow/example_dags/example_sensor_decorator.py
[2026-06-13T11:10:19.095+0000] {processor.py:840} INFO - DAG(s) 'example_sensor_decorator' retrieved from /home/airflow/.local/lib/python3.12/site-packages/airflow/example_dags/example_sensor_decorator.py
[2026-06-13T11:10:19.121+0000] {logging_mixin.py:188} INFO - [2026-06-13T11:10:19.121+0000] {dag.py:3096} INFO - Sync 1 DAGs
[2026-06-13T11:10:19.136+0000] {logging_mixin.py:188} INFO - [2026-06-13T11:10:19.136+0000] {dag.py:3954} INFO - Setting next_dagrun for example_sensor_decorator to None, run_after=None
[2026-06-13T11:10:19.165+0000] {processor.py:183} INFO - Processing /home/airflow/.local/lib/python3.12/site-packages/airflow/example_dags/example_sensor_decorator.py took 0.089 seconds
[2026-06-13T11:10:49.670+0000] {processor.py:161} INFO - Started process (PID=255) to work on /home/airflow/.local/lib/python3.12/site-packages/airflow/example_dags/example_sensor_decorator.py
[2026-06-13T11:10:49.672+0000] {processor.py:830} INFO - Processing file /home/airflow/.local/lib/python3.12/site-packages/airflow/example_dags/example_sensor_decorator.py for tasks to queue
[2026-06-13T11:10:49.675+0000] {logging_mixin.py:188} INFO - [2026-06-13T11:10:49.675+0000] {dagbag.py:545} INFO - Filling up the DagBag from /home/airflow/.local/lib/python3.12/site-packages/airflow/example_dags/example_sensor_decorator.py
[2026-06-13T11:10:49.683+0000] {processor.py:840} INFO - DAG(s) 'example_sensor_decorator' retrieved from /home/airflow/.local/lib/python3.12/site-packages/airflow/example_dags/example_sensor_decorator.py
[2026-06-13T11:10:49.709+0000] {logging_mixin.py:188} INFO - [2026-06-13T11:10:49.708+0000] {dag.py:3096} INFO - Sync 1 DAGs
[2026-06-13T11:10:49.724+0000] {logging_mixin.py:188} INFO - [2026-06-13T11:10:49.724+0000] {dag.py:3954} INFO - Setting next_dagrun for example_sensor_decorator to None, run_after=None
[2026-06-13T11:10:49.752+0000] {processor.py:183} INFO - Processing /home/airflow/.local/lib/python3.12/site-packages/airflow/example_dags/example_sensor_decorator.py took 0.087 seconds
[2026-06-13T11:11:20.643+0000] {processor.py:161} INFO - Started process (PID=314) to work on /home/airflow/.local/lib/python3.12/site-packages/airflow/example_dags/example_sensor_decorator.py
[2026-06-13T11:11:20.645+0000] {processor.py:830} INFO - Processing file /home/airflow/.local/lib/python3.12/site-packages/airflow/example_dags/example_sensor_decorator.py for tasks to queue
[2026-06-13T11:11:20.647+0000] {logging_mixin.py:188} INFO - [2026-06-13T11:11:20.647+0000] {dagbag.py:545} INFO - Filling up the DagBag from /home/airflow/.local/lib/python3.12/site-packages/airflow/example_dags/example_sensor_decorator.py
[2026-06-13T11:11:20.655+0000] {processor.py:840} INFO - DAG(s) 'example_sensor_decorator' retrieved from /home/airflow/.local/lib/python3.12/site-packages/airflow/example_dags/example_sensor_decorator.py
[2026-06-13T11:11:20.680+0000] {logging_mixin.py:188} INFO - [2026-06-13T11:11:20.680+0000] {dag.py:3096} INFO - Sync 1 DAGs
[2026-06-13T11:11:20.696+0000] {logging_mixin.py:188} INFO - [2026-06-13T11:11:20.696+0000] {dag.py:3954} INFO - Setting next_dagrun for example_sensor_decorator to None, run_after=None
[2026-06-13T11:11:20.723+0000] {processor.py:183} INFO - Processing /home/airflow/.local/lib/python3.12/site-packages/airflow/example_dags/example_sensor_decorator.py took 0.086 seconds
[2026-06-13T11:11:51.228+0000] {processor.py:161} INFO - Started process (PID=373) to work on /home/airflow/.local/lib/python3.12/site-packages/airflow/example_dags/example_sensor_decorator.py
[2026-06-13T11:11:51.230+0000] {processor.py:830} INFO - Processing file /home/airflow/.local/lib/python3.12/site-packages/airflow/example_dags/example_sensor_decorator.py for tasks to queue
[2026-06-13T11:11:51.232+0000] {logging_mixin.py:188} INFO - [2026-06-13T11:11:51.232+0000] {dagbag.py:545} INFO - Filling up the DagBag from /home/airflow/.local/lib/python3.12/site-packages/airflow/example_dags/example_sensor_decorator.py
[2026-06-13T11:11:51.240+0000] {processor.py:840} INFO - DAG(s) 'example_sensor_decorator' retrieved from /home/airflow/.local/lib/python3.12/site-packages/airflow/example_dags/example_sensor_decorator.py
[2026-06-13T11:11:51.266+0000] {logging_mixin.py:188} INFO - [2026-06-13T11:11:51.266+0000] {dag.py:3096} INFO - Sync 1 DAGs
[2026-06-13T11:11:51.280+0000] {logging_mixin.py:188} INFO - [2026-06-13T11:11:51.280+0000] {dag.py:3954} INFO - Setting next_dagrun for example_sensor_decorator to None, run_after=None
[2026-06-13T11:11:51.310+0000] {processor.py:183} INFO - Processing /home/airflow/.local/lib/python3.12/site-packages/airflow/example_dags/example_sensor_decorator.py took 0.088 seconds
[2026-06-13T11:12:21.500+0000] {processor.py:161} INFO - Started process (PID=432) to work on /home/airflow/.local/lib/python3.12/site-packages/airflow/example_dags/example_sensor_decorator.py
[2026-06-13T11:12:21.501+0000] {processor.py:830} INFO - Processing file /home/airflow/.local/lib/python3.12/site-packages/airflow/example_dags/example_sensor_decorator.py for tasks to queue
[2026-06-13T11:12:21.505+0000] {logging_mixin.py:188} INFO - [2026-06-13T11:12:21.504+0000] {dagbag.py:545} INFO - Filling up the DagBag from /home/airflow/.local/lib/python3.12/site-packages/airflow/example_dags/example_sensor_decorator.py
[2026-06-13T11:12:21.512+0000] {processor.py:840} INFO - DAG(s) 'example_sensor_decorator' retrieved from /home/airflow/.local/lib/python3.12/site-packages/airflow/example_dags/example_sensor_decorator.py
[2026-06-13T11:12:21.537+0000] {logging_mixin.py:188} INFO - [2026-06-13T11:12:21.537+0000] {dag.py:3096} INFO - Sync 1 DAGs
[2026-06-13T11:12:21.551+0000] {logging_mixin.py:188} INFO - [2026-06-13T11:12:21.551+0000] {dag.py:3954} INFO - Setting next_dagrun for example_sensor_decorator to None, run_after=None
[2026-06-13T11:12:21.580+0000] {processor.py:183} INFO - Processing /home/airflow/.local/lib/python3.12/site-packages/airflow/example_dags/example_sensor_decorator.py took 0.086 seconds
[2026-06-13T11:12:51.814+0000] {processor.py:161} INFO - Started process (PID=491) to work on /home/airflow/.local/lib/python3.12/site-packages/airflow/example_dags/example_sensor_decorator.py
[2026-06-13T11:12:51.815+0000] {processor.py:830} INFO - Processing file /home/airflow/.local/lib/python3.12/site-packages/airflow/example_dags/example_sensor_decorator.py for tasks to queue
[2026-06-13T11:12:51.818+0000] {logging_mixin.py:188} INFO - [2026-06-13T11:12:51.818+0000] {dagbag.py:545} INFO - Filling up the DagBag from /home/airflow/.local/lib/python3.12/site-packages/airflow/example_dags/example_sensor_decorator.py
[2026-06-13T11:12:51.825+0000] {processor.py:840} INFO - DAG(s) 'example_sensor_decorator' retrieved from /home/airflow/.local/lib/python3.12/site-packages/airflow/example_dags/example_sensor_decorator.py
[2026-06-13T11:12:51.852+0000] {logging_mixin.py:188} INFO - [2026-06-13T11:12:51.851+0000] {dag.py:3096} INFO - Sync 1 DAGs
[2026-06-13T11:12:51.867+0000] {logging_mixin.py:188} INFO - [2026-06-13T11:12:51.867+0000] {dag.py:3954} INFO - Setting next_dagrun for example_sensor_decorator to None, run_after=None
[2026-06-13T11:12:51.893+0000] {processor.py:183} INFO - Processing /home/airflow/.local/lib/python3.12/site-packages/airflow/example_dags/example_sensor_decorator.py took 0.085 seconds
[2026-06-13T11:13:22.076+0000] {processor.py:161} INFO - Started process (PID=550) to work on /home/airflow/.local/lib/python3.12/site-packages/airflow/example_dags/example_sensor_decorator.py
[2026-06-13T11:13:22.077+0000] {processor.py:830} INFO - Processing file /home/airflow/.local/lib/python3.12/site-packages/airflow/example_dags/example_sensor_decorator.py for tasks to queue
[2026-06-13T11:13:22.080+0000] {logging_mixin.py:188} INFO - [2026-06-13T11:13:22.079+0000] {dagbag.py:545} INFO - Filling up the DagBag from /home/airflow/.local/lib/python3.12/site-packages/airflow/example_dags/example_sensor_decorator.py
[2026-06-13T11:13:22.087+0000] {processor.py:840} INFO - DAG(s) 'example_sensor_decorator' retrieved from /home/airflow/.local/lib/python3.12/site-packages/airflow/example_dags/example_sensor_decorator.py
[2026-06-13T11:13:22.112+0000] {logging_mixin.py:188} INFO - [2026-06-13T11:13:22.111+0000] {dag.py:3096} INFO - Sync 1 DAGs
[2026-06-13T11:13:22.127+0000] {logging_mixin.py:188} INFO - [2026-06-13T11:13:22.127+0000] {dag.py:3954} INFO - Setting next_dagrun for example_sensor_decorator to None, run_after=None
[2026-06-13T11:13:22.152+0000] {processor.py:183} INFO - Processing /home/airflow/.local/lib/python3.12/site-packages/airflow/example_dags/example_sensor_decorator.py took 0.083 seconds
[2026-06-13T11:13:52.558+0000] {processor.py:161} INFO - Started process (PID=609) to work on /home/airflow/.local/lib/python3.12/site-packages/airflow/example_dags/example_sensor_decorator.py
[2026-06-13T11:13:52.560+0000] {processor.py:830} INFO - Processing file /home/airflow/.local/lib/python3.12/site-packages/airflow/example_dags/example_sensor_decorator.py for tasks to queue
[2026-06-13T11:13:52.562+0000] {logging_mixin.py:188} INFO - [2026-06-13T11:13:52.562+0000] {dagbag.py:545} INFO - Filling up the DagBag from /home/airflow/.local/lib/python3.12/site-packages/airflow/example_dags/example_sensor_decorator.py
[2026-06-13T11:13:52.570+0000] {processor.py:840} INFO - DAG(s) 'example_sensor_decorator' retrieved from /home/airflow/.local/lib/python3.12/site-packages/airflow/example_dags/example_sensor_decorator.py
[2026-06-13T11:13:52.595+0000] {logging_mixin.py:188} INFO - [2026-06-13T11:13:52.594+0000] {dag.py:3096} INFO - Sync 1 DAGs
[2026-06-13T11:13:52.611+0000] {logging_mixin.py:188} INFO - [2026-06-13T11:13:52.611+0000] {dag.py:3954} INFO - Setting next_dagrun for example_sensor_decorator to None, run_after=None
[2026-06-13T11:13:52.637+0000] {processor.py:183} INFO - Processing /home/airflow/.local/lib/python3.12/site-packages/airflow/example_dags/example_sensor_decorator.py took 0.084 seconds
[2026-06-13T11:14:23.073+0000] {processor.py:161} INFO - Started process (PID=668) to work on /home/airflow/.local/lib/python3.12/site-packages/airflow/example_dags/example_sensor_decorator.py
[2026-06-13T11:14:23.074+0000] {processor.py:830} INFO - Processing file /home/airflow/.local/lib/python3.12/site-packages/airflow/example_dags/example_sensor_decorator.py for tasks to queue
[2026-06-13T11:14:23.078+0000] {logging_mixin.py:188} INFO - [2026-06-13T11:14:23.077+0000] {dagbag.py:545} INFO - Filling up the DagBag from /home/airflow/.local/lib/python3.12/site-packages/airflow/example_dags/example_sensor_decorator.py
[2026-06-13T11:14:23.086+0000] {processor.py:840} INFO - DAG(s) 'example_sensor_decorator' retrieved from /home/airflow/.local/lib/python3.12/site-packages/airflow/example_dags/example_sensor_decorator.py
[2026-06-13T11:14:23.117+0000] {logging_mixin.py:188} INFO - [2026-06-13T11:14:23.117+0000] {dag.py:3096} INFO - Sync 1 DAGs
[2026-06-13T11:14:23.133+0000] {logging_mixin.py:188} INFO - [2026-06-13T11:14:23.133+0000] {dag.py:3954} INFO - Setting next_dagrun for example_sensor_decorator to None, run_after=None
[2026-06-13T11:14:23.167+0000] {processor.py:183} INFO - Processing /home/airflow/.local/lib/python3.12/site-packages/airflow/example_dags/example_sensor_decorator.py took 0.102 seconds
[2026-06-13T11:14:53.510+0000] {processor.py:161} INFO - Started process (PID=727) to work on /home/airflow/.local/lib/python3.12/site-packages/airflow/example_dags/example_sensor_decorator.py
[2026-06-13T11:14:53.511+0000] {processor.py:830} INFO - Processing file /home/airflow/.local/lib/python3.12/site-packages/airflow/example_dags/example_sensor_decorator.py for tasks to queue
[2026-06-13T11:14:53.515+0000] {logging_mixin.py:188} INFO - [2026-06-13T11:14:53.514+0000] {dagbag.py:545} INFO - Filling up the DagBag from /home/airflow/.local/lib/python3.12/site-packages/airflow/example_dags/example_sensor_decorator.py
[2026-06-13T11:14:53.522+0000] {processor.py:840} INFO - DAG(s) 'example_sensor_decorator' retrieved from /home/airflow/.local/lib/python3.12/site-packages/airflow/example_dags/example_sensor_decorator.py
[2026-06-13T11:14:53.547+0000] {logging_mixin.py:188} INFO - [2026-06-13T11:14:53.546+0000] {dag.py:3096} INFO - Sync 1 DAGs
[2026-06-13T11:14:53.562+0000] {logging_mixin.py:188} INFO - [2026-06-13T11:14:53.562+0000] {dag.py:3954} INFO - Setting next_dagrun for example_sensor_decorator to None, run_after=None
[2026-06-13T11:14:53.590+0000] {processor.py:183} INFO - Processing /home/airflow/.local/lib/python3.12/site-packages/airflow/example_dags/example_sensor_decorator.py took 0.087 seconds
[2026-06-13T11:15:24.615+0000] {processor.py:161} INFO - Started process (PID=786) to work on /home/airflow/.local/lib/python3.12/site-packages/airflow/example_dags/example_sensor_decorator.py
[2026-06-13T11:15:24.617+0000] {processor.py:830} INFO - Processing file /home/airflow/.local/lib/python3.12/site-packages/airflow/example_dags/example_sensor_decorator.py for tasks to queue
[2026-06-13T11:15:24.619+0000] {logging_mixin.py:188} INFO - [2026-06-13T11:15:24.619+0000] {dagbag.py:545} INFO - Filling up the DagBag from /home/airflow/.local/lib/python3.12/site-packages/airflow/example_dags/example_sensor_decorator.py
[2026-06-13T11:15:24.626+0000] {processor.py:840} INFO - DAG(s) 'example_sensor_decorator' retrieved from /home/airflow/.local/lib/python3.12/site-packages/airflow/example_dags/example_sensor_decorator.py
[2026-06-13T11:15:24.653+0000] {logging_mixin.py:188} INFO - [2026-06-13T11:15:24.653+0000] {dag.py:3096} INFO - Sync 1 DAGs
[2026-06-13T11:15:24.667+0000] {logging_mixin.py:188} INFO - [2026-06-13T11:15:24.667+0000] {dag.py:3954} INFO - Setting next_dagrun for example_sensor_decorator to None, run_after=None
[2026-06-13T11:15:24.694+0000] {processor.py:183} INFO - Processing /home/airflow/.local/lib/python3.12/site-packages/airflow/example_dags/example_sensor_decorator.py took 0.085 seconds
[2026-06-13T11:15:55.315+0000] {processor.py:161} INFO - Started process (PID=845) to work on /home/airflow/.local/lib/python3.12/site-packages/airflow/example_dags/example_sensor_decorator.py
[2026-06-13T11:15:55.317+0000] {processor.py:830} INFO - Processing file /home/airflow/.local/lib/python3.12/site-packages/airflow/example_dags/example_sensor_decorator.py for tasks to queue
[2026-06-13T11:15:55.320+0000] {logging_mixin.py:188} INFO - [2026-06-13T11:15:55.319+0000] {dagbag.py:545} INFO - Filling up the DagBag from /home/airflow/.local/lib/python3.12/site-packages/airflow/example_dags/example_sensor_decorator.py
[2026-06-13T11:15:55.327+0000] {processor.py:840} INFO - DAG(s) 'example_sensor_decorator' retrieved from /home/airflow/.local/lib/python3.12/site-packages/airflow/example_dags/example_sensor_decorator.py
[2026-06-13T11:15:55.354+0000] {logging_mixin.py:188} INFO - [2026-06-13T11:15:55.354+0000] {dag.py:3096} INFO - Sync 1 DAGs
[2026-06-13T11:15:55.369+0000] {logging_mixin.py:188} INFO - [2026-06-13T11:15:55.368+0000] {dag.py:3954} INFO - Setting next_dagrun for example_sensor_decorator to None, run_after=None
[2026-06-13T11:15:55.397+0000] {processor.py:183} INFO - Processing /home/airflow/.local/lib/python3.12/site-packages/airflow/example_dags/example_sensor_decorator.py took 0.088 seconds
[2026-06-13T11:16:26.486+0000] {processor.py:161} INFO - Started process (PID=904) to work on /home/airflow/.local/lib/python3.12/site-packages/airflow/example_dags/example_sensor_decorator.py
[2026-06-13T11:16:26.489+0000] {processor.py:830} INFO - Processing file /home/airflow/.local/lib/python3.12/site-packages/airflow/example_dags/example_sensor_decorator.py for tasks to queue
[2026-06-13T11:16:26.492+0000] {logging_mixin.py:188} INFO - [2026-06-13T11:16:26.491+0000] {dagbag.py:545} INFO - Filling up the DagBag from /home/airflow/.local/lib/python3.12/site-packages/airflow/example_dags/example_sensor_decorator.py
[2026-06-13T11:16:26.502+0000] {processor.py:840} INFO - DAG(s) 'example_sensor_decorator' retrieved from /home/airflow/.local/lib/python3.12/site-packages/airflow/example_dags/example_sensor_decorator.py
[2026-06-13T11:16:26.536+0000] {logging_mixin.py:188} INFO - [2026-06-13T11:16:26.535+0000] {dag.py:3096} INFO - Sync 1 DAGs
[2026-06-13T11:16:26.555+0000] {logging_mixin.py:188} INFO - [2026-06-13T11:16:26.554+0000] {dag.py:3954} INFO - Setting next_dagrun for example_sensor_decorator to None, run_after=None
[2026-06-13T11:16:26.585+0000] {processor.py:183} INFO - Processing /home/airflow/.local/lib/python3.12/site-packages/airflow/example_dags/example_sensor_decorator.py took 0.107 seconds
[2026-06-13T11:16:56.910+0000] {processor.py:161} INFO - Started process (PID=964) to work on /home/airflow/.local/lib/python3.12/site-packages/airflow/example_dags/example_sensor_decorator.py
[2026-06-13T11:16:56.912+0000] {processor.py:830} INFO - Processing file /home/airflow/.local/lib/python3.12/site-packages/airflow/example_dags/example_sensor_decorator.py for tasks to queue
[2026-06-13T11:16:56.916+0000] {logging_mixin.py:188} INFO - [2026-06-13T11:16:56.915+0000] {dagbag.py:545} INFO - Filling up the DagBag from /home/airflow/.local/lib/python3.12/site-packages/airflow/example_dags/example_sensor_decorator.py
[2026-06-13T11:16:56.925+0000] {processor.py:840} INFO - DAG(s) 'example_sensor_decorator' retrieved from /home/airflow/.local/lib/python3.12/site-packages/airflow/example_dags/example_sensor_decorator.py
[2026-06-13T11:16:56.957+0000] {logging_mixin.py:188} INFO - [2026-06-13T11:16:56.956+0000] {dag.py:3096} INFO - Sync 1 DAGs
[2026-06-13T11:16:56.978+0000] {logging_mixin.py:188} INFO - [2026-06-13T11:16:56.978+0000] {dag.py:3954} INFO - Setting next_dagrun for example_sensor_decorator to None, run_after=None
[2026-06-13T11:16:57.009+0000] {processor.py:183} INFO - Processing /home/airflow/.local/lib/python3.12/site-packages/airflow/example_dags/example_sensor_decorator.py took 0.106 seconds
[2026-06-13T11:17:27.356+0000] {processor.py:161} INFO - Started process (PID=1023) to work on /home/airflow/.local/lib/python3.12/site-packages/airflow/example_dags/example_sensor_decorator.py
[2026-06-13T11:17:27.357+0000] {processor.py:830} INFO - Processing file /home/airflow/.local/lib/python3.12/site-packages/airflow/example_dags/example_sensor_decorator.py for tasks to queue
[2026-06-13T11:17:27.360+0000] {logging_mixin.py:188} INFO - [2026-06-13T11:17:27.359+0000] {dagbag.py:545} INFO - Filling up the DagBag from /home/airflow/.local/lib/python3.12/site-packages/airflow/example_dags/example_sensor_decorator.py
[2026-06-13T11:17:27.367+0000] {processor.py:840} INFO - DAG(s) 'example_sensor_decorator' retrieved from /home/airflow/.local/lib/python3.12/site-packages/airflow/example_dags/example_sensor_decorator.py
[2026-06-13T11:17:27.391+0000] {logging_mixin.py:188} INFO - [2026-06-13T11:17:27.391+0000] {dag.py:3096} INFO - Sync 1 DAGs
[2026-06-13T11:17:27.406+0000] {logging_mixin.py:188} INFO - [2026-06-13T11:17:27.406+0000] {dag.py:3954} INFO - Setting next_dagrun for example_sensor_decorator to None, run_after=None
[2026-06-13T11:17:27.431+0000] {processor.py:183} INFO - Processing /home/airflow/.local/lib/python3.12/site-packages/airflow/example_dags/example_sensor_decorator.py took 0.082 seconds
[2026-06-13T11:17:57.547+0000] {processor.py:161} INFO - Started process (PID=1081) to work on /home/airflow/.local/lib/python3.12/site-packages/airflow/example_dags/example_sensor_decorator.py
[2026-06-13T11:17:57.548+0000] {processor.py:830} INFO - Processing file /home/airflow/.local/lib/python3.12/site-packages/airflow/example_dags/example_sensor_decorator.py for tasks to queue
[2026-06-13T11:17:57.551+0000] {logging_mixin.py:188} INFO - [2026-06-13T11:17:57.550+0000] {dagbag.py:545} INFO - Filling up the DagBag from /home/airflow/.local/lib/python3.12/site-packages/airflow/example_dags/example_sensor_decorator.py
[2026-06-13T11:17:57.560+0000] {processor.py:840} INFO - DAG(s) 'example_sensor_decorator' retrieved from /home/airflow/.local/lib/python3.12/site-packages/airflow/example_dags/example_sensor_decorator.py
[2026-06-13T11:17:57.585+0000] {logging_mixin.py:188} INFO - [2026-06-13T11:17:57.585+0000] {dag.py:3096} INFO - Sync 1 DAGs
[2026-06-13T11:17:57.599+0000] {logging_mixin.py:188} INFO - [2026-06-13T11:17:57.598+0000] {dag.py:3954} INFO - Setting next_dagrun for example_sensor_decorator to None, run_after=None
[2026-06-13T11:17:57.625+0000] {processor.py:183} INFO - Processing /home/airflow/.local/lib/python3.12/site-packages/airflow/example_dags/example_sensor_decorator.py took 0.084 seconds
[2026-06-13T11:18:28.340+0000] {processor.py:161} INFO - Started process (PID=1140) to work on /home/airflow/.local/lib/python3.12/site-packages/airflow/example_dags/example_sensor_decorator.py
[2026-06-13T11:18:28.342+0000] {processor.py:830} INFO - Processing file /home/airflow/.local/lib/python3.12/site-packages/airflow/example_dags/example_sensor_decorator.py for tasks to queue
[2026-06-13T11:18:28.345+0000] {logging_mixin.py:188} INFO - [2026-06-13T11:18:28.345+0000] {dagbag.py:545} INFO - Filling up the DagBag from /home/airflow/.local/lib/python3.12/site-packages/airflow/example_dags/example_sensor_decorator.py
[2026-06-13T11:18:28.354+0000] {processor.py:840} INFO - DAG(s) 'example_sensor_decorator' retrieved from /home/airflow/.local/lib/python3.12/site-packages/airflow/example_dags/example_sensor_decorator.py
[2026-06-13T11:18:28.383+0000] {logging_mixin.py:188} INFO - [2026-06-13T11:18:28.383+0000] {dag.py:3096} INFO - Sync 1 DAGs
[2026-06-13T11:18:28.398+0000] {logging_mixin.py:188} INFO - [2026-06-13T11:18:28.398+0000] {dag.py:3954} INFO - Setting next_dagrun for example_sensor_decorator to None, run_after=None
[2026-06-13T11:18:28.428+0000] {processor.py:183} INFO - Processing /home/airflow/.local/lib/python3.12/site-packages/airflow/example_dags/example_sensor_decorator.py took 0.097 seconds
[2026-06-13T11:48:52.686+0000] {processor.py:161} INFO - Started process (PID=1200) to work on /home/airflow/.local/lib/python3.12/site-packages/airflow/example_dags/example_sensor_decorator.py
[2026-06-13T11:48:52.690+0000] {processor.py:830} INFO - Processing file /home/airflow/.local/lib/python3.12/site-packages/airflow/example_dags/example_sensor_decorator.py for tasks to queue
[2026-06-13T11:48:52.695+0000] {logging_mixin.py:188} INFO - [2026-06-13T11:48:52.694+0000] {dagbag.py:545} INFO - Filling up the DagBag from /home/airflow/.local/lib/python3.12/site-packages/airflow/example_dags/example_sensor_decorator.py
[2026-06-13T11:48:52.715+0000] {processor.py:840} INFO - DAG(s) 'example_sensor_decorator' retrieved from /home/airflow/.local/lib/python3.12/site-packages/airflow/example_dags/example_sensor_decorator.py
[2026-06-13T11:48:52.758+0000] {logging_mixin.py:188} INFO - [2026-06-13T11:48:52.757+0000] {dag.py:3096} INFO - Sync 1 DAGs
[2026-06-13T11:48:52.784+0000] {logging_mixin.py:188} INFO - [2026-06-13T11:48:52.784+0000] {dag.py:3954} INFO - Setting next_dagrun for example_sensor_decorator to None, run_after=None
[2026-06-13T11:48:52.828+0000] {processor.py:183} INFO - Processing /home/airflow/.local/lib/python3.12/site-packages/airflow/example_dags/example_sensor_decorator.py took 0.155 seconds
[2026-06-13T11:49:23.575+0000] {processor.py:161} INFO - Started process (PID=1259) to work on /home/airflow/.local/lib/python3.12/site-packages/airflow/example_dags/example_sensor_decorator.py
[2026-06-13T11:49:23.577+0000] {processor.py:830} INFO - Processing file /home/airflow/.local/lib/python3.12/site-packages/airflow/example_dags/example_sensor_decorator.py for tasks to queue
[2026-06-13T11:49:23.580+0000] {logging_mixin.py:188} INFO - [2026-06-13T11:49:23.579+0000] {dagbag.py:545} INFO - Filling up the DagBag from /home/airflow/.local/lib/python3.12/site-packages/airflow/example_dags/example_sensor_decorator.py
[2026-06-13T11:49:23.588+0000] {processor.py:840} INFO - DAG(s) 'example_sensor_decorator' retrieved from /home/airflow/.local/lib/python3.12/site-packages/airflow/example_dags/example_sensor_decorator.py
[2026-06-13T11:49:23.617+0000] {logging_mixin.py:188} INFO - [2026-06-13T11:49:23.616+0000] {dag.py:3096} INFO - Sync 1 DAGs
[2026-06-13T11:49:23.633+0000] {logging_mixin.py:188} INFO - [2026-06-13T11:49:23.632+0000] {dag.py:3954} INFO - Setting next_dagrun for example_sensor_decorator to None, run_after=None
[2026-06-13T11:49:23.660+0000] {processor.py:183} INFO - Processing /home/airflow/.local/lib/python3.12/site-packages/airflow/example_dags/example_sensor_decorator.py took 0.092 seconds
[2026-06-13T11:49:54.105+0000] {processor.py:161} INFO - Started process (PID=1318) to work on /home/airflow/.local/lib/python3.12/site-packages/airflow/example_dags/example_sensor_decorator.py
[2026-06-13T11:49:54.106+0000] {processor.py:830} INFO - Processing file /home/airflow/.local/lib/python3.12/site-packages/airflow/example_dags/example_sensor_decorator.py for tasks to queue
[2026-06-13T11:49:54.109+0000] {logging_mixin.py:188} INFO - [2026-06-13T11:49:54.108+0000] {dagbag.py:545} INFO - Filling up the DagBag from /home/airflow/.local/lib/python3.12/site-packages/airflow/example_dags/example_sensor_decorator.py
[2026-06-13T11:49:54.117+0000] {processor.py:840} INFO - DAG(s) 'example_sensor_decorator' retrieved from /home/airflow/.local/lib/python3.12/site-packages/airflow/example_dags/example_sensor_decorator.py
[2026-06-13T11:49:54.148+0000] {logging_mixin.py:188} INFO - [2026-06-13T11:49:54.147+0000] {dag.py:3096} INFO - Sync 1 DAGs
[2026-06-13T11:49:54.165+0000] {logging_mixin.py:188} INFO - [2026-06-13T11:49:54.165+0000] {dag.py:3954} INFO - Setting next_dagrun for example_sensor_decorator to None, run_after=None
[2026-06-13T11:49:54.194+0000] {processor.py:183} INFO - Processing /home/airflow/.local/lib/python3.12/site-packages/airflow/example_dags/example_sensor_decorator.py took 0.097 seconds
[2026-06-13T11:50:24.747+0000] {processor.py:161} INFO - Started process (PID=1377) to work on /home/airflow/.local/lib/python3.12/site-packages/airflow/example_dags/example_sensor_decorator.py
[2026-06-13T11:50:24.748+0000] {processor.py:830} INFO - Processing file /home/airflow/.local/lib/python3.12/site-packages/airflow/example_dags/example_sensor_decorator.py for tasks to queue
[2026-06-13T11:50:24.751+0000] {logging_mixin.py:188} INFO - [2026-06-13T11:50:24.751+0000] {dagbag.py:545} INFO - Filling up the DagBag from /home/airflow/.local/lib/python3.12/site-packages/airflow/example_dags/example_sensor_decorator.py
[2026-06-13T11:50:24.758+0000] {processor.py:840} INFO - DAG(s) 'example_sensor_decorator' retrieved from /home/airflow/.local/lib/python3.12/site-packages/airflow/example_dags/example_sensor_decorator.py
[2026-06-13T11:50:24.782+0000] {logging_mixin.py:188} INFO - [2026-06-13T11:50:24.782+0000] {dag.py:3096} INFO - Sync 1 DAGs
[2026-06-13T11:50:24.796+0000] {logging_mixin.py:188} INFO - [2026-06-13T11:50:24.796+0000] {dag.py:3954} INFO - Setting next_dagrun for example_sensor_decorator to None, run_after=None
[2026-06-13T11:50:24.822+0000] {processor.py:183} INFO - Processing /home/airflow/.local/lib/python3.12/site-packages/airflow/example_dags/example_sensor_decorator.py took 0.081 seconds
[2026-06-13T11:50:55.462+0000] {processor.py:161} INFO - Started process (PID=1436) to work on /home/airflow/.local/lib/python3.12/site-packages/airflow/example_dags/example_sensor_decorator.py
[2026-06-13T11:50:55.463+0000] {processor.py:830} INFO - Processing file /home/airflow/.local/lib/python3.12/site-packages/airflow/example_dags/example_sensor_decorator.py for tasks to queue
[2026-06-13T11:50:55.466+0000] {logging_mixin.py:188} INFO - [2026-06-13T11:50:55.465+0000] {dagbag.py:545} INFO - Filling up the DagBag from /home/airflow/.local/lib/python3.12/site-packages/airflow/example_dags/example_sensor_decorator.py
[2026-06-13T11:50:55.473+0000] {processor.py:840} INFO - DAG(s) 'example_sensor_decorator' retrieved from /home/airflow/.local/lib/python3.12/site-packages/airflow/example_dags/example_sensor_decorator.py
[2026-06-13T11:50:55.499+0000] {logging_mixin.py:188} INFO - [2026-06-13T11:50:55.499+0000] {dag.py:3096} INFO - Sync 1 DAGs
[2026-06-13T11:50:55.513+0000] {logging_mixin.py:188} INFO - [2026-06-13T11:50:55.513+0000] {dag.py:3954} INFO - Setting next_dagrun for example_sensor_decorator to None, run_after=None
[2026-06-13T11:50:55.540+0000] {processor.py:183} INFO - Processing /home/airflow/.local/lib/python3.12/site-packages/airflow/example_dags/example_sensor_decorator.py took 0.084 seconds
[2026-06-13T11:51:25.978+0000] {processor.py:161} INFO - Started process (PID=1495) to work on /home/airflow/.local/lib/python3.12/site-packages/airflow/example_dags/example_sensor_decorator.py
[2026-06-13T11:51:25.980+0000] {processor.py:830} INFO - Processing file /home/airflow/.local/lib/python3.12/site-packages/airflow/example_dags/example_sensor_decorator.py for tasks to queue
[2026-06-13T11:51:25.983+0000] {logging_mixin.py:188} INFO - [2026-06-13T11:51:25.982+0000] {dagbag.py:545} INFO - Filling up the DagBag from /home/airflow/.local/lib/python3.12/site-packages/airflow/example_dags/example_sensor_decorator.py
[2026-06-13T11:51:25.990+0000] {processor.py:840} INFO - DAG(s) 'example_sensor_decorator' retrieved from /home/airflow/.local/lib/python3.12/site-packages/airflow/example_dags/example_sensor_decorator.py
[2026-06-13T11:51:26.018+0000] {logging_mixin.py:188} INFO - [2026-06-13T11:51:26.018+0000] {dag.py:3096} INFO - Sync 1 DAGs
[2026-06-13T11:51:26.032+0000] {logging_mixin.py:188} INFO - [2026-06-13T11:51:26.032+0000] {dag.py:3954} INFO - Setting next_dagrun for example_sensor_decorator to None, run_after=None
[2026-06-13T11:51:26.063+0000] {processor.py:183} INFO - Processing /home/airflow/.local/lib/python3.12/site-packages/airflow/example_dags/example_sensor_decorator.py took 0.092 seconds
[2026-06-13T11:51:57.390+0000] {processor.py:161} INFO - Started process (PID=1554) to work on /home/airflow/.local/lib/python3.12/site-packages/airflow/example_dags/example_sensor_decorator.py
[2026-06-13T11:51:57.391+0000] {processor.py:830} INFO - Processing file /home/airflow/.local/lib/python3.12/site-packages/airflow/example_dags/example_sensor_decorator.py for tasks to queue
[2026-06-13T11:51:57.394+0000] {logging_mixin.py:188} INFO - [2026-06-13T11:51:57.394+0000] {dagbag.py:545} INFO - Filling up the DagBag from /home/airflow/.local/lib/python3.12/site-packages/airflow/example_dags/example_sensor_decorator.py
[2026-06-13T11:51:57.402+0000] {processor.py:840} INFO - DAG(s) 'example_sensor_decorator' retrieved from /home/airflow/.local/lib/python3.12/site-packages/airflow/example_dags/example_sensor_decorator.py
[2026-06-13T11:51:57.430+0000] {logging_mixin.py:188} INFO - [2026-06-13T11:51:57.430+0000] {dag.py:3096} INFO - Sync 1 DAGs
[2026-06-13T11:51:57.445+0000] {logging_mixin.py:188} INFO - [2026-06-13T11:51:57.444+0000] {dag.py:3954} INFO - Setting next_dagrun for example_sensor_decorator to None, run_after=None
[2026-06-13T11:51:57.471+0000] {processor.py:183} INFO - Processing /home/airflow/.local/lib/python3.12/site-packages/airflow/example_dags/example_sensor_decorator.py took 0.088 seconds
[2026-06-13T11:52:28.863+0000] {processor.py:161} INFO - Started process (PID=1613) to work on /home/airflow/.local/lib/python3.12/site-packages/airflow/example_dags/example_sensor_decorator.py
[2026-06-13T11:52:28.864+0000] {processor.py:830} INFO - Processing file /home/airflow/.local/lib/python3.12/site-packages/airflow/example_dags/example_sensor_decorator.py for tasks to queue
[2026-06-13T11:52:28.867+0000] {logging_mixin.py:188} INFO - [2026-06-13T11:52:28.867+0000] {dagbag.py:545} INFO - Filling up the DagBag from /home/airflow/.local/lib/python3.12/site-packages/airflow/example_dags/example_sensor_decorator.py
[2026-06-13T11:52:28.876+0000] {processor.py:840} INFO - DAG(s) 'example_sensor_decorator' retrieved from /home/airflow/.local/lib/python3.12/site-packages/airflow/example_dags/example_sensor_decorator.py
[2026-06-13T11:52:28.904+0000] {logging_mixin.py:188} INFO - [2026-06-13T11:52:28.904+0000] {dag.py:3096} INFO - Sync 1 DAGs
[2026-06-13T11:52:28.920+0000] {logging_mixin.py:188} INFO - [2026-06-13T11:52:28.920+0000] {dag.py:3954} INFO - Setting next_dagrun for example_sensor_decorator to None, run_after=None
[2026-06-13T11:52:28.947+0000] {processor.py:183} INFO - Processing /home/airflow/.local/lib/python3.12/site-packages/airflow/example_dags/example_sensor_decorator.py took 0.092 seconds
[2026-06-13T11:52:59.461+0000] {processor.py:161} INFO - Started process (PID=1672) to work on /home/airflow/.local/lib/python3.12/site-packages/airflow/example_dags/example_sensor_decorator.py
[2026-06-13T11:52:59.462+0000] {processor.py:830} INFO - Processing file /home/airflow/.local/lib/python3.12/site-packages/airflow/example_dags/example_sensor_decorator.py for tasks to queue
[2026-06-13T11:52:59.465+0000] {logging_mixin.py:188} INFO - [2026-06-13T11:52:59.464+0000] {dagbag.py:545} INFO - Filling up the DagBag from /home/airflow/.local/lib/python3.12/site-packages/airflow/example_dags/example_sensor_decorator.py
[2026-06-13T11:52:59.472+0000] {processor.py:840} INFO - DAG(s) 'example_sensor_decorator' retrieved from /home/airflow/.local/lib/python3.12/site-packages/airflow/example_dags/example_sensor_decorator.py
[2026-06-13T11:52:59.498+0000] {logging_mixin.py:188} INFO - [2026-06-13T11:52:59.498+0000] {dag.py:3096} INFO - Sync 1 DAGs
[2026-06-13T11:52:59.512+0000] {logging_mixin.py:188} INFO - [2026-06-13T11:52:59.512+0000] {dag.py:3954} INFO - Setting next_dagrun for example_sensor_decorator to None, run_after=None
[2026-06-13T11:52:59.540+0000] {processor.py:183} INFO - Processing /home/airflow/.local/lib/python3.12/site-packages/airflow/example_dags/example_sensor_decorator.py took 0.086 seconds
[2026-06-13T11:53:30.176+0000] {processor.py:161} INFO - Started process (PID=1731) to work on /home/airflow/.local/lib/python3.12/site-packages/airflow/example_dags/example_sensor_decorator.py
[2026-06-13T11:53:30.178+0000] {processor.py:830} INFO - Processing file /home/airflow/.local/lib/python3.12/site-packages/airflow/example_dags/example_sensor_decorator.py for tasks to queue
[2026-06-13T11:53:30.180+0000] {logging_mixin.py:188} INFO - [2026-06-13T11:53:30.180+0000] {dagbag.py:545} INFO - Filling up the DagBag from /home/airflow/.local/lib/python3.12/site-packages/airflow/example_dags/example_sensor_decorator.py
[2026-06-13T11:53:30.187+0000] {processor.py:840} INFO - DAG(s) 'example_sensor_decorator' retrieved from /home/airflow/.local/lib/python3.12/site-packages/airflow/example_dags/example_sensor_decorator.py
[2026-06-13T11:53:30.213+0000] {logging_mixin.py:188} INFO - [2026-06-13T11:53:30.212+0000] {dag.py:3096} INFO - Sync 1 DAGs
[2026-06-13T11:53:30.226+0000] {logging_mixin.py:188} INFO - [2026-06-13T11:53:30.226+0000] {dag.py:3954} INFO - Setting next_dagrun for example_sensor_decorator to None, run_after=None
[2026-06-13T11:53:30.252+0000] {processor.py:183} INFO - Processing /home/airflow/.local/lib/python3.12/site-packages/airflow/example_dags/example_sensor_decorator.py took 0.082 seconds
[2026-06-13T11:54:00.654+0000] {processor.py:161} INFO - Started process (PID=1790) to work on /home/airflow/.local/lib/python3.12/site-packages/airflow/example_dags/example_sensor_decorator.py
[2026-06-13T11:54:00.655+0000] {processor.py:830} INFO - Processing file /home/airflow/.local/lib/python3.12/site-packages/airflow/example_dags/example_sensor_decorator.py for tasks to queue
[2026-06-13T11:54:00.659+0000] {logging_mixin.py:188} INFO - [2026-06-13T11:54:00.658+0000] {dagbag.py:545} INFO - Filling up the DagBag from /home/airflow/.local/lib/python3.12/site-packages/airflow/example_dags/example_sensor_decorator.py
[2026-06-13T11:54:00.666+0000] {processor.py:840} INFO - DAG(s) 'example_sensor_decorator' retrieved from /home/airflow/.local/lib/python3.12/site-packages/airflow/example_dags/example_sensor_decorator.py
[2026-06-13T11:54:00.692+0000] {logging_mixin.py:188} INFO - [2026-06-13T11:54:00.691+0000] {dag.py:3096} INFO - Sync 1 DAGs
[2026-06-13T11:54:00.707+0000] {logging_mixin.py:188} INFO - [2026-06-13T11:54:00.706+0000] {dag.py:3954} INFO - Setting next_dagrun for example_sensor_decorator to None, run_after=None
[2026-06-13T11:54:00.736+0000] {processor.py:183} INFO - Processing /home/airflow/.local/lib/python3.12/site-packages/airflow/example_dags/example_sensor_decorator.py took 0.089 seconds
[2026-06-13T11:54:32.031+0000] {processor.py:161} INFO - Started process (PID=1849) to work on /home/airflow/.local/lib/python3.12/site-packages/airflow/example_dags/example_sensor_decorator.py
[2026-06-13T11:54:32.033+0000] {processor.py:830} INFO - Processing file /home/airflow/.local/lib/python3.12/site-packages/airflow/example_dags/example_sensor_decorator.py for tasks to queue
[2026-06-13T11:54:32.036+0000] {logging_mixin.py:188} INFO - [2026-06-13T11:54:32.035+0000] {dagbag.py:545} INFO - Filling up the DagBag from /home/airflow/.local/lib/python3.12/site-packages/airflow/example_dags/example_sensor_decorator.py
[2026-06-13T11:54:32.043+0000] {processor.py:840} INFO - DAG(s) 'example_sensor_decorator' retrieved from /home/airflow/.local/lib/python3.12/site-packages/airflow/example_dags/example_sensor_decorator.py
[2026-06-13T11:54:32.072+0000] {logging_mixin.py:188} INFO - [2026-06-13T11:54:32.072+0000] {dag.py:3096} INFO - Sync 1 DAGs
[2026-06-13T11:54:32.088+0000] {logging_mixin.py:188} INFO - [2026-06-13T11:54:32.088+0000] {dag.py:3954} INFO - Setting next_dagrun for example_sensor_decorator to None, run_after=None
[2026-06-13T11:54:32.261+0000] {processor.py:183} INFO - Processing /home/airflow/.local/lib/python3.12/site-packages/airflow/example_dags/example_sensor_decorator.py took 0.237 seconds
[2026-06-13T11:55:03.100+0000] {processor.py:161} INFO - Started process (PID=1909) to work on /home/airflow/.local/lib/python3.12/site-packages/airflow/example_dags/example_sensor_decorator.py
[2026-06-13T11:55:03.102+0000] {processor.py:830} INFO - Processing file /home/airflow/.local/lib/python3.12/site-packages/airflow/example_dags/example_sensor_decorator.py for tasks to queue
[2026-06-13T11:55:03.105+0000] {logging_mixin.py:188} INFO - [2026-06-13T11:55:03.104+0000] {dagbag.py:545} INFO - Filling up the DagBag from /home/airflow/.local/lib/python3.12/site-packages/airflow/example_dags/example_sensor_decorator.py
[2026-06-13T11:55:03.113+0000] {processor.py:840} INFO - DAG(s) 'example_sensor_decorator' retrieved from /home/airflow/.local/lib/python3.12/site-packages/airflow/example_dags/example_sensor_decorator.py
[2026-06-13T11:55:03.140+0000] {logging_mixin.py:188} INFO - [2026-06-13T11:55:03.140+0000] {dag.py:3096} INFO - Sync 1 DAGs
[2026-06-13T11:55:03.154+0000] {logging_mixin.py:188} INFO - [2026-06-13T11:55:03.154+0000] {dag.py:3954} INFO - Setting next_dagrun for example_sensor_decorator to None, run_after=None
[2026-06-13T11:55:03.180+0000] {processor.py:183} INFO - Processing /home/airflow/.local/lib/python3.12/site-packages/airflow/example_dags/example_sensor_decorator.py took 0.087 seconds
[2026-06-13T11:55:33.370+0000] {processor.py:161} INFO - Started process (PID=1968) to work on /home/airflow/.local/lib/python3.12/site-packages/airflow/example_dags/example_sensor_decorator.py
[2026-06-13T11:55:33.371+0000] {processor.py:830} INFO - Processing file /home/airflow/.local/lib/python3.12/site-packages/airflow/example_dags/example_sensor_decorator.py for tasks to queue
[2026-06-13T11:55:33.374+0000] {logging_mixin.py:188} INFO - [2026-06-13T11:55:33.374+0000] {dagbag.py:545} INFO - Filling up the DagBag from /home/airflow/.local/lib/python3.12/site-packages/airflow/example_dags/example_sensor_decorator.py
[2026-06-13T11:55:33.382+0000] {processor.py:840} INFO - DAG(s) 'example_sensor_decorator' retrieved from /home/airflow/.local/lib/python3.12/site-packages/airflow/example_dags/example_sensor_decorator.py
[2026-06-13T11:55:33.407+0000] {logging_mixin.py:188} INFO - [2026-06-13T11:55:33.407+0000] {dag.py:3096} INFO - Sync 1 DAGs
[2026-06-13T11:55:33.422+0000] {logging_mixin.py:188} INFO - [2026-06-13T11:55:33.421+0000] {dag.py:3954} INFO - Setting next_dagrun for example_sensor_decorator to None, run_after=None
[2026-06-13T11:55:33.447+0000] {processor.py:183} INFO - Processing /home/airflow/.local/lib/python3.12/site-packages/airflow/example_dags/example_sensor_decorator.py took 0.084 seconds
[2026-06-13T11:57:49.588+0000] {processor.py:161} INFO - Started process (PID=2027) to work on /home/airflow/.local/lib/python3.12/site-packages/airflow/example_dags/example_sensor_decorator.py
[2026-06-13T11:57:49.589+0000] {processor.py:830} INFO - Processing file /home/airflow/.local/lib/python3.12/site-packages/airflow/example_dags/example_sensor_decorator.py for tasks to queue
[2026-06-13T11:57:49.592+0000] {logging_mixin.py:188} INFO - [2026-06-13T11:57:49.591+0000] {dagbag.py:545} INFO - Filling up the DagBag from /home/airflow/.local/lib/python3.12/site-packages/airflow/example_dags/example_sensor_decorator.py
[2026-06-13T11:57:49.602+0000] {processor.py:840} INFO - DAG(s) 'example_sensor_decorator' retrieved from /home/airflow/.local/lib/python3.12/site-packages/airflow/example_dags/example_sensor_decorator.py
[2026-06-13T11:57:49.631+0000] {logging_mixin.py:188} INFO - [2026-06-13T11:57:49.631+0000] {dag.py:3096} INFO - Sync 1 DAGs
[2026-06-13T11:57:49.646+0000] {logging_mixin.py:188} INFO - [2026-06-13T11:57:49.645+0000] {dag.py:3954} INFO - Setting next_dagrun for example_sensor_decorator to None, run_after=None
[2026-06-13T11:57:49.673+0000] {processor.py:183} INFO - Processing /home/airflow/.local/lib/python3.12/site-packages/airflow/example_dags/example_sensor_decorator.py took 0.091 seconds
[2026-06-13T11:58:19.928+0000] {processor.py:161} INFO - Started process (PID=2094) to work on /home/airflow/.local/lib/python3.12/site-packages/airflow/example_dags/example_sensor_decorator.py
[2026-06-13T11:58:19.930+0000] {processor.py:830} INFO - Processing file /home/airflow/.local/lib/python3.12/site-packages/airflow/example_dags/example_sensor_decorator.py for tasks to queue
[2026-06-13T11:58:19.933+0000] {logging_mixin.py:188} INFO - [2026-06-13T11:58:19.932+0000] {dagbag.py:545} INFO - Filling up the DagBag from /home/airflow/.local/lib/python3.12/site-packages/airflow/example_dags/example_sensor_decorator.py
[2026-06-13T11:58:19.940+0000] {processor.py:840} INFO - DAG(s) 'example_sensor_decorator' retrieved from /home/airflow/.local/lib/python3.12/site-packages/airflow/example_dags/example_sensor_decorator.py
[2026-06-13T11:58:19.964+0000] {logging_mixin.py:188} INFO - [2026-06-13T11:58:19.963+0000] {dag.py:3096} INFO - Sync 1 DAGs
[2026-06-13T11:58:19.979+0000] {logging_mixin.py:188} INFO - [2026-06-13T11:58:19.978+0000] {dag.py:3954} INFO - Setting next_dagrun for example_sensor_decorator to None, run_after=None
[2026-06-13T11:58:20.004+0000] {processor.py:183} INFO - Processing /home/airflow/.local/lib/python3.12/site-packages/airflow/example_dags/example_sensor_decorator.py took 0.082 seconds
[2026-06-13T11:58:50.730+0000] {processor.py:161} INFO - Started process (PID=2154) to work on /home/airflow/.local/lib/python3.12/site-packages/airflow/example_dags/example_sensor_decorator.py
[2026-06-13T11:58:50.731+0000] {processor.py:830} INFO - Processing file /home/airflow/.local/lib/python3.12/site-packages/airflow/example_dags/example_sensor_decorator.py for tasks to queue
[2026-06-13T11:58:50.735+0000] {logging_mixin.py:188} INFO - [2026-06-13T11:58:50.734+0000] {dagbag.py:545} INFO - Filling up the DagBag from /home/airflow/.local/lib/python3.12/site-packages/airflow/example_dags/example_sensor_decorator.py
[2026-06-13T11:58:50.742+0000] {processor.py:840} INFO - DAG(s) 'example_sensor_decorator' retrieved from /home/airflow/.local/lib/python3.12/site-packages/airflow/example_dags/example_sensor_decorator.py
[2026-06-13T11:58:50.769+0000] {logging_mixin.py:188} INFO - [2026-06-13T11:58:50.768+0000] {dag.py:3096} INFO - Sync 1 DAGs
[2026-06-13T11:58:50.784+0000] {logging_mixin.py:188} INFO - [2026-06-13T11:58:50.784+0000] {dag.py:3954} INFO - Setting next_dagrun for example_sensor_decorator to None, run_after=None
[2026-06-13T11:58:50.811+0000] {processor.py:183} INFO - Processing /home/airflow/.local/lib/python3.12/site-packages/airflow/example_dags/example_sensor_decorator.py took 0.088 seconds
[2026-06-13T11:59:21.523+0000] {processor.py:161} INFO - Started process (PID=2252) to work on /home/airflow/.local/lib/python3.12/site-packages/airflow/example_dags/example_sensor_decorator.py
[2026-06-13T11:59:21.524+0000] {processor.py:830} INFO - Processing file /home/airflow/.local/lib/python3.12/site-packages/airflow/example_dags/example_sensor_decorator.py for tasks to queue
[2026-06-13T11:59:21.527+0000] {logging_mixin.py:188} INFO - [2026-06-13T11:59:21.527+0000] {dagbag.py:545} INFO - Filling up the DagBag from /home/airflow/.local/lib/python3.12/site-packages/airflow/example_dags/example_sensor_decorator.py
[2026-06-13T11:59:21.534+0000] {processor.py:840} INFO - DAG(s) 'example_sensor_decorator' retrieved from /home/airflow/.local/lib/python3.12/site-packages/airflow/example_dags/example_sensor_decorator.py
[2026-06-13T11:59:21.561+0000] {logging_mixin.py:188} INFO - [2026-06-13T11:59:21.560+0000] {dag.py:3096} INFO - Sync 1 DAGs
[2026-06-13T11:59:21.575+0000] {logging_mixin.py:188} INFO - [2026-06-13T11:59:21.575+0000] {dag.py:3954} INFO - Setting next_dagrun for example_sensor_decorator to None, run_after=None
[2026-06-13T11:59:21.600+0000] {processor.py:183} INFO - Processing /home/airflow/.local/lib/python3.12/site-packages/airflow/example_dags/example_sensor_decorator.py took 0.087 seconds
[2026-06-13T11:59:51.740+0000] {processor.py:161} INFO - Started process (PID=2311) to work on /home/airflow/.local/lib/python3.12/site-packages/airflow/example_dags/example_sensor_decorator.py
[2026-06-13T11:59:51.741+0000] {processor.py:830} INFO - Processing file /home/airflow/.local/lib/python3.12/site-packages/airflow/example_dags/example_sensor_decorator.py for tasks to queue
[2026-06-13T11:59:51.744+0000] {logging_mixin.py:188} INFO - [2026-06-13T11:59:51.744+0000] {dagbag.py:545} INFO - Filling up the DagBag from /home/airflow/.local/lib/python3.12/site-packages/airflow/example_dags/example_sensor_decorator.py
[2026-06-13T11:59:51.751+0000] {processor.py:840} INFO - DAG(s) 'example_sensor_decorator' retrieved from /home/airflow/.local/lib/python3.12/site-packages/airflow/example_dags/example_sensor_decorator.py
[2026-06-13T11:59:51.778+0000] {logging_mixin.py:188} INFO - [2026-06-13T11:59:51.777+0000] {dag.py:3096} INFO - Sync 1 DAGs
[2026-06-13T11:59:51.791+0000] {logging_mixin.py:188} INFO - [2026-06-13T11:59:51.791+0000] {dag.py:3954} INFO - Setting next_dagrun for example_sensor_decorator to None, run_after=None
[2026-06-13T11:59:51.817+0000] {processor.py:183} INFO - Processing /home/airflow/.local/lib/python3.12/site-packages/airflow/example_dags/example_sensor_decorator.py took 0.087 seconds
[2026-06-13T12:00:22.263+0000] {processor.py:161} INFO - Started process (PID=2370) to work on /home/airflow/.local/lib/python3.12/site-packages/airflow/example_dags/example_sensor_decorator.py
[2026-06-13T12:00:22.265+0000] {processor.py:830} INFO - Processing file /home/airflow/.local/lib/python3.12/site-packages/airflow/example_dags/example_sensor_decorator.py for tasks to queue
[2026-06-13T12:00:22.267+0000] {logging_mixin.py:188} INFO - [2026-06-13T12:00:22.267+0000] {dagbag.py:545} INFO - Filling up the DagBag from /home/airflow/.local/lib/python3.12/site-packages/airflow/example_dags/example_sensor_decorator.py
[2026-06-13T12:00:22.274+0000] {processor.py:840} INFO - DAG(s) 'example_sensor_decorator' retrieved from /home/airflow/.local/lib/python3.12/site-packages/airflow/example_dags/example_sensor_decorator.py
[2026-06-13T12:00:22.300+0000] {logging_mixin.py:188} INFO - [2026-06-13T12:00:22.300+0000] {dag.py:3096} INFO - Sync 1 DAGs
[2026-06-13T12:00:22.317+0000] {logging_mixin.py:188} INFO - [2026-06-13T12:00:22.316+0000] {dag.py:3954} INFO - Setting next_dagrun for example_sensor_decorator to None, run_after=None
[2026-06-13T12:00:22.347+0000] {processor.py:183} INFO - Processing /home/airflow/.local/lib/python3.12/site-packages/airflow/example_dags/example_sensor_decorator.py took 0.096 seconds
[2026-06-13T12:00:52.633+0000] {processor.py:161} INFO - Started process (PID=2447) to work on /home/airflow/.local/lib/python3.12/site-packages/airflow/example_dags/example_sensor_decorator.py
[2026-06-13T12:00:52.635+0000] {processor.py:830} INFO - Processing file /home/airflow/.local/lib/python3.12/site-packages/airflow/example_dags/example_sensor_decorator.py for tasks to queue
[2026-06-13T12:00:52.638+0000] {logging_mixin.py:188} INFO - [2026-06-13T12:00:52.638+0000] {dagbag.py:545} INFO - Filling up the DagBag from /home/airflow/.local/lib/python3.12/site-packages/airflow/example_dags/example_sensor_decorator.py
[2026-06-13T12:00:52.646+0000] {processor.py:840} INFO - DAG(s) 'example_sensor_decorator' retrieved from /home/airflow/.local/lib/python3.12/site-packages/airflow/example_dags/example_sensor_decorator.py
[2026-06-13T12:00:52.675+0000] {logging_mixin.py:188} INFO - [2026-06-13T12:00:52.674+0000] {dag.py:3096} INFO - Sync 1 DAGs
[2026-06-13T12:00:52.689+0000] {logging_mixin.py:188} INFO - [2026-06-13T12:00:52.689+0000] {dag.py:3954} INFO - Setting next_dagrun for example_sensor_decorator to None, run_after=None
[2026-06-13T12:00:52.719+0000] {processor.py:183} INFO - Processing /home/airflow/.local/lib/python3.12/site-packages/airflow/example_dags/example_sensor_decorator.py took 0.097 seconds
[2026-06-13T12:01:23.913+0000] {processor.py:161} INFO - Started process (PID=2506) to work on /home/airflow/.local/lib/python3.12/site-packages/airflow/example_dags/example_sensor_decorator.py
[2026-06-13T12:01:23.915+0000] {processor.py:830} INFO - Processing file /home/airflow/.local/lib/python3.12/site-packages/airflow/example_dags/example_sensor_decorator.py for tasks to queue
[2026-06-13T12:01:23.919+0000] {logging_mixin.py:188} INFO - [2026-06-13T12:01:23.918+0000] {dagbag.py:545} INFO - Filling up the DagBag from /home/airflow/.local/lib/python3.12/site-packages/airflow/example_dags/example_sensor_decorator.py
[2026-06-13T12:01:23.927+0000] {processor.py:840} INFO - DAG(s) 'example_sensor_decorator' retrieved from /home/airflow/.local/lib/python3.12/site-packages/airflow/example_dags/example_sensor_decorator.py
[2026-06-13T12:01:23.954+0000] {logging_mixin.py:188} INFO - [2026-06-13T12:01:23.954+0000] {dag.py:3096} INFO - Sync 1 DAGs
[2026-06-13T12:01:23.969+0000] {logging_mixin.py:188} INFO - [2026-06-13T12:01:23.969+0000] {dag.py:3954} INFO - Setting next_dagrun for example_sensor_decorator to None, run_after=None
[2026-06-13T12:01:23.996+0000] {processor.py:183} INFO - Processing /home/airflow/.local/lib/python3.12/site-packages/airflow/example_dags/example_sensor_decorator.py took 0.097 seconds
[2026-06-13T12:01:54.186+0000] {processor.py:161} INFO - Started process (PID=2565) to work on /home/airflow/.local/lib/python3.12/site-packages/airflow/example_dags/example_sensor_decorator.py
[2026-06-13T12:01:54.187+0000] {processor.py:830} INFO - Processing file /home/airflow/.local/lib/python3.12/site-packages/airflow/example_dags/example_sensor_decorator.py for tasks to queue
[2026-06-13T12:01:54.190+0000] {logging_mixin.py:188} INFO - [2026-06-13T12:01:54.189+0000] {dagbag.py:545} INFO - Filling up the DagBag from /home/airflow/.local/lib/python3.12/site-packages/airflow/example_dags/example_sensor_decorator.py
[2026-06-13T12:01:54.196+0000] {processor.py:840} INFO - DAG(s) 'example_sensor_decorator' retrieved from /home/airflow/.local/lib/python3.12/site-packages/airflow/example_dags/example_sensor_decorator.py
[2026-06-13T12:01:54.223+0000] {logging_mixin.py:188} INFO - [2026-06-13T12:01:54.223+0000] {dag.py:3096} INFO - Sync 1 DAGs
[2026-06-13T12:01:54.238+0000] {logging_mixin.py:188} INFO - [2026-06-13T12:01:54.238+0000] {dag.py:3954} INFO - Setting next_dagrun for example_sensor_decorator to None, run_after=None
[2026-06-13T12:01:54.264+0000] {processor.py:183} INFO - Processing /home/airflow/.local/lib/python3.12/site-packages/airflow/example_dags/example_sensor_decorator.py took 0.088 seconds
[2026-06-13T12:02:24.895+0000] {processor.py:161} INFO - Started process (PID=2632) to work on /home/airflow/.local/lib/python3.12/site-packages/airflow/example_dags/example_sensor_decorator.py
[2026-06-13T12:02:24.898+0000] {processor.py:830} INFO - Processing file /home/airflow/.local/lib/python3.12/site-packages/airflow/example_dags/example_sensor_decorator.py for tasks to queue
[2026-06-13T12:02:24.902+0000] {logging_mixin.py:188} INFO - [2026-06-13T12:02:24.901+0000] {dagbag.py:545} INFO - Filling up the DagBag from /home/airflow/.local/lib/python3.12/site-packages/airflow/example_dags/example_sensor_decorator.py
[2026-06-13T12:02:24.910+0000] {processor.py:840} INFO - DAG(s) 'example_sensor_decorator' retrieved from /home/airflow/.local/lib/python3.12/site-packages/airflow/example_dags/example_sensor_decorator.py
[2026-06-13T12:02:24.944+0000] {logging_mixin.py:188} INFO - [2026-06-13T12:02:24.944+0000] {dag.py:3096} INFO - Sync 1 DAGs
[2026-06-13T12:02:24.959+0000] {logging_mixin.py:188} INFO - [2026-06-13T12:02:24.959+0000] {dag.py:3954} INFO - Setting next_dagrun for example_sensor_decorator to None, run_after=None
[2026-06-13T12:02:24.991+0000] {processor.py:183} INFO - Processing /home/airflow/.local/lib/python3.12/site-packages/airflow/example_dags/example_sensor_decorator.py took 0.107 seconds
[2026-06-13T12:02:55.143+0000] {processor.py:161} INFO - Started process (PID=2747) to work on /home/airflow/.local/lib/python3.12/site-packages/airflow/example_dags/example_sensor_decorator.py
[2026-06-13T12:02:55.145+0000] {processor.py:830} INFO - Processing file /home/airflow/.local/lib/python3.12/site-packages/airflow/example_dags/example_sensor_decorator.py for tasks to queue
[2026-06-13T12:02:55.148+0000] {logging_mixin.py:188} INFO - [2026-06-13T12:02:55.147+0000] {dagbag.py:545} INFO - Filling up the DagBag from /home/airflow/.local/lib/python3.12/site-packages/airflow/example_dags/example_sensor_decorator.py
[2026-06-13T12:02:55.155+0000] {processor.py:840} INFO - DAG(s) 'example_sensor_decorator' retrieved from /home/airflow/.local/lib/python3.12/site-packages/airflow/example_dags/example_sensor_decorator.py
[2026-06-13T12:02:55.183+0000] {logging_mixin.py:188} INFO - [2026-06-13T12:02:55.183+0000] {dag.py:3096} INFO - Sync 1 DAGs
[2026-06-13T12:02:55.198+0000] {logging_mixin.py:188} INFO - [2026-06-13T12:02:55.198+0000] {dag.py:3954} INFO - Setting next_dagrun for example_sensor_decorator to None, run_after=None
[2026-06-13T12:02:55.224+0000] {processor.py:183} INFO - Processing /home/airflow/.local/lib/python3.12/site-packages/airflow/example_dags/example_sensor_decorator.py took 0.091 seconds
[2026-06-13T12:03:25.651+0000] {processor.py:161} INFO - Started process (PID=2806) to work on /home/airflow/.local/lib/python3.12/site-packages/airflow/example_dags/example_sensor_decorator.py
[2026-06-13T12:03:25.653+0000] {processor.py:830} INFO - Processing file /home/airflow/.local/lib/python3.12/site-packages/airflow/example_dags/example_sensor_decorator.py for tasks to queue
[2026-06-13T12:03:25.656+0000] {logging_mixin.py:188} INFO - [2026-06-13T12:03:25.655+0000] {dagbag.py:545} INFO - Filling up the DagBag from /home/airflow/.local/lib/python3.12/site-packages/airflow/example_dags/example_sensor_decorator.py
[2026-06-13T12:03:25.663+0000] {processor.py:840} INFO - DAG(s) 'example_sensor_decorator' retrieved from /home/airflow/.local/lib/python3.12/site-packages/airflow/example_dags/example_sensor_decorator.py
[2026-06-13T12:03:25.686+0000] {logging_mixin.py:188} INFO - [2026-06-13T12:03:25.686+0000] {dag.py:3096} INFO - Sync 1 DAGs
[2026-06-13T12:03:25.703+0000] {logging_mixin.py:188} INFO - [2026-06-13T12:03:25.702+0000] {dag.py:3954} INFO - Setting next_dagrun for example_sensor_decorator to None, run_after=None
[2026-06-13T12:03:25.732+0000] {processor.py:183} INFO - Processing /home/airflow/.local/lib/python3.12/site-packages/airflow/example_dags/example_sensor_decorator.py took 0.092 seconds
[2026-06-13T12:03:56.347+0000] {processor.py:161} INFO - Started process (PID=2865) to work on /home/airflow/.local/lib/python3.12/site-packages/airflow/example_dags/example_sensor_decorator.py
[2026-06-13T12:03:56.349+0000] {processor.py:830} INFO - Processing file /home/airflow/.local/lib/python3.12/site-packages/airflow/example_dags/example_sensor_decorator.py for tasks to queue
[2026-06-13T12:03:56.353+0000] {logging_mixin.py:188} INFO - [2026-06-13T12:03:56.352+0000] {dagbag.py:545} INFO - Filling up the DagBag from /home/airflow/.local/lib/python3.12/site-packages/airflow/example_dags/example_sensor_decorator.py
[2026-06-13T12:03:56.359+0000] {processor.py:840} INFO - DAG(s) 'example_sensor_decorator' retrieved from /home/airflow/.local/lib/python3.12/site-packages/airflow/example_dags/example_sensor_decorator.py
[2026-06-13T12:03:56.387+0000] {logging_mixin.py:188} INFO - [2026-06-13T12:03:56.387+0000] {dag.py:3096} INFO - Sync 1 DAGs
[2026-06-13T12:03:56.403+0000] {logging_mixin.py:188} INFO - [2026-06-13T12:03:56.402+0000] {dag.py:3954} INFO - Setting next_dagrun for example_sensor_decorator to None, run_after=None
[2026-06-13T12:03:56.430+0000] {processor.py:183} INFO - Processing /home/airflow/.local/lib/python3.12/site-packages/airflow/example_dags/example_sensor_decorator.py took 0.093 seconds
[2026-06-13T12:04:26.829+0000] {processor.py:161} INFO - Started process (PID=2939) to work on /home/airflow/.local/lib/python3.12/site-packages/airflow/example_dags/example_sensor_decorator.py
[2026-06-13T12:04:26.831+0000] {processor.py:830} INFO - Processing file /home/airflow/.local/lib/python3.12/site-packages/airflow/example_dags/example_sensor_decorator.py for tasks to queue
[2026-06-13T12:04:26.834+0000] {logging_mixin.py:188} INFO - [2026-06-13T12:04:26.834+0000] {dagbag.py:545} INFO - Filling up the DagBag from /home/airflow/.local/lib/python3.12/site-packages/airflow/example_dags/example_sensor_decorator.py
[2026-06-13T12:04:26.842+0000] {processor.py:840} INFO - DAG(s) 'example_sensor_decorator' retrieved from /home/airflow/.local/lib/python3.12/site-packages/airflow/example_dags/example_sensor_decorator.py
[2026-06-13T12:04:26.867+0000] {logging_mixin.py:188} INFO - [2026-06-13T12:04:26.866+0000] {dag.py:3096} INFO - Sync 1 DAGs
[2026-06-13T12:04:26.881+0000] {logging_mixin.py:188} INFO - [2026-06-13T12:04:26.881+0000] {dag.py:3954} INFO - Setting next_dagrun for example_sensor_decorator to None, run_after=None
[2026-06-13T12:04:26.906+0000] {processor.py:183} INFO - Processing /home/airflow/.local/lib/python3.12/site-packages/airflow/example_dags/example_sensor_decorator.py took 0.087 seconds
[2026-06-13T12:04:57.364+0000] {processor.py:161} INFO - Started process (PID=2998) to work on /home/airflow/.local/lib/python3.12/site-packages/airflow/example_dags/example_sensor_decorator.py
[2026-06-13T12:04:57.366+0000] {processor.py:830} INFO - Processing file /home/airflow/.local/lib/python3.12/site-packages/airflow/example_dags/example_sensor_decorator.py for tasks to queue
[2026-06-13T12:04:57.369+0000] {logging_mixin.py:188} INFO - [2026-06-13T12:04:57.369+0000] {dagbag.py:545} INFO - Filling up the DagBag from /home/airflow/.local/lib/python3.12/site-packages/airflow/example_dags/example_sensor_decorator.py
[2026-06-13T12:04:57.376+0000] {processor.py:840} INFO - DAG(s) 'example_sensor_decorator' retrieved from /home/airflow/.local/lib/python3.12/site-packages/airflow/example_dags/example_sensor_decorator.py
[2026-06-13T12:04:57.402+0000] {logging_mixin.py:188} INFO - [2026-06-13T12:04:57.402+0000] {dag.py:3096} INFO - Sync 1 DAGs
[2026-06-13T12:04:57.416+0000] {logging_mixin.py:188} INFO - [2026-06-13T12:04:57.415+0000] {dag.py:3954} INFO - Setting next_dagrun for example_sensor_decorator to None, run_after=None
[2026-06-13T12:04:57.443+0000] {processor.py:183} INFO - Processing /home/airflow/.local/lib/python3.12/site-packages/airflow/example_dags/example_sensor_decorator.py took 0.089 seconds
[2026-06-13T12:05:27.584+0000] {processor.py:161} INFO - Started process (PID=3057) to work on /home/airflow/.local/lib/python3.12/site-packages/airflow/example_dags/example_sensor_decorator.py
[2026-06-13T12:05:27.586+0000] {processor.py:830} INFO - Processing file /home/airflow/.local/lib/python3.12/site-packages/airflow/example_dags/example_sensor_decorator.py for tasks to queue
[2026-06-13T12:05:27.589+0000] {logging_mixin.py:188} INFO - [2026-06-13T12:05:27.589+0000] {dagbag.py:545} INFO - Filling up the DagBag from /home/airflow/.local/lib/python3.12/site-packages/airflow/example_dags/example_sensor_decorator.py
[2026-06-13T12:05:27.596+0000] {processor.py:840} INFO - DAG(s) 'example_sensor_decorator' retrieved from /home/airflow/.local/lib/python3.12/site-packages/airflow/example_dags/example_sensor_decorator.py
[2026-06-13T12:05:27.619+0000] {logging_mixin.py:188} INFO - [2026-06-13T12:05:27.619+0000] {dag.py:3096} INFO - Sync 1 DAGs
[2026-06-13T12:05:27.634+0000] {logging_mixin.py:188} INFO - [2026-06-13T12:05:27.633+0000] {dag.py:3954} INFO - Setting next_dagrun for example_sensor_decorator to None, run_after=None
[2026-06-13T12:05:27.659+0000] {processor.py:183} INFO - Processing /home/airflow/.local/lib/python3.12/site-packages/airflow/example_dags/example_sensor_decorator.py took 0.085 seconds
[2026-06-13T12:05:58.224+0000] {processor.py:161} INFO - Started process (PID=3117) to work on /home/airflow/.local/lib/python3.12/site-packages/airflow/example_dags/example_sensor_decorator.py
[2026-06-13T12:05:58.225+0000] {processor.py:830} INFO - Processing file /home/airflow/.local/lib/python3.12/site-packages/airflow/example_dags/example_sensor_decorator.py for tasks to queue
[2026-06-13T12:05:58.228+0000] {logging_mixin.py:188} INFO - [2026-06-13T12:05:58.228+0000] {dagbag.py:545} INFO - Filling up the DagBag from /home/airflow/.local/lib/python3.12/site-packages/airflow/example_dags/example_sensor_decorator.py
[2026-06-13T12:05:58.235+0000] {processor.py:840} INFO - DAG(s) 'example_sensor_decorator' retrieved from /home/airflow/.local/lib/python3.12/site-packages/airflow/example_dags/example_sensor_decorator.py
[2026-06-13T12:05:58.260+0000] {logging_mixin.py:188} INFO - [2026-06-13T12:05:58.260+0000] {dag.py:3096} INFO - Sync 1 DAGs
[2026-06-13T12:05:58.276+0000] {logging_mixin.py:188} INFO - [2026-06-13T12:05:58.275+0000] {dag.py:3954} INFO - Setting next_dagrun for example_sensor_decorator to None, run_after=None
[2026-06-13T12:05:58.302+0000] {processor.py:183} INFO - Processing /home/airflow/.local/lib/python3.12/site-packages/airflow/example_dags/example_sensor_decorator.py took 0.087 seconds
[2026-06-13T12:06:28.460+0000] {processor.py:161} INFO - Started process (PID=3176) to work on /home/airflow/.local/lib/python3.12/site-packages/airflow/example_dags/example_sensor_decorator.py
[2026-06-13T12:06:28.462+0000] {processor.py:830} INFO - Processing file /home/airflow/.local/lib/python3.12/site-packages/airflow/example_dags/example_sensor_decorator.py for tasks to queue
[2026-06-13T12:06:28.465+0000] {logging_mixin.py:188} INFO - [2026-06-13T12:06:28.464+0000] {dagbag.py:545} INFO - Filling up the DagBag from /home/airflow/.local/lib/python3.12/site-packages/airflow/example_dags/example_sensor_decorator.py
[2026-06-13T12:06:28.472+0000] {processor.py:840} INFO - DAG(s) 'example_sensor_decorator' retrieved from /home/airflow/.local/lib/python3.12/site-packages/airflow/example_dags/example_sensor_decorator.py
[2026-06-13T12:06:28.498+0000] {logging_mixin.py:188} INFO - [2026-06-13T12:06:28.498+0000] {dag.py:3096} INFO - Sync 1 DAGs
[2026-06-13T12:06:28.513+0000] {logging_mixin.py:188} INFO - [2026-06-13T12:06:28.512+0000] {dag.py:3954} INFO - Setting next_dagrun for example_sensor_decorator to None, run_after=None
[2026-06-13T12:06:28.540+0000] {processor.py:183} INFO - Processing /home/airflow/.local/lib/python3.12/site-packages/airflow/example_dags/example_sensor_decorator.py took 0.090 seconds
[2026-06-13T12:06:58.791+0000] {processor.py:161} INFO - Started process (PID=3235) to work on /home/airflow/.local/lib/python3.12/site-packages/airflow/example_dags/example_sensor_decorator.py
[2026-06-13T12:06:58.793+0000] {processor.py:830} INFO - Processing file /home/airflow/.local/lib/python3.12/site-packages/airflow/example_dags/example_sensor_decorator.py for tasks to queue
[2026-06-13T12:06:58.796+0000] {logging_mixin.py:188} INFO - [2026-06-13T12:06:58.795+0000] {dagbag.py:545} INFO - Filling up the DagBag from /home/airflow/.local/lib/python3.12/site-packages/airflow/example_dags/example_sensor_decorator.py
[2026-06-13T12:06:58.802+0000] {processor.py:840} INFO - DAG(s) 'example_sensor_decorator' retrieved from /home/airflow/.local/lib/python3.12/site-packages/airflow/example_dags/example_sensor_decorator.py
[2026-06-13T12:06:58.828+0000] {logging_mixin.py:188} INFO - [2026-06-13T12:06:58.828+0000] {dag.py:3096} INFO - Sync 1 DAGs
[2026-06-13T12:06:58.843+0000] {logging_mixin.py:188} INFO - [2026-06-13T12:06:58.843+0000] {dag.py:3954} INFO - Setting next_dagrun for example_sensor_decorator to None, run_after=None
[2026-06-13T12:06:58.869+0000] {processor.py:183} INFO - Processing /home/airflow/.local/lib/python3.12/site-packages/airflow/example_dags/example_sensor_decorator.py took 0.088 seconds
[2026-06-13T12:07:29.281+0000] {processor.py:161} INFO - Started process (PID=3294) to work on /home/airflow/.local/lib/python3.12/site-packages/airflow/example_dags/example_sensor_decorator.py
[2026-06-13T12:07:29.283+0000] {processor.py:830} INFO - Processing file /home/airflow/.local/lib/python3.12/site-packages/airflow/example_dags/example_sensor_decorator.py for tasks to queue
[2026-06-13T12:07:29.286+0000] {logging_mixin.py:188} INFO - [2026-06-13T12:07:29.285+0000] {dagbag.py:545} INFO - Filling up the DagBag from /home/airflow/.local/lib/python3.12/site-packages/airflow/example_dags/example_sensor_decorator.py
[2026-06-13T12:07:29.293+0000] {processor.py:840} INFO - DAG(s) 'example_sensor_decorator' retrieved from /home/airflow/.local/lib/python3.12/site-packages/airflow/example_dags/example_sensor_decorator.py
[2026-06-13T12:07:29.319+0000] {logging_mixin.py:188} INFO - [2026-06-13T12:07:29.319+0000] {dag.py:3096} INFO - Sync 1 DAGs
[2026-06-13T12:07:29.334+0000] {logging_mixin.py:188} INFO - [2026-06-13T12:07:29.333+0000] {dag.py:3954} INFO - Setting next_dagrun for example_sensor_decorator to None, run_after=None
[2026-06-13T12:07:29.360+0000] {processor.py:183} INFO - Processing /home/airflow/.local/lib/python3.12/site-packages/airflow/example_dags/example_sensor_decorator.py took 0.089 seconds
[2026-06-13T12:08:00.299+0000] {processor.py:161} INFO - Started process (PID=3353) to work on /home/airflow/.local/lib/python3.12/site-packages/airflow/example_dags/example_sensor_decorator.py
[2026-06-13T12:08:00.300+0000] {processor.py:830} INFO - Processing file /home/airflow/.local/lib/python3.12/site-packages/airflow/example_dags/example_sensor_decorator.py for tasks to queue
[2026-06-13T12:08:00.303+0000] {logging_mixin.py:188} INFO - [2026-06-13T12:08:00.302+0000] {dagbag.py:545} INFO - Filling up the DagBag from /home/airflow/.local/lib/python3.12/site-packages/airflow/example_dags/example_sensor_decorator.py
[2026-06-13T12:08:00.310+0000] {processor.py:840} INFO - DAG(s) 'example_sensor_decorator' retrieved from /home/airflow/.local/lib/python3.12/site-packages/airflow/example_dags/example_sensor_decorator.py
[2026-06-13T12:08:00.336+0000] {logging_mixin.py:188} INFO - [2026-06-13T12:08:00.336+0000] {dag.py:3096} INFO - Sync 1 DAGs
[2026-06-13T12:08:00.351+0000] {logging_mixin.py:188} INFO - [2026-06-13T12:08:00.351+0000] {dag.py:3954} INFO - Setting next_dagrun for example_sensor_decorator to None, run_after=None
[2026-06-13T12:08:00.377+0000] {processor.py:183} INFO - Processing /home/airflow/.local/lib/python3.12/site-packages/airflow/example_dags/example_sensor_decorator.py took 0.088 seconds
[2026-06-13T12:08:30.670+0000] {processor.py:161} INFO - Started process (PID=3412) to work on /home/airflow/.local/lib/python3.12/site-packages/airflow/example_dags/example_sensor_decorator.py
[2026-06-13T12:08:30.672+0000] {processor.py:830} INFO - Processing file /home/airflow/.local/lib/python3.12/site-packages/airflow/example_dags/example_sensor_decorator.py for tasks to queue
[2026-06-13T12:08:30.675+0000] {logging_mixin.py:188} INFO - [2026-06-13T12:08:30.675+0000] {dagbag.py:545} INFO - Filling up the DagBag from /home/airflow/.local/lib/python3.12/site-packages/airflow/example_dags/example_sensor_decorator.py
[2026-06-13T12:08:30.683+0000] {processor.py:840} INFO - DAG(s) 'example_sensor_decorator' retrieved from /home/airflow/.local/lib/python3.12/site-packages/airflow/example_dags/example_sensor_decorator.py
[2026-06-13T12:08:30.709+0000] {logging_mixin.py:188} INFO - [2026-06-13T12:08:30.708+0000] {dag.py:3096} INFO - Sync 1 DAGs
[2026-06-13T12:08:30.723+0000] {logging_mixin.py:188} INFO - [2026-06-13T12:08:30.723+0000] {dag.py:3954} INFO - Setting next_dagrun for example_sensor_decorator to None, run_after=None
[2026-06-13T12:08:30.750+0000] {processor.py:183} INFO - Processing /home/airflow/.local/lib/python3.12/site-packages/airflow/example_dags/example_sensor_decorator.py took 0.092 seconds
[2026-06-13T12:09:00.997+0000] {processor.py:161} INFO - Started process (PID=3471) to work on /home/airflow/.local/lib/python3.12/site-packages/airflow/example_dags/example_sensor_decorator.py
[2026-06-13T12:09:00.999+0000] {processor.py:830} INFO - Processing file /home/airflow/.local/lib/python3.12/site-packages/airflow/example_dags/example_sensor_decorator.py for tasks to queue
[2026-06-13T12:09:01.002+0000] {logging_mixin.py:188} INFO - [2026-06-13T12:09:01.002+0000] {dagbag.py:545} INFO - Filling up the DagBag from /home/airflow/.local/lib/python3.12/site-packages/airflow/example_dags/example_sensor_decorator.py
[2026-06-13T12:09:01.010+0000] {processor.py:840} INFO - DAG(s) 'example_sensor_decorator' retrieved from /home/airflow/.local/lib/python3.12/site-packages/airflow/example_dags/example_sensor_decorator.py
[2026-06-13T12:09:01.040+0000] {logging_mixin.py:188} INFO - [2026-06-13T12:09:01.040+0000] {dag.py:3096} INFO - Sync 1 DAGs
[2026-06-13T12:09:01.055+0000] {logging_mixin.py:188} INFO - [2026-06-13T12:09:01.055+0000] {dag.py:3954} INFO - Setting next_dagrun for example_sensor_decorator to None, run_after=None
[2026-06-13T12:09:01.084+0000] {processor.py:183} INFO - Processing /home/airflow/.local/lib/python3.12/site-packages/airflow/example_dags/example_sensor_decorator.py took 0.098 seconds
[2026-06-13T12:09:31.587+0000] {processor.py:161} INFO - Started process (PID=3530) to work on /home/airflow/.local/lib/python3.12/site-packages/airflow/example_dags/example_sensor_decorator.py
[2026-06-13T12:09:31.589+0000] {processor.py:830} INFO - Processing file /home/airflow/.local/lib/python3.12/site-packages/airflow/example_dags/example_sensor_decorator.py for tasks to queue
[2026-06-13T12:09:31.591+0000] {logging_mixin.py:188} INFO - [2026-06-13T12:09:31.591+0000] {dagbag.py:545} INFO - Filling up the DagBag from /home/airflow/.local/lib/python3.12/site-packages/airflow/example_dags/example_sensor_decorator.py
[2026-06-13T12:09:31.598+0000] {processor.py:840} INFO - DAG(s) 'example_sensor_decorator' retrieved from /home/airflow/.local/lib/python3.12/site-packages/airflow/example_dags/example_sensor_decorator.py
[2026-06-13T12:09:31.625+0000] {logging_mixin.py:188} INFO - [2026-06-13T12:09:31.624+0000] {dag.py:3096} INFO - Sync 1 DAGs
[2026-06-13T12:09:31.640+0000] {logging_mixin.py:188} INFO - [2026-06-13T12:09:31.640+0000] {dag.py:3954} INFO - Setting next_dagrun for example_sensor_decorator to None, run_after=None
[2026-06-13T12:09:31.667+0000] {processor.py:183} INFO - Processing /home/airflow/.local/lib/python3.12/site-packages/airflow/example_dags/example_sensor_decorator.py took 0.090 seconds
[2026-06-13T12:10:02.687+0000] {processor.py:161} INFO - Started process (PID=3589) to work on /home/airflow/.local/lib/python3.12/site-packages/airflow/example_dags/example_sensor_decorator.py
[2026-06-13T12:10:02.689+0000] {processor.py:830} INFO - Processing file /home/airflow/.local/lib/python3.12/site-packages/airflow/example_dags/example_sensor_decorator.py for tasks to queue
[2026-06-13T12:10:02.692+0000] {logging_mixin.py:188} INFO - [2026-06-13T12:10:02.691+0000] {dagbag.py:545} INFO - Filling up the DagBag from /home/airflow/.local/lib/python3.12/site-packages/airflow/example_dags/example_sensor_decorator.py
[2026-06-13T12:10:02.703+0000] {processor.py:840} INFO - DAG(s) 'example_sensor_decorator' retrieved from /home/airflow/.local/lib/python3.12/site-packages/airflow/example_dags/example_sensor_decorator.py
[2026-06-13T12:10:02.729+0000] {logging_mixin.py:188} INFO - [2026-06-13T12:10:02.729+0000] {dag.py:3096} INFO - Sync 1 DAGs
[2026-06-13T12:10:02.748+0000] {logging_mixin.py:188} INFO - [2026-06-13T12:10:02.748+0000] {dag.py:3954} INFO - Setting next_dagrun for example_sensor_decorator to None, run_after=None
[2026-06-13T12:10:02.779+0000] {processor.py:183} INFO - Processing /home/airflow/.local/lib/python3.12/site-packages/airflow/example_dags/example_sensor_decorator.py took 0.104 seconds
[2026-06-13T12:14:38.897+0000] {processor.py:161} INFO - Started process (PID=3629) to work on /home/airflow/.local/lib/python3.12/site-packages/airflow/example_dags/example_sensor_decorator.py
[2026-06-13T12:14:38.898+0000] {processor.py:830} INFO - Processing file /home/airflow/.local/lib/python3.12/site-packages/airflow/example_dags/example_sensor_decorator.py for tasks to queue
[2026-06-13T12:14:38.901+0000] {logging_mixin.py:188} INFO - [2026-06-13T12:14:38.900+0000] {dagbag.py:545} INFO - Filling up the DagBag from /home/airflow/.local/lib/python3.12/site-packages/airflow/example_dags/example_sensor_decorator.py
[2026-06-13T12:14:38.907+0000] {processor.py:840} INFO - DAG(s) 'example_sensor_decorator' retrieved from /home/airflow/.local/lib/python3.12/site-packages/airflow/example_dags/example_sensor_decorator.py
[2026-06-13T12:14:38.934+0000] {logging_mixin.py:188} INFO - [2026-06-13T12:14:38.933+0000] {dag.py:3096} INFO - Sync 1 DAGs
[2026-06-13T12:14:38.948+0000] {logging_mixin.py:188} INFO - [2026-06-13T12:14:38.948+0000] {dag.py:3954} INFO - Setting next_dagrun for example_sensor_decorator to None, run_after=None
[2026-06-13T12:14:38.976+0000] {processor.py:183} INFO - Processing /home/airflow/.local/lib/python3.12/site-packages/airflow/example_dags/example_sensor_decorator.py took 0.090 seconds
[2026-06-13T12:15:10.222+0000] {processor.py:161} INFO - Started process (PID=3688) to work on /home/airflow/.local/lib/python3.12/site-packages/airflow/example_dags/example_sensor_decorator.py
[2026-06-13T12:15:10.224+0000] {processor.py:830} INFO - Processing file /home/airflow/.local/lib/python3.12/site-packages/airflow/example_dags/example_sensor_decorator.py for tasks to queue
[2026-06-13T12:15:10.227+0000] {logging_mixin.py:188} INFO - [2026-06-13T12:15:10.226+0000] {dagbag.py:545} INFO - Filling up the DagBag from /home/airflow/.local/lib/python3.12/site-packages/airflow/example_dags/example_sensor_decorator.py
[2026-06-13T12:15:10.233+0000] {processor.py:840} INFO - DAG(s) 'example_sensor_decorator' retrieved from /home/airflow/.local/lib/python3.12/site-packages/airflow/example_dags/example_sensor_decorator.py
[2026-06-13T12:15:10.257+0000] {logging_mixin.py:188} INFO - [2026-06-13T12:15:10.257+0000] {dag.py:3096} INFO - Sync 1 DAGs
[2026-06-13T12:15:10.272+0000] {logging_mixin.py:188} INFO - [2026-06-13T12:15:10.272+0000] {dag.py:3954} INFO - Setting next_dagrun for example_sensor_decorator to None, run_after=None
[2026-06-13T12:15:10.300+0000] {processor.py:183} INFO - Processing /home/airflow/.local/lib/python3.12/site-packages/airflow/example_dags/example_sensor_decorator.py took 0.089 seconds
[2026-06-13T12:15:40.812+0000] {processor.py:161} INFO - Started process (PID=3747) to work on /home/airflow/.local/lib/python3.12/site-packages/airflow/example_dags/example_sensor_decorator.py
[2026-06-13T12:15:40.814+0000] {processor.py:830} INFO - Processing file /home/airflow/.local/lib/python3.12/site-packages/airflow/example_dags/example_sensor_decorator.py for tasks to queue
[2026-06-13T12:15:40.817+0000] {logging_mixin.py:188} INFO - [2026-06-13T12:15:40.816+0000] {dagbag.py:545} INFO - Filling up the DagBag from /home/airflow/.local/lib/python3.12/site-packages/airflow/example_dags/example_sensor_decorator.py
[2026-06-13T12:15:40.824+0000] {processor.py:840} INFO - DAG(s) 'example_sensor_decorator' retrieved from /home/airflow/.local/lib/python3.12/site-packages/airflow/example_dags/example_sensor_decorator.py
[2026-06-13T12:15:40.854+0000] {logging_mixin.py:188} INFO - [2026-06-13T12:15:40.854+0000] {dag.py:3096} INFO - Sync 1 DAGs
[2026-06-13T12:15:40.872+0000] {logging_mixin.py:188} INFO - [2026-06-13T12:15:40.872+0000] {dag.py:3954} INFO - Setting next_dagrun for example_sensor_decorator to None, run_after=None
[2026-06-13T12:15:40.904+0000] {processor.py:183} INFO - Processing /home/airflow/.local/lib/python3.12/site-packages/airflow/example_dags/example_sensor_decorator.py took 0.101 seconds
[2026-06-13T12:16:11.057+0000] {processor.py:161} INFO - Started process (PID=3806) to work on /home/airflow/.local/lib/python3.12/site-packages/airflow/example_dags/example_sensor_decorator.py
[2026-06-13T12:16:11.059+0000] {processor.py:830} INFO - Processing file /home/airflow/.local/lib/python3.12/site-packages/airflow/example_dags/example_sensor_decorator.py for tasks to queue
[2026-06-13T12:16:11.062+0000] {logging_mixin.py:188} INFO - [2026-06-13T12:16:11.062+0000] {dagbag.py:545} INFO - Filling up the DagBag from /home/airflow/.local/lib/python3.12/site-packages/airflow/example_dags/example_sensor_decorator.py
[2026-06-13T12:16:11.069+0000] {processor.py:840} INFO - DAG(s) 'example_sensor_decorator' retrieved from /home/airflow/.local/lib/python3.12/site-packages/airflow/example_dags/example_sensor_decorator.py
[2026-06-13T12:16:11.097+0000] {logging_mixin.py:188} INFO - [2026-06-13T12:16:11.096+0000] {dag.py:3096} INFO - Sync 1 DAGs
[2026-06-13T12:16:11.113+0000] {logging_mixin.py:188} INFO - [2026-06-13T12:16:11.113+0000] {dag.py:3954} INFO - Setting next_dagrun for example_sensor_decorator to None, run_after=None
[2026-06-13T12:16:11.143+0000] {processor.py:183} INFO - Processing /home/airflow/.local/lib/python3.12/site-packages/airflow/example_dags/example_sensor_decorator.py took 0.096 seconds
[2026-06-13T12:16:41.350+0000] {processor.py:161} INFO - Started process (PID=3866) to work on /home/airflow/.local/lib/python3.12/site-packages/airflow/example_dags/example_sensor_decorator.py
[2026-06-13T12:16:41.352+0000] {processor.py:830} INFO - Processing file /home/airflow/.local/lib/python3.12/site-packages/airflow/example_dags/example_sensor_decorator.py for tasks to queue
[2026-06-13T12:16:41.354+0000] {logging_mixin.py:188} INFO - [2026-06-13T12:16:41.354+0000] {dagbag.py:545} INFO - Filling up the DagBag from /home/airflow/.local/lib/python3.12/site-packages/airflow/example_dags/example_sensor_decorator.py
[2026-06-13T12:16:41.361+0000] {processor.py:840} INFO - DAG(s) 'example_sensor_decorator' retrieved from /home/airflow/.local/lib/python3.12/site-packages/airflow/example_dags/example_sensor_decorator.py
[2026-06-13T12:16:41.387+0000] {logging_mixin.py:188} INFO - [2026-06-13T12:16:41.387+0000] {dag.py:3096} INFO - Sync 1 DAGs
[2026-06-13T12:16:41.402+0000] {logging_mixin.py:188} INFO - [2026-06-13T12:16:41.402+0000] {dag.py:3954} INFO - Setting next_dagrun for example_sensor_decorator to None, run_after=None
[2026-06-13T12:16:41.427+0000] {processor.py:183} INFO - Processing /home/airflow/.local/lib/python3.12/site-packages/airflow/example_dags/example_sensor_decorator.py took 0.086 seconds
[2026-06-13T12:17:11.707+0000] {processor.py:161} INFO - Started process (PID=3925) to work on /home/airflow/.local/lib/python3.12/site-packages/airflow/example_dags/example_sensor_decorator.py
[2026-06-13T12:17:11.708+0000] {processor.py:830} INFO - Processing file /home/airflow/.local/lib/python3.12/site-packages/airflow/example_dags/example_sensor_decorator.py for tasks to queue
[2026-06-13T12:17:11.711+0000] {logging_mixin.py:188} INFO - [2026-06-13T12:17:11.710+0000] {dagbag.py:545} INFO - Filling up the DagBag from /home/airflow/.local/lib/python3.12/site-packages/airflow/example_dags/example_sensor_decorator.py
[2026-06-13T12:17:11.717+0000] {processor.py:840} INFO - DAG(s) 'example_sensor_decorator' retrieved from /home/airflow/.local/lib/python3.12/site-packages/airflow/example_dags/example_sensor_decorator.py
[2026-06-13T12:17:11.743+0000] {logging_mixin.py:188} INFO - [2026-06-13T12:17:11.743+0000] {dag.py:3096} INFO - Sync 1 DAGs
[2026-06-13T12:17:11.758+0000] {logging_mixin.py:188} INFO - [2026-06-13T12:17:11.758+0000] {dag.py:3954} INFO - Setting next_dagrun for example_sensor_decorator to None, run_after=None
[2026-06-13T12:17:11.785+0000] {processor.py:183} INFO - Processing /home/airflow/.local/lib/python3.12/site-packages/airflow/example_dags/example_sensor_decorator.py took 0.088 seconds
[2026-06-13T12:17:42.630+0000] {processor.py:161} INFO - Started process (PID=3985) to work on /home/airflow/.local/lib/python3.12/site-packages/airflow/example_dags/example_sensor_decorator.py
[2026-06-13T12:17:42.632+0000] {processor.py:830} INFO - Processing file /home/airflow/.local/lib/python3.12/site-packages/airflow/example_dags/example_sensor_decorator.py for tasks to queue
[2026-06-13T12:17:42.634+0000] {logging_mixin.py:188} INFO - [2026-06-13T12:17:42.634+0000] {dagbag.py:545} INFO - Filling up the DagBag from /home/airflow/.local/lib/python3.12/site-packages/airflow/example_dags/example_sensor_decorator.py
[2026-06-13T12:17:42.642+0000] {processor.py:840} INFO - DAG(s) 'example_sensor_decorator' retrieved from /home/airflow/.local/lib/python3.12/site-packages/airflow/example_dags/example_sensor_decorator.py
[2026-06-13T12:17:42.672+0000] {logging_mixin.py:188} INFO - [2026-06-13T12:17:42.671+0000] {dag.py:3096} INFO - Sync 1 DAGs
[2026-06-13T12:17:42.686+0000] {logging_mixin.py:188} INFO - [2026-06-13T12:17:42.686+0000] {dag.py:3954} INFO - Setting next_dagrun for example_sensor_decorator to None, run_after=None
[2026-06-13T12:17:42.713+0000] {processor.py:183} INFO - Processing /home/airflow/.local/lib/python3.12/site-packages/airflow/example_dags/example_sensor_decorator.py took 0.093 seconds
[2026-06-13T12:18:13.051+0000] {processor.py:161} INFO - Started process (PID=4052) to work on /home/airflow/.local/lib/python3.12/site-packages/airflow/example_dags/example_sensor_decorator.py
[2026-06-13T12:18:13.053+0000] {processor.py:830} INFO - Processing file /home/airflow/.local/lib/python3.12/site-packages/airflow/example_dags/example_sensor_decorator.py for tasks to queue
[2026-06-13T12:18:13.056+0000] {logging_mixin.py:188} INFO - [2026-06-13T12:18:13.055+0000] {dagbag.py:545} INFO - Filling up the DagBag from /home/airflow/.local/lib/python3.12/site-packages/airflow/example_dags/example_sensor_decorator.py
[2026-06-13T12:18:13.062+0000] {processor.py:840} INFO - DAG(s) 'example_sensor_decorator' retrieved from /home/airflow/.local/lib/python3.12/site-packages/airflow/example_dags/example_sensor_decorator.py
[2026-06-13T12:18:13.086+0000] {logging_mixin.py:188} INFO - [2026-06-13T12:18:13.085+0000] {dag.py:3096} INFO - Sync 1 DAGs
[2026-06-13T12:18:13.101+0000] {logging_mixin.py:188} INFO - [2026-06-13T12:18:13.100+0000] {dag.py:3954} INFO - Setting next_dagrun for example_sensor_decorator to None, run_after=None
[2026-06-13T12:18:13.131+0000] {processor.py:183} INFO - Processing /home/airflow/.local/lib/python3.12/site-packages/airflow/example_dags/example_sensor_decorator.py took 0.089 seconds
[2026-06-13T12:18:58.995+0000] {processor.py:161} INFO - Started process (PID=72) to work on /home/airflow/.local/lib/python3.12/site-packages/airflow/example_dags/example_sensor_decorator.py
[2026-06-13T12:18:58.997+0000] {processor.py:830} INFO - Processing file /home/airflow/.local/lib/python3.12/site-packages/airflow/example_dags/example_sensor_decorator.py for tasks to queue
[2026-06-13T12:18:59.000+0000] {logging_mixin.py:188} INFO - [2026-06-13T12:18:58.999+0000] {dagbag.py:545} INFO - Filling up the DagBag from /home/airflow/.local/lib/python3.12/site-packages/airflow/example_dags/example_sensor_decorator.py
[2026-06-13T12:18:59.011+0000] {processor.py:840} INFO - DAG(s) 'example_sensor_decorator' retrieved from /home/airflow/.local/lib/python3.12/site-packages/airflow/example_dags/example_sensor_decorator.py
[2026-06-13T12:18:59.030+0000] {logging_mixin.py:188} INFO - [2026-06-13T12:18:59.029+0000] {dag.py:3096} INFO - Sync 1 DAGs
[2026-06-13T12:18:59.058+0000] {logging_mixin.py:188} INFO - [2026-06-13T12:18:59.058+0000] {dag.py:3954} INFO - Setting next_dagrun for example_sensor_decorator to None, run_after=None
[2026-06-13T12:18:59.092+0000] {processor.py:183} INFO - Processing /home/airflow/.local/lib/python3.12/site-packages/airflow/example_dags/example_sensor_decorator.py took 0.106 seconds
[2026-06-13T12:19:29.595+0000] {processor.py:161} INFO - Started process (PID=131) to work on /home/airflow/.local/lib/python3.12/site-packages/airflow/example_dags/example_sensor_decorator.py
[2026-06-13T12:19:29.597+0000] {processor.py:830} INFO - Processing file /home/airflow/.local/lib/python3.12/site-packages/airflow/example_dags/example_sensor_decorator.py for tasks to queue
[2026-06-13T12:19:29.599+0000] {logging_mixin.py:188} INFO - [2026-06-13T12:19:29.599+0000] {dagbag.py:545} INFO - Filling up the DagBag from /home/airflow/.local/lib/python3.12/site-packages/airflow/example_dags/example_sensor_decorator.py
[2026-06-13T12:19:29.607+0000] {processor.py:840} INFO - DAG(s) 'example_sensor_decorator' retrieved from /home/airflow/.local/lib/python3.12/site-packages/airflow/example_dags/example_sensor_decorator.py
[2026-06-13T12:19:29.724+0000] {logging_mixin.py:188} INFO - [2026-06-13T12:19:29.724+0000] {dag.py:3096} INFO - Sync 1 DAGs
[2026-06-13T12:19:29.736+0000] {logging_mixin.py:188} INFO - [2026-06-13T12:19:29.736+0000] {dag.py:3954} INFO - Setting next_dagrun for example_sensor_decorator to None, run_after=None
[2026-06-13T12:19:29.763+0000] {processor.py:183} INFO - Processing /home/airflow/.local/lib/python3.12/site-packages/airflow/example_dags/example_sensor_decorator.py took 0.174 seconds
[2026-06-13T12:19:59.901+0000] {processor.py:161} INFO - Started process (PID=190) to work on /home/airflow/.local/lib/python3.12/site-packages/airflow/example_dags/example_sensor_decorator.py
[2026-06-13T12:19:59.902+0000] {processor.py:830} INFO - Processing file /home/airflow/.local/lib/python3.12/site-packages/airflow/example_dags/example_sensor_decorator.py for tasks to queue
[2026-06-13T12:19:59.906+0000] {logging_mixin.py:188} INFO - [2026-06-13T12:19:59.905+0000] {dagbag.py:545} INFO - Filling up the DagBag from /home/airflow/.local/lib/python3.12/site-packages/airflow/example_dags/example_sensor_decorator.py
[2026-06-13T12:19:59.913+0000] {processor.py:840} INFO - DAG(s) 'example_sensor_decorator' retrieved from /home/airflow/.local/lib/python3.12/site-packages/airflow/example_dags/example_sensor_decorator.py
[2026-06-13T12:19:59.941+0000] {logging_mixin.py:188} INFO - [2026-06-13T12:19:59.940+0000] {dag.py:3096} INFO - Sync 1 DAGs
[2026-06-13T12:19:59.956+0000] {logging_mixin.py:188} INFO - [2026-06-13T12:19:59.955+0000] {dag.py:3954} INFO - Setting next_dagrun for example_sensor_decorator to None, run_after=None
[2026-06-13T12:19:59.981+0000] {processor.py:183} INFO - Processing /home/airflow/.local/lib/python3.12/site-packages/airflow/example_dags/example_sensor_decorator.py took 0.087 seconds
[2026-06-13T12:20:30.290+0000] {processor.py:161} INFO - Started process (PID=250) to work on /home/airflow/.local/lib/python3.12/site-packages/airflow/example_dags/example_sensor_decorator.py
[2026-06-13T12:20:30.291+0000] {processor.py:830} INFO - Processing file /home/airflow/.local/lib/python3.12/site-packages/airflow/example_dags/example_sensor_decorator.py for tasks to queue
[2026-06-13T12:20:30.294+0000] {logging_mixin.py:188} INFO - [2026-06-13T12:20:30.294+0000] {dagbag.py:545} INFO - Filling up the DagBag from /home/airflow/.local/lib/python3.12/site-packages/airflow/example_dags/example_sensor_decorator.py
[2026-06-13T12:20:30.302+0000] {processor.py:840} INFO - DAG(s) 'example_sensor_decorator' retrieved from /home/airflow/.local/lib/python3.12/site-packages/airflow/example_dags/example_sensor_decorator.py
[2026-06-13T12:20:30.330+0000] {logging_mixin.py:188} INFO - [2026-06-13T12:20:30.330+0000] {dag.py:3096} INFO - Sync 1 DAGs
[2026-06-13T12:20:30.344+0000] {logging_mixin.py:188} INFO - [2026-06-13T12:20:30.344+0000] {dag.py:3954} INFO - Setting next_dagrun for example_sensor_decorator to None, run_after=None
[2026-06-13T12:20:30.371+0000] {processor.py:183} INFO - Processing /home/airflow/.local/lib/python3.12/site-packages/airflow/example_dags/example_sensor_decorator.py took 0.087 seconds
[2026-06-13T12:21:00.662+0000] {processor.py:161} INFO - Started process (PID=309) to work on /home/airflow/.local/lib/python3.12/site-packages/airflow/example_dags/example_sensor_decorator.py
[2026-06-13T12:21:00.664+0000] {processor.py:830} INFO - Processing file /home/airflow/.local/lib/python3.12/site-packages/airflow/example_dags/example_sensor_decorator.py for tasks to queue
[2026-06-13T12:21:00.668+0000] {logging_mixin.py:188} INFO - [2026-06-13T12:21:00.667+0000] {dagbag.py:545} INFO - Filling up the DagBag from /home/airflow/.local/lib/python3.12/site-packages/airflow/example_dags/example_sensor_decorator.py
[2026-06-13T12:21:00.675+0000] {processor.py:840} INFO - DAG(s) 'example_sensor_decorator' retrieved from /home/airflow/.local/lib/python3.12/site-packages/airflow/example_dags/example_sensor_decorator.py
[2026-06-13T12:21:00.701+0000] {logging_mixin.py:188} INFO - [2026-06-13T12:21:00.700+0000] {dag.py:3096} INFO - Sync 1 DAGs
[2026-06-13T12:21:00.715+0000] {logging_mixin.py:188} INFO - [2026-06-13T12:21:00.715+0000] {dag.py:3954} INFO - Setting next_dagrun for example_sensor_decorator to None, run_after=None
[2026-06-13T12:21:00.741+0000] {processor.py:183} INFO - Processing /home/airflow/.local/lib/python3.12/site-packages/airflow/example_dags/example_sensor_decorator.py took 0.086 seconds
[2026-06-13T12:21:31.020+0000] {processor.py:161} INFO - Started process (PID=368) to work on /home/airflow/.local/lib/python3.12/site-packages/airflow/example_dags/example_sensor_decorator.py
[2026-06-13T12:21:31.022+0000] {processor.py:830} INFO - Processing file /home/airflow/.local/lib/python3.12/site-packages/airflow/example_dags/example_sensor_decorator.py for tasks to queue
[2026-06-13T12:21:31.025+0000] {logging_mixin.py:188} INFO - [2026-06-13T12:21:31.024+0000] {dagbag.py:545} INFO - Filling up the DagBag from /home/airflow/.local/lib/python3.12/site-packages/airflow/example_dags/example_sensor_decorator.py
[2026-06-13T12:21:31.032+0000] {processor.py:840} INFO - DAG(s) 'example_sensor_decorator' retrieved from /home/airflow/.local/lib/python3.12/site-packages/airflow/example_dags/example_sensor_decorator.py
[2026-06-13T12:21:31.058+0000] {logging_mixin.py:188} INFO - [2026-06-13T12:21:31.058+0000] {dag.py:3096} INFO - Sync 1 DAGs
[2026-06-13T12:21:31.071+0000] {logging_mixin.py:188} INFO - [2026-06-13T12:21:31.071+0000] {dag.py:3954} INFO - Setting next_dagrun for example_sensor_decorator to None, run_after=None
[2026-06-13T12:21:31.097+0000] {processor.py:183} INFO - Processing /home/airflow/.local/lib/python3.12/site-packages/airflow/example_dags/example_sensor_decorator.py took 0.083 seconds
[2026-06-13T12:22:01.283+0000] {processor.py:161} INFO - Started process (PID=428) to work on /home/airflow/.local/lib/python3.12/site-packages/airflow/example_dags/example_sensor_decorator.py
[2026-06-13T12:22:01.284+0000] {processor.py:830} INFO - Processing file /home/airflow/.local/lib/python3.12/site-packages/airflow/example_dags/example_sensor_decorator.py for tasks to queue
[2026-06-13T12:22:01.287+0000] {logging_mixin.py:188} INFO - [2026-06-13T12:22:01.286+0000] {dagbag.py:545} INFO - Filling up the DagBag from /home/airflow/.local/lib/python3.12/site-packages/airflow/example_dags/example_sensor_decorator.py
[2026-06-13T12:22:01.295+0000] {processor.py:840} INFO - DAG(s) 'example_sensor_decorator' retrieved from /home/airflow/.local/lib/python3.12/site-packages/airflow/example_dags/example_sensor_decorator.py
[2026-06-13T12:22:01.321+0000] {logging_mixin.py:188} INFO - [2026-06-13T12:22:01.321+0000] {dag.py:3096} INFO - Sync 1 DAGs
[2026-06-13T12:22:01.334+0000] {logging_mixin.py:188} INFO - [2026-06-13T12:22:01.334+0000] {dag.py:3954} INFO - Setting next_dagrun for example_sensor_decorator to None, run_after=None
[2026-06-13T12:22:01.364+0000] {processor.py:183} INFO - Processing /home/airflow/.local/lib/python3.12/site-packages/airflow/example_dags/example_sensor_decorator.py took 0.088 seconds
[2026-06-13T12:22:31.505+0000] {processor.py:161} INFO - Started process (PID=486) to work on /home/airflow/.local/lib/python3.12/site-packages/airflow/example_dags/example_sensor_decorator.py
[2026-06-13T12:22:31.507+0000] {processor.py:830} INFO - Processing file /home/airflow/.local/lib/python3.12/site-packages/airflow/example_dags/example_sensor_decorator.py for tasks to queue
[2026-06-13T12:22:31.510+0000] {logging_mixin.py:188} INFO - [2026-06-13T12:22:31.509+0000] {dagbag.py:545} INFO - Filling up the DagBag from /home/airflow/.local/lib/python3.12/site-packages/airflow/example_dags/example_sensor_decorator.py
[2026-06-13T12:22:31.517+0000] {processor.py:840} INFO - DAG(s) 'example_sensor_decorator' retrieved from /home/airflow/.local/lib/python3.12/site-packages/airflow/example_dags/example_sensor_decorator.py
[2026-06-13T12:22:31.542+0000] {logging_mixin.py:188} INFO - [2026-06-13T12:22:31.542+0000] {dag.py:3096} INFO - Sync 1 DAGs
[2026-06-13T12:22:31.556+0000] {logging_mixin.py:188} INFO - [2026-06-13T12:22:31.556+0000] {dag.py:3954} INFO - Setting next_dagrun for example_sensor_decorator to None, run_after=None
[2026-06-13T12:22:31.585+0000] {processor.py:183} INFO - Processing /home/airflow/.local/lib/python3.12/site-packages/airflow/example_dags/example_sensor_decorator.py took 0.086 seconds
[2026-06-13T12:23:01.799+0000] {processor.py:161} INFO - Started process (PID=545) to work on /home/airflow/.local/lib/python3.12/site-packages/airflow/example_dags/example_sensor_decorator.py
[2026-06-13T12:23:01.800+0000] {processor.py:830} INFO - Processing file /home/airflow/.local/lib/python3.12/site-packages/airflow/example_dags/example_sensor_decorator.py for tasks to queue
[2026-06-13T12:23:01.803+0000] {logging_mixin.py:188} INFO - [2026-06-13T12:23:01.803+0000] {dagbag.py:545} INFO - Filling up the DagBag from /home/airflow/.local/lib/python3.12/site-packages/airflow/example_dags/example_sensor_decorator.py
[2026-06-13T12:23:01.810+0000] {processor.py:840} INFO - DAG(s) 'example_sensor_decorator' retrieved from /home/airflow/.local/lib/python3.12/site-packages/airflow/example_dags/example_sensor_decorator.py
[2026-06-13T12:23:01.836+0000] {logging_mixin.py:188} INFO - [2026-06-13T12:23:01.835+0000] {dag.py:3096} INFO - Sync 1 DAGs
[2026-06-13T12:23:01.851+0000] {logging_mixin.py:188} INFO - [2026-06-13T12:23:01.850+0000] {dag.py:3954} INFO - Setting next_dagrun for example_sensor_decorator to None, run_after=None
[2026-06-13T12:23:01.878+0000] {processor.py:183} INFO - Processing /home/airflow/.local/lib/python3.12/site-packages/airflow/example_dags/example_sensor_decorator.py took 0.086 seconds
[2026-06-13T12:26:03.514+0000] {processor.py:161} INFO - Started process (PID=605) to work on /home/airflow/.local/lib/python3.12/site-packages/airflow/example_dags/example_sensor_decorator.py
[2026-06-13T12:26:03.515+0000] {processor.py:830} INFO - Processing file /home/airflow/.local/lib/python3.12/site-packages/airflow/example_dags/example_sensor_decorator.py for tasks to queue
[2026-06-13T12:26:03.518+0000] {logging_mixin.py:188} INFO - [2026-06-13T12:26:03.518+0000] {dagbag.py:545} INFO - Filling up the DagBag from /home/airflow/.local/lib/python3.12/site-packages/airflow/example_dags/example_sensor_decorator.py
[2026-06-13T12:26:03.525+0000] {processor.py:840} INFO - DAG(s) 'example_sensor_decorator' retrieved from /home/airflow/.local/lib/python3.12/site-packages/airflow/example_dags/example_sensor_decorator.py
[2026-06-13T12:26:03.553+0000] {logging_mixin.py:188} INFO - [2026-06-13T12:26:03.553+0000] {dag.py:3096} INFO - Sync 1 DAGs
[2026-06-13T12:26:03.568+0000] {logging_mixin.py:188} INFO - [2026-06-13T12:26:03.568+0000] {dag.py:3954} INFO - Setting next_dagrun for example_sensor_decorator to None, run_after=None
[2026-06-13T12:26:03.593+0000] {processor.py:183} INFO - Processing /home/airflow/.local/lib/python3.12/site-packages/airflow/example_dags/example_sensor_decorator.py took 0.086 seconds
[2026-06-13T12:26:34.624+0000] {processor.py:161} INFO - Started process (PID=664) to work on /home/airflow/.local/lib/python3.12/site-packages/airflow/example_dags/example_sensor_decorator.py
[2026-06-13T12:26:34.625+0000] {processor.py:830} INFO - Processing file /home/airflow/.local/lib/python3.12/site-packages/airflow/example_dags/example_sensor_decorator.py for tasks to queue
[2026-06-13T12:26:34.628+0000] {logging_mixin.py:188} INFO - [2026-06-13T12:26:34.628+0000] {dagbag.py:545} INFO - Filling up the DagBag from /home/airflow/.local/lib/python3.12/site-packages/airflow/example_dags/example_sensor_decorator.py
[2026-06-13T12:26:34.637+0000] {processor.py:840} INFO - DAG(s) 'example_sensor_decorator' retrieved from /home/airflow/.local/lib/python3.12/site-packages/airflow/example_dags/example_sensor_decorator.py
[2026-06-13T12:26:34.663+0000] {logging_mixin.py:188} INFO - [2026-06-13T12:26:34.663+0000] {dag.py:3096} INFO - Sync 1 DAGs
[2026-06-13T12:26:34.678+0000] {logging_mixin.py:188} INFO - [2026-06-13T12:26:34.678+0000] {dag.py:3954} INFO - Setting next_dagrun for example_sensor_decorator to None, run_after=None
[2026-06-13T12:26:34.706+0000] {processor.py:183} INFO - Processing /home/airflow/.local/lib/python3.12/site-packages/airflow/example_dags/example_sensor_decorator.py took 0.088 seconds
[2026-06-13T12:27:05.597+0000] {processor.py:161} INFO - Started process (PID=724) to work on /home/airflow/.local/lib/python3.12/site-packages/airflow/example_dags/example_sensor_decorator.py
[2026-06-13T12:27:05.599+0000] {processor.py:830} INFO - Processing file /home/airflow/.local/lib/python3.12/site-packages/airflow/example_dags/example_sensor_decorator.py for tasks to queue
[2026-06-13T12:27:05.602+0000] {logging_mixin.py:188} INFO - [2026-06-13T12:27:05.601+0000] {dagbag.py:545} INFO - Filling up the DagBag from /home/airflow/.local/lib/python3.12/site-packages/airflow/example_dags/example_sensor_decorator.py
[2026-06-13T12:27:05.610+0000] {processor.py:840} INFO - DAG(s) 'example_sensor_decorator' retrieved from /home/airflow/.local/lib/python3.12/site-packages/airflow/example_dags/example_sensor_decorator.py
[2026-06-13T12:27:05.636+0000] {logging_mixin.py:188} INFO - [2026-06-13T12:27:05.636+0000] {dag.py:3096} INFO - Sync 1 DAGs
[2026-06-13T12:27:05.658+0000] {logging_mixin.py:188} INFO - [2026-06-13T12:27:05.658+0000] {dag.py:3954} INFO - Setting next_dagrun for example_sensor_decorator to None, run_after=None
[2026-06-13T12:27:05.689+0000] {processor.py:183} INFO - Processing /home/airflow/.local/lib/python3.12/site-packages/airflow/example_dags/example_sensor_decorator.py took 0.098 seconds
[2026-06-13T12:27:36.038+0000] {processor.py:161} INFO - Started process (PID=783) to work on /home/airflow/.local/lib/python3.12/site-packages/airflow/example_dags/example_sensor_decorator.py
[2026-06-13T12:27:36.040+0000] {processor.py:830} INFO - Processing file /home/airflow/.local/lib/python3.12/site-packages/airflow/example_dags/example_sensor_decorator.py for tasks to queue
[2026-06-13T12:27:36.042+0000] {logging_mixin.py:188} INFO - [2026-06-13T12:27:36.042+0000] {dagbag.py:545} INFO - Filling up the DagBag from /home/airflow/.local/lib/python3.12/site-packages/airflow/example_dags/example_sensor_decorator.py
[2026-06-13T12:27:36.050+0000] {processor.py:840} INFO - DAG(s) 'example_sensor_decorator' retrieved from /home/airflow/.local/lib/python3.12/site-packages/airflow/example_dags/example_sensor_decorator.py
[2026-06-13T12:27:36.078+0000] {logging_mixin.py:188} INFO - [2026-06-13T12:27:36.077+0000] {dag.py:3096} INFO - Sync 1 DAGs
[2026-06-13T12:27:36.092+0000] {logging_mixin.py:188} INFO - [2026-06-13T12:27:36.092+0000] {dag.py:3954} INFO - Setting next_dagrun for example_sensor_decorator to None, run_after=None
[2026-06-13T12:27:36.121+0000] {processor.py:183} INFO - Processing /home/airflow/.local/lib/python3.12/site-packages/airflow/example_dags/example_sensor_decorator.py took 0.089 seconds
[2026-06-13T12:28:06.471+0000] {processor.py:161} INFO - Started process (PID=842) to work on /home/airflow/.local/lib/python3.12/site-packages/airflow/example_dags/example_sensor_decorator.py
[2026-06-13T12:28:06.473+0000] {processor.py:830} INFO - Processing file /home/airflow/.local/lib/python3.12/site-packages/airflow/example_dags/example_sensor_decorator.py for tasks to queue
[2026-06-13T12:28:06.475+0000] {logging_mixin.py:188} INFO - [2026-06-13T12:28:06.475+0000] {dagbag.py:545} INFO - Filling up the DagBag from /home/airflow/.local/lib/python3.12/site-packages/airflow/example_dags/example_sensor_decorator.py
[2026-06-13T12:28:06.482+0000] {processor.py:840} INFO - DAG(s) 'example_sensor_decorator' retrieved from /home/airflow/.local/lib/python3.12/site-packages/airflow/example_dags/example_sensor_decorator.py
[2026-06-13T12:28:06.510+0000] {logging_mixin.py:188} INFO - [2026-06-13T12:28:06.509+0000] {dag.py:3096} INFO - Sync 1 DAGs
[2026-06-13T12:28:06.525+0000] {logging_mixin.py:188} INFO - [2026-06-13T12:28:06.524+0000] {dag.py:3954} INFO - Setting next_dagrun for example_sensor_decorator to None, run_after=None
[2026-06-13T12:28:06.549+0000] {processor.py:183} INFO - Processing /home/airflow/.local/lib/python3.12/site-packages/airflow/example_dags/example_sensor_decorator.py took 0.084 seconds
[2026-06-13T12:28:36.853+0000] {processor.py:161} INFO - Started process (PID=901) to work on /home/airflow/.local/lib/python3.12/site-packages/airflow/example_dags/example_sensor_decorator.py
[2026-06-13T12:28:36.854+0000] {processor.py:830} INFO - Processing file /home/airflow/.local/lib/python3.12/site-packages/airflow/example_dags/example_sensor_decorator.py for tasks to queue
[2026-06-13T12:28:36.857+0000] {logging_mixin.py:188} INFO - [2026-06-13T12:28:36.857+0000] {dagbag.py:545} INFO - Filling up the DagBag from /home/airflow/.local/lib/python3.12/site-packages/airflow/example_dags/example_sensor_decorator.py
[2026-06-13T12:28:36.864+0000] {processor.py:840} INFO - DAG(s) 'example_sensor_decorator' retrieved from /home/airflow/.local/lib/python3.12/site-packages/airflow/example_dags/example_sensor_decorator.py
[2026-06-13T12:28:36.891+0000] {logging_mixin.py:188} INFO - [2026-06-13T12:28:36.890+0000] {dag.py:3096} INFO - Sync 1 DAGs
[2026-06-13T12:28:36.905+0000] {logging_mixin.py:188} INFO - [2026-06-13T12:28:36.905+0000] {dag.py:3954} INFO - Setting next_dagrun for example_sensor_decorator to None, run_after=None
[2026-06-13T12:28:36.936+0000] {processor.py:183} INFO - Processing /home/airflow/.local/lib/python3.12/site-packages/airflow/example_dags/example_sensor_decorator.py took 0.090 seconds
[2026-06-13T12:29:07.270+0000] {processor.py:161} INFO - Started process (PID=961) to work on /home/airflow/.local/lib/python3.12/site-packages/airflow/example_dags/example_sensor_decorator.py
[2026-06-13T12:29:07.272+0000] {processor.py:830} INFO - Processing file /home/airflow/.local/lib/python3.12/site-packages/airflow/example_dags/example_sensor_decorator.py for tasks to queue
[2026-06-13T12:29:07.275+0000] {logging_mixin.py:188} INFO - [2026-06-13T12:29:07.274+0000] {dagbag.py:545} INFO - Filling up the DagBag from /home/airflow/.local/lib/python3.12/site-packages/airflow/example_dags/example_sensor_decorator.py
[2026-06-13T12:29:07.283+0000] {processor.py:840} INFO - DAG(s) 'example_sensor_decorator' retrieved from /home/airflow/.local/lib/python3.12/site-packages/airflow/example_dags/example_sensor_decorator.py
[2026-06-13T12:29:07.310+0000] {logging_mixin.py:188} INFO - [2026-06-13T12:29:07.309+0000] {dag.py:3096} INFO - Sync 1 DAGs
[2026-06-13T12:29:07.325+0000] {logging_mixin.py:188} INFO - [2026-06-13T12:29:07.325+0000] {dag.py:3954} INFO - Setting next_dagrun for example_sensor_decorator to None, run_after=None
[2026-06-13T12:29:07.351+0000] {processor.py:183} INFO - Processing /home/airflow/.local/lib/python3.12/site-packages/airflow/example_dags/example_sensor_decorator.py took 0.087 seconds
[2026-06-13T12:29:37.679+0000] {processor.py:161} INFO - Started process (PID=1021) to work on /home/airflow/.local/lib/python3.12/site-packages/airflow/example_dags/example_sensor_decorator.py
[2026-06-13T12:29:37.680+0000] {processor.py:830} INFO - Processing file /home/airflow/.local/lib/python3.12/site-packages/airflow/example_dags/example_sensor_decorator.py for tasks to queue
[2026-06-13T12:29:37.683+0000] {logging_mixin.py:188} INFO - [2026-06-13T12:29:37.682+0000] {dagbag.py:545} INFO - Filling up the DagBag from /home/airflow/.local/lib/python3.12/site-packages/airflow/example_dags/example_sensor_decorator.py
[2026-06-13T12:29:37.690+0000] {processor.py:840} INFO - DAG(s) 'example_sensor_decorator' retrieved from /home/airflow/.local/lib/python3.12/site-packages/airflow/example_dags/example_sensor_decorator.py
[2026-06-13T12:29:37.717+0000] {logging_mixin.py:188} INFO - [2026-06-13T12:29:37.716+0000] {dag.py:3096} INFO - Sync 1 DAGs
[2026-06-13T12:29:37.731+0000] {logging_mixin.py:188} INFO - [2026-06-13T12:29:37.730+0000] {dag.py:3954} INFO - Setting next_dagrun for example_sensor_decorator to None, run_after=None
[2026-06-13T12:29:37.756+0000] {processor.py:183} INFO - Processing /home/airflow/.local/lib/python3.12/site-packages/airflow/example_dags/example_sensor_decorator.py took 0.084 seconds
[2026-06-13T12:30:08.868+0000] {processor.py:161} INFO - Started process (PID=1086) to work on /home/airflow/.local/lib/python3.12/site-packages/airflow/example_dags/example_sensor_decorator.py
[2026-06-13T12:30:08.870+0000] {processor.py:830} INFO - Processing file /home/airflow/.local/lib/python3.12/site-packages/airflow/example_dags/example_sensor_decorator.py for tasks to queue
[2026-06-13T12:30:08.873+0000] {logging_mixin.py:188} INFO - [2026-06-13T12:30:08.872+0000] {dagbag.py:545} INFO - Filling up the DagBag from /home/airflow/.local/lib/python3.12/site-packages/airflow/example_dags/example_sensor_decorator.py
[2026-06-13T12:30:08.880+0000] {processor.py:840} INFO - DAG(s) 'example_sensor_decorator' retrieved from /home/airflow/.local/lib/python3.12/site-packages/airflow/example_dags/example_sensor_decorator.py
[2026-06-13T12:30:08.908+0000] {logging_mixin.py:188} INFO - [2026-06-13T12:30:08.907+0000] {dag.py:3096} INFO - Sync 1 DAGs
[2026-06-13T12:30:08.922+0000] {logging_mixin.py:188} INFO - [2026-06-13T12:30:08.921+0000] {dag.py:3954} INFO - Setting next_dagrun for example_sensor_decorator to None, run_after=None
[2026-06-13T12:30:08.949+0000] {processor.py:183} INFO - Processing /home/airflow/.local/lib/python3.12/site-packages/airflow/example_dags/example_sensor_decorator.py took 0.087 seconds
[2026-06-13T12:30:39.554+0000] {processor.py:161} INFO - Started process (PID=1145) to work on /home/airflow/.local/lib/python3.12/site-packages/airflow/example_dags/example_sensor_decorator.py
[2026-06-13T12:30:39.556+0000] {processor.py:830} INFO - Processing file /home/airflow/.local/lib/python3.12/site-packages/airflow/example_dags/example_sensor_decorator.py for tasks to queue
[2026-06-13T12:30:39.560+0000] {logging_mixin.py:188} INFO - [2026-06-13T12:30:39.559+0000] {dagbag.py:545} INFO - Filling up the DagBag from /home/airflow/.local/lib/python3.12/site-packages/airflow/example_dags/example_sensor_decorator.py
[2026-06-13T12:30:39.567+0000] {processor.py:840} INFO - DAG(s) 'example_sensor_decorator' retrieved from /home/airflow/.local/lib/python3.12/site-packages/airflow/example_dags/example_sensor_decorator.py
[2026-06-13T12:30:39.593+0000] {logging_mixin.py:188} INFO - [2026-06-13T12:30:39.593+0000] {dag.py:3096} INFO - Sync 1 DAGs
[2026-06-13T12:30:39.608+0000] {logging_mixin.py:188} INFO - [2026-06-13T12:30:39.607+0000] {dag.py:3954} INFO - Setting next_dagrun for example_sensor_decorator to None, run_after=None
[2026-06-13T12:30:39.636+0000] {processor.py:183} INFO - Processing /home/airflow/.local/lib/python3.12/site-packages/airflow/example_dags/example_sensor_decorator.py took 0.088 seconds
[2026-06-13T12:31:10.067+0000] {processor.py:161} INFO - Started process (PID=1204) to work on /home/airflow/.local/lib/python3.12/site-packages/airflow/example_dags/example_sensor_decorator.py
[2026-06-13T12:31:10.068+0000] {processor.py:830} INFO - Processing file /home/airflow/.local/lib/python3.12/site-packages/airflow/example_dags/example_sensor_decorator.py for tasks to queue
[2026-06-13T12:31:10.071+0000] {logging_mixin.py:188} INFO - [2026-06-13T12:31:10.070+0000] {dagbag.py:545} INFO - Filling up the DagBag from /home/airflow/.local/lib/python3.12/site-packages/airflow/example_dags/example_sensor_decorator.py
[2026-06-13T12:31:10.078+0000] {processor.py:840} INFO - DAG(s) 'example_sensor_decorator' retrieved from /home/airflow/.local/lib/python3.12/site-packages/airflow/example_dags/example_sensor_decorator.py
[2026-06-13T12:31:10.105+0000] {logging_mixin.py:188} INFO - [2026-06-13T12:31:10.105+0000] {dag.py:3096} INFO - Sync 1 DAGs
[2026-06-13T12:31:10.119+0000] {logging_mixin.py:188} INFO - [2026-06-13T12:31:10.119+0000] {dag.py:3954} INFO - Setting next_dagrun for example_sensor_decorator to None, run_after=None
[2026-06-13T12:31:10.147+0000] {processor.py:183} INFO - Processing /home/airflow/.local/lib/python3.12/site-packages/airflow/example_dags/example_sensor_decorator.py took 0.087 seconds
[2026-06-13T16:08:00.242+0000] {processor.py:161} INFO - Started process (PID=1263) to work on /home/airflow/.local/lib/python3.12/site-packages/airflow/example_dags/example_sensor_decorator.py
[2026-06-13T16:08:00.245+0000] {processor.py:830} INFO - Processing file /home/airflow/.local/lib/python3.12/site-packages/airflow/example_dags/example_sensor_decorator.py for tasks to queue
[2026-06-13T16:08:00.251+0000] {logging_mixin.py:188} INFO - [2026-06-13T16:08:00.249+0000] {dagbag.py:545} INFO - Filling up the DagBag from /home/airflow/.local/lib/python3.12/site-packages/airflow/example_dags/example_sensor_decorator.py
[2026-06-13T16:08:00.278+0000] {processor.py:840} INFO - DAG(s) 'example_sensor_decorator' retrieved from /home/airflow/.local/lib/python3.12/site-packages/airflow/example_dags/example_sensor_decorator.py
[2026-06-13T16:08:00.344+0000] {logging_mixin.py:188} INFO - [2026-06-13T16:08:00.343+0000] {dag.py:3096} INFO - Sync 1 DAGs
[2026-06-13T16:08:00.386+0000] {logging_mixin.py:188} INFO - [2026-06-13T16:08:00.385+0000] {dag.py:3954} INFO - Setting next_dagrun for example_sensor_decorator to None, run_after=None
[2026-06-13T16:08:00.450+0000] {processor.py:183} INFO - Processing /home/airflow/.local/lib/python3.12/site-packages/airflow/example_dags/example_sensor_decorator.py took 0.229 seconds
[2026-06-13T16:08:31.378+0000] {processor.py:161} INFO - Started process (PID=1316) to work on /home/airflow/.local/lib/python3.12/site-packages/airflow/example_dags/example_sensor_decorator.py
[2026-06-13T16:08:31.382+0000] {processor.py:830} INFO - Processing file /home/airflow/.local/lib/python3.12/site-packages/airflow/example_dags/example_sensor_decorator.py for tasks to queue
[2026-06-13T16:08:31.407+0000] {logging_mixin.py:188} INFO - [2026-06-13T16:08:31.406+0000] {dagbag.py:545} INFO - Filling up the DagBag from /home/airflow/.local/lib/python3.12/site-packages/airflow/example_dags/example_sensor_decorator.py
[2026-06-13T16:08:31.430+0000] {processor.py:840} INFO - DAG(s) 'example_sensor_decorator' retrieved from /home/airflow/.local/lib/python3.12/site-packages/airflow/example_dags/example_sensor_decorator.py
[2026-06-13T16:08:31.571+0000] {logging_mixin.py:188} INFO - [2026-06-13T16:08:31.570+0000] {dag.py:3096} INFO - Sync 1 DAGs
[2026-06-13T16:08:31.614+0000] {logging_mixin.py:188} INFO - [2026-06-13T16:08:31.613+0000] {dag.py:3954} INFO - Setting next_dagrun for example_sensor_decorator to None, run_after=None
[2026-06-13T16:08:31.684+0000] {processor.py:183} INFO - Processing /home/airflow/.local/lib/python3.12/site-packages/airflow/example_dags/example_sensor_decorator.py took 0.332 seconds
