[2026-06-13T10:42:20.115+0000] {processor.py:161} INFO - Started process (PID=92) to work on /home/airflow/.local/lib/python3.12/site-packages/airflow/example_dags/tutorial_taskflow_api_virtualenv.py
[2026-06-13T10:42:20.117+0000] {processor.py:830} INFO - Processing file /home/airflow/.local/lib/python3.12/site-packages/airflow/example_dags/tutorial_taskflow_api_virtualenv.py for tasks to queue
[2026-06-13T10:42:20.120+0000] {logging_mixin.py:188} INFO - [2026-06-13T10:42:20.120+0000] {dagbag.py:545} INFO - Filling up the DagBag from /home/airflow/.local/lib/python3.12/site-packages/airflow/example_dags/tutorial_taskflow_api_virtualenv.py
[2026-06-13T10:42:20.140+0000] {processor.py:840} INFO - DAG(s) 'tutorial_taskflow_api_virtualenv' retrieved from /home/airflow/.local/lib/python3.12/site-packages/airflow/example_dags/tutorial_taskflow_api_virtualenv.py
[2026-06-13T10:42:20.299+0000] {logging_mixin.py:188} INFO - [2026-06-13T10:42:20.298+0000] {dag.py:3096} INFO - Sync 1 DAGs
[2026-06-13T10:42:20.314+0000] {logging_mixin.py:188} INFO - [2026-06-13T10:42:20.314+0000] {dag.py:3954} INFO - Setting next_dagrun for tutorial_taskflow_api_virtualenv to None, run_after=None
[2026-06-13T10:42:20.353+0000] {processor.py:183} INFO - Processing /home/airflow/.local/lib/python3.12/site-packages/airflow/example_dags/tutorial_taskflow_api_virtualenv.py took 0.247 seconds
[2026-06-13T10:42:50.479+0000] {processor.py:161} INFO - Started process (PID=150) to work on /home/airflow/.local/lib/python3.12/site-packages/airflow/example_dags/tutorial_taskflow_api_virtualenv.py
[2026-06-13T10:42:50.481+0000] {processor.py:830} INFO - Processing file /home/airflow/.local/lib/python3.12/site-packages/airflow/example_dags/tutorial_taskflow_api_virtualenv.py for tasks to queue
[2026-06-13T10:42:50.484+0000] {logging_mixin.py:188} INFO - [2026-06-13T10:42:50.484+0000] {dagbag.py:545} INFO - Filling up the DagBag from /home/airflow/.local/lib/python3.12/site-packages/airflow/example_dags/tutorial_taskflow_api_virtualenv.py
[2026-06-13T10:42:50.496+0000] {processor.py:840} INFO - DAG(s) 'tutorial_taskflow_api_virtualenv' retrieved from /home/airflow/.local/lib/python3.12/site-packages/airflow/example_dags/tutorial_taskflow_api_virtualenv.py
[2026-06-13T10:42:50.522+0000] {logging_mixin.py:188} INFO - [2026-06-13T10:42:50.521+0000] {dag.py:3096} INFO - Sync 1 DAGs
[2026-06-13T10:42:50.537+0000] {logging_mixin.py:188} INFO - [2026-06-13T10:42:50.536+0000] {dag.py:3954} INFO - Setting next_dagrun for tutorial_taskflow_api_virtualenv to None, run_after=None
[2026-06-13T10:42:50.563+0000] {processor.py:183} INFO - Processing /home/airflow/.local/lib/python3.12/site-packages/airflow/example_dags/tutorial_taskflow_api_virtualenv.py took 0.090 seconds
[2026-06-13T10:43:20.980+0000] {processor.py:161} INFO - Started process (PID=208) to work on /home/airflow/.local/lib/python3.12/site-packages/airflow/example_dags/tutorial_taskflow_api_virtualenv.py
[2026-06-13T10:43:20.982+0000] {processor.py:830} INFO - Processing file /home/airflow/.local/lib/python3.12/site-packages/airflow/example_dags/tutorial_taskflow_api_virtualenv.py for tasks to queue
[2026-06-13T10:43:20.984+0000] {logging_mixin.py:188} INFO - [2026-06-13T10:43:20.984+0000] {dagbag.py:545} INFO - Filling up the DagBag from /home/airflow/.local/lib/python3.12/site-packages/airflow/example_dags/tutorial_taskflow_api_virtualenv.py
[2026-06-13T10:43:20.996+0000] {processor.py:840} INFO - DAG(s) 'tutorial_taskflow_api_virtualenv' retrieved from /home/airflow/.local/lib/python3.12/site-packages/airflow/example_dags/tutorial_taskflow_api_virtualenv.py
[2026-06-13T10:43:21.026+0000] {logging_mixin.py:188} INFO - [2026-06-13T10:43:21.025+0000] {dag.py:3096} INFO - Sync 1 DAGs
[2026-06-13T10:43:21.043+0000] {logging_mixin.py:188} INFO - [2026-06-13T10:43:21.042+0000] {dag.py:3954} INFO - Setting next_dagrun for tutorial_taskflow_api_virtualenv to None, run_after=None
[2026-06-13T10:43:21.072+0000] {processor.py:183} INFO - Processing /home/airflow/.local/lib/python3.12/site-packages/airflow/example_dags/tutorial_taskflow_api_virtualenv.py took 0.098 seconds
[2026-06-13T10:43:51.358+0000] {processor.py:161} INFO - Started process (PID=266) to work on /home/airflow/.local/lib/python3.12/site-packages/airflow/example_dags/tutorial_taskflow_api_virtualenv.py
[2026-06-13T10:43:51.360+0000] {processor.py:830} INFO - Processing file /home/airflow/.local/lib/python3.12/site-packages/airflow/example_dags/tutorial_taskflow_api_virtualenv.py for tasks to queue
[2026-06-13T10:43:51.363+0000] {logging_mixin.py:188} INFO - [2026-06-13T10:43:51.363+0000] {dagbag.py:545} INFO - Filling up the DagBag from /home/airflow/.local/lib/python3.12/site-packages/airflow/example_dags/tutorial_taskflow_api_virtualenv.py
[2026-06-13T10:43:51.375+0000] {processor.py:840} INFO - DAG(s) 'tutorial_taskflow_api_virtualenv' retrieved from /home/airflow/.local/lib/python3.12/site-packages/airflow/example_dags/tutorial_taskflow_api_virtualenv.py
[2026-06-13T10:43:51.400+0000] {logging_mixin.py:188} INFO - [2026-06-13T10:43:51.400+0000] {dag.py:3096} INFO - Sync 1 DAGs
[2026-06-13T10:43:51.413+0000] {logging_mixin.py:188} INFO - [2026-06-13T10:43:51.413+0000] {dag.py:3954} INFO - Setting next_dagrun for tutorial_taskflow_api_virtualenv to None, run_after=None
[2026-06-13T10:43:51.441+0000] {processor.py:183} INFO - Processing /home/airflow/.local/lib/python3.12/site-packages/airflow/example_dags/tutorial_taskflow_api_virtualenv.py took 0.089 seconds
[2026-06-13T10:44:21.637+0000] {processor.py:161} INFO - Started process (PID=324) to work on /home/airflow/.local/lib/python3.12/site-packages/airflow/example_dags/tutorial_taskflow_api_virtualenv.py
[2026-06-13T10:44:21.639+0000] {processor.py:830} INFO - Processing file /home/airflow/.local/lib/python3.12/site-packages/airflow/example_dags/tutorial_taskflow_api_virtualenv.py for tasks to queue
[2026-06-13T10:44:21.642+0000] {logging_mixin.py:188} INFO - [2026-06-13T10:44:21.641+0000] {dagbag.py:545} INFO - Filling up the DagBag from /home/airflow/.local/lib/python3.12/site-packages/airflow/example_dags/tutorial_taskflow_api_virtualenv.py
[2026-06-13T10:44:21.654+0000] {processor.py:840} INFO - DAG(s) 'tutorial_taskflow_api_virtualenv' retrieved from /home/airflow/.local/lib/python3.12/site-packages/airflow/example_dags/tutorial_taskflow_api_virtualenv.py
[2026-06-13T10:44:21.680+0000] {logging_mixin.py:188} INFO - [2026-06-13T10:44:21.680+0000] {dag.py:3096} INFO - Sync 1 DAGs
[2026-06-13T10:44:21.695+0000] {logging_mixin.py:188} INFO - [2026-06-13T10:44:21.695+0000] {dag.py:3954} INFO - Setting next_dagrun for tutorial_taskflow_api_virtualenv to None, run_after=None
[2026-06-13T10:44:21.720+0000] {processor.py:183} INFO - Processing /home/airflow/.local/lib/python3.12/site-packages/airflow/example_dags/tutorial_taskflow_api_virtualenv.py took 0.089 seconds
[2026-06-13T10:44:52.236+0000] {processor.py:161} INFO - Started process (PID=382) to work on /home/airflow/.local/lib/python3.12/site-packages/airflow/example_dags/tutorial_taskflow_api_virtualenv.py
[2026-06-13T10:44:52.238+0000] {processor.py:830} INFO - Processing file /home/airflow/.local/lib/python3.12/site-packages/airflow/example_dags/tutorial_taskflow_api_virtualenv.py for tasks to queue
[2026-06-13T10:44:52.241+0000] {logging_mixin.py:188} INFO - [2026-06-13T10:44:52.240+0000] {dagbag.py:545} INFO - Filling up the DagBag from /home/airflow/.local/lib/python3.12/site-packages/airflow/example_dags/tutorial_taskflow_api_virtualenv.py
[2026-06-13T10:44:52.252+0000] {processor.py:840} INFO - DAG(s) 'tutorial_taskflow_api_virtualenv' retrieved from /home/airflow/.local/lib/python3.12/site-packages/airflow/example_dags/tutorial_taskflow_api_virtualenv.py
[2026-06-13T10:44:52.279+0000] {logging_mixin.py:188} INFO - [2026-06-13T10:44:52.278+0000] {dag.py:3096} INFO - Sync 1 DAGs
[2026-06-13T10:44:52.292+0000] {logging_mixin.py:188} INFO - [2026-06-13T10:44:52.292+0000] {dag.py:3954} INFO - Setting next_dagrun for tutorial_taskflow_api_virtualenv to None, run_after=None
[2026-06-13T10:44:52.322+0000] {processor.py:183} INFO - Processing /home/airflow/.local/lib/python3.12/site-packages/airflow/example_dags/tutorial_taskflow_api_virtualenv.py took 0.093 seconds
[2026-06-13T10:45:22.633+0000] {processor.py:161} INFO - Started process (PID=440) to work on /home/airflow/.local/lib/python3.12/site-packages/airflow/example_dags/tutorial_taskflow_api_virtualenv.py
[2026-06-13T10:45:22.635+0000] {processor.py:830} INFO - Processing file /home/airflow/.local/lib/python3.12/site-packages/airflow/example_dags/tutorial_taskflow_api_virtualenv.py for tasks to queue
[2026-06-13T10:45:22.638+0000] {logging_mixin.py:188} INFO - [2026-06-13T10:45:22.638+0000] {dagbag.py:545} INFO - Filling up the DagBag from /home/airflow/.local/lib/python3.12/site-packages/airflow/example_dags/tutorial_taskflow_api_virtualenv.py
[2026-06-13T10:45:22.651+0000] {processor.py:840} INFO - DAG(s) 'tutorial_taskflow_api_virtualenv' retrieved from /home/airflow/.local/lib/python3.12/site-packages/airflow/example_dags/tutorial_taskflow_api_virtualenv.py
[2026-06-13T10:45:22.683+0000] {logging_mixin.py:188} INFO - [2026-06-13T10:45:22.682+0000] {dag.py:3096} INFO - Sync 1 DAGs
[2026-06-13T10:45:22.699+0000] {logging_mixin.py:188} INFO - [2026-06-13T10:45:22.698+0000] {dag.py:3954} INFO - Setting next_dagrun for tutorial_taskflow_api_virtualenv to None, run_after=None
[2026-06-13T10:45:22.727+0000] {processor.py:183} INFO - Processing /home/airflow/.local/lib/python3.12/site-packages/airflow/example_dags/tutorial_taskflow_api_virtualenv.py took 0.100 seconds
[2026-06-13T10:45:53.458+0000] {processor.py:161} INFO - Started process (PID=498) to work on /home/airflow/.local/lib/python3.12/site-packages/airflow/example_dags/tutorial_taskflow_api_virtualenv.py
[2026-06-13T10:45:53.460+0000] {processor.py:830} INFO - Processing file /home/airflow/.local/lib/python3.12/site-packages/airflow/example_dags/tutorial_taskflow_api_virtualenv.py for tasks to queue
[2026-06-13T10:45:53.463+0000] {logging_mixin.py:188} INFO - [2026-06-13T10:45:53.463+0000] {dagbag.py:545} INFO - Filling up the DagBag from /home/airflow/.local/lib/python3.12/site-packages/airflow/example_dags/tutorial_taskflow_api_virtualenv.py
[2026-06-13T10:45:53.476+0000] {processor.py:840} INFO - DAG(s) 'tutorial_taskflow_api_virtualenv' retrieved from /home/airflow/.local/lib/python3.12/site-packages/airflow/example_dags/tutorial_taskflow_api_virtualenv.py
[2026-06-13T10:45:53.504+0000] {logging_mixin.py:188} INFO - [2026-06-13T10:45:53.503+0000] {dag.py:3096} INFO - Sync 1 DAGs
[2026-06-13T10:45:53.519+0000] {logging_mixin.py:188} INFO - [2026-06-13T10:45:53.519+0000] {dag.py:3954} INFO - Setting next_dagrun for tutorial_taskflow_api_virtualenv to None, run_after=None
[2026-06-13T10:45:53.552+0000] {processor.py:183} INFO - Processing /home/airflow/.local/lib/python3.12/site-packages/airflow/example_dags/tutorial_taskflow_api_virtualenv.py took 0.100 seconds
[2026-06-13T10:46:24.577+0000] {processor.py:161} INFO - Started process (PID=556) to work on /home/airflow/.local/lib/python3.12/site-packages/airflow/example_dags/tutorial_taskflow_api_virtualenv.py
[2026-06-13T10:46:24.578+0000] {processor.py:830} INFO - Processing file /home/airflow/.local/lib/python3.12/site-packages/airflow/example_dags/tutorial_taskflow_api_virtualenv.py for tasks to queue
[2026-06-13T10:46:24.581+0000] {logging_mixin.py:188} INFO - [2026-06-13T10:46:24.580+0000] {dagbag.py:545} INFO - Filling up the DagBag from /home/airflow/.local/lib/python3.12/site-packages/airflow/example_dags/tutorial_taskflow_api_virtualenv.py
[2026-06-13T10:46:24.592+0000] {processor.py:840} INFO - DAG(s) 'tutorial_taskflow_api_virtualenv' retrieved from /home/airflow/.local/lib/python3.12/site-packages/airflow/example_dags/tutorial_taskflow_api_virtualenv.py
[2026-06-13T10:46:24.620+0000] {logging_mixin.py:188} INFO - [2026-06-13T10:46:24.619+0000] {dag.py:3096} INFO - Sync 1 DAGs
[2026-06-13T10:46:24.634+0000] {logging_mixin.py:188} INFO - [2026-06-13T10:46:24.634+0000] {dag.py:3954} INFO - Setting next_dagrun for tutorial_taskflow_api_virtualenv to None, run_after=None
[2026-06-13T10:46:24.661+0000] {processor.py:183} INFO - Processing /home/airflow/.local/lib/python3.12/site-packages/airflow/example_dags/tutorial_taskflow_api_virtualenv.py took 0.091 seconds
[2026-06-13T10:46:54.921+0000] {processor.py:161} INFO - Started process (PID=614) to work on /home/airflow/.local/lib/python3.12/site-packages/airflow/example_dags/tutorial_taskflow_api_virtualenv.py
[2026-06-13T10:46:54.922+0000] {processor.py:830} INFO - Processing file /home/airflow/.local/lib/python3.12/site-packages/airflow/example_dags/tutorial_taskflow_api_virtualenv.py for tasks to queue
[2026-06-13T10:46:54.925+0000] {logging_mixin.py:188} INFO - [2026-06-13T10:46:54.924+0000] {dagbag.py:545} INFO - Filling up the DagBag from /home/airflow/.local/lib/python3.12/site-packages/airflow/example_dags/tutorial_taskflow_api_virtualenv.py
[2026-06-13T10:46:54.936+0000] {processor.py:840} INFO - DAG(s) 'tutorial_taskflow_api_virtualenv' retrieved from /home/airflow/.local/lib/python3.12/site-packages/airflow/example_dags/tutorial_taskflow_api_virtualenv.py
[2026-06-13T10:46:54.960+0000] {logging_mixin.py:188} INFO - [2026-06-13T10:46:54.960+0000] {dag.py:3096} INFO - Sync 1 DAGs
[2026-06-13T10:46:54.974+0000] {logging_mixin.py:188} INFO - [2026-06-13T10:46:54.974+0000] {dag.py:3954} INFO - Setting next_dagrun for tutorial_taskflow_api_virtualenv to None, run_after=None
[2026-06-13T10:46:55.001+0000] {processor.py:183} INFO - Processing /home/airflow/.local/lib/python3.12/site-packages/airflow/example_dags/tutorial_taskflow_api_virtualenv.py took 0.087 seconds
[2026-06-13T10:47:25.087+0000] {processor.py:161} INFO - Started process (PID=672) to work on /home/airflow/.local/lib/python3.12/site-packages/airflow/example_dags/tutorial_taskflow_api_virtualenv.py
[2026-06-13T10:47:25.089+0000] {processor.py:830} INFO - Processing file /home/airflow/.local/lib/python3.12/site-packages/airflow/example_dags/tutorial_taskflow_api_virtualenv.py for tasks to queue
[2026-06-13T10:47:25.091+0000] {logging_mixin.py:188} INFO - [2026-06-13T10:47:25.091+0000] {dagbag.py:545} INFO - Filling up the DagBag from /home/airflow/.local/lib/python3.12/site-packages/airflow/example_dags/tutorial_taskflow_api_virtualenv.py
[2026-06-13T10:47:25.102+0000] {processor.py:840} INFO - DAG(s) 'tutorial_taskflow_api_virtualenv' retrieved from /home/airflow/.local/lib/python3.12/site-packages/airflow/example_dags/tutorial_taskflow_api_virtualenv.py
[2026-06-13T10:47:25.128+0000] {logging_mixin.py:188} INFO - [2026-06-13T10:47:25.128+0000] {dag.py:3096} INFO - Sync 1 DAGs
[2026-06-13T10:47:25.143+0000] {logging_mixin.py:188} INFO - [2026-06-13T10:47:25.143+0000] {dag.py:3954} INFO - Setting next_dagrun for tutorial_taskflow_api_virtualenv to None, run_after=None
[2026-06-13T10:47:25.170+0000] {processor.py:183} INFO - Processing /home/airflow/.local/lib/python3.12/site-packages/airflow/example_dags/tutorial_taskflow_api_virtualenv.py took 0.090 seconds
[2026-06-13T10:47:55.335+0000] {processor.py:161} INFO - Started process (PID=730) to work on /home/airflow/.local/lib/python3.12/site-packages/airflow/example_dags/tutorial_taskflow_api_virtualenv.py
[2026-06-13T10:47:55.336+0000] {processor.py:830} INFO - Processing file /home/airflow/.local/lib/python3.12/site-packages/airflow/example_dags/tutorial_taskflow_api_virtualenv.py for tasks to queue
[2026-06-13T10:47:55.339+0000] {logging_mixin.py:188} INFO - [2026-06-13T10:47:55.339+0000] {dagbag.py:545} INFO - Filling up the DagBag from /home/airflow/.local/lib/python3.12/site-packages/airflow/example_dags/tutorial_taskflow_api_virtualenv.py
[2026-06-13T10:47:55.350+0000] {processor.py:840} INFO - DAG(s) 'tutorial_taskflow_api_virtualenv' retrieved from /home/airflow/.local/lib/python3.12/site-packages/airflow/example_dags/tutorial_taskflow_api_virtualenv.py
[2026-06-13T10:47:55.374+0000] {logging_mixin.py:188} INFO - [2026-06-13T10:47:55.374+0000] {dag.py:3096} INFO - Sync 1 DAGs
[2026-06-13T10:47:55.388+0000] {logging_mixin.py:188} INFO - [2026-06-13T10:47:55.388+0000] {dag.py:3954} INFO - Setting next_dagrun for tutorial_taskflow_api_virtualenv to None, run_after=None
[2026-06-13T10:47:55.414+0000] {processor.py:183} INFO - Processing /home/airflow/.local/lib/python3.12/site-packages/airflow/example_dags/tutorial_taskflow_api_virtualenv.py took 0.085 seconds
[2026-06-13T10:48:25.589+0000] {processor.py:161} INFO - Started process (PID=788) to work on /home/airflow/.local/lib/python3.12/site-packages/airflow/example_dags/tutorial_taskflow_api_virtualenv.py
[2026-06-13T10:48:25.591+0000] {processor.py:830} INFO - Processing file /home/airflow/.local/lib/python3.12/site-packages/airflow/example_dags/tutorial_taskflow_api_virtualenv.py for tasks to queue
[2026-06-13T10:48:25.593+0000] {logging_mixin.py:188} INFO - [2026-06-13T10:48:25.593+0000] {dagbag.py:545} INFO - Filling up the DagBag from /home/airflow/.local/lib/python3.12/site-packages/airflow/example_dags/tutorial_taskflow_api_virtualenv.py
[2026-06-13T10:48:25.606+0000] {processor.py:840} INFO - DAG(s) 'tutorial_taskflow_api_virtualenv' retrieved from /home/airflow/.local/lib/python3.12/site-packages/airflow/example_dags/tutorial_taskflow_api_virtualenv.py
[2026-06-13T10:48:25.637+0000] {logging_mixin.py:188} INFO - [2026-06-13T10:48:25.636+0000] {dag.py:3096} INFO - Sync 1 DAGs
[2026-06-13T10:48:25.660+0000] {logging_mixin.py:188} INFO - [2026-06-13T10:48:25.659+0000] {dag.py:3954} INFO - Setting next_dagrun for tutorial_taskflow_api_virtualenv to None, run_after=None
[2026-06-13T10:48:25.703+0000] {processor.py:183} INFO - Processing /home/airflow/.local/lib/python3.12/site-packages/airflow/example_dags/tutorial_taskflow_api_virtualenv.py took 0.121 seconds
[2026-06-13T10:48:55.880+0000] {processor.py:161} INFO - Started process (PID=846) to work on /home/airflow/.local/lib/python3.12/site-packages/airflow/example_dags/tutorial_taskflow_api_virtualenv.py
[2026-06-13T10:48:55.882+0000] {processor.py:830} INFO - Processing file /home/airflow/.local/lib/python3.12/site-packages/airflow/example_dags/tutorial_taskflow_api_virtualenv.py for tasks to queue
[2026-06-13T10:48:55.884+0000] {logging_mixin.py:188} INFO - [2026-06-13T10:48:55.884+0000] {dagbag.py:545} INFO - Filling up the DagBag from /home/airflow/.local/lib/python3.12/site-packages/airflow/example_dags/tutorial_taskflow_api_virtualenv.py
[2026-06-13T10:48:55.896+0000] {processor.py:840} INFO - DAG(s) 'tutorial_taskflow_api_virtualenv' retrieved from /home/airflow/.local/lib/python3.12/site-packages/airflow/example_dags/tutorial_taskflow_api_virtualenv.py
[2026-06-13T10:48:55.922+0000] {logging_mixin.py:188} INFO - [2026-06-13T10:48:55.922+0000] {dag.py:3096} INFO - Sync 1 DAGs
[2026-06-13T10:48:55.938+0000] {logging_mixin.py:188} INFO - [2026-06-13T10:48:55.938+0000] {dag.py:3954} INFO - Setting next_dagrun for tutorial_taskflow_api_virtualenv to None, run_after=None
[2026-06-13T10:48:55.966+0000] {processor.py:183} INFO - Processing /home/airflow/.local/lib/python3.12/site-packages/airflow/example_dags/tutorial_taskflow_api_virtualenv.py took 0.091 seconds
[2026-06-13T10:49:26.928+0000] {processor.py:161} INFO - Started process (PID=904) to work on /home/airflow/.local/lib/python3.12/site-packages/airflow/example_dags/tutorial_taskflow_api_virtualenv.py
[2026-06-13T10:49:26.929+0000] {processor.py:830} INFO - Processing file /home/airflow/.local/lib/python3.12/site-packages/airflow/example_dags/tutorial_taskflow_api_virtualenv.py for tasks to queue
[2026-06-13T10:49:26.932+0000] {logging_mixin.py:188} INFO - [2026-06-13T10:49:26.931+0000] {dagbag.py:545} INFO - Filling up the DagBag from /home/airflow/.local/lib/python3.12/site-packages/airflow/example_dags/tutorial_taskflow_api_virtualenv.py
[2026-06-13T10:49:26.943+0000] {processor.py:840} INFO - DAG(s) 'tutorial_taskflow_api_virtualenv' retrieved from /home/airflow/.local/lib/python3.12/site-packages/airflow/example_dags/tutorial_taskflow_api_virtualenv.py
[2026-06-13T10:49:26.969+0000] {logging_mixin.py:188} INFO - [2026-06-13T10:49:26.969+0000] {dag.py:3096} INFO - Sync 1 DAGs
[2026-06-13T10:49:26.985+0000] {logging_mixin.py:188} INFO - [2026-06-13T10:49:26.984+0000] {dag.py:3954} INFO - Setting next_dagrun for tutorial_taskflow_api_virtualenv to None, run_after=None
[2026-06-13T10:49:27.016+0000] {processor.py:183} INFO - Processing /home/airflow/.local/lib/python3.12/site-packages/airflow/example_dags/tutorial_taskflow_api_virtualenv.py took 0.094 seconds
[2026-06-13T10:49:57.435+0000] {processor.py:161} INFO - Started process (PID=963) to work on /home/airflow/.local/lib/python3.12/site-packages/airflow/example_dags/tutorial_taskflow_api_virtualenv.py
[2026-06-13T10:49:57.438+0000] {processor.py:830} INFO - Processing file /home/airflow/.local/lib/python3.12/site-packages/airflow/example_dags/tutorial_taskflow_api_virtualenv.py for tasks to queue
[2026-06-13T10:49:57.441+0000] {logging_mixin.py:188} INFO - [2026-06-13T10:49:57.440+0000] {dagbag.py:545} INFO - Filling up the DagBag from /home/airflow/.local/lib/python3.12/site-packages/airflow/example_dags/tutorial_taskflow_api_virtualenv.py
[2026-06-13T10:49:57.453+0000] {processor.py:840} INFO - DAG(s) 'tutorial_taskflow_api_virtualenv' retrieved from /home/airflow/.local/lib/python3.12/site-packages/airflow/example_dags/tutorial_taskflow_api_virtualenv.py
[2026-06-13T10:49:57.479+0000] {logging_mixin.py:188} INFO - [2026-06-13T10:49:57.479+0000] {dag.py:3096} INFO - Sync 1 DAGs
[2026-06-13T10:49:57.494+0000] {logging_mixin.py:188} INFO - [2026-06-13T10:49:57.494+0000] {dag.py:3954} INFO - Setting next_dagrun for tutorial_taskflow_api_virtualenv to None, run_after=None
[2026-06-13T10:49:57.520+0000] {processor.py:183} INFO - Processing /home/airflow/.local/lib/python3.12/site-packages/airflow/example_dags/tutorial_taskflow_api_virtualenv.py took 0.092 seconds
[2026-06-13T10:50:27.805+0000] {processor.py:161} INFO - Started process (PID=1021) to work on /home/airflow/.local/lib/python3.12/site-packages/airflow/example_dags/tutorial_taskflow_api_virtualenv.py
[2026-06-13T10:50:27.807+0000] {processor.py:830} INFO - Processing file /home/airflow/.local/lib/python3.12/site-packages/airflow/example_dags/tutorial_taskflow_api_virtualenv.py for tasks to queue
[2026-06-13T10:50:27.809+0000] {logging_mixin.py:188} INFO - [2026-06-13T10:50:27.809+0000] {dagbag.py:545} INFO - Filling up the DagBag from /home/airflow/.local/lib/python3.12/site-packages/airflow/example_dags/tutorial_taskflow_api_virtualenv.py
[2026-06-13T10:50:27.821+0000] {processor.py:840} INFO - DAG(s) 'tutorial_taskflow_api_virtualenv' retrieved from /home/airflow/.local/lib/python3.12/site-packages/airflow/example_dags/tutorial_taskflow_api_virtualenv.py
[2026-06-13T10:50:27.847+0000] {logging_mixin.py:188} INFO - [2026-06-13T10:50:27.846+0000] {dag.py:3096} INFO - Sync 1 DAGs
[2026-06-13T10:50:27.862+0000] {logging_mixin.py:188} INFO - [2026-06-13T10:50:27.862+0000] {dag.py:3954} INFO - Setting next_dagrun for tutorial_taskflow_api_virtualenv to None, run_after=None
[2026-06-13T10:50:27.893+0000] {processor.py:183} INFO - Processing /home/airflow/.local/lib/python3.12/site-packages/airflow/example_dags/tutorial_taskflow_api_virtualenv.py took 0.094 seconds
[2026-06-13T10:50:58.168+0000] {processor.py:161} INFO - Started process (PID=1079) to work on /home/airflow/.local/lib/python3.12/site-packages/airflow/example_dags/tutorial_taskflow_api_virtualenv.py
[2026-06-13T10:50:58.169+0000] {processor.py:830} INFO - Processing file /home/airflow/.local/lib/python3.12/site-packages/airflow/example_dags/tutorial_taskflow_api_virtualenv.py for tasks to queue
[2026-06-13T10:50:58.171+0000] {logging_mixin.py:188} INFO - [2026-06-13T10:50:58.171+0000] {dagbag.py:545} INFO - Filling up the DagBag from /home/airflow/.local/lib/python3.12/site-packages/airflow/example_dags/tutorial_taskflow_api_virtualenv.py
[2026-06-13T10:50:58.182+0000] {processor.py:840} INFO - DAG(s) 'tutorial_taskflow_api_virtualenv' retrieved from /home/airflow/.local/lib/python3.12/site-packages/airflow/example_dags/tutorial_taskflow_api_virtualenv.py
[2026-06-13T10:50:58.208+0000] {logging_mixin.py:188} INFO - [2026-06-13T10:50:58.208+0000] {dag.py:3096} INFO - Sync 1 DAGs
[2026-06-13T10:50:58.222+0000] {logging_mixin.py:188} INFO - [2026-06-13T10:50:58.222+0000] {dag.py:3954} INFO - Setting next_dagrun for tutorial_taskflow_api_virtualenv to None, run_after=None
[2026-06-13T10:50:58.248+0000] {processor.py:183} INFO - Processing /home/airflow/.local/lib/python3.12/site-packages/airflow/example_dags/tutorial_taskflow_api_virtualenv.py took 0.086 seconds
[2026-06-13T10:51:28.943+0000] {processor.py:161} INFO - Started process (PID=1137) to work on /home/airflow/.local/lib/python3.12/site-packages/airflow/example_dags/tutorial_taskflow_api_virtualenv.py
[2026-06-13T10:51:28.944+0000] {processor.py:830} INFO - Processing file /home/airflow/.local/lib/python3.12/site-packages/airflow/example_dags/tutorial_taskflow_api_virtualenv.py for tasks to queue
[2026-06-13T10:51:28.947+0000] {logging_mixin.py:188} INFO - [2026-06-13T10:51:28.947+0000] {dagbag.py:545} INFO - Filling up the DagBag from /home/airflow/.local/lib/python3.12/site-packages/airflow/example_dags/tutorial_taskflow_api_virtualenv.py
[2026-06-13T10:51:28.958+0000] {processor.py:840} INFO - DAG(s) 'tutorial_taskflow_api_virtualenv' retrieved from /home/airflow/.local/lib/python3.12/site-packages/airflow/example_dags/tutorial_taskflow_api_virtualenv.py
[2026-06-13T10:51:28.987+0000] {logging_mixin.py:188} INFO - [2026-06-13T10:51:28.986+0000] {dag.py:3096} INFO - Sync 1 DAGs
[2026-06-13T10:51:29.001+0000] {logging_mixin.py:188} INFO - [2026-06-13T10:51:29.001+0000] {dag.py:3954} INFO - Setting next_dagrun for tutorial_taskflow_api_virtualenv to None, run_after=None
[2026-06-13T10:51:29.031+0000] {processor.py:183} INFO - Processing /home/airflow/.local/lib/python3.12/site-packages/airflow/example_dags/tutorial_taskflow_api_virtualenv.py took 0.093 seconds
[2026-06-13T10:51:59.672+0000] {processor.py:161} INFO - Started process (PID=1195) to work on /home/airflow/.local/lib/python3.12/site-packages/airflow/example_dags/tutorial_taskflow_api_virtualenv.py
[2026-06-13T10:51:59.674+0000] {processor.py:830} INFO - Processing file /home/airflow/.local/lib/python3.12/site-packages/airflow/example_dags/tutorial_taskflow_api_virtualenv.py for tasks to queue
[2026-06-13T10:51:59.678+0000] {logging_mixin.py:188} INFO - [2026-06-13T10:51:59.677+0000] {dagbag.py:545} INFO - Filling up the DagBag from /home/airflow/.local/lib/python3.12/site-packages/airflow/example_dags/tutorial_taskflow_api_virtualenv.py
[2026-06-13T10:51:59.694+0000] {processor.py:840} INFO - DAG(s) 'tutorial_taskflow_api_virtualenv' retrieved from /home/airflow/.local/lib/python3.12/site-packages/airflow/example_dags/tutorial_taskflow_api_virtualenv.py
[2026-06-13T10:51:59.729+0000] {logging_mixin.py:188} INFO - [2026-06-13T10:51:59.728+0000] {dag.py:3096} INFO - Sync 1 DAGs
[2026-06-13T10:51:59.748+0000] {logging_mixin.py:188} INFO - [2026-06-13T10:51:59.748+0000] {dag.py:3954} INFO - Setting next_dagrun for tutorial_taskflow_api_virtualenv to None, run_after=None
[2026-06-13T10:51:59.780+0000] {processor.py:183} INFO - Processing /home/airflow/.local/lib/python3.12/site-packages/airflow/example_dags/tutorial_taskflow_api_virtualenv.py took 0.118 seconds
[2026-06-13T10:52:30.021+0000] {processor.py:161} INFO - Started process (PID=1253) to work on /home/airflow/.local/lib/python3.12/site-packages/airflow/example_dags/tutorial_taskflow_api_virtualenv.py
[2026-06-13T10:52:30.023+0000] {processor.py:830} INFO - Processing file /home/airflow/.local/lib/python3.12/site-packages/airflow/example_dags/tutorial_taskflow_api_virtualenv.py for tasks to queue
[2026-06-13T10:52:30.026+0000] {logging_mixin.py:188} INFO - [2026-06-13T10:52:30.026+0000] {dagbag.py:545} INFO - Filling up the DagBag from /home/airflow/.local/lib/python3.12/site-packages/airflow/example_dags/tutorial_taskflow_api_virtualenv.py
[2026-06-13T10:52:30.039+0000] {processor.py:840} INFO - DAG(s) 'tutorial_taskflow_api_virtualenv' retrieved from /home/airflow/.local/lib/python3.12/site-packages/airflow/example_dags/tutorial_taskflow_api_virtualenv.py
[2026-06-13T10:52:30.070+0000] {logging_mixin.py:188} INFO - [2026-06-13T10:52:30.070+0000] {dag.py:3096} INFO - Sync 1 DAGs
[2026-06-13T10:52:30.088+0000] {logging_mixin.py:188} INFO - [2026-06-13T10:52:30.088+0000] {dag.py:3954} INFO - Setting next_dagrun for tutorial_taskflow_api_virtualenv to None, run_after=None
[2026-06-13T10:52:30.118+0000] {processor.py:183} INFO - Processing /home/airflow/.local/lib/python3.12/site-packages/airflow/example_dags/tutorial_taskflow_api_virtualenv.py took 0.103 seconds
[2026-06-13T10:53:00.742+0000] {processor.py:161} INFO - Started process (PID=1311) to work on /home/airflow/.local/lib/python3.12/site-packages/airflow/example_dags/tutorial_taskflow_api_virtualenv.py
[2026-06-13T10:53:00.743+0000] {processor.py:830} INFO - Processing file /home/airflow/.local/lib/python3.12/site-packages/airflow/example_dags/tutorial_taskflow_api_virtualenv.py for tasks to queue
[2026-06-13T10:53:00.747+0000] {logging_mixin.py:188} INFO - [2026-06-13T10:53:00.746+0000] {dagbag.py:545} INFO - Filling up the DagBag from /home/airflow/.local/lib/python3.12/site-packages/airflow/example_dags/tutorial_taskflow_api_virtualenv.py
[2026-06-13T10:53:00.758+0000] {processor.py:840} INFO - DAG(s) 'tutorial_taskflow_api_virtualenv' retrieved from /home/airflow/.local/lib/python3.12/site-packages/airflow/example_dags/tutorial_taskflow_api_virtualenv.py
[2026-06-13T10:53:00.783+0000] {logging_mixin.py:188} INFO - [2026-06-13T10:53:00.782+0000] {dag.py:3096} INFO - Sync 1 DAGs
[2026-06-13T10:53:00.797+0000] {logging_mixin.py:188} INFO - [2026-06-13T10:53:00.797+0000] {dag.py:3954} INFO - Setting next_dagrun for tutorial_taskflow_api_virtualenv to None, run_after=None
[2026-06-13T10:53:00.826+0000] {processor.py:183} INFO - Processing /home/airflow/.local/lib/python3.12/site-packages/airflow/example_dags/tutorial_taskflow_api_virtualenv.py took 0.090 seconds
[2026-06-13T10:53:31.694+0000] {processor.py:161} INFO - Started process (PID=1370) to work on /home/airflow/.local/lib/python3.12/site-packages/airflow/example_dags/tutorial_taskflow_api_virtualenv.py
[2026-06-13T10:53:31.696+0000] {processor.py:830} INFO - Processing file /home/airflow/.local/lib/python3.12/site-packages/airflow/example_dags/tutorial_taskflow_api_virtualenv.py for tasks to queue
[2026-06-13T10:53:31.700+0000] {logging_mixin.py:188} INFO - [2026-06-13T10:53:31.699+0000] {dagbag.py:545} INFO - Filling up the DagBag from /home/airflow/.local/lib/python3.12/site-packages/airflow/example_dags/tutorial_taskflow_api_virtualenv.py
[2026-06-13T10:53:31.712+0000] {processor.py:840} INFO - DAG(s) 'tutorial_taskflow_api_virtualenv' retrieved from /home/airflow/.local/lib/python3.12/site-packages/airflow/example_dags/tutorial_taskflow_api_virtualenv.py
[2026-06-13T10:53:31.740+0000] {logging_mixin.py:188} INFO - [2026-06-13T10:53:31.739+0000] {dag.py:3096} INFO - Sync 1 DAGs
[2026-06-13T10:53:31.754+0000] {logging_mixin.py:188} INFO - [2026-06-13T10:53:31.754+0000] {dag.py:3954} INFO - Setting next_dagrun for tutorial_taskflow_api_virtualenv to None, run_after=None
[2026-06-13T10:53:31.784+0000] {processor.py:183} INFO - Processing /home/airflow/.local/lib/python3.12/site-packages/airflow/example_dags/tutorial_taskflow_api_virtualenv.py took 0.096 seconds
[2026-06-13T10:54:02.141+0000] {processor.py:161} INFO - Started process (PID=1427) to work on /home/airflow/.local/lib/python3.12/site-packages/airflow/example_dags/tutorial_taskflow_api_virtualenv.py
[2026-06-13T10:54:02.143+0000] {processor.py:830} INFO - Processing file /home/airflow/.local/lib/python3.12/site-packages/airflow/example_dags/tutorial_taskflow_api_virtualenv.py for tasks to queue
[2026-06-13T10:54:02.146+0000] {logging_mixin.py:188} INFO - [2026-06-13T10:54:02.146+0000] {dagbag.py:545} INFO - Filling up the DagBag from /home/airflow/.local/lib/python3.12/site-packages/airflow/example_dags/tutorial_taskflow_api_virtualenv.py
[2026-06-13T10:54:02.157+0000] {processor.py:840} INFO - DAG(s) 'tutorial_taskflow_api_virtualenv' retrieved from /home/airflow/.local/lib/python3.12/site-packages/airflow/example_dags/tutorial_taskflow_api_virtualenv.py
[2026-06-13T10:54:02.185+0000] {logging_mixin.py:188} INFO - [2026-06-13T10:54:02.185+0000] {dag.py:3096} INFO - Sync 1 DAGs
[2026-06-13T10:54:02.201+0000] {logging_mixin.py:188} INFO - [2026-06-13T10:54:02.201+0000] {dag.py:3954} INFO - Setting next_dagrun for tutorial_taskflow_api_virtualenv to None, run_after=None
[2026-06-13T10:54:02.228+0000] {processor.py:183} INFO - Processing /home/airflow/.local/lib/python3.12/site-packages/airflow/example_dags/tutorial_taskflow_api_virtualenv.py took 0.093 seconds
[2026-06-13T10:54:32.461+0000] {processor.py:161} INFO - Started process (PID=1485) to work on /home/airflow/.local/lib/python3.12/site-packages/airflow/example_dags/tutorial_taskflow_api_virtualenv.py
[2026-06-13T10:54:32.463+0000] {processor.py:830} INFO - Processing file /home/airflow/.local/lib/python3.12/site-packages/airflow/example_dags/tutorial_taskflow_api_virtualenv.py for tasks to queue
[2026-06-13T10:54:32.466+0000] {logging_mixin.py:188} INFO - [2026-06-13T10:54:32.465+0000] {dagbag.py:545} INFO - Filling up the DagBag from /home/airflow/.local/lib/python3.12/site-packages/airflow/example_dags/tutorial_taskflow_api_virtualenv.py
[2026-06-13T10:54:32.479+0000] {processor.py:840} INFO - DAG(s) 'tutorial_taskflow_api_virtualenv' retrieved from /home/airflow/.local/lib/python3.12/site-packages/airflow/example_dags/tutorial_taskflow_api_virtualenv.py
[2026-06-13T10:54:32.515+0000] {logging_mixin.py:188} INFO - [2026-06-13T10:54:32.515+0000] {dag.py:3096} INFO - Sync 1 DAGs
[2026-06-13T10:54:32.539+0000] {logging_mixin.py:188} INFO - [2026-06-13T10:54:32.538+0000] {dag.py:3954} INFO - Setting next_dagrun for tutorial_taskflow_api_virtualenv to None, run_after=None
[2026-06-13T10:54:32.576+0000] {processor.py:183} INFO - Processing /home/airflow/.local/lib/python3.12/site-packages/airflow/example_dags/tutorial_taskflow_api_virtualenv.py took 0.123 seconds
[2026-06-13T10:55:56.942+0000] {processor.py:161} INFO - Started process (PID=87) to work on /home/airflow/.local/lib/python3.12/site-packages/airflow/example_dags/tutorial_taskflow_api_virtualenv.py
[2026-06-13T10:55:56.944+0000] {processor.py:830} INFO - Processing file /home/airflow/.local/lib/python3.12/site-packages/airflow/example_dags/tutorial_taskflow_api_virtualenv.py for tasks to queue
[2026-06-13T10:55:56.948+0000] {logging_mixin.py:188} INFO - [2026-06-13T10:55:56.947+0000] {dagbag.py:545} INFO - Filling up the DagBag from /home/airflow/.local/lib/python3.12/site-packages/airflow/example_dags/tutorial_taskflow_api_virtualenv.py
[2026-06-13T10:55:56.968+0000] {processor.py:840} INFO - DAG(s) 'tutorial_taskflow_api_virtualenv' retrieved from /home/airflow/.local/lib/python3.12/site-packages/airflow/example_dags/tutorial_taskflow_api_virtualenv.py
[2026-06-13T10:55:57.137+0000] {logging_mixin.py:188} INFO - [2026-06-13T10:55:57.136+0000] {dag.py:3096} INFO - Sync 1 DAGs
[2026-06-13T10:55:57.157+0000] {logging_mixin.py:188} INFO - [2026-06-13T10:55:57.157+0000] {dag.py:3954} INFO - Setting next_dagrun for tutorial_taskflow_api_virtualenv to None, run_after=None
[2026-06-13T10:55:57.195+0000] {processor.py:183} INFO - Processing /home/airflow/.local/lib/python3.12/site-packages/airflow/example_dags/tutorial_taskflow_api_virtualenv.py took 0.261 seconds
[2026-06-13T10:56:28.114+0000] {processor.py:161} INFO - Started process (PID=152) to work on /home/airflow/.local/lib/python3.12/site-packages/airflow/example_dags/tutorial_taskflow_api_virtualenv.py
[2026-06-13T10:56:28.115+0000] {processor.py:830} INFO - Processing file /home/airflow/.local/lib/python3.12/site-packages/airflow/example_dags/tutorial_taskflow_api_virtualenv.py for tasks to queue
[2026-06-13T10:56:28.117+0000] {logging_mixin.py:188} INFO - [2026-06-13T10:56:28.117+0000] {dagbag.py:545} INFO - Filling up the DagBag from /home/airflow/.local/lib/python3.12/site-packages/airflow/example_dags/tutorial_taskflow_api_virtualenv.py
[2026-06-13T10:56:28.134+0000] {processor.py:840} INFO - DAG(s) 'tutorial_taskflow_api_virtualenv' retrieved from /home/airflow/.local/lib/python3.12/site-packages/airflow/example_dags/tutorial_taskflow_api_virtualenv.py
[2026-06-13T10:56:28.172+0000] {logging_mixin.py:188} INFO - [2026-06-13T10:56:28.171+0000] {dag.py:3096} INFO - Sync 1 DAGs
[2026-06-13T10:56:28.189+0000] {logging_mixin.py:188} INFO - [2026-06-13T10:56:28.189+0000] {dag.py:3954} INFO - Setting next_dagrun for tutorial_taskflow_api_virtualenv to None, run_after=None
[2026-06-13T10:56:28.216+0000] {processor.py:183} INFO - Processing /home/airflow/.local/lib/python3.12/site-packages/airflow/example_dags/tutorial_taskflow_api_virtualenv.py took 0.108 seconds
[2026-06-13T10:56:58.289+0000] {processor.py:161} INFO - Started process (PID=211) to work on /home/airflow/.local/lib/python3.12/site-packages/airflow/example_dags/tutorial_taskflow_api_virtualenv.py
[2026-06-13T10:56:58.291+0000] {processor.py:830} INFO - Processing file /home/airflow/.local/lib/python3.12/site-packages/airflow/example_dags/tutorial_taskflow_api_virtualenv.py for tasks to queue
[2026-06-13T10:56:58.295+0000] {logging_mixin.py:188} INFO - [2026-06-13T10:56:58.294+0000] {dagbag.py:545} INFO - Filling up the DagBag from /home/airflow/.local/lib/python3.12/site-packages/airflow/example_dags/tutorial_taskflow_api_virtualenv.py
[2026-06-13T10:56:58.307+0000] {processor.py:840} INFO - DAG(s) 'tutorial_taskflow_api_virtualenv' retrieved from /home/airflow/.local/lib/python3.12/site-packages/airflow/example_dags/tutorial_taskflow_api_virtualenv.py
[2026-06-13T10:56:58.323+0000] {logging_mixin.py:188} INFO - [2026-06-13T10:56:58.323+0000] {dag.py:3096} INFO - Sync 1 DAGs
[2026-06-13T10:56:58.339+0000] {logging_mixin.py:188} INFO - [2026-06-13T10:56:58.339+0000] {dag.py:3954} INFO - Setting next_dagrun for tutorial_taskflow_api_virtualenv to None, run_after=None
[2026-06-13T10:56:58.375+0000] {processor.py:183} INFO - Processing /home/airflow/.local/lib/python3.12/site-packages/airflow/example_dags/tutorial_taskflow_api_virtualenv.py took 0.093 seconds
[2026-06-13T10:57:28.787+0000] {processor.py:161} INFO - Started process (PID=271) to work on /home/airflow/.local/lib/python3.12/site-packages/airflow/example_dags/tutorial_taskflow_api_virtualenv.py
[2026-06-13T10:57:28.789+0000] {processor.py:830} INFO - Processing file /home/airflow/.local/lib/python3.12/site-packages/airflow/example_dags/tutorial_taskflow_api_virtualenv.py for tasks to queue
[2026-06-13T10:57:28.792+0000] {logging_mixin.py:188} INFO - [2026-06-13T10:57:28.791+0000] {dagbag.py:545} INFO - Filling up the DagBag from /home/airflow/.local/lib/python3.12/site-packages/airflow/example_dags/tutorial_taskflow_api_virtualenv.py
[2026-06-13T10:57:28.804+0000] {processor.py:840} INFO - DAG(s) 'tutorial_taskflow_api_virtualenv' retrieved from /home/airflow/.local/lib/python3.12/site-packages/airflow/example_dags/tutorial_taskflow_api_virtualenv.py
[2026-06-13T10:57:28.929+0000] {logging_mixin.py:188} INFO - [2026-06-13T10:57:28.929+0000] {dag.py:3096} INFO - Sync 1 DAGs
[2026-06-13T10:57:28.941+0000] {logging_mixin.py:188} INFO - [2026-06-13T10:57:28.941+0000] {dag.py:3954} INFO - Setting next_dagrun for tutorial_taskflow_api_virtualenv to None, run_after=None
[2026-06-13T10:57:28.973+0000] {processor.py:183} INFO - Processing /home/airflow/.local/lib/python3.12/site-packages/airflow/example_dags/tutorial_taskflow_api_virtualenv.py took 0.193 seconds
[2026-06-13T10:57:59.858+0000] {processor.py:161} INFO - Started process (PID=330) to work on /home/airflow/.local/lib/python3.12/site-packages/airflow/example_dags/tutorial_taskflow_api_virtualenv.py
[2026-06-13T10:57:59.860+0000] {processor.py:830} INFO - Processing file /home/airflow/.local/lib/python3.12/site-packages/airflow/example_dags/tutorial_taskflow_api_virtualenv.py for tasks to queue
[2026-06-13T10:57:59.863+0000] {logging_mixin.py:188} INFO - [2026-06-13T10:57:59.862+0000] {dagbag.py:545} INFO - Filling up the DagBag from /home/airflow/.local/lib/python3.12/site-packages/airflow/example_dags/tutorial_taskflow_api_virtualenv.py
[2026-06-13T10:57:59.875+0000] {processor.py:840} INFO - DAG(s) 'tutorial_taskflow_api_virtualenv' retrieved from /home/airflow/.local/lib/python3.12/site-packages/airflow/example_dags/tutorial_taskflow_api_virtualenv.py
[2026-06-13T10:57:59.904+0000] {logging_mixin.py:188} INFO - [2026-06-13T10:57:59.903+0000] {dag.py:3096} INFO - Sync 1 DAGs
[2026-06-13T10:57:59.919+0000] {logging_mixin.py:188} INFO - [2026-06-13T10:57:59.918+0000] {dag.py:3954} INFO - Setting next_dagrun for tutorial_taskflow_api_virtualenv to None, run_after=None
[2026-06-13T10:57:59.946+0000] {processor.py:183} INFO - Processing /home/airflow/.local/lib/python3.12/site-packages/airflow/example_dags/tutorial_taskflow_api_virtualenv.py took 0.095 seconds
[2026-06-13T10:58:30.086+0000] {processor.py:161} INFO - Started process (PID=389) to work on /home/airflow/.local/lib/python3.12/site-packages/airflow/example_dags/tutorial_taskflow_api_virtualenv.py
[2026-06-13T10:58:30.087+0000] {processor.py:830} INFO - Processing file /home/airflow/.local/lib/python3.12/site-packages/airflow/example_dags/tutorial_taskflow_api_virtualenv.py for tasks to queue
[2026-06-13T10:58:30.090+0000] {logging_mixin.py:188} INFO - [2026-06-13T10:58:30.090+0000] {dagbag.py:545} INFO - Filling up the DagBag from /home/airflow/.local/lib/python3.12/site-packages/airflow/example_dags/tutorial_taskflow_api_virtualenv.py
[2026-06-13T10:58:30.103+0000] {processor.py:840} INFO - DAG(s) 'tutorial_taskflow_api_virtualenv' retrieved from /home/airflow/.local/lib/python3.12/site-packages/airflow/example_dags/tutorial_taskflow_api_virtualenv.py
[2026-06-13T10:58:30.129+0000] {logging_mixin.py:188} INFO - [2026-06-13T10:58:30.129+0000] {dag.py:3096} INFO - Sync 1 DAGs
[2026-06-13T10:58:30.143+0000] {logging_mixin.py:188} INFO - [2026-06-13T10:58:30.143+0000] {dag.py:3954} INFO - Setting next_dagrun for tutorial_taskflow_api_virtualenv to None, run_after=None
[2026-06-13T10:58:30.169+0000] {processor.py:183} INFO - Processing /home/airflow/.local/lib/python3.12/site-packages/airflow/example_dags/tutorial_taskflow_api_virtualenv.py took 0.089 seconds
[2026-06-13T10:59:00.940+0000] {processor.py:161} INFO - Started process (PID=448) to work on /home/airflow/.local/lib/python3.12/site-packages/airflow/example_dags/tutorial_taskflow_api_virtualenv.py
[2026-06-13T10:59:00.942+0000] {processor.py:830} INFO - Processing file /home/airflow/.local/lib/python3.12/site-packages/airflow/example_dags/tutorial_taskflow_api_virtualenv.py for tasks to queue
[2026-06-13T10:59:00.945+0000] {logging_mixin.py:188} INFO - [2026-06-13T10:59:00.944+0000] {dagbag.py:545} INFO - Filling up the DagBag from /home/airflow/.local/lib/python3.12/site-packages/airflow/example_dags/tutorial_taskflow_api_virtualenv.py
[2026-06-13T10:59:00.957+0000] {processor.py:840} INFO - DAG(s) 'tutorial_taskflow_api_virtualenv' retrieved from /home/airflow/.local/lib/python3.12/site-packages/airflow/example_dags/tutorial_taskflow_api_virtualenv.py
[2026-06-13T10:59:00.984+0000] {logging_mixin.py:188} INFO - [2026-06-13T10:59:00.984+0000] {dag.py:3096} INFO - Sync 1 DAGs
[2026-06-13T10:59:01.001+0000] {logging_mixin.py:188} INFO - [2026-06-13T10:59:01.001+0000] {dag.py:3954} INFO - Setting next_dagrun for tutorial_taskflow_api_virtualenv to None, run_after=None
[2026-06-13T10:59:01.030+0000] {processor.py:183} INFO - Processing /home/airflow/.local/lib/python3.12/site-packages/airflow/example_dags/tutorial_taskflow_api_virtualenv.py took 0.097 seconds
[2026-06-13T10:59:31.196+0000] {processor.py:161} INFO - Started process (PID=507) to work on /home/airflow/.local/lib/python3.12/site-packages/airflow/example_dags/tutorial_taskflow_api_virtualenv.py
[2026-06-13T10:59:31.197+0000] {processor.py:830} INFO - Processing file /home/airflow/.local/lib/python3.12/site-packages/airflow/example_dags/tutorial_taskflow_api_virtualenv.py for tasks to queue
[2026-06-13T10:59:31.200+0000] {logging_mixin.py:188} INFO - [2026-06-13T10:59:31.199+0000] {dagbag.py:545} INFO - Filling up the DagBag from /home/airflow/.local/lib/python3.12/site-packages/airflow/example_dags/tutorial_taskflow_api_virtualenv.py
[2026-06-13T10:59:31.211+0000] {processor.py:840} INFO - DAG(s) 'tutorial_taskflow_api_virtualenv' retrieved from /home/airflow/.local/lib/python3.12/site-packages/airflow/example_dags/tutorial_taskflow_api_virtualenv.py
[2026-06-13T10:59:31.238+0000] {logging_mixin.py:188} INFO - [2026-06-13T10:59:31.238+0000] {dag.py:3096} INFO - Sync 1 DAGs
[2026-06-13T10:59:31.252+0000] {logging_mixin.py:188} INFO - [2026-06-13T10:59:31.252+0000] {dag.py:3954} INFO - Setting next_dagrun for tutorial_taskflow_api_virtualenv to None, run_after=None
[2026-06-13T10:59:31.279+0000] {processor.py:183} INFO - Processing /home/airflow/.local/lib/python3.12/site-packages/airflow/example_dags/tutorial_taskflow_api_virtualenv.py took 0.090 seconds
[2026-06-13T11:00:01.398+0000] {processor.py:161} INFO - Started process (PID=566) to work on /home/airflow/.local/lib/python3.12/site-packages/airflow/example_dags/tutorial_taskflow_api_virtualenv.py
[2026-06-13T11:00:01.400+0000] {processor.py:830} INFO - Processing file /home/airflow/.local/lib/python3.12/site-packages/airflow/example_dags/tutorial_taskflow_api_virtualenv.py for tasks to queue
[2026-06-13T11:00:01.403+0000] {logging_mixin.py:188} INFO - [2026-06-13T11:00:01.402+0000] {dagbag.py:545} INFO - Filling up the DagBag from /home/airflow/.local/lib/python3.12/site-packages/airflow/example_dags/tutorial_taskflow_api_virtualenv.py
[2026-06-13T11:00:01.414+0000] {processor.py:840} INFO - DAG(s) 'tutorial_taskflow_api_virtualenv' retrieved from /home/airflow/.local/lib/python3.12/site-packages/airflow/example_dags/tutorial_taskflow_api_virtualenv.py
[2026-06-13T11:00:01.440+0000] {logging_mixin.py:188} INFO - [2026-06-13T11:00:01.440+0000] {dag.py:3096} INFO - Sync 1 DAGs
[2026-06-13T11:00:01.454+0000] {logging_mixin.py:188} INFO - [2026-06-13T11:00:01.453+0000] {dag.py:3954} INFO - Setting next_dagrun for tutorial_taskflow_api_virtualenv to None, run_after=None
[2026-06-13T11:00:01.480+0000] {processor.py:183} INFO - Processing /home/airflow/.local/lib/python3.12/site-packages/airflow/example_dags/tutorial_taskflow_api_virtualenv.py took 0.089 seconds
[2026-06-13T11:00:31.772+0000] {processor.py:161} INFO - Started process (PID=625) to work on /home/airflow/.local/lib/python3.12/site-packages/airflow/example_dags/tutorial_taskflow_api_virtualenv.py
[2026-06-13T11:00:31.774+0000] {processor.py:830} INFO - Processing file /home/airflow/.local/lib/python3.12/site-packages/airflow/example_dags/tutorial_taskflow_api_virtualenv.py for tasks to queue
[2026-06-13T11:00:31.777+0000] {logging_mixin.py:188} INFO - [2026-06-13T11:00:31.777+0000] {dagbag.py:545} INFO - Filling up the DagBag from /home/airflow/.local/lib/python3.12/site-packages/airflow/example_dags/tutorial_taskflow_api_virtualenv.py
[2026-06-13T11:00:31.789+0000] {processor.py:840} INFO - DAG(s) 'tutorial_taskflow_api_virtualenv' retrieved from /home/airflow/.local/lib/python3.12/site-packages/airflow/example_dags/tutorial_taskflow_api_virtualenv.py
[2026-06-13T11:00:31.814+0000] {logging_mixin.py:188} INFO - [2026-06-13T11:00:31.814+0000] {dag.py:3096} INFO - Sync 1 DAGs
[2026-06-13T11:00:31.830+0000] {logging_mixin.py:188} INFO - [2026-06-13T11:00:31.829+0000] {dag.py:3954} INFO - Setting next_dagrun for tutorial_taskflow_api_virtualenv to None, run_after=None
[2026-06-13T11:00:31.854+0000] {processor.py:183} INFO - Processing /home/airflow/.local/lib/python3.12/site-packages/airflow/example_dags/tutorial_taskflow_api_virtualenv.py took 0.088 seconds
[2026-06-13T11:01:02.065+0000] {processor.py:161} INFO - Started process (PID=684) to work on /home/airflow/.local/lib/python3.12/site-packages/airflow/example_dags/tutorial_taskflow_api_virtualenv.py
[2026-06-13T11:01:02.067+0000] {processor.py:830} INFO - Processing file /home/airflow/.local/lib/python3.12/site-packages/airflow/example_dags/tutorial_taskflow_api_virtualenv.py for tasks to queue
[2026-06-13T11:01:02.070+0000] {logging_mixin.py:188} INFO - [2026-06-13T11:01:02.069+0000] {dagbag.py:545} INFO - Filling up the DagBag from /home/airflow/.local/lib/python3.12/site-packages/airflow/example_dags/tutorial_taskflow_api_virtualenv.py
[2026-06-13T11:01:02.083+0000] {processor.py:840} INFO - DAG(s) 'tutorial_taskflow_api_virtualenv' retrieved from /home/airflow/.local/lib/python3.12/site-packages/airflow/example_dags/tutorial_taskflow_api_virtualenv.py
[2026-06-13T11:01:02.111+0000] {logging_mixin.py:188} INFO - [2026-06-13T11:01:02.110+0000] {dag.py:3096} INFO - Sync 1 DAGs
[2026-06-13T11:01:02.126+0000] {logging_mixin.py:188} INFO - [2026-06-13T11:01:02.126+0000] {dag.py:3954} INFO - Setting next_dagrun for tutorial_taskflow_api_virtualenv to None, run_after=None
[2026-06-13T11:01:02.153+0000] {processor.py:183} INFO - Processing /home/airflow/.local/lib/python3.12/site-packages/airflow/example_dags/tutorial_taskflow_api_virtualenv.py took 0.096 seconds
[2026-06-13T11:01:32.596+0000] {processor.py:161} INFO - Started process (PID=743) to work on /home/airflow/.local/lib/python3.12/site-packages/airflow/example_dags/tutorial_taskflow_api_virtualenv.py
[2026-06-13T11:01:32.598+0000] {processor.py:830} INFO - Processing file /home/airflow/.local/lib/python3.12/site-packages/airflow/example_dags/tutorial_taskflow_api_virtualenv.py for tasks to queue
[2026-06-13T11:01:32.601+0000] {logging_mixin.py:188} INFO - [2026-06-13T11:01:32.601+0000] {dagbag.py:545} INFO - Filling up the DagBag from /home/airflow/.local/lib/python3.12/site-packages/airflow/example_dags/tutorial_taskflow_api_virtualenv.py
[2026-06-13T11:01:32.613+0000] {processor.py:840} INFO - DAG(s) 'tutorial_taskflow_api_virtualenv' retrieved from /home/airflow/.local/lib/python3.12/site-packages/airflow/example_dags/tutorial_taskflow_api_virtualenv.py
[2026-06-13T11:01:32.638+0000] {logging_mixin.py:188} INFO - [2026-06-13T11:01:32.638+0000] {dag.py:3096} INFO - Sync 1 DAGs
[2026-06-13T11:01:32.652+0000] {logging_mixin.py:188} INFO - [2026-06-13T11:01:32.652+0000] {dag.py:3954} INFO - Setting next_dagrun for tutorial_taskflow_api_virtualenv to None, run_after=None
[2026-06-13T11:01:32.681+0000] {processor.py:183} INFO - Processing /home/airflow/.local/lib/python3.12/site-packages/airflow/example_dags/tutorial_taskflow_api_virtualenv.py took 0.093 seconds
[2026-06-13T11:02:03.249+0000] {processor.py:161} INFO - Started process (PID=802) to work on /home/airflow/.local/lib/python3.12/site-packages/airflow/example_dags/tutorial_taskflow_api_virtualenv.py
[2026-06-13T11:02:03.251+0000] {processor.py:830} INFO - Processing file /home/airflow/.local/lib/python3.12/site-packages/airflow/example_dags/tutorial_taskflow_api_virtualenv.py for tasks to queue
[2026-06-13T11:02:03.254+0000] {logging_mixin.py:188} INFO - [2026-06-13T11:02:03.253+0000] {dagbag.py:545} INFO - Filling up the DagBag from /home/airflow/.local/lib/python3.12/site-packages/airflow/example_dags/tutorial_taskflow_api_virtualenv.py
[2026-06-13T11:02:03.265+0000] {processor.py:840} INFO - DAG(s) 'tutorial_taskflow_api_virtualenv' retrieved from /home/airflow/.local/lib/python3.12/site-packages/airflow/example_dags/tutorial_taskflow_api_virtualenv.py
[2026-06-13T11:02:03.293+0000] {logging_mixin.py:188} INFO - [2026-06-13T11:02:03.292+0000] {dag.py:3096} INFO - Sync 1 DAGs
[2026-06-13T11:02:03.308+0000] {logging_mixin.py:188} INFO - [2026-06-13T11:02:03.308+0000] {dag.py:3954} INFO - Setting next_dagrun for tutorial_taskflow_api_virtualenv to None, run_after=None
[2026-06-13T11:02:03.335+0000] {processor.py:183} INFO - Processing /home/airflow/.local/lib/python3.12/site-packages/airflow/example_dags/tutorial_taskflow_api_virtualenv.py took 0.092 seconds
[2026-06-13T11:02:34.264+0000] {processor.py:161} INFO - Started process (PID=861) to work on /home/airflow/.local/lib/python3.12/site-packages/airflow/example_dags/tutorial_taskflow_api_virtualenv.py
[2026-06-13T11:02:34.265+0000] {processor.py:830} INFO - Processing file /home/airflow/.local/lib/python3.12/site-packages/airflow/example_dags/tutorial_taskflow_api_virtualenv.py for tasks to queue
[2026-06-13T11:02:34.268+0000] {logging_mixin.py:188} INFO - [2026-06-13T11:02:34.268+0000] {dagbag.py:545} INFO - Filling up the DagBag from /home/airflow/.local/lib/python3.12/site-packages/airflow/example_dags/tutorial_taskflow_api_virtualenv.py
[2026-06-13T11:02:34.281+0000] {processor.py:840} INFO - DAG(s) 'tutorial_taskflow_api_virtualenv' retrieved from /home/airflow/.local/lib/python3.12/site-packages/airflow/example_dags/tutorial_taskflow_api_virtualenv.py
[2026-06-13T11:02:34.309+0000] {logging_mixin.py:188} INFO - [2026-06-13T11:02:34.308+0000] {dag.py:3096} INFO - Sync 1 DAGs
[2026-06-13T11:02:34.324+0000] {logging_mixin.py:188} INFO - [2026-06-13T11:02:34.324+0000] {dag.py:3954} INFO - Setting next_dagrun for tutorial_taskflow_api_virtualenv to None, run_after=None
[2026-06-13T11:02:34.355+0000] {processor.py:183} INFO - Processing /home/airflow/.local/lib/python3.12/site-packages/airflow/example_dags/tutorial_taskflow_api_virtualenv.py took 0.099 seconds
[2026-06-13T11:03:04.582+0000] {processor.py:161} INFO - Started process (PID=920) to work on /home/airflow/.local/lib/python3.12/site-packages/airflow/example_dags/tutorial_taskflow_api_virtualenv.py
[2026-06-13T11:03:04.584+0000] {processor.py:830} INFO - Processing file /home/airflow/.local/lib/python3.12/site-packages/airflow/example_dags/tutorial_taskflow_api_virtualenv.py for tasks to queue
[2026-06-13T11:03:04.587+0000] {logging_mixin.py:188} INFO - [2026-06-13T11:03:04.586+0000] {dagbag.py:545} INFO - Filling up the DagBag from /home/airflow/.local/lib/python3.12/site-packages/airflow/example_dags/tutorial_taskflow_api_virtualenv.py
[2026-06-13T11:03:04.598+0000] {processor.py:840} INFO - DAG(s) 'tutorial_taskflow_api_virtualenv' retrieved from /home/airflow/.local/lib/python3.12/site-packages/airflow/example_dags/tutorial_taskflow_api_virtualenv.py
[2026-06-13T11:03:04.622+0000] {logging_mixin.py:188} INFO - [2026-06-13T11:03:04.622+0000] {dag.py:3096} INFO - Sync 1 DAGs
[2026-06-13T11:03:04.636+0000] {logging_mixin.py:188} INFO - [2026-06-13T11:03:04.636+0000] {dag.py:3954} INFO - Setting next_dagrun for tutorial_taskflow_api_virtualenv to None, run_after=None
[2026-06-13T11:03:04.665+0000] {processor.py:183} INFO - Processing /home/airflow/.local/lib/python3.12/site-packages/airflow/example_dags/tutorial_taskflow_api_virtualenv.py took 0.089 seconds
[2026-06-13T11:03:35.265+0000] {processor.py:161} INFO - Started process (PID=979) to work on /home/airflow/.local/lib/python3.12/site-packages/airflow/example_dags/tutorial_taskflow_api_virtualenv.py
[2026-06-13T11:03:35.267+0000] {processor.py:830} INFO - Processing file /home/airflow/.local/lib/python3.12/site-packages/airflow/example_dags/tutorial_taskflow_api_virtualenv.py for tasks to queue
[2026-06-13T11:03:35.270+0000] {logging_mixin.py:188} INFO - [2026-06-13T11:03:35.269+0000] {dagbag.py:545} INFO - Filling up the DagBag from /home/airflow/.local/lib/python3.12/site-packages/airflow/example_dags/tutorial_taskflow_api_virtualenv.py
[2026-06-13T11:03:35.282+0000] {processor.py:840} INFO - DAG(s) 'tutorial_taskflow_api_virtualenv' retrieved from /home/airflow/.local/lib/python3.12/site-packages/airflow/example_dags/tutorial_taskflow_api_virtualenv.py
[2026-06-13T11:03:35.310+0000] {logging_mixin.py:188} INFO - [2026-06-13T11:03:35.310+0000] {dag.py:3096} INFO - Sync 1 DAGs
[2026-06-13T11:03:35.325+0000] {logging_mixin.py:188} INFO - [2026-06-13T11:03:35.325+0000] {dag.py:3954} INFO - Setting next_dagrun for tutorial_taskflow_api_virtualenv to None, run_after=None
[2026-06-13T11:03:35.351+0000] {processor.py:183} INFO - Processing /home/airflow/.local/lib/python3.12/site-packages/airflow/example_dags/tutorial_taskflow_api_virtualenv.py took 0.092 seconds
[2026-06-13T11:04:05.473+0000] {processor.py:161} INFO - Started process (PID=1038) to work on /home/airflow/.local/lib/python3.12/site-packages/airflow/example_dags/tutorial_taskflow_api_virtualenv.py
[2026-06-13T11:04:05.474+0000] {processor.py:830} INFO - Processing file /home/airflow/.local/lib/python3.12/site-packages/airflow/example_dags/tutorial_taskflow_api_virtualenv.py for tasks to queue
[2026-06-13T11:04:05.477+0000] {logging_mixin.py:188} INFO - [2026-06-13T11:04:05.476+0000] {dagbag.py:545} INFO - Filling up the DagBag from /home/airflow/.local/lib/python3.12/site-packages/airflow/example_dags/tutorial_taskflow_api_virtualenv.py
[2026-06-13T11:04:05.490+0000] {processor.py:840} INFO - DAG(s) 'tutorial_taskflow_api_virtualenv' retrieved from /home/airflow/.local/lib/python3.12/site-packages/airflow/example_dags/tutorial_taskflow_api_virtualenv.py
[2026-06-13T11:04:05.516+0000] {logging_mixin.py:188} INFO - [2026-06-13T11:04:05.515+0000] {dag.py:3096} INFO - Sync 1 DAGs
[2026-06-13T11:04:05.530+0000] {logging_mixin.py:188} INFO - [2026-06-13T11:04:05.530+0000] {dag.py:3954} INFO - Setting next_dagrun for tutorial_taskflow_api_virtualenv to None, run_after=None
[2026-06-13T11:04:05.558+0000] {processor.py:183} INFO - Processing /home/airflow/.local/lib/python3.12/site-packages/airflow/example_dags/tutorial_taskflow_api_virtualenv.py took 0.092 seconds
[2026-06-13T11:04:35.788+0000] {processor.py:161} INFO - Started process (PID=1097) to work on /home/airflow/.local/lib/python3.12/site-packages/airflow/example_dags/tutorial_taskflow_api_virtualenv.py
[2026-06-13T11:04:35.790+0000] {processor.py:830} INFO - Processing file /home/airflow/.local/lib/python3.12/site-packages/airflow/example_dags/tutorial_taskflow_api_virtualenv.py for tasks to queue
[2026-06-13T11:04:35.793+0000] {logging_mixin.py:188} INFO - [2026-06-13T11:04:35.792+0000] {dagbag.py:545} INFO - Filling up the DagBag from /home/airflow/.local/lib/python3.12/site-packages/airflow/example_dags/tutorial_taskflow_api_virtualenv.py
[2026-06-13T11:04:35.804+0000] {processor.py:840} INFO - DAG(s) 'tutorial_taskflow_api_virtualenv' retrieved from /home/airflow/.local/lib/python3.12/site-packages/airflow/example_dags/tutorial_taskflow_api_virtualenv.py
[2026-06-13T11:04:35.830+0000] {logging_mixin.py:188} INFO - [2026-06-13T11:04:35.829+0000] {dag.py:3096} INFO - Sync 1 DAGs
[2026-06-13T11:04:35.844+0000] {logging_mixin.py:188} INFO - [2026-06-13T11:04:35.844+0000] {dag.py:3954} INFO - Setting next_dagrun for tutorial_taskflow_api_virtualenv to None, run_after=None
[2026-06-13T11:04:35.873+0000] {processor.py:183} INFO - Processing /home/airflow/.local/lib/python3.12/site-packages/airflow/example_dags/tutorial_taskflow_api_virtualenv.py took 0.092 seconds
[2026-06-13T11:05:06.143+0000] {processor.py:161} INFO - Started process (PID=1156) to work on /home/airflow/.local/lib/python3.12/site-packages/airflow/example_dags/tutorial_taskflow_api_virtualenv.py
[2026-06-13T11:05:06.144+0000] {processor.py:830} INFO - Processing file /home/airflow/.local/lib/python3.12/site-packages/airflow/example_dags/tutorial_taskflow_api_virtualenv.py for tasks to queue
[2026-06-13T11:05:06.147+0000] {logging_mixin.py:188} INFO - [2026-06-13T11:05:06.147+0000] {dagbag.py:545} INFO - Filling up the DagBag from /home/airflow/.local/lib/python3.12/site-packages/airflow/example_dags/tutorial_taskflow_api_virtualenv.py
[2026-06-13T11:05:06.160+0000] {processor.py:840} INFO - DAG(s) 'tutorial_taskflow_api_virtualenv' retrieved from /home/airflow/.local/lib/python3.12/site-packages/airflow/example_dags/tutorial_taskflow_api_virtualenv.py
[2026-06-13T11:05:06.190+0000] {logging_mixin.py:188} INFO - [2026-06-13T11:05:06.190+0000] {dag.py:3096} INFO - Sync 1 DAGs
[2026-06-13T11:05:06.206+0000] {logging_mixin.py:188} INFO - [2026-06-13T11:05:06.206+0000] {dag.py:3954} INFO - Setting next_dagrun for tutorial_taskflow_api_virtualenv to None, run_after=None
[2026-06-13T11:05:06.233+0000] {processor.py:183} INFO - Processing /home/airflow/.local/lib/python3.12/site-packages/airflow/example_dags/tutorial_taskflow_api_virtualenv.py took 0.098 seconds
[2026-06-13T11:05:36.624+0000] {processor.py:161} INFO - Started process (PID=1216) to work on /home/airflow/.local/lib/python3.12/site-packages/airflow/example_dags/tutorial_taskflow_api_virtualenv.py
[2026-06-13T11:05:36.626+0000] {processor.py:830} INFO - Processing file /home/airflow/.local/lib/python3.12/site-packages/airflow/example_dags/tutorial_taskflow_api_virtualenv.py for tasks to queue
[2026-06-13T11:05:36.630+0000] {logging_mixin.py:188} INFO - [2026-06-13T11:05:36.629+0000] {dagbag.py:545} INFO - Filling up the DagBag from /home/airflow/.local/lib/python3.12/site-packages/airflow/example_dags/tutorial_taskflow_api_virtualenv.py
[2026-06-13T11:05:36.650+0000] {processor.py:840} INFO - DAG(s) 'tutorial_taskflow_api_virtualenv' retrieved from /home/airflow/.local/lib/python3.12/site-packages/airflow/example_dags/tutorial_taskflow_api_virtualenv.py
[2026-06-13T11:05:36.683+0000] {logging_mixin.py:188} INFO - [2026-06-13T11:05:36.682+0000] {dag.py:3096} INFO - Sync 1 DAGs
[2026-06-13T11:05:36.702+0000] {logging_mixin.py:188} INFO - [2026-06-13T11:05:36.702+0000] {dag.py:3954} INFO - Setting next_dagrun for tutorial_taskflow_api_virtualenv to None, run_after=None
[2026-06-13T11:05:36.737+0000] {processor.py:183} INFO - Processing /home/airflow/.local/lib/python3.12/site-packages/airflow/example_dags/tutorial_taskflow_api_virtualenv.py took 0.121 seconds
[2026-06-13T11:06:07.031+0000] {processor.py:161} INFO - Started process (PID=1275) to work on /home/airflow/.local/lib/python3.12/site-packages/airflow/example_dags/tutorial_taskflow_api_virtualenv.py
[2026-06-13T11:06:07.033+0000] {processor.py:830} INFO - Processing file /home/airflow/.local/lib/python3.12/site-packages/airflow/example_dags/tutorial_taskflow_api_virtualenv.py for tasks to queue
[2026-06-13T11:06:07.036+0000] {logging_mixin.py:188} INFO - [2026-06-13T11:06:07.035+0000] {dagbag.py:545} INFO - Filling up the DagBag from /home/airflow/.local/lib/python3.12/site-packages/airflow/example_dags/tutorial_taskflow_api_virtualenv.py
[2026-06-13T11:06:07.047+0000] {processor.py:840} INFO - DAG(s) 'tutorial_taskflow_api_virtualenv' retrieved from /home/airflow/.local/lib/python3.12/site-packages/airflow/example_dags/tutorial_taskflow_api_virtualenv.py
[2026-06-13T11:06:07.073+0000] {logging_mixin.py:188} INFO - [2026-06-13T11:06:07.072+0000] {dag.py:3096} INFO - Sync 1 DAGs
[2026-06-13T11:06:07.086+0000] {logging_mixin.py:188} INFO - [2026-06-13T11:06:07.085+0000] {dag.py:3954} INFO - Setting next_dagrun for tutorial_taskflow_api_virtualenv to None, run_after=None
[2026-06-13T11:06:07.113+0000] {processor.py:183} INFO - Processing /home/airflow/.local/lib/python3.12/site-packages/airflow/example_dags/tutorial_taskflow_api_virtualenv.py took 0.088 seconds
[2026-06-13T11:06:37.373+0000] {processor.py:161} INFO - Started process (PID=1334) to work on /home/airflow/.local/lib/python3.12/site-packages/airflow/example_dags/tutorial_taskflow_api_virtualenv.py
[2026-06-13T11:06:37.374+0000] {processor.py:830} INFO - Processing file /home/airflow/.local/lib/python3.12/site-packages/airflow/example_dags/tutorial_taskflow_api_virtualenv.py for tasks to queue
[2026-06-13T11:06:37.378+0000] {logging_mixin.py:188} INFO - [2026-06-13T11:06:37.377+0000] {dagbag.py:545} INFO - Filling up the DagBag from /home/airflow/.local/lib/python3.12/site-packages/airflow/example_dags/tutorial_taskflow_api_virtualenv.py
[2026-06-13T11:06:37.388+0000] {processor.py:840} INFO - DAG(s) 'tutorial_taskflow_api_virtualenv' retrieved from /home/airflow/.local/lib/python3.12/site-packages/airflow/example_dags/tutorial_taskflow_api_virtualenv.py
[2026-06-13T11:06:37.415+0000] {logging_mixin.py:188} INFO - [2026-06-13T11:06:37.415+0000] {dag.py:3096} INFO - Sync 1 DAGs
[2026-06-13T11:06:37.428+0000] {logging_mixin.py:188} INFO - [2026-06-13T11:06:37.428+0000] {dag.py:3954} INFO - Setting next_dagrun for tutorial_taskflow_api_virtualenv to None, run_after=None
[2026-06-13T11:06:37.457+0000] {processor.py:183} INFO - Processing /home/airflow/.local/lib/python3.12/site-packages/airflow/example_dags/tutorial_taskflow_api_virtualenv.py took 0.090 seconds
[2026-06-13T11:07:08.090+0000] {processor.py:161} INFO - Started process (PID=1393) to work on /home/airflow/.local/lib/python3.12/site-packages/airflow/example_dags/tutorial_taskflow_api_virtualenv.py
[2026-06-13T11:07:08.091+0000] {processor.py:830} INFO - Processing file /home/airflow/.local/lib/python3.12/site-packages/airflow/example_dags/tutorial_taskflow_api_virtualenv.py for tasks to queue
[2026-06-13T11:07:08.094+0000] {logging_mixin.py:188} INFO - [2026-06-13T11:07:08.094+0000] {dagbag.py:545} INFO - Filling up the DagBag from /home/airflow/.local/lib/python3.12/site-packages/airflow/example_dags/tutorial_taskflow_api_virtualenv.py
[2026-06-13T11:07:08.106+0000] {processor.py:840} INFO - DAG(s) 'tutorial_taskflow_api_virtualenv' retrieved from /home/airflow/.local/lib/python3.12/site-packages/airflow/example_dags/tutorial_taskflow_api_virtualenv.py
[2026-06-13T11:07:08.133+0000] {logging_mixin.py:188} INFO - [2026-06-13T11:07:08.133+0000] {dag.py:3096} INFO - Sync 1 DAGs
[2026-06-13T11:07:08.147+0000] {logging_mixin.py:188} INFO - [2026-06-13T11:07:08.146+0000] {dag.py:3954} INFO - Setting next_dagrun for tutorial_taskflow_api_virtualenv to None, run_after=None
[2026-06-13T11:07:08.174+0000] {processor.py:183} INFO - Processing /home/airflow/.local/lib/python3.12/site-packages/airflow/example_dags/tutorial_taskflow_api_virtualenv.py took 0.090 seconds
[2026-06-13T11:07:38.556+0000] {processor.py:161} INFO - Started process (PID=1452) to work on /home/airflow/.local/lib/python3.12/site-packages/airflow/example_dags/tutorial_taskflow_api_virtualenv.py
[2026-06-13T11:07:38.558+0000] {processor.py:830} INFO - Processing file /home/airflow/.local/lib/python3.12/site-packages/airflow/example_dags/tutorial_taskflow_api_virtualenv.py for tasks to queue
[2026-06-13T11:07:38.560+0000] {logging_mixin.py:188} INFO - [2026-06-13T11:07:38.560+0000] {dagbag.py:545} INFO - Filling up the DagBag from /home/airflow/.local/lib/python3.12/site-packages/airflow/example_dags/tutorial_taskflow_api_virtualenv.py
[2026-06-13T11:07:38.573+0000] {processor.py:840} INFO - DAG(s) 'tutorial_taskflow_api_virtualenv' retrieved from /home/airflow/.local/lib/python3.12/site-packages/airflow/example_dags/tutorial_taskflow_api_virtualenv.py
[2026-06-13T11:07:38.601+0000] {logging_mixin.py:188} INFO - [2026-06-13T11:07:38.601+0000] {dag.py:3096} INFO - Sync 1 DAGs
[2026-06-13T11:07:38.616+0000] {logging_mixin.py:188} INFO - [2026-06-13T11:07:38.616+0000] {dag.py:3954} INFO - Setting next_dagrun for tutorial_taskflow_api_virtualenv to None, run_after=None
[2026-06-13T11:07:38.646+0000] {processor.py:183} INFO - Processing /home/airflow/.local/lib/python3.12/site-packages/airflow/example_dags/tutorial_taskflow_api_virtualenv.py took 0.096 seconds
[2026-06-13T11:08:09.157+0000] {processor.py:161} INFO - Started process (PID=1512) to work on /home/airflow/.local/lib/python3.12/site-packages/airflow/example_dags/tutorial_taskflow_api_virtualenv.py
[2026-06-13T11:08:09.159+0000] {processor.py:830} INFO - Processing file /home/airflow/.local/lib/python3.12/site-packages/airflow/example_dags/tutorial_taskflow_api_virtualenv.py for tasks to queue
[2026-06-13T11:08:09.162+0000] {logging_mixin.py:188} INFO - [2026-06-13T11:08:09.162+0000] {dagbag.py:545} INFO - Filling up the DagBag from /home/airflow/.local/lib/python3.12/site-packages/airflow/example_dags/tutorial_taskflow_api_virtualenv.py
[2026-06-13T11:08:09.173+0000] {processor.py:840} INFO - DAG(s) 'tutorial_taskflow_api_virtualenv' retrieved from /home/airflow/.local/lib/python3.12/site-packages/airflow/example_dags/tutorial_taskflow_api_virtualenv.py
[2026-06-13T11:08:09.199+0000] {logging_mixin.py:188} INFO - [2026-06-13T11:08:09.199+0000] {dag.py:3096} INFO - Sync 1 DAGs
[2026-06-13T11:08:09.214+0000] {logging_mixin.py:188} INFO - [2026-06-13T11:08:09.213+0000] {dag.py:3954} INFO - Setting next_dagrun for tutorial_taskflow_api_virtualenv to None, run_after=None
[2026-06-13T11:08:09.243+0000] {processor.py:183} INFO - Processing /home/airflow/.local/lib/python3.12/site-packages/airflow/example_dags/tutorial_taskflow_api_virtualenv.py took 0.092 seconds
[2026-06-13T11:09:21.533+0000] {processor.py:161} INFO - Started process (PID=94) to work on /home/airflow/.local/lib/python3.12/site-packages/airflow/example_dags/tutorial_taskflow_api_virtualenv.py
[2026-06-13T11:09:21.535+0000] {processor.py:830} INFO - Processing file /home/airflow/.local/lib/python3.12/site-packages/airflow/example_dags/tutorial_taskflow_api_virtualenv.py for tasks to queue
[2026-06-13T11:09:21.538+0000] {logging_mixin.py:188} INFO - [2026-06-13T11:09:21.537+0000] {dagbag.py:545} INFO - Filling up the DagBag from /home/airflow/.local/lib/python3.12/site-packages/airflow/example_dags/tutorial_taskflow_api_virtualenv.py
[2026-06-13T11:09:21.557+0000] {processor.py:840} INFO - DAG(s) 'tutorial_taskflow_api_virtualenv' retrieved from /home/airflow/.local/lib/python3.12/site-packages/airflow/example_dags/tutorial_taskflow_api_virtualenv.py
[2026-06-13T11:09:21.715+0000] {logging_mixin.py:188} INFO - [2026-06-13T11:09:21.715+0000] {dag.py:3096} INFO - Sync 1 DAGs
[2026-06-13T11:09:21.731+0000] {logging_mixin.py:188} INFO - [2026-06-13T11:09:21.731+0000] {dag.py:3954} INFO - Setting next_dagrun for tutorial_taskflow_api_virtualenv to None, run_after=None
[2026-06-13T11:09:21.769+0000] {processor.py:183} INFO - Processing /home/airflow/.local/lib/python3.12/site-packages/airflow/example_dags/tutorial_taskflow_api_virtualenv.py took 0.245 seconds
[2026-06-13T11:09:51.897+0000] {processor.py:161} INFO - Started process (PID=153) to work on /home/airflow/.local/lib/python3.12/site-packages/airflow/example_dags/tutorial_taskflow_api_virtualenv.py
[2026-06-13T11:09:51.899+0000] {processor.py:830} INFO - Processing file /home/airflow/.local/lib/python3.12/site-packages/airflow/example_dags/tutorial_taskflow_api_virtualenv.py for tasks to queue
[2026-06-13T11:09:51.902+0000] {logging_mixin.py:188} INFO - [2026-06-13T11:09:51.902+0000] {dagbag.py:545} INFO - Filling up the DagBag from /home/airflow/.local/lib/python3.12/site-packages/airflow/example_dags/tutorial_taskflow_api_virtualenv.py
[2026-06-13T11:09:51.912+0000] {processor.py:840} INFO - DAG(s) 'tutorial_taskflow_api_virtualenv' retrieved from /home/airflow/.local/lib/python3.12/site-packages/airflow/example_dags/tutorial_taskflow_api_virtualenv.py
[2026-06-13T11:09:51.939+0000] {logging_mixin.py:188} INFO - [2026-06-13T11:09:51.939+0000] {dag.py:3096} INFO - Sync 1 DAGs
[2026-06-13T11:09:51.961+0000] {logging_mixin.py:188} INFO - [2026-06-13T11:09:51.961+0000] {dag.py:3954} INFO - Setting next_dagrun for tutorial_taskflow_api_virtualenv to None, run_after=None
[2026-06-13T11:09:51.991+0000] {processor.py:183} INFO - Processing /home/airflow/.local/lib/python3.12/site-packages/airflow/example_dags/tutorial_taskflow_api_virtualenv.py took 0.099 seconds
[2026-06-13T11:10:22.285+0000] {processor.py:161} INFO - Started process (PID=212) to work on /home/airflow/.local/lib/python3.12/site-packages/airflow/example_dags/tutorial_taskflow_api_virtualenv.py
[2026-06-13T11:10:22.287+0000] {processor.py:830} INFO - Processing file /home/airflow/.local/lib/python3.12/site-packages/airflow/example_dags/tutorial_taskflow_api_virtualenv.py for tasks to queue
[2026-06-13T11:10:22.290+0000] {logging_mixin.py:188} INFO - [2026-06-13T11:10:22.289+0000] {dagbag.py:545} INFO - Filling up the DagBag from /home/airflow/.local/lib/python3.12/site-packages/airflow/example_dags/tutorial_taskflow_api_virtualenv.py
[2026-06-13T11:10:22.301+0000] {processor.py:840} INFO - DAG(s) 'tutorial_taskflow_api_virtualenv' retrieved from /home/airflow/.local/lib/python3.12/site-packages/airflow/example_dags/tutorial_taskflow_api_virtualenv.py
[2026-06-13T11:10:22.328+0000] {logging_mixin.py:188} INFO - [2026-06-13T11:10:22.328+0000] {dag.py:3096} INFO - Sync 1 DAGs
[2026-06-13T11:10:22.342+0000] {logging_mixin.py:188} INFO - [2026-06-13T11:10:22.342+0000] {dag.py:3954} INFO - Setting next_dagrun for tutorial_taskflow_api_virtualenv to None, run_after=None
[2026-06-13T11:10:22.369+0000] {processor.py:183} INFO - Processing /home/airflow/.local/lib/python3.12/site-packages/airflow/example_dags/tutorial_taskflow_api_virtualenv.py took 0.090 seconds
[2026-06-13T11:10:52.859+0000] {processor.py:161} INFO - Started process (PID=271) to work on /home/airflow/.local/lib/python3.12/site-packages/airflow/example_dags/tutorial_taskflow_api_virtualenv.py
[2026-06-13T11:10:52.861+0000] {processor.py:830} INFO - Processing file /home/airflow/.local/lib/python3.12/site-packages/airflow/example_dags/tutorial_taskflow_api_virtualenv.py for tasks to queue
[2026-06-13T11:10:52.864+0000] {logging_mixin.py:188} INFO - [2026-06-13T11:10:52.863+0000] {dagbag.py:545} INFO - Filling up the DagBag from /home/airflow/.local/lib/python3.12/site-packages/airflow/example_dags/tutorial_taskflow_api_virtualenv.py
[2026-06-13T11:10:52.876+0000] {processor.py:840} INFO - DAG(s) 'tutorial_taskflow_api_virtualenv' retrieved from /home/airflow/.local/lib/python3.12/site-packages/airflow/example_dags/tutorial_taskflow_api_virtualenv.py
[2026-06-13T11:10:52.908+0000] {logging_mixin.py:188} INFO - [2026-06-13T11:10:52.908+0000] {dag.py:3096} INFO - Sync 1 DAGs
[2026-06-13T11:10:52.925+0000] {logging_mixin.py:188} INFO - [2026-06-13T11:10:52.924+0000] {dag.py:3954} INFO - Setting next_dagrun for tutorial_taskflow_api_virtualenv to None, run_after=None
[2026-06-13T11:10:52.956+0000] {processor.py:183} INFO - Processing /home/airflow/.local/lib/python3.12/site-packages/airflow/example_dags/tutorial_taskflow_api_virtualenv.py took 0.104 seconds
[2026-06-13T11:11:23.175+0000] {processor.py:161} INFO - Started process (PID=330) to work on /home/airflow/.local/lib/python3.12/site-packages/airflow/example_dags/tutorial_taskflow_api_virtualenv.py
[2026-06-13T11:11:23.177+0000] {processor.py:830} INFO - Processing file /home/airflow/.local/lib/python3.12/site-packages/airflow/example_dags/tutorial_taskflow_api_virtualenv.py for tasks to queue
[2026-06-13T11:11:23.180+0000] {logging_mixin.py:188} INFO - [2026-06-13T11:11:23.179+0000] {dagbag.py:545} INFO - Filling up the DagBag from /home/airflow/.local/lib/python3.12/site-packages/airflow/example_dags/tutorial_taskflow_api_virtualenv.py
[2026-06-13T11:11:23.191+0000] {processor.py:840} INFO - DAG(s) 'tutorial_taskflow_api_virtualenv' retrieved from /home/airflow/.local/lib/python3.12/site-packages/airflow/example_dags/tutorial_taskflow_api_virtualenv.py
[2026-06-13T11:11:23.213+0000] {logging_mixin.py:188} INFO - [2026-06-13T11:11:23.213+0000] {dag.py:3096} INFO - Sync 1 DAGs
[2026-06-13T11:11:23.227+0000] {logging_mixin.py:188} INFO - [2026-06-13T11:11:23.227+0000] {dag.py:3954} INFO - Setting next_dagrun for tutorial_taskflow_api_virtualenv to None, run_after=None
[2026-06-13T11:11:23.253+0000] {processor.py:183} INFO - Processing /home/airflow/.local/lib/python3.12/site-packages/airflow/example_dags/tutorial_taskflow_api_virtualenv.py took 0.083 seconds
[2026-06-13T11:11:53.425+0000] {processor.py:161} INFO - Started process (PID=389) to work on /home/airflow/.local/lib/python3.12/site-packages/airflow/example_dags/tutorial_taskflow_api_virtualenv.py
[2026-06-13T11:11:53.426+0000] {processor.py:830} INFO - Processing file /home/airflow/.local/lib/python3.12/site-packages/airflow/example_dags/tutorial_taskflow_api_virtualenv.py for tasks to queue
[2026-06-13T11:11:53.429+0000] {logging_mixin.py:188} INFO - [2026-06-13T11:11:53.429+0000] {dagbag.py:545} INFO - Filling up the DagBag from /home/airflow/.local/lib/python3.12/site-packages/airflow/example_dags/tutorial_taskflow_api_virtualenv.py
[2026-06-13T11:11:53.441+0000] {processor.py:840} INFO - DAG(s) 'tutorial_taskflow_api_virtualenv' retrieved from /home/airflow/.local/lib/python3.12/site-packages/airflow/example_dags/tutorial_taskflow_api_virtualenv.py
[2026-06-13T11:11:53.466+0000] {logging_mixin.py:188} INFO - [2026-06-13T11:11:53.466+0000] {dag.py:3096} INFO - Sync 1 DAGs
[2026-06-13T11:11:53.480+0000] {logging_mixin.py:188} INFO - [2026-06-13T11:11:53.480+0000] {dag.py:3954} INFO - Setting next_dagrun for tutorial_taskflow_api_virtualenv to None, run_after=None
[2026-06-13T11:11:53.508+0000] {processor.py:183} INFO - Processing /home/airflow/.local/lib/python3.12/site-packages/airflow/example_dags/tutorial_taskflow_api_virtualenv.py took 0.091 seconds
[2026-06-13T11:12:23.776+0000] {processor.py:161} INFO - Started process (PID=448) to work on /home/airflow/.local/lib/python3.12/site-packages/airflow/example_dags/tutorial_taskflow_api_virtualenv.py
[2026-06-13T11:12:23.777+0000] {processor.py:830} INFO - Processing file /home/airflow/.local/lib/python3.12/site-packages/airflow/example_dags/tutorial_taskflow_api_virtualenv.py for tasks to queue
[2026-06-13T11:12:23.780+0000] {logging_mixin.py:188} INFO - [2026-06-13T11:12:23.780+0000] {dagbag.py:545} INFO - Filling up the DagBag from /home/airflow/.local/lib/python3.12/site-packages/airflow/example_dags/tutorial_taskflow_api_virtualenv.py
[2026-06-13T11:12:23.792+0000] {processor.py:840} INFO - DAG(s) 'tutorial_taskflow_api_virtualenv' retrieved from /home/airflow/.local/lib/python3.12/site-packages/airflow/example_dags/tutorial_taskflow_api_virtualenv.py
[2026-06-13T11:12:23.817+0000] {logging_mixin.py:188} INFO - [2026-06-13T11:12:23.817+0000] {dag.py:3096} INFO - Sync 1 DAGs
[2026-06-13T11:12:23.833+0000] {logging_mixin.py:188} INFO - [2026-06-13T11:12:23.832+0000] {dag.py:3954} INFO - Setting next_dagrun for tutorial_taskflow_api_virtualenv to None, run_after=None
[2026-06-13T11:12:23.860+0000] {processor.py:183} INFO - Processing /home/airflow/.local/lib/python3.12/site-packages/airflow/example_dags/tutorial_taskflow_api_virtualenv.py took 0.090 seconds
[2026-06-13T11:12:54.113+0000] {processor.py:161} INFO - Started process (PID=507) to work on /home/airflow/.local/lib/python3.12/site-packages/airflow/example_dags/tutorial_taskflow_api_virtualenv.py
[2026-06-13T11:12:54.115+0000] {processor.py:830} INFO - Processing file /home/airflow/.local/lib/python3.12/site-packages/airflow/example_dags/tutorial_taskflow_api_virtualenv.py for tasks to queue
[2026-06-13T11:12:54.118+0000] {logging_mixin.py:188} INFO - [2026-06-13T11:12:54.117+0000] {dagbag.py:545} INFO - Filling up the DagBag from /home/airflow/.local/lib/python3.12/site-packages/airflow/example_dags/tutorial_taskflow_api_virtualenv.py
[2026-06-13T11:12:54.129+0000] {processor.py:840} INFO - DAG(s) 'tutorial_taskflow_api_virtualenv' retrieved from /home/airflow/.local/lib/python3.12/site-packages/airflow/example_dags/tutorial_taskflow_api_virtualenv.py
[2026-06-13T11:12:54.154+0000] {logging_mixin.py:188} INFO - [2026-06-13T11:12:54.154+0000] {dag.py:3096} INFO - Sync 1 DAGs
[2026-06-13T11:12:54.167+0000] {logging_mixin.py:188} INFO - [2026-06-13T11:12:54.167+0000] {dag.py:3954} INFO - Setting next_dagrun for tutorial_taskflow_api_virtualenv to None, run_after=None
[2026-06-13T11:12:54.194+0000] {processor.py:183} INFO - Processing /home/airflow/.local/lib/python3.12/site-packages/airflow/example_dags/tutorial_taskflow_api_virtualenv.py took 0.087 seconds
[2026-06-13T11:13:24.290+0000] {processor.py:161} INFO - Started process (PID=566) to work on /home/airflow/.local/lib/python3.12/site-packages/airflow/example_dags/tutorial_taskflow_api_virtualenv.py
[2026-06-13T11:13:24.292+0000] {processor.py:830} INFO - Processing file /home/airflow/.local/lib/python3.12/site-packages/airflow/example_dags/tutorial_taskflow_api_virtualenv.py for tasks to queue
[2026-06-13T11:13:24.294+0000] {logging_mixin.py:188} INFO - [2026-06-13T11:13:24.294+0000] {dagbag.py:545} INFO - Filling up the DagBag from /home/airflow/.local/lib/python3.12/site-packages/airflow/example_dags/tutorial_taskflow_api_virtualenv.py
[2026-06-13T11:13:24.305+0000] {processor.py:840} INFO - DAG(s) 'tutorial_taskflow_api_virtualenv' retrieved from /home/airflow/.local/lib/python3.12/site-packages/airflow/example_dags/tutorial_taskflow_api_virtualenv.py
[2026-06-13T11:13:24.331+0000] {logging_mixin.py:188} INFO - [2026-06-13T11:13:24.330+0000] {dag.py:3096} INFO - Sync 1 DAGs
[2026-06-13T11:13:24.346+0000] {logging_mixin.py:188} INFO - [2026-06-13T11:13:24.345+0000] {dag.py:3954} INFO - Setting next_dagrun for tutorial_taskflow_api_virtualenv to None, run_after=None
[2026-06-13T11:13:24.372+0000] {processor.py:183} INFO - Processing /home/airflow/.local/lib/python3.12/site-packages/airflow/example_dags/tutorial_taskflow_api_virtualenv.py took 0.088 seconds
[2026-06-13T11:13:54.924+0000] {processor.py:161} INFO - Started process (PID=625) to work on /home/airflow/.local/lib/python3.12/site-packages/airflow/example_dags/tutorial_taskflow_api_virtualenv.py
[2026-06-13T11:13:54.925+0000] {processor.py:830} INFO - Processing file /home/airflow/.local/lib/python3.12/site-packages/airflow/example_dags/tutorial_taskflow_api_virtualenv.py for tasks to queue
[2026-06-13T11:13:54.929+0000] {logging_mixin.py:188} INFO - [2026-06-13T11:13:54.928+0000] {dagbag.py:545} INFO - Filling up the DagBag from /home/airflow/.local/lib/python3.12/site-packages/airflow/example_dags/tutorial_taskflow_api_virtualenv.py
[2026-06-13T11:13:54.942+0000] {processor.py:840} INFO - DAG(s) 'tutorial_taskflow_api_virtualenv' retrieved from /home/airflow/.local/lib/python3.12/site-packages/airflow/example_dags/tutorial_taskflow_api_virtualenv.py
[2026-06-13T11:13:54.970+0000] {logging_mixin.py:188} INFO - [2026-06-13T11:13:54.970+0000] {dag.py:3096} INFO - Sync 1 DAGs
[2026-06-13T11:13:54.988+0000] {logging_mixin.py:188} INFO - [2026-06-13T11:13:54.987+0000] {dag.py:3954} INFO - Setting next_dagrun for tutorial_taskflow_api_virtualenv to None, run_after=None
[2026-06-13T11:13:55.018+0000] {processor.py:183} INFO - Processing /home/airflow/.local/lib/python3.12/site-packages/airflow/example_dags/tutorial_taskflow_api_virtualenv.py took 0.100 seconds
[2026-06-13T11:14:25.546+0000] {processor.py:161} INFO - Started process (PID=684) to work on /home/airflow/.local/lib/python3.12/site-packages/airflow/example_dags/tutorial_taskflow_api_virtualenv.py
[2026-06-13T11:14:25.548+0000] {processor.py:830} INFO - Processing file /home/airflow/.local/lib/python3.12/site-packages/airflow/example_dags/tutorial_taskflow_api_virtualenv.py for tasks to queue
[2026-06-13T11:14:25.551+0000] {logging_mixin.py:188} INFO - [2026-06-13T11:14:25.550+0000] {dagbag.py:545} INFO - Filling up the DagBag from /home/airflow/.local/lib/python3.12/site-packages/airflow/example_dags/tutorial_taskflow_api_virtualenv.py
[2026-06-13T11:14:25.563+0000] {processor.py:840} INFO - DAG(s) 'tutorial_taskflow_api_virtualenv' retrieved from /home/airflow/.local/lib/python3.12/site-packages/airflow/example_dags/tutorial_taskflow_api_virtualenv.py
[2026-06-13T11:14:25.591+0000] {logging_mixin.py:188} INFO - [2026-06-13T11:14:25.591+0000] {dag.py:3096} INFO - Sync 1 DAGs
[2026-06-13T11:14:25.605+0000] {logging_mixin.py:188} INFO - [2026-06-13T11:14:25.605+0000] {dag.py:3954} INFO - Setting next_dagrun for tutorial_taskflow_api_virtualenv to None, run_after=None
[2026-06-13T11:14:25.634+0000] {processor.py:183} INFO - Processing /home/airflow/.local/lib/python3.12/site-packages/airflow/example_dags/tutorial_taskflow_api_virtualenv.py took 0.094 seconds
[2026-06-13T11:14:55.995+0000] {processor.py:161} INFO - Started process (PID=743) to work on /home/airflow/.local/lib/python3.12/site-packages/airflow/example_dags/tutorial_taskflow_api_virtualenv.py
[2026-06-13T11:14:55.997+0000] {processor.py:830} INFO - Processing file /home/airflow/.local/lib/python3.12/site-packages/airflow/example_dags/tutorial_taskflow_api_virtualenv.py for tasks to queue
[2026-06-13T11:14:56.000+0000] {logging_mixin.py:188} INFO - [2026-06-13T11:14:56.000+0000] {dagbag.py:545} INFO - Filling up the DagBag from /home/airflow/.local/lib/python3.12/site-packages/airflow/example_dags/tutorial_taskflow_api_virtualenv.py
[2026-06-13T11:14:56.014+0000] {processor.py:840} INFO - DAG(s) 'tutorial_taskflow_api_virtualenv' retrieved from /home/airflow/.local/lib/python3.12/site-packages/airflow/example_dags/tutorial_taskflow_api_virtualenv.py
[2026-06-13T11:14:56.047+0000] {logging_mixin.py:188} INFO - [2026-06-13T11:14:56.046+0000] {dag.py:3096} INFO - Sync 1 DAGs
[2026-06-13T11:14:56.064+0000] {logging_mixin.py:188} INFO - [2026-06-13T11:14:56.064+0000] {dag.py:3954} INFO - Setting next_dagrun for tutorial_taskflow_api_virtualenv to None, run_after=None
[2026-06-13T11:14:56.093+0000] {processor.py:183} INFO - Processing /home/airflow/.local/lib/python3.12/site-packages/airflow/example_dags/tutorial_taskflow_api_virtualenv.py took 0.107 seconds
[2026-06-13T11:15:26.144+0000] {processor.py:161} INFO - Started process (PID=802) to work on /home/airflow/.local/lib/python3.12/site-packages/airflow/example_dags/tutorial_taskflow_api_virtualenv.py
[2026-06-13T11:15:26.145+0000] {processor.py:830} INFO - Processing file /home/airflow/.local/lib/python3.12/site-packages/airflow/example_dags/tutorial_taskflow_api_virtualenv.py for tasks to queue
[2026-06-13T11:15:26.148+0000] {logging_mixin.py:188} INFO - [2026-06-13T11:15:26.148+0000] {dagbag.py:545} INFO - Filling up the DagBag from /home/airflow/.local/lib/python3.12/site-packages/airflow/example_dags/tutorial_taskflow_api_virtualenv.py
[2026-06-13T11:15:26.160+0000] {processor.py:840} INFO - DAG(s) 'tutorial_taskflow_api_virtualenv' retrieved from /home/airflow/.local/lib/python3.12/site-packages/airflow/example_dags/tutorial_taskflow_api_virtualenv.py
[2026-06-13T11:15:26.185+0000] {logging_mixin.py:188} INFO - [2026-06-13T11:15:26.185+0000] {dag.py:3096} INFO - Sync 1 DAGs
[2026-06-13T11:15:26.200+0000] {logging_mixin.py:188} INFO - [2026-06-13T11:15:26.200+0000] {dag.py:3954} INFO - Setting next_dagrun for tutorial_taskflow_api_virtualenv to None, run_after=None
[2026-06-13T11:15:26.228+0000] {processor.py:183} INFO - Processing /home/airflow/.local/lib/python3.12/site-packages/airflow/example_dags/tutorial_taskflow_api_virtualenv.py took 0.091 seconds
[2026-06-13T11:15:56.496+0000] {processor.py:161} INFO - Started process (PID=861) to work on /home/airflow/.local/lib/python3.12/site-packages/airflow/example_dags/tutorial_taskflow_api_virtualenv.py
[2026-06-13T11:15:56.498+0000] {processor.py:830} INFO - Processing file /home/airflow/.local/lib/python3.12/site-packages/airflow/example_dags/tutorial_taskflow_api_virtualenv.py for tasks to queue
[2026-06-13T11:15:56.500+0000] {logging_mixin.py:188} INFO - [2026-06-13T11:15:56.500+0000] {dagbag.py:545} INFO - Filling up the DagBag from /home/airflow/.local/lib/python3.12/site-packages/airflow/example_dags/tutorial_taskflow_api_virtualenv.py
[2026-06-13T11:15:56.513+0000] {processor.py:840} INFO - DAG(s) 'tutorial_taskflow_api_virtualenv' retrieved from /home/airflow/.local/lib/python3.12/site-packages/airflow/example_dags/tutorial_taskflow_api_virtualenv.py
[2026-06-13T11:15:56.539+0000] {logging_mixin.py:188} INFO - [2026-06-13T11:15:56.539+0000] {dag.py:3096} INFO - Sync 1 DAGs
[2026-06-13T11:15:56.554+0000] {logging_mixin.py:188} INFO - [2026-06-13T11:15:56.553+0000] {dag.py:3954} INFO - Setting next_dagrun for tutorial_taskflow_api_virtualenv to None, run_after=None
[2026-06-13T11:15:56.581+0000] {processor.py:183} INFO - Processing /home/airflow/.local/lib/python3.12/site-packages/airflow/example_dags/tutorial_taskflow_api_virtualenv.py took 0.091 seconds
[2026-06-13T11:16:28.035+0000] {processor.py:161} INFO - Started process (PID=920) to work on /home/airflow/.local/lib/python3.12/site-packages/airflow/example_dags/tutorial_taskflow_api_virtualenv.py
[2026-06-13T11:16:28.036+0000] {processor.py:830} INFO - Processing file /home/airflow/.local/lib/python3.12/site-packages/airflow/example_dags/tutorial_taskflow_api_virtualenv.py for tasks to queue
[2026-06-13T11:16:28.039+0000] {logging_mixin.py:188} INFO - [2026-06-13T11:16:28.039+0000] {dagbag.py:545} INFO - Filling up the DagBag from /home/airflow/.local/lib/python3.12/site-packages/airflow/example_dags/tutorial_taskflow_api_virtualenv.py
[2026-06-13T11:16:28.050+0000] {processor.py:840} INFO - DAG(s) 'tutorial_taskflow_api_virtualenv' retrieved from /home/airflow/.local/lib/python3.12/site-packages/airflow/example_dags/tutorial_taskflow_api_virtualenv.py
[2026-06-13T11:16:28.076+0000] {logging_mixin.py:188} INFO - [2026-06-13T11:16:28.076+0000] {dag.py:3096} INFO - Sync 1 DAGs
[2026-06-13T11:16:28.091+0000] {logging_mixin.py:188} INFO - [2026-06-13T11:16:28.091+0000] {dag.py:3954} INFO - Setting next_dagrun for tutorial_taskflow_api_virtualenv to None, run_after=None
[2026-06-13T11:16:28.122+0000] {processor.py:183} INFO - Processing /home/airflow/.local/lib/python3.12/site-packages/airflow/example_dags/tutorial_taskflow_api_virtualenv.py took 0.094 seconds
[2026-06-13T11:16:58.271+0000] {processor.py:161} INFO - Started process (PID=980) to work on /home/airflow/.local/lib/python3.12/site-packages/airflow/example_dags/tutorial_taskflow_api_virtualenv.py
[2026-06-13T11:16:58.273+0000] {processor.py:830} INFO - Processing file /home/airflow/.local/lib/python3.12/site-packages/airflow/example_dags/tutorial_taskflow_api_virtualenv.py for tasks to queue
[2026-06-13T11:16:58.277+0000] {logging_mixin.py:188} INFO - [2026-06-13T11:16:58.276+0000] {dagbag.py:545} INFO - Filling up the DagBag from /home/airflow/.local/lib/python3.12/site-packages/airflow/example_dags/tutorial_taskflow_api_virtualenv.py
[2026-06-13T11:16:58.289+0000] {processor.py:840} INFO - DAG(s) 'tutorial_taskflow_api_virtualenv' retrieved from /home/airflow/.local/lib/python3.12/site-packages/airflow/example_dags/tutorial_taskflow_api_virtualenv.py
[2026-06-13T11:16:58.318+0000] {logging_mixin.py:188} INFO - [2026-06-13T11:16:58.317+0000] {dag.py:3096} INFO - Sync 1 DAGs
[2026-06-13T11:16:58.336+0000] {logging_mixin.py:188} INFO - [2026-06-13T11:16:58.336+0000] {dag.py:3954} INFO - Setting next_dagrun for tutorial_taskflow_api_virtualenv to None, run_after=None
[2026-06-13T11:16:58.370+0000] {processor.py:183} INFO - Processing /home/airflow/.local/lib/python3.12/site-packages/airflow/example_dags/tutorial_taskflow_api_virtualenv.py took 0.106 seconds
[2026-06-13T11:17:28.568+0000] {processor.py:161} INFO - Started process (PID=1039) to work on /home/airflow/.local/lib/python3.12/site-packages/airflow/example_dags/tutorial_taskflow_api_virtualenv.py
[2026-06-13T11:17:28.569+0000] {processor.py:830} INFO - Processing file /home/airflow/.local/lib/python3.12/site-packages/airflow/example_dags/tutorial_taskflow_api_virtualenv.py for tasks to queue
[2026-06-13T11:17:28.572+0000] {logging_mixin.py:188} INFO - [2026-06-13T11:17:28.571+0000] {dagbag.py:545} INFO - Filling up the DagBag from /home/airflow/.local/lib/python3.12/site-packages/airflow/example_dags/tutorial_taskflow_api_virtualenv.py
[2026-06-13T11:17:28.583+0000] {processor.py:840} INFO - DAG(s) 'tutorial_taskflow_api_virtualenv' retrieved from /home/airflow/.local/lib/python3.12/site-packages/airflow/example_dags/tutorial_taskflow_api_virtualenv.py
[2026-06-13T11:17:28.606+0000] {logging_mixin.py:188} INFO - [2026-06-13T11:17:28.606+0000] {dag.py:3096} INFO - Sync 1 DAGs
[2026-06-13T11:17:28.621+0000] {logging_mixin.py:188} INFO - [2026-06-13T11:17:28.621+0000] {dag.py:3954} INFO - Setting next_dagrun for tutorial_taskflow_api_virtualenv to None, run_after=None
[2026-06-13T11:17:28.646+0000] {processor.py:183} INFO - Processing /home/airflow/.local/lib/python3.12/site-packages/airflow/example_dags/tutorial_taskflow_api_virtualenv.py took 0.084 seconds
[2026-06-13T11:17:59.060+0000] {processor.py:161} INFO - Started process (PID=1098) to work on /home/airflow/.local/lib/python3.12/site-packages/airflow/example_dags/tutorial_taskflow_api_virtualenv.py
[2026-06-13T11:17:59.062+0000] {processor.py:830} INFO - Processing file /home/airflow/.local/lib/python3.12/site-packages/airflow/example_dags/tutorial_taskflow_api_virtualenv.py for tasks to queue
[2026-06-13T11:17:59.065+0000] {logging_mixin.py:188} INFO - [2026-06-13T11:17:59.064+0000] {dagbag.py:545} INFO - Filling up the DagBag from /home/airflow/.local/lib/python3.12/site-packages/airflow/example_dags/tutorial_taskflow_api_virtualenv.py
[2026-06-13T11:17:59.078+0000] {processor.py:840} INFO - DAG(s) 'tutorial_taskflow_api_virtualenv' retrieved from /home/airflow/.local/lib/python3.12/site-packages/airflow/example_dags/tutorial_taskflow_api_virtualenv.py
[2026-06-13T11:17:59.104+0000] {logging_mixin.py:188} INFO - [2026-06-13T11:17:59.104+0000] {dag.py:3096} INFO - Sync 1 DAGs
[2026-06-13T11:17:59.119+0000] {logging_mixin.py:188} INFO - [2026-06-13T11:17:59.119+0000] {dag.py:3954} INFO - Setting next_dagrun for tutorial_taskflow_api_virtualenv to None, run_after=None
[2026-06-13T11:17:59.145+0000] {processor.py:183} INFO - Processing /home/airflow/.local/lib/python3.12/site-packages/airflow/example_dags/tutorial_taskflow_api_virtualenv.py took 0.091 seconds
[2026-06-13T11:18:29.900+0000] {processor.py:161} INFO - Started process (PID=1157) to work on /home/airflow/.local/lib/python3.12/site-packages/airflow/example_dags/tutorial_taskflow_api_virtualenv.py
[2026-06-13T11:18:29.902+0000] {processor.py:830} INFO - Processing file /home/airflow/.local/lib/python3.12/site-packages/airflow/example_dags/tutorial_taskflow_api_virtualenv.py for tasks to queue
[2026-06-13T11:18:29.906+0000] {logging_mixin.py:188} INFO - [2026-06-13T11:18:29.905+0000] {dagbag.py:545} INFO - Filling up the DagBag from /home/airflow/.local/lib/python3.12/site-packages/airflow/example_dags/tutorial_taskflow_api_virtualenv.py
[2026-06-13T11:18:29.929+0000] {processor.py:840} INFO - DAG(s) 'tutorial_taskflow_api_virtualenv' retrieved from /home/airflow/.local/lib/python3.12/site-packages/airflow/example_dags/tutorial_taskflow_api_virtualenv.py
[2026-06-13T11:18:29.961+0000] {logging_mixin.py:188} INFO - [2026-06-13T11:18:29.960+0000] {dag.py:3096} INFO - Sync 1 DAGs
[2026-06-13T11:18:29.976+0000] {logging_mixin.py:188} INFO - [2026-06-13T11:18:29.976+0000] {dag.py:3954} INFO - Setting next_dagrun for tutorial_taskflow_api_virtualenv to None, run_after=None
[2026-06-13T11:18:30.006+0000] {processor.py:183} INFO - Processing /home/airflow/.local/lib/python3.12/site-packages/airflow/example_dags/tutorial_taskflow_api_virtualenv.py took 0.115 seconds
[2026-06-13T11:48:54.835+0000] {processor.py:161} INFO - Started process (PID=1216) to work on /home/airflow/.local/lib/python3.12/site-packages/airflow/example_dags/tutorial_taskflow_api_virtualenv.py
[2026-06-13T11:48:54.841+0000] {processor.py:830} INFO - Processing file /home/airflow/.local/lib/python3.12/site-packages/airflow/example_dags/tutorial_taskflow_api_virtualenv.py for tasks to queue
[2026-06-13T11:48:54.848+0000] {logging_mixin.py:188} INFO - [2026-06-13T11:48:54.846+0000] {dagbag.py:545} INFO - Filling up the DagBag from /home/airflow/.local/lib/python3.12/site-packages/airflow/example_dags/tutorial_taskflow_api_virtualenv.py
[2026-06-13T11:48:54.892+0000] {processor.py:840} INFO - DAG(s) 'tutorial_taskflow_api_virtualenv' retrieved from /home/airflow/.local/lib/python3.12/site-packages/airflow/example_dags/tutorial_taskflow_api_virtualenv.py
[2026-06-13T11:48:54.965+0000] {logging_mixin.py:188} INFO - [2026-06-13T11:48:54.964+0000] {dag.py:3096} INFO - Sync 1 DAGs
[2026-06-13T11:48:55.024+0000] {logging_mixin.py:188} INFO - [2026-06-13T11:48:55.024+0000] {dag.py:3954} INFO - Setting next_dagrun for tutorial_taskflow_api_virtualenv to None, run_after=None
[2026-06-13T11:48:55.122+0000] {processor.py:183} INFO - Processing /home/airflow/.local/lib/python3.12/site-packages/airflow/example_dags/tutorial_taskflow_api_virtualenv.py took 0.314 seconds
[2026-06-13T11:49:25.708+0000] {processor.py:161} INFO - Started process (PID=1275) to work on /home/airflow/.local/lib/python3.12/site-packages/airflow/example_dags/tutorial_taskflow_api_virtualenv.py
[2026-06-13T11:49:25.709+0000] {processor.py:830} INFO - Processing file /home/airflow/.local/lib/python3.12/site-packages/airflow/example_dags/tutorial_taskflow_api_virtualenv.py for tasks to queue
[2026-06-13T11:49:25.712+0000] {logging_mixin.py:188} INFO - [2026-06-13T11:49:25.712+0000] {dagbag.py:545} INFO - Filling up the DagBag from /home/airflow/.local/lib/python3.12/site-packages/airflow/example_dags/tutorial_taskflow_api_virtualenv.py
[2026-06-13T11:49:25.727+0000] {processor.py:840} INFO - DAG(s) 'tutorial_taskflow_api_virtualenv' retrieved from /home/airflow/.local/lib/python3.12/site-packages/airflow/example_dags/tutorial_taskflow_api_virtualenv.py
[2026-06-13T11:49:25.756+0000] {logging_mixin.py:188} INFO - [2026-06-13T11:49:25.756+0000] {dag.py:3096} INFO - Sync 1 DAGs
[2026-06-13T11:49:25.771+0000] {logging_mixin.py:188} INFO - [2026-06-13T11:49:25.771+0000] {dag.py:3954} INFO - Setting next_dagrun for tutorial_taskflow_api_virtualenv to None, run_after=None
[2026-06-13T11:49:25.799+0000] {processor.py:183} INFO - Processing /home/airflow/.local/lib/python3.12/site-packages/airflow/example_dags/tutorial_taskflow_api_virtualenv.py took 0.098 seconds
[2026-06-13T11:49:56.218+0000] {processor.py:161} INFO - Started process (PID=1334) to work on /home/airflow/.local/lib/python3.12/site-packages/airflow/example_dags/tutorial_taskflow_api_virtualenv.py
[2026-06-13T11:49:56.219+0000] {processor.py:830} INFO - Processing file /home/airflow/.local/lib/python3.12/site-packages/airflow/example_dags/tutorial_taskflow_api_virtualenv.py for tasks to queue
[2026-06-13T11:49:56.222+0000] {logging_mixin.py:188} INFO - [2026-06-13T11:49:56.221+0000] {dagbag.py:545} INFO - Filling up the DagBag from /home/airflow/.local/lib/python3.12/site-packages/airflow/example_dags/tutorial_taskflow_api_virtualenv.py
[2026-06-13T11:49:56.235+0000] {processor.py:840} INFO - DAG(s) 'tutorial_taskflow_api_virtualenv' retrieved from /home/airflow/.local/lib/python3.12/site-packages/airflow/example_dags/tutorial_taskflow_api_virtualenv.py
[2026-06-13T11:49:56.262+0000] {logging_mixin.py:188} INFO - [2026-06-13T11:49:56.262+0000] {dag.py:3096} INFO - Sync 1 DAGs
[2026-06-13T11:49:56.277+0000] {logging_mixin.py:188} INFO - [2026-06-13T11:49:56.276+0000] {dag.py:3954} INFO - Setting next_dagrun for tutorial_taskflow_api_virtualenv to None, run_after=None
[2026-06-13T11:49:56.302+0000] {processor.py:183} INFO - Processing /home/airflow/.local/lib/python3.12/site-packages/airflow/example_dags/tutorial_taskflow_api_virtualenv.py took 0.091 seconds
[2026-06-13T11:50:26.885+0000] {processor.py:161} INFO - Started process (PID=1393) to work on /home/airflow/.local/lib/python3.12/site-packages/airflow/example_dags/tutorial_taskflow_api_virtualenv.py
[2026-06-13T11:50:26.887+0000] {processor.py:830} INFO - Processing file /home/airflow/.local/lib/python3.12/site-packages/airflow/example_dags/tutorial_taskflow_api_virtualenv.py for tasks to queue
[2026-06-13T11:50:26.890+0000] {logging_mixin.py:188} INFO - [2026-06-13T11:50:26.889+0000] {dagbag.py:545} INFO - Filling up the DagBag from /home/airflow/.local/lib/python3.12/site-packages/airflow/example_dags/tutorial_taskflow_api_virtualenv.py
[2026-06-13T11:50:26.902+0000] {processor.py:840} INFO - DAG(s) 'tutorial_taskflow_api_virtualenv' retrieved from /home/airflow/.local/lib/python3.12/site-packages/airflow/example_dags/tutorial_taskflow_api_virtualenv.py
[2026-06-13T11:50:26.927+0000] {logging_mixin.py:188} INFO - [2026-06-13T11:50:26.927+0000] {dag.py:3096} INFO - Sync 1 DAGs
[2026-06-13T11:50:26.941+0000] {logging_mixin.py:188} INFO - [2026-06-13T11:50:26.941+0000] {dag.py:3954} INFO - Setting next_dagrun for tutorial_taskflow_api_virtualenv to None, run_after=None
[2026-06-13T11:50:26.968+0000] {processor.py:183} INFO - Processing /home/airflow/.local/lib/python3.12/site-packages/airflow/example_dags/tutorial_taskflow_api_virtualenv.py took 0.089 seconds
[2026-06-13T11:50:57.578+0000] {processor.py:161} INFO - Started process (PID=1452) to work on /home/airflow/.local/lib/python3.12/site-packages/airflow/example_dags/tutorial_taskflow_api_virtualenv.py
[2026-06-13T11:50:57.579+0000] {processor.py:830} INFO - Processing file /home/airflow/.local/lib/python3.12/site-packages/airflow/example_dags/tutorial_taskflow_api_virtualenv.py for tasks to queue
[2026-06-13T11:50:57.582+0000] {logging_mixin.py:188} INFO - [2026-06-13T11:50:57.582+0000] {dagbag.py:545} INFO - Filling up the DagBag from /home/airflow/.local/lib/python3.12/site-packages/airflow/example_dags/tutorial_taskflow_api_virtualenv.py
[2026-06-13T11:50:57.595+0000] {processor.py:840} INFO - DAG(s) 'tutorial_taskflow_api_virtualenv' retrieved from /home/airflow/.local/lib/python3.12/site-packages/airflow/example_dags/tutorial_taskflow_api_virtualenv.py
[2026-06-13T11:50:57.622+0000] {logging_mixin.py:188} INFO - [2026-06-13T11:50:57.622+0000] {dag.py:3096} INFO - Sync 1 DAGs
[2026-06-13T11:50:57.636+0000] {logging_mixin.py:188} INFO - [2026-06-13T11:50:57.636+0000] {dag.py:3954} INFO - Setting next_dagrun for tutorial_taskflow_api_virtualenv to None, run_after=None
[2026-06-13T11:50:57.663+0000] {processor.py:183} INFO - Processing /home/airflow/.local/lib/python3.12/site-packages/airflow/example_dags/tutorial_taskflow_api_virtualenv.py took 0.092 seconds
[2026-06-13T11:51:28.068+0000] {processor.py:161} INFO - Started process (PID=1511) to work on /home/airflow/.local/lib/python3.12/site-packages/airflow/example_dags/tutorial_taskflow_api_virtualenv.py
[2026-06-13T11:51:28.070+0000] {processor.py:830} INFO - Processing file /home/airflow/.local/lib/python3.12/site-packages/airflow/example_dags/tutorial_taskflow_api_virtualenv.py for tasks to queue
[2026-06-13T11:51:28.073+0000] {logging_mixin.py:188} INFO - [2026-06-13T11:51:28.073+0000] {dagbag.py:545} INFO - Filling up the DagBag from /home/airflow/.local/lib/python3.12/site-packages/airflow/example_dags/tutorial_taskflow_api_virtualenv.py
[2026-06-13T11:51:28.084+0000] {processor.py:840} INFO - DAG(s) 'tutorial_taskflow_api_virtualenv' retrieved from /home/airflow/.local/lib/python3.12/site-packages/airflow/example_dags/tutorial_taskflow_api_virtualenv.py
[2026-06-13T11:51:28.109+0000] {logging_mixin.py:188} INFO - [2026-06-13T11:51:28.109+0000] {dag.py:3096} INFO - Sync 1 DAGs
[2026-06-13T11:51:28.124+0000] {logging_mixin.py:188} INFO - [2026-06-13T11:51:28.124+0000] {dag.py:3954} INFO - Setting next_dagrun for tutorial_taskflow_api_virtualenv to None, run_after=None
[2026-06-13T11:51:28.150+0000] {processor.py:183} INFO - Processing /home/airflow/.local/lib/python3.12/site-packages/airflow/example_dags/tutorial_taskflow_api_virtualenv.py took 0.090 seconds
[2026-06-13T11:51:59.004+0000] {processor.py:161} INFO - Started process (PID=1570) to work on /home/airflow/.local/lib/python3.12/site-packages/airflow/example_dags/tutorial_taskflow_api_virtualenv.py
[2026-06-13T11:51:59.005+0000] {processor.py:830} INFO - Processing file /home/airflow/.local/lib/python3.12/site-packages/airflow/example_dags/tutorial_taskflow_api_virtualenv.py for tasks to queue
[2026-06-13T11:51:59.008+0000] {logging_mixin.py:188} INFO - [2026-06-13T11:51:59.007+0000] {dagbag.py:545} INFO - Filling up the DagBag from /home/airflow/.local/lib/python3.12/site-packages/airflow/example_dags/tutorial_taskflow_api_virtualenv.py
[2026-06-13T11:51:59.019+0000] {processor.py:840} INFO - DAG(s) 'tutorial_taskflow_api_virtualenv' retrieved from /home/airflow/.local/lib/python3.12/site-packages/airflow/example_dags/tutorial_taskflow_api_virtualenv.py
[2026-06-13T11:51:59.044+0000] {logging_mixin.py:188} INFO - [2026-06-13T11:51:59.044+0000] {dag.py:3096} INFO - Sync 1 DAGs
[2026-06-13T11:51:59.059+0000] {logging_mixin.py:188} INFO - [2026-06-13T11:51:59.058+0000] {dag.py:3954} INFO - Setting next_dagrun for tutorial_taskflow_api_virtualenv to None, run_after=None
[2026-06-13T11:51:59.088+0000] {processor.py:183} INFO - Processing /home/airflow/.local/lib/python3.12/site-packages/airflow/example_dags/tutorial_taskflow_api_virtualenv.py took 0.090 seconds
[2026-06-13T11:52:30.494+0000] {processor.py:161} INFO - Started process (PID=1629) to work on /home/airflow/.local/lib/python3.12/site-packages/airflow/example_dags/tutorial_taskflow_api_virtualenv.py
[2026-06-13T11:52:30.496+0000] {processor.py:830} INFO - Processing file /home/airflow/.local/lib/python3.12/site-packages/airflow/example_dags/tutorial_taskflow_api_virtualenv.py for tasks to queue
[2026-06-13T11:52:30.499+0000] {logging_mixin.py:188} INFO - [2026-06-13T11:52:30.498+0000] {dagbag.py:545} INFO - Filling up the DagBag from /home/airflow/.local/lib/python3.12/site-packages/airflow/example_dags/tutorial_taskflow_api_virtualenv.py
[2026-06-13T11:52:30.511+0000] {processor.py:840} INFO - DAG(s) 'tutorial_taskflow_api_virtualenv' retrieved from /home/airflow/.local/lib/python3.12/site-packages/airflow/example_dags/tutorial_taskflow_api_virtualenv.py
[2026-06-13T11:52:30.536+0000] {logging_mixin.py:188} INFO - [2026-06-13T11:52:30.535+0000] {dag.py:3096} INFO - Sync 1 DAGs
[2026-06-13T11:52:30.550+0000] {logging_mixin.py:188} INFO - [2026-06-13T11:52:30.549+0000] {dag.py:3954} INFO - Setting next_dagrun for tutorial_taskflow_api_virtualenv to None, run_after=None
[2026-06-13T11:52:30.708+0000] {processor.py:183} INFO - Processing /home/airflow/.local/lib/python3.12/site-packages/airflow/example_dags/tutorial_taskflow_api_virtualenv.py took 0.221 seconds
[2026-06-13T11:53:01.015+0000] {processor.py:161} INFO - Started process (PID=1688) to work on /home/airflow/.local/lib/python3.12/site-packages/airflow/example_dags/tutorial_taskflow_api_virtualenv.py
[2026-06-13T11:53:01.016+0000] {processor.py:830} INFO - Processing file /home/airflow/.local/lib/python3.12/site-packages/airflow/example_dags/tutorial_taskflow_api_virtualenv.py for tasks to queue
[2026-06-13T11:53:01.019+0000] {logging_mixin.py:188} INFO - [2026-06-13T11:53:01.019+0000] {dagbag.py:545} INFO - Filling up the DagBag from /home/airflow/.local/lib/python3.12/site-packages/airflow/example_dags/tutorial_taskflow_api_virtualenv.py
[2026-06-13T11:53:01.031+0000] {processor.py:840} INFO - DAG(s) 'tutorial_taskflow_api_virtualenv' retrieved from /home/airflow/.local/lib/python3.12/site-packages/airflow/example_dags/tutorial_taskflow_api_virtualenv.py
[2026-06-13T11:53:01.057+0000] {logging_mixin.py:188} INFO - [2026-06-13T11:53:01.057+0000] {dag.py:3096} INFO - Sync 1 DAGs
[2026-06-13T11:53:01.071+0000] {logging_mixin.py:188} INFO - [2026-06-13T11:53:01.071+0000] {dag.py:3954} INFO - Setting next_dagrun for tutorial_taskflow_api_virtualenv to None, run_after=None
[2026-06-13T11:53:01.099+0000] {processor.py:183} INFO - Processing /home/airflow/.local/lib/python3.12/site-packages/airflow/example_dags/tutorial_taskflow_api_virtualenv.py took 0.090 seconds
[2026-06-13T11:53:31.520+0000] {processor.py:161} INFO - Started process (PID=1747) to work on /home/airflow/.local/lib/python3.12/site-packages/airflow/example_dags/tutorial_taskflow_api_virtualenv.py
[2026-06-13T11:53:31.521+0000] {processor.py:830} INFO - Processing file /home/airflow/.local/lib/python3.12/site-packages/airflow/example_dags/tutorial_taskflow_api_virtualenv.py for tasks to queue
[2026-06-13T11:53:31.524+0000] {logging_mixin.py:188} INFO - [2026-06-13T11:53:31.524+0000] {dagbag.py:545} INFO - Filling up the DagBag from /home/airflow/.local/lib/python3.12/site-packages/airflow/example_dags/tutorial_taskflow_api_virtualenv.py
[2026-06-13T11:53:31.539+0000] {processor.py:840} INFO - DAG(s) 'tutorial_taskflow_api_virtualenv' retrieved from /home/airflow/.local/lib/python3.12/site-packages/airflow/example_dags/tutorial_taskflow_api_virtualenv.py
[2026-06-13T11:53:31.564+0000] {logging_mixin.py:188} INFO - [2026-06-13T11:53:31.564+0000] {dag.py:3096} INFO - Sync 1 DAGs
[2026-06-13T11:53:31.578+0000] {logging_mixin.py:188} INFO - [2026-06-13T11:53:31.577+0000] {dag.py:3954} INFO - Setting next_dagrun for tutorial_taskflow_api_virtualenv to None, run_after=None
[2026-06-13T11:53:31.607+0000] {processor.py:183} INFO - Processing /home/airflow/.local/lib/python3.12/site-packages/airflow/example_dags/tutorial_taskflow_api_virtualenv.py took 0.094 seconds
[2026-06-13T11:54:02.079+0000] {processor.py:161} INFO - Started process (PID=1806) to work on /home/airflow/.local/lib/python3.12/site-packages/airflow/example_dags/tutorial_taskflow_api_virtualenv.py
[2026-06-13T11:54:02.081+0000] {processor.py:830} INFO - Processing file /home/airflow/.local/lib/python3.12/site-packages/airflow/example_dags/tutorial_taskflow_api_virtualenv.py for tasks to queue
[2026-06-13T11:54:02.085+0000] {logging_mixin.py:188} INFO - [2026-06-13T11:54:02.084+0000] {dagbag.py:545} INFO - Filling up the DagBag from /home/airflow/.local/lib/python3.12/site-packages/airflow/example_dags/tutorial_taskflow_api_virtualenv.py
[2026-06-13T11:54:02.096+0000] {processor.py:840} INFO - DAG(s) 'tutorial_taskflow_api_virtualenv' retrieved from /home/airflow/.local/lib/python3.12/site-packages/airflow/example_dags/tutorial_taskflow_api_virtualenv.py
[2026-06-13T11:54:02.122+0000] {logging_mixin.py:188} INFO - [2026-06-13T11:54:02.121+0000] {dag.py:3096} INFO - Sync 1 DAGs
[2026-06-13T11:54:02.137+0000] {logging_mixin.py:188} INFO - [2026-06-13T11:54:02.136+0000] {dag.py:3954} INFO - Setting next_dagrun for tutorial_taskflow_api_virtualenv to None, run_after=None
[2026-06-13T11:54:02.165+0000] {processor.py:183} INFO - Processing /home/airflow/.local/lib/python3.12/site-packages/airflow/example_dags/tutorial_taskflow_api_virtualenv.py took 0.092 seconds
[2026-06-13T11:54:34.535+0000] {processor.py:161} INFO - Started process (PID=1865) to work on /home/airflow/.local/lib/python3.12/site-packages/airflow/example_dags/tutorial_taskflow_api_virtualenv.py
[2026-06-13T11:54:34.536+0000] {processor.py:830} INFO - Processing file /home/airflow/.local/lib/python3.12/site-packages/airflow/example_dags/tutorial_taskflow_api_virtualenv.py for tasks to queue
[2026-06-13T11:54:34.539+0000] {logging_mixin.py:188} INFO - [2026-06-13T11:54:34.539+0000] {dagbag.py:545} INFO - Filling up the DagBag from /home/airflow/.local/lib/python3.12/site-packages/airflow/example_dags/tutorial_taskflow_api_virtualenv.py
[2026-06-13T11:54:34.551+0000] {processor.py:840} INFO - DAG(s) 'tutorial_taskflow_api_virtualenv' retrieved from /home/airflow/.local/lib/python3.12/site-packages/airflow/example_dags/tutorial_taskflow_api_virtualenv.py
[2026-06-13T11:54:34.579+0000] {logging_mixin.py:188} INFO - [2026-06-13T11:54:34.578+0000] {dag.py:3096} INFO - Sync 1 DAGs
[2026-06-13T11:54:34.593+0000] {logging_mixin.py:188} INFO - [2026-06-13T11:54:34.592+0000] {dag.py:3954} INFO - Setting next_dagrun for tutorial_taskflow_api_virtualenv to None, run_after=None
[2026-06-13T11:54:34.619+0000] {processor.py:183} INFO - Processing /home/airflow/.local/lib/python3.12/site-packages/airflow/example_dags/tutorial_taskflow_api_virtualenv.py took 0.091 seconds
[2026-06-13T11:55:05.424+0000] {processor.py:161} INFO - Started process (PID=1925) to work on /home/airflow/.local/lib/python3.12/site-packages/airflow/example_dags/tutorial_taskflow_api_virtualenv.py
[2026-06-13T11:55:05.427+0000] {processor.py:830} INFO - Processing file /home/airflow/.local/lib/python3.12/site-packages/airflow/example_dags/tutorial_taskflow_api_virtualenv.py for tasks to queue
[2026-06-13T11:55:05.431+0000] {logging_mixin.py:188} INFO - [2026-06-13T11:55:05.430+0000] {dagbag.py:545} INFO - Filling up the DagBag from /home/airflow/.local/lib/python3.12/site-packages/airflow/example_dags/tutorial_taskflow_api_virtualenv.py
[2026-06-13T11:55:05.448+0000] {processor.py:840} INFO - DAG(s) 'tutorial_taskflow_api_virtualenv' retrieved from /home/airflow/.local/lib/python3.12/site-packages/airflow/example_dags/tutorial_taskflow_api_virtualenv.py
[2026-06-13T11:55:05.623+0000] {logging_mixin.py:188} INFO - [2026-06-13T11:55:05.623+0000] {dag.py:3096} INFO - Sync 1 DAGs
[2026-06-13T11:55:05.636+0000] {logging_mixin.py:188} INFO - [2026-06-13T11:55:05.636+0000] {dag.py:3954} INFO - Setting next_dagrun for tutorial_taskflow_api_virtualenv to None, run_after=None
[2026-06-13T11:55:05.660+0000] {processor.py:183} INFO - Processing /home/airflow/.local/lib/python3.12/site-packages/airflow/example_dags/tutorial_taskflow_api_virtualenv.py took 0.244 seconds
[2026-06-13T11:55:36.034+0000] {processor.py:161} INFO - Started process (PID=1984) to work on /home/airflow/.local/lib/python3.12/site-packages/airflow/example_dags/tutorial_taskflow_api_virtualenv.py
[2026-06-13T11:55:36.036+0000] {processor.py:830} INFO - Processing file /home/airflow/.local/lib/python3.12/site-packages/airflow/example_dags/tutorial_taskflow_api_virtualenv.py for tasks to queue
[2026-06-13T11:55:36.038+0000] {logging_mixin.py:188} INFO - [2026-06-13T11:55:36.038+0000] {dagbag.py:545} INFO - Filling up the DagBag from /home/airflow/.local/lib/python3.12/site-packages/airflow/example_dags/tutorial_taskflow_api_virtualenv.py
[2026-06-13T11:55:36.049+0000] {processor.py:840} INFO - DAG(s) 'tutorial_taskflow_api_virtualenv' retrieved from /home/airflow/.local/lib/python3.12/site-packages/airflow/example_dags/tutorial_taskflow_api_virtualenv.py
[2026-06-13T11:55:36.076+0000] {logging_mixin.py:188} INFO - [2026-06-13T11:55:36.075+0000] {dag.py:3096} INFO - Sync 1 DAGs
[2026-06-13T11:55:36.090+0000] {logging_mixin.py:188} INFO - [2026-06-13T11:55:36.090+0000] {dag.py:3954} INFO - Setting next_dagrun for tutorial_taskflow_api_virtualenv to None, run_after=None
[2026-06-13T11:55:36.116+0000] {processor.py:183} INFO - Processing /home/airflow/.local/lib/python3.12/site-packages/airflow/example_dags/tutorial_taskflow_api_virtualenv.py took 0.088 seconds
[2026-06-13T11:57:50.683+0000] {processor.py:161} INFO - Started process (PID=2043) to work on /home/airflow/.local/lib/python3.12/site-packages/airflow/example_dags/tutorial_taskflow_api_virtualenv.py
[2026-06-13T11:57:50.685+0000] {processor.py:830} INFO - Processing file /home/airflow/.local/lib/python3.12/site-packages/airflow/example_dags/tutorial_taskflow_api_virtualenv.py for tasks to queue
[2026-06-13T11:57:50.688+0000] {logging_mixin.py:188} INFO - [2026-06-13T11:57:50.688+0000] {dagbag.py:545} INFO - Filling up the DagBag from /home/airflow/.local/lib/python3.12/site-packages/airflow/example_dags/tutorial_taskflow_api_virtualenv.py
[2026-06-13T11:57:50.699+0000] {processor.py:840} INFO - DAG(s) 'tutorial_taskflow_api_virtualenv' retrieved from /home/airflow/.local/lib/python3.12/site-packages/airflow/example_dags/tutorial_taskflow_api_virtualenv.py
[2026-06-13T11:57:50.726+0000] {logging_mixin.py:188} INFO - [2026-06-13T11:57:50.725+0000] {dag.py:3096} INFO - Sync 1 DAGs
[2026-06-13T11:57:50.740+0000] {logging_mixin.py:188} INFO - [2026-06-13T11:57:50.740+0000] {dag.py:3954} INFO - Setting next_dagrun for tutorial_taskflow_api_virtualenv to None, run_after=None
[2026-06-13T11:57:50.766+0000] {processor.py:183} INFO - Processing /home/airflow/.local/lib/python3.12/site-packages/airflow/example_dags/tutorial_taskflow_api_virtualenv.py took 0.090 seconds
[2026-06-13T11:58:21.433+0000] {processor.py:161} INFO - Started process (PID=2110) to work on /home/airflow/.local/lib/python3.12/site-packages/airflow/example_dags/tutorial_taskflow_api_virtualenv.py
[2026-06-13T11:58:21.435+0000] {processor.py:830} INFO - Processing file /home/airflow/.local/lib/python3.12/site-packages/airflow/example_dags/tutorial_taskflow_api_virtualenv.py for tasks to queue
[2026-06-13T11:58:21.437+0000] {logging_mixin.py:188} INFO - [2026-06-13T11:58:21.437+0000] {dagbag.py:545} INFO - Filling up the DagBag from /home/airflow/.local/lib/python3.12/site-packages/airflow/example_dags/tutorial_taskflow_api_virtualenv.py
[2026-06-13T11:58:21.449+0000] {processor.py:840} INFO - DAG(s) 'tutorial_taskflow_api_virtualenv' retrieved from /home/airflow/.local/lib/python3.12/site-packages/airflow/example_dags/tutorial_taskflow_api_virtualenv.py
[2026-06-13T11:58:21.473+0000] {logging_mixin.py:188} INFO - [2026-06-13T11:58:21.472+0000] {dag.py:3096} INFO - Sync 1 DAGs
[2026-06-13T11:58:21.487+0000] {logging_mixin.py:188} INFO - [2026-06-13T11:58:21.487+0000] {dag.py:3954} INFO - Setting next_dagrun for tutorial_taskflow_api_virtualenv to None, run_after=None
[2026-06-13T11:58:21.514+0000] {processor.py:183} INFO - Processing /home/airflow/.local/lib/python3.12/site-packages/airflow/example_dags/tutorial_taskflow_api_virtualenv.py took 0.088 seconds
[2026-06-13T11:58:52.038+0000] {processor.py:161} INFO - Started process (PID=2170) to work on /home/airflow/.local/lib/python3.12/site-packages/airflow/example_dags/tutorial_taskflow_api_virtualenv.py
[2026-06-13T11:58:52.040+0000] {processor.py:830} INFO - Processing file /home/airflow/.local/lib/python3.12/site-packages/airflow/example_dags/tutorial_taskflow_api_virtualenv.py for tasks to queue
[2026-06-13T11:58:52.043+0000] {logging_mixin.py:188} INFO - [2026-06-13T11:58:52.042+0000] {dagbag.py:545} INFO - Filling up the DagBag from /home/airflow/.local/lib/python3.12/site-packages/airflow/example_dags/tutorial_taskflow_api_virtualenv.py
[2026-06-13T11:58:52.054+0000] {processor.py:840} INFO - DAG(s) 'tutorial_taskflow_api_virtualenv' retrieved from /home/airflow/.local/lib/python3.12/site-packages/airflow/example_dags/tutorial_taskflow_api_virtualenv.py
[2026-06-13T11:58:52.078+0000] {logging_mixin.py:188} INFO - [2026-06-13T11:58:52.078+0000] {dag.py:3096} INFO - Sync 1 DAGs
[2026-06-13T11:58:52.093+0000] {logging_mixin.py:188} INFO - [2026-06-13T11:58:52.092+0000] {dag.py:3954} INFO - Setting next_dagrun for tutorial_taskflow_api_virtualenv to None, run_after=None
[2026-06-13T11:58:52.119+0000] {processor.py:183} INFO - Processing /home/airflow/.local/lib/python3.12/site-packages/airflow/example_dags/tutorial_taskflow_api_virtualenv.py took 0.087 seconds
[2026-06-13T11:59:22.665+0000] {processor.py:161} INFO - Started process (PID=2268) to work on /home/airflow/.local/lib/python3.12/site-packages/airflow/example_dags/tutorial_taskflow_api_virtualenv.py
[2026-06-13T11:59:22.666+0000] {processor.py:830} INFO - Processing file /home/airflow/.local/lib/python3.12/site-packages/airflow/example_dags/tutorial_taskflow_api_virtualenv.py for tasks to queue
[2026-06-13T11:59:22.670+0000] {logging_mixin.py:188} INFO - [2026-06-13T11:59:22.669+0000] {dagbag.py:545} INFO - Filling up the DagBag from /home/airflow/.local/lib/python3.12/site-packages/airflow/example_dags/tutorial_taskflow_api_virtualenv.py
[2026-06-13T11:59:22.682+0000] {processor.py:840} INFO - DAG(s) 'tutorial_taskflow_api_virtualenv' retrieved from /home/airflow/.local/lib/python3.12/site-packages/airflow/example_dags/tutorial_taskflow_api_virtualenv.py
[2026-06-13T11:59:22.710+0000] {logging_mixin.py:188} INFO - [2026-06-13T11:59:22.710+0000] {dag.py:3096} INFO - Sync 1 DAGs
[2026-06-13T11:59:22.725+0000] {logging_mixin.py:188} INFO - [2026-06-13T11:59:22.725+0000] {dag.py:3954} INFO - Setting next_dagrun for tutorial_taskflow_api_virtualenv to None, run_after=None
[2026-06-13T11:59:22.751+0000] {processor.py:183} INFO - Processing /home/airflow/.local/lib/python3.12/site-packages/airflow/example_dags/tutorial_taskflow_api_virtualenv.py took 0.097 seconds
[2026-06-13T11:59:52.874+0000] {processor.py:161} INFO - Started process (PID=2327) to work on /home/airflow/.local/lib/python3.12/site-packages/airflow/example_dags/tutorial_taskflow_api_virtualenv.py
[2026-06-13T11:59:52.875+0000] {processor.py:830} INFO - Processing file /home/airflow/.local/lib/python3.12/site-packages/airflow/example_dags/tutorial_taskflow_api_virtualenv.py for tasks to queue
[2026-06-13T11:59:52.879+0000] {logging_mixin.py:188} INFO - [2026-06-13T11:59:52.878+0000] {dagbag.py:545} INFO - Filling up the DagBag from /home/airflow/.local/lib/python3.12/site-packages/airflow/example_dags/tutorial_taskflow_api_virtualenv.py
[2026-06-13T11:59:52.890+0000] {processor.py:840} INFO - DAG(s) 'tutorial_taskflow_api_virtualenv' retrieved from /home/airflow/.local/lib/python3.12/site-packages/airflow/example_dags/tutorial_taskflow_api_virtualenv.py
[2026-06-13T11:59:52.917+0000] {logging_mixin.py:188} INFO - [2026-06-13T11:59:52.916+0000] {dag.py:3096} INFO - Sync 1 DAGs
[2026-06-13T11:59:52.932+0000] {logging_mixin.py:188} INFO - [2026-06-13T11:59:52.932+0000] {dag.py:3954} INFO - Setting next_dagrun for tutorial_taskflow_api_virtualenv to None, run_after=None
[2026-06-13T11:59:52.959+0000] {processor.py:183} INFO - Processing /home/airflow/.local/lib/python3.12/site-packages/airflow/example_dags/tutorial_taskflow_api_virtualenv.py took 0.095 seconds
[2026-06-13T12:00:23.444+0000] {processor.py:161} INFO - Started process (PID=2386) to work on /home/airflow/.local/lib/python3.12/site-packages/airflow/example_dags/tutorial_taskflow_api_virtualenv.py
[2026-06-13T12:00:23.446+0000] {processor.py:830} INFO - Processing file /home/airflow/.local/lib/python3.12/site-packages/airflow/example_dags/tutorial_taskflow_api_virtualenv.py for tasks to queue
[2026-06-13T12:00:23.449+0000] {logging_mixin.py:188} INFO - [2026-06-13T12:00:23.448+0000] {dagbag.py:545} INFO - Filling up the DagBag from /home/airflow/.local/lib/python3.12/site-packages/airflow/example_dags/tutorial_taskflow_api_virtualenv.py
[2026-06-13T12:00:23.459+0000] {processor.py:840} INFO - DAG(s) 'tutorial_taskflow_api_virtualenv' retrieved from /home/airflow/.local/lib/python3.12/site-packages/airflow/example_dags/tutorial_taskflow_api_virtualenv.py
[2026-06-13T12:00:23.486+0000] {logging_mixin.py:188} INFO - [2026-06-13T12:00:23.485+0000] {dag.py:3096} INFO - Sync 1 DAGs
[2026-06-13T12:00:23.499+0000] {logging_mixin.py:188} INFO - [2026-06-13T12:00:23.499+0000] {dag.py:3954} INFO - Setting next_dagrun for tutorial_taskflow_api_virtualenv to None, run_after=None
[2026-06-13T12:00:23.528+0000] {processor.py:183} INFO - Processing /home/airflow/.local/lib/python3.12/site-packages/airflow/example_dags/tutorial_taskflow_api_virtualenv.py took 0.094 seconds
[2026-06-13T12:00:54.357+0000] {processor.py:161} INFO - Started process (PID=2463) to work on /home/airflow/.local/lib/python3.12/site-packages/airflow/example_dags/tutorial_taskflow_api_virtualenv.py
[2026-06-13T12:00:54.358+0000] {processor.py:830} INFO - Processing file /home/airflow/.local/lib/python3.12/site-packages/airflow/example_dags/tutorial_taskflow_api_virtualenv.py for tasks to queue
[2026-06-13T12:00:54.361+0000] {logging_mixin.py:188} INFO - [2026-06-13T12:00:54.361+0000] {dagbag.py:545} INFO - Filling up the DagBag from /home/airflow/.local/lib/python3.12/site-packages/airflow/example_dags/tutorial_taskflow_api_virtualenv.py
[2026-06-13T12:00:54.372+0000] {processor.py:840} INFO - DAG(s) 'tutorial_taskflow_api_virtualenv' retrieved from /home/airflow/.local/lib/python3.12/site-packages/airflow/example_dags/tutorial_taskflow_api_virtualenv.py
[2026-06-13T12:00:54.398+0000] {logging_mixin.py:188} INFO - [2026-06-13T12:00:54.397+0000] {dag.py:3096} INFO - Sync 1 DAGs
[2026-06-13T12:00:54.412+0000] {logging_mixin.py:188} INFO - [2026-06-13T12:00:54.411+0000] {dag.py:3954} INFO - Setting next_dagrun for tutorial_taskflow_api_virtualenv to None, run_after=None
[2026-06-13T12:00:54.439+0000] {processor.py:183} INFO - Processing /home/airflow/.local/lib/python3.12/site-packages/airflow/example_dags/tutorial_taskflow_api_virtualenv.py took 0.092 seconds
[2026-06-13T12:01:25.116+0000] {processor.py:161} INFO - Started process (PID=2522) to work on /home/airflow/.local/lib/python3.12/site-packages/airflow/example_dags/tutorial_taskflow_api_virtualenv.py
[2026-06-13T12:01:25.118+0000] {processor.py:830} INFO - Processing file /home/airflow/.local/lib/python3.12/site-packages/airflow/example_dags/tutorial_taskflow_api_virtualenv.py for tasks to queue
[2026-06-13T12:01:25.121+0000] {logging_mixin.py:188} INFO - [2026-06-13T12:01:25.120+0000] {dagbag.py:545} INFO - Filling up the DagBag from /home/airflow/.local/lib/python3.12/site-packages/airflow/example_dags/tutorial_taskflow_api_virtualenv.py
[2026-06-13T12:01:25.133+0000] {processor.py:840} INFO - DAG(s) 'tutorial_taskflow_api_virtualenv' retrieved from /home/airflow/.local/lib/python3.12/site-packages/airflow/example_dags/tutorial_taskflow_api_virtualenv.py
[2026-06-13T12:01:25.169+0000] {logging_mixin.py:188} INFO - [2026-06-13T12:01:25.168+0000] {dag.py:3096} INFO - Sync 1 DAGs
[2026-06-13T12:01:25.201+0000] {logging_mixin.py:188} INFO - [2026-06-13T12:01:25.201+0000] {dag.py:3954} INFO - Setting next_dagrun for tutorial_taskflow_api_virtualenv to None, run_after=None
[2026-06-13T12:01:25.244+0000] {processor.py:183} INFO - Processing /home/airflow/.local/lib/python3.12/site-packages/airflow/example_dags/tutorial_taskflow_api_virtualenv.py took 0.138 seconds
[2026-06-13T12:01:55.463+0000] {processor.py:161} INFO - Started process (PID=2581) to work on /home/airflow/.local/lib/python3.12/site-packages/airflow/example_dags/tutorial_taskflow_api_virtualenv.py
[2026-06-13T12:01:55.465+0000] {processor.py:830} INFO - Processing file /home/airflow/.local/lib/python3.12/site-packages/airflow/example_dags/tutorial_taskflow_api_virtualenv.py for tasks to queue
[2026-06-13T12:01:55.468+0000] {logging_mixin.py:188} INFO - [2026-06-13T12:01:55.467+0000] {dagbag.py:545} INFO - Filling up the DagBag from /home/airflow/.local/lib/python3.12/site-packages/airflow/example_dags/tutorial_taskflow_api_virtualenv.py
[2026-06-13T12:01:55.480+0000] {processor.py:840} INFO - DAG(s) 'tutorial_taskflow_api_virtualenv' retrieved from /home/airflow/.local/lib/python3.12/site-packages/airflow/example_dags/tutorial_taskflow_api_virtualenv.py
[2026-06-13T12:01:55.510+0000] {logging_mixin.py:188} INFO - [2026-06-13T12:01:55.510+0000] {dag.py:3096} INFO - Sync 1 DAGs
[2026-06-13T12:01:55.526+0000] {logging_mixin.py:188} INFO - [2026-06-13T12:01:55.525+0000] {dag.py:3954} INFO - Setting next_dagrun for tutorial_taskflow_api_virtualenv to None, run_after=None
[2026-06-13T12:01:55.558+0000] {processor.py:183} INFO - Processing /home/airflow/.local/lib/python3.12/site-packages/airflow/example_dags/tutorial_taskflow_api_virtualenv.py took 0.109 seconds
[2026-06-13T12:02:26.261+0000] {processor.py:161} INFO - Started process (PID=2648) to work on /home/airflow/.local/lib/python3.12/site-packages/airflow/example_dags/tutorial_taskflow_api_virtualenv.py
[2026-06-13T12:02:26.263+0000] {processor.py:830} INFO - Processing file /home/airflow/.local/lib/python3.12/site-packages/airflow/example_dags/tutorial_taskflow_api_virtualenv.py for tasks to queue
[2026-06-13T12:02:26.267+0000] {logging_mixin.py:188} INFO - [2026-06-13T12:02:26.267+0000] {dagbag.py:545} INFO - Filling up the DagBag from /home/airflow/.local/lib/python3.12/site-packages/airflow/example_dags/tutorial_taskflow_api_virtualenv.py
[2026-06-13T12:02:26.283+0000] {processor.py:840} INFO - DAG(s) 'tutorial_taskflow_api_virtualenv' retrieved from /home/airflow/.local/lib/python3.12/site-packages/airflow/example_dags/tutorial_taskflow_api_virtualenv.py
[2026-06-13T12:02:26.313+0000] {logging_mixin.py:188} INFO - [2026-06-13T12:02:26.312+0000] {dag.py:3096} INFO - Sync 1 DAGs
[2026-06-13T12:02:26.329+0000] {logging_mixin.py:188} INFO - [2026-06-13T12:02:26.328+0000] {dag.py:3954} INFO - Setting next_dagrun for tutorial_taskflow_api_virtualenv to None, run_after=None
[2026-06-13T12:02:26.358+0000] {processor.py:183} INFO - Processing /home/airflow/.local/lib/python3.12/site-packages/airflow/example_dags/tutorial_taskflow_api_virtualenv.py took 0.109 seconds
[2026-06-13T12:02:56.662+0000] {processor.py:161} INFO - Started process (PID=2763) to work on /home/airflow/.local/lib/python3.12/site-packages/airflow/example_dags/tutorial_taskflow_api_virtualenv.py
[2026-06-13T12:02:56.664+0000] {processor.py:830} INFO - Processing file /home/airflow/.local/lib/python3.12/site-packages/airflow/example_dags/tutorial_taskflow_api_virtualenv.py for tasks to queue
[2026-06-13T12:02:56.666+0000] {logging_mixin.py:188} INFO - [2026-06-13T12:02:56.666+0000] {dagbag.py:545} INFO - Filling up the DagBag from /home/airflow/.local/lib/python3.12/site-packages/airflow/example_dags/tutorial_taskflow_api_virtualenv.py
[2026-06-13T12:02:56.679+0000] {processor.py:840} INFO - DAG(s) 'tutorial_taskflow_api_virtualenv' retrieved from /home/airflow/.local/lib/python3.12/site-packages/airflow/example_dags/tutorial_taskflow_api_virtualenv.py
[2026-06-13T12:02:56.706+0000] {logging_mixin.py:188} INFO - [2026-06-13T12:02:56.706+0000] {dag.py:3096} INFO - Sync 1 DAGs
[2026-06-13T12:02:56.721+0000] {logging_mixin.py:188} INFO - [2026-06-13T12:02:56.721+0000] {dag.py:3954} INFO - Setting next_dagrun for tutorial_taskflow_api_virtualenv to None, run_after=None
[2026-06-13T12:02:56.747+0000] {processor.py:183} INFO - Processing /home/airflow/.local/lib/python3.12/site-packages/airflow/example_dags/tutorial_taskflow_api_virtualenv.py took 0.096 seconds
[2026-06-13T12:03:26.837+0000] {processor.py:161} INFO - Started process (PID=2822) to work on /home/airflow/.local/lib/python3.12/site-packages/airflow/example_dags/tutorial_taskflow_api_virtualenv.py
[2026-06-13T12:03:26.839+0000] {processor.py:830} INFO - Processing file /home/airflow/.local/lib/python3.12/site-packages/airflow/example_dags/tutorial_taskflow_api_virtualenv.py for tasks to queue
[2026-06-13T12:03:26.842+0000] {logging_mixin.py:188} INFO - [2026-06-13T12:03:26.842+0000] {dagbag.py:545} INFO - Filling up the DagBag from /home/airflow/.local/lib/python3.12/site-packages/airflow/example_dags/tutorial_taskflow_api_virtualenv.py
[2026-06-13T12:03:26.854+0000] {processor.py:840} INFO - DAG(s) 'tutorial_taskflow_api_virtualenv' retrieved from /home/airflow/.local/lib/python3.12/site-packages/airflow/example_dags/tutorial_taskflow_api_virtualenv.py
[2026-06-13T12:03:26.882+0000] {logging_mixin.py:188} INFO - [2026-06-13T12:03:26.881+0000] {dag.py:3096} INFO - Sync 1 DAGs
[2026-06-13T12:03:26.896+0000] {logging_mixin.py:188} INFO - [2026-06-13T12:03:26.896+0000] {dag.py:3954} INFO - Setting next_dagrun for tutorial_taskflow_api_virtualenv to None, run_after=None
[2026-06-13T12:03:26.923+0000] {processor.py:183} INFO - Processing /home/airflow/.local/lib/python3.12/site-packages/airflow/example_dags/tutorial_taskflow_api_virtualenv.py took 0.096 seconds
[2026-06-13T12:03:57.497+0000] {processor.py:161} INFO - Started process (PID=2881) to work on /home/airflow/.local/lib/python3.12/site-packages/airflow/example_dags/tutorial_taskflow_api_virtualenv.py
[2026-06-13T12:03:57.499+0000] {processor.py:830} INFO - Processing file /home/airflow/.local/lib/python3.12/site-packages/airflow/example_dags/tutorial_taskflow_api_virtualenv.py for tasks to queue
[2026-06-13T12:03:57.503+0000] {logging_mixin.py:188} INFO - [2026-06-13T12:03:57.502+0000] {dagbag.py:545} INFO - Filling up the DagBag from /home/airflow/.local/lib/python3.12/site-packages/airflow/example_dags/tutorial_taskflow_api_virtualenv.py
[2026-06-13T12:03:57.514+0000] {processor.py:840} INFO - DAG(s) 'tutorial_taskflow_api_virtualenv' retrieved from /home/airflow/.local/lib/python3.12/site-packages/airflow/example_dags/tutorial_taskflow_api_virtualenv.py
[2026-06-13T12:03:57.539+0000] {logging_mixin.py:188} INFO - [2026-06-13T12:03:57.539+0000] {dag.py:3096} INFO - Sync 1 DAGs
[2026-06-13T12:03:57.553+0000] {logging_mixin.py:188} INFO - [2026-06-13T12:03:57.552+0000] {dag.py:3954} INFO - Setting next_dagrun for tutorial_taskflow_api_virtualenv to None, run_after=None
[2026-06-13T12:03:57.580+0000] {processor.py:183} INFO - Processing /home/airflow/.local/lib/python3.12/site-packages/airflow/example_dags/tutorial_taskflow_api_virtualenv.py took 0.093 seconds
[2026-06-13T12:04:28.323+0000] {processor.py:161} INFO - Started process (PID=2955) to work on /home/airflow/.local/lib/python3.12/site-packages/airflow/example_dags/tutorial_taskflow_api_virtualenv.py
[2026-06-13T12:04:28.324+0000] {processor.py:830} INFO - Processing file /home/airflow/.local/lib/python3.12/site-packages/airflow/example_dags/tutorial_taskflow_api_virtualenv.py for tasks to queue
[2026-06-13T12:04:28.328+0000] {logging_mixin.py:188} INFO - [2026-06-13T12:04:28.327+0000] {dagbag.py:545} INFO - Filling up the DagBag from /home/airflow/.local/lib/python3.12/site-packages/airflow/example_dags/tutorial_taskflow_api_virtualenv.py
[2026-06-13T12:04:28.340+0000] {processor.py:840} INFO - DAG(s) 'tutorial_taskflow_api_virtualenv' retrieved from /home/airflow/.local/lib/python3.12/site-packages/airflow/example_dags/tutorial_taskflow_api_virtualenv.py
[2026-06-13T12:04:28.365+0000] {logging_mixin.py:188} INFO - [2026-06-13T12:04:28.365+0000] {dag.py:3096} INFO - Sync 1 DAGs
[2026-06-13T12:04:28.379+0000] {logging_mixin.py:188} INFO - [2026-06-13T12:04:28.379+0000] {dag.py:3954} INFO - Setting next_dagrun for tutorial_taskflow_api_virtualenv to None, run_after=None
[2026-06-13T12:04:28.407+0000] {processor.py:183} INFO - Processing /home/airflow/.local/lib/python3.12/site-packages/airflow/example_dags/tutorial_taskflow_api_virtualenv.py took 0.094 seconds
[2026-06-13T12:04:58.811+0000] {processor.py:161} INFO - Started process (PID=3014) to work on /home/airflow/.local/lib/python3.12/site-packages/airflow/example_dags/tutorial_taskflow_api_virtualenv.py
[2026-06-13T12:04:58.813+0000] {processor.py:830} INFO - Processing file /home/airflow/.local/lib/python3.12/site-packages/airflow/example_dags/tutorial_taskflow_api_virtualenv.py for tasks to queue
[2026-06-13T12:04:58.816+0000] {logging_mixin.py:188} INFO - [2026-06-13T12:04:58.816+0000] {dagbag.py:545} INFO - Filling up the DagBag from /home/airflow/.local/lib/python3.12/site-packages/airflow/example_dags/tutorial_taskflow_api_virtualenv.py
[2026-06-13T12:04:58.829+0000] {processor.py:840} INFO - DAG(s) 'tutorial_taskflow_api_virtualenv' retrieved from /home/airflow/.local/lib/python3.12/site-packages/airflow/example_dags/tutorial_taskflow_api_virtualenv.py
[2026-06-13T12:04:58.854+0000] {logging_mixin.py:188} INFO - [2026-06-13T12:04:58.854+0000] {dag.py:3096} INFO - Sync 1 DAGs
[2026-06-13T12:04:58.869+0000] {logging_mixin.py:188} INFO - [2026-06-13T12:04:58.869+0000] {dag.py:3954} INFO - Setting next_dagrun for tutorial_taskflow_api_virtualenv to None, run_after=None
[2026-06-13T12:04:58.894+0000] {processor.py:183} INFO - Processing /home/airflow/.local/lib/python3.12/site-packages/airflow/example_dags/tutorial_taskflow_api_virtualenv.py took 0.093 seconds
[2026-06-13T12:05:29.030+0000] {processor.py:161} INFO - Started process (PID=3073) to work on /home/airflow/.local/lib/python3.12/site-packages/airflow/example_dags/tutorial_taskflow_api_virtualenv.py
[2026-06-13T12:05:29.032+0000] {processor.py:830} INFO - Processing file /home/airflow/.local/lib/python3.12/site-packages/airflow/example_dags/tutorial_taskflow_api_virtualenv.py for tasks to queue
[2026-06-13T12:05:29.034+0000] {logging_mixin.py:188} INFO - [2026-06-13T12:05:29.034+0000] {dagbag.py:545} INFO - Filling up the DagBag from /home/airflow/.local/lib/python3.12/site-packages/airflow/example_dags/tutorial_taskflow_api_virtualenv.py
[2026-06-13T12:05:29.046+0000] {processor.py:840} INFO - DAG(s) 'tutorial_taskflow_api_virtualenv' retrieved from /home/airflow/.local/lib/python3.12/site-packages/airflow/example_dags/tutorial_taskflow_api_virtualenv.py
[2026-06-13T12:05:29.073+0000] {logging_mixin.py:188} INFO - [2026-06-13T12:05:29.073+0000] {dag.py:3096} INFO - Sync 1 DAGs
[2026-06-13T12:05:29.088+0000] {logging_mixin.py:188} INFO - [2026-06-13T12:05:29.088+0000] {dag.py:3954} INFO - Setting next_dagrun for tutorial_taskflow_api_virtualenv to None, run_after=None
[2026-06-13T12:05:29.115+0000] {processor.py:183} INFO - Processing /home/airflow/.local/lib/python3.12/site-packages/airflow/example_dags/tutorial_taskflow_api_virtualenv.py took 0.095 seconds
[2026-06-13T12:05:59.661+0000] {processor.py:161} INFO - Started process (PID=3133) to work on /home/airflow/.local/lib/python3.12/site-packages/airflow/example_dags/tutorial_taskflow_api_virtualenv.py
[2026-06-13T12:05:59.662+0000] {processor.py:830} INFO - Processing file /home/airflow/.local/lib/python3.12/site-packages/airflow/example_dags/tutorial_taskflow_api_virtualenv.py for tasks to queue
[2026-06-13T12:05:59.665+0000] {logging_mixin.py:188} INFO - [2026-06-13T12:05:59.665+0000] {dagbag.py:545} INFO - Filling up the DagBag from /home/airflow/.local/lib/python3.12/site-packages/airflow/example_dags/tutorial_taskflow_api_virtualenv.py
[2026-06-13T12:05:59.678+0000] {processor.py:840} INFO - DAG(s) 'tutorial_taskflow_api_virtualenv' retrieved from /home/airflow/.local/lib/python3.12/site-packages/airflow/example_dags/tutorial_taskflow_api_virtualenv.py
[2026-06-13T12:05:59.704+0000] {logging_mixin.py:188} INFO - [2026-06-13T12:05:59.704+0000] {dag.py:3096} INFO - Sync 1 DAGs
[2026-06-13T12:05:59.718+0000] {logging_mixin.py:188} INFO - [2026-06-13T12:05:59.718+0000] {dag.py:3954} INFO - Setting next_dagrun for tutorial_taskflow_api_virtualenv to None, run_after=None
[2026-06-13T12:05:59.746+0000] {processor.py:183} INFO - Processing /home/airflow/.local/lib/python3.12/site-packages/airflow/example_dags/tutorial_taskflow_api_virtualenv.py took 0.096 seconds
[2026-06-13T12:06:29.854+0000] {processor.py:161} INFO - Started process (PID=3192) to work on /home/airflow/.local/lib/python3.12/site-packages/airflow/example_dags/tutorial_taskflow_api_virtualenv.py
[2026-06-13T12:06:29.856+0000] {processor.py:830} INFO - Processing file /home/airflow/.local/lib/python3.12/site-packages/airflow/example_dags/tutorial_taskflow_api_virtualenv.py for tasks to queue
[2026-06-13T12:06:29.861+0000] {logging_mixin.py:188} INFO - [2026-06-13T12:06:29.860+0000] {dagbag.py:545} INFO - Filling up the DagBag from /home/airflow/.local/lib/python3.12/site-packages/airflow/example_dags/tutorial_taskflow_api_virtualenv.py
[2026-06-13T12:06:29.874+0000] {processor.py:840} INFO - DAG(s) 'tutorial_taskflow_api_virtualenv' retrieved from /home/airflow/.local/lib/python3.12/site-packages/airflow/example_dags/tutorial_taskflow_api_virtualenv.py
[2026-06-13T12:06:29.899+0000] {logging_mixin.py:188} INFO - [2026-06-13T12:06:29.899+0000] {dag.py:3096} INFO - Sync 1 DAGs
[2026-06-13T12:06:29.916+0000] {logging_mixin.py:188} INFO - [2026-06-13T12:06:29.915+0000] {dag.py:3954} INFO - Setting next_dagrun for tutorial_taskflow_api_virtualenv to None, run_after=None
[2026-06-13T12:06:29.944+0000] {processor.py:183} INFO - Processing /home/airflow/.local/lib/python3.12/site-packages/airflow/example_dags/tutorial_taskflow_api_virtualenv.py took 0.101 seconds
[2026-06-13T12:07:00.207+0000] {processor.py:161} INFO - Started process (PID=3251) to work on /home/airflow/.local/lib/python3.12/site-packages/airflow/example_dags/tutorial_taskflow_api_virtualenv.py
[2026-06-13T12:07:00.208+0000] {processor.py:830} INFO - Processing file /home/airflow/.local/lib/python3.12/site-packages/airflow/example_dags/tutorial_taskflow_api_virtualenv.py for tasks to queue
[2026-06-13T12:07:00.211+0000] {logging_mixin.py:188} INFO - [2026-06-13T12:07:00.211+0000] {dagbag.py:545} INFO - Filling up the DagBag from /home/airflow/.local/lib/python3.12/site-packages/airflow/example_dags/tutorial_taskflow_api_virtualenv.py
[2026-06-13T12:07:00.223+0000] {processor.py:840} INFO - DAG(s) 'tutorial_taskflow_api_virtualenv' retrieved from /home/airflow/.local/lib/python3.12/site-packages/airflow/example_dags/tutorial_taskflow_api_virtualenv.py
[2026-06-13T12:07:00.251+0000] {logging_mixin.py:188} INFO - [2026-06-13T12:07:00.250+0000] {dag.py:3096} INFO - Sync 1 DAGs
[2026-06-13T12:07:00.265+0000] {logging_mixin.py:188} INFO - [2026-06-13T12:07:00.265+0000] {dag.py:3954} INFO - Setting next_dagrun for tutorial_taskflow_api_virtualenv to None, run_after=None
[2026-06-13T12:07:00.294+0000] {processor.py:183} INFO - Processing /home/airflow/.local/lib/python3.12/site-packages/airflow/example_dags/tutorial_taskflow_api_virtualenv.py took 0.098 seconds
[2026-06-13T12:07:30.367+0000] {processor.py:161} INFO - Started process (PID=3310) to work on /home/airflow/.local/lib/python3.12/site-packages/airflow/example_dags/tutorial_taskflow_api_virtualenv.py
[2026-06-13T12:07:30.369+0000] {processor.py:830} INFO - Processing file /home/airflow/.local/lib/python3.12/site-packages/airflow/example_dags/tutorial_taskflow_api_virtualenv.py for tasks to queue
[2026-06-13T12:07:30.372+0000] {logging_mixin.py:188} INFO - [2026-06-13T12:07:30.372+0000] {dagbag.py:545} INFO - Filling up the DagBag from /home/airflow/.local/lib/python3.12/site-packages/airflow/example_dags/tutorial_taskflow_api_virtualenv.py
[2026-06-13T12:07:30.383+0000] {processor.py:840} INFO - DAG(s) 'tutorial_taskflow_api_virtualenv' retrieved from /home/airflow/.local/lib/python3.12/site-packages/airflow/example_dags/tutorial_taskflow_api_virtualenv.py
[2026-06-13T12:07:30.409+0000] {logging_mixin.py:188} INFO - [2026-06-13T12:07:30.408+0000] {dag.py:3096} INFO - Sync 1 DAGs
[2026-06-13T12:07:30.421+0000] {logging_mixin.py:188} INFO - [2026-06-13T12:07:30.421+0000] {dag.py:3954} INFO - Setting next_dagrun for tutorial_taskflow_api_virtualenv to None, run_after=None
[2026-06-13T12:07:30.446+0000] {processor.py:183} INFO - Processing /home/airflow/.local/lib/python3.12/site-packages/airflow/example_dags/tutorial_taskflow_api_virtualenv.py took 0.089 seconds
[2026-06-13T12:08:01.417+0000] {processor.py:161} INFO - Started process (PID=3369) to work on /home/airflow/.local/lib/python3.12/site-packages/airflow/example_dags/tutorial_taskflow_api_virtualenv.py
[2026-06-13T12:08:01.419+0000] {processor.py:830} INFO - Processing file /home/airflow/.local/lib/python3.12/site-packages/airflow/example_dags/tutorial_taskflow_api_virtualenv.py for tasks to queue
[2026-06-13T12:08:01.422+0000] {logging_mixin.py:188} INFO - [2026-06-13T12:08:01.421+0000] {dagbag.py:545} INFO - Filling up the DagBag from /home/airflow/.local/lib/python3.12/site-packages/airflow/example_dags/tutorial_taskflow_api_virtualenv.py
[2026-06-13T12:08:01.433+0000] {processor.py:840} INFO - DAG(s) 'tutorial_taskflow_api_virtualenv' retrieved from /home/airflow/.local/lib/python3.12/site-packages/airflow/example_dags/tutorial_taskflow_api_virtualenv.py
[2026-06-13T12:08:01.459+0000] {logging_mixin.py:188} INFO - [2026-06-13T12:08:01.459+0000] {dag.py:3096} INFO - Sync 1 DAGs
[2026-06-13T12:08:01.472+0000] {logging_mixin.py:188} INFO - [2026-06-13T12:08:01.472+0000] {dag.py:3954} INFO - Setting next_dagrun for tutorial_taskflow_api_virtualenv to None, run_after=None
[2026-06-13T12:08:01.500+0000] {processor.py:183} INFO - Processing /home/airflow/.local/lib/python3.12/site-packages/airflow/example_dags/tutorial_taskflow_api_virtualenv.py took 0.093 seconds
[2026-06-13T12:08:31.820+0000] {processor.py:161} INFO - Started process (PID=3428) to work on /home/airflow/.local/lib/python3.12/site-packages/airflow/example_dags/tutorial_taskflow_api_virtualenv.py
[2026-06-13T12:08:31.823+0000] {processor.py:830} INFO - Processing file /home/airflow/.local/lib/python3.12/site-packages/airflow/example_dags/tutorial_taskflow_api_virtualenv.py for tasks to queue
[2026-06-13T12:08:31.827+0000] {logging_mixin.py:188} INFO - [2026-06-13T12:08:31.826+0000] {dagbag.py:545} INFO - Filling up the DagBag from /home/airflow/.local/lib/python3.12/site-packages/airflow/example_dags/tutorial_taskflow_api_virtualenv.py
[2026-06-13T12:08:31.838+0000] {processor.py:840} INFO - DAG(s) 'tutorial_taskflow_api_virtualenv' retrieved from /home/airflow/.local/lib/python3.12/site-packages/airflow/example_dags/tutorial_taskflow_api_virtualenv.py
[2026-06-13T12:08:31.863+0000] {logging_mixin.py:188} INFO - [2026-06-13T12:08:31.863+0000] {dag.py:3096} INFO - Sync 1 DAGs
[2026-06-13T12:08:31.877+0000] {logging_mixin.py:188} INFO - [2026-06-13T12:08:31.877+0000] {dag.py:3954} INFO - Setting next_dagrun for tutorial_taskflow_api_virtualenv to None, run_after=None
[2026-06-13T12:08:31.905+0000] {processor.py:183} INFO - Processing /home/airflow/.local/lib/python3.12/site-packages/airflow/example_dags/tutorial_taskflow_api_virtualenv.py took 0.095 seconds
[2026-06-13T12:09:02.515+0000] {processor.py:161} INFO - Started process (PID=3487) to work on /home/airflow/.local/lib/python3.12/site-packages/airflow/example_dags/tutorial_taskflow_api_virtualenv.py
[2026-06-13T12:09:02.517+0000] {processor.py:830} INFO - Processing file /home/airflow/.local/lib/python3.12/site-packages/airflow/example_dags/tutorial_taskflow_api_virtualenv.py for tasks to queue
[2026-06-13T12:09:02.520+0000] {logging_mixin.py:188} INFO - [2026-06-13T12:09:02.520+0000] {dagbag.py:545} INFO - Filling up the DagBag from /home/airflow/.local/lib/python3.12/site-packages/airflow/example_dags/tutorial_taskflow_api_virtualenv.py
[2026-06-13T12:09:02.531+0000] {processor.py:840} INFO - DAG(s) 'tutorial_taskflow_api_virtualenv' retrieved from /home/airflow/.local/lib/python3.12/site-packages/airflow/example_dags/tutorial_taskflow_api_virtualenv.py
[2026-06-13T12:09:02.559+0000] {logging_mixin.py:188} INFO - [2026-06-13T12:09:02.558+0000] {dag.py:3096} INFO - Sync 1 DAGs
[2026-06-13T12:09:02.574+0000] {logging_mixin.py:188} INFO - [2026-06-13T12:09:02.574+0000] {dag.py:3954} INFO - Setting next_dagrun for tutorial_taskflow_api_virtualenv to None, run_after=None
[2026-06-13T12:09:02.601+0000] {processor.py:183} INFO - Processing /home/airflow/.local/lib/python3.12/site-packages/airflow/example_dags/tutorial_taskflow_api_virtualenv.py took 0.096 seconds
[2026-06-13T12:09:32.709+0000] {processor.py:161} INFO - Started process (PID=3546) to work on /home/airflow/.local/lib/python3.12/site-packages/airflow/example_dags/tutorial_taskflow_api_virtualenv.py
[2026-06-13T12:09:32.711+0000] {processor.py:830} INFO - Processing file /home/airflow/.local/lib/python3.12/site-packages/airflow/example_dags/tutorial_taskflow_api_virtualenv.py for tasks to queue
[2026-06-13T12:09:32.714+0000] {logging_mixin.py:188} INFO - [2026-06-13T12:09:32.713+0000] {dagbag.py:545} INFO - Filling up the DagBag from /home/airflow/.local/lib/python3.12/site-packages/airflow/example_dags/tutorial_taskflow_api_virtualenv.py
[2026-06-13T12:09:32.726+0000] {processor.py:840} INFO - DAG(s) 'tutorial_taskflow_api_virtualenv' retrieved from /home/airflow/.local/lib/python3.12/site-packages/airflow/example_dags/tutorial_taskflow_api_virtualenv.py
[2026-06-13T12:09:32.755+0000] {logging_mixin.py:188} INFO - [2026-06-13T12:09:32.754+0000] {dag.py:3096} INFO - Sync 1 DAGs
[2026-06-13T12:09:32.771+0000] {logging_mixin.py:188} INFO - [2026-06-13T12:09:32.770+0000] {dag.py:3954} INFO - Setting next_dagrun for tutorial_taskflow_api_virtualenv to None, run_after=None
[2026-06-13T12:09:32.798+0000] {processor.py:183} INFO - Processing /home/airflow/.local/lib/python3.12/site-packages/airflow/example_dags/tutorial_taskflow_api_virtualenv.py took 0.098 seconds
[2026-06-13T12:10:03.955+0000] {processor.py:161} INFO - Started process (PID=3605) to work on /home/airflow/.local/lib/python3.12/site-packages/airflow/example_dags/tutorial_taskflow_api_virtualenv.py
[2026-06-13T12:10:03.957+0000] {processor.py:830} INFO - Processing file /home/airflow/.local/lib/python3.12/site-packages/airflow/example_dags/tutorial_taskflow_api_virtualenv.py for tasks to queue
[2026-06-13T12:10:03.959+0000] {logging_mixin.py:188} INFO - [2026-06-13T12:10:03.959+0000] {dagbag.py:545} INFO - Filling up the DagBag from /home/airflow/.local/lib/python3.12/site-packages/airflow/example_dags/tutorial_taskflow_api_virtualenv.py
[2026-06-13T12:10:03.971+0000] {processor.py:840} INFO - DAG(s) 'tutorial_taskflow_api_virtualenv' retrieved from /home/airflow/.local/lib/python3.12/site-packages/airflow/example_dags/tutorial_taskflow_api_virtualenv.py
[2026-06-13T12:10:04.001+0000] {logging_mixin.py:188} INFO - [2026-06-13T12:10:04.001+0000] {dag.py:3096} INFO - Sync 1 DAGs
[2026-06-13T12:10:04.018+0000] {logging_mixin.py:188} INFO - [2026-06-13T12:10:04.017+0000] {dag.py:3954} INFO - Setting next_dagrun for tutorial_taskflow_api_virtualenv to None, run_after=None
[2026-06-13T12:10:04.046+0000] {processor.py:183} INFO - Processing /home/airflow/.local/lib/python3.12/site-packages/airflow/example_dags/tutorial_taskflow_api_virtualenv.py took 0.101 seconds
[2026-06-13T12:14:40.595+0000] {processor.py:161} INFO - Started process (PID=3645) to work on /home/airflow/.local/lib/python3.12/site-packages/airflow/example_dags/tutorial_taskflow_api_virtualenv.py
[2026-06-13T12:14:40.597+0000] {processor.py:830} INFO - Processing file /home/airflow/.local/lib/python3.12/site-packages/airflow/example_dags/tutorial_taskflow_api_virtualenv.py for tasks to queue
[2026-06-13T12:14:40.599+0000] {logging_mixin.py:188} INFO - [2026-06-13T12:14:40.599+0000] {dagbag.py:545} INFO - Filling up the DagBag from /home/airflow/.local/lib/python3.12/site-packages/airflow/example_dags/tutorial_taskflow_api_virtualenv.py
[2026-06-13T12:14:40.611+0000] {processor.py:840} INFO - DAG(s) 'tutorial_taskflow_api_virtualenv' retrieved from /home/airflow/.local/lib/python3.12/site-packages/airflow/example_dags/tutorial_taskflow_api_virtualenv.py
[2026-06-13T12:14:40.643+0000] {logging_mixin.py:188} INFO - [2026-06-13T12:14:40.643+0000] {dag.py:3096} INFO - Sync 1 DAGs
[2026-06-13T12:14:40.661+0000] {logging_mixin.py:188} INFO - [2026-06-13T12:14:40.661+0000] {dag.py:3954} INFO - Setting next_dagrun for tutorial_taskflow_api_virtualenv to None, run_after=None
[2026-06-13T12:14:40.691+0000] {processor.py:183} INFO - Processing /home/airflow/.local/lib/python3.12/site-packages/airflow/example_dags/tutorial_taskflow_api_virtualenv.py took 0.107 seconds
[2026-06-13T12:15:11.341+0000] {processor.py:161} INFO - Started process (PID=3704) to work on /home/airflow/.local/lib/python3.12/site-packages/airflow/example_dags/tutorial_taskflow_api_virtualenv.py
[2026-06-13T12:15:11.342+0000] {processor.py:830} INFO - Processing file /home/airflow/.local/lib/python3.12/site-packages/airflow/example_dags/tutorial_taskflow_api_virtualenv.py for tasks to queue
[2026-06-13T12:15:11.345+0000] {logging_mixin.py:188} INFO - [2026-06-13T12:15:11.344+0000] {dagbag.py:545} INFO - Filling up the DagBag from /home/airflow/.local/lib/python3.12/site-packages/airflow/example_dags/tutorial_taskflow_api_virtualenv.py
[2026-06-13T12:15:11.356+0000] {processor.py:840} INFO - DAG(s) 'tutorial_taskflow_api_virtualenv' retrieved from /home/airflow/.local/lib/python3.12/site-packages/airflow/example_dags/tutorial_taskflow_api_virtualenv.py
[2026-06-13T12:15:11.383+0000] {logging_mixin.py:188} INFO - [2026-06-13T12:15:11.383+0000] {dag.py:3096} INFO - Sync 1 DAGs
[2026-06-13T12:15:11.399+0000] {logging_mixin.py:188} INFO - [2026-06-13T12:15:11.399+0000] {dag.py:3954} INFO - Setting next_dagrun for tutorial_taskflow_api_virtualenv to None, run_after=None
[2026-06-13T12:15:11.425+0000] {processor.py:183} INFO - Processing /home/airflow/.local/lib/python3.12/site-packages/airflow/example_dags/tutorial_taskflow_api_virtualenv.py took 0.094 seconds
[2026-06-13T12:15:41.949+0000] {processor.py:161} INFO - Started process (PID=3763) to work on /home/airflow/.local/lib/python3.12/site-packages/airflow/example_dags/tutorial_taskflow_api_virtualenv.py
[2026-06-13T12:15:41.951+0000] {processor.py:830} INFO - Processing file /home/airflow/.local/lib/python3.12/site-packages/airflow/example_dags/tutorial_taskflow_api_virtualenv.py for tasks to queue
[2026-06-13T12:15:41.954+0000] {logging_mixin.py:188} INFO - [2026-06-13T12:15:41.954+0000] {dagbag.py:545} INFO - Filling up the DagBag from /home/airflow/.local/lib/python3.12/site-packages/airflow/example_dags/tutorial_taskflow_api_virtualenv.py
[2026-06-13T12:15:41.965+0000] {processor.py:840} INFO - DAG(s) 'tutorial_taskflow_api_virtualenv' retrieved from /home/airflow/.local/lib/python3.12/site-packages/airflow/example_dags/tutorial_taskflow_api_virtualenv.py
[2026-06-13T12:15:41.994+0000] {logging_mixin.py:188} INFO - [2026-06-13T12:15:41.994+0000] {dag.py:3096} INFO - Sync 1 DAGs
[2026-06-13T12:15:42.010+0000] {logging_mixin.py:188} INFO - [2026-06-13T12:15:42.010+0000] {dag.py:3954} INFO - Setting next_dagrun for tutorial_taskflow_api_virtualenv to None, run_after=None
[2026-06-13T12:15:42.039+0000] {processor.py:183} INFO - Processing /home/airflow/.local/lib/python3.12/site-packages/airflow/example_dags/tutorial_taskflow_api_virtualenv.py took 0.100 seconds
[2026-06-13T12:16:12.191+0000] {processor.py:161} INFO - Started process (PID=3822) to work on /home/airflow/.local/lib/python3.12/site-packages/airflow/example_dags/tutorial_taskflow_api_virtualenv.py
[2026-06-13T12:16:12.193+0000] {processor.py:830} INFO - Processing file /home/airflow/.local/lib/python3.12/site-packages/airflow/example_dags/tutorial_taskflow_api_virtualenv.py for tasks to queue
[2026-06-13T12:16:12.195+0000] {logging_mixin.py:188} INFO - [2026-06-13T12:16:12.195+0000] {dagbag.py:545} INFO - Filling up the DagBag from /home/airflow/.local/lib/python3.12/site-packages/airflow/example_dags/tutorial_taskflow_api_virtualenv.py
[2026-06-13T12:16:12.207+0000] {processor.py:840} INFO - DAG(s) 'tutorial_taskflow_api_virtualenv' retrieved from /home/airflow/.local/lib/python3.12/site-packages/airflow/example_dags/tutorial_taskflow_api_virtualenv.py
[2026-06-13T12:16:12.232+0000] {logging_mixin.py:188} INFO - [2026-06-13T12:16:12.232+0000] {dag.py:3096} INFO - Sync 1 DAGs
[2026-06-13T12:16:12.248+0000] {logging_mixin.py:188} INFO - [2026-06-13T12:16:12.248+0000] {dag.py:3954} INFO - Setting next_dagrun for tutorial_taskflow_api_virtualenv to None, run_after=None
[2026-06-13T12:16:12.273+0000] {processor.py:183} INFO - Processing /home/airflow/.local/lib/python3.12/site-packages/airflow/example_dags/tutorial_taskflow_api_virtualenv.py took 0.092 seconds
[2026-06-13T12:16:42.470+0000] {processor.py:161} INFO - Started process (PID=3882) to work on /home/airflow/.local/lib/python3.12/site-packages/airflow/example_dags/tutorial_taskflow_api_virtualenv.py
[2026-06-13T12:16:42.472+0000] {processor.py:830} INFO - Processing file /home/airflow/.local/lib/python3.12/site-packages/airflow/example_dags/tutorial_taskflow_api_virtualenv.py for tasks to queue
[2026-06-13T12:16:42.476+0000] {logging_mixin.py:188} INFO - [2026-06-13T12:16:42.475+0000] {dagbag.py:545} INFO - Filling up the DagBag from /home/airflow/.local/lib/python3.12/site-packages/airflow/example_dags/tutorial_taskflow_api_virtualenv.py
[2026-06-13T12:16:42.487+0000] {processor.py:840} INFO - DAG(s) 'tutorial_taskflow_api_virtualenv' retrieved from /home/airflow/.local/lib/python3.12/site-packages/airflow/example_dags/tutorial_taskflow_api_virtualenv.py
[2026-06-13T12:16:42.513+0000] {logging_mixin.py:188} INFO - [2026-06-13T12:16:42.512+0000] {dag.py:3096} INFO - Sync 1 DAGs
[2026-06-13T12:16:42.527+0000] {logging_mixin.py:188} INFO - [2026-06-13T12:16:42.526+0000] {dag.py:3954} INFO - Setting next_dagrun for tutorial_taskflow_api_virtualenv to None, run_after=None
[2026-06-13T12:16:42.556+0000] {processor.py:183} INFO - Processing /home/airflow/.local/lib/python3.12/site-packages/airflow/example_dags/tutorial_taskflow_api_virtualenv.py took 0.096 seconds
[2026-06-13T12:17:12.888+0000] {processor.py:161} INFO - Started process (PID=3941) to work on /home/airflow/.local/lib/python3.12/site-packages/airflow/example_dags/tutorial_taskflow_api_virtualenv.py
[2026-06-13T12:17:12.889+0000] {processor.py:830} INFO - Processing file /home/airflow/.local/lib/python3.12/site-packages/airflow/example_dags/tutorial_taskflow_api_virtualenv.py for tasks to queue
[2026-06-13T12:17:12.893+0000] {logging_mixin.py:188} INFO - [2026-06-13T12:17:12.892+0000] {dagbag.py:545} INFO - Filling up the DagBag from /home/airflow/.local/lib/python3.12/site-packages/airflow/example_dags/tutorial_taskflow_api_virtualenv.py
[2026-06-13T12:17:12.914+0000] {processor.py:840} INFO - DAG(s) 'tutorial_taskflow_api_virtualenv' retrieved from /home/airflow/.local/lib/python3.12/site-packages/airflow/example_dags/tutorial_taskflow_api_virtualenv.py
[2026-06-13T12:17:12.945+0000] {logging_mixin.py:188} INFO - [2026-06-13T12:17:12.945+0000] {dag.py:3096} INFO - Sync 1 DAGs
[2026-06-13T12:17:12.961+0000] {logging_mixin.py:188} INFO - [2026-06-13T12:17:12.961+0000] {dag.py:3954} INFO - Setting next_dagrun for tutorial_taskflow_api_virtualenv to None, run_after=None
[2026-06-13T12:17:12.988+0000] {processor.py:183} INFO - Processing /home/airflow/.local/lib/python3.12/site-packages/airflow/example_dags/tutorial_taskflow_api_virtualenv.py took 0.114 seconds
[2026-06-13T12:17:43.818+0000] {processor.py:161} INFO - Started process (PID=4001) to work on /home/airflow/.local/lib/python3.12/site-packages/airflow/example_dags/tutorial_taskflow_api_virtualenv.py
[2026-06-13T12:17:43.820+0000] {processor.py:830} INFO - Processing file /home/airflow/.local/lib/python3.12/site-packages/airflow/example_dags/tutorial_taskflow_api_virtualenv.py for tasks to queue
[2026-06-13T12:17:43.823+0000] {logging_mixin.py:188} INFO - [2026-06-13T12:17:43.823+0000] {dagbag.py:545} INFO - Filling up the DagBag from /home/airflow/.local/lib/python3.12/site-packages/airflow/example_dags/tutorial_taskflow_api_virtualenv.py
[2026-06-13T12:17:43.835+0000] {processor.py:840} INFO - DAG(s) 'tutorial_taskflow_api_virtualenv' retrieved from /home/airflow/.local/lib/python3.12/site-packages/airflow/example_dags/tutorial_taskflow_api_virtualenv.py
[2026-06-13T12:17:43.862+0000] {logging_mixin.py:188} INFO - [2026-06-13T12:17:43.861+0000] {dag.py:3096} INFO - Sync 1 DAGs
[2026-06-13T12:17:43.876+0000] {logging_mixin.py:188} INFO - [2026-06-13T12:17:43.875+0000] {dag.py:3954} INFO - Setting next_dagrun for tutorial_taskflow_api_virtualenv to None, run_after=None
[2026-06-13T12:17:43.900+0000] {processor.py:183} INFO - Processing /home/airflow/.local/lib/python3.12/site-packages/airflow/example_dags/tutorial_taskflow_api_virtualenv.py took 0.091 seconds
[2026-06-13T12:18:14.187+0000] {processor.py:161} INFO - Started process (PID=4068) to work on /home/airflow/.local/lib/python3.12/site-packages/airflow/example_dags/tutorial_taskflow_api_virtualenv.py
[2026-06-13T12:18:14.189+0000] {processor.py:830} INFO - Processing file /home/airflow/.local/lib/python3.12/site-packages/airflow/example_dags/tutorial_taskflow_api_virtualenv.py for tasks to queue
[2026-06-13T12:18:14.192+0000] {logging_mixin.py:188} INFO - [2026-06-13T12:18:14.191+0000] {dagbag.py:545} INFO - Filling up the DagBag from /home/airflow/.local/lib/python3.12/site-packages/airflow/example_dags/tutorial_taskflow_api_virtualenv.py
[2026-06-13T12:18:14.203+0000] {processor.py:840} INFO - DAG(s) 'tutorial_taskflow_api_virtualenv' retrieved from /home/airflow/.local/lib/python3.12/site-packages/airflow/example_dags/tutorial_taskflow_api_virtualenv.py
[2026-06-13T12:18:14.228+0000] {logging_mixin.py:188} INFO - [2026-06-13T12:18:14.228+0000] {dag.py:3096} INFO - Sync 1 DAGs
[2026-06-13T12:18:14.241+0000] {logging_mixin.py:188} INFO - [2026-06-13T12:18:14.241+0000] {dag.py:3954} INFO - Setting next_dagrun for tutorial_taskflow_api_virtualenv to None, run_after=None
[2026-06-13T12:18:14.269+0000] {processor.py:183} INFO - Processing /home/airflow/.local/lib/python3.12/site-packages/airflow/example_dags/tutorial_taskflow_api_virtualenv.py took 0.092 seconds
[2026-06-13T12:19:01.316+0000] {processor.py:161} INFO - Started process (PID=88) to work on /home/airflow/.local/lib/python3.12/site-packages/airflow/example_dags/tutorial_taskflow_api_virtualenv.py
[2026-06-13T12:19:01.318+0000] {processor.py:830} INFO - Processing file /home/airflow/.local/lib/python3.12/site-packages/airflow/example_dags/tutorial_taskflow_api_virtualenv.py for tasks to queue
[2026-06-13T12:19:01.322+0000] {logging_mixin.py:188} INFO - [2026-06-13T12:19:01.321+0000] {dagbag.py:545} INFO - Filling up the DagBag from /home/airflow/.local/lib/python3.12/site-packages/airflow/example_dags/tutorial_taskflow_api_virtualenv.py
[2026-06-13T12:19:01.337+0000] {processor.py:840} INFO - DAG(s) 'tutorial_taskflow_api_virtualenv' retrieved from /home/airflow/.local/lib/python3.12/site-packages/airflow/example_dags/tutorial_taskflow_api_virtualenv.py
[2026-06-13T12:19:01.471+0000] {logging_mixin.py:188} INFO - [2026-06-13T12:19:01.470+0000] {dag.py:3096} INFO - Sync 1 DAGs
[2026-06-13T12:19:01.485+0000] {logging_mixin.py:188} INFO - [2026-06-13T12:19:01.485+0000] {dag.py:3954} INFO - Setting next_dagrun for tutorial_taskflow_api_virtualenv to None, run_after=None
[2026-06-13T12:19:01.516+0000] {processor.py:183} INFO - Processing /home/airflow/.local/lib/python3.12/site-packages/airflow/example_dags/tutorial_taskflow_api_virtualenv.py took 0.207 seconds
[2026-06-13T12:19:31.987+0000] {processor.py:161} INFO - Started process (PID=147) to work on /home/airflow/.local/lib/python3.12/site-packages/airflow/example_dags/tutorial_taskflow_api_virtualenv.py
[2026-06-13T12:19:31.989+0000] {processor.py:830} INFO - Processing file /home/airflow/.local/lib/python3.12/site-packages/airflow/example_dags/tutorial_taskflow_api_virtualenv.py for tasks to queue
[2026-06-13T12:19:31.992+0000] {logging_mixin.py:188} INFO - [2026-06-13T12:19:31.991+0000] {dagbag.py:545} INFO - Filling up the DagBag from /home/airflow/.local/lib/python3.12/site-packages/airflow/example_dags/tutorial_taskflow_api_virtualenv.py
[2026-06-13T12:19:32.003+0000] {processor.py:840} INFO - DAG(s) 'tutorial_taskflow_api_virtualenv' retrieved from /home/airflow/.local/lib/python3.12/site-packages/airflow/example_dags/tutorial_taskflow_api_virtualenv.py
[2026-06-13T12:19:32.028+0000] {logging_mixin.py:188} INFO - [2026-06-13T12:19:32.027+0000] {dag.py:3096} INFO - Sync 1 DAGs
[2026-06-13T12:19:32.042+0000] {logging_mixin.py:188} INFO - [2026-06-13T12:19:32.042+0000] {dag.py:3954} INFO - Setting next_dagrun for tutorial_taskflow_api_virtualenv to None, run_after=None
[2026-06-13T12:19:32.073+0000] {processor.py:183} INFO - Processing /home/airflow/.local/lib/python3.12/site-packages/airflow/example_dags/tutorial_taskflow_api_virtualenv.py took 0.092 seconds
[2026-06-13T12:20:03.222+0000] {processor.py:161} INFO - Started process (PID=213) to work on /home/airflow/.local/lib/python3.12/site-packages/airflow/example_dags/tutorial_taskflow_api_virtualenv.py
[2026-06-13T12:20:03.224+0000] {processor.py:830} INFO - Processing file /home/airflow/.local/lib/python3.12/site-packages/airflow/example_dags/tutorial_taskflow_api_virtualenv.py for tasks to queue
[2026-06-13T12:20:03.227+0000] {logging_mixin.py:188} INFO - [2026-06-13T12:20:03.226+0000] {dagbag.py:545} INFO - Filling up the DagBag from /home/airflow/.local/lib/python3.12/site-packages/airflow/example_dags/tutorial_taskflow_api_virtualenv.py
[2026-06-13T12:20:03.240+0000] {processor.py:840} INFO - DAG(s) 'tutorial_taskflow_api_virtualenv' retrieved from /home/airflow/.local/lib/python3.12/site-packages/airflow/example_dags/tutorial_taskflow_api_virtualenv.py
[2026-06-13T12:20:03.264+0000] {logging_mixin.py:188} INFO - [2026-06-13T12:20:03.264+0000] {dag.py:3096} INFO - Sync 1 DAGs
[2026-06-13T12:20:03.279+0000] {logging_mixin.py:188} INFO - [2026-06-13T12:20:03.279+0000] {dag.py:3954} INFO - Setting next_dagrun for tutorial_taskflow_api_virtualenv to None, run_after=None
[2026-06-13T12:20:03.307+0000] {processor.py:183} INFO - Processing /home/airflow/.local/lib/python3.12/site-packages/airflow/example_dags/tutorial_taskflow_api_virtualenv.py took 0.092 seconds
[2026-06-13T12:20:33.493+0000] {processor.py:161} INFO - Started process (PID=272) to work on /home/airflow/.local/lib/python3.12/site-packages/airflow/example_dags/tutorial_taskflow_api_virtualenv.py
[2026-06-13T12:20:33.494+0000] {processor.py:830} INFO - Processing file /home/airflow/.local/lib/python3.12/site-packages/airflow/example_dags/tutorial_taskflow_api_virtualenv.py for tasks to queue
[2026-06-13T12:20:33.497+0000] {logging_mixin.py:188} INFO - [2026-06-13T12:20:33.497+0000] {dagbag.py:545} INFO - Filling up the DagBag from /home/airflow/.local/lib/python3.12/site-packages/airflow/example_dags/tutorial_taskflow_api_virtualenv.py
[2026-06-13T12:20:33.509+0000] {processor.py:840} INFO - DAG(s) 'tutorial_taskflow_api_virtualenv' retrieved from /home/airflow/.local/lib/python3.12/site-packages/airflow/example_dags/tutorial_taskflow_api_virtualenv.py
[2026-06-13T12:20:33.535+0000] {logging_mixin.py:188} INFO - [2026-06-13T12:20:33.535+0000] {dag.py:3096} INFO - Sync 1 DAGs
[2026-06-13T12:20:33.550+0000] {logging_mixin.py:188} INFO - [2026-06-13T12:20:33.549+0000] {dag.py:3954} INFO - Setting next_dagrun for tutorial_taskflow_api_virtualenv to None, run_after=None
[2026-06-13T12:20:33.579+0000] {processor.py:183} INFO - Processing /home/airflow/.local/lib/python3.12/site-packages/airflow/example_dags/tutorial_taskflow_api_virtualenv.py took 0.092 seconds
[2026-06-13T12:21:03.976+0000] {processor.py:161} INFO - Started process (PID=330) to work on /home/airflow/.local/lib/python3.12/site-packages/airflow/example_dags/tutorial_taskflow_api_virtualenv.py
[2026-06-13T12:21:03.978+0000] {processor.py:830} INFO - Processing file /home/airflow/.local/lib/python3.12/site-packages/airflow/example_dags/tutorial_taskflow_api_virtualenv.py for tasks to queue
[2026-06-13T12:21:03.981+0000] {logging_mixin.py:188} INFO - [2026-06-13T12:21:03.980+0000] {dagbag.py:545} INFO - Filling up the DagBag from /home/airflow/.local/lib/python3.12/site-packages/airflow/example_dags/tutorial_taskflow_api_virtualenv.py
[2026-06-13T12:21:03.995+0000] {processor.py:840} INFO - DAG(s) 'tutorial_taskflow_api_virtualenv' retrieved from /home/airflow/.local/lib/python3.12/site-packages/airflow/example_dags/tutorial_taskflow_api_virtualenv.py
[2026-06-13T12:21:04.023+0000] {logging_mixin.py:188} INFO - [2026-06-13T12:21:04.022+0000] {dag.py:3096} INFO - Sync 1 DAGs
[2026-06-13T12:21:04.038+0000] {logging_mixin.py:188} INFO - [2026-06-13T12:21:04.038+0000] {dag.py:3954} INFO - Setting next_dagrun for tutorial_taskflow_api_virtualenv to None, run_after=None
[2026-06-13T12:21:04.072+0000] {processor.py:183} INFO - Processing /home/airflow/.local/lib/python3.12/site-packages/airflow/example_dags/tutorial_taskflow_api_virtualenv.py took 0.102 seconds
[2026-06-13T12:21:34.187+0000] {processor.py:161} INFO - Started process (PID=390) to work on /home/airflow/.local/lib/python3.12/site-packages/airflow/example_dags/tutorial_taskflow_api_virtualenv.py
[2026-06-13T12:21:34.188+0000] {processor.py:830} INFO - Processing file /home/airflow/.local/lib/python3.12/site-packages/airflow/example_dags/tutorial_taskflow_api_virtualenv.py for tasks to queue
[2026-06-13T12:21:34.191+0000] {logging_mixin.py:188} INFO - [2026-06-13T12:21:34.191+0000] {dagbag.py:545} INFO - Filling up the DagBag from /home/airflow/.local/lib/python3.12/site-packages/airflow/example_dags/tutorial_taskflow_api_virtualenv.py
[2026-06-13T12:21:34.205+0000] {processor.py:840} INFO - DAG(s) 'tutorial_taskflow_api_virtualenv' retrieved from /home/airflow/.local/lib/python3.12/site-packages/airflow/example_dags/tutorial_taskflow_api_virtualenv.py
[2026-06-13T12:21:34.234+0000] {logging_mixin.py:188} INFO - [2026-06-13T12:21:34.233+0000] {dag.py:3096} INFO - Sync 1 DAGs
[2026-06-13T12:21:34.251+0000] {logging_mixin.py:188} INFO - [2026-06-13T12:21:34.251+0000] {dag.py:3954} INFO - Setting next_dagrun for tutorial_taskflow_api_virtualenv to None, run_after=None
[2026-06-13T12:21:34.278+0000] {processor.py:183} INFO - Processing /home/airflow/.local/lib/python3.12/site-packages/airflow/example_dags/tutorial_taskflow_api_virtualenv.py took 0.099 seconds
[2026-06-13T12:22:04.517+0000] {processor.py:161} INFO - Started process (PID=450) to work on /home/airflow/.local/lib/python3.12/site-packages/airflow/example_dags/tutorial_taskflow_api_virtualenv.py
[2026-06-13T12:22:04.518+0000] {processor.py:830} INFO - Processing file /home/airflow/.local/lib/python3.12/site-packages/airflow/example_dags/tutorial_taskflow_api_virtualenv.py for tasks to queue
[2026-06-13T12:22:04.521+0000] {logging_mixin.py:188} INFO - [2026-06-13T12:22:04.520+0000] {dagbag.py:545} INFO - Filling up the DagBag from /home/airflow/.local/lib/python3.12/site-packages/airflow/example_dags/tutorial_taskflow_api_virtualenv.py
[2026-06-13T12:22:04.532+0000] {processor.py:840} INFO - DAG(s) 'tutorial_taskflow_api_virtualenv' retrieved from /home/airflow/.local/lib/python3.12/site-packages/airflow/example_dags/tutorial_taskflow_api_virtualenv.py
[2026-06-13T12:22:04.560+0000] {logging_mixin.py:188} INFO - [2026-06-13T12:22:04.560+0000] {dag.py:3096} INFO - Sync 1 DAGs
[2026-06-13T12:22:04.575+0000] {logging_mixin.py:188} INFO - [2026-06-13T12:22:04.575+0000] {dag.py:3954} INFO - Setting next_dagrun for tutorial_taskflow_api_virtualenv to None, run_after=None
[2026-06-13T12:22:04.602+0000] {processor.py:183} INFO - Processing /home/airflow/.local/lib/python3.12/site-packages/airflow/example_dags/tutorial_taskflow_api_virtualenv.py took 0.091 seconds
[2026-06-13T12:22:34.943+0000] {processor.py:161} INFO - Started process (PID=509) to work on /home/airflow/.local/lib/python3.12/site-packages/airflow/example_dags/tutorial_taskflow_api_virtualenv.py
[2026-06-13T12:22:34.944+0000] {processor.py:830} INFO - Processing file /home/airflow/.local/lib/python3.12/site-packages/airflow/example_dags/tutorial_taskflow_api_virtualenv.py for tasks to queue
[2026-06-13T12:22:34.947+0000] {logging_mixin.py:188} INFO - [2026-06-13T12:22:34.947+0000] {dagbag.py:545} INFO - Filling up the DagBag from /home/airflow/.local/lib/python3.12/site-packages/airflow/example_dags/tutorial_taskflow_api_virtualenv.py
[2026-06-13T12:22:34.959+0000] {processor.py:840} INFO - DAG(s) 'tutorial_taskflow_api_virtualenv' retrieved from /home/airflow/.local/lib/python3.12/site-packages/airflow/example_dags/tutorial_taskflow_api_virtualenv.py
[2026-06-13T12:22:34.986+0000] {logging_mixin.py:188} INFO - [2026-06-13T12:22:34.985+0000] {dag.py:3096} INFO - Sync 1 DAGs
[2026-06-13T12:22:35.002+0000] {logging_mixin.py:188} INFO - [2026-06-13T12:22:35.002+0000] {dag.py:3954} INFO - Setting next_dagrun for tutorial_taskflow_api_virtualenv to None, run_after=None
[2026-06-13T12:22:35.029+0000] {processor.py:183} INFO - Processing /home/airflow/.local/lib/python3.12/site-packages/airflow/example_dags/tutorial_taskflow_api_virtualenv.py took 0.092 seconds
[2026-06-13T12:23:05.143+0000] {processor.py:161} INFO - Started process (PID=568) to work on /home/airflow/.local/lib/python3.12/site-packages/airflow/example_dags/tutorial_taskflow_api_virtualenv.py
[2026-06-13T12:23:05.144+0000] {processor.py:830} INFO - Processing file /home/airflow/.local/lib/python3.12/site-packages/airflow/example_dags/tutorial_taskflow_api_virtualenv.py for tasks to queue
[2026-06-13T12:23:05.147+0000] {logging_mixin.py:188} INFO - [2026-06-13T12:23:05.146+0000] {dagbag.py:545} INFO - Filling up the DagBag from /home/airflow/.local/lib/python3.12/site-packages/airflow/example_dags/tutorial_taskflow_api_virtualenv.py
[2026-06-13T12:23:05.158+0000] {processor.py:840} INFO - DAG(s) 'tutorial_taskflow_api_virtualenv' retrieved from /home/airflow/.local/lib/python3.12/site-packages/airflow/example_dags/tutorial_taskflow_api_virtualenv.py
[2026-06-13T12:23:05.184+0000] {logging_mixin.py:188} INFO - [2026-06-13T12:23:05.184+0000] {dag.py:3096} INFO - Sync 1 DAGs
[2026-06-13T12:23:05.200+0000] {logging_mixin.py:188} INFO - [2026-06-13T12:23:05.200+0000] {dag.py:3954} INFO - Setting next_dagrun for tutorial_taskflow_api_virtualenv to None, run_after=None
[2026-06-13T12:23:05.228+0000] {processor.py:183} INFO - Processing /home/airflow/.local/lib/python3.12/site-packages/airflow/example_dags/tutorial_taskflow_api_virtualenv.py took 0.092 seconds
[2026-06-13T12:26:04.772+0000] {processor.py:161} INFO - Started process (PID=621) to work on /home/airflow/.local/lib/python3.12/site-packages/airflow/example_dags/tutorial_taskflow_api_virtualenv.py
[2026-06-13T12:26:04.773+0000] {processor.py:830} INFO - Processing file /home/airflow/.local/lib/python3.12/site-packages/airflow/example_dags/tutorial_taskflow_api_virtualenv.py for tasks to queue
[2026-06-13T12:26:04.776+0000] {logging_mixin.py:188} INFO - [2026-06-13T12:26:04.775+0000] {dagbag.py:545} INFO - Filling up the DagBag from /home/airflow/.local/lib/python3.12/site-packages/airflow/example_dags/tutorial_taskflow_api_virtualenv.py
[2026-06-13T12:26:04.790+0000] {processor.py:840} INFO - DAG(s) 'tutorial_taskflow_api_virtualenv' retrieved from /home/airflow/.local/lib/python3.12/site-packages/airflow/example_dags/tutorial_taskflow_api_virtualenv.py
[2026-06-13T12:26:04.818+0000] {logging_mixin.py:188} INFO - [2026-06-13T12:26:04.818+0000] {dag.py:3096} INFO - Sync 1 DAGs
[2026-06-13T12:26:04.833+0000] {logging_mixin.py:188} INFO - [2026-06-13T12:26:04.832+0000] {dag.py:3954} INFO - Setting next_dagrun for tutorial_taskflow_api_virtualenv to None, run_after=None
[2026-06-13T12:26:04.861+0000] {processor.py:183} INFO - Processing /home/airflow/.local/lib/python3.12/site-packages/airflow/example_dags/tutorial_taskflow_api_virtualenv.py took 0.096 seconds
[2026-06-13T12:26:36.272+0000] {processor.py:161} INFO - Started process (PID=680) to work on /home/airflow/.local/lib/python3.12/site-packages/airflow/example_dags/tutorial_taskflow_api_virtualenv.py
[2026-06-13T12:26:36.274+0000] {processor.py:830} INFO - Processing file /home/airflow/.local/lib/python3.12/site-packages/airflow/example_dags/tutorial_taskflow_api_virtualenv.py for tasks to queue
[2026-06-13T12:26:36.277+0000] {logging_mixin.py:188} INFO - [2026-06-13T12:26:36.276+0000] {dagbag.py:545} INFO - Filling up the DagBag from /home/airflow/.local/lib/python3.12/site-packages/airflow/example_dags/tutorial_taskflow_api_virtualenv.py
[2026-06-13T12:26:36.289+0000] {processor.py:840} INFO - DAG(s) 'tutorial_taskflow_api_virtualenv' retrieved from /home/airflow/.local/lib/python3.12/site-packages/airflow/example_dags/tutorial_taskflow_api_virtualenv.py
[2026-06-13T12:26:36.318+0000] {logging_mixin.py:188} INFO - [2026-06-13T12:26:36.318+0000] {dag.py:3096} INFO - Sync 1 DAGs
[2026-06-13T12:26:36.333+0000] {logging_mixin.py:188} INFO - [2026-06-13T12:26:36.332+0000] {dag.py:3954} INFO - Setting next_dagrun for tutorial_taskflow_api_virtualenv to None, run_after=None
[2026-06-13T12:26:36.360+0000] {processor.py:183} INFO - Processing /home/airflow/.local/lib/python3.12/site-packages/airflow/example_dags/tutorial_taskflow_api_virtualenv.py took 0.094 seconds
[2026-06-13T12:27:06.751+0000] {processor.py:161} INFO - Started process (PID=740) to work on /home/airflow/.local/lib/python3.12/site-packages/airflow/example_dags/tutorial_taskflow_api_virtualenv.py
[2026-06-13T12:27:06.753+0000] {processor.py:830} INFO - Processing file /home/airflow/.local/lib/python3.12/site-packages/airflow/example_dags/tutorial_taskflow_api_virtualenv.py for tasks to queue
[2026-06-13T12:27:06.756+0000] {logging_mixin.py:188} INFO - [2026-06-13T12:27:06.755+0000] {dagbag.py:545} INFO - Filling up the DagBag from /home/airflow/.local/lib/python3.12/site-packages/airflow/example_dags/tutorial_taskflow_api_virtualenv.py
[2026-06-13T12:27:06.768+0000] {processor.py:840} INFO - DAG(s) 'tutorial_taskflow_api_virtualenv' retrieved from /home/airflow/.local/lib/python3.12/site-packages/airflow/example_dags/tutorial_taskflow_api_virtualenv.py
[2026-06-13T12:27:06.797+0000] {logging_mixin.py:188} INFO - [2026-06-13T12:27:06.797+0000] {dag.py:3096} INFO - Sync 1 DAGs
[2026-06-13T12:27:06.812+0000] {logging_mixin.py:188} INFO - [2026-06-13T12:27:06.812+0000] {dag.py:3954} INFO - Setting next_dagrun for tutorial_taskflow_api_virtualenv to None, run_after=None
[2026-06-13T12:27:06.844+0000] {processor.py:183} INFO - Processing /home/airflow/.local/lib/python3.12/site-packages/airflow/example_dags/tutorial_taskflow_api_virtualenv.py took 0.099 seconds
[2026-06-13T12:27:37.154+0000] {processor.py:161} INFO - Started process (PID=799) to work on /home/airflow/.local/lib/python3.12/site-packages/airflow/example_dags/tutorial_taskflow_api_virtualenv.py
[2026-06-13T12:27:37.156+0000] {processor.py:830} INFO - Processing file /home/airflow/.local/lib/python3.12/site-packages/airflow/example_dags/tutorial_taskflow_api_virtualenv.py for tasks to queue
[2026-06-13T12:27:37.158+0000] {logging_mixin.py:188} INFO - [2026-06-13T12:27:37.158+0000] {dagbag.py:545} INFO - Filling up the DagBag from /home/airflow/.local/lib/python3.12/site-packages/airflow/example_dags/tutorial_taskflow_api_virtualenv.py
[2026-06-13T12:27:37.170+0000] {processor.py:840} INFO - DAG(s) 'tutorial_taskflow_api_virtualenv' retrieved from /home/airflow/.local/lib/python3.12/site-packages/airflow/example_dags/tutorial_taskflow_api_virtualenv.py
[2026-06-13T12:27:37.197+0000] {logging_mixin.py:188} INFO - [2026-06-13T12:27:37.197+0000] {dag.py:3096} INFO - Sync 1 DAGs
[2026-06-13T12:27:37.212+0000] {logging_mixin.py:188} INFO - [2026-06-13T12:27:37.212+0000] {dag.py:3954} INFO - Setting next_dagrun for tutorial_taskflow_api_virtualenv to None, run_after=None
[2026-06-13T12:27:37.241+0000] {processor.py:183} INFO - Processing /home/airflow/.local/lib/python3.12/site-packages/airflow/example_dags/tutorial_taskflow_api_virtualenv.py took 0.093 seconds
[2026-06-13T12:28:07.563+0000] {processor.py:161} INFO - Started process (PID=858) to work on /home/airflow/.local/lib/python3.12/site-packages/airflow/example_dags/tutorial_taskflow_api_virtualenv.py
[2026-06-13T12:28:07.565+0000] {processor.py:830} INFO - Processing file /home/airflow/.local/lib/python3.12/site-packages/airflow/example_dags/tutorial_taskflow_api_virtualenv.py for tasks to queue
[2026-06-13T12:28:07.568+0000] {logging_mixin.py:188} INFO - [2026-06-13T12:28:07.567+0000] {dagbag.py:545} INFO - Filling up the DagBag from /home/airflow/.local/lib/python3.12/site-packages/airflow/example_dags/tutorial_taskflow_api_virtualenv.py
[2026-06-13T12:28:07.579+0000] {processor.py:840} INFO - DAG(s) 'tutorial_taskflow_api_virtualenv' retrieved from /home/airflow/.local/lib/python3.12/site-packages/airflow/example_dags/tutorial_taskflow_api_virtualenv.py
[2026-06-13T12:28:07.604+0000] {logging_mixin.py:188} INFO - [2026-06-13T12:28:07.604+0000] {dag.py:3096} INFO - Sync 1 DAGs
[2026-06-13T12:28:07.618+0000] {logging_mixin.py:188} INFO - [2026-06-13T12:28:07.618+0000] {dag.py:3954} INFO - Setting next_dagrun for tutorial_taskflow_api_virtualenv to None, run_after=None
[2026-06-13T12:28:07.645+0000] {processor.py:183} INFO - Processing /home/airflow/.local/lib/python3.12/site-packages/airflow/example_dags/tutorial_taskflow_api_virtualenv.py took 0.088 seconds
[2026-06-13T12:28:37.957+0000] {processor.py:161} INFO - Started process (PID=917) to work on /home/airflow/.local/lib/python3.12/site-packages/airflow/example_dags/tutorial_taskflow_api_virtualenv.py
[2026-06-13T12:28:37.959+0000] {processor.py:830} INFO - Processing file /home/airflow/.local/lib/python3.12/site-packages/airflow/example_dags/tutorial_taskflow_api_virtualenv.py for tasks to queue
[2026-06-13T12:28:37.962+0000] {logging_mixin.py:188} INFO - [2026-06-13T12:28:37.962+0000] {dagbag.py:545} INFO - Filling up the DagBag from /home/airflow/.local/lib/python3.12/site-packages/airflow/example_dags/tutorial_taskflow_api_virtualenv.py
[2026-06-13T12:28:37.976+0000] {processor.py:840} INFO - DAG(s) 'tutorial_taskflow_api_virtualenv' retrieved from /home/airflow/.local/lib/python3.12/site-packages/airflow/example_dags/tutorial_taskflow_api_virtualenv.py
[2026-06-13T12:28:38.006+0000] {logging_mixin.py:188} INFO - [2026-06-13T12:28:38.006+0000] {dag.py:3096} INFO - Sync 1 DAGs
[2026-06-13T12:28:38.022+0000] {logging_mixin.py:188} INFO - [2026-06-13T12:28:38.021+0000] {dag.py:3954} INFO - Setting next_dagrun for tutorial_taskflow_api_virtualenv to None, run_after=None
[2026-06-13T12:28:38.050+0000] {processor.py:183} INFO - Processing /home/airflow/.local/lib/python3.12/site-packages/airflow/example_dags/tutorial_taskflow_api_virtualenv.py took 0.100 seconds
[2026-06-13T12:29:08.408+0000] {processor.py:161} INFO - Started process (PID=977) to work on /home/airflow/.local/lib/python3.12/site-packages/airflow/example_dags/tutorial_taskflow_api_virtualenv.py
[2026-06-13T12:29:08.410+0000] {processor.py:830} INFO - Processing file /home/airflow/.local/lib/python3.12/site-packages/airflow/example_dags/tutorial_taskflow_api_virtualenv.py for tasks to queue
[2026-06-13T12:29:08.414+0000] {logging_mixin.py:188} INFO - [2026-06-13T12:29:08.413+0000] {dagbag.py:545} INFO - Filling up the DagBag from /home/airflow/.local/lib/python3.12/site-packages/airflow/example_dags/tutorial_taskflow_api_virtualenv.py
[2026-06-13T12:29:08.428+0000] {processor.py:840} INFO - DAG(s) 'tutorial_taskflow_api_virtualenv' retrieved from /home/airflow/.local/lib/python3.12/site-packages/airflow/example_dags/tutorial_taskflow_api_virtualenv.py
[2026-06-13T12:29:08.455+0000] {logging_mixin.py:188} INFO - [2026-06-13T12:29:08.455+0000] {dag.py:3096} INFO - Sync 1 DAGs
[2026-06-13T12:29:08.471+0000] {logging_mixin.py:188} INFO - [2026-06-13T12:29:08.471+0000] {dag.py:3954} INFO - Setting next_dagrun for tutorial_taskflow_api_virtualenv to None, run_after=None
[2026-06-13T12:29:08.499+0000] {processor.py:183} INFO - Processing /home/airflow/.local/lib/python3.12/site-packages/airflow/example_dags/tutorial_taskflow_api_virtualenv.py took 0.098 seconds
[2026-06-13T12:29:38.825+0000] {processor.py:161} INFO - Started process (PID=1043) to work on /home/airflow/.local/lib/python3.12/site-packages/airflow/example_dags/tutorial_taskflow_api_virtualenv.py
[2026-06-13T12:29:38.827+0000] {processor.py:830} INFO - Processing file /home/airflow/.local/lib/python3.12/site-packages/airflow/example_dags/tutorial_taskflow_api_virtualenv.py for tasks to queue
[2026-06-13T12:29:38.830+0000] {logging_mixin.py:188} INFO - [2026-06-13T12:29:38.830+0000] {dagbag.py:545} INFO - Filling up the DagBag from /home/airflow/.local/lib/python3.12/site-packages/airflow/example_dags/tutorial_taskflow_api_virtualenv.py
[2026-06-13T12:29:38.842+0000] {processor.py:840} INFO - DAG(s) 'tutorial_taskflow_api_virtualenv' retrieved from /home/airflow/.local/lib/python3.12/site-packages/airflow/example_dags/tutorial_taskflow_api_virtualenv.py
[2026-06-13T12:29:38.870+0000] {logging_mixin.py:188} INFO - [2026-06-13T12:29:38.870+0000] {dag.py:3096} INFO - Sync 1 DAGs
[2026-06-13T12:29:38.886+0000] {logging_mixin.py:188} INFO - [2026-06-13T12:29:38.886+0000] {dag.py:3954} INFO - Setting next_dagrun for tutorial_taskflow_api_virtualenv to None, run_after=None
[2026-06-13T12:29:38.915+0000] {processor.py:183} INFO - Processing /home/airflow/.local/lib/python3.12/site-packages/airflow/example_dags/tutorial_taskflow_api_virtualenv.py took 0.095 seconds
[2026-06-13T12:30:10.065+0000] {processor.py:161} INFO - Started process (PID=1102) to work on /home/airflow/.local/lib/python3.12/site-packages/airflow/example_dags/tutorial_taskflow_api_virtualenv.py
[2026-06-13T12:30:10.067+0000] {processor.py:830} INFO - Processing file /home/airflow/.local/lib/python3.12/site-packages/airflow/example_dags/tutorial_taskflow_api_virtualenv.py for tasks to queue
[2026-06-13T12:30:10.069+0000] {logging_mixin.py:188} INFO - [2026-06-13T12:30:10.069+0000] {dagbag.py:545} INFO - Filling up the DagBag from /home/airflow/.local/lib/python3.12/site-packages/airflow/example_dags/tutorial_taskflow_api_virtualenv.py
[2026-06-13T12:30:10.082+0000] {processor.py:840} INFO - DAG(s) 'tutorial_taskflow_api_virtualenv' retrieved from /home/airflow/.local/lib/python3.12/site-packages/airflow/example_dags/tutorial_taskflow_api_virtualenv.py
[2026-06-13T12:30:10.108+0000] {logging_mixin.py:188} INFO - [2026-06-13T12:30:10.108+0000] {dag.py:3096} INFO - Sync 1 DAGs
[2026-06-13T12:30:10.124+0000] {logging_mixin.py:188} INFO - [2026-06-13T12:30:10.123+0000] {dag.py:3954} INFO - Setting next_dagrun for tutorial_taskflow_api_virtualenv to None, run_after=None
[2026-06-13T12:30:10.153+0000] {processor.py:183} INFO - Processing /home/airflow/.local/lib/python3.12/site-packages/airflow/example_dags/tutorial_taskflow_api_virtualenv.py took 0.094 seconds
[2026-06-13T12:30:41.058+0000] {processor.py:161} INFO - Started process (PID=1161) to work on /home/airflow/.local/lib/python3.12/site-packages/airflow/example_dags/tutorial_taskflow_api_virtualenv.py
[2026-06-13T12:30:41.059+0000] {processor.py:830} INFO - Processing file /home/airflow/.local/lib/python3.12/site-packages/airflow/example_dags/tutorial_taskflow_api_virtualenv.py for tasks to queue
[2026-06-13T12:30:41.063+0000] {logging_mixin.py:188} INFO - [2026-06-13T12:30:41.062+0000] {dagbag.py:545} INFO - Filling up the DagBag from /home/airflow/.local/lib/python3.12/site-packages/airflow/example_dags/tutorial_taskflow_api_virtualenv.py
[2026-06-13T12:30:41.075+0000] {processor.py:840} INFO - DAG(s) 'tutorial_taskflow_api_virtualenv' retrieved from /home/airflow/.local/lib/python3.12/site-packages/airflow/example_dags/tutorial_taskflow_api_virtualenv.py
[2026-06-13T12:30:41.100+0000] {logging_mixin.py:188} INFO - [2026-06-13T12:30:41.099+0000] {dag.py:3096} INFO - Sync 1 DAGs
[2026-06-13T12:30:41.115+0000] {logging_mixin.py:188} INFO - [2026-06-13T12:30:41.114+0000] {dag.py:3954} INFO - Setting next_dagrun for tutorial_taskflow_api_virtualenv to None, run_after=None
[2026-06-13T12:30:41.142+0000] {processor.py:183} INFO - Processing /home/airflow/.local/lib/python3.12/site-packages/airflow/example_dags/tutorial_taskflow_api_virtualenv.py took 0.091 seconds
[2026-06-13T12:31:11.335+0000] {processor.py:161} INFO - Started process (PID=1220) to work on /home/airflow/.local/lib/python3.12/site-packages/airflow/example_dags/tutorial_taskflow_api_virtualenv.py
[2026-06-13T12:31:11.336+0000] {processor.py:830} INFO - Processing file /home/airflow/.local/lib/python3.12/site-packages/airflow/example_dags/tutorial_taskflow_api_virtualenv.py for tasks to queue
[2026-06-13T12:31:11.339+0000] {logging_mixin.py:188} INFO - [2026-06-13T12:31:11.338+0000] {dagbag.py:545} INFO - Filling up the DagBag from /home/airflow/.local/lib/python3.12/site-packages/airflow/example_dags/tutorial_taskflow_api_virtualenv.py
[2026-06-13T12:31:11.350+0000] {processor.py:840} INFO - DAG(s) 'tutorial_taskflow_api_virtualenv' retrieved from /home/airflow/.local/lib/python3.12/site-packages/airflow/example_dags/tutorial_taskflow_api_virtualenv.py
[2026-06-13T12:31:11.377+0000] {logging_mixin.py:188} INFO - [2026-06-13T12:31:11.377+0000] {dag.py:3096} INFO - Sync 1 DAGs
[2026-06-13T12:31:11.394+0000] {logging_mixin.py:188} INFO - [2026-06-13T12:31:11.394+0000] {dag.py:3954} INFO - Setting next_dagrun for tutorial_taskflow_api_virtualenv to None, run_after=None
[2026-06-13T12:31:11.420+0000] {processor.py:183} INFO - Processing /home/airflow/.local/lib/python3.12/site-packages/airflow/example_dags/tutorial_taskflow_api_virtualenv.py took 0.092 seconds
[2026-06-13T16:08:02.739+0000] {processor.py:161} INFO - Started process (PID=1283) to work on /home/airflow/.local/lib/python3.12/site-packages/airflow/example_dags/tutorial_taskflow_api_virtualenv.py
[2026-06-13T16:08:02.740+0000] {processor.py:830} INFO - Processing file /home/airflow/.local/lib/python3.12/site-packages/airflow/example_dags/tutorial_taskflow_api_virtualenv.py for tasks to queue
[2026-06-13T16:08:02.744+0000] {logging_mixin.py:188} INFO - [2026-06-13T16:08:02.743+0000] {dagbag.py:545} INFO - Filling up the DagBag from /home/airflow/.local/lib/python3.12/site-packages/airflow/example_dags/tutorial_taskflow_api_virtualenv.py
[2026-06-13T16:08:02.756+0000] {processor.py:840} INFO - DAG(s) 'tutorial_taskflow_api_virtualenv' retrieved from /home/airflow/.local/lib/python3.12/site-packages/airflow/example_dags/tutorial_taskflow_api_virtualenv.py
[2026-06-13T16:08:02.782+0000] {logging_mixin.py:188} INFO - [2026-06-13T16:08:02.782+0000] {dag.py:3096} INFO - Sync 1 DAGs
[2026-06-13T16:08:02.798+0000] {logging_mixin.py:188} INFO - [2026-06-13T16:08:02.798+0000] {dag.py:3954} INFO - Setting next_dagrun for tutorial_taskflow_api_virtualenv to None, run_after=None
[2026-06-13T16:08:24.454+0000] {processor.py:183} INFO - Processing /home/airflow/.local/lib/python3.12/site-packages/airflow/example_dags/tutorial_taskflow_api_virtualenv.py took 0.091 seconds
