[2026-06-13T10:42:20.324+0000] {processor.py:161} INFO - Started process (PID=93) to work on /home/airflow/.local/lib/python3.12/site-packages/airflow/example_dags/tutorial_taskflow_api.py
[2026-06-13T10:42:20.326+0000] {processor.py:830} INFO - Processing file /home/airflow/.local/lib/python3.12/site-packages/airflow/example_dags/tutorial_taskflow_api.py for tasks to queue
[2026-06-13T10:42:20.330+0000] {logging_mixin.py:188} INFO - [2026-06-13T10:42:20.329+0000] {dagbag.py:545} INFO - Filling up the DagBag from /home/airflow/.local/lib/python3.12/site-packages/airflow/example_dags/tutorial_taskflow_api.py
[2026-06-13T10:42:20.344+0000] {processor.py:840} INFO - DAG(s) 'tutorial_taskflow_api' retrieved from /home/airflow/.local/lib/python3.12/site-packages/airflow/example_dags/tutorial_taskflow_api.py
[2026-06-13T10:42:20.520+0000] {logging_mixin.py:188} INFO - [2026-06-13T10:42:20.519+0000] {dag.py:3096} INFO - Sync 1 DAGs
[2026-06-13T10:42:20.535+0000] {logging_mixin.py:188} INFO - [2026-06-13T10:42:20.534+0000] {dag.py:3954} INFO - Setting next_dagrun for tutorial_taskflow_api to None, run_after=None
[2026-06-13T10:42:20.572+0000] {processor.py:183} INFO - Processing /home/airflow/.local/lib/python3.12/site-packages/airflow/example_dags/tutorial_taskflow_api.py took 0.256 seconds
[2026-06-13T10:42:51.493+0000] {processor.py:161} INFO - Started process (PID=151) to work on /home/airflow/.local/lib/python3.12/site-packages/airflow/example_dags/tutorial_taskflow_api.py
[2026-06-13T10:42:51.495+0000] {processor.py:830} INFO - Processing file /home/airflow/.local/lib/python3.12/site-packages/airflow/example_dags/tutorial_taskflow_api.py for tasks to queue
[2026-06-13T10:42:51.498+0000] {logging_mixin.py:188} INFO - [2026-06-13T10:42:51.497+0000] {dagbag.py:545} INFO - Filling up the DagBag from /home/airflow/.local/lib/python3.12/site-packages/airflow/example_dags/tutorial_taskflow_api.py
[2026-06-13T10:42:51.505+0000] {processor.py:840} INFO - DAG(s) 'tutorial_taskflow_api' retrieved from /home/airflow/.local/lib/python3.12/site-packages/airflow/example_dags/tutorial_taskflow_api.py
[2026-06-13T10:42:51.530+0000] {logging_mixin.py:188} INFO - [2026-06-13T10:42:51.529+0000] {dag.py:3096} INFO - Sync 1 DAGs
[2026-06-13T10:42:51.544+0000] {logging_mixin.py:188} INFO - [2026-06-13T10:42:51.544+0000] {dag.py:3954} INFO - Setting next_dagrun for tutorial_taskflow_api to None, run_after=None
[2026-06-13T10:42:51.572+0000] {processor.py:183} INFO - Processing /home/airflow/.local/lib/python3.12/site-packages/airflow/example_dags/tutorial_taskflow_api.py took 0.085 seconds
[2026-06-13T10:43:22.074+0000] {processor.py:161} INFO - Started process (PID=209) to work on /home/airflow/.local/lib/python3.12/site-packages/airflow/example_dags/tutorial_taskflow_api.py
[2026-06-13T10:43:22.075+0000] {processor.py:830} INFO - Processing file /home/airflow/.local/lib/python3.12/site-packages/airflow/example_dags/tutorial_taskflow_api.py for tasks to queue
[2026-06-13T10:43:22.078+0000] {logging_mixin.py:188} INFO - [2026-06-13T10:43:22.077+0000] {dagbag.py:545} INFO - Filling up the DagBag from /home/airflow/.local/lib/python3.12/site-packages/airflow/example_dags/tutorial_taskflow_api.py
[2026-06-13T10:43:22.085+0000] {processor.py:840} INFO - DAG(s) 'tutorial_taskflow_api' retrieved from /home/airflow/.local/lib/python3.12/site-packages/airflow/example_dags/tutorial_taskflow_api.py
[2026-06-13T10:43:22.114+0000] {logging_mixin.py:188} INFO - [2026-06-13T10:43:22.114+0000] {dag.py:3096} INFO - Sync 1 DAGs
[2026-06-13T10:43:22.129+0000] {logging_mixin.py:188} INFO - [2026-06-13T10:43:22.129+0000] {dag.py:3954} INFO - Setting next_dagrun for tutorial_taskflow_api to None, run_after=None
[2026-06-13T10:43:22.159+0000] {processor.py:183} INFO - Processing /home/airflow/.local/lib/python3.12/site-packages/airflow/example_dags/tutorial_taskflow_api.py took 0.092 seconds
[2026-06-13T10:43:52.418+0000] {processor.py:161} INFO - Started process (PID=267) to work on /home/airflow/.local/lib/python3.12/site-packages/airflow/example_dags/tutorial_taskflow_api.py
[2026-06-13T10:43:52.421+0000] {processor.py:830} INFO - Processing file /home/airflow/.local/lib/python3.12/site-packages/airflow/example_dags/tutorial_taskflow_api.py for tasks to queue
[2026-06-13T10:43:52.424+0000] {logging_mixin.py:188} INFO - [2026-06-13T10:43:52.423+0000] {dagbag.py:545} INFO - Filling up the DagBag from /home/airflow/.local/lib/python3.12/site-packages/airflow/example_dags/tutorial_taskflow_api.py
[2026-06-13T10:43:52.431+0000] {processor.py:840} INFO - DAG(s) 'tutorial_taskflow_api' retrieved from /home/airflow/.local/lib/python3.12/site-packages/airflow/example_dags/tutorial_taskflow_api.py
[2026-06-13T10:43:52.457+0000] {logging_mixin.py:188} INFO - [2026-06-13T10:43:52.456+0000] {dag.py:3096} INFO - Sync 1 DAGs
[2026-06-13T10:43:52.471+0000] {logging_mixin.py:188} INFO - [2026-06-13T10:43:52.471+0000] {dag.py:3954} INFO - Setting next_dagrun for tutorial_taskflow_api to None, run_after=None
[2026-06-13T10:43:52.496+0000] {processor.py:183} INFO - Processing /home/airflow/.local/lib/python3.12/site-packages/airflow/example_dags/tutorial_taskflow_api.py took 0.084 seconds
[2026-06-13T10:44:22.714+0000] {processor.py:161} INFO - Started process (PID=325) to work on /home/airflow/.local/lib/python3.12/site-packages/airflow/example_dags/tutorial_taskflow_api.py
[2026-06-13T10:44:22.716+0000] {processor.py:830} INFO - Processing file /home/airflow/.local/lib/python3.12/site-packages/airflow/example_dags/tutorial_taskflow_api.py for tasks to queue
[2026-06-13T10:44:22.720+0000] {logging_mixin.py:188} INFO - [2026-06-13T10:44:22.719+0000] {dagbag.py:545} INFO - Filling up the DagBag from /home/airflow/.local/lib/python3.12/site-packages/airflow/example_dags/tutorial_taskflow_api.py
[2026-06-13T10:44:22.730+0000] {processor.py:840} INFO - DAG(s) 'tutorial_taskflow_api' retrieved from /home/airflow/.local/lib/python3.12/site-packages/airflow/example_dags/tutorial_taskflow_api.py
[2026-06-13T10:44:22.759+0000] {logging_mixin.py:188} INFO - [2026-06-13T10:44:22.759+0000] {dag.py:3096} INFO - Sync 1 DAGs
[2026-06-13T10:44:22.774+0000] {logging_mixin.py:188} INFO - [2026-06-13T10:44:22.774+0000] {dag.py:3954} INFO - Setting next_dagrun for tutorial_taskflow_api to None, run_after=None
[2026-06-13T10:44:22.803+0000] {processor.py:183} INFO - Processing /home/airflow/.local/lib/python3.12/site-packages/airflow/example_dags/tutorial_taskflow_api.py took 0.099 seconds
[2026-06-13T10:44:53.296+0000] {processor.py:161} INFO - Started process (PID=383) to work on /home/airflow/.local/lib/python3.12/site-packages/airflow/example_dags/tutorial_taskflow_api.py
[2026-06-13T10:44:53.299+0000] {processor.py:830} INFO - Processing file /home/airflow/.local/lib/python3.12/site-packages/airflow/example_dags/tutorial_taskflow_api.py for tasks to queue
[2026-06-13T10:44:53.302+0000] {logging_mixin.py:188} INFO - [2026-06-13T10:44:53.302+0000] {dagbag.py:545} INFO - Filling up the DagBag from /home/airflow/.local/lib/python3.12/site-packages/airflow/example_dags/tutorial_taskflow_api.py
[2026-06-13T10:44:53.315+0000] {processor.py:840} INFO - DAG(s) 'tutorial_taskflow_api' retrieved from /home/airflow/.local/lib/python3.12/site-packages/airflow/example_dags/tutorial_taskflow_api.py
[2026-06-13T10:44:53.352+0000] {logging_mixin.py:188} INFO - [2026-06-13T10:44:53.351+0000] {dag.py:3096} INFO - Sync 1 DAGs
[2026-06-13T10:44:53.371+0000] {logging_mixin.py:188} INFO - [2026-06-13T10:44:53.370+0000] {dag.py:3954} INFO - Setting next_dagrun for tutorial_taskflow_api to None, run_after=None
[2026-06-13T10:44:53.404+0000] {processor.py:183} INFO - Processing /home/airflow/.local/lib/python3.12/site-packages/airflow/example_dags/tutorial_taskflow_api.py took 0.117 seconds
[2026-06-13T10:45:23.757+0000] {processor.py:161} INFO - Started process (PID=441) to work on /home/airflow/.local/lib/python3.12/site-packages/airflow/example_dags/tutorial_taskflow_api.py
[2026-06-13T10:45:23.759+0000] {processor.py:830} INFO - Processing file /home/airflow/.local/lib/python3.12/site-packages/airflow/example_dags/tutorial_taskflow_api.py for tasks to queue
[2026-06-13T10:45:23.761+0000] {logging_mixin.py:188} INFO - [2026-06-13T10:45:23.761+0000] {dagbag.py:545} INFO - Filling up the DagBag from /home/airflow/.local/lib/python3.12/site-packages/airflow/example_dags/tutorial_taskflow_api.py
[2026-06-13T10:45:23.768+0000] {processor.py:840} INFO - DAG(s) 'tutorial_taskflow_api' retrieved from /home/airflow/.local/lib/python3.12/site-packages/airflow/example_dags/tutorial_taskflow_api.py
[2026-06-13T10:45:23.795+0000] {logging_mixin.py:188} INFO - [2026-06-13T10:45:23.794+0000] {dag.py:3096} INFO - Sync 1 DAGs
[2026-06-13T10:45:23.809+0000] {logging_mixin.py:188} INFO - [2026-06-13T10:45:23.809+0000] {dag.py:3954} INFO - Setting next_dagrun for tutorial_taskflow_api to None, run_after=None
[2026-06-13T10:45:23.836+0000] {processor.py:183} INFO - Processing /home/airflow/.local/lib/python3.12/site-packages/airflow/example_dags/tutorial_taskflow_api.py took 0.086 seconds
[2026-06-13T10:45:54.578+0000] {processor.py:161} INFO - Started process (PID=499) to work on /home/airflow/.local/lib/python3.12/site-packages/airflow/example_dags/tutorial_taskflow_api.py
[2026-06-13T10:45:54.579+0000] {processor.py:830} INFO - Processing file /home/airflow/.local/lib/python3.12/site-packages/airflow/example_dags/tutorial_taskflow_api.py for tasks to queue
[2026-06-13T10:45:54.582+0000] {logging_mixin.py:188} INFO - [2026-06-13T10:45:54.582+0000] {dagbag.py:545} INFO - Filling up the DagBag from /home/airflow/.local/lib/python3.12/site-packages/airflow/example_dags/tutorial_taskflow_api.py
[2026-06-13T10:45:54.590+0000] {processor.py:840} INFO - DAG(s) 'tutorial_taskflow_api' retrieved from /home/airflow/.local/lib/python3.12/site-packages/airflow/example_dags/tutorial_taskflow_api.py
[2026-06-13T10:45:54.615+0000] {logging_mixin.py:188} INFO - [2026-06-13T10:45:54.615+0000] {dag.py:3096} INFO - Sync 1 DAGs
[2026-06-13T10:45:54.628+0000] {logging_mixin.py:188} INFO - [2026-06-13T10:45:54.628+0000] {dag.py:3954} INFO - Setting next_dagrun for tutorial_taskflow_api to None, run_after=None
[2026-06-13T10:45:54.665+0000] {processor.py:183} INFO - Processing /home/airflow/.local/lib/python3.12/site-packages/airflow/example_dags/tutorial_taskflow_api.py took 0.093 seconds
[2026-06-13T10:46:24.712+0000] {processor.py:161} INFO - Started process (PID=557) to work on /home/airflow/.local/lib/python3.12/site-packages/airflow/example_dags/tutorial_taskflow_api.py
[2026-06-13T10:46:24.713+0000] {processor.py:830} INFO - Processing file /home/airflow/.local/lib/python3.12/site-packages/airflow/example_dags/tutorial_taskflow_api.py for tasks to queue
[2026-06-13T10:46:24.716+0000] {logging_mixin.py:188} INFO - [2026-06-13T10:46:24.715+0000] {dagbag.py:545} INFO - Filling up the DagBag from /home/airflow/.local/lib/python3.12/site-packages/airflow/example_dags/tutorial_taskflow_api.py
[2026-06-13T10:46:24.723+0000] {processor.py:840} INFO - DAG(s) 'tutorial_taskflow_api' retrieved from /home/airflow/.local/lib/python3.12/site-packages/airflow/example_dags/tutorial_taskflow_api.py
[2026-06-13T10:46:24.749+0000] {logging_mixin.py:188} INFO - [2026-06-13T10:46:24.749+0000] {dag.py:3096} INFO - Sync 1 DAGs
[2026-06-13T10:46:24.763+0000] {logging_mixin.py:188} INFO - [2026-06-13T10:46:24.763+0000] {dag.py:3954} INFO - Setting next_dagrun for tutorial_taskflow_api to None, run_after=None
[2026-06-13T10:46:24.792+0000] {processor.py:183} INFO - Processing /home/airflow/.local/lib/python3.12/site-packages/airflow/example_dags/tutorial_taskflow_api.py took 0.086 seconds
[2026-06-13T10:46:54.921+0000] {processor.py:161} INFO - Started process (PID=615) to work on /home/airflow/.local/lib/python3.12/site-packages/airflow/example_dags/tutorial_taskflow_api.py
[2026-06-13T10:46:54.922+0000] {processor.py:830} INFO - Processing file /home/airflow/.local/lib/python3.12/site-packages/airflow/example_dags/tutorial_taskflow_api.py for tasks to queue
[2026-06-13T10:46:54.925+0000] {logging_mixin.py:188} INFO - [2026-06-13T10:46:54.925+0000] {dagbag.py:545} INFO - Filling up the DagBag from /home/airflow/.local/lib/python3.12/site-packages/airflow/example_dags/tutorial_taskflow_api.py
[2026-06-13T10:46:54.932+0000] {processor.py:840} INFO - DAG(s) 'tutorial_taskflow_api' retrieved from /home/airflow/.local/lib/python3.12/site-packages/airflow/example_dags/tutorial_taskflow_api.py
[2026-06-13T10:46:54.960+0000] {logging_mixin.py:188} INFO - [2026-06-13T10:46:54.959+0000] {dag.py:3096} INFO - Sync 1 DAGs
[2026-06-13T10:46:54.974+0000] {logging_mixin.py:188} INFO - [2026-06-13T10:46:54.973+0000] {dag.py:3954} INFO - Setting next_dagrun for tutorial_taskflow_api to None, run_after=None
[2026-06-13T10:46:55.003+0000] {processor.py:183} INFO - Processing /home/airflow/.local/lib/python3.12/site-packages/airflow/example_dags/tutorial_taskflow_api.py took 0.088 seconds
[2026-06-13T10:47:25.087+0000] {processor.py:161} INFO - Started process (PID=673) to work on /home/airflow/.local/lib/python3.12/site-packages/airflow/example_dags/tutorial_taskflow_api.py
[2026-06-13T10:47:25.089+0000] {processor.py:830} INFO - Processing file /home/airflow/.local/lib/python3.12/site-packages/airflow/example_dags/tutorial_taskflow_api.py for tasks to queue
[2026-06-13T10:47:25.091+0000] {logging_mixin.py:188} INFO - [2026-06-13T10:47:25.091+0000] {dagbag.py:545} INFO - Filling up the DagBag from /home/airflow/.local/lib/python3.12/site-packages/airflow/example_dags/tutorial_taskflow_api.py
[2026-06-13T10:47:25.098+0000] {processor.py:840} INFO - DAG(s) 'tutorial_taskflow_api' retrieved from /home/airflow/.local/lib/python3.12/site-packages/airflow/example_dags/tutorial_taskflow_api.py
[2026-06-13T10:47:25.123+0000] {logging_mixin.py:188} INFO - [2026-06-13T10:47:25.122+0000] {dag.py:3096} INFO - Sync 1 DAGs
[2026-06-13T10:47:25.137+0000] {logging_mixin.py:188} INFO - [2026-06-13T10:47:25.137+0000] {dag.py:3954} INFO - Setting next_dagrun for tutorial_taskflow_api to None, run_after=None
[2026-06-13T10:47:25.163+0000] {processor.py:183} INFO - Processing /home/airflow/.local/lib/python3.12/site-packages/airflow/example_dags/tutorial_taskflow_api.py took 0.083 seconds
[2026-06-13T10:47:55.335+0000] {processor.py:161} INFO - Started process (PID=731) to work on /home/airflow/.local/lib/python3.12/site-packages/airflow/example_dags/tutorial_taskflow_api.py
[2026-06-13T10:47:55.336+0000] {processor.py:830} INFO - Processing file /home/airflow/.local/lib/python3.12/site-packages/airflow/example_dags/tutorial_taskflow_api.py for tasks to queue
[2026-06-13T10:47:55.340+0000] {logging_mixin.py:188} INFO - [2026-06-13T10:47:55.339+0000] {dagbag.py:545} INFO - Filling up the DagBag from /home/airflow/.local/lib/python3.12/site-packages/airflow/example_dags/tutorial_taskflow_api.py
[2026-06-13T10:47:55.347+0000] {processor.py:840} INFO - DAG(s) 'tutorial_taskflow_api' retrieved from /home/airflow/.local/lib/python3.12/site-packages/airflow/example_dags/tutorial_taskflow_api.py
[2026-06-13T10:47:55.372+0000] {logging_mixin.py:188} INFO - [2026-06-13T10:47:55.372+0000] {dag.py:3096} INFO - Sync 1 DAGs
[2026-06-13T10:47:55.386+0000] {logging_mixin.py:188} INFO - [2026-06-13T10:47:55.386+0000] {dag.py:3954} INFO - Setting next_dagrun for tutorial_taskflow_api to None, run_after=None
[2026-06-13T10:47:55.410+0000] {processor.py:183} INFO - Processing /home/airflow/.local/lib/python3.12/site-packages/airflow/example_dags/tutorial_taskflow_api.py took 0.081 seconds
[2026-06-13T10:48:25.589+0000] {processor.py:161} INFO - Started process (PID=789) to work on /home/airflow/.local/lib/python3.12/site-packages/airflow/example_dags/tutorial_taskflow_api.py
[2026-06-13T10:48:25.591+0000] {processor.py:830} INFO - Processing file /home/airflow/.local/lib/python3.12/site-packages/airflow/example_dags/tutorial_taskflow_api.py for tasks to queue
[2026-06-13T10:48:25.594+0000] {logging_mixin.py:188} INFO - [2026-06-13T10:48:25.593+0000] {dagbag.py:545} INFO - Filling up the DagBag from /home/airflow/.local/lib/python3.12/site-packages/airflow/example_dags/tutorial_taskflow_api.py
[2026-06-13T10:48:25.602+0000] {processor.py:840} INFO - DAG(s) 'tutorial_taskflow_api' retrieved from /home/airflow/.local/lib/python3.12/site-packages/airflow/example_dags/tutorial_taskflow_api.py
[2026-06-13T10:48:25.632+0000] {logging_mixin.py:188} INFO - [2026-06-13T10:48:25.632+0000] {dag.py:3096} INFO - Sync 1 DAGs
[2026-06-13T10:48:25.656+0000] {logging_mixin.py:188} INFO - [2026-06-13T10:48:25.655+0000] {dag.py:3954} INFO - Setting next_dagrun for tutorial_taskflow_api to None, run_after=None
[2026-06-13T10:48:25.704+0000] {processor.py:183} INFO - Processing /home/airflow/.local/lib/python3.12/site-packages/airflow/example_dags/tutorial_taskflow_api.py took 0.122 seconds
[2026-06-13T10:48:56.017+0000] {processor.py:161} INFO - Started process (PID=847) to work on /home/airflow/.local/lib/python3.12/site-packages/airflow/example_dags/tutorial_taskflow_api.py
[2026-06-13T10:48:56.019+0000] {processor.py:830} INFO - Processing file /home/airflow/.local/lib/python3.12/site-packages/airflow/example_dags/tutorial_taskflow_api.py for tasks to queue
[2026-06-13T10:48:56.022+0000] {logging_mixin.py:188} INFO - [2026-06-13T10:48:56.021+0000] {dagbag.py:545} INFO - Filling up the DagBag from /home/airflow/.local/lib/python3.12/site-packages/airflow/example_dags/tutorial_taskflow_api.py
[2026-06-13T10:48:56.031+0000] {processor.py:840} INFO - DAG(s) 'tutorial_taskflow_api' retrieved from /home/airflow/.local/lib/python3.12/site-packages/airflow/example_dags/tutorial_taskflow_api.py
[2026-06-13T10:48:56.058+0000] {logging_mixin.py:188} INFO - [2026-06-13T10:48:56.057+0000] {dag.py:3096} INFO - Sync 1 DAGs
[2026-06-13T10:48:56.072+0000] {logging_mixin.py:188} INFO - [2026-06-13T10:48:56.072+0000] {dag.py:3954} INFO - Setting next_dagrun for tutorial_taskflow_api to None, run_after=None
[2026-06-13T10:48:56.099+0000] {processor.py:183} INFO - Processing /home/airflow/.local/lib/python3.12/site-packages/airflow/example_dags/tutorial_taskflow_api.py took 0.088 seconds
[2026-06-13T10:49:26.934+0000] {processor.py:161} INFO - Started process (PID=905) to work on /home/airflow/.local/lib/python3.12/site-packages/airflow/example_dags/tutorial_taskflow_api.py
[2026-06-13T10:49:26.936+0000] {processor.py:830} INFO - Processing file /home/airflow/.local/lib/python3.12/site-packages/airflow/example_dags/tutorial_taskflow_api.py for tasks to queue
[2026-06-13T10:49:26.939+0000] {logging_mixin.py:188} INFO - [2026-06-13T10:49:26.939+0000] {dagbag.py:545} INFO - Filling up the DagBag from /home/airflow/.local/lib/python3.12/site-packages/airflow/example_dags/tutorial_taskflow_api.py
[2026-06-13T10:49:26.948+0000] {processor.py:840} INFO - DAG(s) 'tutorial_taskflow_api' retrieved from /home/airflow/.local/lib/python3.12/site-packages/airflow/example_dags/tutorial_taskflow_api.py
[2026-06-13T10:49:26.973+0000] {logging_mixin.py:188} INFO - [2026-06-13T10:49:26.973+0000] {dag.py:3096} INFO - Sync 1 DAGs
[2026-06-13T10:49:26.988+0000] {logging_mixin.py:188} INFO - [2026-06-13T10:49:26.988+0000] {dag.py:3954} INFO - Setting next_dagrun for tutorial_taskflow_api to None, run_after=None
[2026-06-13T10:49:27.017+0000] {processor.py:183} INFO - Processing /home/airflow/.local/lib/python3.12/site-packages/airflow/example_dags/tutorial_taskflow_api.py took 0.089 seconds
[2026-06-13T10:49:57.570+0000] {processor.py:161} INFO - Started process (PID=964) to work on /home/airflow/.local/lib/python3.12/site-packages/airflow/example_dags/tutorial_taskflow_api.py
[2026-06-13T10:49:57.571+0000] {processor.py:830} INFO - Processing file /home/airflow/.local/lib/python3.12/site-packages/airflow/example_dags/tutorial_taskflow_api.py for tasks to queue
[2026-06-13T10:49:57.574+0000] {logging_mixin.py:188} INFO - [2026-06-13T10:49:57.573+0000] {dagbag.py:545} INFO - Filling up the DagBag from /home/airflow/.local/lib/python3.12/site-packages/airflow/example_dags/tutorial_taskflow_api.py
[2026-06-13T10:49:57.581+0000] {processor.py:840} INFO - DAG(s) 'tutorial_taskflow_api' retrieved from /home/airflow/.local/lib/python3.12/site-packages/airflow/example_dags/tutorial_taskflow_api.py
[2026-06-13T10:49:57.608+0000] {logging_mixin.py:188} INFO - [2026-06-13T10:49:57.608+0000] {dag.py:3096} INFO - Sync 1 DAGs
[2026-06-13T10:49:57.625+0000] {logging_mixin.py:188} INFO - [2026-06-13T10:49:57.624+0000] {dag.py:3954} INFO - Setting next_dagrun for tutorial_taskflow_api to None, run_after=None
[2026-06-13T10:49:57.652+0000] {processor.py:183} INFO - Processing /home/airflow/.local/lib/python3.12/site-packages/airflow/example_dags/tutorial_taskflow_api.py took 0.089 seconds
[2026-06-13T10:50:27.956+0000] {processor.py:161} INFO - Started process (PID=1022) to work on /home/airflow/.local/lib/python3.12/site-packages/airflow/example_dags/tutorial_taskflow_api.py
[2026-06-13T10:50:27.958+0000] {processor.py:830} INFO - Processing file /home/airflow/.local/lib/python3.12/site-packages/airflow/example_dags/tutorial_taskflow_api.py for tasks to queue
[2026-06-13T10:50:27.961+0000] {logging_mixin.py:188} INFO - [2026-06-13T10:50:27.960+0000] {dagbag.py:545} INFO - Filling up the DagBag from /home/airflow/.local/lib/python3.12/site-packages/airflow/example_dags/tutorial_taskflow_api.py
[2026-06-13T10:50:27.969+0000] {processor.py:840} INFO - DAG(s) 'tutorial_taskflow_api' retrieved from /home/airflow/.local/lib/python3.12/site-packages/airflow/example_dags/tutorial_taskflow_api.py
[2026-06-13T10:50:27.995+0000] {logging_mixin.py:188} INFO - [2026-06-13T10:50:27.995+0000] {dag.py:3096} INFO - Sync 1 DAGs
[2026-06-13T10:50:28.010+0000] {logging_mixin.py:188} INFO - [2026-06-13T10:50:28.009+0000] {dag.py:3954} INFO - Setting next_dagrun for tutorial_taskflow_api to None, run_after=None
[2026-06-13T10:50:28.038+0000] {processor.py:183} INFO - Processing /home/airflow/.local/lib/python3.12/site-packages/airflow/example_dags/tutorial_taskflow_api.py took 0.089 seconds
[2026-06-13T10:50:58.296+0000] {processor.py:161} INFO - Started process (PID=1080) to work on /home/airflow/.local/lib/python3.12/site-packages/airflow/example_dags/tutorial_taskflow_api.py
[2026-06-13T10:50:58.297+0000] {processor.py:830} INFO - Processing file /home/airflow/.local/lib/python3.12/site-packages/airflow/example_dags/tutorial_taskflow_api.py for tasks to queue
[2026-06-13T10:50:58.301+0000] {logging_mixin.py:188} INFO - [2026-06-13T10:50:58.300+0000] {dagbag.py:545} INFO - Filling up the DagBag from /home/airflow/.local/lib/python3.12/site-packages/airflow/example_dags/tutorial_taskflow_api.py
[2026-06-13T10:50:58.309+0000] {processor.py:840} INFO - DAG(s) 'tutorial_taskflow_api' retrieved from /home/airflow/.local/lib/python3.12/site-packages/airflow/example_dags/tutorial_taskflow_api.py
[2026-06-13T10:50:58.335+0000] {logging_mixin.py:188} INFO - [2026-06-13T10:50:58.334+0000] {dag.py:3096} INFO - Sync 1 DAGs
[2026-06-13T10:50:58.349+0000] {logging_mixin.py:188} INFO - [2026-06-13T10:50:58.349+0000] {dag.py:3954} INFO - Setting next_dagrun for tutorial_taskflow_api to None, run_after=None
[2026-06-13T10:50:58.373+0000] {processor.py:183} INFO - Processing /home/airflow/.local/lib/python3.12/site-packages/airflow/example_dags/tutorial_taskflow_api.py took 0.084 seconds
[2026-06-13T10:51:29.077+0000] {processor.py:161} INFO - Started process (PID=1138) to work on /home/airflow/.local/lib/python3.12/site-packages/airflow/example_dags/tutorial_taskflow_api.py
[2026-06-13T10:51:29.079+0000] {processor.py:830} INFO - Processing file /home/airflow/.local/lib/python3.12/site-packages/airflow/example_dags/tutorial_taskflow_api.py for tasks to queue
[2026-06-13T10:51:29.081+0000] {logging_mixin.py:188} INFO - [2026-06-13T10:51:29.081+0000] {dagbag.py:545} INFO - Filling up the DagBag from /home/airflow/.local/lib/python3.12/site-packages/airflow/example_dags/tutorial_taskflow_api.py
[2026-06-13T10:51:29.089+0000] {processor.py:840} INFO - DAG(s) 'tutorial_taskflow_api' retrieved from /home/airflow/.local/lib/python3.12/site-packages/airflow/example_dags/tutorial_taskflow_api.py
[2026-06-13T10:51:29.114+0000] {logging_mixin.py:188} INFO - [2026-06-13T10:51:29.114+0000] {dag.py:3096} INFO - Sync 1 DAGs
[2026-06-13T10:51:29.128+0000] {logging_mixin.py:188} INFO - [2026-06-13T10:51:29.128+0000] {dag.py:3954} INFO - Setting next_dagrun for tutorial_taskflow_api to None, run_after=None
[2026-06-13T10:51:29.155+0000] {processor.py:183} INFO - Processing /home/airflow/.local/lib/python3.12/site-packages/airflow/example_dags/tutorial_taskflow_api.py took 0.083 seconds
[2026-06-13T10:51:59.835+0000] {processor.py:161} INFO - Started process (PID=1196) to work on /home/airflow/.local/lib/python3.12/site-packages/airflow/example_dags/tutorial_taskflow_api.py
[2026-06-13T10:51:59.837+0000] {processor.py:830} INFO - Processing file /home/airflow/.local/lib/python3.12/site-packages/airflow/example_dags/tutorial_taskflow_api.py for tasks to queue
[2026-06-13T10:51:59.841+0000] {logging_mixin.py:188} INFO - [2026-06-13T10:51:59.840+0000] {dagbag.py:545} INFO - Filling up the DagBag from /home/airflow/.local/lib/python3.12/site-packages/airflow/example_dags/tutorial_taskflow_api.py
[2026-06-13T10:51:59.852+0000] {processor.py:840} INFO - DAG(s) 'tutorial_taskflow_api' retrieved from /home/airflow/.local/lib/python3.12/site-packages/airflow/example_dags/tutorial_taskflow_api.py
[2026-06-13T10:51:59.901+0000] {logging_mixin.py:188} INFO - [2026-06-13T10:51:59.901+0000] {dag.py:3096} INFO - Sync 1 DAGs
[2026-06-13T10:51:59.927+0000] {logging_mixin.py:188} INFO - [2026-06-13T10:51:59.927+0000] {dag.py:3954} INFO - Setting next_dagrun for tutorial_taskflow_api to None, run_after=None
[2026-06-13T10:51:59.960+0000] {processor.py:183} INFO - Processing /home/airflow/.local/lib/python3.12/site-packages/airflow/example_dags/tutorial_taskflow_api.py took 0.132 seconds
[2026-06-13T10:52:30.172+0000] {processor.py:161} INFO - Started process (PID=1254) to work on /home/airflow/.local/lib/python3.12/site-packages/airflow/example_dags/tutorial_taskflow_api.py
[2026-06-13T10:52:30.174+0000] {processor.py:830} INFO - Processing file /home/airflow/.local/lib/python3.12/site-packages/airflow/example_dags/tutorial_taskflow_api.py for tasks to queue
[2026-06-13T10:52:30.177+0000] {logging_mixin.py:188} INFO - [2026-06-13T10:52:30.177+0000] {dagbag.py:545} INFO - Filling up the DagBag from /home/airflow/.local/lib/python3.12/site-packages/airflow/example_dags/tutorial_taskflow_api.py
[2026-06-13T10:52:30.184+0000] {processor.py:840} INFO - DAG(s) 'tutorial_taskflow_api' retrieved from /home/airflow/.local/lib/python3.12/site-packages/airflow/example_dags/tutorial_taskflow_api.py
[2026-06-13T10:52:30.212+0000] {logging_mixin.py:188} INFO - [2026-06-13T10:52:30.211+0000] {dag.py:3096} INFO - Sync 1 DAGs
[2026-06-13T10:52:30.228+0000] {logging_mixin.py:188} INFO - [2026-06-13T10:52:30.228+0000] {dag.py:3954} INFO - Setting next_dagrun for tutorial_taskflow_api to None, run_after=None
[2026-06-13T10:52:30.258+0000] {processor.py:183} INFO - Processing /home/airflow/.local/lib/python3.12/site-packages/airflow/example_dags/tutorial_taskflow_api.py took 0.094 seconds
[2026-06-13T10:53:00.876+0000] {processor.py:161} INFO - Started process (PID=1312) to work on /home/airflow/.local/lib/python3.12/site-packages/airflow/example_dags/tutorial_taskflow_api.py
[2026-06-13T10:53:00.878+0000] {processor.py:830} INFO - Processing file /home/airflow/.local/lib/python3.12/site-packages/airflow/example_dags/tutorial_taskflow_api.py for tasks to queue
[2026-06-13T10:53:00.881+0000] {logging_mixin.py:188} INFO - [2026-06-13T10:53:00.880+0000] {dagbag.py:545} INFO - Filling up the DagBag from /home/airflow/.local/lib/python3.12/site-packages/airflow/example_dags/tutorial_taskflow_api.py
[2026-06-13T10:53:00.890+0000] {processor.py:840} INFO - DAG(s) 'tutorial_taskflow_api' retrieved from /home/airflow/.local/lib/python3.12/site-packages/airflow/example_dags/tutorial_taskflow_api.py
[2026-06-13T10:53:00.917+0000] {logging_mixin.py:188} INFO - [2026-06-13T10:53:00.917+0000] {dag.py:3096} INFO - Sync 1 DAGs
[2026-06-13T10:53:00.933+0000] {logging_mixin.py:188} INFO - [2026-06-13T10:53:00.933+0000] {dag.py:3954} INFO - Setting next_dagrun for tutorial_taskflow_api to None, run_after=None
[2026-06-13T10:53:00.963+0000] {processor.py:183} INFO - Processing /home/airflow/.local/lib/python3.12/site-packages/airflow/example_dags/tutorial_taskflow_api.py took 0.095 seconds
[2026-06-13T10:53:31.843+0000] {processor.py:161} INFO - Started process (PID=1371) to work on /home/airflow/.local/lib/python3.12/site-packages/airflow/example_dags/tutorial_taskflow_api.py
[2026-06-13T10:53:31.845+0000] {processor.py:830} INFO - Processing file /home/airflow/.local/lib/python3.12/site-packages/airflow/example_dags/tutorial_taskflow_api.py for tasks to queue
[2026-06-13T10:53:31.848+0000] {logging_mixin.py:188} INFO - [2026-06-13T10:53:31.848+0000] {dagbag.py:545} INFO - Filling up the DagBag from /home/airflow/.local/lib/python3.12/site-packages/airflow/example_dags/tutorial_taskflow_api.py
[2026-06-13T10:53:31.862+0000] {processor.py:840} INFO - DAG(s) 'tutorial_taskflow_api' retrieved from /home/airflow/.local/lib/python3.12/site-packages/airflow/example_dags/tutorial_taskflow_api.py
[2026-06-13T10:53:31.899+0000] {logging_mixin.py:188} INFO - [2026-06-13T10:53:31.899+0000] {dag.py:3096} INFO - Sync 1 DAGs
[2026-06-13T10:53:31.920+0000] {logging_mixin.py:188} INFO - [2026-06-13T10:53:31.919+0000] {dag.py:3954} INFO - Setting next_dagrun for tutorial_taskflow_api to None, run_after=None
[2026-06-13T10:53:31.974+0000] {processor.py:183} INFO - Processing /home/airflow/.local/lib/python3.12/site-packages/airflow/example_dags/tutorial_taskflow_api.py took 0.139 seconds
[2026-06-13T10:54:02.279+0000] {processor.py:161} INFO - Started process (PID=1429) to work on /home/airflow/.local/lib/python3.12/site-packages/airflow/example_dags/tutorial_taskflow_api.py
[2026-06-13T10:54:02.280+0000] {processor.py:830} INFO - Processing file /home/airflow/.local/lib/python3.12/site-packages/airflow/example_dags/tutorial_taskflow_api.py for tasks to queue
[2026-06-13T10:54:02.283+0000] {logging_mixin.py:188} INFO - [2026-06-13T10:54:02.283+0000] {dagbag.py:545} INFO - Filling up the DagBag from /home/airflow/.local/lib/python3.12/site-packages/airflow/example_dags/tutorial_taskflow_api.py
[2026-06-13T10:54:02.290+0000] {processor.py:840} INFO - DAG(s) 'tutorial_taskflow_api' retrieved from /home/airflow/.local/lib/python3.12/site-packages/airflow/example_dags/tutorial_taskflow_api.py
[2026-06-13T10:54:02.316+0000] {logging_mixin.py:188} INFO - [2026-06-13T10:54:02.316+0000] {dag.py:3096} INFO - Sync 1 DAGs
[2026-06-13T10:54:02.330+0000] {logging_mixin.py:188} INFO - [2026-06-13T10:54:02.330+0000] {dag.py:3954} INFO - Setting next_dagrun for tutorial_taskflow_api to None, run_after=None
[2026-06-13T10:54:02.357+0000] {processor.py:183} INFO - Processing /home/airflow/.local/lib/python3.12/site-packages/airflow/example_dags/tutorial_taskflow_api.py took 0.085 seconds
[2026-06-13T10:54:32.623+0000] {processor.py:161} INFO - Started process (PID=1487) to work on /home/airflow/.local/lib/python3.12/site-packages/airflow/example_dags/tutorial_taskflow_api.py
[2026-06-13T10:54:32.625+0000] {processor.py:830} INFO - Processing file /home/airflow/.local/lib/python3.12/site-packages/airflow/example_dags/tutorial_taskflow_api.py for tasks to queue
[2026-06-13T10:54:32.627+0000] {logging_mixin.py:188} INFO - [2026-06-13T10:54:32.627+0000] {dagbag.py:545} INFO - Filling up the DagBag from /home/airflow/.local/lib/python3.12/site-packages/airflow/example_dags/tutorial_taskflow_api.py
[2026-06-13T10:54:32.635+0000] {processor.py:840} INFO - DAG(s) 'tutorial_taskflow_api' retrieved from /home/airflow/.local/lib/python3.12/site-packages/airflow/example_dags/tutorial_taskflow_api.py
[2026-06-13T10:54:32.663+0000] {logging_mixin.py:188} INFO - [2026-06-13T10:54:32.663+0000] {dag.py:3096} INFO - Sync 1 DAGs
[2026-06-13T10:54:32.679+0000] {logging_mixin.py:188} INFO - [2026-06-13T10:54:32.679+0000] {dag.py:3954} INFO - Setting next_dagrun for tutorial_taskflow_api to None, run_after=None
[2026-06-13T10:54:32.711+0000] {processor.py:183} INFO - Processing /home/airflow/.local/lib/python3.12/site-packages/airflow/example_dags/tutorial_taskflow_api.py took 0.095 seconds
[2026-06-13T10:55:57.213+0000] {processor.py:161} INFO - Started process (PID=88) to work on /home/airflow/.local/lib/python3.12/site-packages/airflow/example_dags/tutorial_taskflow_api.py
[2026-06-13T10:55:57.214+0000] {processor.py:830} INFO - Processing file /home/airflow/.local/lib/python3.12/site-packages/airflow/example_dags/tutorial_taskflow_api.py for tasks to queue
[2026-06-13T10:55:57.218+0000] {logging_mixin.py:188} INFO - [2026-06-13T10:55:57.218+0000] {dagbag.py:545} INFO - Filling up the DagBag from /home/airflow/.local/lib/python3.12/site-packages/airflow/example_dags/tutorial_taskflow_api.py
[2026-06-13T10:55:57.232+0000] {processor.py:840} INFO - DAG(s) 'tutorial_taskflow_api' retrieved from /home/airflow/.local/lib/python3.12/site-packages/airflow/example_dags/tutorial_taskflow_api.py
[2026-06-13T10:55:57.402+0000] {logging_mixin.py:188} INFO - [2026-06-13T10:55:57.402+0000] {dag.py:3096} INFO - Sync 1 DAGs
[2026-06-13T10:55:57.419+0000] {logging_mixin.py:188} INFO - [2026-06-13T10:55:57.419+0000] {dag.py:3954} INFO - Setting next_dagrun for tutorial_taskflow_api to None, run_after=None
[2026-06-13T10:55:57.460+0000] {processor.py:183} INFO - Processing /home/airflow/.local/lib/python3.12/site-packages/airflow/example_dags/tutorial_taskflow_api.py took 0.257 seconds
[2026-06-13T10:56:28.272+0000] {processor.py:161} INFO - Started process (PID=153) to work on /home/airflow/.local/lib/python3.12/site-packages/airflow/example_dags/tutorial_taskflow_api.py
[2026-06-13T10:56:28.274+0000] {processor.py:830} INFO - Processing file /home/airflow/.local/lib/python3.12/site-packages/airflow/example_dags/tutorial_taskflow_api.py for tasks to queue
[2026-06-13T10:56:28.277+0000] {logging_mixin.py:188} INFO - [2026-06-13T10:56:28.276+0000] {dagbag.py:545} INFO - Filling up the DagBag from /home/airflow/.local/lib/python3.12/site-packages/airflow/example_dags/tutorial_taskflow_api.py
[2026-06-13T10:56:28.286+0000] {processor.py:840} INFO - DAG(s) 'tutorial_taskflow_api' retrieved from /home/airflow/.local/lib/python3.12/site-packages/airflow/example_dags/tutorial_taskflow_api.py
[2026-06-13T10:56:28.314+0000] {logging_mixin.py:188} INFO - [2026-06-13T10:56:28.314+0000] {dag.py:3096} INFO - Sync 1 DAGs
[2026-06-13T10:56:28.332+0000] {logging_mixin.py:188} INFO - [2026-06-13T10:56:28.332+0000] {dag.py:3954} INFO - Setting next_dagrun for tutorial_taskflow_api to None, run_after=None
[2026-06-13T10:56:28.365+0000] {processor.py:183} INFO - Processing /home/airflow/.local/lib/python3.12/site-packages/airflow/example_dags/tutorial_taskflow_api.py took 0.100 seconds
[2026-06-13T10:56:58.432+0000] {processor.py:161} INFO - Started process (PID=212) to work on /home/airflow/.local/lib/python3.12/site-packages/airflow/example_dags/tutorial_taskflow_api.py
[2026-06-13T10:56:58.433+0000] {processor.py:830} INFO - Processing file /home/airflow/.local/lib/python3.12/site-packages/airflow/example_dags/tutorial_taskflow_api.py for tasks to queue
[2026-06-13T10:56:58.436+0000] {logging_mixin.py:188} INFO - [2026-06-13T10:56:58.435+0000] {dagbag.py:545} INFO - Filling up the DagBag from /home/airflow/.local/lib/python3.12/site-packages/airflow/example_dags/tutorial_taskflow_api.py
[2026-06-13T10:56:58.443+0000] {processor.py:840} INFO - DAG(s) 'tutorial_taskflow_api' retrieved from /home/airflow/.local/lib/python3.12/site-packages/airflow/example_dags/tutorial_taskflow_api.py
[2026-06-13T10:56:58.461+0000] {logging_mixin.py:188} INFO - [2026-06-13T10:56:58.461+0000] {dag.py:3096} INFO - Sync 1 DAGs
[2026-06-13T10:56:58.478+0000] {logging_mixin.py:188} INFO - [2026-06-13T10:56:58.477+0000] {dag.py:3954} INFO - Setting next_dagrun for tutorial_taskflow_api to None, run_after=None
[2026-06-13T10:56:58.508+0000] {processor.py:183} INFO - Processing /home/airflow/.local/lib/python3.12/site-packages/airflow/example_dags/tutorial_taskflow_api.py took 0.083 seconds
[2026-06-13T10:57:28.959+0000] {processor.py:161} INFO - Started process (PID=272) to work on /home/airflow/.local/lib/python3.12/site-packages/airflow/example_dags/tutorial_taskflow_api.py
[2026-06-13T10:57:28.961+0000] {processor.py:830} INFO - Processing file /home/airflow/.local/lib/python3.12/site-packages/airflow/example_dags/tutorial_taskflow_api.py for tasks to queue
[2026-06-13T10:57:28.964+0000] {logging_mixin.py:188} INFO - [2026-06-13T10:57:28.963+0000] {dagbag.py:545} INFO - Filling up the DagBag from /home/airflow/.local/lib/python3.12/site-packages/airflow/example_dags/tutorial_taskflow_api.py
[2026-06-13T10:57:28.972+0000] {processor.py:840} INFO - DAG(s) 'tutorial_taskflow_api' retrieved from /home/airflow/.local/lib/python3.12/site-packages/airflow/example_dags/tutorial_taskflow_api.py
[2026-06-13T10:57:29.088+0000] {logging_mixin.py:188} INFO - [2026-06-13T10:57:29.088+0000] {dag.py:3096} INFO - Sync 1 DAGs
[2026-06-13T10:57:29.101+0000] {logging_mixin.py:188} INFO - [2026-06-13T10:57:29.101+0000] {dag.py:3954} INFO - Setting next_dagrun for tutorial_taskflow_api to None, run_after=None
[2026-06-13T10:57:29.129+0000] {processor.py:183} INFO - Processing /home/airflow/.local/lib/python3.12/site-packages/airflow/example_dags/tutorial_taskflow_api.py took 0.177 seconds
[2026-06-13T10:57:59.858+0000] {processor.py:161} INFO - Started process (PID=331) to work on /home/airflow/.local/lib/python3.12/site-packages/airflow/example_dags/tutorial_taskflow_api.py
[2026-06-13T10:57:59.860+0000] {processor.py:830} INFO - Processing file /home/airflow/.local/lib/python3.12/site-packages/airflow/example_dags/tutorial_taskflow_api.py for tasks to queue
[2026-06-13T10:57:59.863+0000] {logging_mixin.py:188} INFO - [2026-06-13T10:57:59.863+0000] {dagbag.py:545} INFO - Filling up the DagBag from /home/airflow/.local/lib/python3.12/site-packages/airflow/example_dags/tutorial_taskflow_api.py
[2026-06-13T10:57:59.871+0000] {processor.py:840} INFO - DAG(s) 'tutorial_taskflow_api' retrieved from /home/airflow/.local/lib/python3.12/site-packages/airflow/example_dags/tutorial_taskflow_api.py
[2026-06-13T10:57:59.900+0000] {logging_mixin.py:188} INFO - [2026-06-13T10:57:59.899+0000] {dag.py:3096} INFO - Sync 1 DAGs
[2026-06-13T10:57:59.915+0000] {logging_mixin.py:188} INFO - [2026-06-13T10:57:59.914+0000] {dag.py:3954} INFO - Setting next_dagrun for tutorial_taskflow_api to None, run_after=None
[2026-06-13T10:57:59.942+0000] {processor.py:183} INFO - Processing /home/airflow/.local/lib/python3.12/site-packages/airflow/example_dags/tutorial_taskflow_api.py took 0.090 seconds
[2026-06-13T10:58:30.223+0000] {processor.py:161} INFO - Started process (PID=390) to work on /home/airflow/.local/lib/python3.12/site-packages/airflow/example_dags/tutorial_taskflow_api.py
[2026-06-13T10:58:30.224+0000] {processor.py:830} INFO - Processing file /home/airflow/.local/lib/python3.12/site-packages/airflow/example_dags/tutorial_taskflow_api.py for tasks to queue
[2026-06-13T10:58:30.227+0000] {logging_mixin.py:188} INFO - [2026-06-13T10:58:30.227+0000] {dagbag.py:545} INFO - Filling up the DagBag from /home/airflow/.local/lib/python3.12/site-packages/airflow/example_dags/tutorial_taskflow_api.py
[2026-06-13T10:58:30.236+0000] {processor.py:840} INFO - DAG(s) 'tutorial_taskflow_api' retrieved from /home/airflow/.local/lib/python3.12/site-packages/airflow/example_dags/tutorial_taskflow_api.py
[2026-06-13T10:58:30.266+0000] {logging_mixin.py:188} INFO - [2026-06-13T10:58:30.265+0000] {dag.py:3096} INFO - Sync 1 DAGs
[2026-06-13T10:58:30.281+0000] {logging_mixin.py:188} INFO - [2026-06-13T10:58:30.281+0000] {dag.py:3954} INFO - Setting next_dagrun for tutorial_taskflow_api to None, run_after=None
[2026-06-13T10:58:30.309+0000] {processor.py:183} INFO - Processing /home/airflow/.local/lib/python3.12/site-packages/airflow/example_dags/tutorial_taskflow_api.py took 0.093 seconds
[2026-06-13T10:59:01.080+0000] {processor.py:161} INFO - Started process (PID=449) to work on /home/airflow/.local/lib/python3.12/site-packages/airflow/example_dags/tutorial_taskflow_api.py
[2026-06-13T10:59:01.082+0000] {processor.py:830} INFO - Processing file /home/airflow/.local/lib/python3.12/site-packages/airflow/example_dags/tutorial_taskflow_api.py for tasks to queue
[2026-06-13T10:59:01.085+0000] {logging_mixin.py:188} INFO - [2026-06-13T10:59:01.085+0000] {dagbag.py:545} INFO - Filling up the DagBag from /home/airflow/.local/lib/python3.12/site-packages/airflow/example_dags/tutorial_taskflow_api.py
[2026-06-13T10:59:01.093+0000] {processor.py:840} INFO - DAG(s) 'tutorial_taskflow_api' retrieved from /home/airflow/.local/lib/python3.12/site-packages/airflow/example_dags/tutorial_taskflow_api.py
[2026-06-13T10:59:01.121+0000] {logging_mixin.py:188} INFO - [2026-06-13T10:59:01.120+0000] {dag.py:3096} INFO - Sync 1 DAGs
[2026-06-13T10:59:01.135+0000] {logging_mixin.py:188} INFO - [2026-06-13T10:59:01.135+0000] {dag.py:3954} INFO - Setting next_dagrun for tutorial_taskflow_api to None, run_after=None
[2026-06-13T10:59:01.161+0000] {processor.py:183} INFO - Processing /home/airflow/.local/lib/python3.12/site-packages/airflow/example_dags/tutorial_taskflow_api.py took 0.087 seconds
[2026-06-13T10:59:31.334+0000] {processor.py:161} INFO - Started process (PID=508) to work on /home/airflow/.local/lib/python3.12/site-packages/airflow/example_dags/tutorial_taskflow_api.py
[2026-06-13T10:59:31.336+0000] {processor.py:830} INFO - Processing file /home/airflow/.local/lib/python3.12/site-packages/airflow/example_dags/tutorial_taskflow_api.py for tasks to queue
[2026-06-13T10:59:31.339+0000] {logging_mixin.py:188} INFO - [2026-06-13T10:59:31.339+0000] {dagbag.py:545} INFO - Filling up the DagBag from /home/airflow/.local/lib/python3.12/site-packages/airflow/example_dags/tutorial_taskflow_api.py
[2026-06-13T10:59:31.347+0000] {processor.py:840} INFO - DAG(s) 'tutorial_taskflow_api' retrieved from /home/airflow/.local/lib/python3.12/site-packages/airflow/example_dags/tutorial_taskflow_api.py
[2026-06-13T10:59:31.374+0000] {logging_mixin.py:188} INFO - [2026-06-13T10:59:31.374+0000] {dag.py:3096} INFO - Sync 1 DAGs
[2026-06-13T10:59:31.388+0000] {logging_mixin.py:188} INFO - [2026-06-13T10:59:31.388+0000] {dag.py:3954} INFO - Setting next_dagrun for tutorial_taskflow_api to None, run_after=None
[2026-06-13T10:59:31.419+0000] {processor.py:183} INFO - Processing /home/airflow/.local/lib/python3.12/site-packages/airflow/example_dags/tutorial_taskflow_api.py took 0.091 seconds
[2026-06-13T11:00:01.536+0000] {processor.py:161} INFO - Started process (PID=567) to work on /home/airflow/.local/lib/python3.12/site-packages/airflow/example_dags/tutorial_taskflow_api.py
[2026-06-13T11:00:01.538+0000] {processor.py:830} INFO - Processing file /home/airflow/.local/lib/python3.12/site-packages/airflow/example_dags/tutorial_taskflow_api.py for tasks to queue
[2026-06-13T11:00:01.540+0000] {logging_mixin.py:188} INFO - [2026-06-13T11:00:01.540+0000] {dagbag.py:545} INFO - Filling up the DagBag from /home/airflow/.local/lib/python3.12/site-packages/airflow/example_dags/tutorial_taskflow_api.py
[2026-06-13T11:00:01.549+0000] {processor.py:840} INFO - DAG(s) 'tutorial_taskflow_api' retrieved from /home/airflow/.local/lib/python3.12/site-packages/airflow/example_dags/tutorial_taskflow_api.py
[2026-06-13T11:00:01.575+0000] {logging_mixin.py:188} INFO - [2026-06-13T11:00:01.575+0000] {dag.py:3096} INFO - Sync 1 DAGs
[2026-06-13T11:00:01.591+0000] {logging_mixin.py:188} INFO - [2026-06-13T11:00:01.590+0000] {dag.py:3954} INFO - Setting next_dagrun for tutorial_taskflow_api to None, run_after=None
[2026-06-13T11:00:01.619+0000] {processor.py:183} INFO - Processing /home/airflow/.local/lib/python3.12/site-packages/airflow/example_dags/tutorial_taskflow_api.py took 0.090 seconds
[2026-06-13T11:00:31.906+0000] {processor.py:161} INFO - Started process (PID=626) to work on /home/airflow/.local/lib/python3.12/site-packages/airflow/example_dags/tutorial_taskflow_api.py
[2026-06-13T11:00:31.908+0000] {processor.py:830} INFO - Processing file /home/airflow/.local/lib/python3.12/site-packages/airflow/example_dags/tutorial_taskflow_api.py for tasks to queue
[2026-06-13T11:00:31.911+0000] {logging_mixin.py:188} INFO - [2026-06-13T11:00:31.910+0000] {dagbag.py:545} INFO - Filling up the DagBag from /home/airflow/.local/lib/python3.12/site-packages/airflow/example_dags/tutorial_taskflow_api.py
[2026-06-13T11:00:31.918+0000] {processor.py:840} INFO - DAG(s) 'tutorial_taskflow_api' retrieved from /home/airflow/.local/lib/python3.12/site-packages/airflow/example_dags/tutorial_taskflow_api.py
[2026-06-13T11:00:31.946+0000] {logging_mixin.py:188} INFO - [2026-06-13T11:00:31.946+0000] {dag.py:3096} INFO - Sync 1 DAGs
[2026-06-13T11:00:31.961+0000] {logging_mixin.py:188} INFO - [2026-06-13T11:00:31.961+0000] {dag.py:3954} INFO - Setting next_dagrun for tutorial_taskflow_api to None, run_after=None
[2026-06-13T11:00:31.987+0000] {processor.py:183} INFO - Processing /home/airflow/.local/lib/python3.12/site-packages/airflow/example_dags/tutorial_taskflow_api.py took 0.087 seconds
[2026-06-13T11:01:02.205+0000] {processor.py:161} INFO - Started process (PID=685) to work on /home/airflow/.local/lib/python3.12/site-packages/airflow/example_dags/tutorial_taskflow_api.py
[2026-06-13T11:01:02.207+0000] {processor.py:830} INFO - Processing file /home/airflow/.local/lib/python3.12/site-packages/airflow/example_dags/tutorial_taskflow_api.py for tasks to queue
[2026-06-13T11:01:02.209+0000] {logging_mixin.py:188} INFO - [2026-06-13T11:01:02.209+0000] {dagbag.py:545} INFO - Filling up the DagBag from /home/airflow/.local/lib/python3.12/site-packages/airflow/example_dags/tutorial_taskflow_api.py
[2026-06-13T11:01:02.216+0000] {processor.py:840} INFO - DAG(s) 'tutorial_taskflow_api' retrieved from /home/airflow/.local/lib/python3.12/site-packages/airflow/example_dags/tutorial_taskflow_api.py
[2026-06-13T11:01:02.242+0000] {logging_mixin.py:188} INFO - [2026-06-13T11:01:02.242+0000] {dag.py:3096} INFO - Sync 1 DAGs
[2026-06-13T11:01:02.256+0000] {logging_mixin.py:188} INFO - [2026-06-13T11:01:02.256+0000] {dag.py:3954} INFO - Setting next_dagrun for tutorial_taskflow_api to None, run_after=None
[2026-06-13T11:01:02.284+0000] {processor.py:183} INFO - Processing /home/airflow/.local/lib/python3.12/site-packages/airflow/example_dags/tutorial_taskflow_api.py took 0.085 seconds
[2026-06-13T11:01:32.731+0000] {processor.py:161} INFO - Started process (PID=744) to work on /home/airflow/.local/lib/python3.12/site-packages/airflow/example_dags/tutorial_taskflow_api.py
[2026-06-13T11:01:32.733+0000] {processor.py:830} INFO - Processing file /home/airflow/.local/lib/python3.12/site-packages/airflow/example_dags/tutorial_taskflow_api.py for tasks to queue
[2026-06-13T11:01:32.736+0000] {logging_mixin.py:188} INFO - [2026-06-13T11:01:32.735+0000] {dagbag.py:545} INFO - Filling up the DagBag from /home/airflow/.local/lib/python3.12/site-packages/airflow/example_dags/tutorial_taskflow_api.py
[2026-06-13T11:01:32.742+0000] {processor.py:840} INFO - DAG(s) 'tutorial_taskflow_api' retrieved from /home/airflow/.local/lib/python3.12/site-packages/airflow/example_dags/tutorial_taskflow_api.py
[2026-06-13T11:01:32.770+0000] {logging_mixin.py:188} INFO - [2026-06-13T11:01:32.769+0000] {dag.py:3096} INFO - Sync 1 DAGs
[2026-06-13T11:01:32.784+0000] {logging_mixin.py:188} INFO - [2026-06-13T11:01:32.784+0000] {dag.py:3954} INFO - Setting next_dagrun for tutorial_taskflow_api to None, run_after=None
[2026-06-13T11:01:32.811+0000] {processor.py:183} INFO - Processing /home/airflow/.local/lib/python3.12/site-packages/airflow/example_dags/tutorial_taskflow_api.py took 0.086 seconds
[2026-06-13T11:02:03.388+0000] {processor.py:161} INFO - Started process (PID=803) to work on /home/airflow/.local/lib/python3.12/site-packages/airflow/example_dags/tutorial_taskflow_api.py
[2026-06-13T11:02:03.390+0000] {processor.py:830} INFO - Processing file /home/airflow/.local/lib/python3.12/site-packages/airflow/example_dags/tutorial_taskflow_api.py for tasks to queue
[2026-06-13T11:02:03.393+0000] {logging_mixin.py:188} INFO - [2026-06-13T11:02:03.392+0000] {dagbag.py:545} INFO - Filling up the DagBag from /home/airflow/.local/lib/python3.12/site-packages/airflow/example_dags/tutorial_taskflow_api.py
[2026-06-13T11:02:03.400+0000] {processor.py:840} INFO - DAG(s) 'tutorial_taskflow_api' retrieved from /home/airflow/.local/lib/python3.12/site-packages/airflow/example_dags/tutorial_taskflow_api.py
[2026-06-13T11:02:03.429+0000] {logging_mixin.py:188} INFO - [2026-06-13T11:02:03.428+0000] {dag.py:3096} INFO - Sync 1 DAGs
[2026-06-13T11:02:03.443+0000] {logging_mixin.py:188} INFO - [2026-06-13T11:02:03.443+0000] {dag.py:3954} INFO - Setting next_dagrun for tutorial_taskflow_api to None, run_after=None
[2026-06-13T11:02:03.471+0000] {processor.py:183} INFO - Processing /home/airflow/.local/lib/python3.12/site-packages/airflow/example_dags/tutorial_taskflow_api.py took 0.088 seconds
[2026-06-13T11:02:34.409+0000] {processor.py:161} INFO - Started process (PID=862) to work on /home/airflow/.local/lib/python3.12/site-packages/airflow/example_dags/tutorial_taskflow_api.py
[2026-06-13T11:02:34.411+0000] {processor.py:830} INFO - Processing file /home/airflow/.local/lib/python3.12/site-packages/airflow/example_dags/tutorial_taskflow_api.py for tasks to queue
[2026-06-13T11:02:34.413+0000] {logging_mixin.py:188} INFO - [2026-06-13T11:02:34.413+0000] {dagbag.py:545} INFO - Filling up the DagBag from /home/airflow/.local/lib/python3.12/site-packages/airflow/example_dags/tutorial_taskflow_api.py
[2026-06-13T11:02:34.420+0000] {processor.py:840} INFO - DAG(s) 'tutorial_taskflow_api' retrieved from /home/airflow/.local/lib/python3.12/site-packages/airflow/example_dags/tutorial_taskflow_api.py
[2026-06-13T11:02:34.446+0000] {logging_mixin.py:188} INFO - [2026-06-13T11:02:34.446+0000] {dag.py:3096} INFO - Sync 1 DAGs
[2026-06-13T11:02:34.462+0000] {logging_mixin.py:188} INFO - [2026-06-13T11:02:34.462+0000] {dag.py:3954} INFO - Setting next_dagrun for tutorial_taskflow_api to None, run_after=None
[2026-06-13T11:02:34.491+0000] {processor.py:183} INFO - Processing /home/airflow/.local/lib/python3.12/site-packages/airflow/example_dags/tutorial_taskflow_api.py took 0.088 seconds
[2026-06-13T11:03:04.582+0000] {processor.py:161} INFO - Started process (PID=921) to work on /home/airflow/.local/lib/python3.12/site-packages/airflow/example_dags/tutorial_taskflow_api.py
[2026-06-13T11:03:04.584+0000] {processor.py:830} INFO - Processing file /home/airflow/.local/lib/python3.12/site-packages/airflow/example_dags/tutorial_taskflow_api.py for tasks to queue
[2026-06-13T11:03:04.586+0000] {logging_mixin.py:188} INFO - [2026-06-13T11:03:04.586+0000] {dagbag.py:545} INFO - Filling up the DagBag from /home/airflow/.local/lib/python3.12/site-packages/airflow/example_dags/tutorial_taskflow_api.py
[2026-06-13T11:03:04.594+0000] {processor.py:840} INFO - DAG(s) 'tutorial_taskflow_api' retrieved from /home/airflow/.local/lib/python3.12/site-packages/airflow/example_dags/tutorial_taskflow_api.py
[2026-06-13T11:03:04.621+0000] {logging_mixin.py:188} INFO - [2026-06-13T11:03:04.621+0000] {dag.py:3096} INFO - Sync 1 DAGs
[2026-06-13T11:03:04.635+0000] {logging_mixin.py:188} INFO - [2026-06-13T11:03:04.635+0000] {dag.py:3954} INFO - Setting next_dagrun for tutorial_taskflow_api to None, run_after=None
[2026-06-13T11:03:04.663+0000] {processor.py:183} INFO - Processing /home/airflow/.local/lib/python3.12/site-packages/airflow/example_dags/tutorial_taskflow_api.py took 0.087 seconds
[2026-06-13T11:03:35.267+0000] {processor.py:161} INFO - Started process (PID=980) to work on /home/airflow/.local/lib/python3.12/site-packages/airflow/example_dags/tutorial_taskflow_api.py
[2026-06-13T11:03:35.269+0000] {processor.py:830} INFO - Processing file /home/airflow/.local/lib/python3.12/site-packages/airflow/example_dags/tutorial_taskflow_api.py for tasks to queue
[2026-06-13T11:03:35.271+0000] {logging_mixin.py:188} INFO - [2026-06-13T11:03:35.271+0000] {dagbag.py:545} INFO - Filling up the DagBag from /home/airflow/.local/lib/python3.12/site-packages/airflow/example_dags/tutorial_taskflow_api.py
[2026-06-13T11:03:35.280+0000] {processor.py:840} INFO - DAG(s) 'tutorial_taskflow_api' retrieved from /home/airflow/.local/lib/python3.12/site-packages/airflow/example_dags/tutorial_taskflow_api.py
[2026-06-13T11:03:35.308+0000] {logging_mixin.py:188} INFO - [2026-06-13T11:03:35.307+0000] {dag.py:3096} INFO - Sync 1 DAGs
[2026-06-13T11:03:35.323+0000] {logging_mixin.py:188} INFO - [2026-06-13T11:03:35.322+0000] {dag.py:3954} INFO - Setting next_dagrun for tutorial_taskflow_api to None, run_after=None
[2026-06-13T11:03:35.351+0000] {processor.py:183} INFO - Processing /home/airflow/.local/lib/python3.12/site-packages/airflow/example_dags/tutorial_taskflow_api.py took 0.090 seconds
[2026-06-13T11:04:05.608+0000] {processor.py:161} INFO - Started process (PID=1039) to work on /home/airflow/.local/lib/python3.12/site-packages/airflow/example_dags/tutorial_taskflow_api.py
[2026-06-13T11:04:05.610+0000] {processor.py:830} INFO - Processing file /home/airflow/.local/lib/python3.12/site-packages/airflow/example_dags/tutorial_taskflow_api.py for tasks to queue
[2026-06-13T11:04:05.613+0000] {logging_mixin.py:188} INFO - [2026-06-13T11:04:05.613+0000] {dagbag.py:545} INFO - Filling up the DagBag from /home/airflow/.local/lib/python3.12/site-packages/airflow/example_dags/tutorial_taskflow_api.py
[2026-06-13T11:04:05.621+0000] {processor.py:840} INFO - DAG(s) 'tutorial_taskflow_api' retrieved from /home/airflow/.local/lib/python3.12/site-packages/airflow/example_dags/tutorial_taskflow_api.py
[2026-06-13T11:04:05.647+0000] {logging_mixin.py:188} INFO - [2026-06-13T11:04:05.646+0000] {dag.py:3096} INFO - Sync 1 DAGs
[2026-06-13T11:04:05.662+0000] {logging_mixin.py:188} INFO - [2026-06-13T11:04:05.661+0000] {dag.py:3954} INFO - Setting next_dagrun for tutorial_taskflow_api to None, run_after=None
[2026-06-13T11:04:05.688+0000] {processor.py:183} INFO - Processing /home/airflow/.local/lib/python3.12/site-packages/airflow/example_dags/tutorial_taskflow_api.py took 0.086 seconds
[2026-06-13T11:04:35.902+0000] {processor.py:161} INFO - Started process (PID=1098) to work on /home/airflow/.local/lib/python3.12/site-packages/airflow/example_dags/tutorial_taskflow_api.py
[2026-06-13T11:04:35.904+0000] {processor.py:830} INFO - Processing file /home/airflow/.local/lib/python3.12/site-packages/airflow/example_dags/tutorial_taskflow_api.py for tasks to queue
[2026-06-13T11:04:35.906+0000] {logging_mixin.py:188} INFO - [2026-06-13T11:04:35.906+0000] {dagbag.py:545} INFO - Filling up the DagBag from /home/airflow/.local/lib/python3.12/site-packages/airflow/example_dags/tutorial_taskflow_api.py
[2026-06-13T11:04:35.913+0000] {processor.py:840} INFO - DAG(s) 'tutorial_taskflow_api' retrieved from /home/airflow/.local/lib/python3.12/site-packages/airflow/example_dags/tutorial_taskflow_api.py
[2026-06-13T11:04:35.940+0000] {logging_mixin.py:188} INFO - [2026-06-13T11:04:35.939+0000] {dag.py:3096} INFO - Sync 1 DAGs
[2026-06-13T11:04:35.955+0000] {logging_mixin.py:188} INFO - [2026-06-13T11:04:35.955+0000] {dag.py:3954} INFO - Setting next_dagrun for tutorial_taskflow_api to None, run_after=None
[2026-06-13T11:04:35.982+0000] {processor.py:183} INFO - Processing /home/airflow/.local/lib/python3.12/site-packages/airflow/example_dags/tutorial_taskflow_api.py took 0.086 seconds
[2026-06-13T11:05:06.285+0000] {processor.py:161} INFO - Started process (PID=1157) to work on /home/airflow/.local/lib/python3.12/site-packages/airflow/example_dags/tutorial_taskflow_api.py
[2026-06-13T11:05:06.287+0000] {processor.py:830} INFO - Processing file /home/airflow/.local/lib/python3.12/site-packages/airflow/example_dags/tutorial_taskflow_api.py for tasks to queue
[2026-06-13T11:05:06.290+0000] {logging_mixin.py:188} INFO - [2026-06-13T11:05:06.290+0000] {dagbag.py:545} INFO - Filling up the DagBag from /home/airflow/.local/lib/python3.12/site-packages/airflow/example_dags/tutorial_taskflow_api.py
[2026-06-13T11:05:06.300+0000] {processor.py:840} INFO - DAG(s) 'tutorial_taskflow_api' retrieved from /home/airflow/.local/lib/python3.12/site-packages/airflow/example_dags/tutorial_taskflow_api.py
[2026-06-13T11:05:06.330+0000] {logging_mixin.py:188} INFO - [2026-06-13T11:05:06.329+0000] {dag.py:3096} INFO - Sync 1 DAGs
[2026-06-13T11:05:06.352+0000] {logging_mixin.py:188} INFO - [2026-06-13T11:05:06.352+0000] {dag.py:3954} INFO - Setting next_dagrun for tutorial_taskflow_api to None, run_after=None
[2026-06-13T11:05:06.390+0000] {processor.py:183} INFO - Processing /home/airflow/.local/lib/python3.12/site-packages/airflow/example_dags/tutorial_taskflow_api.py took 0.113 seconds
[2026-06-13T11:05:36.837+0000] {processor.py:161} INFO - Started process (PID=1217) to work on /home/airflow/.local/lib/python3.12/site-packages/airflow/example_dags/tutorial_taskflow_api.py
[2026-06-13T11:05:36.839+0000] {processor.py:830} INFO - Processing file /home/airflow/.local/lib/python3.12/site-packages/airflow/example_dags/tutorial_taskflow_api.py for tasks to queue
[2026-06-13T11:05:36.842+0000] {logging_mixin.py:188} INFO - [2026-06-13T11:05:36.841+0000] {dagbag.py:545} INFO - Filling up the DagBag from /home/airflow/.local/lib/python3.12/site-packages/airflow/example_dags/tutorial_taskflow_api.py
[2026-06-13T11:05:36.850+0000] {processor.py:840} INFO - DAG(s) 'tutorial_taskflow_api' retrieved from /home/airflow/.local/lib/python3.12/site-packages/airflow/example_dags/tutorial_taskflow_api.py
[2026-06-13T11:05:36.877+0000] {logging_mixin.py:188} INFO - [2026-06-13T11:05:36.877+0000] {dag.py:3096} INFO - Sync 1 DAGs
[2026-06-13T11:05:36.893+0000] {logging_mixin.py:188} INFO - [2026-06-13T11:05:36.893+0000] {dag.py:3954} INFO - Setting next_dagrun for tutorial_taskflow_api to None, run_after=None
[2026-06-13T11:05:36.922+0000] {processor.py:183} INFO - Processing /home/airflow/.local/lib/python3.12/site-packages/airflow/example_dags/tutorial_taskflow_api.py took 0.098 seconds
[2026-06-13T11:06:07.162+0000] {processor.py:161} INFO - Started process (PID=1276) to work on /home/airflow/.local/lib/python3.12/site-packages/airflow/example_dags/tutorial_taskflow_api.py
[2026-06-13T11:06:07.163+0000] {processor.py:830} INFO - Processing file /home/airflow/.local/lib/python3.12/site-packages/airflow/example_dags/tutorial_taskflow_api.py for tasks to queue
[2026-06-13T11:06:07.166+0000] {logging_mixin.py:188} INFO - [2026-06-13T11:06:07.165+0000] {dagbag.py:545} INFO - Filling up the DagBag from /home/airflow/.local/lib/python3.12/site-packages/airflow/example_dags/tutorial_taskflow_api.py
[2026-06-13T11:06:07.173+0000] {processor.py:840} INFO - DAG(s) 'tutorial_taskflow_api' retrieved from /home/airflow/.local/lib/python3.12/site-packages/airflow/example_dags/tutorial_taskflow_api.py
[2026-06-13T11:06:07.202+0000] {logging_mixin.py:188} INFO - [2026-06-13T11:06:07.202+0000] {dag.py:3096} INFO - Sync 1 DAGs
[2026-06-13T11:06:07.217+0000] {logging_mixin.py:188} INFO - [2026-06-13T11:06:07.216+0000] {dag.py:3954} INFO - Setting next_dagrun for tutorial_taskflow_api to None, run_after=None
[2026-06-13T11:06:07.245+0000] {processor.py:183} INFO - Processing /home/airflow/.local/lib/python3.12/site-packages/airflow/example_dags/tutorial_taskflow_api.py took 0.090 seconds
[2026-06-13T11:06:37.507+0000] {processor.py:161} INFO - Started process (PID=1335) to work on /home/airflow/.local/lib/python3.12/site-packages/airflow/example_dags/tutorial_taskflow_api.py
[2026-06-13T11:06:37.509+0000] {processor.py:830} INFO - Processing file /home/airflow/.local/lib/python3.12/site-packages/airflow/example_dags/tutorial_taskflow_api.py for tasks to queue
[2026-06-13T11:06:37.512+0000] {logging_mixin.py:188} INFO - [2026-06-13T11:06:37.511+0000] {dagbag.py:545} INFO - Filling up the DagBag from /home/airflow/.local/lib/python3.12/site-packages/airflow/example_dags/tutorial_taskflow_api.py
[2026-06-13T11:06:37.519+0000] {processor.py:840} INFO - DAG(s) 'tutorial_taskflow_api' retrieved from /home/airflow/.local/lib/python3.12/site-packages/airflow/example_dags/tutorial_taskflow_api.py
[2026-06-13T11:06:37.545+0000] {logging_mixin.py:188} INFO - [2026-06-13T11:06:37.545+0000] {dag.py:3096} INFO - Sync 1 DAGs
[2026-06-13T11:06:37.561+0000] {logging_mixin.py:188} INFO - [2026-06-13T11:06:37.560+0000] {dag.py:3954} INFO - Setting next_dagrun for tutorial_taskflow_api to None, run_after=None
[2026-06-13T11:06:37.588+0000] {processor.py:183} INFO - Processing /home/airflow/.local/lib/python3.12/site-packages/airflow/example_dags/tutorial_taskflow_api.py took 0.086 seconds
[2026-06-13T11:07:08.223+0000] {processor.py:161} INFO - Started process (PID=1394) to work on /home/airflow/.local/lib/python3.12/site-packages/airflow/example_dags/tutorial_taskflow_api.py
[2026-06-13T11:07:08.225+0000] {processor.py:830} INFO - Processing file /home/airflow/.local/lib/python3.12/site-packages/airflow/example_dags/tutorial_taskflow_api.py for tasks to queue
[2026-06-13T11:07:08.229+0000] {logging_mixin.py:188} INFO - [2026-06-13T11:07:08.229+0000] {dagbag.py:545} INFO - Filling up the DagBag from /home/airflow/.local/lib/python3.12/site-packages/airflow/example_dags/tutorial_taskflow_api.py
[2026-06-13T11:07:08.236+0000] {processor.py:840} INFO - DAG(s) 'tutorial_taskflow_api' retrieved from /home/airflow/.local/lib/python3.12/site-packages/airflow/example_dags/tutorial_taskflow_api.py
[2026-06-13T11:07:08.263+0000] {logging_mixin.py:188} INFO - [2026-06-13T11:07:08.262+0000] {dag.py:3096} INFO - Sync 1 DAGs
[2026-06-13T11:07:08.277+0000] {logging_mixin.py:188} INFO - [2026-06-13T11:07:08.277+0000] {dag.py:3954} INFO - Setting next_dagrun for tutorial_taskflow_api to None, run_after=None
[2026-06-13T11:07:08.306+0000] {processor.py:183} INFO - Processing /home/airflow/.local/lib/python3.12/site-packages/airflow/example_dags/tutorial_taskflow_api.py took 0.089 seconds
[2026-06-13T11:07:38.584+0000] {processor.py:161} INFO - Started process (PID=1453) to work on /home/airflow/.local/lib/python3.12/site-packages/airflow/example_dags/tutorial_taskflow_api.py
[2026-06-13T11:07:38.586+0000] {processor.py:830} INFO - Processing file /home/airflow/.local/lib/python3.12/site-packages/airflow/example_dags/tutorial_taskflow_api.py for tasks to queue
[2026-06-13T11:07:38.590+0000] {logging_mixin.py:188} INFO - [2026-06-13T11:07:38.590+0000] {dagbag.py:545} INFO - Filling up the DagBag from /home/airflow/.local/lib/python3.12/site-packages/airflow/example_dags/tutorial_taskflow_api.py
[2026-06-13T11:07:38.597+0000] {processor.py:840} INFO - DAG(s) 'tutorial_taskflow_api' retrieved from /home/airflow/.local/lib/python3.12/site-packages/airflow/example_dags/tutorial_taskflow_api.py
[2026-06-13T11:07:38.623+0000] {logging_mixin.py:188} INFO - [2026-06-13T11:07:38.622+0000] {dag.py:3096} INFO - Sync 1 DAGs
[2026-06-13T11:07:38.637+0000] {logging_mixin.py:188} INFO - [2026-06-13T11:07:38.637+0000] {dag.py:3954} INFO - Setting next_dagrun for tutorial_taskflow_api to None, run_after=None
[2026-06-13T11:07:38.677+0000] {processor.py:183} INFO - Processing /home/airflow/.local/lib/python3.12/site-packages/airflow/example_dags/tutorial_taskflow_api.py took 0.099 seconds
[2026-06-13T11:08:09.180+0000] {processor.py:161} INFO - Started process (PID=1513) to work on /home/airflow/.local/lib/python3.12/site-packages/airflow/example_dags/tutorial_taskflow_api.py
[2026-06-13T11:08:09.181+0000] {processor.py:830} INFO - Processing file /home/airflow/.local/lib/python3.12/site-packages/airflow/example_dags/tutorial_taskflow_api.py for tasks to queue
[2026-06-13T11:08:09.184+0000] {logging_mixin.py:188} INFO - [2026-06-13T11:08:09.183+0000] {dagbag.py:545} INFO - Filling up the DagBag from /home/airflow/.local/lib/python3.12/site-packages/airflow/example_dags/tutorial_taskflow_api.py
[2026-06-13T11:08:09.192+0000] {processor.py:840} INFO - DAG(s) 'tutorial_taskflow_api' retrieved from /home/airflow/.local/lib/python3.12/site-packages/airflow/example_dags/tutorial_taskflow_api.py
[2026-06-13T11:08:09.219+0000] {logging_mixin.py:188} INFO - [2026-06-13T11:08:09.219+0000] {dag.py:3096} INFO - Sync 1 DAGs
[2026-06-13T11:08:09.234+0000] {logging_mixin.py:188} INFO - [2026-06-13T11:08:09.234+0000] {dag.py:3954} INFO - Setting next_dagrun for tutorial_taskflow_api to None, run_after=None
[2026-06-13T11:08:09.260+0000] {processor.py:183} INFO - Processing /home/airflow/.local/lib/python3.12/site-packages/airflow/example_dags/tutorial_taskflow_api.py took 0.087 seconds
[2026-06-13T11:09:21.533+0000] {processor.py:161} INFO - Started process (PID=95) to work on /home/airflow/.local/lib/python3.12/site-packages/airflow/example_dags/tutorial_taskflow_api.py
[2026-06-13T11:09:21.535+0000] {processor.py:830} INFO - Processing file /home/airflow/.local/lib/python3.12/site-packages/airflow/example_dags/tutorial_taskflow_api.py for tasks to queue
[2026-06-13T11:09:21.538+0000] {logging_mixin.py:188} INFO - [2026-06-13T11:09:21.538+0000] {dagbag.py:545} INFO - Filling up the DagBag from /home/airflow/.local/lib/python3.12/site-packages/airflow/example_dags/tutorial_taskflow_api.py
[2026-06-13T11:09:21.551+0000] {processor.py:840} INFO - DAG(s) 'tutorial_taskflow_api' retrieved from /home/airflow/.local/lib/python3.12/site-packages/airflow/example_dags/tutorial_taskflow_api.py
[2026-06-13T11:09:21.715+0000] {logging_mixin.py:188} INFO - [2026-06-13T11:09:21.714+0000] {dag.py:3096} INFO - Sync 1 DAGs
[2026-06-13T11:09:21.731+0000] {logging_mixin.py:188} INFO - [2026-06-13T11:09:21.731+0000] {dag.py:3954} INFO - Setting next_dagrun for tutorial_taskflow_api to None, run_after=None
[2026-06-13T11:09:21.769+0000] {processor.py:183} INFO - Processing /home/airflow/.local/lib/python3.12/site-packages/airflow/example_dags/tutorial_taskflow_api.py took 0.244 seconds
[2026-06-13T11:09:51.897+0000] {processor.py:161} INFO - Started process (PID=154) to work on /home/airflow/.local/lib/python3.12/site-packages/airflow/example_dags/tutorial_taskflow_api.py
[2026-06-13T11:09:51.899+0000] {processor.py:830} INFO - Processing file /home/airflow/.local/lib/python3.12/site-packages/airflow/example_dags/tutorial_taskflow_api.py for tasks to queue
[2026-06-13T11:09:51.902+0000] {logging_mixin.py:188} INFO - [2026-06-13T11:09:51.901+0000] {dagbag.py:545} INFO - Filling up the DagBag from /home/airflow/.local/lib/python3.12/site-packages/airflow/example_dags/tutorial_taskflow_api.py
[2026-06-13T11:09:51.909+0000] {processor.py:840} INFO - DAG(s) 'tutorial_taskflow_api' retrieved from /home/airflow/.local/lib/python3.12/site-packages/airflow/example_dags/tutorial_taskflow_api.py
[2026-06-13T11:09:51.936+0000] {logging_mixin.py:188} INFO - [2026-06-13T11:09:51.936+0000] {dag.py:3096} INFO - Sync 1 DAGs
[2026-06-13T11:09:51.954+0000] {logging_mixin.py:188} INFO - [2026-06-13T11:09:51.954+0000] {dag.py:3954} INFO - Setting next_dagrun for tutorial_taskflow_api to None, run_after=None
[2026-06-13T11:09:51.985+0000] {processor.py:183} INFO - Processing /home/airflow/.local/lib/python3.12/site-packages/airflow/example_dags/tutorial_taskflow_api.py took 0.093 seconds
[2026-06-13T11:10:22.389+0000] {processor.py:161} INFO - Started process (PID=213) to work on /home/airflow/.local/lib/python3.12/site-packages/airflow/example_dags/tutorial_taskflow_api.py
[2026-06-13T11:10:22.390+0000] {processor.py:830} INFO - Processing file /home/airflow/.local/lib/python3.12/site-packages/airflow/example_dags/tutorial_taskflow_api.py for tasks to queue
[2026-06-13T11:10:22.394+0000] {logging_mixin.py:188} INFO - [2026-06-13T11:10:22.393+0000] {dagbag.py:545} INFO - Filling up the DagBag from /home/airflow/.local/lib/python3.12/site-packages/airflow/example_dags/tutorial_taskflow_api.py
[2026-06-13T11:10:22.402+0000] {processor.py:840} INFO - DAG(s) 'tutorial_taskflow_api' retrieved from /home/airflow/.local/lib/python3.12/site-packages/airflow/example_dags/tutorial_taskflow_api.py
[2026-06-13T11:10:22.426+0000] {logging_mixin.py:188} INFO - [2026-06-13T11:10:22.426+0000] {dag.py:3096} INFO - Sync 1 DAGs
[2026-06-13T11:10:22.441+0000] {logging_mixin.py:188} INFO - [2026-06-13T11:10:22.441+0000] {dag.py:3954} INFO - Setting next_dagrun for tutorial_taskflow_api to None, run_after=None
[2026-06-13T11:10:22.468+0000] {processor.py:183} INFO - Processing /home/airflow/.local/lib/python3.12/site-packages/airflow/example_dags/tutorial_taskflow_api.py took 0.085 seconds
[2026-06-13T11:10:52.978+0000] {processor.py:161} INFO - Started process (PID=272) to work on /home/airflow/.local/lib/python3.12/site-packages/airflow/example_dags/tutorial_taskflow_api.py
[2026-06-13T11:10:52.979+0000] {processor.py:830} INFO - Processing file /home/airflow/.local/lib/python3.12/site-packages/airflow/example_dags/tutorial_taskflow_api.py for tasks to queue
[2026-06-13T11:10:52.982+0000] {logging_mixin.py:188} INFO - [2026-06-13T11:10:52.981+0000] {dagbag.py:545} INFO - Filling up the DagBag from /home/airflow/.local/lib/python3.12/site-packages/airflow/example_dags/tutorial_taskflow_api.py
[2026-06-13T11:10:52.988+0000] {processor.py:840} INFO - DAG(s) 'tutorial_taskflow_api' retrieved from /home/airflow/.local/lib/python3.12/site-packages/airflow/example_dags/tutorial_taskflow_api.py
[2026-06-13T11:10:53.014+0000] {logging_mixin.py:188} INFO - [2026-06-13T11:10:53.013+0000] {dag.py:3096} INFO - Sync 1 DAGs
[2026-06-13T11:10:53.028+0000] {logging_mixin.py:188} INFO - [2026-06-13T11:10:53.028+0000] {dag.py:3954} INFO - Setting next_dagrun for tutorial_taskflow_api to None, run_after=None
[2026-06-13T11:10:53.054+0000] {processor.py:183} INFO - Processing /home/airflow/.local/lib/python3.12/site-packages/airflow/example_dags/tutorial_taskflow_api.py took 0.082 seconds
[2026-06-13T11:11:23.296+0000] {processor.py:161} INFO - Started process (PID=331) to work on /home/airflow/.local/lib/python3.12/site-packages/airflow/example_dags/tutorial_taskflow_api.py
[2026-06-13T11:11:23.298+0000] {processor.py:830} INFO - Processing file /home/airflow/.local/lib/python3.12/site-packages/airflow/example_dags/tutorial_taskflow_api.py for tasks to queue
[2026-06-13T11:11:23.301+0000] {logging_mixin.py:188} INFO - [2026-06-13T11:11:23.301+0000] {dagbag.py:545} INFO - Filling up the DagBag from /home/airflow/.local/lib/python3.12/site-packages/airflow/example_dags/tutorial_taskflow_api.py
[2026-06-13T11:11:23.308+0000] {processor.py:840} INFO - DAG(s) 'tutorial_taskflow_api' retrieved from /home/airflow/.local/lib/python3.12/site-packages/airflow/example_dags/tutorial_taskflow_api.py
[2026-06-13T11:11:23.332+0000] {logging_mixin.py:188} INFO - [2026-06-13T11:11:23.332+0000] {dag.py:3096} INFO - Sync 1 DAGs
[2026-06-13T11:11:23.346+0000] {logging_mixin.py:188} INFO - [2026-06-13T11:11:23.346+0000] {dag.py:3954} INFO - Setting next_dagrun for tutorial_taskflow_api to None, run_after=None
[2026-06-13T11:11:23.375+0000] {processor.py:183} INFO - Processing /home/airflow/.local/lib/python3.12/site-packages/airflow/example_dags/tutorial_taskflow_api.py took 0.085 seconds
[2026-06-13T11:11:53.523+0000] {processor.py:161} INFO - Started process (PID=390) to work on /home/airflow/.local/lib/python3.12/site-packages/airflow/example_dags/tutorial_taskflow_api.py
[2026-06-13T11:11:53.526+0000] {processor.py:830} INFO - Processing file /home/airflow/.local/lib/python3.12/site-packages/airflow/example_dags/tutorial_taskflow_api.py for tasks to queue
[2026-06-13T11:11:53.529+0000] {logging_mixin.py:188} INFO - [2026-06-13T11:11:53.529+0000] {dagbag.py:545} INFO - Filling up the DagBag from /home/airflow/.local/lib/python3.12/site-packages/airflow/example_dags/tutorial_taskflow_api.py
[2026-06-13T11:11:53.538+0000] {processor.py:840} INFO - DAG(s) 'tutorial_taskflow_api' retrieved from /home/airflow/.local/lib/python3.12/site-packages/airflow/example_dags/tutorial_taskflow_api.py
[2026-06-13T11:11:53.565+0000] {logging_mixin.py:188} INFO - [2026-06-13T11:11:53.564+0000] {dag.py:3096} INFO - Sync 1 DAGs
[2026-06-13T11:11:53.582+0000] {logging_mixin.py:188} INFO - [2026-06-13T11:11:53.581+0000] {dag.py:3954} INFO - Setting next_dagrun for tutorial_taskflow_api to None, run_after=None
[2026-06-13T11:11:53.611+0000] {processor.py:183} INFO - Processing /home/airflow/.local/lib/python3.12/site-packages/airflow/example_dags/tutorial_taskflow_api.py took 0.097 seconds
[2026-06-13T11:12:23.817+0000] {processor.py:161} INFO - Started process (PID=449) to work on /home/airflow/.local/lib/python3.12/site-packages/airflow/example_dags/tutorial_taskflow_api.py
[2026-06-13T11:12:23.819+0000] {processor.py:830} INFO - Processing file /home/airflow/.local/lib/python3.12/site-packages/airflow/example_dags/tutorial_taskflow_api.py for tasks to queue
[2026-06-13T11:12:23.822+0000] {logging_mixin.py:188} INFO - [2026-06-13T11:12:23.822+0000] {dagbag.py:545} INFO - Filling up the DagBag from /home/airflow/.local/lib/python3.12/site-packages/airflow/example_dags/tutorial_taskflow_api.py
[2026-06-13T11:12:23.830+0000] {processor.py:840} INFO - DAG(s) 'tutorial_taskflow_api' retrieved from /home/airflow/.local/lib/python3.12/site-packages/airflow/example_dags/tutorial_taskflow_api.py
[2026-06-13T11:12:23.855+0000] {logging_mixin.py:188} INFO - [2026-06-13T11:12:23.854+0000] {dag.py:3096} INFO - Sync 1 DAGs
[2026-06-13T11:12:23.869+0000] {logging_mixin.py:188} INFO - [2026-06-13T11:12:23.869+0000] {dag.py:3954} INFO - Setting next_dagrun for tutorial_taskflow_api to None, run_after=None
[2026-06-13T11:12:23.894+0000] {processor.py:183} INFO - Processing /home/airflow/.local/lib/python3.12/site-packages/airflow/example_dags/tutorial_taskflow_api.py took 0.083 seconds
[2026-06-13T11:12:54.237+0000] {processor.py:161} INFO - Started process (PID=508) to work on /home/airflow/.local/lib/python3.12/site-packages/airflow/example_dags/tutorial_taskflow_api.py
[2026-06-13T11:12:54.239+0000] {processor.py:830} INFO - Processing file /home/airflow/.local/lib/python3.12/site-packages/airflow/example_dags/tutorial_taskflow_api.py for tasks to queue
[2026-06-13T11:12:54.243+0000] {logging_mixin.py:188} INFO - [2026-06-13T11:12:54.242+0000] {dagbag.py:545} INFO - Filling up the DagBag from /home/airflow/.local/lib/python3.12/site-packages/airflow/example_dags/tutorial_taskflow_api.py
[2026-06-13T11:12:54.251+0000] {processor.py:840} INFO - DAG(s) 'tutorial_taskflow_api' retrieved from /home/airflow/.local/lib/python3.12/site-packages/airflow/example_dags/tutorial_taskflow_api.py
[2026-06-13T11:12:54.277+0000] {logging_mixin.py:188} INFO - [2026-06-13T11:12:54.276+0000] {dag.py:3096} INFO - Sync 1 DAGs
[2026-06-13T11:12:54.291+0000] {logging_mixin.py:188} INFO - [2026-06-13T11:12:54.291+0000] {dag.py:3954} INFO - Setting next_dagrun for tutorial_taskflow_api to None, run_after=None
[2026-06-13T11:12:54.317+0000] {processor.py:183} INFO - Processing /home/airflow/.local/lib/python3.12/site-packages/airflow/example_dags/tutorial_taskflow_api.py took 0.085 seconds
[2026-06-13T11:13:24.424+0000] {processor.py:161} INFO - Started process (PID=567) to work on /home/airflow/.local/lib/python3.12/site-packages/airflow/example_dags/tutorial_taskflow_api.py
[2026-06-13T11:13:24.426+0000] {processor.py:830} INFO - Processing file /home/airflow/.local/lib/python3.12/site-packages/airflow/example_dags/tutorial_taskflow_api.py for tasks to queue
[2026-06-13T11:13:24.429+0000] {logging_mixin.py:188} INFO - [2026-06-13T11:13:24.429+0000] {dagbag.py:545} INFO - Filling up the DagBag from /home/airflow/.local/lib/python3.12/site-packages/airflow/example_dags/tutorial_taskflow_api.py
[2026-06-13T11:13:24.437+0000] {processor.py:840} INFO - DAG(s) 'tutorial_taskflow_api' retrieved from /home/airflow/.local/lib/python3.12/site-packages/airflow/example_dags/tutorial_taskflow_api.py
[2026-06-13T11:13:24.464+0000] {logging_mixin.py:188} INFO - [2026-06-13T11:13:24.464+0000] {dag.py:3096} INFO - Sync 1 DAGs
[2026-06-13T11:13:24.478+0000] {logging_mixin.py:188} INFO - [2026-06-13T11:13:24.478+0000] {dag.py:3954} INFO - Setting next_dagrun for tutorial_taskflow_api to None, run_after=None
[2026-06-13T11:13:24.501+0000] {processor.py:183} INFO - Processing /home/airflow/.local/lib/python3.12/site-packages/airflow/example_dags/tutorial_taskflow_api.py took 0.084 seconds
[2026-06-13T11:13:55.066+0000] {processor.py:161} INFO - Started process (PID=626) to work on /home/airflow/.local/lib/python3.12/site-packages/airflow/example_dags/tutorial_taskflow_api.py
[2026-06-13T11:13:55.067+0000] {processor.py:830} INFO - Processing file /home/airflow/.local/lib/python3.12/site-packages/airflow/example_dags/tutorial_taskflow_api.py for tasks to queue
[2026-06-13T11:13:55.071+0000] {logging_mixin.py:188} INFO - [2026-06-13T11:13:55.070+0000] {dagbag.py:545} INFO - Filling up the DagBag from /home/airflow/.local/lib/python3.12/site-packages/airflow/example_dags/tutorial_taskflow_api.py
[2026-06-13T11:13:55.078+0000] {processor.py:840} INFO - DAG(s) 'tutorial_taskflow_api' retrieved from /home/airflow/.local/lib/python3.12/site-packages/airflow/example_dags/tutorial_taskflow_api.py
[2026-06-13T11:13:55.106+0000] {logging_mixin.py:188} INFO - [2026-06-13T11:13:55.106+0000] {dag.py:3096} INFO - Sync 1 DAGs
[2026-06-13T11:13:55.119+0000] {logging_mixin.py:188} INFO - [2026-06-13T11:13:55.119+0000] {dag.py:3954} INFO - Setting next_dagrun for tutorial_taskflow_api to None, run_after=None
[2026-06-13T11:13:55.145+0000] {processor.py:183} INFO - Processing /home/airflow/.local/lib/python3.12/site-packages/airflow/example_dags/tutorial_taskflow_api.py took 0.086 seconds
[2026-06-13T11:14:25.692+0000] {processor.py:161} INFO - Started process (PID=685) to work on /home/airflow/.local/lib/python3.12/site-packages/airflow/example_dags/tutorial_taskflow_api.py
[2026-06-13T11:14:25.694+0000] {processor.py:830} INFO - Processing file /home/airflow/.local/lib/python3.12/site-packages/airflow/example_dags/tutorial_taskflow_api.py for tasks to queue
[2026-06-13T11:14:25.697+0000] {logging_mixin.py:188} INFO - [2026-06-13T11:14:25.696+0000] {dagbag.py:545} INFO - Filling up the DagBag from /home/airflow/.local/lib/python3.12/site-packages/airflow/example_dags/tutorial_taskflow_api.py
[2026-06-13T11:14:25.705+0000] {processor.py:840} INFO - DAG(s) 'tutorial_taskflow_api' retrieved from /home/airflow/.local/lib/python3.12/site-packages/airflow/example_dags/tutorial_taskflow_api.py
[2026-06-13T11:14:25.737+0000] {logging_mixin.py:188} INFO - [2026-06-13T11:14:25.736+0000] {dag.py:3096} INFO - Sync 1 DAGs
[2026-06-13T11:14:25.753+0000] {logging_mixin.py:188} INFO - [2026-06-13T11:14:25.753+0000] {dag.py:3954} INFO - Setting next_dagrun for tutorial_taskflow_api to None, run_after=None
[2026-06-13T11:14:25.782+0000] {processor.py:183} INFO - Processing /home/airflow/.local/lib/python3.12/site-packages/airflow/example_dags/tutorial_taskflow_api.py took 0.097 seconds
[2026-06-13T11:14:56.149+0000] {processor.py:161} INFO - Started process (PID=744) to work on /home/airflow/.local/lib/python3.12/site-packages/airflow/example_dags/tutorial_taskflow_api.py
[2026-06-13T11:14:56.150+0000] {processor.py:830} INFO - Processing file /home/airflow/.local/lib/python3.12/site-packages/airflow/example_dags/tutorial_taskflow_api.py for tasks to queue
[2026-06-13T11:14:56.153+0000] {logging_mixin.py:188} INFO - [2026-06-13T11:14:56.152+0000] {dagbag.py:545} INFO - Filling up the DagBag from /home/airflow/.local/lib/python3.12/site-packages/airflow/example_dags/tutorial_taskflow_api.py
[2026-06-13T11:14:56.161+0000] {processor.py:840} INFO - DAG(s) 'tutorial_taskflow_api' retrieved from /home/airflow/.local/lib/python3.12/site-packages/airflow/example_dags/tutorial_taskflow_api.py
[2026-06-13T11:14:56.189+0000] {logging_mixin.py:188} INFO - [2026-06-13T11:14:56.188+0000] {dag.py:3096} INFO - Sync 1 DAGs
[2026-06-13T11:14:56.205+0000] {logging_mixin.py:188} INFO - [2026-06-13T11:14:56.204+0000] {dag.py:3954} INFO - Setting next_dagrun for tutorial_taskflow_api to None, run_after=None
[2026-06-13T11:14:56.234+0000] {processor.py:183} INFO - Processing /home/airflow/.local/lib/python3.12/site-packages/airflow/example_dags/tutorial_taskflow_api.py took 0.092 seconds
[2026-06-13T11:15:27.163+0000] {processor.py:161} INFO - Started process (PID=803) to work on /home/airflow/.local/lib/python3.12/site-packages/airflow/example_dags/tutorial_taskflow_api.py
[2026-06-13T11:15:27.164+0000] {processor.py:830} INFO - Processing file /home/airflow/.local/lib/python3.12/site-packages/airflow/example_dags/tutorial_taskflow_api.py for tasks to queue
[2026-06-13T11:15:27.168+0000] {logging_mixin.py:188} INFO - [2026-06-13T11:15:27.167+0000] {dagbag.py:545} INFO - Filling up the DagBag from /home/airflow/.local/lib/python3.12/site-packages/airflow/example_dags/tutorial_taskflow_api.py
[2026-06-13T11:15:27.175+0000] {processor.py:840} INFO - DAG(s) 'tutorial_taskflow_api' retrieved from /home/airflow/.local/lib/python3.12/site-packages/airflow/example_dags/tutorial_taskflow_api.py
[2026-06-13T11:15:27.203+0000] {logging_mixin.py:188} INFO - [2026-06-13T11:15:27.203+0000] {dag.py:3096} INFO - Sync 1 DAGs
[2026-06-13T11:15:27.218+0000] {logging_mixin.py:188} INFO - [2026-06-13T11:15:27.217+0000] {dag.py:3954} INFO - Setting next_dagrun for tutorial_taskflow_api to None, run_after=None
[2026-06-13T11:15:27.247+0000] {processor.py:183} INFO - Processing /home/airflow/.local/lib/python3.12/site-packages/airflow/example_dags/tutorial_taskflow_api.py took 0.090 seconds
[2026-06-13T11:15:57.630+0000] {processor.py:161} INFO - Started process (PID=862) to work on /home/airflow/.local/lib/python3.12/site-packages/airflow/example_dags/tutorial_taskflow_api.py
[2026-06-13T11:15:57.632+0000] {processor.py:830} INFO - Processing file /home/airflow/.local/lib/python3.12/site-packages/airflow/example_dags/tutorial_taskflow_api.py for tasks to queue
[2026-06-13T11:15:57.636+0000] {logging_mixin.py:188} INFO - [2026-06-13T11:15:57.635+0000] {dagbag.py:545} INFO - Filling up the DagBag from /home/airflow/.local/lib/python3.12/site-packages/airflow/example_dags/tutorial_taskflow_api.py
[2026-06-13T11:15:57.642+0000] {processor.py:840} INFO - DAG(s) 'tutorial_taskflow_api' retrieved from /home/airflow/.local/lib/python3.12/site-packages/airflow/example_dags/tutorial_taskflow_api.py
[2026-06-13T11:15:57.668+0000] {logging_mixin.py:188} INFO - [2026-06-13T11:15:57.668+0000] {dag.py:3096} INFO - Sync 1 DAGs
[2026-06-13T11:15:57.682+0000] {logging_mixin.py:188} INFO - [2026-06-13T11:15:57.682+0000] {dag.py:3954} INFO - Setting next_dagrun for tutorial_taskflow_api to None, run_after=None
[2026-06-13T11:15:57.708+0000] {processor.py:183} INFO - Processing /home/airflow/.local/lib/python3.12/site-packages/airflow/example_dags/tutorial_taskflow_api.py took 0.084 seconds
[2026-06-13T11:16:28.141+0000] {processor.py:161} INFO - Started process (PID=921) to work on /home/airflow/.local/lib/python3.12/site-packages/airflow/example_dags/tutorial_taskflow_api.py
[2026-06-13T11:16:28.142+0000] {processor.py:830} INFO - Processing file /home/airflow/.local/lib/python3.12/site-packages/airflow/example_dags/tutorial_taskflow_api.py for tasks to queue
[2026-06-13T11:16:28.145+0000] {logging_mixin.py:188} INFO - [2026-06-13T11:16:28.145+0000] {dagbag.py:545} INFO - Filling up the DagBag from /home/airflow/.local/lib/python3.12/site-packages/airflow/example_dags/tutorial_taskflow_api.py
[2026-06-13T11:16:28.152+0000] {processor.py:840} INFO - DAG(s) 'tutorial_taskflow_api' retrieved from /home/airflow/.local/lib/python3.12/site-packages/airflow/example_dags/tutorial_taskflow_api.py
[2026-06-13T11:16:28.180+0000] {logging_mixin.py:188} INFO - [2026-06-13T11:16:28.179+0000] {dag.py:3096} INFO - Sync 1 DAGs
[2026-06-13T11:16:28.193+0000] {logging_mixin.py:188} INFO - [2026-06-13T11:16:28.192+0000] {dag.py:3954} INFO - Setting next_dagrun for tutorial_taskflow_api to None, run_after=None
[2026-06-13T11:16:28.215+0000] {processor.py:183} INFO - Processing /home/airflow/.local/lib/python3.12/site-packages/airflow/example_dags/tutorial_taskflow_api.py took 0.081 seconds
[2026-06-13T11:16:58.400+0000] {processor.py:161} INFO - Started process (PID=981) to work on /home/airflow/.local/lib/python3.12/site-packages/airflow/example_dags/tutorial_taskflow_api.py
[2026-06-13T11:16:58.402+0000] {processor.py:830} INFO - Processing file /home/airflow/.local/lib/python3.12/site-packages/airflow/example_dags/tutorial_taskflow_api.py for tasks to queue
[2026-06-13T11:16:58.406+0000] {logging_mixin.py:188} INFO - [2026-06-13T11:16:58.405+0000] {dagbag.py:545} INFO - Filling up the DagBag from /home/airflow/.local/lib/python3.12/site-packages/airflow/example_dags/tutorial_taskflow_api.py
[2026-06-13T11:16:58.414+0000] {processor.py:840} INFO - DAG(s) 'tutorial_taskflow_api' retrieved from /home/airflow/.local/lib/python3.12/site-packages/airflow/example_dags/tutorial_taskflow_api.py
[2026-06-13T11:16:58.444+0000] {logging_mixin.py:188} INFO - [2026-06-13T11:16:58.443+0000] {dag.py:3096} INFO - Sync 1 DAGs
[2026-06-13T11:16:58.461+0000] {logging_mixin.py:188} INFO - [2026-06-13T11:16:58.460+0000] {dag.py:3954} INFO - Setting next_dagrun for tutorial_taskflow_api to None, run_after=None
[2026-06-13T11:16:58.492+0000] {processor.py:183} INFO - Processing /home/airflow/.local/lib/python3.12/site-packages/airflow/example_dags/tutorial_taskflow_api.py took 0.100 seconds
[2026-06-13T11:17:28.644+0000] {processor.py:161} INFO - Started process (PID=1040) to work on /home/airflow/.local/lib/python3.12/site-packages/airflow/example_dags/tutorial_taskflow_api.py
[2026-06-13T11:17:28.646+0000] {processor.py:830} INFO - Processing file /home/airflow/.local/lib/python3.12/site-packages/airflow/example_dags/tutorial_taskflow_api.py for tasks to queue
[2026-06-13T11:17:28.649+0000] {logging_mixin.py:188} INFO - [2026-06-13T11:17:28.648+0000] {dagbag.py:545} INFO - Filling up the DagBag from /home/airflow/.local/lib/python3.12/site-packages/airflow/example_dags/tutorial_taskflow_api.py
[2026-06-13T11:17:28.657+0000] {processor.py:840} INFO - DAG(s) 'tutorial_taskflow_api' retrieved from /home/airflow/.local/lib/python3.12/site-packages/airflow/example_dags/tutorial_taskflow_api.py
[2026-06-13T11:17:28.681+0000] {logging_mixin.py:188} INFO - [2026-06-13T11:17:28.681+0000] {dag.py:3096} INFO - Sync 1 DAGs
[2026-06-13T11:17:28.694+0000] {logging_mixin.py:188} INFO - [2026-06-13T11:17:28.694+0000] {dag.py:3954} INFO - Setting next_dagrun for tutorial_taskflow_api to None, run_after=None
[2026-06-13T11:17:28.720+0000] {processor.py:183} INFO - Processing /home/airflow/.local/lib/python3.12/site-packages/airflow/example_dags/tutorial_taskflow_api.py took 0.081 seconds
[2026-06-13T11:17:59.155+0000] {processor.py:161} INFO - Started process (PID=1099) to work on /home/airflow/.local/lib/python3.12/site-packages/airflow/example_dags/tutorial_taskflow_api.py
[2026-06-13T11:17:59.156+0000] {processor.py:830} INFO - Processing file /home/airflow/.local/lib/python3.12/site-packages/airflow/example_dags/tutorial_taskflow_api.py for tasks to queue
[2026-06-13T11:17:59.159+0000] {logging_mixin.py:188} INFO - [2026-06-13T11:17:59.158+0000] {dagbag.py:545} INFO - Filling up the DagBag from /home/airflow/.local/lib/python3.12/site-packages/airflow/example_dags/tutorial_taskflow_api.py
[2026-06-13T11:17:59.167+0000] {processor.py:840} INFO - DAG(s) 'tutorial_taskflow_api' retrieved from /home/airflow/.local/lib/python3.12/site-packages/airflow/example_dags/tutorial_taskflow_api.py
[2026-06-13T11:17:59.194+0000] {logging_mixin.py:188} INFO - [2026-06-13T11:17:59.193+0000] {dag.py:3096} INFO - Sync 1 DAGs
[2026-06-13T11:17:59.208+0000] {logging_mixin.py:188} INFO - [2026-06-13T11:17:59.208+0000] {dag.py:3954} INFO - Setting next_dagrun for tutorial_taskflow_api to None, run_after=None
[2026-06-13T11:17:59.234+0000] {processor.py:183} INFO - Processing /home/airflow/.local/lib/python3.12/site-packages/airflow/example_dags/tutorial_taskflow_api.py took 0.086 seconds
[2026-06-13T11:18:30.057+0000] {processor.py:161} INFO - Started process (PID=1158) to work on /home/airflow/.local/lib/python3.12/site-packages/airflow/example_dags/tutorial_taskflow_api.py
[2026-06-13T11:18:30.060+0000] {processor.py:830} INFO - Processing file /home/airflow/.local/lib/python3.12/site-packages/airflow/example_dags/tutorial_taskflow_api.py for tasks to queue
[2026-06-13T11:18:30.063+0000] {logging_mixin.py:188} INFO - [2026-06-13T11:18:30.062+0000] {dagbag.py:545} INFO - Filling up the DagBag from /home/airflow/.local/lib/python3.12/site-packages/airflow/example_dags/tutorial_taskflow_api.py
[2026-06-13T11:18:30.071+0000] {processor.py:840} INFO - DAG(s) 'tutorial_taskflow_api' retrieved from /home/airflow/.local/lib/python3.12/site-packages/airflow/example_dags/tutorial_taskflow_api.py
[2026-06-13T11:18:30.100+0000] {logging_mixin.py:188} INFO - [2026-06-13T11:18:30.099+0000] {dag.py:3096} INFO - Sync 1 DAGs
[2026-06-13T11:18:30.119+0000] {logging_mixin.py:188} INFO - [2026-06-13T11:18:30.119+0000] {dag.py:3954} INFO - Setting next_dagrun for tutorial_taskflow_api to None, run_after=None
[2026-06-13T11:18:30.148+0000] {processor.py:183} INFO - Processing /home/airflow/.local/lib/python3.12/site-packages/airflow/example_dags/tutorial_taskflow_api.py took 0.100 seconds
[2026-06-13T11:48:55.183+0000] {processor.py:161} INFO - Started process (PID=1217) to work on /home/airflow/.local/lib/python3.12/site-packages/airflow/example_dags/tutorial_taskflow_api.py
[2026-06-13T11:48:55.185+0000] {processor.py:830} INFO - Processing file /home/airflow/.local/lib/python3.12/site-packages/airflow/example_dags/tutorial_taskflow_api.py for tasks to queue
[2026-06-13T11:48:55.191+0000] {logging_mixin.py:188} INFO - [2026-06-13T11:48:55.190+0000] {dagbag.py:545} INFO - Filling up the DagBag from /home/airflow/.local/lib/python3.12/site-packages/airflow/example_dags/tutorial_taskflow_api.py
[2026-06-13T11:48:55.224+0000] {processor.py:840} INFO - DAG(s) 'tutorial_taskflow_api' retrieved from /home/airflow/.local/lib/python3.12/site-packages/airflow/example_dags/tutorial_taskflow_api.py
[2026-06-13T11:48:55.298+0000] {logging_mixin.py:188} INFO - [2026-06-13T11:48:55.296+0000] {dag.py:3096} INFO - Sync 1 DAGs
[2026-06-13T11:48:55.349+0000] {logging_mixin.py:188} INFO - [2026-06-13T11:48:55.348+0000] {dag.py:3954} INFO - Setting next_dagrun for tutorial_taskflow_api to None, run_after=None
[2026-06-13T11:48:55.459+0000] {processor.py:183} INFO - Processing /home/airflow/.local/lib/python3.12/site-packages/airflow/example_dags/tutorial_taskflow_api.py took 0.298 seconds
[2026-06-13T11:49:25.823+0000] {processor.py:161} INFO - Started process (PID=1276) to work on /home/airflow/.local/lib/python3.12/site-packages/airflow/example_dags/tutorial_taskflow_api.py
[2026-06-13T11:49:25.824+0000] {processor.py:830} INFO - Processing file /home/airflow/.local/lib/python3.12/site-packages/airflow/example_dags/tutorial_taskflow_api.py for tasks to queue
[2026-06-13T11:49:25.827+0000] {logging_mixin.py:188} INFO - [2026-06-13T11:49:25.827+0000] {dagbag.py:545} INFO - Filling up the DagBag from /home/airflow/.local/lib/python3.12/site-packages/airflow/example_dags/tutorial_taskflow_api.py
[2026-06-13T11:49:25.836+0000] {processor.py:840} INFO - DAG(s) 'tutorial_taskflow_api' retrieved from /home/airflow/.local/lib/python3.12/site-packages/airflow/example_dags/tutorial_taskflow_api.py
[2026-06-13T11:49:25.866+0000] {logging_mixin.py:188} INFO - [2026-06-13T11:49:25.866+0000] {dag.py:3096} INFO - Sync 1 DAGs
[2026-06-13T11:49:25.880+0000] {logging_mixin.py:188} INFO - [2026-06-13T11:49:25.880+0000] {dag.py:3954} INFO - Setting next_dagrun for tutorial_taskflow_api to None, run_after=None
[2026-06-13T11:49:25.908+0000] {processor.py:183} INFO - Processing /home/airflow/.local/lib/python3.12/site-packages/airflow/example_dags/tutorial_taskflow_api.py took 0.092 seconds
[2026-06-13T11:49:56.331+0000] {processor.py:161} INFO - Started process (PID=1335) to work on /home/airflow/.local/lib/python3.12/site-packages/airflow/example_dags/tutorial_taskflow_api.py
[2026-06-13T11:49:56.332+0000] {processor.py:830} INFO - Processing file /home/airflow/.local/lib/python3.12/site-packages/airflow/example_dags/tutorial_taskflow_api.py for tasks to queue
[2026-06-13T11:49:56.335+0000] {logging_mixin.py:188} INFO - [2026-06-13T11:49:56.335+0000] {dagbag.py:545} INFO - Filling up the DagBag from /home/airflow/.local/lib/python3.12/site-packages/airflow/example_dags/tutorial_taskflow_api.py
[2026-06-13T11:49:56.343+0000] {processor.py:840} INFO - DAG(s) 'tutorial_taskflow_api' retrieved from /home/airflow/.local/lib/python3.12/site-packages/airflow/example_dags/tutorial_taskflow_api.py
[2026-06-13T11:49:56.368+0000] {logging_mixin.py:188} INFO - [2026-06-13T11:49:56.368+0000] {dag.py:3096} INFO - Sync 1 DAGs
[2026-06-13T11:49:56.381+0000] {logging_mixin.py:188} INFO - [2026-06-13T11:49:56.381+0000] {dag.py:3954} INFO - Setting next_dagrun for tutorial_taskflow_api to None, run_after=None
[2026-06-13T11:49:56.409+0000] {processor.py:183} INFO - Processing /home/airflow/.local/lib/python3.12/site-packages/airflow/example_dags/tutorial_taskflow_api.py took 0.084 seconds
[2026-06-13T11:50:26.996+0000] {processor.py:161} INFO - Started process (PID=1394) to work on /home/airflow/.local/lib/python3.12/site-packages/airflow/example_dags/tutorial_taskflow_api.py
[2026-06-13T11:50:26.998+0000] {processor.py:830} INFO - Processing file /home/airflow/.local/lib/python3.12/site-packages/airflow/example_dags/tutorial_taskflow_api.py for tasks to queue
[2026-06-13T11:50:27.000+0000] {logging_mixin.py:188} INFO - [2026-06-13T11:50:27.000+0000] {dagbag.py:545} INFO - Filling up the DagBag from /home/airflow/.local/lib/python3.12/site-packages/airflow/example_dags/tutorial_taskflow_api.py
[2026-06-13T11:50:27.008+0000] {processor.py:840} INFO - DAG(s) 'tutorial_taskflow_api' retrieved from /home/airflow/.local/lib/python3.12/site-packages/airflow/example_dags/tutorial_taskflow_api.py
[2026-06-13T11:50:27.034+0000] {logging_mixin.py:188} INFO - [2026-06-13T11:50:27.033+0000] {dag.py:3096} INFO - Sync 1 DAGs
[2026-06-13T11:50:27.047+0000] {logging_mixin.py:188} INFO - [2026-06-13T11:50:27.047+0000] {dag.py:3954} INFO - Setting next_dagrun for tutorial_taskflow_api to None, run_after=None
[2026-06-13T11:50:27.072+0000] {processor.py:183} INFO - Processing /home/airflow/.local/lib/python3.12/site-packages/airflow/example_dags/tutorial_taskflow_api.py took 0.082 seconds
[2026-06-13T11:50:57.679+0000] {processor.py:161} INFO - Started process (PID=1453) to work on /home/airflow/.local/lib/python3.12/site-packages/airflow/example_dags/tutorial_taskflow_api.py
[2026-06-13T11:50:57.680+0000] {processor.py:830} INFO - Processing file /home/airflow/.local/lib/python3.12/site-packages/airflow/example_dags/tutorial_taskflow_api.py for tasks to queue
[2026-06-13T11:50:57.683+0000] {logging_mixin.py:188} INFO - [2026-06-13T11:50:57.683+0000] {dagbag.py:545} INFO - Filling up the DagBag from /home/airflow/.local/lib/python3.12/site-packages/airflow/example_dags/tutorial_taskflow_api.py
[2026-06-13T11:50:57.691+0000] {processor.py:840} INFO - DAG(s) 'tutorial_taskflow_api' retrieved from /home/airflow/.local/lib/python3.12/site-packages/airflow/example_dags/tutorial_taskflow_api.py
[2026-06-13T11:50:57.728+0000] {logging_mixin.py:188} INFO - [2026-06-13T11:50:57.727+0000] {dag.py:3096} INFO - Sync 1 DAGs
[2026-06-13T11:50:57.746+0000] {logging_mixin.py:188} INFO - [2026-06-13T11:50:57.745+0000] {dag.py:3954} INFO - Setting next_dagrun for tutorial_taskflow_api to None, run_after=None
[2026-06-13T11:50:57.773+0000] {processor.py:183} INFO - Processing /home/airflow/.local/lib/python3.12/site-packages/airflow/example_dags/tutorial_taskflow_api.py took 0.101 seconds
[2026-06-13T11:51:28.186+0000] {processor.py:161} INFO - Started process (PID=1512) to work on /home/airflow/.local/lib/python3.12/site-packages/airflow/example_dags/tutorial_taskflow_api.py
[2026-06-13T11:51:28.187+0000] {processor.py:830} INFO - Processing file /home/airflow/.local/lib/python3.12/site-packages/airflow/example_dags/tutorial_taskflow_api.py for tasks to queue
[2026-06-13T11:51:28.190+0000] {logging_mixin.py:188} INFO - [2026-06-13T11:51:28.190+0000] {dagbag.py:545} INFO - Filling up the DagBag from /home/airflow/.local/lib/python3.12/site-packages/airflow/example_dags/tutorial_taskflow_api.py
[2026-06-13T11:51:28.197+0000] {processor.py:840} INFO - DAG(s) 'tutorial_taskflow_api' retrieved from /home/airflow/.local/lib/python3.12/site-packages/airflow/example_dags/tutorial_taskflow_api.py
[2026-06-13T11:51:28.223+0000] {logging_mixin.py:188} INFO - [2026-06-13T11:51:28.223+0000] {dag.py:3096} INFO - Sync 1 DAGs
[2026-06-13T11:51:28.237+0000] {logging_mixin.py:188} INFO - [2026-06-13T11:51:28.237+0000] {dag.py:3954} INFO - Setting next_dagrun for tutorial_taskflow_api to None, run_after=None
[2026-06-13T11:51:28.263+0000] {processor.py:183} INFO - Processing /home/airflow/.local/lib/python3.12/site-packages/airflow/example_dags/tutorial_taskflow_api.py took 0.083 seconds
[2026-06-13T11:51:59.142+0000] {processor.py:161} INFO - Started process (PID=1571) to work on /home/airflow/.local/lib/python3.12/site-packages/airflow/example_dags/tutorial_taskflow_api.py
[2026-06-13T11:51:59.144+0000] {processor.py:830} INFO - Processing file /home/airflow/.local/lib/python3.12/site-packages/airflow/example_dags/tutorial_taskflow_api.py for tasks to queue
[2026-06-13T11:51:59.146+0000] {logging_mixin.py:188} INFO - [2026-06-13T11:51:59.146+0000] {dagbag.py:545} INFO - Filling up the DagBag from /home/airflow/.local/lib/python3.12/site-packages/airflow/example_dags/tutorial_taskflow_api.py
[2026-06-13T11:51:59.153+0000] {processor.py:840} INFO - DAG(s) 'tutorial_taskflow_api' retrieved from /home/airflow/.local/lib/python3.12/site-packages/airflow/example_dags/tutorial_taskflow_api.py
[2026-06-13T11:51:59.179+0000] {logging_mixin.py:188} INFO - [2026-06-13T11:51:59.179+0000] {dag.py:3096} INFO - Sync 1 DAGs
[2026-06-13T11:51:59.193+0000] {logging_mixin.py:188} INFO - [2026-06-13T11:51:59.193+0000] {dag.py:3954} INFO - Setting next_dagrun for tutorial_taskflow_api to None, run_after=None
[2026-06-13T11:51:59.217+0000] {processor.py:183} INFO - Processing /home/airflow/.local/lib/python3.12/site-packages/airflow/example_dags/tutorial_taskflow_api.py took 0.082 seconds
[2026-06-13T11:52:30.523+0000] {processor.py:161} INFO - Started process (PID=1630) to work on /home/airflow/.local/lib/python3.12/site-packages/airflow/example_dags/tutorial_taskflow_api.py
[2026-06-13T11:52:30.525+0000] {processor.py:830} INFO - Processing file /home/airflow/.local/lib/python3.12/site-packages/airflow/example_dags/tutorial_taskflow_api.py for tasks to queue
[2026-06-13T11:52:30.528+0000] {logging_mixin.py:188} INFO - [2026-06-13T11:52:30.527+0000] {dagbag.py:545} INFO - Filling up the DagBag from /home/airflow/.local/lib/python3.12/site-packages/airflow/example_dags/tutorial_taskflow_api.py
[2026-06-13T11:52:30.535+0000] {processor.py:840} INFO - DAG(s) 'tutorial_taskflow_api' retrieved from /home/airflow/.local/lib/python3.12/site-packages/airflow/example_dags/tutorial_taskflow_api.py
[2026-06-13T11:52:30.560+0000] {logging_mixin.py:188} INFO - [2026-06-13T11:52:30.559+0000] {dag.py:3096} INFO - Sync 1 DAGs
[2026-06-13T11:52:30.573+0000] {logging_mixin.py:188} INFO - [2026-06-13T11:52:30.573+0000] {dag.py:3954} INFO - Setting next_dagrun for tutorial_taskflow_api to None, run_after=None
[2026-06-13T11:52:30.599+0000] {processor.py:183} INFO - Processing /home/airflow/.local/lib/python3.12/site-packages/airflow/example_dags/tutorial_taskflow_api.py took 0.082 seconds
[2026-06-13T11:53:01.015+0000] {processor.py:161} INFO - Started process (PID=1689) to work on /home/airflow/.local/lib/python3.12/site-packages/airflow/example_dags/tutorial_taskflow_api.py
[2026-06-13T11:53:01.017+0000] {processor.py:830} INFO - Processing file /home/airflow/.local/lib/python3.12/site-packages/airflow/example_dags/tutorial_taskflow_api.py for tasks to queue
[2026-06-13T11:53:01.019+0000] {logging_mixin.py:188} INFO - [2026-06-13T11:53:01.019+0000] {dagbag.py:545} INFO - Filling up the DagBag from /home/airflow/.local/lib/python3.12/site-packages/airflow/example_dags/tutorial_taskflow_api.py
[2026-06-13T11:53:01.027+0000] {processor.py:840} INFO - DAG(s) 'tutorial_taskflow_api' retrieved from /home/airflow/.local/lib/python3.12/site-packages/airflow/example_dags/tutorial_taskflow_api.py
[2026-06-13T11:53:01.054+0000] {logging_mixin.py:188} INFO - [2026-06-13T11:53:01.054+0000] {dag.py:3096} INFO - Sync 1 DAGs
[2026-06-13T11:53:01.071+0000] {logging_mixin.py:188} INFO - [2026-06-13T11:53:01.070+0000] {dag.py:3954} INFO - Setting next_dagrun for tutorial_taskflow_api to None, run_after=None
[2026-06-13T11:53:01.097+0000] {processor.py:183} INFO - Processing /home/airflow/.local/lib/python3.12/site-packages/airflow/example_dags/tutorial_taskflow_api.py took 0.088 seconds
[2026-06-13T11:53:31.549+0000] {processor.py:161} INFO - Started process (PID=1748) to work on /home/airflow/.local/lib/python3.12/site-packages/airflow/example_dags/tutorial_taskflow_api.py
[2026-06-13T11:53:31.550+0000] {processor.py:830} INFO - Processing file /home/airflow/.local/lib/python3.12/site-packages/airflow/example_dags/tutorial_taskflow_api.py for tasks to queue
[2026-06-13T11:53:31.555+0000] {logging_mixin.py:188} INFO - [2026-06-13T11:53:31.555+0000] {dagbag.py:545} INFO - Filling up the DagBag from /home/airflow/.local/lib/python3.12/site-packages/airflow/example_dags/tutorial_taskflow_api.py
[2026-06-13T11:53:31.563+0000] {processor.py:840} INFO - DAG(s) 'tutorial_taskflow_api' retrieved from /home/airflow/.local/lib/python3.12/site-packages/airflow/example_dags/tutorial_taskflow_api.py
[2026-06-13T11:53:31.590+0000] {logging_mixin.py:188} INFO - [2026-06-13T11:53:31.590+0000] {dag.py:3096} INFO - Sync 1 DAGs
[2026-06-13T11:53:31.605+0000] {logging_mixin.py:188} INFO - [2026-06-13T11:53:31.604+0000] {dag.py:3954} INFO - Setting next_dagrun for tutorial_taskflow_api to None, run_after=None
[2026-06-13T11:53:31.635+0000] {processor.py:183} INFO - Processing /home/airflow/.local/lib/python3.12/site-packages/airflow/example_dags/tutorial_taskflow_api.py took 0.093 seconds
[2026-06-13T11:54:02.204+0000] {processor.py:161} INFO - Started process (PID=1807) to work on /home/airflow/.local/lib/python3.12/site-packages/airflow/example_dags/tutorial_taskflow_api.py
[2026-06-13T11:54:02.206+0000] {processor.py:830} INFO - Processing file /home/airflow/.local/lib/python3.12/site-packages/airflow/example_dags/tutorial_taskflow_api.py for tasks to queue
[2026-06-13T11:54:02.209+0000] {logging_mixin.py:188} INFO - [2026-06-13T11:54:02.209+0000] {dagbag.py:545} INFO - Filling up the DagBag from /home/airflow/.local/lib/python3.12/site-packages/airflow/example_dags/tutorial_taskflow_api.py
[2026-06-13T11:54:02.217+0000] {processor.py:840} INFO - DAG(s) 'tutorial_taskflow_api' retrieved from /home/airflow/.local/lib/python3.12/site-packages/airflow/example_dags/tutorial_taskflow_api.py
[2026-06-13T11:54:02.244+0000] {logging_mixin.py:188} INFO - [2026-06-13T11:54:02.244+0000] {dag.py:3096} INFO - Sync 1 DAGs
[2026-06-13T11:54:02.258+0000] {logging_mixin.py:188} INFO - [2026-06-13T11:54:02.258+0000] {dag.py:3954} INFO - Setting next_dagrun for tutorial_taskflow_api to None, run_after=None
[2026-06-13T11:54:02.283+0000] {processor.py:183} INFO - Processing /home/airflow/.local/lib/python3.12/site-packages/airflow/example_dags/tutorial_taskflow_api.py took 0.085 seconds
[2026-06-13T11:54:34.648+0000] {processor.py:161} INFO - Started process (PID=1866) to work on /home/airflow/.local/lib/python3.12/site-packages/airflow/example_dags/tutorial_taskflow_api.py
[2026-06-13T11:54:34.650+0000] {processor.py:830} INFO - Processing file /home/airflow/.local/lib/python3.12/site-packages/airflow/example_dags/tutorial_taskflow_api.py for tasks to queue
[2026-06-13T11:54:34.652+0000] {logging_mixin.py:188} INFO - [2026-06-13T11:54:34.652+0000] {dagbag.py:545} INFO - Filling up the DagBag from /home/airflow/.local/lib/python3.12/site-packages/airflow/example_dags/tutorial_taskflow_api.py
[2026-06-13T11:54:34.659+0000] {processor.py:840} INFO - DAG(s) 'tutorial_taskflow_api' retrieved from /home/airflow/.local/lib/python3.12/site-packages/airflow/example_dags/tutorial_taskflow_api.py
[2026-06-13T11:54:34.686+0000] {logging_mixin.py:188} INFO - [2026-06-13T11:54:34.685+0000] {dag.py:3096} INFO - Sync 1 DAGs
[2026-06-13T11:54:34.701+0000] {logging_mixin.py:188} INFO - [2026-06-13T11:54:34.701+0000] {dag.py:3954} INFO - Setting next_dagrun for tutorial_taskflow_api to None, run_after=None
[2026-06-13T11:54:34.726+0000] {processor.py:183} INFO - Processing /home/airflow/.local/lib/python3.12/site-packages/airflow/example_dags/tutorial_taskflow_api.py took 0.084 seconds
[2026-06-13T11:55:05.424+0000] {processor.py:161} INFO - Started process (PID=1926) to work on /home/airflow/.local/lib/python3.12/site-packages/airflow/example_dags/tutorial_taskflow_api.py
[2026-06-13T11:55:05.427+0000] {processor.py:830} INFO - Processing file /home/airflow/.local/lib/python3.12/site-packages/airflow/example_dags/tutorial_taskflow_api.py for tasks to queue
[2026-06-13T11:55:05.430+0000] {logging_mixin.py:188} INFO - [2026-06-13T11:55:05.430+0000] {dagbag.py:545} INFO - Filling up the DagBag from /home/airflow/.local/lib/python3.12/site-packages/airflow/example_dags/tutorial_taskflow_api.py
[2026-06-13T11:55:05.442+0000] {processor.py:840} INFO - DAG(s) 'tutorial_taskflow_api' retrieved from /home/airflow/.local/lib/python3.12/site-packages/airflow/example_dags/tutorial_taskflow_api.py
[2026-06-13T11:55:05.479+0000] {logging_mixin.py:188} INFO - [2026-06-13T11:55:05.479+0000] {dag.py:3096} INFO - Sync 1 DAGs
[2026-06-13T11:55:05.628+0000] {logging_mixin.py:188} INFO - [2026-06-13T11:55:05.628+0000] {dag.py:3954} INFO - Setting next_dagrun for tutorial_taskflow_api to None, run_after=None
[2026-06-13T11:55:05.658+0000] {processor.py:183} INFO - Processing /home/airflow/.local/lib/python3.12/site-packages/airflow/example_dags/tutorial_taskflow_api.py took 0.243 seconds
[2026-06-13T11:55:36.034+0000] {processor.py:161} INFO - Started process (PID=1985) to work on /home/airflow/.local/lib/python3.12/site-packages/airflow/example_dags/tutorial_taskflow_api.py
[2026-06-13T11:55:36.036+0000] {processor.py:830} INFO - Processing file /home/airflow/.local/lib/python3.12/site-packages/airflow/example_dags/tutorial_taskflow_api.py for tasks to queue
[2026-06-13T11:55:36.038+0000] {logging_mixin.py:188} INFO - [2026-06-13T11:55:36.038+0000] {dagbag.py:545} INFO - Filling up the DagBag from /home/airflow/.local/lib/python3.12/site-packages/airflow/example_dags/tutorial_taskflow_api.py
[2026-06-13T11:55:36.045+0000] {processor.py:840} INFO - DAG(s) 'tutorial_taskflow_api' retrieved from /home/airflow/.local/lib/python3.12/site-packages/airflow/example_dags/tutorial_taskflow_api.py
[2026-06-13T11:55:36.073+0000] {logging_mixin.py:188} INFO - [2026-06-13T11:55:36.073+0000] {dag.py:3096} INFO - Sync 1 DAGs
[2026-06-13T11:55:36.089+0000] {logging_mixin.py:188} INFO - [2026-06-13T11:55:36.088+0000] {dag.py:3954} INFO - Setting next_dagrun for tutorial_taskflow_api to None, run_after=None
[2026-06-13T11:55:36.116+0000] {processor.py:183} INFO - Processing /home/airflow/.local/lib/python3.12/site-packages/airflow/example_dags/tutorial_taskflow_api.py took 0.088 seconds
[2026-06-13T11:57:50.791+0000] {processor.py:161} INFO - Started process (PID=2044) to work on /home/airflow/.local/lib/python3.12/site-packages/airflow/example_dags/tutorial_taskflow_api.py
[2026-06-13T11:57:50.792+0000] {processor.py:830} INFO - Processing file /home/airflow/.local/lib/python3.12/site-packages/airflow/example_dags/tutorial_taskflow_api.py for tasks to queue
[2026-06-13T11:57:50.795+0000] {logging_mixin.py:188} INFO - [2026-06-13T11:57:50.795+0000] {dagbag.py:545} INFO - Filling up the DagBag from /home/airflow/.local/lib/python3.12/site-packages/airflow/example_dags/tutorial_taskflow_api.py
[2026-06-13T11:57:50.803+0000] {processor.py:840} INFO - DAG(s) 'tutorial_taskflow_api' retrieved from /home/airflow/.local/lib/python3.12/site-packages/airflow/example_dags/tutorial_taskflow_api.py
[2026-06-13T11:57:50.828+0000] {logging_mixin.py:188} INFO - [2026-06-13T11:57:50.827+0000] {dag.py:3096} INFO - Sync 1 DAGs
[2026-06-13T11:57:50.842+0000] {logging_mixin.py:188} INFO - [2026-06-13T11:57:50.841+0000] {dag.py:3954} INFO - Setting next_dagrun for tutorial_taskflow_api to None, run_after=None
[2026-06-13T11:57:50.870+0000] {processor.py:183} INFO - Processing /home/airflow/.local/lib/python3.12/site-packages/airflow/example_dags/tutorial_taskflow_api.py took 0.085 seconds
[2026-06-13T11:58:21.558+0000] {processor.py:161} INFO - Started process (PID=2111) to work on /home/airflow/.local/lib/python3.12/site-packages/airflow/example_dags/tutorial_taskflow_api.py
[2026-06-13T11:58:21.560+0000] {processor.py:830} INFO - Processing file /home/airflow/.local/lib/python3.12/site-packages/airflow/example_dags/tutorial_taskflow_api.py for tasks to queue
[2026-06-13T11:58:21.563+0000] {logging_mixin.py:188} INFO - [2026-06-13T11:58:21.562+0000] {dagbag.py:545} INFO - Filling up the DagBag from /home/airflow/.local/lib/python3.12/site-packages/airflow/example_dags/tutorial_taskflow_api.py
[2026-06-13T11:58:21.572+0000] {processor.py:840} INFO - DAG(s) 'tutorial_taskflow_api' retrieved from /home/airflow/.local/lib/python3.12/site-packages/airflow/example_dags/tutorial_taskflow_api.py
[2026-06-13T11:58:21.599+0000] {logging_mixin.py:188} INFO - [2026-06-13T11:58:21.599+0000] {dag.py:3096} INFO - Sync 1 DAGs
[2026-06-13T11:58:21.614+0000] {logging_mixin.py:188} INFO - [2026-06-13T11:58:21.614+0000] {dag.py:3954} INFO - Setting next_dagrun for tutorial_taskflow_api to None, run_after=None
[2026-06-13T11:58:21.646+0000] {processor.py:183} INFO - Processing /home/airflow/.local/lib/python3.12/site-packages/airflow/example_dags/tutorial_taskflow_api.py took 0.095 seconds
[2026-06-13T11:58:52.166+0000] {processor.py:161} INFO - Started process (PID=2171) to work on /home/airflow/.local/lib/python3.12/site-packages/airflow/example_dags/tutorial_taskflow_api.py
[2026-06-13T11:58:52.168+0000] {processor.py:830} INFO - Processing file /home/airflow/.local/lib/python3.12/site-packages/airflow/example_dags/tutorial_taskflow_api.py for tasks to queue
[2026-06-13T11:58:52.172+0000] {logging_mixin.py:188} INFO - [2026-06-13T11:58:52.171+0000] {dagbag.py:545} INFO - Filling up the DagBag from /home/airflow/.local/lib/python3.12/site-packages/airflow/example_dags/tutorial_taskflow_api.py
[2026-06-13T11:58:52.178+0000] {processor.py:840} INFO - DAG(s) 'tutorial_taskflow_api' retrieved from /home/airflow/.local/lib/python3.12/site-packages/airflow/example_dags/tutorial_taskflow_api.py
[2026-06-13T11:58:52.203+0000] {logging_mixin.py:188} INFO - [2026-06-13T11:58:52.202+0000] {dag.py:3096} INFO - Sync 1 DAGs
[2026-06-13T11:58:52.217+0000] {logging_mixin.py:188} INFO - [2026-06-13T11:58:52.217+0000] {dag.py:3954} INFO - Setting next_dagrun for tutorial_taskflow_api to None, run_after=None
[2026-06-13T11:58:52.244+0000] {processor.py:183} INFO - Processing /home/airflow/.local/lib/python3.12/site-packages/airflow/example_dags/tutorial_taskflow_api.py took 0.084 seconds
[2026-06-13T11:59:22.722+0000] {processor.py:161} INFO - Started process (PID=2269) to work on /home/airflow/.local/lib/python3.12/site-packages/airflow/example_dags/tutorial_taskflow_api.py
[2026-06-13T11:59:22.724+0000] {processor.py:830} INFO - Processing file /home/airflow/.local/lib/python3.12/site-packages/airflow/example_dags/tutorial_taskflow_api.py for tasks to queue
[2026-06-13T11:59:22.727+0000] {logging_mixin.py:188} INFO - [2026-06-13T11:59:22.727+0000] {dagbag.py:545} INFO - Filling up the DagBag from /home/airflow/.local/lib/python3.12/site-packages/airflow/example_dags/tutorial_taskflow_api.py
[2026-06-13T11:59:22.735+0000] {processor.py:840} INFO - DAG(s) 'tutorial_taskflow_api' retrieved from /home/airflow/.local/lib/python3.12/site-packages/airflow/example_dags/tutorial_taskflow_api.py
[2026-06-13T11:59:22.761+0000] {logging_mixin.py:188} INFO - [2026-06-13T11:59:22.760+0000] {dag.py:3096} INFO - Sync 1 DAGs
[2026-06-13T11:59:22.778+0000] {logging_mixin.py:188} INFO - [2026-06-13T11:59:22.777+0000] {dag.py:3954} INFO - Setting next_dagrun for tutorial_taskflow_api to None, run_after=None
[2026-06-13T11:59:22.804+0000] {processor.py:183} INFO - Processing /home/airflow/.local/lib/python3.12/site-packages/airflow/example_dags/tutorial_taskflow_api.py took 0.092 seconds
[2026-06-13T11:59:52.984+0000] {processor.py:161} INFO - Started process (PID=2328) to work on /home/airflow/.local/lib/python3.12/site-packages/airflow/example_dags/tutorial_taskflow_api.py
[2026-06-13T11:59:52.986+0000] {processor.py:830} INFO - Processing file /home/airflow/.local/lib/python3.12/site-packages/airflow/example_dags/tutorial_taskflow_api.py for tasks to queue
[2026-06-13T11:59:52.989+0000] {logging_mixin.py:188} INFO - [2026-06-13T11:59:52.989+0000] {dagbag.py:545} INFO - Filling up the DagBag from /home/airflow/.local/lib/python3.12/site-packages/airflow/example_dags/tutorial_taskflow_api.py
[2026-06-13T11:59:52.996+0000] {processor.py:840} INFO - DAG(s) 'tutorial_taskflow_api' retrieved from /home/airflow/.local/lib/python3.12/site-packages/airflow/example_dags/tutorial_taskflow_api.py
[2026-06-13T11:59:53.021+0000] {logging_mixin.py:188} INFO - [2026-06-13T11:59:53.021+0000] {dag.py:3096} INFO - Sync 1 DAGs
[2026-06-13T11:59:53.036+0000] {logging_mixin.py:188} INFO - [2026-06-13T11:59:53.035+0000] {dag.py:3954} INFO - Setting next_dagrun for tutorial_taskflow_api to None, run_after=None
[2026-06-13T11:59:53.063+0000] {processor.py:183} INFO - Processing /home/airflow/.local/lib/python3.12/site-packages/airflow/example_dags/tutorial_taskflow_api.py took 0.089 seconds
[2026-06-13T12:00:23.585+0000] {processor.py:161} INFO - Started process (PID=2387) to work on /home/airflow/.local/lib/python3.12/site-packages/airflow/example_dags/tutorial_taskflow_api.py
[2026-06-13T12:00:23.587+0000] {processor.py:830} INFO - Processing file /home/airflow/.local/lib/python3.12/site-packages/airflow/example_dags/tutorial_taskflow_api.py for tasks to queue
[2026-06-13T12:00:23.593+0000] {logging_mixin.py:188} INFO - [2026-06-13T12:00:23.592+0000] {dagbag.py:545} INFO - Filling up the DagBag from /home/airflow/.local/lib/python3.12/site-packages/airflow/example_dags/tutorial_taskflow_api.py
[2026-06-13T12:00:23.603+0000] {processor.py:840} INFO - DAG(s) 'tutorial_taskflow_api' retrieved from /home/airflow/.local/lib/python3.12/site-packages/airflow/example_dags/tutorial_taskflow_api.py
[2026-06-13T12:00:23.644+0000] {logging_mixin.py:188} INFO - [2026-06-13T12:00:23.643+0000] {dag.py:3096} INFO - Sync 1 DAGs
[2026-06-13T12:00:23.675+0000] {logging_mixin.py:188} INFO - [2026-06-13T12:00:23.674+0000] {dag.py:3954} INFO - Setting next_dagrun for tutorial_taskflow_api to None, run_after=None
[2026-06-13T12:00:23.717+0000] {processor.py:183} INFO - Processing /home/airflow/.local/lib/python3.12/site-packages/airflow/example_dags/tutorial_taskflow_api.py took 0.146 seconds
[2026-06-13T12:00:54.495+0000] {processor.py:161} INFO - Started process (PID=2464) to work on /home/airflow/.local/lib/python3.12/site-packages/airflow/example_dags/tutorial_taskflow_api.py
[2026-06-13T12:00:54.497+0000] {processor.py:830} INFO - Processing file /home/airflow/.local/lib/python3.12/site-packages/airflow/example_dags/tutorial_taskflow_api.py for tasks to queue
[2026-06-13T12:00:54.500+0000] {logging_mixin.py:188} INFO - [2026-06-13T12:00:54.499+0000] {dagbag.py:545} INFO - Filling up the DagBag from /home/airflow/.local/lib/python3.12/site-packages/airflow/example_dags/tutorial_taskflow_api.py
[2026-06-13T12:00:54.506+0000] {processor.py:840} INFO - DAG(s) 'tutorial_taskflow_api' retrieved from /home/airflow/.local/lib/python3.12/site-packages/airflow/example_dags/tutorial_taskflow_api.py
[2026-06-13T12:00:54.532+0000] {logging_mixin.py:188} INFO - [2026-06-13T12:00:54.532+0000] {dag.py:3096} INFO - Sync 1 DAGs
[2026-06-13T12:00:54.547+0000] {logging_mixin.py:188} INFO - [2026-06-13T12:00:54.546+0000] {dag.py:3954} INFO - Setting next_dagrun for tutorial_taskflow_api to None, run_after=None
[2026-06-13T12:00:54.574+0000] {processor.py:183} INFO - Processing /home/airflow/.local/lib/python3.12/site-packages/airflow/example_dags/tutorial_taskflow_api.py took 0.089 seconds
[2026-06-13T12:01:25.268+0000] {processor.py:161} INFO - Started process (PID=2523) to work on /home/airflow/.local/lib/python3.12/site-packages/airflow/example_dags/tutorial_taskflow_api.py
[2026-06-13T12:01:25.270+0000] {processor.py:830} INFO - Processing file /home/airflow/.local/lib/python3.12/site-packages/airflow/example_dags/tutorial_taskflow_api.py for tasks to queue
[2026-06-13T12:01:25.272+0000] {logging_mixin.py:188} INFO - [2026-06-13T12:01:25.272+0000] {dagbag.py:545} INFO - Filling up the DagBag from /home/airflow/.local/lib/python3.12/site-packages/airflow/example_dags/tutorial_taskflow_api.py
[2026-06-13T12:01:25.279+0000] {processor.py:840} INFO - DAG(s) 'tutorial_taskflow_api' retrieved from /home/airflow/.local/lib/python3.12/site-packages/airflow/example_dags/tutorial_taskflow_api.py
[2026-06-13T12:01:25.303+0000] {logging_mixin.py:188} INFO - [2026-06-13T12:01:25.303+0000] {dag.py:3096} INFO - Sync 1 DAGs
[2026-06-13T12:01:25.319+0000] {logging_mixin.py:188} INFO - [2026-06-13T12:01:25.318+0000] {dag.py:3954} INFO - Setting next_dagrun for tutorial_taskflow_api to None, run_after=None
[2026-06-13T12:01:25.346+0000] {processor.py:183} INFO - Processing /home/airflow/.local/lib/python3.12/site-packages/airflow/example_dags/tutorial_taskflow_api.py took 0.089 seconds
[2026-06-13T12:01:55.625+0000] {processor.py:161} INFO - Started process (PID=2582) to work on /home/airflow/.local/lib/python3.12/site-packages/airflow/example_dags/tutorial_taskflow_api.py
[2026-06-13T12:01:55.626+0000] {processor.py:830} INFO - Processing file /home/airflow/.local/lib/python3.12/site-packages/airflow/example_dags/tutorial_taskflow_api.py for tasks to queue
[2026-06-13T12:01:55.629+0000] {logging_mixin.py:188} INFO - [2026-06-13T12:01:55.628+0000] {dagbag.py:545} INFO - Filling up the DagBag from /home/airflow/.local/lib/python3.12/site-packages/airflow/example_dags/tutorial_taskflow_api.py
[2026-06-13T12:01:55.636+0000] {processor.py:840} INFO - DAG(s) 'tutorial_taskflow_api' retrieved from /home/airflow/.local/lib/python3.12/site-packages/airflow/example_dags/tutorial_taskflow_api.py
[2026-06-13T12:01:55.665+0000] {logging_mixin.py:188} INFO - [2026-06-13T12:01:55.665+0000] {dag.py:3096} INFO - Sync 1 DAGs
[2026-06-13T12:01:55.681+0000] {logging_mixin.py:188} INFO - [2026-06-13T12:01:55.681+0000] {dag.py:3954} INFO - Setting next_dagrun for tutorial_taskflow_api to None, run_after=None
[2026-06-13T12:01:55.710+0000] {processor.py:183} INFO - Processing /home/airflow/.local/lib/python3.12/site-packages/airflow/example_dags/tutorial_taskflow_api.py took 0.096 seconds
[2026-06-13T12:02:26.322+0000] {processor.py:161} INFO - Started process (PID=2649) to work on /home/airflow/.local/lib/python3.12/site-packages/airflow/example_dags/tutorial_taskflow_api.py
[2026-06-13T12:02:26.324+0000] {processor.py:830} INFO - Processing file /home/airflow/.local/lib/python3.12/site-packages/airflow/example_dags/tutorial_taskflow_api.py for tasks to queue
[2026-06-13T12:02:26.327+0000] {logging_mixin.py:188} INFO - [2026-06-13T12:02:26.326+0000] {dagbag.py:545} INFO - Filling up the DagBag from /home/airflow/.local/lib/python3.12/site-packages/airflow/example_dags/tutorial_taskflow_api.py
[2026-06-13T12:02:26.336+0000] {processor.py:840} INFO - DAG(s) 'tutorial_taskflow_api' retrieved from /home/airflow/.local/lib/python3.12/site-packages/airflow/example_dags/tutorial_taskflow_api.py
[2026-06-13T12:02:26.366+0000] {logging_mixin.py:188} INFO - [2026-06-13T12:02:26.365+0000] {dag.py:3096} INFO - Sync 1 DAGs
[2026-06-13T12:02:26.382+0000] {logging_mixin.py:188} INFO - [2026-06-13T12:02:26.381+0000] {dag.py:3954} INFO - Setting next_dagrun for tutorial_taskflow_api to None, run_after=None
[2026-06-13T12:02:26.411+0000] {processor.py:183} INFO - Processing /home/airflow/.local/lib/python3.12/site-packages/airflow/example_dags/tutorial_taskflow_api.py took 0.102 seconds
[2026-06-13T12:02:56.710+0000] {processor.py:161} INFO - Started process (PID=2764) to work on /home/airflow/.local/lib/python3.12/site-packages/airflow/example_dags/tutorial_taskflow_api.py
[2026-06-13T12:02:56.712+0000] {processor.py:830} INFO - Processing file /home/airflow/.local/lib/python3.12/site-packages/airflow/example_dags/tutorial_taskflow_api.py for tasks to queue
[2026-06-13T12:02:56.715+0000] {logging_mixin.py:188} INFO - [2026-06-13T12:02:56.715+0000] {dagbag.py:545} INFO - Filling up the DagBag from /home/airflow/.local/lib/python3.12/site-packages/airflow/example_dags/tutorial_taskflow_api.py
[2026-06-13T12:02:56.722+0000] {processor.py:840} INFO - DAG(s) 'tutorial_taskflow_api' retrieved from /home/airflow/.local/lib/python3.12/site-packages/airflow/example_dags/tutorial_taskflow_api.py
[2026-06-13T12:02:56.751+0000] {logging_mixin.py:188} INFO - [2026-06-13T12:02:56.751+0000] {dag.py:3096} INFO - Sync 1 DAGs
[2026-06-13T12:02:56.766+0000] {logging_mixin.py:188} INFO - [2026-06-13T12:02:56.766+0000] {dag.py:3954} INFO - Setting next_dagrun for tutorial_taskflow_api to None, run_after=None
[2026-06-13T12:02:56.791+0000] {processor.py:183} INFO - Processing /home/airflow/.local/lib/python3.12/site-packages/airflow/example_dags/tutorial_taskflow_api.py took 0.092 seconds
[2026-06-13T12:03:26.906+0000] {processor.py:161} INFO - Started process (PID=2823) to work on /home/airflow/.local/lib/python3.12/site-packages/airflow/example_dags/tutorial_taskflow_api.py
[2026-06-13T12:03:26.907+0000] {processor.py:830} INFO - Processing file /home/airflow/.local/lib/python3.12/site-packages/airflow/example_dags/tutorial_taskflow_api.py for tasks to queue
[2026-06-13T12:03:26.910+0000] {logging_mixin.py:188} INFO - [2026-06-13T12:03:26.910+0000] {dagbag.py:545} INFO - Filling up the DagBag from /home/airflow/.local/lib/python3.12/site-packages/airflow/example_dags/tutorial_taskflow_api.py
[2026-06-13T12:03:26.917+0000] {processor.py:840} INFO - DAG(s) 'tutorial_taskflow_api' retrieved from /home/airflow/.local/lib/python3.12/site-packages/airflow/example_dags/tutorial_taskflow_api.py
[2026-06-13T12:03:26.945+0000] {logging_mixin.py:188} INFO - [2026-06-13T12:03:26.945+0000] {dag.py:3096} INFO - Sync 1 DAGs
[2026-06-13T12:03:26.962+0000] {logging_mixin.py:188} INFO - [2026-06-13T12:03:26.961+0000] {dag.py:3954} INFO - Setting next_dagrun for tutorial_taskflow_api to None, run_after=None
[2026-06-13T12:03:26.987+0000] {processor.py:183} INFO - Processing /home/airflow/.local/lib/python3.12/site-packages/airflow/example_dags/tutorial_taskflow_api.py took 0.091 seconds
[2026-06-13T12:03:57.608+0000] {processor.py:161} INFO - Started process (PID=2882) to work on /home/airflow/.local/lib/python3.12/site-packages/airflow/example_dags/tutorial_taskflow_api.py
[2026-06-13T12:03:57.610+0000] {processor.py:830} INFO - Processing file /home/airflow/.local/lib/python3.12/site-packages/airflow/example_dags/tutorial_taskflow_api.py for tasks to queue
[2026-06-13T12:03:57.613+0000] {logging_mixin.py:188} INFO - [2026-06-13T12:03:57.612+0000] {dagbag.py:545} INFO - Filling up the DagBag from /home/airflow/.local/lib/python3.12/site-packages/airflow/example_dags/tutorial_taskflow_api.py
[2026-06-13T12:03:57.621+0000] {processor.py:840} INFO - DAG(s) 'tutorial_taskflow_api' retrieved from /home/airflow/.local/lib/python3.12/site-packages/airflow/example_dags/tutorial_taskflow_api.py
[2026-06-13T12:03:57.645+0000] {logging_mixin.py:188} INFO - [2026-06-13T12:03:57.645+0000] {dag.py:3096} INFO - Sync 1 DAGs
[2026-06-13T12:03:57.661+0000] {logging_mixin.py:188} INFO - [2026-06-13T12:03:57.660+0000] {dag.py:3954} INFO - Setting next_dagrun for tutorial_taskflow_api to None, run_after=None
[2026-06-13T12:03:57.689+0000] {processor.py:183} INFO - Processing /home/airflow/.local/lib/python3.12/site-packages/airflow/example_dags/tutorial_taskflow_api.py took 0.090 seconds
[2026-06-13T12:04:28.385+0000] {processor.py:161} INFO - Started process (PID=2956) to work on /home/airflow/.local/lib/python3.12/site-packages/airflow/example_dags/tutorial_taskflow_api.py
[2026-06-13T12:04:28.387+0000] {processor.py:830} INFO - Processing file /home/airflow/.local/lib/python3.12/site-packages/airflow/example_dags/tutorial_taskflow_api.py for tasks to queue
[2026-06-13T12:04:28.390+0000] {logging_mixin.py:188} INFO - [2026-06-13T12:04:28.390+0000] {dagbag.py:545} INFO - Filling up the DagBag from /home/airflow/.local/lib/python3.12/site-packages/airflow/example_dags/tutorial_taskflow_api.py
[2026-06-13T12:04:28.397+0000] {processor.py:840} INFO - DAG(s) 'tutorial_taskflow_api' retrieved from /home/airflow/.local/lib/python3.12/site-packages/airflow/example_dags/tutorial_taskflow_api.py
[2026-06-13T12:04:28.423+0000] {logging_mixin.py:188} INFO - [2026-06-13T12:04:28.423+0000] {dag.py:3096} INFO - Sync 1 DAGs
[2026-06-13T12:04:28.437+0000] {logging_mixin.py:188} INFO - [2026-06-13T12:04:28.437+0000] {dag.py:3954} INFO - Setting next_dagrun for tutorial_taskflow_api to None, run_after=None
[2026-06-13T12:04:28.467+0000] {processor.py:183} INFO - Processing /home/airflow/.local/lib/python3.12/site-packages/airflow/example_dags/tutorial_taskflow_api.py took 0.091 seconds
[2026-06-13T12:04:58.856+0000] {processor.py:161} INFO - Started process (PID=3015) to work on /home/airflow/.local/lib/python3.12/site-packages/airflow/example_dags/tutorial_taskflow_api.py
[2026-06-13T12:04:58.858+0000] {processor.py:830} INFO - Processing file /home/airflow/.local/lib/python3.12/site-packages/airflow/example_dags/tutorial_taskflow_api.py for tasks to queue
[2026-06-13T12:04:58.861+0000] {logging_mixin.py:188} INFO - [2026-06-13T12:04:58.860+0000] {dagbag.py:545} INFO - Filling up the DagBag from /home/airflow/.local/lib/python3.12/site-packages/airflow/example_dags/tutorial_taskflow_api.py
[2026-06-13T12:04:58.868+0000] {processor.py:840} INFO - DAG(s) 'tutorial_taskflow_api' retrieved from /home/airflow/.local/lib/python3.12/site-packages/airflow/example_dags/tutorial_taskflow_api.py
[2026-06-13T12:04:58.894+0000] {logging_mixin.py:188} INFO - [2026-06-13T12:04:58.893+0000] {dag.py:3096} INFO - Sync 1 DAGs
[2026-06-13T12:04:58.911+0000] {logging_mixin.py:188} INFO - [2026-06-13T12:04:58.911+0000] {dag.py:3954} INFO - Setting next_dagrun for tutorial_taskflow_api to None, run_after=None
[2026-06-13T12:04:58.939+0000] {processor.py:183} INFO - Processing /home/airflow/.local/lib/python3.12/site-packages/airflow/example_dags/tutorial_taskflow_api.py took 0.093 seconds
[2026-06-13T12:05:29.080+0000] {processor.py:161} INFO - Started process (PID=3074) to work on /home/airflow/.local/lib/python3.12/site-packages/airflow/example_dags/tutorial_taskflow_api.py
[2026-06-13T12:05:29.082+0000] {processor.py:830} INFO - Processing file /home/airflow/.local/lib/python3.12/site-packages/airflow/example_dags/tutorial_taskflow_api.py for tasks to queue
[2026-06-13T12:05:29.085+0000] {logging_mixin.py:188} INFO - [2026-06-13T12:05:29.084+0000] {dagbag.py:545} INFO - Filling up the DagBag from /home/airflow/.local/lib/python3.12/site-packages/airflow/example_dags/tutorial_taskflow_api.py
[2026-06-13T12:05:29.092+0000] {processor.py:840} INFO - DAG(s) 'tutorial_taskflow_api' retrieved from /home/airflow/.local/lib/python3.12/site-packages/airflow/example_dags/tutorial_taskflow_api.py
[2026-06-13T12:05:29.120+0000] {logging_mixin.py:188} INFO - [2026-06-13T12:05:29.120+0000] {dag.py:3096} INFO - Sync 1 DAGs
[2026-06-13T12:05:29.135+0000] {logging_mixin.py:188} INFO - [2026-06-13T12:05:29.135+0000] {dag.py:3954} INFO - Setting next_dagrun for tutorial_taskflow_api to None, run_after=None
[2026-06-13T12:05:29.161+0000] {processor.py:183} INFO - Processing /home/airflow/.local/lib/python3.12/site-packages/airflow/example_dags/tutorial_taskflow_api.py took 0.091 seconds
[2026-06-13T12:05:59.706+0000] {processor.py:161} INFO - Started process (PID=3134) to work on /home/airflow/.local/lib/python3.12/site-packages/airflow/example_dags/tutorial_taskflow_api.py
[2026-06-13T12:05:59.708+0000] {processor.py:830} INFO - Processing file /home/airflow/.local/lib/python3.12/site-packages/airflow/example_dags/tutorial_taskflow_api.py for tasks to queue
[2026-06-13T12:05:59.712+0000] {logging_mixin.py:188} INFO - [2026-06-13T12:05:59.711+0000] {dagbag.py:545} INFO - Filling up the DagBag from /home/airflow/.local/lib/python3.12/site-packages/airflow/example_dags/tutorial_taskflow_api.py
[2026-06-13T12:05:59.719+0000] {processor.py:840} INFO - DAG(s) 'tutorial_taskflow_api' retrieved from /home/airflow/.local/lib/python3.12/site-packages/airflow/example_dags/tutorial_taskflow_api.py
[2026-06-13T12:05:59.746+0000] {logging_mixin.py:188} INFO - [2026-06-13T12:05:59.745+0000] {dag.py:3096} INFO - Sync 1 DAGs
[2026-06-13T12:05:59.762+0000] {logging_mixin.py:188} INFO - [2026-06-13T12:05:59.761+0000] {dag.py:3954} INFO - Setting next_dagrun for tutorial_taskflow_api to None, run_after=None
[2026-06-13T12:05:59.788+0000] {processor.py:183} INFO - Processing /home/airflow/.local/lib/python3.12/site-packages/airflow/example_dags/tutorial_taskflow_api.py took 0.092 seconds
[2026-06-13T12:06:29.967+0000] {processor.py:161} INFO - Started process (PID=3193) to work on /home/airflow/.local/lib/python3.12/site-packages/airflow/example_dags/tutorial_taskflow_api.py
[2026-06-13T12:06:29.969+0000] {processor.py:830} INFO - Processing file /home/airflow/.local/lib/python3.12/site-packages/airflow/example_dags/tutorial_taskflow_api.py for tasks to queue
[2026-06-13T12:06:29.972+0000] {logging_mixin.py:188} INFO - [2026-06-13T12:06:29.971+0000] {dagbag.py:545} INFO - Filling up the DagBag from /home/airflow/.local/lib/python3.12/site-packages/airflow/example_dags/tutorial_taskflow_api.py
[2026-06-13T12:06:29.978+0000] {processor.py:840} INFO - DAG(s) 'tutorial_taskflow_api' retrieved from /home/airflow/.local/lib/python3.12/site-packages/airflow/example_dags/tutorial_taskflow_api.py
[2026-06-13T12:06:30.001+0000] {logging_mixin.py:188} INFO - [2026-06-13T12:06:30.000+0000] {dag.py:3096} INFO - Sync 1 DAGs
[2026-06-13T12:06:30.014+0000] {logging_mixin.py:188} INFO - [2026-06-13T12:06:30.014+0000] {dag.py:3954} INFO - Setting next_dagrun for tutorial_taskflow_api to None, run_after=None
[2026-06-13T12:06:30.038+0000] {processor.py:183} INFO - Processing /home/airflow/.local/lib/python3.12/site-packages/airflow/example_dags/tutorial_taskflow_api.py took 0.083 seconds
[2026-06-13T12:07:00.347+0000] {processor.py:161} INFO - Started process (PID=3252) to work on /home/airflow/.local/lib/python3.12/site-packages/airflow/example_dags/tutorial_taskflow_api.py
[2026-06-13T12:07:00.349+0000] {processor.py:830} INFO - Processing file /home/airflow/.local/lib/python3.12/site-packages/airflow/example_dags/tutorial_taskflow_api.py for tasks to queue
[2026-06-13T12:07:00.352+0000] {logging_mixin.py:188} INFO - [2026-06-13T12:07:00.351+0000] {dagbag.py:545} INFO - Filling up the DagBag from /home/airflow/.local/lib/python3.12/site-packages/airflow/example_dags/tutorial_taskflow_api.py
[2026-06-13T12:07:00.359+0000] {processor.py:840} INFO - DAG(s) 'tutorial_taskflow_api' retrieved from /home/airflow/.local/lib/python3.12/site-packages/airflow/example_dags/tutorial_taskflow_api.py
[2026-06-13T12:07:00.387+0000] {logging_mixin.py:188} INFO - [2026-06-13T12:07:00.387+0000] {dag.py:3096} INFO - Sync 1 DAGs
[2026-06-13T12:07:00.401+0000] {logging_mixin.py:188} INFO - [2026-06-13T12:07:00.401+0000] {dag.py:3954} INFO - Setting next_dagrun for tutorial_taskflow_api to None, run_after=None
[2026-06-13T12:07:00.430+0000] {processor.py:183} INFO - Processing /home/airflow/.local/lib/python3.12/site-packages/airflow/example_dags/tutorial_taskflow_api.py took 0.093 seconds
[2026-06-13T12:07:30.501+0000] {processor.py:161} INFO - Started process (PID=3311) to work on /home/airflow/.local/lib/python3.12/site-packages/airflow/example_dags/tutorial_taskflow_api.py
[2026-06-13T12:07:30.503+0000] {processor.py:830} INFO - Processing file /home/airflow/.local/lib/python3.12/site-packages/airflow/example_dags/tutorial_taskflow_api.py for tasks to queue
[2026-06-13T12:07:30.506+0000] {logging_mixin.py:188} INFO - [2026-06-13T12:07:30.506+0000] {dagbag.py:545} INFO - Filling up the DagBag from /home/airflow/.local/lib/python3.12/site-packages/airflow/example_dags/tutorial_taskflow_api.py
[2026-06-13T12:07:30.513+0000] {processor.py:840} INFO - DAG(s) 'tutorial_taskflow_api' retrieved from /home/airflow/.local/lib/python3.12/site-packages/airflow/example_dags/tutorial_taskflow_api.py
[2026-06-13T12:07:30.537+0000] {logging_mixin.py:188} INFO - [2026-06-13T12:07:30.537+0000] {dag.py:3096} INFO - Sync 1 DAGs
[2026-06-13T12:07:30.552+0000] {logging_mixin.py:188} INFO - [2026-06-13T12:07:30.551+0000] {dag.py:3954} INFO - Setting next_dagrun for tutorial_taskflow_api to None, run_after=None
[2026-06-13T12:07:30.578+0000] {processor.py:183} INFO - Processing /home/airflow/.local/lib/python3.12/site-packages/airflow/example_dags/tutorial_taskflow_api.py took 0.086 seconds
[2026-06-13T12:08:01.516+0000] {processor.py:161} INFO - Started process (PID=3370) to work on /home/airflow/.local/lib/python3.12/site-packages/airflow/example_dags/tutorial_taskflow_api.py
[2026-06-13T12:08:01.518+0000] {processor.py:830} INFO - Processing file /home/airflow/.local/lib/python3.12/site-packages/airflow/example_dags/tutorial_taskflow_api.py for tasks to queue
[2026-06-13T12:08:01.520+0000] {logging_mixin.py:188} INFO - [2026-06-13T12:08:01.520+0000] {dagbag.py:545} INFO - Filling up the DagBag from /home/airflow/.local/lib/python3.12/site-packages/airflow/example_dags/tutorial_taskflow_api.py
[2026-06-13T12:08:01.527+0000] {processor.py:840} INFO - DAG(s) 'tutorial_taskflow_api' retrieved from /home/airflow/.local/lib/python3.12/site-packages/airflow/example_dags/tutorial_taskflow_api.py
[2026-06-13T12:08:01.552+0000] {logging_mixin.py:188} INFO - [2026-06-13T12:08:01.552+0000] {dag.py:3096} INFO - Sync 1 DAGs
[2026-06-13T12:08:01.567+0000] {logging_mixin.py:188} INFO - [2026-06-13T12:08:01.567+0000] {dag.py:3954} INFO - Setting next_dagrun for tutorial_taskflow_api to None, run_after=None
[2026-06-13T12:08:01.595+0000] {processor.py:183} INFO - Processing /home/airflow/.local/lib/python3.12/site-packages/airflow/example_dags/tutorial_taskflow_api.py took 0.088 seconds
[2026-06-13T12:08:31.898+0000] {processor.py:161} INFO - Started process (PID=3429) to work on /home/airflow/.local/lib/python3.12/site-packages/airflow/example_dags/tutorial_taskflow_api.py
[2026-06-13T12:08:31.900+0000] {processor.py:830} INFO - Processing file /home/airflow/.local/lib/python3.12/site-packages/airflow/example_dags/tutorial_taskflow_api.py for tasks to queue
[2026-06-13T12:08:31.902+0000] {logging_mixin.py:188} INFO - [2026-06-13T12:08:31.902+0000] {dagbag.py:545} INFO - Filling up the DagBag from /home/airflow/.local/lib/python3.12/site-packages/airflow/example_dags/tutorial_taskflow_api.py
[2026-06-13T12:08:31.909+0000] {processor.py:840} INFO - DAG(s) 'tutorial_taskflow_api' retrieved from /home/airflow/.local/lib/python3.12/site-packages/airflow/example_dags/tutorial_taskflow_api.py
[2026-06-13T12:08:31.934+0000] {logging_mixin.py:188} INFO - [2026-06-13T12:08:31.934+0000] {dag.py:3096} INFO - Sync 1 DAGs
[2026-06-13T12:08:31.949+0000] {logging_mixin.py:188} INFO - [2026-06-13T12:08:31.949+0000] {dag.py:3954} INFO - Setting next_dagrun for tutorial_taskflow_api to None, run_after=None
[2026-06-13T12:08:31.974+0000] {processor.py:183} INFO - Processing /home/airflow/.local/lib/python3.12/site-packages/airflow/example_dags/tutorial_taskflow_api.py took 0.086 seconds
[2026-06-13T12:09:02.618+0000] {processor.py:161} INFO - Started process (PID=3488) to work on /home/airflow/.local/lib/python3.12/site-packages/airflow/example_dags/tutorial_taskflow_api.py
[2026-06-13T12:09:02.619+0000] {processor.py:830} INFO - Processing file /home/airflow/.local/lib/python3.12/site-packages/airflow/example_dags/tutorial_taskflow_api.py for tasks to queue
[2026-06-13T12:09:02.622+0000] {logging_mixin.py:188} INFO - [2026-06-13T12:09:02.622+0000] {dagbag.py:545} INFO - Filling up the DagBag from /home/airflow/.local/lib/python3.12/site-packages/airflow/example_dags/tutorial_taskflow_api.py
[2026-06-13T12:09:02.629+0000] {processor.py:840} INFO - DAG(s) 'tutorial_taskflow_api' retrieved from /home/airflow/.local/lib/python3.12/site-packages/airflow/example_dags/tutorial_taskflow_api.py
[2026-06-13T12:09:02.653+0000] {logging_mixin.py:188} INFO - [2026-06-13T12:09:02.653+0000] {dag.py:3096} INFO - Sync 1 DAGs
[2026-06-13T12:09:02.669+0000] {logging_mixin.py:188} INFO - [2026-06-13T12:09:02.669+0000] {dag.py:3954} INFO - Setting next_dagrun for tutorial_taskflow_api to None, run_after=None
[2026-06-13T12:09:02.702+0000] {processor.py:183} INFO - Processing /home/airflow/.local/lib/python3.12/site-packages/airflow/example_dags/tutorial_taskflow_api.py took 0.094 seconds
[2026-06-13T12:09:32.806+0000] {processor.py:161} INFO - Started process (PID=3547) to work on /home/airflow/.local/lib/python3.12/site-packages/airflow/example_dags/tutorial_taskflow_api.py
[2026-06-13T12:09:32.809+0000] {processor.py:830} INFO - Processing file /home/airflow/.local/lib/python3.12/site-packages/airflow/example_dags/tutorial_taskflow_api.py for tasks to queue
[2026-06-13T12:09:32.812+0000] {logging_mixin.py:188} INFO - [2026-06-13T12:09:32.812+0000] {dagbag.py:545} INFO - Filling up the DagBag from /home/airflow/.local/lib/python3.12/site-packages/airflow/example_dags/tutorial_taskflow_api.py
[2026-06-13T12:09:32.819+0000] {processor.py:840} INFO - DAG(s) 'tutorial_taskflow_api' retrieved from /home/airflow/.local/lib/python3.12/site-packages/airflow/example_dags/tutorial_taskflow_api.py
[2026-06-13T12:09:32.848+0000] {logging_mixin.py:188} INFO - [2026-06-13T12:09:32.847+0000] {dag.py:3096} INFO - Sync 1 DAGs
[2026-06-13T12:09:32.863+0000] {logging_mixin.py:188} INFO - [2026-06-13T12:09:32.862+0000] {dag.py:3954} INFO - Setting next_dagrun for tutorial_taskflow_api to None, run_after=None
[2026-06-13T12:09:32.888+0000] {processor.py:183} INFO - Processing /home/airflow/.local/lib/python3.12/site-packages/airflow/example_dags/tutorial_taskflow_api.py took 0.091 seconds
[2026-06-13T12:10:04.030+0000] {processor.py:161} INFO - Started process (PID=3606) to work on /home/airflow/.local/lib/python3.12/site-packages/airflow/example_dags/tutorial_taskflow_api.py
[2026-06-13T12:10:04.032+0000] {processor.py:830} INFO - Processing file /home/airflow/.local/lib/python3.12/site-packages/airflow/example_dags/tutorial_taskflow_api.py for tasks to queue
[2026-06-13T12:10:04.035+0000] {logging_mixin.py:188} INFO - [2026-06-13T12:10:04.034+0000] {dagbag.py:545} INFO - Filling up the DagBag from /home/airflow/.local/lib/python3.12/site-packages/airflow/example_dags/tutorial_taskflow_api.py
[2026-06-13T12:10:04.043+0000] {processor.py:840} INFO - DAG(s) 'tutorial_taskflow_api' retrieved from /home/airflow/.local/lib/python3.12/site-packages/airflow/example_dags/tutorial_taskflow_api.py
[2026-06-13T12:10:04.074+0000] {logging_mixin.py:188} INFO - [2026-06-13T12:10:04.074+0000] {dag.py:3096} INFO - Sync 1 DAGs
[2026-06-13T12:10:04.090+0000] {logging_mixin.py:188} INFO - [2026-06-13T12:10:04.090+0000] {dag.py:3954} INFO - Setting next_dagrun for tutorial_taskflow_api to None, run_after=None
[2026-06-13T12:10:04.116+0000] {processor.py:183} INFO - Processing /home/airflow/.local/lib/python3.12/site-packages/airflow/example_dags/tutorial_taskflow_api.py took 0.097 seconds
[2026-06-13T12:14:40.710+0000] {processor.py:161} INFO - Started process (PID=3646) to work on /home/airflow/.local/lib/python3.12/site-packages/airflow/example_dags/tutorial_taskflow_api.py
[2026-06-13T12:14:40.711+0000] {processor.py:830} INFO - Processing file /home/airflow/.local/lib/python3.12/site-packages/airflow/example_dags/tutorial_taskflow_api.py for tasks to queue
[2026-06-13T12:14:40.715+0000] {logging_mixin.py:188} INFO - [2026-06-13T12:14:40.714+0000] {dagbag.py:545} INFO - Filling up the DagBag from /home/airflow/.local/lib/python3.12/site-packages/airflow/example_dags/tutorial_taskflow_api.py
[2026-06-13T12:14:40.725+0000] {processor.py:840} INFO - DAG(s) 'tutorial_taskflow_api' retrieved from /home/airflow/.local/lib/python3.12/site-packages/airflow/example_dags/tutorial_taskflow_api.py
[2026-06-13T12:14:40.756+0000] {logging_mixin.py:188} INFO - [2026-06-13T12:14:40.755+0000] {dag.py:3096} INFO - Sync 1 DAGs
[2026-06-13T12:14:40.772+0000] {logging_mixin.py:188} INFO - [2026-06-13T12:14:40.772+0000] {dag.py:3954} INFO - Setting next_dagrun for tutorial_taskflow_api to None, run_after=None
[2026-06-13T12:14:40.800+0000] {processor.py:183} INFO - Processing /home/airflow/.local/lib/python3.12/site-packages/airflow/example_dags/tutorial_taskflow_api.py took 0.104 seconds
[2026-06-13T12:15:11.420+0000] {processor.py:161} INFO - Started process (PID=3705) to work on /home/airflow/.local/lib/python3.12/site-packages/airflow/example_dags/tutorial_taskflow_api.py
[2026-06-13T12:15:11.422+0000] {processor.py:830} INFO - Processing file /home/airflow/.local/lib/python3.12/site-packages/airflow/example_dags/tutorial_taskflow_api.py for tasks to queue
[2026-06-13T12:15:11.425+0000] {logging_mixin.py:188} INFO - [2026-06-13T12:15:11.424+0000] {dagbag.py:545} INFO - Filling up the DagBag from /home/airflow/.local/lib/python3.12/site-packages/airflow/example_dags/tutorial_taskflow_api.py
[2026-06-13T12:15:11.432+0000] {processor.py:840} INFO - DAG(s) 'tutorial_taskflow_api' retrieved from /home/airflow/.local/lib/python3.12/site-packages/airflow/example_dags/tutorial_taskflow_api.py
[2026-06-13T12:15:11.458+0000] {logging_mixin.py:188} INFO - [2026-06-13T12:15:11.457+0000] {dag.py:3096} INFO - Sync 1 DAGs
[2026-06-13T12:15:11.473+0000] {logging_mixin.py:188} INFO - [2026-06-13T12:15:11.473+0000] {dag.py:3954} INFO - Setting next_dagrun for tutorial_taskflow_api to None, run_after=None
[2026-06-13T12:15:11.499+0000] {processor.py:183} INFO - Processing /home/airflow/.local/lib/python3.12/site-packages/airflow/example_dags/tutorial_taskflow_api.py took 0.089 seconds
[2026-06-13T12:15:42.030+0000] {processor.py:161} INFO - Started process (PID=3764) to work on /home/airflow/.local/lib/python3.12/site-packages/airflow/example_dags/tutorial_taskflow_api.py
[2026-06-13T12:15:42.031+0000] {processor.py:830} INFO - Processing file /home/airflow/.local/lib/python3.12/site-packages/airflow/example_dags/tutorial_taskflow_api.py for tasks to queue
[2026-06-13T12:15:42.034+0000] {logging_mixin.py:188} INFO - [2026-06-13T12:15:42.034+0000] {dagbag.py:545} INFO - Filling up the DagBag from /home/airflow/.local/lib/python3.12/site-packages/airflow/example_dags/tutorial_taskflow_api.py
[2026-06-13T12:15:42.042+0000] {processor.py:840} INFO - DAG(s) 'tutorial_taskflow_api' retrieved from /home/airflow/.local/lib/python3.12/site-packages/airflow/example_dags/tutorial_taskflow_api.py
[2026-06-13T12:15:42.069+0000] {logging_mixin.py:188} INFO - [2026-06-13T12:15:42.069+0000] {dag.py:3096} INFO - Sync 1 DAGs
[2026-06-13T12:15:42.085+0000] {logging_mixin.py:188} INFO - [2026-06-13T12:15:42.084+0000] {dag.py:3954} INFO - Setting next_dagrun for tutorial_taskflow_api to None, run_after=None
[2026-06-13T12:15:42.114+0000] {processor.py:183} INFO - Processing /home/airflow/.local/lib/python3.12/site-packages/airflow/example_dags/tutorial_taskflow_api.py took 0.095 seconds
[2026-06-13T12:16:12.272+0000] {processor.py:161} INFO - Started process (PID=3823) to work on /home/airflow/.local/lib/python3.12/site-packages/airflow/example_dags/tutorial_taskflow_api.py
[2026-06-13T12:16:12.274+0000] {processor.py:830} INFO - Processing file /home/airflow/.local/lib/python3.12/site-packages/airflow/example_dags/tutorial_taskflow_api.py for tasks to queue
[2026-06-13T12:16:12.277+0000] {logging_mixin.py:188} INFO - [2026-06-13T12:16:12.276+0000] {dagbag.py:545} INFO - Filling up the DagBag from /home/airflow/.local/lib/python3.12/site-packages/airflow/example_dags/tutorial_taskflow_api.py
[2026-06-13T12:16:12.284+0000] {processor.py:840} INFO - DAG(s) 'tutorial_taskflow_api' retrieved from /home/airflow/.local/lib/python3.12/site-packages/airflow/example_dags/tutorial_taskflow_api.py
[2026-06-13T12:16:12.310+0000] {logging_mixin.py:188} INFO - [2026-06-13T12:16:12.310+0000] {dag.py:3096} INFO - Sync 1 DAGs
[2026-06-13T12:16:12.324+0000] {logging_mixin.py:188} INFO - [2026-06-13T12:16:12.324+0000] {dag.py:3954} INFO - Setting next_dagrun for tutorial_taskflow_api to None, run_after=None
[2026-06-13T12:16:12.352+0000] {processor.py:183} INFO - Processing /home/airflow/.local/lib/python3.12/site-packages/airflow/example_dags/tutorial_taskflow_api.py took 0.090 seconds
[2026-06-13T12:16:42.566+0000] {processor.py:161} INFO - Started process (PID=3883) to work on /home/airflow/.local/lib/python3.12/site-packages/airflow/example_dags/tutorial_taskflow_api.py
[2026-06-13T12:16:42.568+0000] {processor.py:830} INFO - Processing file /home/airflow/.local/lib/python3.12/site-packages/airflow/example_dags/tutorial_taskflow_api.py for tasks to queue
[2026-06-13T12:16:42.572+0000] {logging_mixin.py:188} INFO - [2026-06-13T12:16:42.571+0000] {dagbag.py:545} INFO - Filling up the DagBag from /home/airflow/.local/lib/python3.12/site-packages/airflow/example_dags/tutorial_taskflow_api.py
[2026-06-13T12:16:42.579+0000] {processor.py:840} INFO - DAG(s) 'tutorial_taskflow_api' retrieved from /home/airflow/.local/lib/python3.12/site-packages/airflow/example_dags/tutorial_taskflow_api.py
[2026-06-13T12:16:42.605+0000] {logging_mixin.py:188} INFO - [2026-06-13T12:16:42.605+0000] {dag.py:3096} INFO - Sync 1 DAGs
[2026-06-13T12:16:42.620+0000] {logging_mixin.py:188} INFO - [2026-06-13T12:16:42.620+0000] {dag.py:3954} INFO - Setting next_dagrun for tutorial_taskflow_api to None, run_after=None
[2026-06-13T12:16:42.646+0000] {processor.py:183} INFO - Processing /home/airflow/.local/lib/python3.12/site-packages/airflow/example_dags/tutorial_taskflow_api.py took 0.090 seconds
[2026-06-13T12:17:13.015+0000] {processor.py:161} INFO - Started process (PID=3942) to work on /home/airflow/.local/lib/python3.12/site-packages/airflow/example_dags/tutorial_taskflow_api.py
[2026-06-13T12:17:13.017+0000] {processor.py:830} INFO - Processing file /home/airflow/.local/lib/python3.12/site-packages/airflow/example_dags/tutorial_taskflow_api.py for tasks to queue
[2026-06-13T12:17:13.020+0000] {logging_mixin.py:188} INFO - [2026-06-13T12:17:13.019+0000] {dagbag.py:545} INFO - Filling up the DagBag from /home/airflow/.local/lib/python3.12/site-packages/airflow/example_dags/tutorial_taskflow_api.py
[2026-06-13T12:17:13.027+0000] {processor.py:840} INFO - DAG(s) 'tutorial_taskflow_api' retrieved from /home/airflow/.local/lib/python3.12/site-packages/airflow/example_dags/tutorial_taskflow_api.py
[2026-06-13T12:17:13.052+0000] {logging_mixin.py:188} INFO - [2026-06-13T12:17:13.051+0000] {dag.py:3096} INFO - Sync 1 DAGs
[2026-06-13T12:17:13.065+0000] {logging_mixin.py:188} INFO - [2026-06-13T12:17:13.065+0000] {dag.py:3954} INFO - Setting next_dagrun for tutorial_taskflow_api to None, run_after=None
[2026-06-13T12:17:13.091+0000] {processor.py:183} INFO - Processing /home/airflow/.local/lib/python3.12/site-packages/airflow/example_dags/tutorial_taskflow_api.py took 0.086 seconds
[2026-06-13T12:17:43.877+0000] {processor.py:161} INFO - Started process (PID=4002) to work on /home/airflow/.local/lib/python3.12/site-packages/airflow/example_dags/tutorial_taskflow_api.py
[2026-06-13T12:17:43.878+0000] {processor.py:830} INFO - Processing file /home/airflow/.local/lib/python3.12/site-packages/airflow/example_dags/tutorial_taskflow_api.py for tasks to queue
[2026-06-13T12:17:43.881+0000] {logging_mixin.py:188} INFO - [2026-06-13T12:17:43.881+0000] {dagbag.py:545} INFO - Filling up the DagBag from /home/airflow/.local/lib/python3.12/site-packages/airflow/example_dags/tutorial_taskflow_api.py
[2026-06-13T12:17:43.888+0000] {processor.py:840} INFO - DAG(s) 'tutorial_taskflow_api' retrieved from /home/airflow/.local/lib/python3.12/site-packages/airflow/example_dags/tutorial_taskflow_api.py
[2026-06-13T12:17:43.913+0000] {logging_mixin.py:188} INFO - [2026-06-13T12:17:43.913+0000] {dag.py:3096} INFO - Sync 1 DAGs
[2026-06-13T12:17:43.927+0000] {logging_mixin.py:188} INFO - [2026-06-13T12:17:43.926+0000] {dag.py:3954} INFO - Setting next_dagrun for tutorial_taskflow_api to None, run_after=None
[2026-06-13T12:17:43.954+0000] {processor.py:183} INFO - Processing /home/airflow/.local/lib/python3.12/site-packages/airflow/example_dags/tutorial_taskflow_api.py took 0.087 seconds
[2026-06-13T12:18:14.294+0000] {processor.py:161} INFO - Started process (PID=4069) to work on /home/airflow/.local/lib/python3.12/site-packages/airflow/example_dags/tutorial_taskflow_api.py
[2026-06-13T12:18:14.296+0000] {processor.py:830} INFO - Processing file /home/airflow/.local/lib/python3.12/site-packages/airflow/example_dags/tutorial_taskflow_api.py for tasks to queue
[2026-06-13T12:18:14.300+0000] {logging_mixin.py:188} INFO - [2026-06-13T12:18:14.299+0000] {dagbag.py:545} INFO - Filling up the DagBag from /home/airflow/.local/lib/python3.12/site-packages/airflow/example_dags/tutorial_taskflow_api.py
[2026-06-13T12:18:14.308+0000] {processor.py:840} INFO - DAG(s) 'tutorial_taskflow_api' retrieved from /home/airflow/.local/lib/python3.12/site-packages/airflow/example_dags/tutorial_taskflow_api.py
[2026-06-13T12:18:14.332+0000] {logging_mixin.py:188} INFO - [2026-06-13T12:18:14.332+0000] {dag.py:3096} INFO - Sync 1 DAGs
[2026-06-13T12:18:14.347+0000] {logging_mixin.py:188} INFO - [2026-06-13T12:18:14.347+0000] {dag.py:3954} INFO - Setting next_dagrun for tutorial_taskflow_api to None, run_after=None
[2026-06-13T12:18:14.375+0000] {processor.py:183} INFO - Processing /home/airflow/.local/lib/python3.12/site-packages/airflow/example_dags/tutorial_taskflow_api.py took 0.090 seconds
[2026-06-13T12:19:01.402+0000] {processor.py:161} INFO - Started process (PID=89) to work on /home/airflow/.local/lib/python3.12/site-packages/airflow/example_dags/tutorial_taskflow_api.py
[2026-06-13T12:19:01.404+0000] {processor.py:830} INFO - Processing file /home/airflow/.local/lib/python3.12/site-packages/airflow/example_dags/tutorial_taskflow_api.py for tasks to queue
[2026-06-13T12:19:01.408+0000] {logging_mixin.py:188} INFO - [2026-06-13T12:19:01.407+0000] {dagbag.py:545} INFO - Filling up the DagBag from /home/airflow/.local/lib/python3.12/site-packages/airflow/example_dags/tutorial_taskflow_api.py
[2026-06-13T12:19:01.418+0000] {processor.py:840} INFO - DAG(s) 'tutorial_taskflow_api' retrieved from /home/airflow/.local/lib/python3.12/site-packages/airflow/example_dags/tutorial_taskflow_api.py
[2026-06-13T12:19:01.564+0000] {logging_mixin.py:188} INFO - [2026-06-13T12:19:01.564+0000] {dag.py:3096} INFO - Sync 1 DAGs
[2026-06-13T12:19:01.579+0000] {logging_mixin.py:188} INFO - [2026-06-13T12:19:01.579+0000] {dag.py:3954} INFO - Setting next_dagrun for tutorial_taskflow_api to None, run_after=None
[2026-06-13T12:19:01.609+0000] {processor.py:183} INFO - Processing /home/airflow/.local/lib/python3.12/site-packages/airflow/example_dags/tutorial_taskflow_api.py took 0.214 seconds
[2026-06-13T12:19:32.012+0000] {processor.py:161} INFO - Started process (PID=148) to work on /home/airflow/.local/lib/python3.12/site-packages/airflow/example_dags/tutorial_taskflow_api.py
[2026-06-13T12:19:32.014+0000] {processor.py:830} INFO - Processing file /home/airflow/.local/lib/python3.12/site-packages/airflow/example_dags/tutorial_taskflow_api.py for tasks to queue
[2026-06-13T12:19:32.016+0000] {logging_mixin.py:188} INFO - [2026-06-13T12:19:32.016+0000] {dagbag.py:545} INFO - Filling up the DagBag from /home/airflow/.local/lib/python3.12/site-packages/airflow/example_dags/tutorial_taskflow_api.py
[2026-06-13T12:19:32.024+0000] {processor.py:840} INFO - DAG(s) 'tutorial_taskflow_api' retrieved from /home/airflow/.local/lib/python3.12/site-packages/airflow/example_dags/tutorial_taskflow_api.py
[2026-06-13T12:19:32.049+0000] {logging_mixin.py:188} INFO - [2026-06-13T12:19:32.049+0000] {dag.py:3096} INFO - Sync 1 DAGs
[2026-06-13T12:19:32.066+0000] {logging_mixin.py:188} INFO - [2026-06-13T12:19:32.066+0000] {dag.py:3954} INFO - Setting next_dagrun for tutorial_taskflow_api to None, run_after=None
[2026-06-13T12:19:32.094+0000] {processor.py:183} INFO - Processing /home/airflow/.local/lib/python3.12/site-packages/airflow/example_dags/tutorial_taskflow_api.py took 0.089 seconds
[2026-06-13T12:20:03.354+0000] {processor.py:161} INFO - Started process (PID=214) to work on /home/airflow/.local/lib/python3.12/site-packages/airflow/example_dags/tutorial_taskflow_api.py
[2026-06-13T12:20:03.356+0000] {processor.py:830} INFO - Processing file /home/airflow/.local/lib/python3.12/site-packages/airflow/example_dags/tutorial_taskflow_api.py for tasks to queue
[2026-06-13T12:20:03.358+0000] {logging_mixin.py:188} INFO - [2026-06-13T12:20:03.358+0000] {dagbag.py:545} INFO - Filling up the DagBag from /home/airflow/.local/lib/python3.12/site-packages/airflow/example_dags/tutorial_taskflow_api.py
[2026-06-13T12:20:03.366+0000] {processor.py:840} INFO - DAG(s) 'tutorial_taskflow_api' retrieved from /home/airflow/.local/lib/python3.12/site-packages/airflow/example_dags/tutorial_taskflow_api.py
[2026-06-13T12:20:03.390+0000] {logging_mixin.py:188} INFO - [2026-06-13T12:20:03.390+0000] {dag.py:3096} INFO - Sync 1 DAGs
[2026-06-13T12:20:03.405+0000] {logging_mixin.py:188} INFO - [2026-06-13T12:20:03.405+0000] {dag.py:3954} INFO - Setting next_dagrun for tutorial_taskflow_api to None, run_after=None
[2026-06-13T12:20:03.432+0000] {processor.py:183} INFO - Processing /home/airflow/.local/lib/python3.12/site-packages/airflow/example_dags/tutorial_taskflow_api.py took 0.084 seconds
[2026-06-13T12:20:33.630+0000] {processor.py:161} INFO - Started process (PID=273) to work on /home/airflow/.local/lib/python3.12/site-packages/airflow/example_dags/tutorial_taskflow_api.py
[2026-06-13T12:20:33.632+0000] {processor.py:830} INFO - Processing file /home/airflow/.local/lib/python3.12/site-packages/airflow/example_dags/tutorial_taskflow_api.py for tasks to queue
[2026-06-13T12:20:33.635+0000] {logging_mixin.py:188} INFO - [2026-06-13T12:20:33.635+0000] {dagbag.py:545} INFO - Filling up the DagBag from /home/airflow/.local/lib/python3.12/site-packages/airflow/example_dags/tutorial_taskflow_api.py
[2026-06-13T12:20:33.643+0000] {processor.py:840} INFO - DAG(s) 'tutorial_taskflow_api' retrieved from /home/airflow/.local/lib/python3.12/site-packages/airflow/example_dags/tutorial_taskflow_api.py
[2026-06-13T12:20:33.668+0000] {logging_mixin.py:188} INFO - [2026-06-13T12:20:33.667+0000] {dag.py:3096} INFO - Sync 1 DAGs
[2026-06-13T12:20:33.682+0000] {logging_mixin.py:188} INFO - [2026-06-13T12:20:33.681+0000] {dag.py:3954} INFO - Setting next_dagrun for tutorial_taskflow_api to None, run_after=None
[2026-06-13T12:20:33.709+0000] {processor.py:183} INFO - Processing /home/airflow/.local/lib/python3.12/site-packages/airflow/example_dags/tutorial_taskflow_api.py took 0.085 seconds
[2026-06-13T12:21:04.127+0000] {processor.py:161} INFO - Started process (PID=332) to work on /home/airflow/.local/lib/python3.12/site-packages/airflow/example_dags/tutorial_taskflow_api.py
[2026-06-13T12:21:04.129+0000] {processor.py:830} INFO - Processing file /home/airflow/.local/lib/python3.12/site-packages/airflow/example_dags/tutorial_taskflow_api.py for tasks to queue
[2026-06-13T12:21:04.131+0000] {logging_mixin.py:188} INFO - [2026-06-13T12:21:04.131+0000] {dagbag.py:545} INFO - Filling up the DagBag from /home/airflow/.local/lib/python3.12/site-packages/airflow/example_dags/tutorial_taskflow_api.py
[2026-06-13T12:21:04.139+0000] {processor.py:840} INFO - DAG(s) 'tutorial_taskflow_api' retrieved from /home/airflow/.local/lib/python3.12/site-packages/airflow/example_dags/tutorial_taskflow_api.py
[2026-06-13T12:21:04.165+0000] {logging_mixin.py:188} INFO - [2026-06-13T12:21:04.164+0000] {dag.py:3096} INFO - Sync 1 DAGs
[2026-06-13T12:21:04.181+0000] {logging_mixin.py:188} INFO - [2026-06-13T12:21:04.181+0000] {dag.py:3954} INFO - Setting next_dagrun for tutorial_taskflow_api to None, run_after=None
[2026-06-13T12:21:04.213+0000] {processor.py:183} INFO - Processing /home/airflow/.local/lib/python3.12/site-packages/airflow/example_dags/tutorial_taskflow_api.py took 0.093 seconds
[2026-06-13T12:21:34.328+0000] {processor.py:161} INFO - Started process (PID=392) to work on /home/airflow/.local/lib/python3.12/site-packages/airflow/example_dags/tutorial_taskflow_api.py
[2026-06-13T12:21:34.329+0000] {processor.py:830} INFO - Processing file /home/airflow/.local/lib/python3.12/site-packages/airflow/example_dags/tutorial_taskflow_api.py for tasks to queue
[2026-06-13T12:21:34.332+0000] {logging_mixin.py:188} INFO - [2026-06-13T12:21:34.332+0000] {dagbag.py:545} INFO - Filling up the DagBag from /home/airflow/.local/lib/python3.12/site-packages/airflow/example_dags/tutorial_taskflow_api.py
[2026-06-13T12:21:34.339+0000] {processor.py:840} INFO - DAG(s) 'tutorial_taskflow_api' retrieved from /home/airflow/.local/lib/python3.12/site-packages/airflow/example_dags/tutorial_taskflow_api.py
[2026-06-13T12:21:34.365+0000] {logging_mixin.py:188} INFO - [2026-06-13T12:21:34.364+0000] {dag.py:3096} INFO - Sync 1 DAGs
[2026-06-13T12:21:34.380+0000] {logging_mixin.py:188} INFO - [2026-06-13T12:21:34.380+0000] {dag.py:3954} INFO - Setting next_dagrun for tutorial_taskflow_api to None, run_after=None
[2026-06-13T12:21:34.410+0000] {processor.py:183} INFO - Processing /home/airflow/.local/lib/python3.12/site-packages/airflow/example_dags/tutorial_taskflow_api.py took 0.088 seconds
[2026-06-13T12:22:04.649+0000] {processor.py:161} INFO - Started process (PID=451) to work on /home/airflow/.local/lib/python3.12/site-packages/airflow/example_dags/tutorial_taskflow_api.py
[2026-06-13T12:22:04.651+0000] {processor.py:830} INFO - Processing file /home/airflow/.local/lib/python3.12/site-packages/airflow/example_dags/tutorial_taskflow_api.py for tasks to queue
[2026-06-13T12:22:04.654+0000] {logging_mixin.py:188} INFO - [2026-06-13T12:22:04.654+0000] {dagbag.py:545} INFO - Filling up the DagBag from /home/airflow/.local/lib/python3.12/site-packages/airflow/example_dags/tutorial_taskflow_api.py
[2026-06-13T12:22:04.661+0000] {processor.py:840} INFO - DAG(s) 'tutorial_taskflow_api' retrieved from /home/airflow/.local/lib/python3.12/site-packages/airflow/example_dags/tutorial_taskflow_api.py
[2026-06-13T12:22:04.689+0000] {logging_mixin.py:188} INFO - [2026-06-13T12:22:04.688+0000] {dag.py:3096} INFO - Sync 1 DAGs
[2026-06-13T12:22:04.705+0000] {logging_mixin.py:188} INFO - [2026-06-13T12:22:04.705+0000] {dag.py:3954} INFO - Setting next_dagrun for tutorial_taskflow_api to None, run_after=None
[2026-06-13T12:22:04.733+0000] {processor.py:183} INFO - Processing /home/airflow/.local/lib/python3.12/site-packages/airflow/example_dags/tutorial_taskflow_api.py took 0.090 seconds
[2026-06-13T12:22:35.079+0000] {processor.py:161} INFO - Started process (PID=510) to work on /home/airflow/.local/lib/python3.12/site-packages/airflow/example_dags/tutorial_taskflow_api.py
[2026-06-13T12:22:35.081+0000] {processor.py:830} INFO - Processing file /home/airflow/.local/lib/python3.12/site-packages/airflow/example_dags/tutorial_taskflow_api.py for tasks to queue
[2026-06-13T12:22:35.084+0000] {logging_mixin.py:188} INFO - [2026-06-13T12:22:35.083+0000] {dagbag.py:545} INFO - Filling up the DagBag from /home/airflow/.local/lib/python3.12/site-packages/airflow/example_dags/tutorial_taskflow_api.py
[2026-06-13T12:22:35.091+0000] {processor.py:840} INFO - DAG(s) 'tutorial_taskflow_api' retrieved from /home/airflow/.local/lib/python3.12/site-packages/airflow/example_dags/tutorial_taskflow_api.py
[2026-06-13T12:22:35.120+0000] {logging_mixin.py:188} INFO - [2026-06-13T12:22:35.119+0000] {dag.py:3096} INFO - Sync 1 DAGs
[2026-06-13T12:22:35.136+0000] {logging_mixin.py:188} INFO - [2026-06-13T12:22:35.136+0000] {dag.py:3954} INFO - Setting next_dagrun for tutorial_taskflow_api to None, run_after=None
[2026-06-13T12:22:35.166+0000] {processor.py:183} INFO - Processing /home/airflow/.local/lib/python3.12/site-packages/airflow/example_dags/tutorial_taskflow_api.py took 0.093 seconds
[2026-06-13T12:23:05.298+0000] {processor.py:161} INFO - Started process (PID=569) to work on /home/airflow/.local/lib/python3.12/site-packages/airflow/example_dags/tutorial_taskflow_api.py
[2026-06-13T12:23:05.300+0000] {processor.py:830} INFO - Processing file /home/airflow/.local/lib/python3.12/site-packages/airflow/example_dags/tutorial_taskflow_api.py for tasks to queue
[2026-06-13T12:23:05.304+0000] {logging_mixin.py:188} INFO - [2026-06-13T12:23:05.303+0000] {dagbag.py:545} INFO - Filling up the DagBag from /home/airflow/.local/lib/python3.12/site-packages/airflow/example_dags/tutorial_taskflow_api.py
[2026-06-13T12:23:05.312+0000] {processor.py:840} INFO - DAG(s) 'tutorial_taskflow_api' retrieved from /home/airflow/.local/lib/python3.12/site-packages/airflow/example_dags/tutorial_taskflow_api.py
[2026-06-13T12:23:05.338+0000] {logging_mixin.py:188} INFO - [2026-06-13T12:23:05.337+0000] {dag.py:3096} INFO - Sync 1 DAGs
[2026-06-13T12:23:05.352+0000] {logging_mixin.py:188} INFO - [2026-06-13T12:23:05.351+0000] {dag.py:3954} INFO - Setting next_dagrun for tutorial_taskflow_api to None, run_after=None
[2026-06-13T12:23:05.377+0000] {processor.py:183} INFO - Processing /home/airflow/.local/lib/python3.12/site-packages/airflow/example_dags/tutorial_taskflow_api.py took 0.086 seconds
[2026-06-13T12:26:04.884+0000] {processor.py:161} INFO - Started process (PID=622) to work on /home/airflow/.local/lib/python3.12/site-packages/airflow/example_dags/tutorial_taskflow_api.py
[2026-06-13T12:26:04.885+0000] {processor.py:830} INFO - Processing file /home/airflow/.local/lib/python3.12/site-packages/airflow/example_dags/tutorial_taskflow_api.py for tasks to queue
[2026-06-13T12:26:04.888+0000] {logging_mixin.py:188} INFO - [2026-06-13T12:26:04.888+0000] {dagbag.py:545} INFO - Filling up the DagBag from /home/airflow/.local/lib/python3.12/site-packages/airflow/example_dags/tutorial_taskflow_api.py
[2026-06-13T12:26:04.897+0000] {processor.py:840} INFO - DAG(s) 'tutorial_taskflow_api' retrieved from /home/airflow/.local/lib/python3.12/site-packages/airflow/example_dags/tutorial_taskflow_api.py
[2026-06-13T12:26:04.926+0000] {logging_mixin.py:188} INFO - [2026-06-13T12:26:04.925+0000] {dag.py:3096} INFO - Sync 1 DAGs
[2026-06-13T12:26:04.940+0000] {logging_mixin.py:188} INFO - [2026-06-13T12:26:04.940+0000] {dag.py:3954} INFO - Setting next_dagrun for tutorial_taskflow_api to None, run_after=None
[2026-06-13T12:26:04.967+0000] {processor.py:183} INFO - Processing /home/airflow/.local/lib/python3.12/site-packages/airflow/example_dags/tutorial_taskflow_api.py took 0.091 seconds
[2026-06-13T12:26:36.413+0000] {processor.py:161} INFO - Started process (PID=681) to work on /home/airflow/.local/lib/python3.12/site-packages/airflow/example_dags/tutorial_taskflow_api.py
[2026-06-13T12:26:36.415+0000] {processor.py:830} INFO - Processing file /home/airflow/.local/lib/python3.12/site-packages/airflow/example_dags/tutorial_taskflow_api.py for tasks to queue
[2026-06-13T12:26:36.418+0000] {logging_mixin.py:188} INFO - [2026-06-13T12:26:36.417+0000] {dagbag.py:545} INFO - Filling up the DagBag from /home/airflow/.local/lib/python3.12/site-packages/airflow/example_dags/tutorial_taskflow_api.py
[2026-06-13T12:26:36.425+0000] {processor.py:840} INFO - DAG(s) 'tutorial_taskflow_api' retrieved from /home/airflow/.local/lib/python3.12/site-packages/airflow/example_dags/tutorial_taskflow_api.py
[2026-06-13T12:26:36.453+0000] {logging_mixin.py:188} INFO - [2026-06-13T12:26:36.452+0000] {dag.py:3096} INFO - Sync 1 DAGs
[2026-06-13T12:26:36.468+0000] {logging_mixin.py:188} INFO - [2026-06-13T12:26:36.468+0000] {dag.py:3954} INFO - Setting next_dagrun for tutorial_taskflow_api to None, run_after=None
[2026-06-13T12:26:36.495+0000] {processor.py:183} INFO - Processing /home/airflow/.local/lib/python3.12/site-packages/airflow/example_dags/tutorial_taskflow_api.py took 0.088 seconds
[2026-06-13T12:27:06.809+0000] {processor.py:161} INFO - Started process (PID=741) to work on /home/airflow/.local/lib/python3.12/site-packages/airflow/example_dags/tutorial_taskflow_api.py
[2026-06-13T12:27:06.811+0000] {processor.py:830} INFO - Processing file /home/airflow/.local/lib/python3.12/site-packages/airflow/example_dags/tutorial_taskflow_api.py for tasks to queue
[2026-06-13T12:27:06.814+0000] {logging_mixin.py:188} INFO - [2026-06-13T12:27:06.814+0000] {dagbag.py:545} INFO - Filling up the DagBag from /home/airflow/.local/lib/python3.12/site-packages/airflow/example_dags/tutorial_taskflow_api.py
[2026-06-13T12:27:06.822+0000] {processor.py:840} INFO - DAG(s) 'tutorial_taskflow_api' retrieved from /home/airflow/.local/lib/python3.12/site-packages/airflow/example_dags/tutorial_taskflow_api.py
[2026-06-13T12:27:06.849+0000] {logging_mixin.py:188} INFO - [2026-06-13T12:27:06.849+0000] {dag.py:3096} INFO - Sync 1 DAGs
[2026-06-13T12:27:06.865+0000] {logging_mixin.py:188} INFO - [2026-06-13T12:27:06.865+0000] {dag.py:3954} INFO - Setting next_dagrun for tutorial_taskflow_api to None, run_after=None
[2026-06-13T12:27:06.895+0000] {processor.py:183} INFO - Processing /home/airflow/.local/lib/python3.12/site-packages/airflow/example_dags/tutorial_taskflow_api.py took 0.093 seconds
[2026-06-13T12:27:37.248+0000] {processor.py:161} INFO - Started process (PID=800) to work on /home/airflow/.local/lib/python3.12/site-packages/airflow/example_dags/tutorial_taskflow_api.py
[2026-06-13T12:27:37.250+0000] {processor.py:830} INFO - Processing file /home/airflow/.local/lib/python3.12/site-packages/airflow/example_dags/tutorial_taskflow_api.py for tasks to queue
[2026-06-13T12:27:37.253+0000] {logging_mixin.py:188} INFO - [2026-06-13T12:27:37.253+0000] {dagbag.py:545} INFO - Filling up the DagBag from /home/airflow/.local/lib/python3.12/site-packages/airflow/example_dags/tutorial_taskflow_api.py
[2026-06-13T12:27:37.262+0000] {processor.py:840} INFO - DAG(s) 'tutorial_taskflow_api' retrieved from /home/airflow/.local/lib/python3.12/site-packages/airflow/example_dags/tutorial_taskflow_api.py
[2026-06-13T12:27:37.288+0000] {logging_mixin.py:188} INFO - [2026-06-13T12:27:37.288+0000] {dag.py:3096} INFO - Sync 1 DAGs
[2026-06-13T12:27:37.303+0000] {logging_mixin.py:188} INFO - [2026-06-13T12:27:37.303+0000] {dag.py:3954} INFO - Setting next_dagrun for tutorial_taskflow_api to None, run_after=None
[2026-06-13T12:27:37.335+0000] {processor.py:183} INFO - Processing /home/airflow/.local/lib/python3.12/site-packages/airflow/example_dags/tutorial_taskflow_api.py took 0.093 seconds
[2026-06-13T12:28:07.699+0000] {processor.py:161} INFO - Started process (PID=859) to work on /home/airflow/.local/lib/python3.12/site-packages/airflow/example_dags/tutorial_taskflow_api.py
[2026-06-13T12:28:07.701+0000] {processor.py:830} INFO - Processing file /home/airflow/.local/lib/python3.12/site-packages/airflow/example_dags/tutorial_taskflow_api.py for tasks to queue
[2026-06-13T12:28:07.704+0000] {logging_mixin.py:188} INFO - [2026-06-13T12:28:07.704+0000] {dagbag.py:545} INFO - Filling up the DagBag from /home/airflow/.local/lib/python3.12/site-packages/airflow/example_dags/tutorial_taskflow_api.py
[2026-06-13T12:28:07.713+0000] {processor.py:840} INFO - DAG(s) 'tutorial_taskflow_api' retrieved from /home/airflow/.local/lib/python3.12/site-packages/airflow/example_dags/tutorial_taskflow_api.py
[2026-06-13T12:28:07.742+0000] {logging_mixin.py:188} INFO - [2026-06-13T12:28:07.742+0000] {dag.py:3096} INFO - Sync 1 DAGs
[2026-06-13T12:28:07.758+0000] {logging_mixin.py:188} INFO - [2026-06-13T12:28:07.758+0000] {dag.py:3954} INFO - Setting next_dagrun for tutorial_taskflow_api to None, run_after=None
[2026-06-13T12:28:07.787+0000] {processor.py:183} INFO - Processing /home/airflow/.local/lib/python3.12/site-packages/airflow/example_dags/tutorial_taskflow_api.py took 0.096 seconds
[2026-06-13T12:28:38.061+0000] {processor.py:161} INFO - Started process (PID=918) to work on /home/airflow/.local/lib/python3.12/site-packages/airflow/example_dags/tutorial_taskflow_api.py
[2026-06-13T12:28:38.063+0000] {processor.py:830} INFO - Processing file /home/airflow/.local/lib/python3.12/site-packages/airflow/example_dags/tutorial_taskflow_api.py for tasks to queue
[2026-06-13T12:28:38.066+0000] {logging_mixin.py:188} INFO - [2026-06-13T12:28:38.066+0000] {dagbag.py:545} INFO - Filling up the DagBag from /home/airflow/.local/lib/python3.12/site-packages/airflow/example_dags/tutorial_taskflow_api.py
[2026-06-13T12:28:38.076+0000] {processor.py:840} INFO - DAG(s) 'tutorial_taskflow_api' retrieved from /home/airflow/.local/lib/python3.12/site-packages/airflow/example_dags/tutorial_taskflow_api.py
[2026-06-13T12:28:38.102+0000] {logging_mixin.py:188} INFO - [2026-06-13T12:28:38.101+0000] {dag.py:3096} INFO - Sync 1 DAGs
[2026-06-13T12:28:38.118+0000] {logging_mixin.py:188} INFO - [2026-06-13T12:28:38.117+0000] {dag.py:3954} INFO - Setting next_dagrun for tutorial_taskflow_api to None, run_after=None
[2026-06-13T12:28:38.145+0000] {processor.py:183} INFO - Processing /home/airflow/.local/lib/python3.12/site-packages/airflow/example_dags/tutorial_taskflow_api.py took 0.091 seconds
[2026-06-13T12:29:08.508+0000] {processor.py:161} INFO - Started process (PID=985) to work on /home/airflow/.local/lib/python3.12/site-packages/airflow/example_dags/tutorial_taskflow_api.py
[2026-06-13T12:29:08.510+0000] {processor.py:830} INFO - Processing file /home/airflow/.local/lib/python3.12/site-packages/airflow/example_dags/tutorial_taskflow_api.py for tasks to queue
[2026-06-13T12:29:08.513+0000] {logging_mixin.py:188} INFO - [2026-06-13T12:29:08.513+0000] {dagbag.py:545} INFO - Filling up the DagBag from /home/airflow/.local/lib/python3.12/site-packages/airflow/example_dags/tutorial_taskflow_api.py
[2026-06-13T12:29:08.522+0000] {processor.py:840} INFO - DAG(s) 'tutorial_taskflow_api' retrieved from /home/airflow/.local/lib/python3.12/site-packages/airflow/example_dags/tutorial_taskflow_api.py
[2026-06-13T12:29:08.549+0000] {logging_mixin.py:188} INFO - [2026-06-13T12:29:08.549+0000] {dag.py:3096} INFO - Sync 1 DAGs
[2026-06-13T12:29:08.563+0000] {logging_mixin.py:188} INFO - [2026-06-13T12:29:08.563+0000] {dag.py:3954} INFO - Setting next_dagrun for tutorial_taskflow_api to None, run_after=None
[2026-06-13T12:29:08.588+0000] {processor.py:183} INFO - Processing /home/airflow/.local/lib/python3.12/site-packages/airflow/example_dags/tutorial_taskflow_api.py took 0.087 seconds
[2026-06-13T12:29:38.931+0000] {processor.py:161} INFO - Started process (PID=1044) to work on /home/airflow/.local/lib/python3.12/site-packages/airflow/example_dags/tutorial_taskflow_api.py
[2026-06-13T12:29:38.933+0000] {processor.py:830} INFO - Processing file /home/airflow/.local/lib/python3.12/site-packages/airflow/example_dags/tutorial_taskflow_api.py for tasks to queue
[2026-06-13T12:29:38.935+0000] {logging_mixin.py:188} INFO - [2026-06-13T12:29:38.935+0000] {dagbag.py:545} INFO - Filling up the DagBag from /home/airflow/.local/lib/python3.12/site-packages/airflow/example_dags/tutorial_taskflow_api.py
[2026-06-13T12:29:38.943+0000] {processor.py:840} INFO - DAG(s) 'tutorial_taskflow_api' retrieved from /home/airflow/.local/lib/python3.12/site-packages/airflow/example_dags/tutorial_taskflow_api.py
[2026-06-13T12:29:38.969+0000] {logging_mixin.py:188} INFO - [2026-06-13T12:29:38.968+0000] {dag.py:3096} INFO - Sync 1 DAGs
[2026-06-13T12:29:38.984+0000] {logging_mixin.py:188} INFO - [2026-06-13T12:29:38.984+0000] {dag.py:3954} INFO - Setting next_dagrun for tutorial_taskflow_api to None, run_after=None
[2026-06-13T12:29:39.012+0000] {processor.py:183} INFO - Processing /home/airflow/.local/lib/python3.12/site-packages/airflow/example_dags/tutorial_taskflow_api.py took 0.087 seconds
[2026-06-13T12:30:10.212+0000] {processor.py:161} INFO - Started process (PID=1103) to work on /home/airflow/.local/lib/python3.12/site-packages/airflow/example_dags/tutorial_taskflow_api.py
[2026-06-13T12:30:10.214+0000] {processor.py:830} INFO - Processing file /home/airflow/.local/lib/python3.12/site-packages/airflow/example_dags/tutorial_taskflow_api.py for tasks to queue
[2026-06-13T12:30:10.217+0000] {logging_mixin.py:188} INFO - [2026-06-13T12:30:10.216+0000] {dagbag.py:545} INFO - Filling up the DagBag from /home/airflow/.local/lib/python3.12/site-packages/airflow/example_dags/tutorial_taskflow_api.py
[2026-06-13T12:30:10.225+0000] {processor.py:840} INFO - DAG(s) 'tutorial_taskflow_api' retrieved from /home/airflow/.local/lib/python3.12/site-packages/airflow/example_dags/tutorial_taskflow_api.py
[2026-06-13T12:30:10.253+0000] {logging_mixin.py:188} INFO - [2026-06-13T12:30:10.252+0000] {dag.py:3096} INFO - Sync 1 DAGs
[2026-06-13T12:30:10.270+0000] {logging_mixin.py:188} INFO - [2026-06-13T12:30:10.270+0000] {dag.py:3954} INFO - Setting next_dagrun for tutorial_taskflow_api to None, run_after=None
[2026-06-13T12:30:10.309+0000] {processor.py:183} INFO - Processing /home/airflow/.local/lib/python3.12/site-packages/airflow/example_dags/tutorial_taskflow_api.py took 0.103 seconds
[2026-06-13T12:30:41.158+0000] {processor.py:161} INFO - Started process (PID=1162) to work on /home/airflow/.local/lib/python3.12/site-packages/airflow/example_dags/tutorial_taskflow_api.py
[2026-06-13T12:30:41.159+0000] {processor.py:830} INFO - Processing file /home/airflow/.local/lib/python3.12/site-packages/airflow/example_dags/tutorial_taskflow_api.py for tasks to queue
[2026-06-13T12:30:41.162+0000] {logging_mixin.py:188} INFO - [2026-06-13T12:30:41.162+0000] {dagbag.py:545} INFO - Filling up the DagBag from /home/airflow/.local/lib/python3.12/site-packages/airflow/example_dags/tutorial_taskflow_api.py
[2026-06-13T12:30:41.169+0000] {processor.py:840} INFO - DAG(s) 'tutorial_taskflow_api' retrieved from /home/airflow/.local/lib/python3.12/site-packages/airflow/example_dags/tutorial_taskflow_api.py
[2026-06-13T12:30:41.194+0000] {logging_mixin.py:188} INFO - [2026-06-13T12:30:41.194+0000] {dag.py:3096} INFO - Sync 1 DAGs
[2026-06-13T12:30:41.208+0000] {logging_mixin.py:188} INFO - [2026-06-13T12:30:41.208+0000] {dag.py:3954} INFO - Setting next_dagrun for tutorial_taskflow_api to None, run_after=None
[2026-06-13T12:30:41.235+0000] {processor.py:183} INFO - Processing /home/airflow/.local/lib/python3.12/site-packages/airflow/example_dags/tutorial_taskflow_api.py took 0.084 seconds
[2026-06-13T12:31:11.358+0000] {processor.py:161} INFO - Started process (PID=1221) to work on /home/airflow/.local/lib/python3.12/site-packages/airflow/example_dags/tutorial_taskflow_api.py
[2026-06-13T12:31:11.360+0000] {processor.py:830} INFO - Processing file /home/airflow/.local/lib/python3.12/site-packages/airflow/example_dags/tutorial_taskflow_api.py for tasks to queue
[2026-06-13T12:31:11.363+0000] {logging_mixin.py:188} INFO - [2026-06-13T12:31:11.362+0000] {dagbag.py:545} INFO - Filling up the DagBag from /home/airflow/.local/lib/python3.12/site-packages/airflow/example_dags/tutorial_taskflow_api.py
[2026-06-13T12:31:11.371+0000] {processor.py:840} INFO - DAG(s) 'tutorial_taskflow_api' retrieved from /home/airflow/.local/lib/python3.12/site-packages/airflow/example_dags/tutorial_taskflow_api.py
[2026-06-13T12:31:11.398+0000] {logging_mixin.py:188} INFO - [2026-06-13T12:31:11.397+0000] {dag.py:3096} INFO - Sync 1 DAGs
[2026-06-13T12:31:11.412+0000] {logging_mixin.py:188} INFO - [2026-06-13T12:31:11.412+0000] {dag.py:3954} INFO - Setting next_dagrun for tutorial_taskflow_api to None, run_after=None
[2026-06-13T12:31:11.440+0000] {processor.py:183} INFO - Processing /home/airflow/.local/lib/python3.12/site-packages/airflow/example_dags/tutorial_taskflow_api.py took 0.089 seconds
[2026-06-13T16:08:02.774+0000] {processor.py:161} INFO - Started process (PID=1284) to work on /home/airflow/.local/lib/python3.12/site-packages/airflow/example_dags/tutorial_taskflow_api.py
[2026-06-13T16:08:02.776+0000] {processor.py:830} INFO - Processing file /home/airflow/.local/lib/python3.12/site-packages/airflow/example_dags/tutorial_taskflow_api.py for tasks to queue
[2026-06-13T16:08:02.779+0000] {logging_mixin.py:188} INFO - [2026-06-13T16:08:02.778+0000] {dagbag.py:545} INFO - Filling up the DagBag from /home/airflow/.local/lib/python3.12/site-packages/airflow/example_dags/tutorial_taskflow_api.py
[2026-06-13T16:08:02.787+0000] {processor.py:840} INFO - DAG(s) 'tutorial_taskflow_api' retrieved from /home/airflow/.local/lib/python3.12/site-packages/airflow/example_dags/tutorial_taskflow_api.py
[2026-06-13T16:08:02.813+0000] {logging_mixin.py:188} INFO - [2026-06-13T16:08:02.813+0000] {dag.py:3096} INFO - Sync 1 DAGs
[2026-06-13T16:08:24.459+0000] {logging_mixin.py:188} INFO - [2026-06-13T16:08:24.459+0000] {dag.py:3954} INFO - Setting next_dagrun for tutorial_taskflow_api to None, run_after=None
[2026-06-13T16:08:24.488+0000] {processor.py:183} INFO - Processing /home/airflow/.local/lib/python3.12/site-packages/airflow/example_dags/tutorial_taskflow_api.py took 0.090 seconds
